 Date,Time,Message
2026-09-08,12:21:01 GMT,SENTINEL V6 MULTI-WINDOW SCAN >>>
2026-09-08,12:21:01 GMT,V7.3 DIAG | 6 1 12 0.25 0.057142857142857134 -0.25 -0.13333333333333333 -0.4 -0.1 -0.55 7 1 0 0 1 1 0 1 0 7
2026-09-08,12:21:01 GMT,SENTINEL V6 MULTI-WINDOW SCAN >>>
2026-09-08,12:21:01 GMT,V7.3 DIAG | 4 0 8 0.25 0 -0.25 0 -0.4 -0.1 0.25 6 2 0 0 0 0 0 1 0 7
2026-09-08,12:21:01 GMT,SENTINEL V6 MULTI-WINDOW SCAN >>>
2026-09-08,12:21:01 GMT,V7.3 DIAG | 3 0 8 0.30000000000000004 0 -0.3 0 -0.45 -0.1 0.25 6 2 0 0 0 0 0 1 0 7
2026-09-08,12:21:01 GMT,SENTINEL V6 MULTI-WINDOW SCAN >>>
2026-09-08,12:21:01 GMT,V7.3 DIAG | 6 1 12 0.1499999999999999 0.028571428571428567 -0.15000000000000002 -0.06666666666666667 -0.45 -0.1 0 6 2 0 0 1 1 0 1 0 7
2026-09-08,12:21:01 GMT,SENTINEL V6 MULTI-WINDOW SCAN >>>
2026-09-08,12:21:01 GMT,V7.3 DIAG | 6 0 8 0.1499999999999999 -0.028571428571428567 -0.15000000000000002 0.06666666666666667 0.35000000000000003 -0.1 0 6 2 0 0 0 0 0 1 0 7
2026-09-08,12:21:01 GMT,SENTINEL V6 MULTI-WINDOW SCAN >>>
2026-09-08,12:21:01 GMT,V7.3 DIAG | 9 0 8 0.1499999999999999 -0.028571428571428567 -0.15000000000000002 0.06666666666666667 0.35000000000000003 -0.1 0 5 3 0 0 0 0 0 1 0 7
2026-09-08,12:21:01 GMT,SENTINEL V6 MULTI-WINDOW SCAN >>>
2026-09-08,12:21:01 GMT,V7.3 DIAG | 6 1 11 0.09999999999999998 0.028571428571428567 -0.10000000000000003 -0.06666666666666667 0.35000000000000003 -0.35000000000000003 -0.5 6 2 0 0 1 1 0 1 0 7
2026-09-08,12:21:01 GMT,SENTINEL V6 MULTI-WINDOW SCAN >>>
2026-09-08,12:21:01 GMT,V7.3 DIAG | 0 1 11 0.09999999999999998 0.028571428571428567 -0.10000000000000003 -0.06666666666666667 0.35000000000000003 -0.35000000000000003 -0.5 6 2 0 0 1 1 0 1 0 7
2026-09-08,12:21:01 GMT,SENTINEL V6 MULTI-WINDOW SCAN >>>
2026-09-08,12:21:01 GMT,V7.3 DIAG | 7 0 7 0.09999999999999998 -0.028571428571428567 -0.10000000000000003 0.06666666666666667 0.35000000000000003 -0.35000000000000003 0.30000000000000004 5 3 1 1 0 0 0 1 0 7
2026-09-08,12:21:01 GMT,SENTINEL V6 MULTI-WINDOW SCAN >>>
2026-09-08,12:21:01 GMT,V7.3 DIAG | 6 0 8 0.20000000000000007 0 -0.2 0 -0.15 -0.35000000000000003 0.30000000000000004 6 2 1 0 0 0 0 1 0 7
2026-09-08,12:21:01 GMT,SENTINEL V6 MULTI-WINDOW SCAN >>>
2026-09-08,12:21:01 GMT,V7.3 DIAG | 2 1 11 0.09999999999999998 0.028571428571428567 -0.10000000000000003 -0.06666666666666667 -0.15 -0.4 0.05000000000000002 6 2 1 0 1 1 0 1 0 7
2026-09-08,12:21:01 GMT,SENTINEL V6 MULTI-WINDOW SCAN >>>
2026-09-08,12:21:01 GMT,V7.3 DIAG | 4 0 7 0.09999999999999998 -0.028571428571428567 -0.10000000000000003 0.06666666666666667 -0.15 0.4 0.05000000000000002 6 2 1 1 0 0 0 1 0 7
2026-09-08,12:21:01 GMT,SENTINEL V6 MULTI-WINDOW SCAN >>>
2026-09-08,12:21:01 GMT,V7.3 DIAG | 9 0 5 -0.050000000000000044 0 0.050000000000000044 0 -0.15 0.15000000000000002 0.05000000000000002 5 3 1 1 0 0 0 1 0 7
2026-09-08,12:21:01 GMT,SENTINEL V6 MULTI-WINDOW SCAN >>>
2026-09-08,12:21:01 GMT,V7.3 DIAG | 5 0 9 -0.050000000000000044 0.05714285714285714 0.050000000000000044 -0.13333333333333336 -0.2 0.15000000000000002 -0.7000000000000001 6 2 1 1 0 0 0 1 0 7
2026-09-08,12:21:01 GMT,SENTINEL V6 MULTI-WINDOW SCAN >>>
2026-09-08,12:21:01 GMT,V7.3 DIAG | 2 0 8 -0.15000000000000002 0.08571428571428572 0.15000000000000002 -0.2 -0.2 0.15000000000000002 -1 5 3 2 1 0 0 0 1 0 7
2026-09-08,12:21:01 GMT,SENTINEL V6 MULTI-WINDOW SCAN >>>
2026-09-08,12:21:01 GMT,V7.3 DIAG | 8 0 5 -0.29999999999999993 0.05714285714285715 0.3 -0.13333333333333333 -0.45 0.15000000000000002 -0.20000000000000004 4 4 2 1 0 0 0 1 0 7
2026-09-08,12:21:01 GMT,SENTINEL V6 MULTI-WINDOW SCAN >>>
2026-09-08,12:21:01 GMT,V7.3 DIAG | 4 0 7 -0.35 0.11428571428571428 0.35 -0.26666666666666666 -0.7000000000000001 -0.35000000000000003 -0.20000000000000004 4 4 1 0 0 0 0 1 0 7
2026-09-08,12:21:01 GMT,SENTINEL V6 MULTI-WINDOW SCAN >>>
2026-09-08,12:21:01 GMT,V7.3 DIAG | 3 0 6 -0.35 0.05714285714285715 0.35 -0.13333333333333333 -0.7000000000000001 0.45 -0.20000000000000004 3 5 1 1 0 0 0 1 0 7
2026-09-08,12:21:01 GMT,SENTINEL V6 MULTI-WINDOW SCAN >>>
2026-09-08,12:21:01 GMT,V7.3 DIAG | 5 0 5 -0.5 0.02857142857142857 0.49999999999999994 -0.06666666666666665 -0.7000000000000001 0.45 0.35000000000000003 2 6 1 1 0 0 0 1 0 7
2026-09-08,12:21:01 GMT,SENTINEL V6 MULTI-WINDOW SCAN >>>
2026-09-08,12:21:01 GMT,V7.3 DIAG | 9 0 2 -0.5 -0.02857142857142857 0.49999999999999994 0.06666666666666665 -0.7000000000000001 0.45 1.15 2 6 1 1 0 0 0 1 0 7
2026-09-08,12:21:01 GMT,SENTINEL V6 MULTI-WINDOW SCAN >>>
2026-09-08,12:21:01 GMT,V7.3 DIAG | 0 0 1 -0.4 -0.05714285714285715 0.39999999999999997 0.13333333333333333 0.1 0.45 0.65 2 6 1 1 0 0 0 1 0 7
2026-09-08,12:21:01 GMT,SENTINEL V6 MULTI-WINDOW SCAN >>>
2026-09-08,12:21:01 GMT,V7.3 DIAG | 8 0 1 -0.35 -0.11428571428571428 0.35 0.26666666666666666 0.9 0.4 0.65 2 6 1 1 0 0 0 1 0 7
2026-09-08,12:21:01 GMT,SENTINEL V6 MULTI-WINDOW SCAN >>>
2026-09-08,12:21:01 GMT,V7.3 DIAG | 9 0 2 -0.35 -0.05714285714285715 0.35 0.13333333333333333 0.65 -0.15 0.65 3 5 0 1 0 0 0 1 0 7
2026-09-08,12:21:01 GMT,SENTINEL V6 MULTI-WINDOW SCAN >>>
2026-09-08,12:21:01 GMT,V7.3 DIAG | 9 0 3 -0.25 -0.08571428571428572 0.25 0.2 0.65 -0.15 0.9500000000000001 4 4 0 1 0 0 0 1 0 7
2026-09-08,12:21:01 GMT,SENTINEL V6 MULTI-WINDOW SCAN >>>
2026-09-08,12:21:01 GMT,V7.3 DIAG | 7 0 3 -0.15000000000000002 -0.05714285714285714 0.15000000000000002 0.13333333333333336 0.65 -0.15 0.45 4 4 0 1 0 0 0 1 0 7
2026-09-08,12:21:01 GMT,SENTINEL V6 MULTI-WINDOW SCAN >>>
2026-09-08,12:21:01 GMT,V7.3 DIAG | 7 0 5 0 -0.028571428571428567 0 0.06666666666666667 0.1 -0.15 0.45 5 3 0 1 0 0 0 1 0 7
2026-09-08,12:21:01 GMT,SENTINEL V6 MULTI-WINDOW SCAN >>>
2026-09-08,12:21:01 GMT,V7.3 DIAG | 4 0 8 0.10000000000000009 0 -0.09999999999999998 0 -0.4 -0.15 0.45 6 2 0 0 0 0 0 1 0 7
2026-09-08,12:21:01 GMT,SENTINEL V6 MULTI-WINDOW SCAN >>>
2026-09-08,12:21:01 GMT,V7.3 DIAG | 9 0 7 0.10000000000000009 -0.057142857142857134 -0.09999999999999998 0.13333333333333333 0.4 -0.15 0.45 6 2 0 1 0 0 0 1 0 7
2026-09-08,12:21:01 GMT,SENTINEL V6 MULTI-WINDOW SCAN >>>
2026-09-08,12:21:01 GMT,V7.3 DIAG | 0 0 8 0.25 -0.028571428571428567 -0.24999999999999997 0.06666666666666667 0.4 -0.2 -0.05 7 1 0 0 0 0 0 1 0 7
2026-09-08,12:21:01 GMT,SENTINEL V6 MULTI-WINDOW SCAN >>>
2026-09-08,12:21:01 GMT,V7.3 DIAG | 4 0 8 0.25 -0.028571428571428567 -0.24999999999999997 0.06666666666666667 0.4 -0.2 -0.05 7 1 0 0 0 0 0 1 0 7
2026-09-08,12:21:01 GMT,V7.3 DIAG | 6 0 8 0.10000000000000009 0 -0.09999999999999998 0 0.4 -0.45 -0.05 7 1 0 0 0 0 0 1 0 7
2026-09-08,12:21:01 GMT,V7.3 DIAG | 8 0 8 0.20000000000000007 -0.028571428571428567 -0.19999999999999998 0.06666666666666667 -0.15 0.4 -0.05 7 1 1 1 0 0 0 1 0 7
2026-09-08,12:21:01 GMT,Welcome back! Your messages have been restored. You are using your Demo account.
2026-09-08,11:49:32 GMT,[SCALPER V3] Direction= 0 | RSI= 100 | SMA2= 9717.065 | SMA3= 9717.013333333334 | Points= 0.06000000000130967 | Strength= 560 | Points2= 0.09999999999854481 | Strength2= 560 | Tick1= 9713.14 Tick2= 9713.04 Tick3= 9712.98 Tick4= 9712.9 Extra= 9712.9 | LossLevel= 1 | LossCount= 1 | Stake= 10 | Regime= 3 | Score= 0 | Reconfirm= 0 | Guard= false | Reason= BLOCK: QUALITY
2026-09-08,11:49:32 GMT,[SCALPER V3] Direction= 0 | RSI= 100 | SMA2= 9717.065 | SMA3= 9717.013333333334 | Points= 0.07999999999992724 | Strength= 560 | Points2= 0.06000000000130967 | Strength2= 560 | Tick1= 9713.04 Tick2= 9712.98 Tick3= 9712.9 Tick4= 9712.87 Extra= 9712.87 | LossLevel= 1 | LossCount= 1 | Stake= 10 | Regime= 3 | Score= 10 | Reconfirm= 0 | Guard= false | Reason= BLOCK: QUALITY
2026-09-08,11:49:32 GMT,[SCALPER V3] Direction= 0 | RSI= 100 | SMA2= 9717.065 | SMA3= 9717.013333333334 | Points= 0.029999999998835847 | Strength= 560 | Points2= 0.07999999999992724 | Strength2= 560 | Tick1= 9712.98 Tick2= 9712.9 Tick3= 9712.87 Tick4= 9712.69 Extra= 9712.69 | LossLevel= 1 | LossCount= 1 | Stake= 10 | Regime= 3 | Score= 0 | Reconfirm= 0 | Guard= false | Reason= BLOCK: QUALITY
2026-09-08,11:49:32 GMT,[SCALPER V3] Direction= 0 | RSI= 90.00000000063665 | SMA2= 9717.065 | SMA3= 9717.013333333334 | Points= 0.18000000000029104 | Strength= 560 | Points2= 0.029999999998835847 | Strength2= 560 | Tick1= 9712.9 Tick2= 9712.87 Tick3= 9712.69 Tick4= 9712.71 Extra= 9712.71 | LossLevel= 1 | LossCount= 1 | Stake= 10 | Regime= 1 | Score= 70 | Reconfirm= 0 | Guard= false | Reason= BLOCK: RECONFIRM
2026-09-08,11:49:32 GMT,[SCALPER V3] Direction= 0 | RSI= 0 | SMA2= 9717.065 | SMA3= 9717.013333333334 | Points= 0.019999999998617568 | Strength= 560 | Points2= 0.18000000000029104 | Strength2= 560 | Tick1= 9712.87 Tick2= 9712.69 Tick3= 9712.71 Tick4= 9712.82 Extra= 9712.82 | LossLevel= 1 | LossCount= 1 | Stake= 10 | Regime= 3 | Score= 0 | Reconfirm= 0 | Guard= false | Reason= BLOCK: QUALITY
2026-09-08,11:49:32 GMT,[SCALPER V3] Direction= 0 | RSI= 8.333333333459663 | SMA2= 9717.065 | SMA3= 9717.013333333334 | Points= 0.11000000000058208 | Strength= 560 | Points2= 0.019999999998617568 | Strength2= 560 | Tick1= 9712.69 Tick2= 9712.71 Tick3= 9712.82 Tick4= 9712.81 Extra= 9712.81 | LossLevel= 1 | LossCount= 1 | Stake= 10 | Regime= 3 | Score= 10 | Reconfirm= 0 | Guard= false | Reason= BLOCK: QUALITY
2026-09-08,11:49:32 GMT,[SCALPER V3] Direction= 0 | RSI= 20 | SMA2= 9717.065 | SMA3= 9717.013333333334 | Points= 0.010000000000218279 | Strength= 560 | Points2= 0.11000000000058208 | Strength2= 560 | Tick1= 9712.71 Tick2= 9712.82 Tick3= 9712.81 Tick4= 9712.85 Extra= 9712.85 | LossLevel= 1 | LossCount= 1 | Stake= 10 | Regime= 3 | Score= 0 | Reconfirm= 0 | Guard= false | Reason= BLOCK: QUALITY
2026-09-08,11:49:32 GMT,[SCALPER V3] Direction= 0 | RSI= 0 | SMA2= 9717.065 | SMA3= 9717.013333333334 | Points= 0.040000000000873115 | Strength= 560 | Points2= 0.010000000000218279 | Strength2= 560 | Tick1= 9712.82 Tick2= 9712.81 Tick3= 9712.85 Tick4= 9712.96 Extra= 9712.96 | LossLevel= 1 | LossCount= 1 | Stake= 10 | Regime= 3 | Score= 10 | Reconfirm= 0 | Guard= false | Reason= BLOCK: QUALITY
2026-09-08,11:49:32 GMT,[SCALPER V3] Direction= 0 | RSI= 57.69230769252296 | SMA2= 9717.065 | SMA3= 9717.013333333334 | Points= 0.10999999999876309 | Strength= 560 | Points2= 0.040000000000873115 | Strength2= 560 | Tick1= 9712.81 Tick2= 9712.85 Tick3= 9712.96 Tick4= 9712.81 Extra= 9712.81 | LossLevel= 1 | LossCount= 1 | Stake= 10 | Regime= 2 | Score= 30 | Reconfirm= 0 | Guard= false | Reason= BLOCK: QUALITY
2026-09-08,11:49:32 GMT,[SCALPER V3] Direction= 0 | RSI= 53.57142857117336 | SMA2= 9717.065 | SMA3= 9717.013333333334 | Points= 0.1499999999996362 | Strength= 560 | Points2= 0.10999999999876309 | Strength2= 560 | Tick1= 9712.85 Tick2= 9712.96 Tick3= 9712.81 Tick4= 9712.94 Extra= 9712.94 | LossLevel= 1 | LossCount= 1 | Stake= 10 | Regime= 2 | Score= 50 | Reconfirm= 0 | Guard= false | Reason= BLOCK: RECONFIRM
2026-09-08,11:49:32 GMT,[SCALPER V3] Direction= 0 | RSI= 0 | SMA2= 9717.065 | SMA3= 9717.013333333334 | Points= 0.13000000000101863 | Strength= 560 | Points2= 0.1499999999996362 | Strength2= 560 | Tick1= 9712.96 Tick2= 9712.81 Tick3= 9712.94 Tick4= 9713.01 Extra= 9713.01 | LossLevel= 1 | LossCount= 1 | Stake= 10 | Regime= 2 | Score= 20 | Reconfirm= 0 | Guard= false | Reason= BLOCK: QUALITY
2026-09-08,11:49:32 GMT,[SCALPER V3] Direction= 0 | RSI= 0 | SMA2= 9717.065 | SMA3= 9717.013333333334 | Points= 0.06999999999970896 | Strength= 560 | Points2= 0.13000000000101863 | Strength2= 560 | Tick1= 9712.81 Tick2= 9712.94 Tick3= 9713.01 Tick4= 9713.12 Extra= 9713.12 | LossLevel= 1 | LossCount= 1 | Stake= 10 | Regime= 3 | Score= 0 | Reconfirm= 0 | Guard= false | Reason= BLOCK: QUALITY
2026-09-08,11:49:32 GMT,[SCALPER V3] Direction= 0 | RSI= 0 | SMA2= 9717.065 | SMA3= 9717.013333333334 | Points= 0.11000000000058208 | Strength= 560 | Points2= 0.06999999999970896 | Strength2= 560 | Tick1= 9712.94 Tick2= 9713.01 Tick3= 9713.12 Tick4= 9713.34 Extra= 9713.34 | LossLevel= 1 | LossCount= 1 | Stake= 10 | Regime= 3 | Score= 10 | Reconfirm= 0 | Guard= false | Reason= BLOCK: QUALITY
2026-09-08,11:49:32 GMT,[SCALPER V3] Direction= 0 | RSI= 50 | SMA2= 9717.065 | SMA3= 9717.013333333334 | Points= 0.21999999999934516 | Strength= 560 | Points2= 0.11000000000058208 | Strength2= 560 | Tick1= 9713.01 Tick2= 9713.12 Tick3= 9713.34 Tick4= 9713.12 Extra= 9713.12 | LossLevel= 1 | LossCount= 1 | Stake= 10 | Regime= 2 | Score= 50 | Reconfirm= 0 | Guard= false | Reason= BLOCK: RECONFIRM
2026-09-08,11:49:32 GMT,[SCALPER V3] Direction= 0 | RSI= 52.380952381014254 | SMA2= 9717.065 | SMA3= 9717.013333333334 | Points= 0.21999999999934516 | Strength= 560 | Points2= 0.21999999999934516 | Strength2= 560 | Tick1= 9713.12 Tick2= 9713.34 Tick3= 9713.12 Tick4= 9713.32 Extra= 9713.32 | LossLevel= 1 | LossCount= 1 | Stake= 10 | Regime= 2 | Score= 40 | Reconfirm= 0 | Guard= false | Reason= BLOCK: QUALITY
2026-09-08,11:49:32 GMT,[SCALPER V3] Direction= 0 | RSI= 0 | SMA2= 9717.065 | SMA3= 9717.013333333334 | Points= 0.1999999999989086 | Strength= 560 | Points2= 0.21999999999934516 | Strength2= 560 | Tick1= 9713.34 Tick2= 9713.12 Tick3= 9713.32 Tick4= 9713.37 Extra= 9713.37 | LossLevel= 1 | LossCount= 1 | Stake= 10 | Regime= 2 | Score= 20 | Reconfirm= 0 | Guard= false | Reason= BLOCK: QUALITY
2026-09-08,11:49:32 GMT,[SCALPER V3] Direction= 0 | RSI= 0 | SMA2= 9717.065 | SMA3= 9717.013333333334 | Points= 0.050000000001091394 | Strength= 560 | Points2= 0.1999999999989086 | Strength2= 560 | Tick1= 9713.12 Tick2= 9713.32 Tick3= 9713.37 Tick4= 9713.45 Extra= 9713.45 | LossLevel= 1 | LossCount= 1 | Stake= 10 | Regime= 3 | Score= 0 | Reconfirm= 0 | Guard= false | Reason= BLOCK: QUALITY
2026-09-08,11:49:32 GMT,[SCALPER V3] Direction= 0 | RSI= 0 | SMA2= 9717.065 | SMA3= 9717.013333333334 | Points= 0.07999999999992724 | Strength= 560 | Points2= 0.050000000001091394 | Strength2= 560 | Tick1= 9713.32 Tick2= 9713.37 Tick3= 9713.45 Tick4= 9713.5 Extra= 9713.5 | LossLevel= 1 | LossCount= 1 | Stake= 10 | Regime= 3 | Score= 10 | Reconfirm= 0 | Guard= false | Reason= BLOCK: QUALITY
2026-09-08,11:49:32 GMT,[SCALPER V3] Direction= 0 | RSI= 0 | SMA2= 9717.065 | SMA3= 9717.013333333334 | Points= 0.049999999999272404 | Strength= 560 | Points2= 0.07999999999992724 | Strength2= 560 | Tick1= 9713.37 Tick2= 9713.45 Tick3= 9713.5 Tick4= 9713.57 Extra= 9713.57 | LossLevel= 1 | LossCount= 1 | Stake= 10 | Regime= 3 | Score= 0 | Reconfirm= 0 | Guard= false | Reason= BLOCK: QUALITY
2026-09-08,11:49:32 GMT,[SCALPER V3] Direction= 0 | RSI= 0 | SMA2= 9717.065 | SMA3= 9717.013333333334 | Points= 0.06999999999970896 | Strength= 560 | Points2= 0.049999999999272404 | Strength2= 560 | Tick1= 9713.45 Tick2= 9713.5 Tick3= 9713.57 Tick4= 9713.66 Extra= 9713.66 | LossLevel= 1 | LossCount= 1 | Stake= 10 | Regime= 3 | Score= 10 | Reconfirm= 0 | Guard= false | Reason= BLOCK: QUALITY
2026-09-08,11:49:32 GMT,[SCALPER V3] Direction= 0 | RSI= 52.63157894741881 | SMA2= 9717.065 | SMA3= 9717.013333333334 | Points= 0.09000000000014552 | Strength= 560 | Points2= 0.06999999999970896 | Strength2= 560 | Tick1= 9713.5 Tick2= 9713.57 Tick3= 9713.66 Tick4= 9713.56 Extra= 9713.56 | LossLevel= 1 | LossCount= 1 | Stake= 10 | Regime= 2 | Score= 30 | Reconfirm= 0 | Guard= false | Reason= BLOCK: QUALITY
2026-09-08,11:49:32 GMT,[SCALPER V3] Direction= 0 | RSI= 100 | SMA2= 9717.065 | SMA3= 9717.013333333334 | Points= 0.1000000000003638 | Strength= 560 | Points2= 0.09000000000014552 | Strength2= 560 | Tick1= 9713.57 Tick2= 9713.66 Tick3= 9713.56 Tick4= 9713.49 Extra= 9713.49 | LossLevel= 1 | LossCount= 1 | Stake= 10 | Regime= 3 | Score= 10 | Reconfirm= 0 | Guard= false | Reason= BLOCK: QUALITY
2026-09-08,11:49:32 GMT,[SCALPER V3] Direction= 0 | RSI= 100 | SMA2= 9717.065 | SMA3= 9717.013333333334 | Points= 0.06999999999970896 | Strength= 560 | Points2= 0.1000000000003638 | Strength2= 560 | Tick1= 9713.66 Tick2= 9713.56 Tick3= 9713.49 Tick4= 9713.44 Extra= 9713.44 | LossLevel= 1 | LossCount= 1 | Stake= 10 | Regime= 3 | Score= 0 | Reconfirm= 0 | Guard= false | Reason= BLOCK: QUALITY
2026-09-08,11:49:32 GMT,[SCALPER V3] Direction= 0 | RSI= 13.51351351335407 | SMA2= 9717.065 | SMA3= 9717.013333333334 | Points= 0.049999999999272404 | Strength= 560 | Points2= 0.06999999999970896 | Strength2= 560 | Tick1= 9713.56 Tick2= 9713.49 Tick3= 9713.44 Tick4= 9713.76 Extra= 9713.76 | LossLevel= 1 | LossCount= 1 | Stake= 10 | Regime= 3 | Score= 0 | Reconfirm= 0 | Guard= false | Reason= BLOCK: QUALITY
2026-09-08,11:49:32 GMT,[SCALPER V3] Direction= 0 | RSI= 0 | SMA2= 9717.065 | SMA3= 9717.013333333334 | Points= 0.31999999999970896 | Strength= 560 | Points2= 0.049999999999272404 | Strength2= 560 | Tick1= 9713.49 Tick2= 9713.44 Tick3= 9713.76 Tick4= 9713.93 Extra= 9713.93 | LossLevel= 1 | LossCount= 1 | Stake= 10 | Regime= 2 | Score= 30 | Reconfirm= 0 | Guard= false | Reason= BLOCK: RECONFIRM
2026-09-08,11:49:32 GMT,[SCALPER V3] Direction= 0 | RSI= 0 | SMA2= 9717.065 | SMA3= 9717.013333333334 | Points= 0.17000000000007276 | Strength= 560 | Points2= 0.31999999999970896 | Strength2= 560 | Tick1= 9713.44 Tick2= 9713.76 Tick3= 9713.93 Tick4= 9714.28 Extra= 9714.28 | LossLevel= 1 | LossCount= 1 | Stake= 10 | Regime= 2 | Score= 20 | Reconfirm= 0 | Guard= false | Reason= BLOCK: QUALITY
2026-09-08,11:49:32 GMT,[SCALPER V3] Direction= 0 | RSI= 0 | SMA2= 9717.065 | SMA3= 9717.013333333334 | Points= 0.3500000000003638 | Strength= 560 | Points2= 0.17000000000007276 | Strength2= 560 | Tick1= 9713.76 Tick2= 9713.93 Tick3= 9714.28 Tick4= 9714.33 Extra= 9714.33 | LossLevel= 1 | LossCount= 1 | Stake= 10 | Regime= 2 | Score= 30 | Reconfirm= 0 | Guard= false | Reason= BLOCK: RECONFIRM
2026-09-08,11:49:32 GMT,[SCALPER V3] Direction= 0 | RSI= 0 | SMA2= 9717.065 | SMA3= 9717.013333333334 | Points= 0.049999999999272404 | Strength= 560 | Points2= 0.3500000000003638 | Strength2= 560 | Tick1= 9713.93 Tick2= 9714.28 Tick3= 9714.33 Tick4= 9714.57 Extra= 9714.57 | LossLevel= 1 | LossCount= 1 | Stake= 10 | Regime= 3 | Score= 0 | Reconfirm= 0 | Guard= false | Reason= BLOCK: QUALITY
2026-09-08,11:49:32 GMT,[SCALPER V3] Direction= 0 | RSI= 0 | SMA2= 9717.065 | SMA3= 9717.013333333334 | Points= 0.23999999999978172 | Strength= 560 | Points2= 0.049999999999272404 | Strength2= 560 | Tick1= 9714.28 Tick2= 9714.33 Tick3= 9714.57 Tick4= 9714.87 Extra= 9714.87 | LossLevel= 1 | LossCount= 1 | Stake= 10 | Regime= 2 | Score= 30 | Reconfirm= 0 | Guard= false | Reason= BLOCK: RECONFIRM
2026-09-08,11:49:32 GMT,[SCALPER V3] Direction= 0 | RSI= 0 | SMA2= 9717.065 | SMA3= 9717.013333333334 | Points= 0.3000000000010914 | Strength= 560 | Points2= 0.23999999999978172 | Strength2= 560 | Tick1= 9714.33 Tick2= 9714.57 Tick3= 9714.87 Tick4= 9714.95 Extra= 9714.95 | LossLevel= 1 | LossCount= 1 | Stake= 10 | Regime= 2 | Score= 30 | Reconfirm= 0 | Guard= false | Reason= BLOCK: RECONFIRM
2026-09-08,11:49:32 GMT,[SCALPER V3] Direction= 0 | RSI= 57.89473684225643 | SMA2= 9717.065 | SMA3= 9717.013333333334 | Points= 0.07999999999992724 | Strength= 560 | Points2= 0.3000000000010914 | Strength2= 560 | Tick1= 9714.57 Tick2= 9714.87 Tick3= 9714.95 Tick4= 9714.84 Extra= 9714.84 | LossLevel= 1 | LossCount= 1 | Stake= 10 | Regime= 2 | Score= 20 | Reconfirm= 0 | Guard= false | Reason= BLOCK: QUALITY
2026-09-08,11:49:32 GMT,[SCALPER V3] Direction= 0 | RSI= 100 | SMA2= 9717.065 | SMA3= 9717.013333333334 | Points= 0.11000000000058208 | Strength= 560 | Points2= 0.07999999999992724 | Strength2= 560 | Tick1= 9714.87 Tick2= 9714.95 Tick3= 9714.84 Tick4= 9714.7 Extra= 9714.7 | LossLevel= 1 | LossCount= 1 | Stake= 10 | Regime= 3 | Score= 10 | Reconfirm= 0 | Guard= false | Reason= BLOCK: QUALITY
2026-09-08,11:49:32 GMT,[SCALPER V3] Direction= 2 | RSI= 100 | SMA2= 9717.065 | SMA3= 9717.013333333334 | Points= 0.13999999999941792 | Strength= 560 | Points2= 0.11000000000058208 | Strength2= 560 | Tick1= 9714.95 Tick2= 9714.84 Tick3= 9714.7 Tick4= 9714.54 Extra= 9714.54 | LossLevel= 1 | LossCount= 1 | Stake= 10 | Regime= 2 | Score= 30 | Reconfirm= 0 | Guard= false | Reason= BLOCK: RECONFIRM
2026-09-08,11:49:32 GMT,[SCALPER V3] Direction= 0 | RSI= 35.55555555560946 | SMA2= 9717.065 | SMA3= 9717.013333333334 | Points= 0.15999999999985448 | Strength= 560 | Points2= 0.13999999999941792 | Strength2= 560 | Tick1= 9714.84 Tick2= 9714.7 Tick3= 9714.54 Tick4= 9714.83 Extra= 9714.83 | LossLevel= 1 | LossCount= 1 | Stake= 10 | Regime= 1 | Score= 90 | Reconfirm= 1 | Guard= true | Reason= READY: TRADE
2026-09-08,11:49:32 GMT,[SCALPER V3] Direction= 0 | RSI= 41.99999999997817 | SMA2= 9717.065 | SMA3= 9717.013333333334 | Points= 0.2899999999990541 | Strength= 560 | Points2= 0.15999999999985448 | Strength2= 560 | Tick1= 9714.7 Tick2= 9714.54 Tick3= 9714.83 Tick4= 9714.62 Extra= 9714.62 | LossLevel= 1 | LossCount= 1 | Stake= 10 | Regime= 1 | Score= 90 | Reconfirm= 1 | Guard= true | Reason= READY: TRADE
2026-09-08,11:49:32 GMT,[SCALPER V3] Direction= 0 | RSI= 61.76470588240015 | SMA2= 9717.065 | SMA3= 9717.013333333334 | Points= 0.20999999999912689 | Strength= 560 | Points2= 0.2899999999990541 | Strength2= 560 | Tick1= 9714.54 Tick2= 9714.83 Tick3= 9714.62 Tick4= 9714.75 Extra= 9714.75 | LossLevel= 1 | LossCount= 1 | Stake= 10 | Regime= 2 | Score= 40 | Reconfirm= 0 | Guard= false | Reason= BLOCK: QUALITY
2026-09-08,11:49:32 GMT,[SCALPER V3] Direction= 0 | RSI= 0 | SMA2= 9717.065 | SMA3= 9717.013333333334 | Points= 0.12999999999919964 | Strength= 560 | Points2= 0.20999999999912689 | Strength2= 560 | Tick1= 9714.83 Tick2= 9714.62 Tick3= 9714.75 Tick4= 9714.78 Extra= 9714.78 | LossLevel= 1 | LossCount= 1 | Stake= 10 | Regime= 2 | Score= 20 | Reconfirm= 0 | Guard= false | Reason= BLOCK: QUALITY
2026-09-08,11:49:32 GMT,[SCALPER V3] Direction= 0 | RSI= 0 | SMA2= 9717.065 | SMA3= 9717.013333333334 | Points= 0.030000000000654836 | Strength= 560 | Points2= 0.12999999999919964 | Strength2= 560 | Tick1= 9714.62 Tick2= 9714.75 Tick3= 9714.78 Tick4= 9714.85 Extra= 9714.85 | LossLevel= 1 | LossCount= 1 | Stake= 10 | Regime= 3 | Score= 0 | Reconfirm= 0 | Guard= false | Reason= BLOCK: QUALITY
2026-09-08,11:49:32 GMT,[SCALPER V3] Direction= 0 | RSI= 78.12500000007105 | SMA2= 9717.065 | SMA3= 9717.013333333334 | Points= 0.06999999999970896 | Strength= 560 | Points2= 0.030000000000654836 | Strength2= 560 | Tick1= 9714.75 Tick2= 9714.78 Tick3= 9714.85 Tick4= 9714.6 Extra= 9714.6 | LossLevel= 1 | LossCount= 1 | Stake= 10 | Regime= 3 | Score= 10 | Reconfirm= 0 | Guard= false | Reason= BLOCK: QUALITY
2026-09-08,11:49:32 GMT,[SCALPER V3] Direction= 0 | RSI= 100 | SMA2= 9717.065 | SMA3= 9717.013333333334 | Points= 0.25 | Strength= 560 | Points2= 0.06999999999970896 | Strength2= 560 | Tick1= 9714.78 Tick2= 9714.85 Tick3= 9714.6 Tick4= 9714.4 Extra= 9714.4 | LossLevel= 1 | LossCount= 1 | Stake= 10 | Regime= 2 | Score= 30 | Reconfirm= 0 | Guard= false | Reason= BLOCK: RECONFIRM
2026-09-08,11:49:32 GMT,[SCALPER V3] Direction= 0 | RSI= 62.499999999928946 | SMA2= 9717.065 | SMA3= 9717.013333333334 | Points= 0.2000000000007276 | Strength= 560 | Points2= 0.25 | Strength2= 560 | Tick1= 9714.85 Tick2= 9714.6 Tick3= 9714.4 Tick4= 9714.52 Extra= 9714.52 | LossLevel= 1 | LossCount= 1 | Stake= 10 | Regime= 1 | Score= 80 | Reconfirm= 0 | Guard= false | Reason= BLOCK: QUALITY
2026-09-08,11:49:32 GMT,[SCALPER V3] Direction= 0 | RSI= 0 | SMA2= 9717.065 | SMA3= 9717.013333333334 | Points= 0.12000000000080036 | Strength= 560 | Points2= 0.2000000000007276 | Strength2= 560 | Tick1= 9714.6 Tick2= 9714.4 Tick3= 9714.52 Tick4= 9714.55 Extra= 9714.55 | LossLevel= 1 | LossCount= 1 | Stake= 10 | Regime= 2 | Score= 20 | Reconfirm= 0 | Guard= false | Reason= BLOCK: QUALITY
2026-09-08,11:49:32 GMT,[SCALPER V3] Direction= 0 | RSI= 78.5714285718926 | SMA2= 9717.065 | SMA3= 9717.013333333334 | Points= 0.029999999998835847 | Strength= 560 | Points2= 0.12000000000080036 | Strength2= 560 | Tick1= 9714.4 Tick2= 9714.52 Tick3= 9714.55 Tick4= 9714.44 Extra= 9714.44 | LossLevel= 1 | LossCount= 1 | Stake= 10 | Regime= 3 | Score= 0 | Reconfirm= 0 | Guard= false | Reason= BLOCK: QUALITY
2026-09-08,11:49:32 GMT,[SCALPER V3] Direction= 0 | RSI= 100 | SMA2= 9717.065 | SMA3= 9717.013333333334 | Points= 0.10999999999876309 | Strength= 560 | Points2= 0.029999999998835847 | Strength2= 560 | Tick1= 9714.52 Tick2= 9714.55 Tick3= 9714.44 Tick4= 9714.4 Extra= 9714.4 | LossLevel= 1 | LossCount= 1 | Stake= 10 | Regime= 3 | Score= 10 | Reconfirm= 0 | Guard= false | Reason= BLOCK: QUALITY
2026-09-08,11:49:32 GMT,[SCALPER V3] Direction= 2 | RSI= 100 | SMA2= 9717.065 | SMA3= 9717.013333333334 | Points= 0.040000000000873115 | Strength= 560 | Points2= 0.10999999999876309 | Strength2= 560 | Tick1= 9714.55 Tick2= 9714.44 Tick3= 9714.4 Tick4= 9714.14 Extra= 9714.14 | LossLevel= 1 | LossCount= 1 | Stake= 10 | Regime= 3 | Score= 0 | Reconfirm= 0 | Guard= false | Reason= BLOCK: QUALITY
2026-09-08,11:49:32 GMT,[SCALPER V3] Direction= 2 | RSI= 100 | SMA2= 9717.065 | SMA3= 9717.013333333334 | Points= 0.2600000000002183 | Strength= 560 | Points2= 0.040000000000873115 | Strength2= 560 | Tick1= 9714.44 Tick2= 9714.4 Tick3= 9714.14 Tick4= 9713.85 Extra= 9713.85 | LossLevel= 1 | LossCount= 1 | Stake= 10 | Regime= 2 | Score= 30 | Reconfirm= 0 | Guard= false | Reason= BLOCK: RECONFIRM
2026-09-08,11:49:32 GMT,[SCALPER V3] Direction= 2 | RSI= 100 | SMA2= 9717.065 | SMA3= 9717.013333333334 | Points= 0.2899999999990541 | Strength= 560 | Points2= 0.2600000000002183 | Strength2= 560 | Tick1= 9714.4 Tick2= 9714.14 Tick3= 9713.85 Tick4= 9713.52 Extra= 9713.52 | LossLevel= 1 | LossCount= 1 | Stake= 10 | Regime= 2 | Score= 30 | Reconfirm= 0 | Guard= false | Reason= BLOCK: RECONFIRM
2026-09-08,11:49:32 GMT,[SCALPER V3] Direction= 2 | RSI= 84.61538461549225 | SMA2= 9717.065 | SMA3= 9717.013333333334 | Points= 0.32999999999992724 | Strength= 560 | Points2= 0.2899999999990541 | Strength2= 560 | Tick1= 9714.14 Tick2= 9713.85 Tick3= 9713.52 Tick4= 9713.58 Extra= 9713.58 | LossLevel= 1 | LossCount= 1 | Stake= 10 | Regime= 1 | Score= 70 | Reconfirm= 0 | Guard= false | Reason= BLOCK: RECONFIRM
2026-09-08,11:49:32 GMT,[SCALPER V3] Direction= 0 | RSI= 60.00000000024254 | SMA2= 9717.065 | SMA3= 9717.013333333334 | Points= 0.05999999999949068 | Strength= 560 | Points2= 0.32999999999992724 | Strength2= 560 | Tick1= 9713.85 Tick2= 9713.52 Tick3= 9713.58 Tick4= 9713.49 Extra= 9713.49 | LossLevel= 1 | LossCount= 1 | Stake= 10 | Regime= 1 | Score= 60 | Reconfirm= 0 | Guard= false | Reason= BLOCK: QUALITY
2026-09-08,11:49:32 GMT,[SCALPER V3] Direction= 0 | RSI= 56.2500000001421 | SMA2= 9717.065 | SMA3= 9717.013333333334 | Points= 0.09000000000014552 | Strength= 560 | Points2= 0.05999999999949068 | Strength2= 560 | Tick1= 9713.52 Tick2= 9713.58 Tick3= 9713.49 Tick4= 9713.56 Extra= 9713.56 | LossLevel= 1 | LossCount= 1 | Stake= 10 | Regime= 2 | Score= 30 | Reconfirm= 0 | Guard= false | Reason= BLOCK: QUALITY
2026-09-08,11:49:32 GMT,[SCALPER V3] Direction= 0 | RSI= 61.11111111094269 | SMA2= 9717.065 | SMA3= 9717.013333333334 | Points= 0.06999999999970896 | Strength= 560 | Points2= 0.09000000000014552 | Strength2= 560 | Tick1= 9713.58 Tick2= 9713.49 Tick3= 9713.56 Tick4= 9713.45 Extra= 9713.45 | LossLevel= 1 | LossCount= 1 | Stake= 10 | Regime= 1 | Score= 60 | Reconfirm= 0 | Guard= false | Reason= BLOCK: QUALITY
2026-09-08,11:49:32 GMT,[SCALPER V3] Direction= 0 | RSI= 100 | SMA2= 9717.065 | SMA3= 9717.013333333334 | Points= 0.10999999999876309 | Strength= 560 | Points2= 0.06999999999970896 | Strength2= 560 | Tick1= 9713.49 Tick2= 9713.56 Tick3= 9713.45 Tick4= 9713.42 Extra= 9713.42 | LossLevel= 1 | LossCount= 1 | Stake= 10 | Regime= 3 | Score= 10 | Reconfirm= 0 | Guard= false | Reason= BLOCK: QUALITY
2026-09-08,11:49:32 GMT,[SCALPER V3] Direction= 0 | RSI= 8.108108108267544 | SMA2= 9717.065 | SMA3= 9717.013333333334 | Points= 0.030000000000654836 | Strength= 560 | Points2= 0.10999999999876309 | Strength2= 560 | Tick1= 9713.56 Tick2= 9713.45 Tick3= 9713.42 Tick4= 9713.76 Extra= 9713.76 | LossLevel= 1 | LossCount= 1 | Stake= 10 | Regime= 3 | Score= 0 | Reconfirm= 0 | Guard= false | Reason= BLOCK: QUALITY
2026-09-08,11:49:32 GMT,[SCALPER V3] Direction= 0 | RSI= 0 | SMA2= 9717.065 | SMA3= 9717.013333333334 | Points= 0.3400000000001455 | Strength= 560 | Points2= 0.030000000000654836 | Strength2= 560 | Tick1= 9713.45 Tick2= 9713.42 Tick3= 9713.76 Tick4= 9714.01 Extra= 9714.01 | LossLevel= 1 | LossCount= 1 | Stake= 10 | Regime= 2 | Score= 30 | Reconfirm= 0 | Guard= false | Reason= BLOCK: RECONFIRM
2026-09-08,11:49:32 GMT,[SCALPER V3] Direction= 0 | RSI= 0 | SMA2= 9717.065 | SMA3= 9717.013333333334 | Points= 0.25 | Strength= 560 | Points2= 0.3400000000001455 | Strength2= 560 | Tick1= 9713.42 Tick2= 9713.76 Tick3= 9714.01 Tick4= 9714.08 Extra= 9714.08 | LossLevel= 1 | LossCount= 1 | Stake= 10 | Regime= 2 | Score= 20 | Reconfirm= 0 | Guard= false | Reason= BLOCK: QUALITY
2026-09-08,11:49:32 GMT,[SCALPER V3] Direction= 0 | RSI= 50 | SMA2= 9717.065 | SMA3= 9717.013333333334 | Points= 0.06999999999970896 | Strength= 560 | Points2= 0.25 | Strength2= 560 | Tick1= 9713.76 Tick2= 9714.01 Tick3= 9714.08 Tick4= 9714.01 Extra= 9714.01 | LossLevel= 1 | LossCount= 1 | Stake= 10 | Regime= 2 | Score= 20 | Reconfirm= 0 | Guard= false | Reason= BLOCK: QUALITY
2026-09-08,11:49:32 GMT,[SCALPER V3] Direction= 0 | RSI= 36.84210526325867 | SMA2= 9717.065 | SMA3= 9717.013333333334 | Points= 0.06999999999970896 | Strength= 560 | Points2= 0.06999999999970896 | Strength2= 560 | Tick1= 9714.01 Tick2= 9714.08 Tick3= 9714.01 Tick4= 9714.13 Extra= 9714.13 | LossLevel= 1 | LossCount= 1 | Stake= 10 | Regime= 2 | Score= 20 | Reconfirm= 0 | Guard= false | Reason= BLOCK: QUALITY
2026-09-08,11:49:32 GMT,[SCALPER V3] Direction= 0 | RSI= 0 | SMA2= 9717.065 | SMA3= 9717.013333333334 | Points= 0.11999999999898137 | Strength= 560 | Points2= 0.06999999999970896 | Strength2= 560 | Tick1= 9714.08 Tick2= 9714.01 Tick3= 9714.13 Tick4= 9714.23 Extra= 9714.23 | LossLevel= 1 | LossCount= 1 | Stake= 10 | Regime= 3 | Score= 10 | Reconfirm= 0 | Guard= false | Reason= BLOCK: QUALITY
2026-09-08,11:49:32 GMT,[SCALPER V3] Direction= 0 | RSI= 0 | SMA2= 9717.065 | SMA3= 9717.013333333334 | Points= 0.1000000000003638 | Strength= 560 | Points2= 0.11999999999898137 | Strength2= 560 | Tick1= 9714.01 Tick2= 9714.13 Tick3= 9714.23 Tick4= 9714.32 Extra= 9714.32 | LossLevel= 1 | LossCount= 1 | Stake= 10 | Regime= 3 | Score= 0 | Reconfirm= 0 | Guard= false | Reason= BLOCK: QUALITY
2026-09-08,11:49:32 GMT,[SCALPER V3] Direction= 0 | RSI= 0 | SMA2= 9717.065 | SMA3= 9717.013333333334 | Points= 0.09000000000014552 | Strength= 560 | Points2= 0.1000000000003638 | Strength2= 560 | Tick1= 9714.13 Tick2= 9714.23 Tick3= 9714.32 Tick4= 9714.6 Extra= 9714.6 | LossLevel= 1 | LossCount= 1 | Stake= 10 | Regime= 3 | Score= 0 | Reconfirm= 0 | Guard= false | Reason= BLOCK: QUALITY
2026-09-08,11:49:32 GMT,[SCALPER V3] Direction= 0 | RSI= 53.33333333325249 | SMA2= 9717.065 | SMA3= 9717.013333333334 | Points= 0.28000000000065484 | Strength= 560 | Points2= 0.09000000000014552 | Strength2= 560 | Tick1= 9714.23 Tick2= 9714.32 Tick3= 9714.6 Tick4= 9714.28 Extra= 9714.28 | LossLevel= 1 | LossCount= 1 | Stake= 10 | Regime= 2 | Score= 50 | Reconfirm= 0 | Guard= false | Reason= BLOCK: RECONFIRM
2026-09-08,11:49:32 GMT,[SCALPER V3] Direction= 0 | RSI= 88.88888888911346 | SMA2= 9717.065 | SMA3= 9717.013333333334 | Points= 0.31999999999970896 | Strength= 560 | Points2= 0.28000000000065484 | Strength2= 560 | Tick1= 9714.32 Tick2= 9714.6 Tick3= 9714.28 Tick4= 9714.32 Extra= 9714.32 | LossLevel= 1 | LossCount= 1 | Stake= 10 | Regime= 2 | Score= 30 | Reconfirm= 0 | Guard= false | Reason= BLOCK: RECONFIRM
2026-09-08,11:49:32 GMT,[SCALPER V3] Direction= 0 | RSI= 0 | SMA2= 9717.065 | SMA3= 9717.013333333334 | Points= 0.039999999999054126 | Strength= 560 | Points2= 0.31999999999970896 | Strength2= 560 | Tick1= 9714.6 Tick2= 9714.28 Tick3= 9714.32 Tick4= 9714.62 Extra= 9714.62 | LossLevel= 1 | LossCount= 1 | Stake= 10 | Regime= 3 | Score= 0 | Reconfirm= 0 | Guard= false | Reason= BLOCK: QUALITY
2026-09-08,11:49:32 GMT,[SCALPER V3] Direction= 0 | RSI= 0 | SMA2= 9717.065 | SMA3= 9717.013333333334 | Points= 0.3000000000010914 | Strength= 560 | Points2= 0.039999999999054126 | Strength2= 560 | Tick1= 9714.28 Tick2= 9714.32 Tick3= 9714.62 Tick4= 9714.62 Extra= 9714.62 | LossLevel= 1 | LossCount= 1 | Stake= 10 | Regime= 2 | Score= 30 | Reconfirm= 0 | Guard= false | Reason= BLOCK: RECONFIRM
2026-09-08,11:49:32 GMT,[SCALPER V3] Direction= 0 | RSI= 100 | SMA2= 9717.065 | SMA3= 9717.013333333334 | Points= 0 | Strength= 560 | Points2= 0.3000000000010914 | Strength2= 560 | Tick1= 9714.32 Tick2= 9714.62 Tick3= 9714.62 Tick4= 9714.33 Extra= 9714.33 | LossLevel= 1 | LossCount= 1 | Stake= 10 | Regime= 3 | Score= 0 | Reconfirm= 0 | Guard= false | Reason= BLOCK: QUALITY
2026-09-08,11:49:32 GMT,[SCALPER V3] Direction= 0 | RSI= 100 | SMA2= 9717.065 | SMA3= 9717.013333333334 | Points= 0.2900000000008731 | Strength= 560 | Points2= 0 | Strength2= 560 | Tick1= 9714.62 Tick2= 9714.62 Tick3= 9714.33 Tick4= 9714.33 Extra= 9714.33 | LossLevel= 1 | LossCount= 1 | Stake= 10 | Regime= 2 | Score= 30 | Reconfirm= 0 | Guard= false | Reason= BLOCK: RECONFIRM
2026-09-08,11:49:32 GMT,[SCALPER V3] Direction= 0 | RSI= 100 | SMA2= 9717.065 | SMA3= 9717.013333333334 | Points= 0 | Strength= 560 | Points2= 0.2900000000008731 | Strength2= 560 | Tick1= 9714.62 Tick2= 9714.33 Tick3= 9714.33 Tick4= 9714.15 Extra= 9714.15 | LossLevel= 1 | LossCount= 1 | Stake= 10 | Regime= 3 | Score= 0 | Reconfirm= 0 | Guard= false | Reason= BLOCK: QUALITY
2026-09-08,11:49:32 GMT,[SCALPER V3] Direction= 0 | RSI= 100 | SMA2= 9717.065 | SMA3= 9717.013333333334 | Points= 0.18000000000029104 | Strength= 560 | Points2= 0 | Strength2= 560 | Tick1= 9714.33 Tick2= 9714.33 Tick3= 9714.15 Tick4= 9714.03 Extra= 9714.03 | LossLevel= 1 | LossCount= 1 | Stake= 10 | Regime= 2 | Score= 30 | Reconfirm= 0 | Guard= false | Reason= BLOCK: RECONFIRM
2026-09-08,11:49:32 GMT,[SCALPER V3] Direction= 0 | RSI= 100 | SMA2= 9717.065 | SMA3= 9717.013333333334 | Points= 0.11999999999898137 | Strength= 560 | Points2= 0.18000000000029104 | Strength2= 560 | Tick1= 9714.33 Tick2= 9714.15 Tick3= 9714.03 Tick4= 9713.94 Extra= 9713.94 | LossLevel= 1 | LossCount= 1 | Stake= 10 | Regime= 3 | Score= 0 | Reconfirm= 0 | Guard= false | Reason= BLOCK: QUALITY
2026-09-08,11:49:32 GMT,[SCALPER V3] Direction= 0 | RSI= 100 | SMA2= 9717.065 | SMA3= 9717.013333333334 | Points= 0.09000000000014552 | Strength= 560 | Points2= 0.11999999999898137 | Strength2= 560 | Tick1= 9714.15 Tick2= 9714.03 Tick3= 9713.94 Tick4= 9713.8 Extra= 9713.8 | LossLevel= 1 | LossCount= 1 | Stake= 10 | Regime= 3 | Score= 0 | Reconfirm= 0 | Guard= false | Reason= BLOCK: QUALITY
2026-09-08,11:49:32 GMT,[SCALPER V3] Direction= 0 | RSI= 100 | SMA2= 9717.065 | SMA3= 9717.013333333334 | Points= 0.1400000000012369 | Strength= 560 | Points2= 0.09000000000014552 | Strength2= 560 | Tick1= 9714.03 Tick2= 9713.94 Tick3= 9713.8 Tick4= 9713.71 Extra= 9713.71 | LossLevel= 1 | LossCount= 1 | Stake= 10 | Regime= 2 | Score= 30 | Reconfirm= 0 | Guard= false | Reason= BLOCK: RECONFIRM
2026-09-08,11:49:32 GMT,[SCALPER V3] Direction= 0 | RSI= 100 | SMA2= 9717.065 | SMA3= 9717.013333333334 | Points= 0.09000000000014552 | Strength= 560 | Points2= 0.1400000000012369 | Strength2= 560 | Tick1= 9713.94 Tick2= 9713.8 Tick3= 9713.71 Tick4= 9713.61 Extra= 9713.61 | LossLevel= 1 | LossCount= 1 | Stake= 10 | Regime= 3 | Score= 0 | Reconfirm= 0 | Guard= false | Reason= BLOCK: QUALITY
2026-09-08,11:49:32 GMT,[SCALPER V3] Direction= 0 | RSI= 90.90909090879025 | SMA2= 9717.065 | SMA3= 9717.013333333334 | Points= 0.09999999999854481 | Strength= 560 | Points2= 0.09000000000014552 | Strength2= 560 | Tick1= 9713.8 Tick2= 9713.71 Tick3= 9713.61 Tick4= 9713.62 Extra= 9713.62 | LossLevel= 1 | LossCount= 1 | Stake= 10 | Regime= 3 | Score= 10 | Reconfirm= 0 | Guard= false | Reason= BLOCK: QUALITY
2026-09-08,11:49:32 GMT,[SCALPER V3] Direction= 0 | RSI= 0 | SMA2= 9717.065 | SMA3= 9717.013333333334 | Points= 0.010000000000218279 | Strength= 560 | Points2= 0.09999999999854481 | Strength2= 560 | Tick1= 9713.71 Tick2= 9713.61 Tick3= 9713.62 Tick4= 9713.68 Extra= 9713.68 | LossLevel= 1 | LossCount= 1 | Stake= 10 | Regime= 3 | Score= 0 | Reconfirm= 0 | Guard= false | Reason= BLOCK: QUALITY
2026-09-08,11:49:32 GMT,[SCALPER V3] Direction= 0 | RSI= 0 | SMA2= 9717.065 | SMA3= 9717.013333333334 | Points= 0.05999999999949068 | Strength= 560 | Points2= 0.010000000000218279 | Strength2= 560 | Tick1= 9713.61 Tick2= 9713.62 Tick3= 9713.68 Tick4= 9713.73 Extra= 9713.73 | LossLevel= 1 | LossCount= 1 | Stake= 10 | Regime= 3 | Score= 10 | Reconfirm= 0 | Guard= false | Reason= BLOCK: QUALITY
2026-09-08,11:49:32 GMT,[SCALPER V3] Direction= 0 | RSI= 82.14285714304276 | SMA2= 9717.065 | SMA3= 9717.013333333334 | Points= 0.049999999999272404 | Strength= 560 | Points2= 0.05999999999949068 | Strength2= 560 | Tick1= 9713.62 Tick2= 9713.68 Tick3= 9713.73 Tick4= 9713.5 Extra= 9713.5 | LossLevel= 1 | LossCount= 1 | Stake= 10 | Regime= 3 | Score= 0 | Reconfirm= 0 | Guard= false | Reason= BLOCK: QUALITY
2026-09-08,11:49:32 GMT,[SCALPER V3] Direction= 0 | RSI= 100 | SMA2= 9717.065 | SMA3= 9717.013333333334 | Points= 0.22999999999956344 | Strength= 560 | Points2= 0.049999999999272404 | Strength2= 560 | Tick1= 9713.68 Tick2= 9713.73 Tick3= 9713.5 Tick4= 9713.5 Extra= 9713.5 | LossLevel= 1 | LossCount= 1 | Stake= 10 | Regime= 2 | Score= 30 | Reconfirm= 0 | Guard= false | Reason= BLOCK: RECONFIRM
2026-09-08,11:49:32 GMT,[SCALPER V3] Direction= 0 | RSI= 0 | SMA2= 9717.065 | SMA3= 9717.013333333334 | Points= 0 | Strength= 560 | Points2= 0.22999999999956344 | Strength2= 560 | Tick1= 9713.73 Tick2= 9713.5 Tick3= 9713.5 Tick4= 9713.71 Extra= 9713.71 | LossLevel= 1 | LossCount= 1 | Stake= 10 | Regime= 3 | Score= 0 | Reconfirm= 0 | Guard= false | Reason= BLOCK: QUALITY
2026-09-08,11:49:32 GMT,[SCALPER V3] Direction= 0 | RSI= 58.000000000021835 | SMA2= 9717.065 | SMA3= 9717.013333333334 | Points= 0.20999999999912689 | Strength= 560 | Points2= 0 | Strength2= 560 | Tick1= 9713.5 Tick2= 9713.5 Tick3= 9713.71 Tick4= 9713.42 Extra= 9713.42 | LossLevel= 1 | LossCount= 1 | Stake= 10 | Regime= 1 | Score= 90 | Reconfirm= 1 | Guard= true | Reason= READY: TRADE
2026-09-08,11:49:32 GMT,[SCALPER V3] Direction= 0 | RSI= 100 | SMA2= 9717.065 | SMA3= 9717.013333333334 | Points= 0.2899999999990541 | Strength= 560 | Points2= 0.20999999999912689 | Strength2= 560 | Tick1= 9713.5 Tick2= 9713.71 Tick3= 9713.42 Tick4= 9713.37 Extra= 9713.37 | LossLevel= 1 | LossCount= 1 | Stake= 10 | Regime= 2 | Score= 30 | Reconfirm= 0 | Guard= false | Reason= BLOCK: RECONFIRM
2026-09-08,11:49:32 GMT,[SCALPER V3] Direction= 0 | RSI= 55.555555555780124 | SMA2= 9717.065 | SMA3= 9717.013333333334 | Points= 0.049999999999272404 | Strength= 560 | Points2= 0.2899999999990541 | Strength2= 560 | Tick1= 9713.71 Tick2= 9713.42 Tick3= 9713.37 Tick4= 9713.41 Extra= 9713.41 | LossLevel= 1 | LossCount= 1 | Stake= 10 | Regime= 1 | Score= 60 | Reconfirm= 0 | Guard= false | Reason= BLOCK: QUALITY
2026-09-08,11:49:32 GMT,[SCALPER V3] Direction= 0 | RSI= 80.0000000003638 | SMA2= 9717.065 | SMA3= 9717.013333333334 | Points= 0.039999999999054126 | Strength= 560 | Points2= 0.049999999999272404 | Strength2= 560 | Tick1= 9713.42 Tick2= 9713.37 Tick3= 9713.41 Tick4= 9713.25 Extra= 9713.25 | LossLevel= 1 | LossCount= 1 | Stake= 10 | Regime= 3 | Score= 0 | Reconfirm= 0 | Guard= false | Reason= BLOCK: QUALITY
2026-09-08,11:49:32 GMT,[SCALPER V3] Direction= 0 | RSI= 100 | SMA2= 9717.065 | SMA3= 9717.013333333334 | Points= 0.15999999999985448 | Strength= 560 | Points2= 0.039999999999054126 | Strength2= 560 | Tick1= 9713.37 Tick2= 9713.41 Tick3= 9713.25 Tick4= 9713.24 Extra= 9713.24 | LossLevel= 1 | LossCount= 1 | Stake= 10 | Regime= 2 | Score= 30 | Reconfirm= 0 | Guard= false | Reason= BLOCK: RECONFIRM
2026-09-08,11:49:32 GMT,[SCALPER V3] Direction= 0 | RSI= 100 | SMA2= 9717.065 | SMA3= 9717.013333333334 | Points= 0.010000000000218279 | Strength= 560 | Points2= 0.15999999999985448 | Strength2= 560 | Tick1= 9713.41 Tick2= 9713.25 Tick3= 9713.24 Tick4= 9713.21 Extra= 9713.21 | LossLevel= 1 | LossCount= 1 | Stake= 10 | Regime= 3 | Score= 0 | Reconfirm= 0 | Guard= false | Reason= BLOCK: QUALITY
2026-09-08,11:49:32 GMT,[SCALPER V3] Direction= 0 | RSI= 100 | SMA2= 9717.065 | SMA3= 9717.013333333334 | Points= 0.030000000000654836 | Strength= 560 | Points2= 0.010000000000218279 | Strength2= 560 | Tick1= 9713.25 Tick2= 9713.24 Tick3= 9713.21 Tick4= 9713.14 Extra= 9713.14 | LossLevel= 1 | LossCount= 1 | Stake= 10 | Regime= 3 | Score= 10 | Reconfirm= 0 | Guard= false | Reason= BLOCK: QUALITY
2026-09-08,11:49:32 GMT,[SCALPER V3] Direction= 0 | RSI= 100 | SMA2= 9717.065 | SMA3= 9717.013333333334 | Points= 0.06999999999970896 | Strength= 560 | Points2= 0.030000000000654836 | Strength2= 560 | Tick1= 9713.24 Tick2= 9713.21 Tick3= 9713.14 Tick4= 9713.11 Extra= 9713.11 | LossLevel= 1 | LossCount= 1 | Stake= 10 | Regime= 3 | Score= 10 | Reconfirm= 0 | Guard= false | Reason= BLOCK: QUALITY
2026-09-08,11:49:32 GMT,[SCALPER V3] Direction= 0 | RSI= 100 | SMA2= 9717.065 | SMA3= 9717.013333333334 | Points= 0.029999999998835847 | Strength= 560 | Points2= 0.06999999999970896 | Strength2= 560 | Tick1= 9713.21 Tick2= 9713.14 Tick3= 9713.11 Tick4= 9713.11 Extra= 9713.11 | LossLevel= 1 | LossCount= 1 | Stake= 10 | Regime= 3 | Score= 0 | Reconfirm= 0 | Guard= false | Reason= BLOCK: QUALITY
2026-09-08,11:49:32 GMT,[SCALPER V3] Direction= 0 | RSI= 0 | SMA2= 9717.065 | SMA3= 9717.013333333334 | Points= 0 | Strength= 560 | Points2= 0.029999999998835847 | Strength2= 560 | Tick1= 9713.14 Tick2= 9713.11 Tick3= 9713.11 Tick4= 9713.35 Extra= 9713.35 | LossLevel= 1 | LossCount= 1 | Stake= 10 | Regime= 3 | Score= 0 | Reconfirm= 0 | Guard= false | Reason= BLOCK: QUALITY
2026-09-08,11:49:32 GMT,[SCALPER V3] Direction= 0 | RSI= 0 | SMA2= 9717.065 | SMA3= 9717.013333333334 | Points= 0.23999999999978172 | Strength= 560 | Points2= 0 | Strength2= 560 | Tick1= 9713.11 Tick2= 9713.11 Tick3= 9713.35 Tick4= 9713.42 Extra= 9713.42 | LossLevel= 1 | LossCount= 1 | Stake= 10 | Regime= 2 | Score= 30 | Reconfirm= 0 | Guard= false | Reason= BLOCK: RECONFIRM
2026-09-08,11:49:32 GMT,[SCALPER V3] Direction= 0 | RSI= 0 | SMA2= 9717.065 | SMA3= 9717.013333333334 | Points= 0.06999999999970896 | Strength= 560 | Points2= 0.23999999999978172 | Strength2= 560 | Tick1= 9713.11 Tick2= 9713.35 Tick3= 9713.42 Tick4= 9713.77 Extra= 9713.77 | LossLevel= 1 | LossCount= 1 | Stake= 10 | Regime= 3 | Score= 0 | Reconfirm= 0 | Guard= false | Reason= BLOCK: QUALITY
2026-09-08,11:49:32 GMT,[SCALPER V3] Direction= 0 | RSI= 0 | SMA2= 9717.065 | SMA3= 9717.013333333334 | Points= 0.3500000000003638 | Strength= 560 | Points2= 0.06999999999970896 | Strength2= 560 | Tick1= 9713.35 Tick2= 9713.42 Tick3= 9713.77 Tick4= 9713.87 Extra= 9713.87 | LossLevel= 1 | LossCount= 1 | Stake= 10 | Regime= 2 | Score= 30 | Reconfirm= 0 | Guard= false | Reason= BLOCK: RECONFIRM
2026-09-08,11:49:32 GMT,[SCALPER V3] Direction= 0 | RSI= 0 | SMA2= 9717.065 | SMA3= 9717.013333333334 | Points= 0.1000000000003638 | Strength= 560 | Points2= 0.3500000000003638 | Strength2= 560 | Tick1= 9713.42 Tick2= 9713.77 Tick3= 9713.87 Tick4= 9713.97 Extra= 9713.97 | LossLevel= 1 | LossCount= 1 | Stake= 10 | Regime= 3 | Score= 0 | Reconfirm= 0 | Guard= false | Reason= BLOCK: QUALITY
2026-09-08,11:49:32 GMT,[SCALPER V3] Direction= 0 | RSI= 56.521739130641095 | SMA2= 9717.065 | SMA3= 9717.013333333334 | Points= 0.09999999999854481 | Strength= 560 | Points2= 0.1000000000003638 | Strength2= 560 | Tick1= 9713.77 Tick2= 9713.87 Tick3= 9713.97 Tick4= 9713.84 Extra= 9713.84 | LossLevel= 1 | LossCount= 1 | Stake= 10 | Regime= 2 | Score= 20 | Reconfirm= 0 | Guard= false | Reason= BLOCK: QUALITY
2026-09-08,11:49:32 GMT,[SCALPER V3] Direction= 0 | RSI= 37.1428571427829 | SMA2= 9717.065 | SMA3= 9717.013333333334 | Points= 0.12999999999919964 | Strength= 560 | Points2= 0.09999999999854481 | Strength2= 560 | Tick1= 9713.87 Tick2= 9713.97 Tick3= 9713.84 Tick4= 9714.06 Extra= 9714.06 | LossLevel= 1 | LossCount= 1 | Stake= 10 | Regime= 2 | Score= 50 | Reconfirm= 0 | Guard= false | Reason= BLOCK: RECONFIRM
2026-09-08,11:49:32 GMT,[SCALPER V3] Direction= 0 | RSI= 45.00000000011369 | SMA2= 9717.065 | SMA3= 9717.013333333334 | Points= 0.21999999999934516 | Strength= 560 | Points2= 0.12999999999919964 | Strength2= 560 | Tick1= 9713.97 Tick2= 9713.84 Tick3= 9714.06 Tick4= 9713.88 Extra= 9713.88 | LossLevel= 1 | LossCount= 1 | Stake= 10 | Regime= 1 | Score= 90 | Reconfirm= 1 | Guard= true | Reason= READY: TRADE
2026-09-08,11:49:32 GMT,[SCALPER V3] Direction= 0 | RSI= 100 | SMA2= 9717.065 | SMA3= 9717.013333333334 | Points= 0.18000000000029104 | Strength= 560 | Points2= 0.21999999999934516 | Strength2= 560 | Tick1= 9713.84 Tick2= 9714.06 Tick3= 9713.88 Tick4= 9713.8 Extra= 9713.8 | LossLevel= 1 | LossCount= 1 | Stake= 10 | Regime= 2 | Score= 20 | Reconfirm= 0 | Guard= false | Reason= BLOCK: QUALITY
2026-09-08,11:49:32 GMT,[SCALPER V3] Direction= 0 | RSI= 100 | SMA2= 9717.065 | SMA3= 9717.013333333334 | Points= 0.07999999999992724 | Strength= 560 | Points2= 0.18000000000029104 | Strength2= 560 | Tick1= 9714.06 Tick2= 9713.88 Tick3= 9713.8 Tick4= 9713.62 Extra= 9713.62 | LossLevel= 1 | LossCount= 1 | Stake= 10 | Regime= 3 | Score= 0 | Reconfirm= 0 | Guard= false | Reason= BLOCK: QUALITY
2026-09-08,11:49:32 GMT,[SCALPER V3] Direction= 0 | RSI= 39.999999999919154 | SMA2= 9717.065 | SMA3= 9717.013333333334 | Points= 0.17999999999847205 | Strength= 560 | Points2= 0.07999999999992724 | Strength2= 560 | Tick1= 9713.88 Tick2= 9713.8 Tick3= 9713.62 Tick4= 9713.89 Extra= 9713.89 | LossLevel= 1 | LossCount= 1 | Stake= 10 | Regime= 2 | Score= 50 | Reconfirm= 0 | Guard= false | Reason= BLOCK: RECONFIRM
2026-09-08,11:49:32 GMT,[SCALPER V3] Direction= 0 | RSI= 50 | SMA2= 9717.065 | SMA3= 9717.013333333334 | Points= 0.26999999999861757 | Strength= 560 | Points2= 0.17999999999847205 | Strength2= 560 | Tick1= 9713.8 Tick2= 9713.62 Tick3= 9713.89 Tick4= 9713.62 Extra= 9713.62 | LossLevel= 1 | LossCount= 1 | Stake= 10 | Regime= 1 | Score= 90 | Reconfirm= 1 | Guard= true | Reason= READY: TRADE
2026-09-08,11:49:32 GMT,[SCALPER V3] Direction= 0 | RSI= 100 | SMA2= 9717.065 | SMA3= 9717.013333333334 | Points= 0.26999999999861757 | Strength= 560 | Points2= 0.26999999999861757 | Strength2= 560 | Tick1= 9713.62 Tick2= 9713.89 Tick3= 9713.62 Tick4= 9713.44 Extra= 9713.44 | LossLevel= 1 | LossCount= 1 | Stake= 10 | Regime= 2 | Score= 20 | Reconfirm= 0 | Guard= false | Reason= BLOCK: QUALITY
2026-09-08,11:49:32 GMT,[SCALPER V3] Direction= 0 | RSI= 100 | SMA2= 9717.065 | SMA3= 9717.013333333334 | Points= 0.18000000000029104 | Strength= 560 | Points2= 0.26999999999861757 | Strength2= 560 | Tick1= 9713.89 Tick2= 9713.62 Tick3= 9713.44 Tick4= 9713.39 Extra= 9713.39 | LossLevel= 1 | LossCount= 1 | Stake= 10 | Regime= 2 | Score= 20 | Reconfirm= 0 | Guard= false | Reason= BLOCK: QUALITY
2026-09-08,11:49:32 GMT,[SCALPER V3] Direction= 0 | RSI= 71.42857142857143 | SMA2= 9717.065 | SMA3= 9717.013333333334 | Points= 0.050000000001091394 | Strength= 560 | Points2= 0.18000000000029104 | Strength2= 560 | Tick1= 9713.62 Tick2= 9713.44 Tick3= 9713.39 Tick4= 9713.41 Extra= 9713.41 | LossLevel= 1 | LossCount= 1 | Stake= 10 | Regime= 1 | Score= 40 | Reconfirm= 0 | Guard= false | Reason= BLOCK: QUALITY
2026-09-08,11:49:32 GMT,[SCALPER V3] Direction= 0 | RSI= 77.77777777732865 | SMA2= 9717.065 | SMA3= 9717.013333333334 | Points= 0.020000000000436557 | Strength= 560 | Points2= 0.050000000001091394 | Strength2= 560 | Tick1= 9713.44 Tick2= 9713.39 Tick3= 9713.41 Tick4= 9713.34 Extra= 9713.34 | LossLevel= 1 | LossCount= 1 | Stake= 10 | Regime= 3 | Score= 0 | Reconfirm= 0 | Guard= false | Reason= BLOCK: QUALITY
2026-09-08,11:49:32 GMT,[SCALPER V3] Direction= 0 | RSI= 100 | SMA2= 9717.065 | SMA3= 9717.013333333334 | Points= 0.06999999999970896 | Strength= 560 | Points2= 0.020000000000436557 | Strength2= 560 | Tick1= 9713.39 Tick2= 9713.41 Tick3= 9713.34 Tick4= 9713.31 Extra= 9713.31 | LossLevel= 1 | LossCount= 1 | Stake= 10 | Regime= 3 | Score= 10 | Reconfirm= 0 | Guard= false | Reason= BLOCK: QUALITY
2026-09-08,11:49:32 GMT,[SCALPER V3] Direction= 0 | RSI= 30.000000000545697 | SMA2= 9717.065 | SMA3= 9717.013333333334 | Points= 0.030000000000654836 | Strength= 560 | Points2= 0.06999999999970896 | Strength2= 560 | Tick1= 9713.41 Tick2= 9713.34 Tick3= 9713.31 Tick4= 9713.38 Extra= 9713.38 | LossLevel= 1 | LossCount= 1 | Stake= 10 | Regime= 1 | Score= 60 | Reconfirm= 0 | Guard= false | Reason= BLOCK: QUALITY
2026-09-08,11:49:32 GMT,[SCALPER V3] Direction= 0 | RSI= 63.15789473674133 | SMA2= 9717.065 | SMA3= 9717.013333333334 | Points= 0.06999999999970896 | Strength= 560 | Points2= 0.030000000000654836 | Strength2= 560 | Tick1= 9713.34 Tick2= 9713.31 Tick3= 9713.38 Tick4= 9713.26 Extra= 9713.26 | LossLevel= 1 | LossCount= 1 | Stake= 10 | Regime= 1 | Score= 70 | Reconfirm= 0 | Guard= false | Reason= BLOCK: QUALITY
2026-09-08,11:49:32 GMT,[SCALPER V3] Direction= 0 | RSI= 100 | SMA2= 9717.065 | SMA3= 9717.013333333334 | Points= 0.11999999999898137 | Strength= 560 | Points2= 0.06999999999970896 | Strength2= 560 | Tick1= 9713.31 Tick2= 9713.38 Tick3= 9713.26 Tick4= 9713.18 Extra= 9713.18 | LossLevel= 1 | LossCount= 1 | Stake= 10 | Regime= 3 | Score= 10 | Reconfirm= 0 | Guard= false | Reason= BLOCK: QUALITY
2026-09-08,11:49:32 GMT,[SCALPER V3] Direction= 0 | RSI= 100 | SMA2= 9717.065 | SMA3= 9717.013333333334 | Points= 0.07999999999992724 | Strength= 560 | Points2= 0.11999999999898137 | Strength2= 560 | Tick1= 9713.38 Tick2= 9713.26 Tick3= 9713.18 Tick4= 9712.87 Extra= 9712.87 | LossLevel= 1 | LossCount= 1 | Stake= 10 | Regime= 3 | Score= 0 | Reconfirm= 0 | Guard= false | Reason= BLOCK: QUALITY
2026-09-08,11:49:32 GMT,[SCALPER V3] Direction= 0 | RSI= 100 | SMA2= 9717.065 | SMA3= 9717.013333333334 | Points= 0.3099999999994907 | Strength= 560 | Points2= 0.07999999999992724 | Strength2= 560 | Tick1= 9713.26 Tick2= 9713.18 Tick3= 9712.87 Tick4= 9712.84 Extra= 9712.84 | LossLevel= 1 | LossCount= 1 | Stake= 10 | Regime= 2 | Score= 30 | Reconfirm= 0 | Guard= false | Reason= BLOCK: RECONFIRM
2026-09-08,11:49:32 GMT,[SCALPER V3] Direction= 0 | RSI= 100 | SMA2= 9717.065 | SMA3= 9717.013333333334 | Points= 0.030000000000654836 | Strength= 560 | Points2= 0.3099999999994907 | Strength2= 560 | Tick1= 9713.18 Tick2= 9712.87 Tick3= 9712.84 Tick4= 9712.75 Extra= 9712.75 | LossLevel= 1 | LossCount= 1 | Stake= 10 | Regime= 3 | Score= 0 | Reconfirm= 0 | Guard= false | Reason= BLOCK: QUALITY
2026-09-08,11:49:32 GMT,[SCALPER V3] Direction= 0 | RSI= 56.2500000001421 | SMA2= 9717.065 | SMA3= 9717.013333333334 | Points= 0.09000000000014552 | Strength= 560 | Points2= 0.030000000000654836 | Strength2= 560 | Tick1= 9712.87 Tick2= 9712.84 Tick3= 9712.75 Tick4= 9712.82 Extra= 9712.82 | LossLevel= 1 | LossCount= 1 | Stake= 10 | Regime= 1 | Score= 70 | Reconfirm= 0 | Guard= false | Reason= BLOCK: QUALITY
2026-09-08,11:49:32 GMT,[SCALPER V3] Direction= 0 | RSI= 0 | SMA2= 9717.065 | SMA3= 9717.013333333334 | Points= 0.06999999999970896 | Strength= 560 | Points2= 0.09000000000014552 | Strength2= 560 | Tick1= 9712.84 Tick2= 9712.75 Tick3= 9712.82 Tick4= 9713.12 Extra= 9713.12 | LossLevel= 1 | LossCount= 1 | Stake= 10 | Regime= 3 | Score= 0 | Reconfirm= 0 | Guard= false | Reason= BLOCK: QUALITY
2026-09-08,11:49:32 GMT,[SCALPER V3] Direction= 0 | RSI= 23.076923076887198 | SMA2= 9717.065 | SMA3= 9717.013333333334 | Points= 0.3000000000010914 | Strength= 560 | Points2= 0.06999999999970896 | Strength2= 560 | Tick1= 9712.75 Tick2= 9712.82 Tick3= 9713.12 Tick4= 9713.03 Extra= 9713.03 | LossLevel= 1 | LossCount= 1 | Stake= 10 | Regime= 2 | Score= 30 | Reconfirm= 0 | Guard= false | Reason= BLOCK: RECONFIRM
2026-09-08,11:49:32 GMT,[SCALPER V3] Direction= 0 | RSI= 100 | SMA2= 9717.065 | SMA3= 9717.013333333334 | Points= 0.09000000000014552 | Strength= 560 | Points2= 0.3000000000010914 | Strength2= 560 | Tick1= 9712.82 Tick2= 9713.12 Tick3= 9713.03 Tick4= 9712.88 Extra= 9712.88 | LossLevel= 1 | LossCount= 1 | Stake= 10 | Regime= 3 | Score= 0 | Reconfirm= 0 | Guard= false | Reason= BLOCK: QUALITY
2026-09-08,11:49:32 GMT,[SCALPER V3] Direction= 0 | RSI= 65.21739130458852 | SMA2= 9717.065 | SMA3= 9717.013333333334 | Points= 0.1500000000014552 | Strength= 560 | Points2= 0.09000000000014552 | Strength2= 560 | Tick1= 9713.12 Tick2= 9713.03 Tick3= 9712.88 Tick4= 9712.96 Extra= 9712.96 | LossLevel= 1 | LossCount= 1 | Stake= 10 | Regime= 1 | Score= 90 | Reconfirm= 1 | Guard= true | Reason= READY: TRADE
2026-09-08,11:49:32 GMT,[SCALPER V3] Direction= 0 | RSI= 0 | SMA2= 9717.065 | SMA3= 9717.013333333334 | Points= 0.07999999999992724 | Strength= 560 | Points2= 0.1500000000014552 | Strength2= 560 | Tick1= 9713.03 Tick2= 9712.88 Tick3= 9712.96 Tick4= 9713.18 Extra= 9713.18 | LossLevel= 1 | LossCount= 1 | Stake= 10 | Regime= 3 | Score= 0 | Reconfirm= 0 | Guard= false | Reason= BLOCK: QUALITY
2026-09-08,11:49:32 GMT,[SCALPER V3] Direction= 0 | RSI= 0 | SMA2= 9717.065 | SMA3= 9717.013333333334 | Points= 0.22000000000116415 | Strength= 560 | Points2= 0.07999999999992724 | Strength2= 560 | Tick1= 9712.88 Tick2= 9712.96 Tick3= 9713.18 Tick4= 9713.24 Extra= 9713.24 | LossLevel= 1 | LossCount= 1 | Stake= 10 | Regime= 2 | Score= 30 | Reconfirm= 0 | Guard= false | Reason= BLOCK: RECONFIRM
2026-09-08,11:49:32 GMT,[SCALPER V3] Direction= 0 | RSI= 66.66666666666666 | SMA2= 9717.065 | SMA3= 9717.013333333334 | Points= 0.05999999999949068 | Strength= 560 | Points2= 0.22000000000116415 | Strength2= 560 | Tick1= 9712.96 Tick2= 9713.18 Tick3= 9713.24 Tick4= 9713.12 Extra= 9713.12 | LossLevel= 1 | LossCount= 1 | Stake= 10 | Regime= 2 | Score= 20 | Reconfirm= 0 | Guard= false | Reason= BLOCK: QUALITY
2026-09-08,11:49:32 GMT,[SCALPER V3] Direction= 0 | RSI= 85.71428571502815 | SMA2= 9717.065 | SMA3= 9717.013333333334 | Points= 0.11999999999898137 | Strength= 560 | Points2= 0.05999999999949068 | Strength2= 560 | Tick1= 9713.18 Tick2= 9713.24 Tick3= 9713.12 Tick4= 9713.14 Extra= 9713.14 | LossLevel= 1 | LossCount= 1 | Stake= 10 | Regime= 3 | Score= 10 | Reconfirm= 0 | Guard= false | Reason= BLOCK: QUALITY
2026-09-08,11:49:32 GMT,[SCALPER V3] Direction= 0 | RSI= 88.23529411833941 | SMA2= 9717.065 | SMA3= 9717.013333333334 | Points= 0.019999999998617568 | Strength= 560 | Points2= 0.11999999999898137 | Strength2= 560 | Tick1= 9713.24 Tick2= 9713.12 Tick3= 9713.14 Tick4= 9712.99 Extra= 9712.99 | LossLevel= 1 | LossCount= 1 | Stake= 10 | Regime= 3 | Score= 0 | Reconfirm= 0 | Guard= false | Reason= BLOCK: QUALITY
2026-09-08,11:49:32 GMT,[SCALPER V3] Direction= 0 | RSI= 42.857142856994365 | SMA2= 9717.065 | SMA3= 9717.013333333334 | Points= 0.1499999999996362 | Strength= 560 | Points2= 0.019999999998617568 | Strength2= 560 | Tick1= 9713.12 Tick2= 9713.14 Tick3= 9712.99 Tick4= 9713.19 Extra= 9713.19 | LossLevel= 1 | LossCount= 1 | Stake= 10 | Regime= 2 | Score= 50 | Reconfirm= 0 | Guard= false | Reason= BLOCK: RECONFIRM
2026-09-08,11:49:32 GMT,[SCALPER V3] Direction= 0 | RSI= 37.500000000071054 | SMA2= 9717.065 | SMA3= 9717.013333333334 | Points= 0.2000000000007276 | Strength= 560 | Points2= 0.1499999999996362 | Strength2= 560 | Tick1= 9713.14 Tick2= 9712.99 Tick3= 9713.19 Tick4= 9713.07 Extra= 9713.07 | LossLevel= 1 | LossCount= 1 | Stake= 10 | Regime= 1 | Score= 90 | Reconfirm= 1 | Guard= true | Reason= READY: TRADE
2026-09-08,11:49:32 GMT,[SCALPER V3] Direction= 0 | RSI= 100 | SMA2= 9717.065 | SMA3= 9717.013333333334 | Points= 0.12000000000080036 | Strength= 560 | Points2= 0.2000000000007276 | Strength2= 560 | Tick1= 9712.99 Tick2= 9713.19 Tick3= 9713.07 Tick4= 9712.93 Extra= 9712.93 | LossLevel= 1 | LossCount= 1 | Stake= 10 | Regime= 2 | Score= 20 | Reconfirm= 0 | Guard= false | Reason= BLOCK: QUALITY
2026-09-08,11:49:32 GMT,[SCALPER V3] Direction= 0 | RSI= 60.869565217253765 | SMA2= 9717.065 | SMA3= 9717.013333333334 | Points= 0.13999999999941792 | Strength= 560 | Points2= 0.12000000000080036 | Strength2= 560 | Tick1= 9713.19 Tick2= 9713.07 Tick3= 9712.93 Tick4= 9713.02 Extra= 9713.02 | LossLevel= 1 | LossCount= 1 | Stake= 10 | Regime= 1 | Score= 90 | Reconfirm= 1 | Guard= true | Reason= READY: TRADE
2026-09-08,11:49:32 GMT,[SCALPER V3] Direction= 0 | RSI= 0 | SMA2= 9717.065 | SMA3= 9717.013333333334 | Points= 0.09000000000014552 | Strength= 560 | Points2= 0.13999999999941792 | Strength2= 560 | Tick1= 9713.07 Tick2= 9712.93 Tick3= 9713.02 Tick4= 9713.23 Extra= 9713.23 | LossLevel= 1 | LossCount= 1 | Stake= 10 | Regime= 3 | Score= 0 | Reconfirm= 0 | Guard= false | Reason= BLOCK: QUALITY
2026-09-08,11:49:32 GMT,[SCALPER V3] Direction= 0 | RSI= 0 | SMA2= 9717.065 | SMA3= 9717.013333333334 | Points= 0.20999999999912689 | Strength= 560 | Points2= 0.09000000000014552 | Strength2= 560 | Tick1= 9712.93 Tick2= 9713.02 Tick3= 9713.23 Tick4= 9713.24 Extra= 9713.24 | LossLevel= 1 | LossCount= 1 | Stake= 10 | Regime= 2 | Score= 30 | Reconfirm= 0 | Guard= false | Reason= BLOCK: RECONFIRM
2026-09-08,11:49:32 GMT,[SCALPER V3] Direction= 0 | RSI= 0 | SMA2= 9717.065 | SMA3= 9717.013333333334 | Points= 0.010000000000218279 | Strength= 560 | Points2= 0.20999999999912689 | Strength2= 560 | Tick1= 9713.02 Tick2= 9713.23 Tick3= 9713.24 Tick4= 9713.56 Extra= 9713.56 | LossLevel= 1 | LossCount= 1 | Stake= 10 | Regime= 3 | Score= 0 | Reconfirm= 0 | Guard= false | Reason= BLOCK: QUALITY
2026-09-08,11:49:32 GMT,[SCALPER V3] Direction= 0 | RSI= 15.789473684109751 | SMA2= 9717.065 | SMA3= 9717.013333333334 | Points= 0.31999999999970896 | Strength= 560 | Points2= 0.010000000000218279 | Strength2= 560 | Tick1= 9713.23 Tick2= 9713.24 Tick3= 9713.56 Tick4= 9713.5 Extra= 9713.5 | LossLevel= 1 | LossCount= 1 | Stake= 10 | Regime= 2 | Score= 30 | Reconfirm= 0 | Guard= false | Reason= BLOCK: RECONFIRM
2026-09-08,11:49:32 GMT,[SCALPER V3] Direction= 0 | RSI= 100 | SMA2= 9717.065 | SMA3= 9717.013333333334 | Points= 0.05999999999949068 | Strength= 560 | Points2= 0.31999999999970896 | Strength2= 560 | Tick1= 9713.24 Tick2= 9713.56 Tick3= 9713.5 Tick4= 9713.12 Extra= 9713.12 | LossLevel= 1 | LossCount= 1 | Stake= 10 | Regime= 3 | Score= 0 | Reconfirm= 0 | Guard= false | Reason= BLOCK: QUALITY
2026-09-08,11:49:32 GMT,[SCALPER V3] Direction= 0 | RSI= 100 | SMA2= 9717.065 | SMA3= 9717.013333333334 | Points= 0.37999999999919964 | Strength= 560 | Points2= 0.05999999999949068 | Strength2= 560 | Tick1= 9713.56 Tick2= 9713.5 Tick3= 9713.12 Tick4= 9712.92 Extra= 9712.92 | LossLevel= 1 | LossCount= 1 | Stake= 10 | Regime= 2 | Score= 30 | Reconfirm= 0 | Guard= false | Reason= BLOCK: RECONFIRM
2026-09-08,11:49:32 GMT,[SCALPER V3] Direction= 0 | RSI= 51.2820512820752 | SMA2= 9717.065 | SMA3= 9717.013333333334 | Points= 0.2000000000007276 | Strength= 560 | Points2= 0.37999999999919964 | Strength2= 560 | Tick1= 9713.5 Tick2= 9713.12 Tick3= 9712.92 Tick4= 9713.11 Extra= 9713.11 | LossLevel= 1 | LossCount= 1 | Stake= 10 | Regime= 1 | Score= 80 | Reconfirm= 0 | Guard= false | Reason= BLOCK: QUALITY
2026-09-08,11:49:32 GMT,[SCALPER V3] Direction= 0 | RSI= 40.625000000124345 | SMA2= 9717.065 | SMA3= 9717.013333333334 | Points= 0.19000000000050932 | Strength= 560 | Points2= 0.2000000000007276 | Strength2= 560 | Tick1= 9713.12 Tick2= 9712.92 Tick3= 9713.11 Tick4= 9712.98 Extra= 9712.98 | LossLevel= 1 | LossCount= 1 | Stake= 10 | Regime= 1 | Score= 80 | Reconfirm= 0 | Guard= false | Reason= BLOCK: QUALITY
2026-09-08,11:49:32 GMT,[SCALPER V3] Direction= 0 | RSI= 100 | SMA2= 9717.065 | SMA3= 9717.013333333334 | Points= 0.13000000000101863 | Strength= 560 | Points2= 0.19000000000050932 | Strength2= 560 | Tick1= 9712.92 Tick2= 9713.11 Tick3= 9712.98 Tick4= 9712.96 Extra= 9712.96 | LossLevel= 1 | LossCount= 1 | Stake= 10 | Regime= 2 | Score= 20 | Reconfirm= 0 | Guard= false | Reason= BLOCK: QUALITY
2026-09-08,11:49:32 GMT,[SCALPER V3] Direction= 0 | RSI= 100 | SMA2= 9717.065 | SMA3= 9717.013333333334 | Points= 0.020000000000436557 | Strength= 560 | Points2= 0.13000000000101863 | Strength2= 560 | Tick1= 9713.11 Tick2= 9712.98 Tick3= 9712.96 Tick4= 9712.8 Extra= 9712.8 | LossLevel= 1 | LossCount= 1 | Stake= 10 | Regime= 3 | Score= 0 | Reconfirm= 0 | Guard= false | Reason= BLOCK: QUALITY
2026-09-08,11:49:32 GMT,[SCALPER V3] Direction= 0 | RSI= 100 | SMA2= 9717.065 | SMA3= 9717.013333333334 | Points= 0.15999999999985448 | Strength= 560 | Points2= 0.020000000000436557 | Strength2= 560 | Tick1= 9712.98 Tick2= 9712.96 Tick3= 9712.8 Tick4= 9712.7 Extra= 9712.7 | LossLevel= 1 | LossCount= 1 | Stake= 10 | Regime= 2 | Score= 30 | Reconfirm= 0 | Guard= false | Reason= BLOCK: RECONFIRM
2026-09-08,11:49:32 GMT,[SCALPER V3] Direction= 0 | RSI= 100 | SMA2= 9717.065 | SMA3= 9717.013333333334 | Points= 0.09999999999854481 | Strength= 560 | Points2= 0.15999999999985448 | Strength2= 560 | Tick1= 9712.96 Tick2= 9712.8 Tick3= 9712.7 Tick4= 9712.68 Extra= 9712.68 | LossLevel= 1 | LossCount= 1 | Stake= 10 | Regime= 3 | Score= 0 | Reconfirm= 0 | Guard= false | Reason= BLOCK: QUALITY
2026-09-08,11:49:32 GMT,[SCALPER V3] Direction= 0 | RSI= 100 | SMA2= 9717.065 | SMA3= 9717.013333333334 | Points= 0.020000000000436557 | Strength= 560 | Points2= 0.09999999999854481 | Strength2= 560 | Tick1= 9712.8 Tick2= 9712.7 Tick3= 9712.68 Tick4= 9712.5 Extra= 9712.5 | LossLevel= 1 | LossCount= 1 | Stake= 10 | Regime= 3 | Score= 0 | Reconfirm= 0 | Guard= false | Reason= BLOCK: QUALITY
2026-09-08,11:49:32 GMT,[SCALPER V3] Direction= 0 | RSI= 100 | SMA2= 9717.065 | SMA3= 9717.013333333334 | Points= 0.18000000000029104 | Strength= 560 | Points2= 0.020000000000436557 | Strength2= 560 | Tick1= 9712.7 Tick2= 9712.68 Tick3= 9712.5 Tick4= 9712.46 Extra= 9712.46 | LossLevel= 1 | LossCount= 1 | Stake= 10 | Regime= 2 | Score= 30 | Reconfirm= 0 | Guard= false | Reason= BLOCK: RECONFIRM
2026-09-08,11:49:32 GMT,[SCALPER V3] Direction= 0 | RSI= 16.666666666919298 | SMA2= 9717.065 | SMA3= 9717.013333333334 | Points= 0.040000000000873115 | Strength= 560 | Points2= 0.18000000000029104 | Strength2= 560 | Tick1= 9712.68 Tick2= 9712.5 Tick3= 9712.46 Tick4= 9712.66 Extra= 9712.66 | LossLevel= 1 | LossCount= 1 | Stake= 10 | Regime= 3 | Score= 0 | Reconfirm= 0 | Guard= false | Reason= BLOCK: QUALITY
2026-09-08,11:49:32 GMT,[SCALPER V3] Direction= 0 | RSI= 33.33333333333333 | SMA2= 9717.065 | SMA3= 9717.013333333334 | Points= 0.2000000000007276 | Strength= 560 | Points2= 0.040000000000873115 | Strength2= 560 | Tick1= 9712.5 Tick2= 9712.46 Tick3= 9712.66 Tick4= 9712.56 Extra= 9712.56 | LossLevel= 1 | LossCount= 1 | Stake= 10 | Regime= 2 | Score= 50 | Reconfirm= 0 | Guard= false | Reason= BLOCK: RECONFIRM
2026-09-08,11:49:32 GMT,[SCALPER V3] Direction= 0 | RSI= 62.49999999957367 | SMA2= 9717.065 | SMA3= 9717.013333333334 | Points= 0.1000000000003638 | Strength= 560 | Points2= 0.2000000000007276 | Strength2= 560 | Tick1= 9712.46 Tick2= 9712.66 Tick3= 9712.56 Tick4= 9712.62 Extra= 9712.62 | LossLevel= 1 | LossCount= 1 | Stake= 10 | Regime= 2 | Score= 20 | Reconfirm= 0 | Guard= false | Reason= BLOCK: QUALITY
2026-09-08,11:49:32 GMT,[SCALPER V3] Direction= 0 | RSI= 71.42857142832395 | SMA2= 9717.065 | SMA3= 9717.013333333334 | Points= 0.06000000000130967 | Strength= 560 | Points2= 0.1000000000003638 | Strength2= 560 | Tick1= 9712.66 Tick2= 9712.56 Tick3= 9712.62 Tick4= 9712.47 Extra= 9712.47 | LossLevel= 1 | LossCount= 1 | Stake= 10 | Regime= 1 | Score= 40 | Reconfirm= 0 | Guard= false | Reason= BLOCK: QUALITY
2026-09-08,11:49:32 GMT,[SCALPER V3] Direction= 0 | RSI= 50 | SMA2= 9717.065 | SMA3= 9717.013333333334 | Points= 0.1500000000014552 | Strength= 560 | Points2= 0.06000000000130967 | Strength2= 560 | Tick1= 9712.56 Tick2= 9712.62 Tick3= 9712.47 Tick4= 9712.62 Extra= 9712.62 | LossLevel= 1 | LossCount= 1 | Stake= 10 | Regime= 2 | Score= 50 | Reconfirm= 0 | Guard= false | Reason= BLOCK: RECONFIRM
2026-09-08,11:49:32 GMT,[SCALPER V3] Direction= 0 | RSI= 0 | SMA2= 9717.065 | SMA3= 9717.013333333334 | Points= 0.1500000000014552 | Strength= 560 | Points2= 0.1500000000014552 | Strength2= 560 | Tick1= 9712.62 Tick2= 9712.47 Tick3= 9712.62 Tick4= 9712.85 Extra= 9712.85 | LossLevel= 1 | LossCount= 1 | Stake= 10 | Regime= 2 | Score= 20 | Reconfirm= 0 | Guard= false | Reason= BLOCK: QUALITY
2026-09-08,11:49:32 GMT,[SCALPER V3] Direction= 0 | RSI= 0 | SMA2= 9717.065 | SMA3= 9717.013333333334 | Points= 0.22999999999956344 | Strength= 560 | Points2= 0.1500000000014552 | Strength2= 560 | Tick1= 9712.47 Tick2= 9712.62 Tick3= 9712.85 Tick4= 9713 Extra= 9713 | LossLevel= 1 | LossCount= 1 | Stake= 10 | Regime= 2 | Score= 30 | Reconfirm= 0 | Guard= false | Reason= BLOCK: RECONFIRM
2026-09-08,11:49:32 GMT,[SCALPER V3] Direction= 0 | RSI= 28.571428571304835 | SMA2= 9717.065 | SMA3= 9717.013333333334 | Points= 0.1499999999996362 | Strength= 560 | Points2= 0.22999999999956344 | Strength2= 560 | Tick1= 9712.62 Tick2= 9712.85 Tick3= 9713 Tick4= 9712.94 Extra= 9712.94 | LossLevel= 1 | LossCount= 1 | Stake= 10 | Regime= 2 | Score= 20 | Reconfirm= 0 | Guard= false | Reason= BLOCK: QUALITY
2026-09-08,11:49:32 GMT,[SCALPER V3] Direction= 0 | RSI= 100 | SMA2= 9717.065 | SMA3= 9717.013333333334 | Points= 0.05999999999949068 | Strength= 560 | Points2= 0.1499999999996362 | Strength2= 560 | Tick1= 9712.85 Tick2= 9713 Tick3= 9712.94 Tick4= 9712.61 Extra= 9712.61 | LossLevel= 1 | LossCount= 1 | Stake= 10 | Regime= 3 | Score= 0 | Reconfirm= 0 | Guard= false | Reason= BLOCK: QUALITY
2026-09-08,11:49:32 GMT,[SCALPER V3] Direction= 0 | RSI= 56.89655172413252 | SMA2= 9717.065 | SMA3= 9717.013333333334 | Points= 0.32999999999992724 | Strength= 560 | Points2= 0.05999999999949068 | Strength2= 560 | Tick1= 9713 Tick2= 9712.94 Tick3= 9712.61 Tick4= 9712.86 Extra= 9712.86 | LossLevel= 1 | LossCount= 1 | Stake= 10 | Regime= 1 | Score= 90 | Reconfirm= 1 | Guard= true | Reason= READY: TRADE
2026-09-08,11:49:32 GMT,[SCALPER V3] Direction= 0 | RSI= 40.476190476200784 | SMA2= 9717.065 | SMA3= 9717.013333333334 | Points= 0.25 | Strength= 560 | Points2= 0.32999999999992724 | Strength2= 560 | Tick1= 9712.94 Tick2= 9712.61 Tick3= 9712.86 Tick4= 9712.69 Extra= 9712.69 | LossLevel= 1 | LossCount= 1 | Stake= 10 | Regime= 1 | Score= 80 | Reconfirm= 0 | Guard= false | Reason= BLOCK: QUALITY
2026-09-08,11:49:32 GMT,[SCALPER V3] Direction= 0 | RSI= 100 | SMA2= 9717.065 | SMA3= 9717.013333333334 | Points= 0.17000000000007276 | Strength= 560 | Points2= 0.25 | Strength2= 560 | Tick1= 9712.61 Tick2= 9712.86 Tick3= 9712.69 Tick4= 9712.39 Extra= 9712.39 | LossLevel= 1 | LossCount= 1 | Stake= 10 | Regime= 2 | Score= 20 | Reconfirm= 0 | Guard= false | Reason= BLOCK: QUALITY
2026-09-08,11:49:32 GMT,[SCALPER V3] Direction= 0 | RSI= 88.23529411745824 | SMA2= 9717.065 | SMA3= 9717.013333333334 | Points= 0.3000000000010914 | Strength= 560 | Points2= 0.17000000000007276 | Strength2= 560 | Tick1= 9712.86 Tick2= 9712.69 Tick3= 9712.39 Tick4= 9712.43 Extra= 9712.43 | LossLevel= 1 | LossCount= 1 | Stake= 10 | Regime= 1 | Score= 70 | Reconfirm= 0 | Guard= false | Reason= BLOCK: RECONFIRM
2026-09-08,11:49:32 GMT,[SCALPER V3] Direction= 0 | RSI= 0 | SMA2= 9717.065 | SMA3= 9717.013333333334 | Points= 0.040000000000873115 | Strength= 560 | Points2= 0.3000000000010914 | Strength2= 560 | Tick1= 9712.69 Tick2= 9712.39 Tick3= 9712.43 Tick4= 9712.51 Extra= 9712.51 | LossLevel= 1 | LossCount= 1 | Stake= 10 | Regime= 3 | Score= 0 | Reconfirm= 0 | Guard= false | Reason= BLOCK: QUALITY
2026-09-08,11:49:32 GMT,[SCALPER V3] Direction= 0 | RSI= 84.00000000001455 | SMA2= 9717.065 | SMA3= 9717.013333333334 | Points= 0.07999999999992724 | Strength= 560 | Points2= 0.040000000000873115 | Strength2= 560 | Tick1= 9712.39 Tick2= 9712.43 Tick3= 9712.51 Tick4= 9712.09 Extra= 9712.09 | LossLevel= 1 | LossCount= 1 | Stake= 10 | Regime= 3 | Score= 10 | Reconfirm= 0 | Guard= false | Reason= BLOCK: QUALITY
2026-09-08,11:49:32 GMT,[SCALPER V3] Direction= 0 | RSI= 95.4545454544515 | SMA2= 9717.065 | SMA3= 9717.013333333334 | Points= 0.42000000000007276 | Strength= 560 | Points2= 0.07999999999992724 | Strength2= 560 | Tick1= 9712.43 Tick2= 9712.51 Tick3= 9712.09 Tick4= 9712.11 Extra= 9712.11 | LossLevel= 1 | LossCount= 1 | Stake= 10 | Regime= 1 | Score= 70 | Reconfirm= 0 | Guard= false | Reason= BLOCK: RECONFIRM
2026-09-08,11:49:32 GMT,[SCALPER V3] Direction= 0 | RSI= 66.66666666666666 | SMA2= 9717.065 | SMA3= 9717.013333333334 | Points= 0.020000000000436557 | Strength= 560 | Points2= 0.42000000000007276 | Strength2= 560 | Tick1= 9712.51 Tick2= 9712.09 Tick3= 9712.11 Tick4= 9712.07 Extra= 9712.07 | LossLevel= 1 | LossCount= 1 | Stake= 10 | Regime= 1 | Score= 60 | Reconfirm= 0 | Guard= false | Reason= BLOCK: QUALITY
2026-09-08,11:49:32 GMT,[SCALPER V3] Direction= 0 | RSI= 14.814814815114246 | SMA2= 9717.065 | SMA3= 9717.013333333334 | Points= 0.040000000000873115 | Strength= 560 | Points2= 0.020000000000436557 | Strength2= 560 | Tick1= 9712.09 Tick2= 9712.11 Tick3= 9712.07 Tick4= 9712.3 Extra= 9712.3 | LossLevel= 1 | LossCount= 1 | Stake= 10 | Regime= 3 | Score= 10 | Reconfirm= 0 | Guard= false | Reason= BLOCK: QUALITY
2026-09-08,11:49:32 GMT,[SCALPER V3] Direction= 0 | RSI= 39.47368421051372 | SMA2= 9717.065 | SMA3= 9717.013333333334 | Points= 0.22999999999956344 | Strength= 560 | Points2= 0.040000000000873115 | Strength2= 560 | Tick1= 9712.11 Tick2= 9712.07 Tick3= 9712.3 Tick4= 9712.15 Extra= 9712.15 | LossLevel= 1 | LossCount= 1 | Stake= 10 | Regime= 2 | Score= 50 | Reconfirm= 0 | Guard= false | Reason= BLOCK: RECONFIRM
2026-09-08,11:49:32 GMT,[SCALPER V3] Direction= 0 | RSI= 59.99999999985448 | SMA2= 9717.065 | SMA3= 9717.013333333334 | Points= 0.1499999999996362 | Strength= 560 | Points2= 0.22999999999956344 | Strength2= 560 | Tick1= 9712.07 Tick2= 9712.3 Tick3= 9712.15 Tick4= 9712.25 Extra= 9712.25 | LossLevel= 1 | LossCount= 1 | Stake= 10 | Regime= 2 | Score= 40 | Reconfirm= 0 | Guard= false | Reason= BLOCK: QUALITY
2026-09-08,11:49:32 GMT,[SCALPER V3] Direction= 0 | RSI= 0 | SMA2= 9717.065 | SMA3= 9717.013333333334 | Points= 0.1000000000003638 | Strength= 560 | Points2= 0.1499999999996362 | Strength2= 560 | Tick1= 9712.3 Tick2= 9712.15 Tick3= 9712.25 Tick4= 9712.3 Extra= 9712.3 | LossLevel= 1 | LossCount= 1 | Stake= 10 | Regime= 3 | Score= 0 | Reconfirm= 0 | Guard= false | Reason= BLOCK: QUALITY
2026-09-08,11:49:32 GMT,[SCALPER V3] Direction= 0 | RSI= 0 | SMA2= 9717.065 | SMA3= 9717.013333333334 | Points= 0.049999999999272404 | Strength= 560 | Points2= 0.1000000000003638 | Strength2= 560 | Tick1= 9712.15 Tick2= 9712.25 Tick3= 9712.3 Tick4= 9712.49 Extra= 9712.49 | LossLevel= 1 | LossCount= 1 | Stake= 10 | Regime= 3 | Score= 0 | Reconfirm= 0 | Guard= false | Reason= BLOCK: QUALITY
2026-09-08,11:49:32 GMT,[SCALPER V3] Direction= 0 | RSI= 0 | SMA2= 9717.065 | SMA3= 9717.013333333334 | Points= 0.19000000000050932 | Strength= 560 | Points2= 0.049999999999272404 | Strength2= 560 | Tick1= 9712.25 Tick2= 9712.3 Tick3= 9712.49 Tick4= 9712.66 Extra= 9712.66 | LossLevel= 1 | LossCount= 1 | Stake= 10 | Regime= 2 | Score= 30 | Reconfirm= 0 | Guard= false | Reason= BLOCK: RECONFIRM
2026-09-08,11:49:32 GMT,[SCALPER V3] Direction= 0 | RSI= 46.874999999928946 | SMA2= 9717.065 | SMA3= 9717.013333333334 | Points= 0.17000000000007276 | Strength= 560 | Points2= 0.19000000000050932 | Strength2= 560 | Tick1= 9712.3 Tick2= 9712.49 Tick3= 9712.66 Tick4= 9712.51 Extra= 9712.51 | LossLevel= 1 | LossCount= 1 | Stake= 10 | Regime= 2 | Score= 40 | Reconfirm= 0 | Guard= false | Reason= BLOCK: QUALITY
2026-09-08,11:49:32 GMT,[SCALPER V3] Direction= 0 | RSI= 100 | SMA2= 9717.065 | SMA3= 9717.013333333334 | Points= 0.1499999999996362 | Strength= 560 | Points2= 0.17000000000007276 | Strength2= 560 | Tick1= 9712.49 Tick2= 9712.66 Tick3= 9712.51 Tick4= 9712.45 Extra= 9712.45 | LossLevel= 1 | LossCount= 1 | Stake= 10 | Regime= 2 | Score= 20 | Reconfirm= 0 | Guard= false | Reason= BLOCK: QUALITY
2026-09-08,11:49:32 GMT,[SCALPER V3] Direction= 0 | RSI= 25 | SMA2= 9717.065 | SMA3= 9717.013333333334 | Points= 0.05999999999949068 | Strength= 560 | Points2= 0.1499999999996362 | Strength2= 560 | Tick1= 9712.66 Tick2= 9712.51 Tick3= 9712.45 Tick4= 9712.63 Extra= 9712.63 | LossLevel= 1 | LossCount= 1 | Stake= 10 | Regime= 3 | Score= 0 | Reconfirm= 0 | Guard= false | Reason= BLOCK: QUALITY
2026-09-08,11:49:32 GMT,[SCALPER V3] Direction= 0 | RSI= 52.631578947444 | SMA2= 9717.065 | SMA3= 9717.013333333334 | Points= 0.17999999999847205 | Strength= 560 | Points2= 0.05999999999949068 | Strength2= 560 | Tick1= 9712.51 Tick2= 9712.45 Tick3= 9712.63 Tick4= 9712.43 Extra= 9712.43 | LossLevel= 1 | LossCount= 1 | Stake= 10 | Regime= 1 | Score= 90 | Reconfirm= 1 | Guard= true | Reason= READY: TRADE
2026-09-08,11:49:32 GMT,[SCALPER V3] Direction= 0 | RSI= 100 | SMA2= 9717.065 | SMA3= 9717.013333333334 | Points= 0.1999999999989086 | Strength= 560 | Points2= 0.17999999999847205 | Strength2= 560 | Tick1= 9712.45 Tick2= 9712.63 Tick3= 9712.43 Tick4= 9712.32 Extra= 9712.32 | LossLevel= 1 | LossCount= 1 | Stake= 10 | Regime= 2 | Score= 30 | Reconfirm= 0 | Guard= false | Reason= BLOCK: RECONFIRM
2026-09-08,11:49:32 GMT,[SCALPER V3] Direction= 0 | RSI= 100 | SMA2= 9717.065 | SMA3= 9717.013333333334 | Points= 0.11000000000058208 | Strength= 560 | Points2= 0.1999999999989086 | Strength2= 560 | Tick1= 9712.63 Tick2= 9712.43 Tick3= 9712.32 Tick4= 9712.09 Extra= 9712.09 | LossLevel= 1 | LossCount= 1 | Stake= 10 | Regime= 3 | Score= 0 | Reconfirm= 0 | Guard= false | Reason= BLOCK: QUALITY
2026-09-08,11:49:32 GMT,[SCALPER V3] Direction= 0 | RSI= 45.99999999991269 | SMA2= 9717.065 | SMA3= 9717.013333333334 | Points= 0.22999999999956344 | Strength= 560 | Points2= 0.11000000000058208 | Strength2= 560 | Tick1= 9712.43 Tick2= 9712.32 Tick3= 9712.09 Tick4= 9712.36 Extra= 9712.36 | LossLevel= 1 | LossCount= 1 | Stake= 10 | Regime= 1 | Score= 90 | Reconfirm= 1 | Guard= true | Reason= READY: TRADE
2026-09-08,11:49:32 GMT,[SCALPER V3] Direction= 0 | RSI= 43.750000000071054 | SMA2= 9717.065 | SMA3= 9717.013333333334 | Points= 0.27000000000043656 | Strength= 560 | Points2= 0.22999999999956344 | Strength2= 560 | Tick1= 9712.32 Tick2= 9712.09 Tick3= 9712.36 Tick4= 9712.15 Extra= 9712.15 | LossLevel= 1 | LossCount= 1 | Stake= 10 | Regime= 1 | Score= 90 | Reconfirm= 1 | Guard= true | Reason= READY: TRADE
2026-09-08,11:49:32 GMT,[SCALPER V3] Direction= 0 | RSI= 41.17647058825627 | SMA2= 9717.065 | SMA3= 9717.013333333334 | Points= 0.21000000000094587 | Strength= 560 | Points2= 0.27000000000043656 | Strength2= 560 | Tick1= 9712.09 Tick2= 9712.36 Tick3= 9712.15 Tick4= 9712.45 Extra= 9712.45 | LossLevel= 1 | LossCount= 1 | Stake= 10 | Regime= 2 | Score= 40 | Reconfirm= 0 | Guard= false | Reason= BLOCK: QUALITY
2026-09-08,11:49:32 GMT,[SCALPER V3] Direction= 0 | RSI= 0 | SMA2= 9717.065 | SMA3= 9717.013333333334 | Points= 0.3000000000010914 | Strength= 560 | Points2= 0.21000000000094587 | Strength2= 560 | Tick1= 9712.36 Tick2= 9712.15 Tick3= 9712.45 Tick4= 9712.48 Extra= 9712.48 | LossLevel= 1 | LossCount= 1 | Stake= 10 | Regime= 2 | Score= 30 | Reconfirm= 0 | Guard= false | Reason= BLOCK: RECONFIRM
2026-09-08,11:49:32 GMT,[SCALPER V3] Direction= 0 | RSI= 0 | SMA2= 9717.065 | SMA3= 9717.013333333334 | Points= 0.029999999998835847 | Strength= 560 | Points2= 0.3000000000010914 | Strength2= 560 | Tick1= 9712.15 Tick2= 9712.45 Tick3= 9712.48 Tick4= 9712.59 Extra= 9712.59 | LossLevel= 1 | LossCount= 1 | Stake= 10 | Regime= 3 | Score= 0 | Reconfirm= 0 | Guard= false | Reason= BLOCK: QUALITY
2026-09-08,11:49:32 GMT,[SCALPER V3] Direction= 0 | RSI= 8.333333333459663 | SMA2= 9717.065 | SMA3= 9717.013333333334 | Points= 0.11000000000058208 | Strength= 560 | Points2= 0.029999999998835847 | Strength2= 560 | Tick1= 9712.45 Tick2= 9712.48 Tick3= 9712.59 Tick4= 9712.58 Extra= 9712.58 | LossLevel= 1 | LossCount= 1 | Stake= 10 | Regime= 3 | Score= 10 | Reconfirm= 0 | Guard= false | Reason= BLOCK: QUALITY
2026-09-08,11:49:32 GMT,[SCALPER V3] Direction= 0 | RSI= 16.66666666717194 | SMA2= 9717.065 | SMA3= 9717.013333333334 | Points= 0.010000000000218279 | Strength= 560 | Points2= 0.11000000000058208 | Strength2= 560 | Tick1= 9712.48 Tick2= 9712.59 Tick3= 9712.58 Tick4= 9712.63 Extra= 9712.63 | LossLevel= 1 | LossCount= 1 | Stake= 10 | Regime= 3 | Score= 0 | Reconfirm= 0 | Guard= false | Reason= BLOCK: QUALITY
2026-09-08,11:49:32 GMT,[SCALPER V3] Direction= 0 | RSI= 0 | SMA2= 9717.065 | SMA3= 9717.013333333334 | Points= 0.049999999999272404 | Strength= 560 | Points2= 0.010000000000218279 | Strength2= 560 | Tick1= 9712.59 Tick2= 9712.58 Tick3= 9712.63 Tick4= 9712.7 Extra= 9712.7 | LossLevel= 1 | LossCount= 1 | Stake= 10 | Regime= 3 | Score= 10 | Reconfirm= 0 | Guard= false | Reason= BLOCK: QUALITY
2026-09-08,11:49:32 GMT,[SCALPER V3] Direction= 0 | RSI= 0 | SMA2= 9717.065 | SMA3= 9717.013333333334 | Points= 0.07000000000152795 | Strength= 560 | Points2= 0.049999999999272404 | Strength2= 560 | Tick1= 9712.58 Tick2= 9712.63 Tick3= 9712.7 Tick4= 9712.87 Extra= 9712.87 | LossLevel= 1 | LossCount= 1 | Stake= 10 | Regime= 3 | Score= 10 | Reconfirm= 0 | Guard= false | Reason= BLOCK: QUALITY
2026-09-08,11:49:32 GMT,[SCALPER V3] Direction= 0 | RSI= 37.037037037111894 | SMA2= 9717.065 | SMA3= 9717.013333333334 | Points= 0.17000000000007276 | Strength= 560 | Points2= 0.07000000000152795 | Strength2= 560 | Tick1= 9712.63 Tick2= 9712.7 Tick3= 9712.87 Tick4= 9712.77 Extra= 9712.77 | LossLevel= 1 | LossCount= 1 | Stake= 10 | Regime= 2 | Score= 50 | Reconfirm= 0 | Guard= false | Reason= BLOCK: RECONFIRM
2026-09-08,11:49:32 GMT,[SCALPER V3] Direction= 0 | RSI= 100 | SMA2= 9717.065 | SMA3= 9717.013333333334 | Points= 0.1000000000003638 | Strength= 560 | Points2= 0.17000000000007276 | Strength2= 560 | Tick1= 9712.7 Tick2= 9712.87 Tick3= 9712.77 Tick4= 9712.68 Extra= 9712.68 | LossLevel= 1 | LossCount= 1 | Stake= 10 | Regime= 3 | Score= 0 | Reconfirm= 0 | Guard= false | Reason= BLOCK: QUALITY
2026-09-08,11:49:32 GMT,[SCALPER V3] Direction= 0 | RSI= 100 | SMA2= 9717.065 | SMA3= 9717.013333333334 | Points= 0.09000000000014552 | Strength= 560 | Points2= 0.1000000000003638 | Strength2= 560 | Tick1= 9712.87 Tick2= 9712.77 Tick3= 9712.68 Tick4= 9712.68 Extra= 9712.68 | LossLevel= 1 | LossCount= 1 | Stake= 10 | Regime= 3 | Score= 0 | Reconfirm= 0 | Guard= false | Reason= BLOCK: QUALITY
2026-09-08,11:49:32 GMT,[SCALPER V3] Direction= 0 | RSI= 100 | SMA2= 9717.065 | SMA3= 9717.013333333334 | Points= 0 | Strength= 560 | Points2= 0.09000000000014552 | Strength2= 560 | Tick1= 9712.77 Tick2= 9712.68 Tick3= 9712.68 Tick4= 9712.67 Extra= 9712.67 | LossLevel= 1 | LossCount= 1 | Stake= 10 | Regime= 3 | Score= 0 | Reconfirm= 0 | Guard= false | Reason= BLOCK: QUALITY
2026-09-08,11:49:32 GMT,[SCALPER V3] Direction= 0 | RSI= 50 | SMA2= 9717.065 | SMA3= 9717.013333333334 | Points= 0.010000000000218279 | Strength= 560 | Points2= 0 | Strength2= 560 | Tick1= 9712.68 Tick2= 9712.68 Tick3= 9712.67 Tick4= 9712.68 Extra= 9712.68 | LossLevel= 1 | LossCount= 1 | Stake= 10 | Regime= 2 | Score= 30 | Reconfirm= 0 | Guard= false | Reason= BLOCK: QUALITY
2026-09-08,11:49:32 GMT,[SCALPER V3] Direction= 0 | RSI= 0 | SMA2= 9717.065 | SMA3= 9717.013333333334 | Points= 0.010000000000218279 | Strength= 560 | Points2= 0.010000000000218279 | Strength2= 560 | Tick1= 9712.68 Tick2= 9712.67 Tick3= 9712.68 Tick4= 9712.86 Extra= 9712.86 | LossLevel= 1 | LossCount= 1 | Stake= 10 | Regime= 3 | Score= 0 | Reconfirm= 0 | Guard= false | Reason= BLOCK: QUALITY
2026-09-08,11:49:32 GMT,[SCALPER V3] Direction= 0 | RSI= 65.38461538458847 | SMA2= 9717.065 | SMA3= 9717.013333333334 | Points= 0.18000000000029104 | Strength= 560 | Points2= 0.010000000000218279 | Strength2= 560 | Tick1= 9712.67 Tick2= 9712.68 Tick3= 9712.86 Tick4= 9712.52 Extra= 9712.52 | LossLevel= 1 | LossCount= 1 | Stake= 10 | Regime= 1 | Score= 90 | Reconfirm= 1 | Guard= true | Reason= READY: TRADE
2026-09-08,11:49:32 GMT,[SCALPER V3] Direction= 0 | RSI= 97.14285714279775 | SMA2= 9717.065 | SMA3= 9717.013333333334 | Points= 0.3400000000001455 | Strength= 560 | Points2= 0.18000000000029104 | Strength2= 560 | Tick1= 9712.68 Tick2= 9712.86 Tick3= 9712.52 Tick4= 9712.53 Extra= 9712.53 | LossLevel= 1 | LossCount= 1 | Stake= 10 | Regime= 1 | Score= 70 | Reconfirm= 0 | Guard= false | Reason= BLOCK: RECONFIRM
2026-09-08,11:49:32 GMT,[SCALPER V3] Direction= 0 | RSI= 96.15384615376543 | SMA2= 9717.065 | SMA3= 9717.013333333334 | Points= 0.010000000000218279 | Strength= 560 | Points2= 0.3400000000001455 | Strength2= 560 | Tick1= 9712.86 Tick2= 9712.52 Tick3= 9712.53 Tick4= 9712.28 Extra= 9712.28 | LossLevel= 1 | LossCount= 1 | Stake= 10 | Regime= 3 | Score= 0 | Reconfirm= 0 | Guard= false | Reason= BLOCK: QUALITY
2026-09-08,11:49:32 GMT,[SCALPER V3] Direction= 0 | RSI= 100 | SMA2= 9717.065 | SMA3= 9717.013333333334 | Points= 0.25 | Strength= 560 | Points2= 0.010000000000218279 | Strength2= 560 | Tick1= 9712.52 Tick2= 9712.53 Tick3= 9712.28 Tick4= 9711.95 Extra= 9711.95 | LossLevel= 1 | LossCount= 1 | Stake= 10 | Regime= 2 | Score= 30 | Reconfirm= 0 | Guard= false | Reason= BLOCK: RECONFIRM
2026-09-08,11:49:32 GMT,[SCALPER V3] Direction= 0 | RSI= 100 | SMA2= 9717.065 | SMA3= 9717.013333333334 | Points= 0.32999999999992724 | Strength= 560 | Points2= 0.25 | Strength2= 560 | Tick1= 9712.53 Tick2= 9712.28 Tick3= 9711.95 Tick4= 9711.9 Extra= 9711.9 | LossLevel= 1 | LossCount= 1 | Stake= 10 | Regime= 2 | Score= 30 | Reconfirm= 0 | Guard= false | Reason= BLOCK: RECONFIRM
2026-09-08,11:49:32 GMT,[SCALPER V3] Direction= 0 | RSI= 29.41176470619706 | SMA2= 9717.065 | SMA3= 9717.013333333334 | Points= 0.050000000001091394 | Strength= 560 | Points2= 0.32999999999992724 | Strength2= 560 | Tick1= 9712.28 Tick2= 9711.95 Tick3= 9711.9 Tick4= 9712.02 Extra= 9712.02 | LossLevel= 1 | LossCount= 1 | Stake= 10 | Regime= 1 | Score= 40 | Reconfirm= 0 | Guard= false | Reason= BLOCK: QUALITY
2026-09-08,11:49:32 GMT,[SCALPER V3] Direction= 0 | RSI= 57.14285714267153 | SMA2= 9717.065 | SMA3= 9717.013333333334 | Points= 0.12000000000080036 | Strength= 560 | Points2= 0.050000000001091394 | Strength2= 560 | Tick1= 9711.95 Tick2= 9711.9 Tick3= 9712.02 Tick4= 9711.86 Extra= 9711.86 | LossLevel= 1 | LossCount= 1 | Stake= 10 | Regime= 1 | Score= 90 | Reconfirm= 1 | Guard= true | Reason= READY: TRADE
2026-09-08,11:49:32 GMT,[SCALPER V3] Direction= 0 | RSI= 38.09523809519684 | SMA2= 9717.065 | SMA3= 9717.013333333334 | Points= 0.15999999999985448 | Strength= 560 | Points2= 0.12000000000080036 | Strength2= 560 | Tick1= 9711.9 Tick2= 9712.02 Tick3= 9711.86 Tick4= 9712.12 Extra= 9712.12 | LossLevel= 1 | LossCount= 1 | Stake= 10 | Regime= 2 | Score= 50 | Reconfirm= 0 | Guard= false | Reason= BLOCK: RECONFIRM
2026-09-08,11:49:32 GMT,[SCALPER V3] Direction= 0 | RSI= 18.750000000319744 | SMA2= 9717.065 | SMA3= 9717.013333333334 | Points= 0.2600000000002183 | Strength= 560 | Points2= 0.15999999999985448 | Strength2= 560 | Tick1= 9712.02 Tick2= 9711.86 Tick3= 9712.12 Tick4= 9712.06 Extra= 9712.06 | LossLevel= 1 | LossCount= 1 | Stake= 10 | Regime= 2 | Score= 30 | Reconfirm= 0 | Guard= false | Reason= BLOCK: RECONFIRM
2026-09-08,11:49:32 GMT,[SCALPER V3] Direction= 0 | RSI= 100 | SMA2= 9717.065 | SMA3= 9717.013333333334 | Points= 0.06000000000130967 | Strength= 560 | Points2= 0.2600000000002183 | Strength2= 560 | Tick1= 9711.86 Tick2= 9712.12 Tick3= 9712.06 Tick4= 9711.9 Extra= 9711.9 | LossLevel= 1 | LossCount= 1 | Stake= 10 | Regime= 3 | Score= 0 | Reconfirm= 0 | Guard= false | Reason= BLOCK: QUALITY
2026-09-08,11:49:32 GMT,[SCALPER V3] Direction= 0 | RSI= 55.172413792887156 | SMA2= 9717.065 | SMA3= 9717.013333333334 | Points= 0.15999999999985448 | Strength= 560 | Points2= 0.06000000000130967 | Strength2= 560 | Tick1= 9712.12 Tick2= 9712.06 Tick3= 9711.9 Tick4= 9712.03 Extra= 9712.03 | LossLevel= 1 | LossCount= 1 | Stake= 10 | Regime= 1 | Score= 90 | Reconfirm= 1 | Guard= true | Reason= READY: TRADE
2026-09-08,11:49:32 GMT,[SCALPER V3] Direction= 0 | RSI= 0 | SMA2= 9717.065 | SMA3= 9717.013333333334 | Points= 0.13000000000101863 | Strength= 560 | Points2= 0.15999999999985448 | Strength2= 560 | Tick1= 9712.06 Tick2= 9711.9 Tick3= 9712.03 Tick4= 9712.15 Extra= 9712.15 | LossLevel= 1 | LossCount= 1 | Stake= 10 | Regime= 2 | Score= 20 | Reconfirm= 0 | Guard= false | Reason= BLOCK: QUALITY
2026-09-08,11:49:32 GMT,[SCALPER V3] Direction= 0 | RSI= 63.636363636463855 | SMA2= 9717.065 | SMA3= 9717.013333333334 | Points= 0.11999999999898137 | Strength= 560 | Points2= 0.13000000000101863 | Strength2= 560 | Tick1= 9711.9 Tick2= 9712.03 Tick3= 9712.15 Tick4= 9711.94 Extra= 9711.94 | LossLevel= 1 | LossCount= 1 | Stake= 10 | Regime= 2 | Score= 20 | Reconfirm= 0 | Guard= false | Reason= BLOCK: QUALITY
2026-09-08,11:49:32 GMT,[SCALPER V3] Direction= 0 | RSI= 37.49999999987819 | SMA2= 9717.065 | SMA3= 9717.013333333334 | Points= 0.20999999999912689 | Strength= 560 | Points2= 0.11999999999898137 | Strength2= 560 | Tick1= 9712.03 Tick2= 9712.15 Tick3= 9711.94 Tick4= 9712.29 Extra= 9712.29 | LossLevel= 1 | LossCount= 1 | Stake= 10 | Regime= 2 | Score= 50 | Reconfirm= 0 | Guard= false | Reason= BLOCK: RECONFIRM
2026-09-08,11:49:32 GMT,[SCALPER V3] Direction= 0 | RSI= 36.36363636369649 | SMA2= 9717.065 | SMA3= 9717.013333333334 | Points= 0.3500000000003638 | Strength= 560 | Points2= 0.20999999999912689 | Strength2= 560 | Tick1= 9712.15 Tick2= 9711.94 Tick3= 9712.29 Tick4= 9712.09 Extra= 9712.09 | LossLevel= 1 | LossCount= 1 | Stake= 10 | Regime= 1 | Score= 90 | Reconfirm= 1 | Guard= true | Reason= READY: TRADE
2026-09-08,11:49:32 GMT,[SCALPER V3] Direction= 0 | RSI= 71.42857142866424 | SMA2= 9717.065 | SMA3= 9717.013333333334 | Points= 0.2000000000007276 | Strength= 560 | Points2= 0.3500000000003638 | Strength2= 560 | Tick1= 9711.94 Tick2= 9712.29 Tick3= 9712.09 Tick4= 9712.17 Extra= 9712.17 | LossLevel= 1 | LossCount= 1 | Stake= 10 | Regime= 2 | Score= 20 | Reconfirm= 0 | Guard= false | Reason= BLOCK: QUALITY
2026-09-08,11:49:32 GMT,[SCALPER V3] Direction= 0 | RSI= 0 | SMA2= 9717.065 | SMA3= 9717.013333333334 | Points= 0.07999999999992724 | Strength= 560 | Points2= 0.2000000000007276 | Strength2= 560 | Tick1= 9712.29 Tick2= 9712.09 Tick3= 9712.17 Tick4= 9712.29 Extra= 9712.29 | LossLevel= 1 | LossCount= 1 | Stake= 10 | Regime= 3 | Score= 0 | Reconfirm= 0 | Guard= false | Reason= BLOCK: QUALITY
2026-09-08,11:49:32 GMT,[SCALPER V3] Direction= 0 | RSI= 0 | SMA2= 9717.065 | SMA3= 9717.013333333334 | Points= 0.12000000000080036 | Strength= 560 | Points2= 0.07999999999992724 | Strength2= 560 | Tick1= 9712.09 Tick2= 9712.17 Tick3= 9712.29 Tick4= 9712.48 Extra= 9712.48 | LossLevel= 1 | LossCount= 1 | Stake= 10 | Regime= 2 | Score= 30 | Reconfirm= 0 | Guard= false | Reason= BLOCK: RECONFIRM
2026-09-08,11:49:32 GMT,[SCALPER V3] Direction= 0 | RSI= 26.923076923130736 | SMA2= 9717.065 | SMA3= 9717.013333333334 | Points= 0.18999999999869033 | Strength= 560 | Points2= 0.12000000000080036 | Strength2= 560 | Tick1= 9712.17 Tick2= 9712.29 Tick3= 9712.48 Tick4= 9712.41 Extra= 9712.41 | LossLevel= 1 | LossCount= 1 | Stake= 10 | Regime= 2 | Score= 30 | Reconfirm= 0 | Guard= false | Reason= BLOCK: RECONFIRM
2026-09-08,11:49:32 GMT,[SCALPER V3] Direction= 0 | RSI= 50 | SMA2= 9717.065 | SMA3= 9717.013333333334 | Points= 0.06999999999970896 | Strength= 560 | Points2= 0.18999999999869033 | Strength2= 560 | Tick1= 9712.29 Tick2= 9712.48 Tick3= 9712.41 Tick4= 9712.48 Extra= 9712.48 | LossLevel= 1 | LossCount= 1 | Stake= 10 | Regime= 2 | Score= 20 | Reconfirm= 0 | Guard= false | Reason= BLOCK: QUALITY
2026-09-08,11:49:32 GMT,[SCALPER V3] Direction= 0 | RSI= 0 | SMA2= 9717.065 | SMA3= 9717.013333333334 | Points= 0.06999999999970896 | Strength= 560 | Points2= 0.06999999999970896 | Strength2= 560 | Tick1= 9712.48 Tick2= 9712.41 Tick3= 9712.48 Tick4= 9712.89 Extra= 9712.89 | LossLevel= 1 | LossCount= 1 | Stake= 10 | Regime= 3 | Score= 0 | Reconfirm= 0 | Guard= false | Reason= BLOCK: QUALITY
2026-09-08,11:49:32 GMT,[SCALPER V3] Direction= 0 | RSI= 16.32653061223732 | SMA2= 9717.065 | SMA3= 9717.013333333334 | Points= 0.4099999999998545 | Strength= 560 | Points2= 0.06999999999970896 | Strength2= 560 | Tick1= 9712.41 Tick2= 9712.48 Tick3= 9712.89 Tick4= 9712.81 Extra= 9712.81 | LossLevel= 1 | LossCount= 1 | Stake= 10 | Regime= 2 | Score= 30 | Reconfirm= 0 | Guard= false | Reason= BLOCK: RECONFIRM
2026-09-08,11:49:32 GMT,[SCALPER V3] Direction= 0 | RSI= 100 | SMA2= 9717.065 | SMA3= 9717.013333333334 | Points= 0.07999999999992724 | Strength= 560 | Points2= 0.4099999999998545 | Strength2= 560 | Tick1= 9712.48 Tick2= 9712.89 Tick3= 9712.81 Tick4= 9712.74 Extra= 9712.74 | LossLevel= 1 | LossCount= 1 | Stake= 10 | Regime= 3 | Score= 0 | Reconfirm= 0 | Guard= false | Reason= BLOCK: QUALITY
2026-09-08,11:49:32 GMT,[SCALPER V3] Direction= 0 | RSI= 36.84210526290596 | SMA2= 9717.065 | SMA3= 9717.013333333334 | Points= 0.06999999999970896 | Strength= 560 | Points2= 0.07999999999992724 | Strength2= 560 | Tick1= 9712.89 Tick2= 9712.81 Tick3= 9712.74 Tick4= 9712.86 Extra= 9712.86 | LossLevel= 1 | LossCount= 1 | Stake= 10 | Regime= 1 | Score= 60 | Reconfirm= 0 | Guard= false | Reason= BLOCK: QUALITY
2026-09-08,11:49:32 GMT,[SCALPER V3] Direction= 0 | RSI= 20.000000000242537 | SMA2= 9717.065 | SMA3= 9717.013333333334 | Points= 0.12000000000080036 | Strength= 560 | Points2= 0.06999999999970896 | Strength2= 560 | Tick1= 9712.81 Tick2= 9712.74 Tick3= 9712.86 Tick4= 9712.83 Extra= 9712.83 | LossLevel= 1 | LossCount= 1 | Stake= 10 | Regime= 2 | Score= 30 | Reconfirm= 0 | Guard= false | Reason= BLOCK: RECONFIRM
2026-09-08,11:49:32 GMT,[SCALPER V3] Direction= 0 | RSI= 100 | SMA2= 9717.065 | SMA3= 9717.013333333334 | Points= 0.030000000000654836 | Strength= 560 | Points2= 0.12000000000080036 | Strength2= 560 | Tick1= 9712.74 Tick2= 9712.86 Tick3= 9712.83 Tick4= 9712.72 Extra= 9712.72 | LossLevel= 1 | LossCount= 1 | Stake= 10 | Regime= 3 | Score= 0 | Reconfirm= 0 | Guard= false | Reason= BLOCK: QUALITY
2026-09-08,11:49:32 GMT,[SCALPER V3] Direction= 0 | RSI= 100 | SMA2= 9717.065 | SMA3= 9717.013333333334 | Points= 0.11000000000058208 | Strength= 560 | Points2= 0.030000000000654836 | Strength2= 560 | Tick1= 9712.86 Tick2= 9712.83 Tick3= 9712.72 Tick4= 9712.58 Extra= 9712.58 | LossLevel= 1 | LossCount= 1 | Stake= 10 | Regime= 3 | Score= 10 | Reconfirm= 0 | Guard= false | Reason= BLOCK: QUALITY
2026-09-08,11:49:32 GMT,[SCALPER V3] Direction= 0 | RSI= 100 | SMA2= 9717.065 | SMA3= 9717.013333333334 | Points= 0.13999999999941792 | Strength= 560 | Points2= 0.11000000000058208 | Strength2= 560 | Tick1= 9712.83 Tick2= 9712.72 Tick3= 9712.58 Tick4= 9712.56 Extra= 9712.56 | LossLevel= 1 | LossCount= 1 | Stake= 10 | Regime= 2 | Score= 30 | Reconfirm= 0 | Guard= false | Reason= BLOCK: RECONFIRM
2026-09-08,11:49:32 GMT,[SCALPER V3] Direction= 0 | RSI= 100 | SMA2= 9717.065 | SMA3= 9717.013333333334 | Points= 0.020000000000436557 | Strength= 560 | Points2= 0.13999999999941792 | Strength2= 560 | Tick1= 9712.72 Tick2= 9712.58 Tick3= 9712.56 Tick4= 9712.42 Extra= 9712.42 | LossLevel= 1 | LossCount= 1 | Stake= 10 | Regime= 3 | Score= 0 | Reconfirm= 0 | Guard= false | Reason= BLOCK: QUALITY
2026-09-08,11:49:32 GMT,[SCALPER V3] Direction= 0 | RSI= 100 | SMA2= 9717.065 | SMA3= 9717.013333333334 | Points= 0.13999999999941792 | Strength= 560 | Points2= 0.020000000000436557 | Strength2= 560 | Tick1= 9712.58 Tick2= 9712.56 Tick3= 9712.42 Tick4= 9712.42 Extra= 9712.42 | LossLevel= 1 | LossCount= 1 | Stake= 10 | Regime= 2 | Score= 30 | Reconfirm= 0 | Guard= false | Reason= BLOCK: RECONFIRM
2026-09-08,11:49:32 GMT,[SCALPER V3] Direction= 0 | RSI= NaN | SMA2= 9717.065 | SMA3= 9717.013333333334 | Points= 0 | Strength= 560 | Points2= 0.13999999999941792 | Strength2= 560 | Tick1= 9712.56 Tick2= 9712.42 Tick3= 9712.42 Tick4= 9712.42 Extra= 9712.42 | LossLevel= 1 | LossCount= 1 | Stake= 10 | Regime= 2 | Score= 0 | Reconfirm= 0 | Guard= false | Reason= BLOCK: QUALITY
2026-09-08,11:49:32 GMT,[SCALPER V3] Direction= 0 | RSI= 0 | SMA2= 9717.065 | SMA3= 9717.013333333334 | Points= 0 | Strength= 560 | Points2= 0 | Strength2= 560 | Tick1= 9712.42 Tick2= 9712.42 Tick3= 9712.42 Tick4= 9712.48 Extra= 9712.48 | LossLevel= 1 | LossCount= 1 | Stake= 10 | Regime= 3 | Score= 0 | Reconfirm= 0 | Guard= false | Reason= BLOCK: QUALITY
2026-09-08,11:49:32 GMT,[SCALPER V3] Direction= 0 | RSI= 53.84615384626148 | SMA2= 9717.065 | SMA3= 9717.013333333334 | Points= 0.05999999999949068 | Strength= 560 | Points2= 0 | Strength2= 560 | Tick1= 9712.42 Tick2= 9712.42 Tick3= 9712.48 Tick4= 9712.41 Extra= 9712.41 | LossLevel= 1 | LossCount= 1 | Stake= 10 | Regime= 1 | Score= 70 | Reconfirm= 0 | Guard= false | Reason= BLOCK: QUALITY
2026-09-08,11:49:32 GMT,[SCALPER V3] Direction= 0 | RSI= 30.434782608626875 | SMA2= 9717.065 | SMA3= 9717.013333333334 | Points= 0.06999999999970896 | Strength= 560 | Points2= 0.05999999999949068 | Strength2= 560 | Tick1= 9712.42 Tick2= 9712.48 Tick3= 9712.41 Tick4= 9712.57 Extra= 9712.57 | LossLevel= 1 | LossCount= 1 | Stake= 10 | Regime= 2 | Score= 30 | Reconfirm= 0 | Guard= false | Reason= BLOCK: QUALITY
2026-09-08,11:49:32 GMT,[SCALPER V3] Direction= 0 | RSI= 0 | SMA2= 9717.065 | SMA3= 9717.013333333334 | Points= 0.15999999999985448 | Strength= 560 | Points2= 0.06999999999970896 | Strength2= 560 | Tick1= 9712.48 Tick2= 9712.41 Tick3= 9712.57 Tick4= 9712.62 Extra= 9712.62 | LossLevel= 1 | LossCount= 1 | Stake= 10 | Regime= 2 | Score= 30 | Reconfirm= 0 | Guard= false | Reason= BLOCK: RECONFIRM
2026-09-08,11:49:32 GMT,[SCALPER V3] Direction= 0 | RSI= 0 | SMA2= 9717.065 | SMA3= 9717.013333333334 | Points= 0.050000000001091394 | Strength= 560 | Points2= 0.15999999999985448 | Strength2= 560 | Tick1= 9712.41 Tick2= 9712.57 Tick3= 9712.62 Tick4= 9712.8 Extra= 9712.8 | LossLevel= 1 | LossCount= 1 | Stake= 10 | Regime= 3 | Score= 0 | Reconfirm= 0 | Guard= false | Reason= BLOCK: QUALITY
2026-09-08,11:49:32 GMT,[SCALPER V3] Direction= 0 | RSI= 0 | SMA2= 9717.065 | SMA3= 9717.013333333334 | Points= 0.17999999999847205 | Strength= 560 | Points2= 0.050000000001091394 | Strength2= 560 | Tick1= 9712.57 Tick2= 9712.62 Tick3= 9712.8 Tick4= 9712.95 Extra= 9712.95 | LossLevel= 1 | LossCount= 1 | Stake= 10 | Regime= 2 | Score= 30 | Reconfirm= 0 | Guard= false | Reason= BLOCK: RECONFIRM
2026-09-08,11:49:32 GMT,[SCALPER V3] Direction= 0 | RSI= 0 | SMA2= 9717.065 | SMA3= 9717.013333333334 | Points= 0.1500000000014552 | Strength= 560 | Points2= 0.17999999999847205 | Strength2= 560 | Tick1= 9712.62 Tick2= 9712.8 Tick3= 9712.95 Tick4= 9713.26 Extra= 9713.26 | LossLevel= 1 | LossCount= 1 | Stake= 10 | Regime= 2 | Score= 20 | Reconfirm= 0 | Guard= false | Reason= BLOCK: QUALITY
2026-09-08,11:49:32 GMT,[SCALPER V3] Direction= 0 | RSI= 0 | SMA2= 9717.065 | SMA3= 9717.013333333334 | Points= 0.3099999999994907 | Strength= 560 | Points2= 0.1500000000014552 | Strength2= 560 | Tick1= 9712.8 Tick2= 9712.95 Tick3= 9713.26 Tick4= 9713.6 Extra= 9713.6 | LossLevel= 1 | LossCount= 1 | Stake= 10 | Regime= 2 | Score= 30 | Reconfirm= 0 | Guard= false | Reason= BLOCK: RECONFIRM
2026-09-08,11:49:32 GMT,[SCALPER V3] Direction= 0 | RSI= 0 | SMA2= 9717.065 | SMA3= 9717.013333333334 | Points= 0.3400000000001455 | Strength= 560 | Points2= 0.3099999999994907 | Strength2= 560 | Tick1= 9712.95 Tick2= 9713.26 Tick3= 9713.6 Tick4= 9713.73 Extra= 9713.73 | LossLevel= 1 | LossCount= 1 | Stake= 10 | Regime= 2 | Score= 30 | Reconfirm= 0 | Guard= false | Reason= BLOCK: RECONFIRM
2026-09-08,11:49:32 GMT,[SCALPER V3] Direction= 0 | RSI= 0 | SMA2= 9717.065 | SMA3= 9717.013333333334 | Points= 0.12999999999919964 | Strength= 560 | Points2= 0.3400000000001455 | Strength2= 560 | Tick1= 9713.26 Tick2= 9713.6 Tick3= 9713.73 Tick4= 9713.85 Extra= 9713.85 | LossLevel= 1 | LossCount= 1 | Stake= 10 | Regime= 2 | Score= 20 | Reconfirm= 0 | Guard= false | Reason= BLOCK: QUALITY
2026-09-08,11:49:32 GMT,[SCALPER V3] Direction= 0 | RSI= 0 | SMA2= 9717.065 | SMA3= 9717.013333333334 | Points= 0.12000000000080036 | Strength= 560 | Points2= 0.12999999999919964 | Strength2= 560 | Tick1= 9713.6 Tick2= 9713.73 Tick3= 9713.85 Tick4= 9713.94 Extra= 9713.94 | LossLevel= 1 | LossCount= 1 | Stake= 10 | Regime= 2 | Score= 20 | Reconfirm= 0 | Guard= false | Reason= BLOCK: QUALITY
2026-09-08,11:49:32 GMT,[SCALPER V3] Direction= 0 | RSI= 47.05882352934882 | SMA2= 9717.065 | SMA3= 9717.013333333334 | Points= 0.09000000000014552 | Strength= 560 | Points2= 0.12000000000080036 | Strength2= 560 | Tick1= 9713.73 Tick2= 9713.85 Tick3= 9713.94 Tick4= 9713.86 Extra= 9713.86 | LossLevel= 1 | LossCount= 1 | Stake= 10 | Regime= 2 | Score= 20 | Reconfirm= 0 | Guard= false | Reason= BLOCK: QUALITY
2026-09-08,11:49:32 GMT,[SCALPER V3] Direction= 0 | RSI= 53.333333333414174 | SMA2= 9717.065 | SMA3= 9717.013333333334 | Points= 0.07999999999992724 | Strength= 560 | Points2= 0.09000000000014552 | Strength2= 560 | Tick1= 9713.85 Tick2= 9713.94 Tick3= 9713.86 Tick4= 9713.93 Extra= 9713.93 | LossLevel= 1 | LossCount= 1 | Stake= 10 | Regime= 2 | Score= 20 | Reconfirm= 0 | Guard= false | Reason= BLOCK: QUALITY
2026-09-08,11:49:32 GMT,[SCALPER V3] Direction= 0 | RSI= 53.333333333414174 | SMA2= 9717.065 | SMA3= 9717.013333333334 | Points= 0.06999999999970896 | Strength= 560 | Points2= 0.07999999999992724 | Strength2= 560 | Tick1= 9713.94 Tick2= 9713.86 Tick3= 9713.93 Tick4= 9713.85 Extra= 9713.85 | LossLevel= 1 | LossCount= 1 | Stake= 10 | Regime= 1 | Score= 60 | Reconfirm= 0 | Guard= false | Reason= BLOCK: QUALITY
2026-09-08,11:49:32 GMT,[SCALPER V3] Direction= 0 | RSI= 33.33333333333333 | SMA2= 9717.065 | SMA3= 9717.013333333334 | Points= 0.07999999999992724 | Strength= 560 | Points2= 0.06999999999970896 | Strength2= 560 | Tick1= 9713.86 Tick2= 9713.93 Tick3= 9713.85 Tick4= 9714.01 Extra= 9714.01 | LossLevel= 1 | LossCount= 1 | Stake= 10 | Regime= 2 | Score= 30 | Reconfirm= 0 | Guard= false | Reason= BLOCK: QUALITY
2026-09-08,11:49:32 GMT,[SCALPER V3] Direction= 0 | RSI= 0 | SMA2= 9717.065 | SMA3= 9717.013333333334 | Points= 0.15999999999985448 | Strength= 560 | Points2= 0.07999999999992724 | Strength2= 560 | Tick1= 9713.93 Tick2= 9713.85 Tick3= 9714.01 Tick4= 9714.4 Extra= 9714.4 | LossLevel= 1 | LossCount= 1 | Stake= 10 | Regime= 2 | Score= 30 | Reconfirm= 0 | Guard= false | Reason= BLOCK: RECONFIRM
2026-09-08,11:49:32 GMT,[SCALPER V3] Direction= 0 | RSI= 0 | SMA2= 9717.065 | SMA3= 9717.013333333334 | Points= 0.3899999999994179 | Strength= 560 | Points2= 0.15999999999985448 | Strength2= 560 | Tick1= 9713.85 Tick2= 9714.01 Tick3= 9714.4 Tick4= 9714.58 Extra= 9714.58 | LossLevel= 1 | LossCount= 1 | Stake= 10 | Regime= 2 | Score= 30 | Reconfirm= 0 | Guard= false | Reason= BLOCK: RECONFIRM
2026-09-08,11:49:32 GMT,[SCALPER V3] Direction= 0 | RSI= 0 | SMA2= 9717.065 | SMA3= 9717.013333333334 | Points= 0.18000000000029104 | Strength= 560 | Points2= 0.3899999999994179 | Strength2= 560 | Tick1= 9714.01 Tick2= 9714.4 Tick3= 9714.58 Tick4= 9714.62 Extra= 9714.62 | LossLevel= 1 | LossCount= 1 | Stake= 10 | Regime= 2 | Score= 20 | Reconfirm= 0 | Guard= false | Reason= BLOCK: QUALITY
2026-09-08,11:49:32 GMT,[SCALPER V3] Direction= 0 | RSI= 76.47058823504236 | SMA2= 9717.065 | SMA3= 9717.013333333334 | Points= 0.040000000000873115 | Strength= 560 | Points2= 0.18000000000029104 | Strength2= 560 | Tick1= 9714.4 Tick2= 9714.58 Tick3= 9714.62 Tick4= 9714.49 Extra= 9714.49 | LossLevel= 1 | LossCount= 1 | Stake= 10 | Regime= 3 | Score= 0 | Reconfirm= 0 | Guard= false | Reason= BLOCK: QUALITY
2026-09-08,11:49:32 GMT,[SCALPER V3] Direction= 0 | RSI= 39.39393939403961 | SMA2= 9717.065 | SMA3= 9717.013333333334 | Points= 0.13000000000101863 | Strength= 560 | Points2= 0.040000000000873115 | Strength2= 560 | Tick1= 9714.58 Tick2= 9714.62 Tick3= 9714.49 Tick4= 9714.69 Extra= 9714.69 | LossLevel= 1 | LossCount= 1 | Stake= 10 | Regime= 2 | Score= 50 | Reconfirm= 0 | Guard= false | Reason= BLOCK: RECONFIRM
2026-09-08,11:49:32 GMT,[SCALPER V3] Direction= 0 | RSI= 51.21951219514359 | SMA2= 9717.065 | SMA3= 9717.013333333334 | Points= 0.2000000000007276 | Strength= 560 | Points2= 0.13000000000101863 | Strength2= 560 | Tick1= 9714.62 Tick2= 9714.49 Tick3= 9714.69 Tick4= 9714.48 Extra= 9714.48 | LossLevel= 1 | LossCount= 1 | Stake= 10 | Regime= 1 | Score= 90 | Reconfirm= 1 | Guard= true | Reason= READY: TRADE
2026-09-08,11:49:32 GMT,[SCALPER V3] Direction= 0 | RSI= 100 | SMA2= 9717.065 | SMA3= 9717.013333333334 | Points= 0.21000000000094587 | Strength= 560 | Points2= 0.2000000000007276 | Strength2= 560 | Tick1= 9714.49 Tick2= 9714.69 Tick3= 9714.48 Tick4= 9714.4 Extra= 9714.4 | LossLevel= 1 | LossCount= 1 | Stake= 10 | Regime= 2 | Score= 30 | Reconfirm= 0 | Guard= false | Reason= BLOCK: RECONFIRM
2026-09-08,11:49:32 GMT,[SCALPER V3] Direction= 0 | RSI= 79.9999999996362 | SMA2= 9717.065 | SMA3= 9717.013333333334 | Points= 0.07999999999992724 | Strength= 560 | Points2= 0.21000000000094587 | Strength2= 560 | Tick1= 9714.69 Tick2= 9714.48 Tick3= 9714.4 Tick4= 9714.42 Extra= 9714.42 | LossLevel= 1 | LossCount= 1 | Stake= 10 | Regime= 3 | Score= 0 | Reconfirm= 0 | Guard= false | Reason= BLOCK: QUALITY
2026-09-08,11:49:32 GMT,[SCALPER V3] Direction= 0 | RSI= 90.90909090894058 | SMA2= 9717.065 | SMA3= 9717.013333333334 | Points= 0.020000000000436557 | Strength= 560 | Points2= 0.07999999999992724 | Strength2= 560 | Tick1= 9714.48 Tick2= 9714.4 Tick3= 9714.42 Tick4= 9714.22 Extra= 9714.22 | LossLevel= 1 | LossCount= 1 | Stake= 10 | Regime= 3 | Score= 0 | Reconfirm= 0 | Guard= false | Reason= BLOCK: QUALITY
2026-09-08,11:49:32 GMT,[SCALPER V3] Direction= 0 | RSI= 100 | SMA2= 9717.065 | SMA3= 9717.013333333334 | Points= 0.2000000000007276 | Strength= 560 | Points2= 0.020000000000436557 | Strength2= 560 | Tick1= 9714.4 Tick2= 9714.42 Tick3= 9714.22 Tick4= 9714.1 Extra= 9714.1 | LossLevel= 1 | LossCount= 1 | Stake= 10 | Regime= 2 | Score= 30 | Reconfirm= 0 | Guard= false | Reason= BLOCK: RECONFIRM
2026-09-08,11:49:32 GMT,[SCALPER V3] Direction= 0 | RSI= 59.9999999998181 | SMA2= 9717.065 | SMA3= 9717.013333333334 | Points= 0.11999999999898137 | Strength= 560 | Points2= 0.2000000000007276 | Strength2= 560 | Tick1= 9714.42 Tick2= 9714.22 Tick3= 9714.1 Tick4= 9714.18 Extra= 9714.18 | LossLevel= 1 | LossCount= 1 | Stake= 10 | Regime= 1 | Score= 60 | Reconfirm= 0 | Guard= false | Reason= BLOCK: QUALITY
2026-09-08,11:49:32 GMT,[SCALPER V3] Direction= 0 | RSI= 50 | SMA2= 9717.065 | SMA3= 9717.013333333334 | Points= 0.07999999999992724 | Strength= 560 | Points2= 0.11999999999898137 | Strength2= 560 | Tick1= 9714.22 Tick2= 9714.1 Tick3= 9714.18 Tick4= 9714.1 Extra= 9714.1 | LossLevel= 1 | LossCount= 1 | Stake= 10 | Regime= 1 | Score= 60 | Reconfirm= 0 | Guard= false | Reason= BLOCK: QUALITY
2026-09-08,11:49:32 GMT,[SCALPER V3] Direction= 0 | RSI= 19.512195121940408 | SMA2= 9717.065 | SMA3= 9717.013333333334 | Points= 0.07999999999992724 | Strength= 560 | Points2= 0.07999999999992724 | Strength2= 560 | Tick1= 9714.1 Tick2= 9714.18 Tick3= 9714.1 Tick4= 9714.43 Extra= 9714.43 | LossLevel= 1 | LossCount= 1 | Stake= 10 | Regime= 3 | Score= 0 | Reconfirm= 0 | Guard= false | Reason= BLOCK: QUALITY
2026-09-08,11:49:32 GMT,[SCALPER V3] Direction= 0 | RSI= 0 | SMA2= 9717.065 | SMA3= 9717.013333333334 | Points= 0.32999999999992724 | Strength= 560 | Points2= 0.07999999999992724 | Strength2= 560 | Tick1= 9714.18 Tick2= 9714.1 Tick3= 9714.43 Tick4= 9714.79 Extra= 9714.79 | LossLevel= 1 | LossCount= 1 | Stake= 10 | Regime= 2 | Score= 30 | Reconfirm= 0 | Guard= false | Reason= BLOCK: RECONFIRM
2026-09-08,11:49:32 GMT,[SCALPER V3] Direction= 0 | RSI= 0 | SMA2= 9717.065 | SMA3= 9717.013333333334 | Points= 0.3600000000005821 | Strength= 560 | Points2= 0.32999999999992724 | Strength2= 560 | Tick1= 9714.1 Tick2= 9714.43 Tick3= 9714.79 Tick4= 9714.86 Extra= 9714.86 | LossLevel= 1 | LossCount= 1 | Stake= 10 | Regime= 2 | Score= 30 | Reconfirm= 0 | Guard= false | Reason= BLOCK: RECONFIRM
2026-09-08,11:49:32 GMT,[SCALPER V3] Direction= 0 | RSI= 41.666666667298266 | SMA2= 9717.065 | SMA3= 9717.013333333334 | Points= 0.06999999999970896 | Strength= 560 | Points2= 0.3600000000005821 | Strength2= 560 | Tick1= 9714.43 Tick2= 9714.79 Tick3= 9714.86 Tick4= 9714.81 Extra= 9714.81 | LossLevel= 1 | LossCount= 1 | Stake= 10 | Regime= 2 | Score= 20 | Reconfirm= 0 | Guard= false | Reason= BLOCK: QUALITY
2026-09-08,11:49:32 GMT,[SCALPER V3] Direction= 0 | RSI= 41.666666667298266 | SMA2= 9717.065 | SMA3= 9717.013333333334 | Points= 0.050000000001091394 | Strength= 560 | Points2= 0.06999999999970896 | Strength2= 560 | Tick1= 9714.79 Tick2= 9714.86 Tick3= 9714.81 Tick4= 9714.88 Extra= 9714.88 | LossLevel= 1 | LossCount= 1 | Stake= 10 | Regime= 2 | Score= 20 | Reconfirm= 0 | Guard= false | Reason= BLOCK: QUALITY
2026-09-08,11:49:32 GMT,[SCALPER V3] Direction= 0 | RSI= 61.11111111094269 | SMA2= 9717.065 | SMA3= 9717.013333333334 | Points= 0.06999999999970896 | Strength= 560 | Points2= 0.050000000001091394 | Strength2= 560 | Tick1= 9714.86 Tick2= 9714.81 Tick3= 9714.88 Tick4= 9714.77 Extra= 9714.77 | LossLevel= 1 | LossCount= 1 | Stake= 10 | Regime= 1 | Score= 70 | Reconfirm= 0 | Guard= false | Reason= BLOCK: QUALITY
2026-09-08,11:49:32 GMT,[SCALPER V3] Direction= 0 | RSI= 26.190476190290582 | SMA2= 9717.065 | SMA3= 9717.013333333334 | Points= 0.10999999999876309 | Strength= 560 | Points2= 0.06999999999970896 | Strength2= 560 | Tick1= 9714.81 Tick2= 9714.88 Tick3= 9714.77 Tick4= 9715.08 Extra= 9715.08 | LossLevel= 1 | LossCount= 1 | Stake= 10 | Regime= 2 | Score= 10 | Reconfirm= 0 | Guard= false | Reason= BLOCK: QUALITY
2026-09-08,11:49:32 GMT,[SCALPER V3] Direction= 0 | RSI= 39.21568627463568 | SMA2= 9717.065 | SMA3= 9717.013333333334 | Points= 0.3099999999994907 | Strength= 560 | Points2= 0.10999999999876309 | Strength2= 560 | Tick1= 9714.88 Tick2= 9714.77 Tick3= 9715.08 Tick4= 9714.88 Extra= 9714.88 | LossLevel= 1 | LossCount= 1 | Stake= 10 | Regime= 2 | Score= 50 | Reconfirm= 0 | Guard= false | Reason= BLOCK: RECONFIRM
2026-09-08,11:49:32 GMT,[SCALPER V3] Direction= 0 | RSI= 83.3333333330807 | SMA2= 9717.065 | SMA3= 9717.013333333334 | Points= 0.2000000000007276 | Strength= 560 | Points2= 0.3099999999994907 | Strength2= 560 | Tick1= 9714.77 Tick2= 9715.08 Tick3= 9714.88 Tick4= 9714.92 Extra= 9714.92 | LossLevel= 1 | LossCount= 1 | Stake= 10 | Regime= 2 | Score= 20 | Reconfirm= 0 | Guard= false | Reason= BLOCK: QUALITY
2026-09-08,11:49:32 GMT,[SCALPER V3] Direction= 0 | RSI= 50 | SMA2= 9717.065 | SMA3= 9717.013333333334 | Points= 0.040000000000873115 | Strength= 560 | Points2= 0.2000000000007276 | Strength2= 560 | Tick1= 9715.08 Tick2= 9714.88 Tick3= 9714.92 Tick4= 9714.88 Extra= 9714.88 | LossLevel= 1 | LossCount= 1 | Stake= 10 | Regime= 1 | Score= 60 | Reconfirm= 0 | Guard= false | Reason= BLOCK: QUALITY
2026-09-08,11:49:32 GMT,[SCALPER V3] Direction= 0 | RSI= 39.99999999999999 | SMA2= 9717.065 | SMA3= 9717.013333333334 | Points= 0.040000000000873115 | Strength= 560 | Points2= 0.040000000000873115 | Strength2= 560 | Tick1= 9714.88 Tick2= 9714.92 Tick3= 9714.88 Tick4= 9714.94 Extra= 9714.94 | LossLevel= 1 | LossCount= 1 | Stake= 10 | Regime= 2 | Score= 20 | Reconfirm= 0 | Guard= false | Reason= BLOCK: QUALITY
2026-09-08,11:49:32 GMT,[SCALPER V3] Direction= 0 | RSI= 0 | SMA2= 9717.065 | SMA3= 9717.013333333334 | Points= 0.06000000000130967 | Strength= 560 | Points2= 0.040000000000873115 | Strength2= 560 | Tick1= 9714.92 Tick2= 9714.88 Tick3= 9714.94 Tick4= 9715.19 Extra= 9715.19 | LossLevel= 1 | LossCount= 1 | Stake= 10 | Regime= 3 | Score= 10 | Reconfirm= 0 | Guard= false | Reason= BLOCK: QUALITY
2026-09-08,11:49:32 GMT,[SCALPER V3] Direction= 0 | RSI= 0 | SMA2= 9717.065 | SMA3= 9717.013333333334 | Points= 0.25 | Strength= 560 | Points2= 0.06000000000130967 | Strength2= 560 | Tick1= 9714.88 Tick2= 9714.94 Tick3= 9715.19 Tick4= 9715.4 Extra= 9715.4 | LossLevel= 1 | LossCount= 1 | Stake= 10 | Regime= 2 | Score= 30 | Reconfirm= 0 | Guard= false | Reason= BLOCK: RECONFIRM
2026-09-08,11:49:32 GMT,[SCALPER V3] Direction= 0 | RSI= 0 | SMA2= 9717.065 | SMA3= 9717.013333333334 | Points= 0.20999999999912689 | Strength= 560 | Points2= 0.25 | Strength2= 560 | Tick1= 9714.94 Tick2= 9715.19 Tick3= 9715.4 Tick4= 9715.52 Extra= 9715.52 | LossLevel= 1 | LossCount= 1 | Stake= 10 | Regime= 2 | Score= 20 | Reconfirm= 0 | Guard= false | Reason= BLOCK: QUALITY
2026-09-08,11:49:32 GMT,[SCALPER V3] Direction= 0 | RSI= 0 | SMA2= 9717.065 | SMA3= 9717.013333333334 | Points= 0.12000000000080036 | Strength= 560 | Points2= 0.20999999999912689 | Strength2= 560 | Tick1= 9715.19 Tick2= 9715.4 Tick3= 9715.52 Tick4= 9715.62 Extra= 9715.62 | LossLevel= 1 | LossCount= 1 | Stake= 10 | Regime= 2 | Score= 20 | Reconfirm= 0 | Guard= false | Reason= BLOCK: QUALITY
2026-09-08,11:49:32 GMT,[SCALPER V3] Direction= 0 | RSI= 62.96296296288811 | SMA2= 9717.065 | SMA3= 9717.013333333334 | Points= 0.1000000000003638 | Strength= 560 | Points2= 0.12000000000080036 | Strength2= 560 | Tick1= 9715.4 Tick2= 9715.52 Tick3= 9715.62 Tick4= 9715.45 Extra= 9715.45 | LossLevel= 1 | LossCount= 1 | Stake= 10 | Regime= 2 | Score= 20 | Reconfirm= 0 | Guard= false | Reason= BLOCK: QUALITY
2026-09-08,11:49:32 GMT,[SCALPER V3] Direction= 0 | RSI= 100 | SMA2= 9717.065 | SMA3= 9717.013333333334 | Points= 0.17000000000007276 | Strength= 560 | Points2= 0.1000000000003638 | Strength2= 560 | Tick1= 9715.52 Tick2= 9715.62 Tick3= 9715.45 Tick4= 9715.44 Extra= 9715.44 | LossLevel= 1 | LossCount= 1 | Stake= 10 | Regime= 2 | Score= 30 | Reconfirm= 0 | Guard= false | Reason= BLOCK: RECONFIRM
2026-09-08,11:49:32 GMT,[SCALPER V3] Direction= 0 | RSI= 2.500000000056829 | SMA2= 9717.065 | SMA3= 9717.013333333334 | Points= 0.010000000000218279 | Strength= 560 | Points2= 0.17000000000007276 | Strength2= 560 | Tick1= 9715.62 Tick2= 9715.45 Tick3= 9715.44 Tick4= 9715.83 Extra= 9715.83 | LossLevel= 1 | LossCount= 1 | Stake= 10 | Regime= 3 | Score= 0 | Reconfirm= 0 | Guard= false | Reason= BLOCK: QUALITY
2026-09-08,11:49:32 GMT,[SCALPER V3] Direction= 0 | RSI= 27.777777777759056 | SMA2= 9717.065 | SMA3= 9717.013333333334 | Points= 0.3899999999994179 | Strength= 560 | Points2= 0.010000000000218279 | Strength2= 560 | Tick1= 9715.45 Tick2= 9715.44 Tick3= 9715.83 Tick4= 9715.68 Extra= 9715.68 | LossLevel= 1 | LossCount= 1 | Stake= 10 | Regime= 2 | Score= 30 | Reconfirm= 0 | Guard= false | Reason= BLOCK: RECONFIRM
2026-09-08,11:49:32 GMT,[SCALPER V3] Direction= 0 | RSI= 34.883720930271906 | SMA2= 9717.065 | SMA3= 9717.013333333334 | Points= 0.1499999999996362 | Strength= 560 | Points2= 0.3899999999994179 | Strength2= 560 | Tick1= 9715.44 Tick2= 9715.83 Tick3= 9715.68 Tick4= 9715.96 Extra= 9715.96 | LossLevel= 1 | LossCount= 1 | Stake= 10 | Regime= 2 | Score= 40 | Reconfirm= 0 | Guard= false | Reason= BLOCK: QUALITY
2026-09-08,11:49:32 GMT,[SCALPER V3] Direction= 0 | RSI= 0 | SMA2= 9717.065 | SMA3= 9717.013333333334 | Points= 0.27999999999883585 | Strength= 560 | Points2= 0.1499999999996362 | Strength2= 560 | Tick1= 9715.83 Tick2= 9715.68 Tick3= 9715.96 Tick4= 9715.96 Extra= 9715.96 | LossLevel= 1 | LossCount= 1 | Stake= 10 | Regime= 2 | Score= 30 | Reconfirm= 0 | Guard= false | Reason= BLOCK: RECONFIRM
2026-09-08,11:49:32 GMT,[SCALPER V3] Direction= 0 | RSI= 100 | SMA2= 9717.065 | SMA3= 9717.013333333334 | Points= 0 | Strength= 560 | Points2= 0.27999999999883585 | Strength2= 560 | Tick1= 9715.68 Tick2= 9715.96 Tick3= 9715.96 Tick4= 9715.84 Extra= 9715.84 | LossLevel= 1 | LossCount= 1 | Stake= 10 | Regime= 3 | Score= 0 | Reconfirm= 0 | Guard= false | Reason= BLOCK: QUALITY
2026-09-08,11:49:32 GMT,[SCALPER V3] Direction= 0 | RSI= 85.71428571391449 | SMA2= 9717.065 | SMA3= 9717.013333333334 | Points= 0.11999999999898137 | Strength= 560 | Points2= 0 | Strength2= 560 | Tick1= 9715.96 Tick2= 9715.96 Tick3= 9715.84 Tick4= 9715.86 Extra= 9715.86 | LossLevel= 1 | LossCount= 1 | Stake= 10 | Regime= 3 | Score= 10 | Reconfirm= 0 | Guard= false | Reason= BLOCK: QUALITY
2026-09-08,11:49:32 GMT,[SCALPER V3] Direction= 0 | RSI= 93.93939393929372 | SMA2= 9717.065 | SMA3= 9717.013333333334 | Points= 0.020000000000436557 | Strength= 560 | Points2= 0.11999999999898137 | Strength2= 560 | Tick1= 9715.96 Tick2= 9715.84 Tick3= 9715.86 Tick4= 9715.55 Extra= 9715.55 | LossLevel= 1 | LossCount= 1 | Stake= 10 | Regime= 3 | Score= 0 | Reconfirm= 0 | Guard= false | Reason= BLOCK: QUALITY
2026-09-08,11:49:32 GMT,[SCALPER V3] Direction= 0 | RSI= 63.26530612250959 | SMA2= 9717.065 | SMA3= 9717.013333333334 | Points= 0.3100000000013097 | Strength= 560 | Points2= 0.020000000000436557 | Strength2= 560 | Tick1= 9715.84 Tick2= 9715.86 Tick3= 9715.55 Tick4= 9715.73 Extra= 9715.73 | LossLevel= 1 | LossCount= 1 | Stake= 10 | Regime= 1 | Score= 90 | Reconfirm= 1 | Guard= true | Reason= READY: TRADE
2026-09-08,11:49:32 GMT,[SCALPER V3] Direction= 0 | RSI= 24.999999999810527 | SMA2= 9717.065 | SMA3= 9717.013333333334 | Points= 0.18000000000029104 | Strength= 560 | Points2= 0.3100000000013097 | Strength2= 560 | Tick1= 9715.86 Tick2= 9715.55 Tick3= 9715.73 Tick4= 9715.67 Extra= 9715.67 | LossLevel= 1 | LossCount= 1 | Stake= 10 | Regime= 1 | Score= 60 | Reconfirm= 0 | Guard= false | Reason= BLOCK: QUALITY
2026-09-08,11:49:32 GMT,[SCALPER V3] Direction= 0 | RSI= 17.64705882337205 | SMA2= 9717.065 | SMA3= 9717.013333333334 | Points= 0.05999999999949068 | Strength= 560 | Points2= 0.18000000000029104 | Strength2= 560 | Tick1= 9715.55 Tick2= 9715.73 Tick3= 9715.67 Tick4= 9715.95 Extra= 9715.95 | LossLevel= 1 | LossCount= 1 | Stake= 10 | Regime= 3 | Score= 0 | Reconfirm= 0 | Guard= false | Reason= BLOCK: QUALITY
2026-09-08,11:49:32 GMT,[SCALPER V3] Direction= 0 | RSI= 0 | SMA2= 9717.065 | SMA3= 9717.013333333334 | Points= 0.28000000000065484 | Strength= 560 | Points2= 0.05999999999949068 | Strength2= 560 | Tick1= 9715.73 Tick2= 9715.67 Tick3= 9715.95 Tick4= 9716.33 Extra= 9716.33 | LossLevel= 1 | LossCount= 1 | Stake= 10 | Regime= 2 | Score= 30 | Reconfirm= 0 | Guard= false | Reason= BLOCK: RECONFIRM
2026-09-08,11:49:32 GMT,[SCALPER V3] Direction= 0 | RSI= 9.52380952362391 | SMA2= 9717.065 | SMA3= 9717.013333333334 | Points= 0.37999999999919964 | Strength= 560 | Points2= 0.28000000000065484 | Strength2= 560 | Tick1= 9715.67 Tick2= 9715.95 Tick3= 9716.33 Tick4= 9716.29 Extra= 9716.29 | LossLevel= 1 | LossCount= 1 | Stake= 10 | Regime= 2 | Score= 30 | Reconfirm= 0 | Guard= false | Reason= BLOCK: RECONFIRM
2026-09-08,11:49:32 GMT,[SCALPER V3] Direction= 0 | RSI= 100 | SMA2= 9717.065 | SMA3= 9717.013333333334 | Points= 0.039999999999054126 | Strength= 560 | Points2= 0.37999999999919964 | Strength2= 560 | Tick1= 9715.95 Tick2= 9716.33 Tick3= 9716.29 Tick4= 9716.06 Extra= 9716.06 | LossLevel= 1 | LossCount= 1 | Stake= 10 | Regime= 3 | Score= 0 | Reconfirm= 0 | Guard= false | Reason= BLOCK: QUALITY
2026-09-08,11:49:32 GMT,[SCALPER V3] Direction= 0 | RSI= 100 | SMA2= 9717.065 | SMA3= 9717.013333333334 | Points= 0.23000000000138243 | Strength= 560 | Points2= 0.039999999999054126 | Strength2= 560 | Tick1= 9716.33 Tick2= 9716.29 Tick3= 9716.06 Tick4= 9715.89 Extra= 9715.89 | LossLevel= 1 | LossCount= 1 | Stake= 10 | Regime= 2 | Score= 30 | Reconfirm= 0 | Guard= false | Reason= BLOCK: RECONFIRM
2026-09-08,11:49:32 GMT,[SCALPER V3] Direction= 0 | RSI= 62.96296296288811 | SMA2= 9717.065 | SMA3= 9717.013333333334 | Points= 0.17000000000007276 | Strength= 560 | Points2= 0.23000000000138243 | Strength2= 560 | Tick1= 9716.29 Tick2= 9716.06 Tick3= 9715.89 Tick4= 9715.99 Extra= 9715.99 | LossLevel= 1 | LossCount= 1 | Stake= 10 | Regime= 1 | Score= 80 | Reconfirm= 0 | Guard= false | Reason= BLOCK: QUALITY
2026-09-08,11:49:32 GMT,[SCALPER V3] Direction= 0 | RSI= 0 | SMA2= 9717.065 | SMA3= 9717.013333333334 | Points= 0.1000000000003638 | Strength= 560 | Points2= 0.17000000000007276 | Strength2= 560 | Tick1= 9716.06 Tick2= 9715.89 Tick3= 9715.99 Tick4= 9716.14 Extra= 9716.14 | LossLevel= 1 | LossCount= 1 | Stake= 10 | Regime= 3 | Score= 0 | Reconfirm= 0 | Guard= false | Reason= BLOCK: QUALITY
2026-09-08,11:49:32 GMT,[SCALPER V3] Direction= 0 | RSI= 0 | SMA2= 9717.065 | SMA3= 9717.013333333334 | Points= 0.1499999999996362 | Strength= 560 | Points2= 0.1000000000003638 | Strength2= 560 | Tick1= 9715.89 Tick2= 9715.99 Tick3= 9716.14 Tick4= 9716.44 Extra= 9716.44 | LossLevel= 1 | LossCount= 1 | Stake= 10 | Regime= 2 | Score= 30 | Reconfirm= 0 | Guard= false | Reason= BLOCK: RECONFIRM
2026-09-08,11:49:32 GMT,[SCALPER V3] Direction= 0 | RSI= 0 | SMA2= 9717.065 | SMA3= 9717.013333333334 | Points= 0.3000000000010914 | Strength= 560 | Points2= 0.1499999999996362 | Strength2= 560 | Tick1= 9715.99 Tick2= 9716.14 Tick3= 9716.44 Tick4= 9716.48 Extra= 9716.48 | LossLevel= 1 | LossCount= 1 | Stake= 10 | Regime= 2 | Score= 30 | Reconfirm= 0 | Guard= false | Reason= BLOCK: RECONFIRM
2026-09-08,11:49:32 GMT,[SCALPER V3] Direction= 0 | RSI= 0 | SMA2= 9717.065 | SMA3= 9717.013333333334 | Points= 0.039999999999054126 | Strength= 560 | Points2= 0.3000000000010914 | Strength2= 560 | Tick1= 9716.14 Tick2= 9716.44 Tick3= 9716.48 Tick4= 9716.48 Extra= 9716.48 | LossLevel= 1 | LossCount= 1 | Stake= 10 | Regime= 3 | Score= 0 | Reconfirm= 0 | Guard= false | Reason= BLOCK: QUALITY
2026-09-08,11:49:32 GMT,[SCALPER V3] Direction= 0 | RSI= 100 | SMA2= 9717.065 | SMA3= 9717.013333333334 | Points= 0 | Strength= 560 | Points2= 0.039999999999054126 | Strength2= 560 | Tick1= 9716.44 Tick2= 9716.48 Tick3= 9716.48 Tick4= 9716.39 Extra= 9716.39 | LossLevel= 1 | LossCount= 1 | Stake= 10 | Regime= 3 | Score= 0 | Reconfirm= 0 | Guard= false | Reason= BLOCK: QUALITY
2026-09-08,11:49:32 GMT,[SCALPER V3] Direction= 0 | RSI= 25 | SMA2= 9717.065 | SMA3= 9717.013333333334 | Points= 0.09000000000014552 | Strength= 560 | Points2= 0 | Strength2= 560 | Tick1= 9716.48 Tick2= 9716.48 Tick3= 9716.39 Tick4= 9716.66 Extra= 9716.66 | LossLevel= 1 | LossCount= 1 | Stake= 10 | Regime= 3 | Score= 10 | Reconfirm= 0 | Guard= false | Reason= BLOCK: QUALITY
2026-09-08,11:49:32 GMT,[SCALPER V3] Direction= 0 | RSI= 15.624999999786851 | SMA2= 9717.065 | SMA3= 9717.013333333334 | Points= 0.27000000000043656 | Strength= 560 | Points2= 0.09000000000014552 | Strength2= 560 | Tick1= 9716.48 Tick2= 9716.39 Tick3= 9716.66 Tick4= 9716.61 Extra= 9716.61 | LossLevel= 1 | LossCount= 1 | Stake= 10 | Regime= 2 | Score= 30 | Reconfirm= 0 | Guard= false | Reason= BLOCK: RECONFIRM
2026-09-08,11:49:32 GMT,[SCALPER V3] Direction= 0 | RSI= 23.809523809276328 | SMA2= 9717.065 | SMA3= 9717.013333333334 | Points= 0.049999999999272404 | Strength= 560 | Points2= 0.27000000000043656 | Strength2= 560 | Tick1= 9716.39 Tick2= 9716.66 Tick3= 9716.61 Tick4= 9716.77 Extra= 9716.77 | LossLevel= 1 | LossCount= 1 | Stake= 10 | Regime= 3 | Score= 0 | Reconfirm= 0 | Guard= false | Reason= BLOCK: QUALITY
2026-09-08,11:49:32 GMT,[SCALPER V3] Direction= 0 | RSI= 0 | SMA2= 9717.065 | SMA3= 9717.013333333334 | Points= 0.15999999999985448 | Strength= 560 | Points2= 0.049999999999272404 | Strength2= 560 | Tick1= 9716.66 Tick2= 9716.61 Tick3= 9716.77 Tick4= 9716.88 Extra= 9716.88 | LossLevel= 1 | LossCount= 1 | Stake= 10 | Regime= 2 | Score= 30 | Reconfirm= 0 | Guard= false | Reason= BLOCK: RECONFIRM
2026-09-08,11:49:32 GMT,[SCALPER V3] Direction= 0 | RSI= 44.9999999998181 | SMA2= 9717.065 | SMA3= 9717.013333333334 | Points= 0.10999999999876309 | Strength= 560 | Points2= 0.15999999999985448 | Strength2= 560 | Tick1= 9716.61 Tick2= 9716.77 Tick3= 9716.88 Tick4= 9716.79 Extra= 9716.79 | LossLevel= 1 | LossCount= 1 | Stake= 10 | Regime= 2 | Score= 20 | Reconfirm= 0 | Guard= false | Reason= BLOCK: QUALITY
2026-09-08,11:49:32 GMT,[SCALPER V3] Direction= 0 | RSI= 90.00000000127329 | SMA2= 9717.065 | SMA3= 9717.013333333334 | Points= 0.08999999999832653 | Strength= 560 | Points2= 0.10999999999876309 | Strength2= 560 | Tick1= 9716.77 Tick2= 9716.88 Tick3= 9716.79 Tick4= 9716.8 Extra= 9716.8 | LossLevel= 1 | LossCount= 1 | Stake= 10 | Regime= 3 | Score= 0 | Reconfirm= 0 | Guard= false | Reason= BLOCK: QUALITY
2026-09-08,11:49:32 GMT,[SCALPER V3] Direction= 0 | RSI= 92.85714285816371 | SMA2= 9717.065 | SMA3= 9717.013333333334 | Points= 0.00999999999839929 | Strength= 560 | Points2= 0.08999999999832653 | Strength2= 560 | Tick1= 9716.88 Tick2= 9716.79 Tick3= 9716.8 Tick4= 9716.67 Extra= 9716.67 | LossLevel= 1 | LossCount= 1 | Stake= 10 | Regime= 3 | Score= 0 | Reconfirm= 0 | Guard= false | Reason= BLOCK: QUALITY
2026-09-08,11:49:32 GMT,[SCALPER V3] Direction= 0 | RSI= 100 | SMA2= 9717.065 | SMA3= 9717.013333333334 | Points= 0.12999999999919964 | Strength= 560 | Points2= 0.00999999999839929 | Strength2= 560 | Tick1= 9716.79 Tick2= 9716.8 Tick3= 9716.67 Tick4= 9716.59 Extra= 9716.59 | LossLevel= 1 | LossCount= 1 | Stake= 10 | Regime= 2 | Score= 30 | Reconfirm= 0 | Guard= false | Reason= BLOCK: RECONFIRM
2026-09-08,11:49:32 GMT,[SCALPER V3] Direction= 0 | RSI= 27.586206896616616 | SMA2= 9717.065 | SMA3= 9717.013333333334 | Points= 0.07999999999992724 | Strength= 560 | Points2= 0.12999999999919964 | Strength2= 560 | Tick1= 9716.8 Tick2= 9716.67 Tick3= 9716.59 Tick4= 9716.8 Extra= 9716.8 | LossLevel= 1 | LossCount= 1 | Stake= 10 | Regime= 2 | Score= 0 | Reconfirm= 0 | Guard= false | Reason= BLOCK: QUALITY
2026-09-08,11:49:32 GMT,[SCALPER V3] Direction= 0 | RSI= 0 | SMA2= 9717.065 | SMA3= 9717.013333333334 | Points= 0.20999999999912689 | Strength= 560 | Points2= 0.07999999999992724 | Strength2= 560 | Tick1= 9716.67 Tick2= 9716.59 Tick3= 9716.8 Tick4= 9716.94 Extra= 9716.94 | LossLevel= 1 | LossCount= 1 | Stake= 10 | Regime= 2 | Score= 30 | Reconfirm= 0 | Guard= false | Reason= BLOCK: RECONFIRM
2026-09-08,11:49:32 GMT,[SCALPER V3] Direction= 0 | RSI= 17.647058823718226 | SMA2= 9717.065 | SMA3= 9717.013333333334 | Points= 0.1400000000012369 | Strength= 560 | Points2= 0.20999999999912689 | Strength2= 560 | Tick1= 9716.59 Tick2= 9716.8 Tick3= 9716.94 Tick4= 9716.91 Extra= 9716.91 | LossLevel= 1 | LossCount= 1 | Stake= 10 | Regime= 2 | Score= 20 | Reconfirm= 0 | Guard= false | Reason= BLOCK: QUALITY
2026-09-08,11:49:32 GMT,[SCALPER V3] Direction= 0 | RSI= 13.636363636589124 | SMA2= 9717.065 | SMA3= 9717.013333333334 | Points= 0.030000000000654836 | Strength= 560 | Points2= 0.1400000000012369 | Strength2= 560 | Tick1= 9716.8 Tick2= 9716.94 Tick3= 9716.91 Tick4= 9717.1 Extra= 9717.1 | LossLevel= 1 | LossCount= 1 | Stake= 10 | Regime= 3 | Score= 0 | Reconfirm= 0 | Guard= false | Reason= BLOCK: QUALITY
2026-09-08,11:49:32 GMT,[SCALPER V3] Direction= 0 | RSI= 0 | SMA2= 9717.065 | SMA3= 9717.013333333334 | Points= 0.19000000000050932 | Strength= 560 | Points2= 0.030000000000654836 | Strength2= 560 | Tick1= 9716.94 Tick2= 9716.91 Tick3= 9717.1 Tick4= 9717.26 Extra= 9717.26 | LossLevel= 1 | LossCount= 1 | Stake= 10 | Regime= 2 | Score= 30 | Reconfirm= 0 | Guard= false | Reason= BLOCK: RECONFIRM
2026-09-08,11:49:32 GMT,[SCALPER V3] Direction= 0 | RSI= 0 | SMA2= 9717.065 | SMA3= 9717.013333333334 | Points= 0.15999999999985448 | Strength= 560 | Points2= 0.19000000000050932 | Strength2= 560 | Tick1= 9716.91 Tick2= 9717.1 Tick3= 9717.26 Tick4= 9717.31 Extra= 9717.31 | LossLevel= 1 | LossCount= 1 | Stake= 10 | Regime= 2 | Score= 20 | Reconfirm= 0 | Guard= false | Reason= BLOCK: QUALITY
2026-09-08,11:49:32 GMT,[SCALPER V3] Direction= 0 | RSI= 0 | SMA2= 9717.065 | SMA3= 9717.013333333334 | Points= 0.049999999999272404 | Strength= 560 | Points2= 0.15999999999985448 | Strength2= 560 | Tick1= 9717.1 Tick2= 9717.26 Tick3= 9717.31 Tick4= 9717.49 Extra= 9717.49 | LossLevel= 1 | LossCount= 1 | Stake= 10 | Regime= 3 | Score= 0 | Reconfirm= 0 | Guard= false | Reason= BLOCK: QUALITY
2026-09-08,11:49:32 GMT,[SCALPER V3] Direction= 0 | RSI= 0 | SMA2= 9717.065 | SMA3= 9717.013333333334 | Points= 0.18000000000029104 | Strength= 560 | Points2= 0.049999999999272404 | Strength2= 560 | Tick1= 9717.26 Tick2= 9717.31 Tick3= 9717.49 Tick4= 9717.54 Extra= 9717.54 | LossLevel= 1 | LossCount= 1 | Stake= 10 | Regime= 2 | Score= 30 | Reconfirm= 0 | Guard= false | Reason= BLOCK: RECONFIRM
2026-09-08,11:49:32 GMT,[SCALPER V3] Direction= 0 | RSI= 80.76923076896169 | SMA2= 9717.065 | SMA3= 9717.013333333334 | Points= 0.050000000001091394 | Strength= 560 | Points2= 0.18000000000029104 | Strength2= 560 | Tick1= 9717.31 Tick2= 9717.49 Tick3= 9717.54 Tick4= 9717.33 Extra= 9717.33 | LossLevel= 1 | LossCount= 1 | Stake= 10 | Regime= 3 | Score= 0 | Reconfirm= 0 | Guard= false | Reason= BLOCK: QUALITY
2026-09-08,11:49:32 GMT,[SCALPER V3] Direction= 0 | RSI= 50 | SMA2= 9717.065 | SMA3= 9717.013333333334 | Points= 0.21000000000094587 | Strength= 560 | Points2= 0.050000000001091394 | Strength2= 560 | Tick1= 9717.49 Tick2= 9717.54 Tick3= 9717.33 Tick4= 9717.54 Extra= 9717.54 | LossLevel= 1 | LossCount= 1 | Stake= 10 | Regime= 2 | Score= 50 | Reconfirm= 0 | Guard= false | Reason= BLOCK: RECONFIRM
2026-09-08,11:49:32 GMT,[SCALPER V3] Direction= 0 | RSI= 29.999999999939362 | SMA2= 9717.065 | SMA3= 9717.013333333334 | Points= 0.21000000000094587 | Strength= 560 | Points2= 0.21000000000094587 | Strength2= 560 | Tick1= 9717.54 Tick2= 9717.33 Tick3= 9717.54 Tick4= 9717.45 Extra= 9717.45 | LossLevel= 1 | LossCount= 1 | Stake= 10 | Regime= 1 | Score= 60 | Reconfirm= 0 | Guard= false | Reason= BLOCK: QUALITY
2026-09-08,11:49:32 GMT,[SCALPER V3] Direction= 0 | RSI= 100 | SMA2= 9717.065 | SMA3= 9717.013333333334 | Points= 0.09000000000014552 | Strength= 560 | Points2= 0.21000000000094587 | Strength2= 560 | Tick1= 9717.33 Tick2= 9717.54 Tick3= 9717.45 Tick4= 9717.33 Extra= 9717.33 | LossLevel= 1 | LossCount= 1 | Stake= 10 | Regime= 3 | Score= 0 | Reconfirm= 0 | Guard= false | Reason= BLOCK: QUALITY
2026-09-08,11:49:32 GMT,[SCALPER V3] Direction= 2 | RSI= 100 | SMA2= 9717.065 | SMA3= 9717.013333333334 | Points= 0.12000000000080036 | Strength= 560 | Points2= 0.09000000000014552 | Strength2= 560 | Tick1= 9717.54 Tick2= 9717.45 Tick3= 9717.33 Tick4= 9717.12 Extra= 9717.12 | LossLevel= 1 | LossCount= 1 | Stake= 10 | Regime= 2 | Score= 30 | Reconfirm= 0 | Guard= false | Reason= BLOCK: RECONFIRM
2026-09-08,11:49:32 GMT,[SCALPER V3] Direction= 2 | RSI= 75 | SMA2= 9717.065 | SMA3= 9717.013333333334 | Points= 0.20999999999912689 | Strength= 560 | Points2= 0.12000000000080036 | Strength2= 560 | Tick1= 9717.45 Tick2= 9717.33 Tick3= 9717.12 Tick4= 9717.19 Extra= 9717.19 | LossLevel= 1 | LossCount= 1 | Stake= 10 | Regime= 1 | Score= 70 | Reconfirm= 0 | Guard= false | Reason= BLOCK: RECONFIRM
2026-09-08,11:49:32 GMT,[SCALPER V3] Direction= 2 | RSI= 69.56521739137312 | SMA2= 9717.065 | SMA3= 9717.013333333334 | Points= 0.06999999999970896 | Strength= 560 | Points2= 0.20999999999912689 | Strength2= 560 | Tick1= 9717.33 Tick2= 9717.12 Tick3= 9717.19 Tick4= 9717.03 Extra= 9717.03 | LossLevel= 1 | LossCount= 1 | Stake= 10 | Regime= 1 | Score= 60 | Reconfirm= 0 | Guard= false | Reason= BLOCK: QUALITY
2026-09-08,11:49:32 GMT,[SCALPER V3] Direction= 0 | RSI= 100 | SMA2= 9717.065 | SMA3= 9717.013333333334 | Points= 0.15999999999985448 | Strength= 560 | Points2= 0.06999999999970896 | Strength2= 560 | Tick1= 9717.12 Tick2= 9717.19 Tick3= 9717.03 Tick4= 9717.02 Extra= 9717.02 | LossLevel= 1 | LossCount= 1 | Stake= 10 | Regime= 2 | Score= 30 | Reconfirm= 0 | Guard= false | Reason= BLOCK: RECONFIRM
2026-09-08,11:49:32 GMT,[SCALPER V3] Direction= 2 | RSI= 100 | SMA2= 9717.065 | SMA3= 9717.013333333334 | Points= 0.010000000000218279 | Strength= 560 | Points2= 0.15999999999985448 | Strength2= 560 | Tick1= 9717.19 Tick2= 9717.03 Tick3= 9717.02 Tick4= 9716.77 Extra= 9716.77 | LossLevel= 1 | LossCount= 1 | Stake= 10 | Regime= 3 | Score= 0 | Reconfirm= 0 | Guard= false | Reason= BLOCK: QUALITY
2026-09-08,11:49:32 GMT,[SCALPER V3] Direction= 2 | RSI= 100 | SMA2= 9717.065 | SMA3= 9717.013333333334 | Points= 0.25 | Strength= 560 | Points2= 0.010000000000218279 | Strength2= 560 | Tick1= 9717.03 Tick2= 9717.02 Tick3= 9716.77 Tick4= 9716.66 Extra= 9716.66 | LossLevel= 1 | LossCount= 1 | Stake= 10 | Regime= 2 | Score= 30 | Reconfirm= 0 | Guard= false | Reason= BLOCK: RECONFIRM
2026-09-08,11:49:32 GMT,[SCALPER V3] Direction= 2 | RSI= 57.89473684225643 | SMA2= 9717.065 | SMA3= 9717.013333333334 | Points= 0.11000000000058208 | Strength= 560 | Points2= 0.25 | Strength2= 560 | Tick1= 9717.02 Tick2= 9716.77 Tick3= 9716.66 Tick4= 9716.74 Extra= 9716.74 | LossLevel= 1 | LossCount= 1 | Stake= 10 | Regime= 1 | Score= 60 | Reconfirm= 0 | Guard= false | Reason= BLOCK: QUALITY
2026-09-08,11:49:32 GMT,[SCALPER V3] Direction= 0 | RSI= 0 | SMA2= 9717.065 | SMA3= 9717.013333333334 | Points= 0.07999999999992724 | Strength= 560 | Points2= 0.11000000000058208 | Strength2= 560 | Tick1= 9716.77 Tick2= 9716.66 Tick3= 9716.74 Tick4= 9716.94 Extra= 9716.94 | LossLevel= 1 | LossCount= 1 | Stake= 10 | Regime= 3 | Score= 0 | Reconfirm= 0 | Guard= false | Reason= BLOCK: QUALITY
2026-09-08,11:49:32 GMT,[SCALPER V3] Direction= 0 | RSI= 37.500000000071054 | SMA2= 9717.065 | SMA3= 9717.013333333334 | Points= 0.2000000000007276 | Strength= 560 | Points2= 0.07999999999992724 | Strength2= 560 | Tick1= 9716.66 Tick2= 9716.74 Tick3= 9716.94 Tick4= 9716.82 Extra= 9716.82 | LossLevel= 1 | LossCount= 1 | Stake= 10 | Regime= 2 | Score= 50 | Reconfirm= 0 | Guard= false | Reason= BLOCK: RECONFIRM
2026-09-08,11:49:32 GMT,[SCALPER V3] Direction= 0 | RSI= 100 | SMA2= 9717.065 | SMA3= 9717.013333333334 | Points= 0.12000000000080036 | Strength= 560 | Points2= 0.2000000000007276 | Strength2= 560 | Tick1= 9716.74 Tick2= 9716.94 Tick3= 9716.82 Tick4= 9716.81 Extra= 9716.81 | LossLevel= 1 | LossCount= 1 | Stake= 10 | Regime= 2 | Score= 20 | Reconfirm= 0 | Guard= false | Reason= BLOCK: QUALITY
2026-09-08,11:49:32 GMT,[SCALPER V3] Direction= 0 | RSI= 100 | SMA2= 9717.065 | SMA3= 9717.013333333334 | Points= 0.010000000000218279 | Strength= 560 | Points2= 0.12000000000080036 | Strength2= 560 | Tick1= 9716.94 Tick2= 9716.82 Tick3= 9716.81 Tick4= 9716.78 Extra= 9716.78 | LossLevel= 1 | LossCount= 1 | Stake= 10 | Regime= 3 | Score= 0 | Reconfirm= 0 | Guard= false | Reason= BLOCK: QUALITY
2026-09-08,11:49:32 GMT,[SCALPER V3] Direction= 0 | RSI= 60.000000000727596 | SMA2= 9717.065 | SMA3= 9717.013333333334 | Points= 0.029999999998835847 | Strength= 560 | Points2= 0.010000000000218279 | Strength2= 560 | Tick1= 9716.82 Tick2= 9716.81 Tick3= 9716.78 Tick4= 9716.8 Extra= 9716.8 | LossLevel= 1 | LossCount= 1 | Stake= 10 | Regime= 1 | Score= 70 | Reconfirm= 0 | Guard= false | Reason= BLOCK: QUALITY
2026-09-08,11:49:32 GMT,[SCALPER V3] Direction= 0 | RSI= 0 | SMA2= 9717.065 | SMA3= 9717.013333333334 | Points= 0.019999999998617568 | Strength= 560 | Points2= 0.029999999998835847 | Strength2= 560 | Tick1= 9716.81 Tick2= 9716.78 Tick3= 9716.8 Tick4= 9716.82 Extra= 9716.82 | LossLevel= 1 | LossCount= 1 | Stake= 10 | Regime= 3 | Score= 0 | Reconfirm= 0 | Guard= false | Reason= BLOCK: QUALITY
2026-09-08,11:49:32 GMT,[SCALPER V3] Direction= 0 | RSI= 79.9999999996362 | SMA2= 9717.065 | SMA3= 9717.013333333334 | Points= 0.020000000000436557 | Strength= 560 | Points2= 0.019999999998617568 | Strength2= 560 | Tick1= 9716.78 Tick2= 9716.8 Tick3= 9716.82 Tick4= 9716.74 Extra= 9716.74 | LossLevel= 1 | LossCount= 1 | Stake= 10 | Regime= 3 | Score= 10 | Reconfirm= 0 | Guard= false | Reason= BLOCK: QUALITY
2026-09-08,11:49:32 GMT,[SCALPER V3] Direction= 0 | RSI= 53.333333333414174 | SMA2= 9717.065 | SMA3= 9717.013333333334 | Points= 0.07999999999992724 | Strength= 560 | Points2= 0.020000000000436557 | Strength2= 560 | Tick1= 9716.8 Tick2= 9716.82 Tick3= 9716.74 Tick4= 9716.81 Extra= 9716.81 | LossLevel= 1 | LossCount= 1 | Stake= 10 | Regime= 2 | Score= 30 | Reconfirm= 0 | Guard= false | Reason= BLOCK: QUALITY
2026-09-08,11:49:32 GMT,[SCALPER V3] Direction= 0 | RSI= 81.08108108110765 | SMA2= 9717.065 | SMA3= 9717.013333333334 | Points= 0.06999999999970896 | Strength= 560 | Points2= 0.07999999999992724 | Strength2= 560 | Tick1= 9716.82 Tick2= 9716.74 Tick3= 9716.81 Tick4= 9716.51 Extra= 9716.51 | LossLevel= 1 | LossCount= 1 | Stake= 10 | Regime= 3 | Score= 0 | Reconfirm= 0 | Guard= false | Reason= BLOCK: QUALITY
2026-09-08,11:49:32 GMT,[SCALPER V3] Direction= 0 | RSI= 71.42857142869516 | SMA2= 9717.065 | SMA3= 9717.013333333334 | Points= 0.2999999999992724 | Strength= 560 | Points2= 0.06999999999970896 | Strength2= 560 | Tick1= 9716.74 Tick2= 9716.81 Tick3= 9716.51 Tick4= 9716.63 Extra= 9716.63 | LossLevel= 1 | LossCount= 1 | Stake= 10 | Regime= 1 | Score= 70 | Reconfirm= 0 | Guard= false | Reason= BLOCK: RECONFIRM
2026-09-08,11:49:32 GMT,[SCALPER V3] Direction= 0 | RSI= 36.84210526325867 | SMA2= 9717.065 | SMA3= 9717.013333333334 | Points= 0.11999999999898137 | Strength= 560 | Points2= 0.2999999999992724 | Strength2= 560 | Tick1= 9716.81 Tick2= 9716.51 Tick3= 9716.63 Tick4= 9716.56 Extra= 9716.56 | LossLevel= 1 | LossCount= 1 | Stake= 10 | Regime= 1 | Score= 60 | Reconfirm= 0 | Guard= false | Reason= BLOCK: QUALITY
2026-09-08,11:49:32 GMT,[SCALPER V3] Direction= 0 | RSI= 21.874999999928946 | SMA2= 9717.065 | SMA3= 9717.013333333334 | Points= 0.06999999999970896 | Strength= 560 | Points2= 0.11999999999898137 | Strength2= 560 | Tick1= 9716.51 Tick2= 9716.63 Tick3= 9716.56 Tick4= 9716.81 Extra= 9716.81 | LossLevel= 1 | LossCount= 1 | Stake= 10 | Regime= 3 | Score= 0 | Reconfirm= 0 | Guard= false | Reason= BLOCK: QUALITY
2026-09-08,11:49:32 GMT,[SCALPER V3] Direction= 0 | RSI= 56.14035087717059 | SMA2= 9717.065 | SMA3= 9717.013333333334 | Points= 0.25 | Strength= 560 | Points2= 0.06999999999970896 | Strength2= 560 | Tick1= 9716.63 Tick2= 9716.56 Tick3= 9716.81 Tick4= 9716.49 Extra= 9716.49 | LossLevel= 1 | LossCount= 1 | Stake= 10 | Regime= 1 | Score= 90 | Reconfirm= 1 | Guard= true | Reason= READY: TRADE
2026-09-08,11:49:32 GMT,[SCALPER V3] Direction= 0 | RSI= 100 | SMA2= 9717.065 | SMA3= 9717.013333333334 | Points= 0.31999999999970896 | Strength= 560 | Points2= 0.25 | Strength2= 560 | Tick1= 9716.56 Tick2= 9716.81 Tick3= 9716.49 Tick4= 9716.38 Extra= 9716.38 | LossLevel= 1 | LossCount= 1 | Stake= 10 | Regime= 2 | Score= 30 | Reconfirm= 0 | Guard= false | Reason= BLOCK: RECONFIRM
2026-09-08,11:49:32 GMT,[SCALPER V3] Direction= 0 | RSI= 100 | SMA2= 9717.065 | SMA3= 9717.013333333334 | Points= 0.11000000000058208 | Strength= 560 | Points2= 0.31999999999970896 | Strength2= 560 | Tick1= 9716.81 Tick2= 9716.49 Tick3= 9716.38 Tick4= 9716.37 Extra= 9716.37 | LossLevel= 1 | LossCount= 1 | Stake= 10 | Regime= 3 | Score= 0 | Reconfirm= 0 | Guard= false | Reason= BLOCK: QUALITY
2026-09-08,11:49:32 GMT,[SCALPER V3] Direction= 0 | RSI= 100 | SMA2= 9717.065 | SMA3= 9717.013333333334 | Points= 0.00999999999839929 | Strength= 560 | Points2= 0.11000000000058208 | Strength2= 560 | Tick1= 9716.49 Tick2= 9716.38 Tick3= 9716.37 Tick4= 9716.29 Extra= 9716.29 | LossLevel= 1 | LossCount= 1 | Stake= 10 | Regime= 3 | Score= 0 | Reconfirm= 0 | Guard= false | Reason= BLOCK: QUALITY
2026-09-08,11:49:32 GMT,[SCALPER V3] Direction= 0 | RSI= 80.0000000010914 | SMA2= 9717.065 | SMA3= 9717.013333333334 | Points= 0.07999999999992724 | Strength= 560 | Points2= 0.00999999999839929 | Strength2= 560 | Tick1= 9716.38 Tick2= 9716.37 Tick3= 9716.29 Tick4= 9716.31 Extra= 9716.31 | LossLevel= 1 | LossCount= 1 | Stake= 10 | Regime= 3 | Score= 10 | Reconfirm= 0 | Guard= false | Reason= BLOCK: QUALITY
2026-09-08,11:49:32 GMT,[SCALPER V3] Direction= 0 | RSI= 33.33333333535444 | SMA2= 9717.065 | SMA3= 9717.013333333334 | Points= 0.019999999998617568 | Strength= 560 | Points2= 0.07999999999992724 | Strength2= 560 | Tick1= 9716.37 Tick2= 9716.29 Tick3= 9716.31 Tick4= 9716.3 Extra= 9716.3 | LossLevel= 1 | LossCount= 1 | Stake= 10 | Regime= 1 | Score= 60 | Reconfirm= 0 | Guard= false | Reason= BLOCK: QUALITY
2026-09-08,11:49:32 GMT,[SCALPER V3] Direction= 0 | RSI= 100 | SMA2= 9717.065 | SMA3= 9717.013333333334 | Points= 0.010000000000218279 | Strength= 560 | Points2= 0.019999999998617568 | Strength2= 560 | Tick1= 9716.29 Tick2= 9716.31 Tick3= 9716.3 Tick4= 9716.21 Extra= 9716.21 | LossLevel= 1 | LossCount= 1 | Stake= 10 | Regime= 3 | Score= 0 | Reconfirm= 0 | Guard= false | Reason= BLOCK: QUALITY
2026-09-08,11:49:32 GMT,[SCALPER V3] Direction= 0 | RSI= 100 | SMA2= 9717.065 | SMA3= 9717.013333333334 | Points= 0.09000000000014552 | Strength= 560 | Points2= 0.010000000000218279 | Strength2= 560 | Tick1= 9716.31 Tick2= 9716.3 Tick3= 9716.21 Tick4= 9716.15 Extra= 9716.15 | LossLevel= 1 | LossCount= 1 | Stake= 10 | Regime= 3 | Score= 10 | Reconfirm= 0 | Guard= false | Reason= BLOCK: QUALITY
2026-09-08,11:49:32 GMT,[SCALPER V3] Direction= 0 | RSI= 42.857142856957246 | SMA2= 9717.065 | SMA3= 9717.013333333334 | Points= 0.05999999999949068 | Strength= 560 | Points2= 0.09000000000014552 | Strength2= 560 | Tick1= 9716.3 Tick2= 9716.21 Tick3= 9716.15 Tick4= 9716.23 Extra= 9716.23 | LossLevel= 1 | LossCount= 1 | Stake= 10 | Regime= 1 | Score= 60 | Reconfirm= 0 | Guard= false | Reason= BLOCK: QUALITY
2026-09-08,11:49:32 GMT,[SCALPER V3] Direction= 0 | RSI= 65.21739130431344 | SMA2= 9717.065 | SMA3= 9717.013333333334 | Points= 0.07999999999992724 | Strength= 560 | Points2= 0.05999999999949068 | Strength2= 560 | Tick1= 9716.21 Tick2= 9716.15 Tick3= 9716.23 Tick4= 9716.08 Extra= 9716.08 | LossLevel= 1 | LossCount= 1 | Stake= 10 | Regime= 1 | Score= 70 | Reconfirm= 0 | Guard= false | Reason= BLOCK: QUALITY
2026-09-08,11:49:32 GMT,[SCALPER V3] Direction= 0 | RSI= 100 | SMA2= 9717.065 | SMA3= 9717.013333333334 | Points= 0.1499999999996362 | Strength= 560 | Points2= 0.07999999999992724 | Strength2= 560 | Tick1= 9716.15 Tick2= 9716.23 Tick3= 9716.08 Tick4= 9715.97 Extra= 9715.97 | LossLevel= 1 | LossCount= 1 | Stake= 10 | Regime= 2 | Score= 30 | Reconfirm= 0 | Guard= false | Reason= BLOCK: RECONFIRM
2026-09-08,11:49:32 GMT,[SCALPER V3] Direction= 0 | RSI= 28.947368421128203 | SMA2= 9717.065 | SMA3= 9717.013333333334 | Points= 0.11000000000058208 | Strength= 560 | Points2= 0.1499999999996362 | Strength2= 560 | Tick1= 9716.23 Tick2= 9716.08 Tick3= 9715.97 Tick4= 9716.24 Extra= 9716.24 | LossLevel= 1 | LossCount= 1 | Stake= 10 | Regime= 2 | Score= 0 | Reconfirm= 0 | Guard= false | Reason= BLOCK: QUALITY
2026-09-08,11:49:32 GMT,[SCALPER V3] Direction= 0 | RSI= 32.49999999982947 | SMA2= 9717.065 | SMA3= 9717.013333333334 | Points= 0.27000000000043656 | Strength= 560 | Points2= 0.11000000000058208 | Strength2= 560 | Tick1= 9716.08 Tick2= 9715.97 Tick3= 9716.24 Tick4= 9716.11 Extra= 9716.11 | LossLevel= 1 | LossCount= 1 | Stake= 10 | Regime= 2 | Score= 50 | Reconfirm= 0 | Guard= false | Reason= BLOCK: RECONFIRM
2026-09-08,11:49:32 GMT,[SCALPER V3] Direction= 0 | RSI= 100 | SMA2= 9717.065 | SMA3= 9717.013333333334 | Points= 0.12999999999919964 | Strength= 560 | Points2= 0.27000000000043656 | Strength2= 560 | Tick1= 9715.97 Tick2= 9716.24 Tick3= 9716.11 Tick4= 9716.11 Extra= 9716.11 | LossLevel= 1 | LossCount= 1 | Stake= 10 | Regime= 2 | Score= 20 | Reconfirm= 0 | Guard= false | Reason= BLOCK: QUALITY
2026-09-08,11:49:32 GMT,[SCALPER V3] Direction= 0 | RSI= 86.3157894736832 | SMA2= 9717.065 | SMA3= 9717.013333333334 | Points= 0 | Strength= 560 | Points2= 0.12999999999919964 | Strength2= 560 | Tick1= 9716.24 Tick2= 9716.11 Tick3= 9716.11 Tick4= 9715.97 Extra= 9715.97 | LossLevel= 1 | LossCount= 1 | Stake= 10 | Regime= 3 | Score= 0 | Reconfirm= 0 | Guard= false | Reason= BLOCK: QUALITY
2026-09-08,11:49:32 GMT,Loss amount: -10
2026-09-08,11:49:32 GMT,[SCALPER V3] Direction= 0 | RSI= 100 | SMA2= 9717.065 | SMA3= 9717.013333333334 | Points= 0.030000000000654836 | Strength= 560 | Points2= 0.2600000000002183 | Strength2= 560 | Tick1= 9717.35 Tick2= 9717.61 Tick3= 9717.58 Tick4= 9717.41 Extra= 9717.41 | LossLevel= 0 | LossCount= 0 | Stake= 10 | Regime= 3 | Score= 10 | Reconfirm= 1 | Guard= false | Reason= BLOCK: QUALITY
2026-09-08,11:49:32 GMT,[SCALPER V3] Direction= 0 | RSI= 100 | SMA2= 9717.05 | SMA3= 9717.003333333334 | Points= 0.17000000000007276 | Strength= 560 | Points2= 0.030000000000654836 | Strength2= 560 | Tick1= 9717.61 Tick2= 9717.58 Tick3= 9717.41 Tick4= 9717.13 Extra= 9717.13 | LossLevel= 0 | LossCount= 0 | Stake= 10 | Regime= 2 | Score= 40 | Reconfirm= 1 | Guard= false | Reason= BLOCK: SCORE
2026-09-08,11:49:32 GMT,Bought: (ID: 23291740139)
2026-09-08,11:49:32 GMT,[SCALPER V3] Direction= 2 | RSI= 57.14285714280411 | SMA2= 9716.965 | SMA3= 9716.946666666667 | Points= 0.28000000000065484 | Strength= 560 | Points2= 0.17000000000007276 | Strength2= 560 | Tick1= 9717.58 Tick2= 9717.41 Tick3= 9717.13 Tick4= 9717.34 Extra= 9717.34 | LossLevel= 0 | LossCount= 0 | Stake= 10 | Regime= 1 | Score= 100 | Reconfirm= 1 | Guard= true | Reason= READY: TRADE
2026-09-08,11:49:32 GMT,[SCALPER V3] Direction= 0 | RSI= 24.999999999837584 | SMA2= 9716.825 | SMA3= 9716.853333333333 | Points= 0.21000000000094587 | Strength= 560 | Points2= 0.28000000000065484 | Strength2= 560 | Tick1= 9717.41 Tick2= 9717.13 Tick3= 9717.34 Tick4= 9717.27 Extra= 9717.27 | LossLevel= 0 | LossCount= 0 | Stake= 10 | Regime= 2 | Score= 30 | Reconfirm= 1 | Guard= false | Reason= BLOCK: QUALITY
2026-09-08,11:49:32 GMT,[SCALPER V3] Direction= 0 | RSI= 100 | SMA2= 9716.93 | SMA3= 9716.923333333334 | Points= 0.06999999999970896 | Strength= 560 | Points2= 0.21000000000094587 | Strength2= 560 | Tick1= 9717.13 Tick2= 9717.34 Tick3= 9717.27 Tick4= 9717.06 Extra= 9717.06 | LossLevel= 0 | LossCount= 0 | Stake= 10 | Regime= 3 | Score= 10 | Reconfirm= 1 | Guard= false | Reason= BLOCK: QUALITY
2026-09-08,11:49:32 GMT,[SCALPER V3] Direction= 0 | RSI= 100 | SMA2= 9716.895 | SMA3= 9716.9 | Points= 0.21000000000094587 | Strength= 560 | Points2= 0.06999999999970896 | Strength2= 560 | Tick1= 9717.34 Tick2= 9717.27 Tick3= 9717.06 Tick4= 9717.03 Extra= 9717.03 | LossLevel= 0 | LossCount= 0 | Stake= 10 | Regime= 2 | Score= 40 | Reconfirm= 1 | Guard= false | Reason= BLOCK: SCORE
2026-09-08,11:49:32 GMT,[SCALPER V3] Direction= 0 | RSI= 100 | SMA2= 9716.79 | SMA3= 9716.83 | Points= 0.029999999998835847 | Strength= 560 | Points2= 0.21000000000094587 | Strength2= 560 | Tick1= 9717.27 Tick2= 9717.06 Tick3= 9717.03 Tick4= 9716.87 Extra= 9716.87 | LossLevel= 0 | LossCount= 0 | Stake= 10 | Regime= 3 | Score= 10 | Reconfirm= 1 | Guard= false | Reason= BLOCK: QUALITY
2026-09-08,11:49:32 GMT,[SCALPER V3] Direction= 0 | RSI= 100 | SMA2= 9716.775000000001 | SMA3= 9716.82 | Points= 0.15999999999985448 | Strength= 560 | Points2= 0.029999999998835847 | Strength2= 560 | Tick1= 9717.06 Tick2= 9717.03 Tick3= 9716.87 Tick4= 9716.76 Extra= 9716.76 | LossLevel= 0 | LossCount= 0 | Stake= 10 | Regime= 2 | Score= 40 | Reconfirm= 1 | Guard= false | Reason= BLOCK: SCORE
2026-09-08,11:49:32 GMT,[SCALPER V3] Direction= 0 | RSI= 22.91666666680878 | SMA2= 9716.695 | SMA3= 9716.766666666668 | Points= 0.11000000000058208 | Strength= 560 | Points2= 0.15999999999985448 | Strength2= 560 | Tick1= 9717.03 Tick2= 9716.87 Tick3= 9716.76 Tick4= 9717.13 Extra= 9717.13 | LossLevel= 0 | LossCount= 0 | Stake= 10 | Regime= 3 | Score= 10 | Reconfirm= 1 | Guard= false | Reason= BLOCK: QUALITY
2026-09-08,11:49:32 GMT,[SCALPER V3] Direction= 0 | RSI= 0 | SMA2= 9716.64 | SMA3= 9716.730000000001 | Points= 0.36999999999898137 | Strength= 560 | Points2= 0.11000000000058208 | Strength2= 560 | Tick1= 9716.87 Tick2= 9716.76 Tick3= 9717.13 Tick4= 9717.36 Extra= 9717.36 | LossLevel= 0 | LossCount= 0 | Stake= 10 | Regime= 2 | Score= 40 | Reconfirm= 1 | Guard= false | Reason= BLOCK: SCORE
2026-09-08,11:49:32 GMT,[SCALPER V3] Direction= 0 | RSI= 36.111111111153214 | SMA2= 9716.825 | SMA3= 9716.853333333333 | Points= 0.23000000000138243 | Strength= 560 | Points2= 0.36999999999898137 | Strength2= 560 | Tick1= 9716.76 Tick2= 9717.13 Tick3= 9717.36 Tick4= 9717.23 Extra= 9717.23 | LossLevel= 0 | LossCount= 0 | Stake= 10 | Regime= 1 | Score= 90 | Reconfirm= 1 | Guard= false | Reason= BLOCK: QUALITY
2026-09-08,11:49:32 GMT,[SCALPER V3] Direction= 0 | RSI= 86.66666666650498 | SMA2= 9716.94 | SMA3= 9716.93 | Points= 0.13000000000101863 | Strength= 560 | Points2= 0.23000000000138243 | Strength2= 560 | Tick1= 9717.13 Tick2= 9717.36 Tick3= 9717.23 Tick4= 9717.25 Extra= 9717.25 | LossLevel= 0 | LossCount= 0 | Stake= 10 | Regime= 2 | Score= 30 | Reconfirm= 1 | Guard= false | Reason= BLOCK: QUALITY
2026-09-08,11:49:32 GMT,[SCALPER V3] Direction= 0 | RSI= 0 | SMA2= 9716.875 | SMA3= 9716.886666666667 | Points= 0.020000000000436557 | Strength= 560 | Points2= 0.13000000000101863 | Strength2= 560 | Tick1= 9717.36 Tick2= 9717.23 Tick3= 9717.25 Tick4= 9717.43 Extra= 9717.43 | LossLevel= 0 | LossCount= 0 | Stake= 10 | Regime= 3 | Score= 10 | Reconfirm= 1 | Guard= false | Reason= BLOCK: QUALITY
2026-09-08,11:49:32 GMT,[SCALPER V3] Direction= 0 | RSI= 0 | SMA2= 9716.885 | SMA3= 9716.893333333333 | Points= 0.18000000000029104 | Strength= 560 | Points2= 0.020000000000436557 | Strength2= 560 | Tick1= 9717.23 Tick2= 9717.25 Tick3= 9717.43 Tick4= 9717.7 Extra= 9717.7 | LossLevel= 0 | LossCount= 0 | Stake= 10 | Regime= 2 | Score= 40 | Reconfirm= 1 | Guard= false | Reason= BLOCK: SCORE
2026-09-08,11:49:32 GMT,[SCALPER V3] Direction= 0 | RSI= 15.625000000266454 | SMA2= 9716.975 | SMA3= 9716.953333333333 | Points= 0.27000000000043656 | Strength= 560 | Points2= 0.18000000000029104 | Strength2= 560 | Tick1= 9717.25 Tick2= 9717.43 Tick3= 9717.7 Tick4= 9717.65 Extra= 9717.65 | LossLevel= 0 | LossCount= 0 | Stake= 10 | Regime= 2 | Score= 40 | Reconfirm= 1 | Guard= false | Reason= BLOCK: SCORE
2026-09-08,11:49:32 GMT,[SCALPER V3] Direction= 0 | RSI= 18.518518518768033 | SMA2= 9717.11 | SMA3= 9717.043333333333 | Points= 0.050000000001091394 | Strength= 560 | Points2= 0.27000000000043656 | Strength2= 560 | Tick1= 9717.43 Tick2= 9717.7 Tick3= 9717.65 Tick4= 9717.87 Extra= 9717.87 | LossLevel= 0 | LossCount= 0 | Stake= 10 | Regime= 3 | Score= 10 | Reconfirm= 1 | Guard= false | Reason= BLOCK: QUALITY
2026-09-08,11:49:32 GMT,[SCALPER V3] Direction= 0 | RSI= 50 | SMA2= 9717.085 | SMA3= 9717.026666666667 | Points= 0.22000000000116415 | Strength= 560 | Points2= 0.050000000001091394 | Strength2= 560 | Tick1= 9717.7 Tick2= 9717.65 Tick3= 9717.87 Tick4= 9717.65 Extra= 9717.65 | LossLevel= 0 | LossCount= 0 | Stake= 10 | Regime= 1 | Score= 100 | Reconfirm= 1 | Guard= true | Reason= READY: TRADE
2026-09-08,11:49:32 GMT,[SCALPER V3] Direction= 0 | RSI= 95.6521739129747 | SMA2= 9717.195 | SMA3= 9717.1 | Points= 0.22000000000116415 | Strength= 560 | Points2= 0.22000000000116415 | Strength2= 560 | Tick1= 9717.65 Tick2= 9717.87 Tick3= 9717.65 Tick4= 9717.66 Extra= 9717.66 | LossLevel= 0 | LossCount= 0 | Stake= 10 | Regime= 2 | Score= 30 | Reconfirm= 1 | Guard= false | Reason= BLOCK: QUALITY
2026-09-08,11:49:32 GMT,[SCALPER V3] Direction= 2 | RSI= 87.49999999971578 | SMA2= 9717.085 | SMA3= 9717.026666666667 | Points= 0.010000000000218279 | Strength= 560 | Points2= 0.22000000000116415 | Strength2= 560 | Tick1= 9717.87 Tick2= 9717.65 Tick3= 9717.66 Tick4= 9717.59 Extra= 9717.59 | LossLevel= 0 | LossCount= 0 | Stake= 10 | Regime= 3 | Score= 10 | Reconfirm= 1 | Guard= false | Reason= BLOCK: QUALITY
2026-09-08,11:49:32 GMT,[SCALPER V3] Direction= 0 | RSI= 100 | SMA2= 9717.09 | SMA3= 9717.03 | Points= 0.06999999999970896 | Strength= 560 | Points2= 0.010000000000218279 | Strength2= 560 | Tick1= 9717.65 Tick2= 9717.66 Tick3= 9717.59 Tick4= 9717.57 Extra= 9717.57 | LossLevel= 0 | LossCount= 0 | Stake= 10 | Regime= 3 | Score= 20 | Reconfirm= 1 | Guard= false | Reason= BLOCK: QUALITY
2026-09-08,11:49:32 GMT,[SCALPER V3] Direction= 2 | RSI= 100 | SMA2= 9717.055 | SMA3= 9717.006666666666 | Points= 0.020000000000436557 | Strength= 560 | Points2= 0.06999999999970896 | Strength2= 560 | Tick1= 9717.66 Tick2= 9717.59 Tick3= 9717.57 Tick4= 9717.32 Extra= 9717.32 | LossLevel= 0 | LossCount= 0 | Stake= 10 | Regime= 3 | Score= 10 | Reconfirm= 1 | Guard= false | Reason= BLOCK: QUALITY
2026-09-08,11:49:32 GMT,[SCALPER V3] Direction= 2 | RSI= 100 | SMA2= 9717.045 | SMA3= 9717 | Points= 0.25 | Strength= 560 | Points2= 0.020000000000436557 | Strength2= 560 | Tick1= 9717.59 Tick2= 9717.57 Tick3= 9717.32 Tick4= 9717.22 Extra= 9717.22 | LossLevel= 0 | LossCount= 0 | Stake= 10 | Regime= 2 | Score= 40 | Reconfirm= 1 | Guard= false | Reason= BLOCK: SCORE
2026-09-08,11:49:32 GMT,[SCALPER V3] Direction= 2 | RSI= 39.99999999985448 | SMA2= 9716.92 | SMA3= 9716.916666666666 | Points= 0.1000000000003638 | Strength= 560 | Points2= 0.25 | Strength2= 560 | Tick1= 9717.57 Tick2= 9717.32 Tick3= 9717.22 Tick4= 9717.37 Extra= 9717.37 | LossLevel= 0 | LossCount= 0 | Stake= 10 | Regime= 1 | Score= 70 | Reconfirm= 1 | Guard= false | Reason= BLOCK: QUALITY
2026-09-08,11:49:32 GMT,[SCALPER V3] Direction= 0 | RSI= 50 | SMA2= 9716.869999999999 | SMA3= 9716.883333333333 | Points= 0.1500000000014552 | Strength= 560 | Points2= 0.1000000000003638 | Strength2= 560 | Tick1= 9717.32 Tick2= 9717.22 Tick3= 9717.37 Tick4= 9717.22 Extra= 9717.22 | LossLevel= 0 | LossCount= 0 | Stake= 10 | Regime= 2 | Score= 60 | Reconfirm= 1 | Guard= false | Reason= BLOCK: SCORE
2026-09-08,11:49:32 GMT,[SCALPER V3] Direction= 0 | RSI= 100 | SMA2= 9716.945 | SMA3= 9716.933333333334 | Points= 0.1500000000014552 | Strength= 560 | Points2= 0.1500000000014552 | Strength2= 560 | Tick1= 9717.22 Tick2= 9717.37 Tick3= 9717.22 Tick4= 9717.15 Extra= 9717.15 | LossLevel= 0 | LossCount= 0 | Stake= 10 | Regime= 2 | Score= 30 | Reconfirm= 1 | Guard= false | Reason= BLOCK: QUALITY
2026-09-08,11:49:32 GMT,[SCALPER V3] Direction= 0 | RSI= 100 | SMA2= 9716.869999999999 | SMA3= 9716.883333333333 | Points= 0.06999999999970896 | Strength= 560 | Points2= 0.1500000000014552 | Strength2= 560 | Tick1= 9717.37 Tick2= 9717.22 Tick3= 9717.15 Tick4= 9717.04 Extra= 9717.04 | LossLevel= 0 | LossCount= 0 | Stake= 10 | Regime= 3 | Score= 10 | Reconfirm= 1 | Guard= false | Reason= BLOCK: QUALITY
2026-09-08,11:49:32 GMT,[SCALPER V3] Direction= 0 | RSI= 91.66666666780354 | SMA2= 9716.835 | SMA3= 9716.86 | Points= 0.10999999999876309 | Strength= 560 | Points2= 0.06999999999970896 | Strength2= 560 | Tick1= 9717.22 Tick2= 9717.15 Tick3= 9717.04 Tick4= 9717.05 Extra= 9717.05 | LossLevel= 0 | LossCount= 0 | Stake= 10 | Regime= 3 | Score= 20 | Reconfirm= 1 | Guard= false | Reason= BLOCK: QUALITY
2026-09-08,11:49:32 GMT,[SCALPER V3] Direction= 0 | RSI= 94.1176470597047 | SMA2= 9716.78 | SMA3= 9716.823333333334 | Points= 0.00999999999839929 | Strength= 560 | Points2= 0.10999999999876309 | Strength2= 560 | Tick1= 9717.15 Tick2= 9717.04 Tick3= 9717.05 Tick4= 9716.89 Extra= 9716.89 | LossLevel= 0 | LossCount= 0 | Stake= 10 | Regime= 3 | Score= 10 | Reconfirm= 1 | Guard= false | Reason= BLOCK: QUALITY
2026-09-08,11:49:32 GMT,[SCALPER V3] Direction= 0 | RSI= 100 | SMA2= 9716.785 | SMA3= 9716.826666666666 | Points= 0.15999999999985448 | Strength= 560 | Points2= 0.00999999999839929 | Strength2= 560 | Tick1= 9717.04 Tick2= 9717.05 Tick3= 9716.89 Tick4= 9716.67 Extra= 9716.67 | LossLevel= 0 | LossCount= 0 | Stake= 10 | Regime= 2 | Score= 40 | Reconfirm= 1 | Guard= false | Reason= BLOCK: SCORE
2026-09-08,11:49:32 GMT,[SCALPER V3] Direction= 0 | RSI= 100 | SMA2= 9716.705 | SMA3= 9716.773333333333 | Points= 0.21999999999934516 | Strength= 560 | Points2= 0.15999999999985448 | Strength2= 560 | Tick1= 9717.05 Tick2= 9716.89 Tick3= 9716.67 Tick4= 9716.59 Extra= 9716.59 | LossLevel= 0 | LossCount= 0 | Stake= 10 | Regime= 2 | Score= 40 | Reconfirm= 1 | Guard= false | Reason= BLOCK: SCORE
2026-09-08,11:49:32 GMT,[SCALPER V3] Direction= 0 | RSI= 66.66666666717194 | SMA2= 9716.595000000001 | SMA3= 9716.699999999999 | Points= 0.07999999999992724 | Strength= 560 | Points2= 0.21999999999934516 | Strength2= 560 | Tick1= 9716.89 Tick2= 9716.67 Tick3= 9716.59 Tick4= 9716.63 Extra= 9716.63 | LossLevel= 0 | LossCount= 0 | Stake= 10 | Regime= 2 | Score= 30 | Reconfirm= 1 | Guard= false | Reason= BLOCK: QUALITY
2026-09-08,11:49:32 GMT,[SCALPER V3] Direction= 0 | RSI= 80.95238095275218 | SMA2= 9716.555 | SMA3= 9716.673333333334 | Points= 0.039999999999054126 | Strength= 560 | Points2= 0.07999999999992724 | Strength2= 560 | Tick1= 9716.67 Tick2= 9716.59 Tick3= 9716.63 Tick4= 9716.46 Extra= 9716.46 | LossLevel= 0 | LossCount= 0 | Stake= 10 | Regime= 3 | Score= 10 | Reconfirm= 1 | Guard= false | Reason= BLOCK: QUALITY
2026-09-08,11:49:32 GMT,[SCALPER V3] Direction= 0 | RSI= 80.95238095205097 | SMA2= 9716.575 | SMA3= 9716.686666666666 | Points= 0.17000000000007276 | Strength= 560 | Points2= 0.039999999999054126 | Strength2= 560 | Tick1= 9716.59 Tick2= 9716.63 Tick3= 9716.46 Tick4= 9716.5 Extra= 9716.5 | LossLevel= 0 | LossCount= 0 | Stake= 10 | Regime= 2 | Score= 40 | Reconfirm= 1 | Guard= false | Reason= BLOCK: SCORE
2026-09-08,11:49:32 GMT,[SCALPER V3] Direction= 0 | RSI= 0 | SMA2= 9716.49 | SMA3= 9716.63 | Points= 0.040000000000873115 | Strength= 560 | Points2= 0.17000000000007276 | Strength2= 560 | Tick1= 9716.63 Tick2= 9716.46 Tick3= 9716.5 Tick4= 9716.63 Extra= 9716.63 | LossLevel= 0 | LossCount= 0 | Stake= 10 | Regime= 3 | Score= 10 | Reconfirm= 1 | Guard= false | Reason= BLOCK: QUALITY
2026-09-08,11:49:32 GMT,[SCALPER V3] Direction= 0 | RSI= 0 | SMA2= 9716.51 | SMA3= 9716.643333333333 | Points= 0.12999999999919964 | Strength= 560 | Points2= 0.040000000000873115 | Strength2= 560 | Tick1= 9716.46 Tick2= 9716.5 Tick3= 9716.63 Tick4= 9716.74 Extra= 9716.74 | LossLevel= 0 | LossCount= 0 | Stake= 10 | Regime= 2 | Score= 40 | Reconfirm= 1 | Guard= false | Reason= BLOCK: SCORE
2026-09-08,11:49:32 GMT,[SCALPER V3] Direction= 0 | RSI= 44.99999999990905 | SMA2= 9716.575 | SMA3= 9716.686666666666 | Points= 0.11000000000058208 | Strength= 560 | Points2= 0.12999999999919964 | Strength2= 560 | Tick1= 9716.5 Tick2= 9716.63 Tick3= 9716.74 Tick4= 9716.65 Extra= 9716.65 | LossLevel= 0 | LossCount= 0 | Stake= 10 | Regime= 1 | Score= 70 | Reconfirm= 1 | Guard= false | Reason= BLOCK: QUALITY
2026-09-08,11:49:32 GMT,[SCALPER V3] Direction= 0 | RSI= 100 | SMA2= 9716.630000000001 | SMA3= 9716.723333333333 | Points= 0.09000000000014552 | Strength= 560 | Points2= 0.11000000000058208 | Strength2= 560 | Tick1= 9716.63 Tick2= 9716.74 Tick3= 9716.65 Tick4= 9716.62 Extra= 9716.62 | LossLevel= 0 | LossCount= 0 | Stake= 10 | Regime= 3 | Score= 10 | Reconfirm= 1 | Guard= false | Reason= BLOCK: QUALITY
2026-09-08,11:49:32 GMT,[SCALPER V3] Direction= 0 | RSI= 100 | SMA2= 9716.585 | SMA3= 9716.693333333335 | Points= 0.029999999998835847 | Strength= 560 | Points2= 0.09000000000014552 | Strength2= 560 | Tick1= 9716.74 Tick2= 9716.65 Tick3= 9716.62 Tick4= 9716.46 Extra= 9716.46 | LossLevel= 0 | LossCount= 0 | Stake= 10 | Regime= 3 | Score= 10 | Reconfirm= 1 | Guard= false | Reason= BLOCK: QUALITY
2026-09-08,11:49:32 GMT,[SCALPER V3] Direction= 0 | RSI= 57.14285714294994 | SMA2= 9716.57 | SMA3= 9716.683333333334 | Points= 0.16000000000167347 | Strength= 560 | Points2= 0.029999999998835847 | Strength2= 560 | Tick1= 9716.65 Tick2= 9716.62 Tick3= 9716.46 Tick4= 9716.58 Extra= 9716.58 | LossLevel= 0 | LossCount= 0 | Stake= 10 | Regime= 2 | Score= 60 | Reconfirm= 1 | Guard= false | Reason= BLOCK: SCORE
2026-09-08,11:49:32 GMT,[SCALPER V3] Direction= 0 | RSI= 76.47058823514726 | SMA2= 9716.49 | SMA3= 9716.63 | Points= 0.12000000000080036 | Strength= 560 | Points2= 0.16000000000167347 | Strength2= 560 | Tick1= 9716.62 Tick2= 9716.46 Tick3= 9716.58 Tick4= 9716.19 Extra= 9716.19 | LossLevel= 0 | LossCount= 0 | Stake= 10 | Regime= 2 | Score= 30 | Reconfirm= 1 | Guard= false | Reason= BLOCK: QUALITY
2026-09-08,11:49:32 GMT,[SCALPER V3] Direction= 0 | RSI= 86.66666666674752 | SMA2= 9716.55 | SMA3= 9716.67 | Points= 0.3899999999994179 | Strength= 560 | Points2= 0.12000000000080036 | Strength2= 560 | Tick1= 9716.46 Tick2= 9716.58 Tick3= 9716.19 Tick4= 9716.25 Extra= 9716.25 | LossLevel= 0 | LossCount= 0 | Stake= 10 | Regime= 2 | Score= 40 | Reconfirm= 1 | Guard= false | Reason= BLOCK: SCORE
2026-09-08,11:49:32 GMT,[SCALPER V3] Direction= 0 | RSI= 0 | SMA2= 9716.355 | SMA3= 9716.54 | Points= 0.05999999999949068 | Strength= 560 | Points2= 0.3899999999994179 | Strength2= 560 | Tick1= 9716.58 Tick2= 9716.19 Tick3= 9716.25 Tick4= 9716.57 Extra= 9716.57 | LossLevel= 0 | LossCount= 0 | Stake= 10 | Regime= 3 | Score= 10 | Reconfirm= 1 | Guard= false | Reason= BLOCK: QUALITY
2026-09-08,11:49:32 GMT,[SCALPER V3] Direction= 1 | RSI= 0 | SMA2= 9716.385 | SMA3= 9716.56 | Points= 0.31999999999970896 | Strength= 560 | Points2= 0.05999999999949068 | Strength2= 560 | Tick1= 9716.19 Tick2= 9716.25 Tick3= 9716.57 Tick4= 9717 Extra= 9717 | LossLevel= 0 | LossCount= 0 | Stake= 10 | Regime= 2 | Score= 40 | Reconfirm= 1 | Guard= false | Reason= BLOCK: SCORE
2026-09-08,11:49:32 GMT,[SCALPER V3] Direction= 0 | RSI= 15.686274509782933 | SMA2= 9716.545 | SMA3= 9716.666666666666 | Points= 0.43000000000029104 | Strength= 560 | Points2= 0.31999999999970896 | Strength2= 560 | Tick1= 9716.25 Tick2= 9716.57 Tick3= 9717 Tick4= 9716.92 Extra= 9716.92 | LossLevel= 0 | LossCount= 0 | Stake= 10 | Regime= 1 | Score= 80 | Reconfirm= 1 | Guard= true | Reason= READY: TRADE
2026-09-08,11:49:32 GMT,[SCALPER V3] Direction= 0 | RSI= 100 | SMA2= 9716.76 | SMA3= 9716.81 | Points= 0.07999999999992724 | Strength= 560 | Points2= 0.43000000000029104 | Strength2= 560 | Tick1= 9716.57 Tick2= 9717 Tick3= 9716.92 Tick4= 9716.92 Extra= 9716.92 | LossLevel= 0 | LossCount= 0 | Stake= 10 | Regime= 3 | Score= 10 | Reconfirm= 1 | Guard= false | Reason= BLOCK: QUALITY
2026-09-08,11:49:32 GMT,[SCALPER V3] Direction= 0 | RSI= 100 | SMA2= 9716.720000000001 | SMA3= 9716.783333333333 | Points= 0 | Strength= 560 | Points2= 0.07999999999992724 | Strength2= 560 | Tick1= 9717 Tick2= 9716.92 Tick3= 9716.92 Tick4= 9716.81 Extra= 9716.81 | LossLevel= 0 | LossCount= 0 | Stake= 10 | Regime= 3 | Score= 10 | Reconfirm= 1 | Guard= false | Reason= BLOCK: QUALITY
2026-09-08,11:49:32 GMT,[SCALPER V3] Direction= 0 | RSI= 100 | SMA2= 9716.720000000001 | SMA3= 9716.783333333333 | Points= 0.11000000000058208 | Strength= 560 | Points2= 0 | Strength2= 560 | Tick1= 9716.92 Tick2= 9716.92 Tick3= 9716.81 Tick4= 9716.62 Extra= 9716.62 | LossLevel= 0 | LossCount= 0 | Stake= 10 | Regime= 3 | Score= 20 | Reconfirm= 1 | Guard= false | Reason= BLOCK: QUALITY
2026-09-08,11:49:32 GMT,[SCALPER V3] Direction= 0 | RSI= 100 | SMA2= 9716.665 | SMA3= 9716.746666666666 | Points= 0.18999999999869033 | Strength= 560 | Points2= 0.11000000000058208 | Strength2= 560 | Tick1= 9716.92 Tick2= 9716.81 Tick3= 9716.62 Tick4= 9716.5 Extra= 9716.5 | LossLevel= 0 | LossCount= 0 | Stake= 10 | Regime= 2 | Score= 40 | Reconfirm= 1 | Guard= false | Reason= BLOCK: SCORE
2026-09-08,11:49:32 GMT,[SCALPER V3] Direction= 0 | RSI= 52.173913043512655 | SMA2= 9716.57 | SMA3= 9716.683333333334 | Points= 0.12000000000080036 | Strength= 560 | Points2= 0.18999999999869033 | Strength2= 560 | Tick1= 9716.81 Tick2= 9716.62 Tick3= 9716.5 Tick4= 9716.61 Extra= 9716.61 | LossLevel= 0 | LossCount= 0 | Stake= 10 | Regime= 2 | Score= 50 | Reconfirm= 1 | Guard= false | Reason= BLOCK: QUALITY
2026-09-08,11:49:32 GMT,[SCALPER V3] Direction= 0 | RSI= 0 | SMA2= 9716.51 | SMA3= 9716.643333333333 | Points= 0.11000000000058208 | Strength= 560 | Points2= 0.12000000000080036 | Strength2= 560 | Tick1= 9716.62 Tick2= 9716.5 Tick3= 9716.61 Tick4= 9716.79 Extra= 9716.79 | LossLevel= 0 | LossCount= 0 | Stake= 10 | Regime= 3 | Score= 10 | Reconfirm= 1 | Guard= false | Reason= BLOCK: QUALITY
2026-09-08,11:49:32 GMT,[SCALPER V3] Direction= 0 | RSI= 63.26530612250959 | SMA2= 9716.565 | SMA3= 9716.68 | Points= 0.18000000000029104 | Strength= 560 | Points2= 0.11000000000058208 | Strength2= 560 | Tick1= 9716.5 Tick2= 9716.61 Tick3= 9716.79 Tick4= 9716.48 Extra= 9716.48 | LossLevel= 0 | LossCount= 0 | Stake= 10 | Regime= 2 | Score= 60 | Reconfirm= 1 | Guard= false | Reason= BLOCK: SCORE
2026-09-08,11:49:32 GMT,[SCALPER V3] Direction= 0 | RSI= 88.57142857125038 | SMA2= 9716.655 | SMA3= 9716.74 | Points= 0.3100000000013097 | Strength= 560 | Points2= 0.18000000000029104 | Strength2= 560 | Tick1= 9716.61 Tick2= 9716.79 Tick3= 9716.48 Tick4= 9716.52 Extra= 9716.52 | LossLevel= 0 | LossCount= 0 | Stake= 10 | Regime= 2 | Score= 40 | Reconfirm= 1 | Guard= false | Reason= BLOCK: SCORE
2026-09-08,11:49:32 GMT,[SCALPER V3] Direction= 0 | RSI= 88.57142857125038 | SMA2= 9716.5 | SMA3= 9716.636666666667 | Points= 0.040000000000873115 | Strength= 560 | Points2= 0.3100000000013097 | Strength2= 560 | Tick1= 9716.79 Tick2= 9716.48 Tick3= 9716.52 Tick4= 9716.21 Extra= 9716.21 | LossLevel= 0 | LossCount= 0 | Stake= 10 | Regime= 3 | Score= 10 | Reconfirm= 1 | Guard= false | Reason= BLOCK: QUALITY
2026-09-08,11:49:32 GMT,[SCALPER V3] Direction= 0 | RSI= 100 | SMA2= 9716.715 | SMA3= 9716.823333333334 | Points= 0.3100000000013097 | Strength= 560 | Points2= 0.040000000000873115 | Strength2= 560 | Tick1= 9716.48 Tick2= 9716.52 Tick3= 9716.21 Tick4= 9716.19 Extra= 9716.19 | LossLevel= 0 | LossCount= 0 | Stake= 10 | Regime= 2 | Score= 40 | Reconfirm= 1 | Guard= false | Reason= BLOCK: SCORE
2026-09-08,11:49:32 GMT,[SCALPER V3] Direction= 0 | RSI= 100 | SMA2= 9716.56 | SMA3= 9716.72 | Points= 0.019999999998617568 | Strength= 560 | Points2= 0.3100000000013097 | Strength2= 560 | Tick1= 9716.52 Tick2= 9716.21 Tick3= 9716.19 Tick4= 9716 Extra= 9716 | LossLevel= 0 | LossCount= 0 | Stake= 10 | Regime= 3 | Score= 10 | Reconfirm= 1 | Guard= false | Reason= BLOCK: QUALITY
2026-09-08,11:49:32 GMT,[SCALPER V3] Direction= 0 | RSI= 100 | SMA2= 9716.55 | SMA3= 9716.713333333333 | Points= 0.19000000000050932 | Strength= 560 | Points2= 0.019999999998617568 | Strength2= 560 | Tick1= 9716.21 Tick2= 9716.19 Tick3= 9716 Tick4= 9715.74 Extra= 9715.74 | LossLevel= 0 | LossCount= 0 | Stake= 10 | Regime= 2 | Score= 40 | Reconfirm= 1 | Guard= false | Reason= BLOCK: SCORE
2026-09-08,11:49:32 GMT,[SCALPER V3] Direction= 0 | RSI= 60.46511627907961 | SMA2= 9716.455 | SMA3= 9716.65 | Points= 0.2600000000002183 | Strength= 560 | Points2= 0.19000000000050932 | Strength2= 560 | Tick1= 9716.19 Tick2= 9716 Tick3= 9715.74 Tick4= 9715.91 Extra= 9715.91 | LossLevel= 0 | LossCount= 0 | Stake= 10 | Regime= 2 | Score= 60 | Reconfirm= 1 | Guard= false | Reason= BLOCK: SCORE
2026-09-08,11:49:32 GMT,[SCALPER V3] Direction= 0 | RSI= 0 | SMA2= 9716.325 | SMA3= 9716.563333333334 | Points= 0.17000000000007276 | Strength= 560 | Points2= 0.2600000000002183 | Strength2= 560 | Tick1= 9716 Tick2= 9715.74 Tick3= 9715.91 Tick4= 9715.98 Extra= 9715.98 | LossLevel= 0 | LossCount= 0 | Stake= 10 | Regime= 2 | Score= 30 | Reconfirm= 1 | Guard= false | Reason= BLOCK: QUALITY
2026-09-08,11:49:32 GMT,[SCALPER V3] Direction= 0 | RSI= 0 | SMA2= 9716.41 | SMA3= 9716.62 | Points= 0.06999999999970896 | Strength= 560 | Points2= 0.17000000000007276 | Strength2= 560 | Tick1= 9715.74 Tick2= 9715.91 Tick3= 9715.98 Tick4= 9716.07 Extra= 9716.07 | LossLevel= 0 | LossCount= 0 | Stake= 10 | Regime= 3 | Score= 10 | Reconfirm= 1 | Guard= false | Reason= BLOCK: QUALITY
2026-09-08,11:49:32 GMT,[SCALPER V3] Direction= 0 | RSI= 59.09090909072118 | SMA2= 9716.445 | SMA3= 9716.643333333333 | Points= 0.09000000000014552 | Strength= 560 | Points2= 0.06999999999970896 | Strength2= 560 | Tick1= 9715.91 Tick2= 9715.98 Tick3= 9716.07 Tick4= 9715.94 Extra= 9715.94 | LossLevel= 0 | LossCount= 0 | Stake= 10 | Regime= 1 | Score= 80 | Reconfirm= 1 | Guard= false | Reason= BLOCK: QUALITY
2026-09-08,11:49:32 GMT,[SCALPER V3] Direction= 0 | RSI= 100 | SMA2= 9716.49 | SMA3= 9716.673333333334 | Points= 0.12999999999919964 | Strength= 560 | Points2= 0.09000000000014552 | Strength2= 560 | Tick1= 9715.98 Tick2= 9716.07 Tick3= 9715.94 Tick4= 9715.91 Extra= 9715.91 | LossLevel= 0 | LossCount= 0 | Stake= 10 | Regime= 2 | Score= 40 | Reconfirm= 1 | Guard= false | Reason= BLOCK: SCORE
2026-09-08,11:49:32 GMT,[SCALPER V3] Direction= 0 | RSI= 100 | SMA2= 9716.425 | SMA3= 9716.63 | Points= 0.030000000000654836 | Strength= 560 | Points2= 0.12999999999919964 | Strength2= 560 | Tick1= 9716.07 Tick2= 9715.94 Tick3= 9715.91 Tick4= 9715.85 Extra= 9715.85 | LossLevel= 0 | LossCount= 0 | Stake= 10 | Regime= 3 | Score= 10 | Reconfirm= 1 | Guard= false | Reason= BLOCK: QUALITY
2026-09-08,11:49:32 GMT,[SCALPER V3] Direction= 0 | RSI= 19.99999999987874 | SMA2= 9716.41 | SMA3= 9716.62 | Points= 0.05999999999949068 | Strength= 560 | Points2= 0.030000000000654836 | Strength2= 560 | Tick1= 9715.94 Tick2= 9715.91 Tick3= 9715.85 Tick4= 9716.09 Extra= 9716.09 | LossLevel= 0 | LossCount= 0 | Stake= 10 | Regime= 3 | Score= 20 | Reconfirm= 1 | Guard= false | Reason= BLOCK: QUALITY
2026-09-08,11:49:32 GMT,[SCALPER V3] Direction= 0 | RSI= 0 | SMA2= 9716.380000000001 | SMA3= 9716.6 | Points= 0.23999999999978172 | Strength= 560 | Points2= 0.05999999999949068 | Strength2= 560 | Tick1= 9715.91 Tick2= 9715.85 Tick3= 9716.09 Tick4= 9716.14 Extra= 9716.14 | LossLevel= 0 | LossCount= 0 | Stake= 10 | Regime= 2 | Score= 40 | Reconfirm= 1 | Guard= false | Reason= BLOCK: SCORE
2026-09-08,11:49:32 GMT,[SCALPER V3] Direction= 0 | RSI= 85.29411764720044 | SMA2= 9716.5 | SMA3= 9716.68 | Points= 0.049999999999272404 | Strength= 560 | Points2= 0.23999999999978172 | Strength2= 560 | Tick1= 9715.85 Tick2= 9716.09 Tick3= 9716.14 Tick4= 9715.85 Extra= 9715.85 | LossLevel= 0 | LossCount= 0 | Stake= 10 | Regime= 3 | Score= 10 | Reconfirm= 1 | Guard= false | Reason= BLOCK: QUALITY
2026-09-08,11:49:32 GMT,[SCALPER V3] Direction= 0 | RSI= 100 | SMA2= 9716.525 | SMA3= 9716.696666666667 | Points= 0.2899999999990541 | Strength= 560 | Points2= 0.049999999999272404 | Strength2= 560 | Tick1= 9716.09 Tick2= 9716.14 Tick3= 9715.85 Tick4= 9715.82 Extra= 9715.82 | LossLevel= 0 | LossCount= 0 | Stake= 10 | Regime= 2 | Score= 40 | Reconfirm= 1 | Guard= false | Reason= BLOCK: SCORE
2026-09-08,11:49:32 GMT,[SCALPER V3] Direction= 0 | RSI= 100 | SMA2= 9716.380000000001 | SMA3= 9716.6 | Points= 0.030000000000654836 | Strength= 560 | Points2= 0.2899999999990541 | Strength2= 560 | Tick1= 9716.14 Tick2= 9715.85 Tick3= 9715.82 Tick4= 9715.65 Extra= 9715.65 | LossLevel= 0 | LossCount= 0 | Stake= 10 | Regime= 3 | Score= 10 | Reconfirm= 1 | Guard= false | Reason= BLOCK: QUALITY
2026-09-08,11:49:32 GMT,[SCALPER V3] Direction= 0 | RSI= 62.96296296288811 | SMA2= 9716.365 | SMA3= 9716.59 | Points= 0.17000000000007276 | Strength= 560 | Points2= 0.030000000000654836 | Strength2= 560 | Tick1= 9715.85 Tick2= 9715.82 Tick3= 9715.65 Tick4= 9715.75 Extra= 9715.75 | LossLevel= 0 | LossCount= 0 | Stake= 10 | Regime= 2 | Score= 60 | Reconfirm= 1 | Guard= false | Reason= BLOCK: SCORE
2026-09-08,11:49:32 GMT,[SCALPER V3] Direction= 0 | RSI= 0 | SMA2= 9716.279999999999 | SMA3= 9716.533333333333 | Points= 0.1000000000003638 | Strength= 560 | Points2= 0.17000000000007276 | Strength2= 560 | Tick1= 9715.82 Tick2= 9715.65 Tick3= 9715.75 Tick4= 9715.76 Extra= 9715.76 | LossLevel= 0 | LossCount= 0 | Stake= 10 | Regime= 3 | Score= 10 | Reconfirm= 1 | Guard= false | Reason= BLOCK: QUALITY
2026-09-08,11:49:32 GMT,[SCALPER V3] Direction= 0 | RSI= 94.73684210516238 | SMA2= 9716.33 | SMA3= 9716.566666666668 | Points= 0.010000000000218279 | Strength= 560 | Points2= 0.1000000000003638 | Strength2= 560 | Tick1= 9715.65 Tick2= 9715.75 Tick3= 9715.76 Tick4= 9715.58 Extra= 9715.58 | LossLevel= 0 | LossCount= 0 | Stake= 10 | Regime= 3 | Score= 10 | Reconfirm= 1 | Guard= false | Reason= BLOCK: QUALITY
2026-09-08,11:49:32 GMT,[SCALPER V3] Direction= 0 | RSI= 100 | SMA2= 9716.335 | SMA3= 9716.57 | Points= 0.18000000000029104 | Strength= 560 | Points2= 0.010000000000218279 | Strength2= 560 | Tick1= 9715.75 Tick2= 9715.76 Tick3= 9715.58 Tick4= 9715.52 Extra= 9715.52 | LossLevel= 0 | LossCount= 0 | Stake= 10 | Regime= 2 | Score= 40 | Reconfirm= 1 | Guard= false | Reason= BLOCK: SCORE
2026-09-08,11:49:32 GMT,[SCALPER V3] Direction= 0 | RSI= 39.99999999975747 | SMA2= 9716.244999999999 | SMA3= 9716.51 | Points= 0.05999999999949068 | Strength= 560 | Points2= 0.18000000000029104 | Strength2= 560 | Tick1= 9715.76 Tick2= 9715.58 Tick3= 9715.52 Tick4= 9715.61 Extra= 9715.61 | LossLevel= 0 | LossCount= 0 | Stake= 10 | Regime= 2 | Score= 30 | Reconfirm= 1 | Guard= false | Reason= BLOCK: QUALITY
2026-09-08,11:49:32 GMT,[SCALPER V3] Direction= 0 | RSI= 0 | SMA2= 9716.215 | SMA3= 9716.49 | Points= 0.09000000000014552 | Strength= 560 | Points2= 0.05999999999949068 | Strength2= 560 | Tick1= 9715.58 Tick2= 9715.52 Tick3= 9715.61 Tick4= 9716.05 Extra= 9716.05 | LossLevel= 0 | LossCount= 0 | Stake= 10 | Regime= 3 | Score= 20 | Reconfirm= 1 | Guard= false | Reason= BLOCK: QUALITY
2026-09-08,11:49:32 GMT,[SCALPER V3] Direction= 0 | RSI= 10.204081632547002 | SMA2= 9716.26 | SMA3= 9716.52 | Points= 0.4399999999986903 | Strength= 560 | Points2= 0.09000000000014552 | Strength2= 560 | Tick1= 9715.52 Tick2= 9715.61 Tick3= 9716.05 Tick4= 9716 Extra= 9716 | LossLevel= 0 | LossCount= 0 | Stake= 10 | Regime= 1 | Score= 80 | Reconfirm= 1 | Guard= true | Reason= READY: TRADE
2026-09-08,11:49:32 GMT,[SCALPER V3] Direction= 0 | RSI= 21.739130434507516 | SMA2= 9716.48 | SMA3= 9716.666666666666 | Points= 0.049999999999272404 | Strength= 560 | Points2= 0.4399999999986903 | Strength2= 560 | Tick1= 9715.61 Tick2= 9716.05 Tick3= 9716 Tick4= 9716.18 Extra= 9716.18 | LossLevel= 0 | LossCount= 0 | Stake= 10 | Regime= 3 | Score= 10 | Reconfirm= 1 | Guard= false | Reason= BLOCK: QUALITY
2026-09-08,11:49:32 GMT,[SCALPER V3] Direction= 0 | RSI= 33.33333333333333 | SMA2= 9716.455 | SMA3= 9716.65 | Points= 0.18000000000029104 | Strength= 560 | Points2= 0.049999999999272404 | Strength2= 560 | Tick1= 9716.05 Tick2= 9716 Tick3= 9716.18 Tick4= 9716.09 Extra= 9716.09 | LossLevel= 0 | LossCount= 0 | Stake= 10 | Regime= 1 | Score= 100 | Reconfirm= 1 | Guard= true | Reason= READY: TRADE
2026-09-08,11:49:32 GMT,[SCALPER V3] Direction= 0 | RSI= 100 | SMA2= 9716.545 | SMA3= 9716.710000000001 | Points= 0.09000000000014552 | Strength= 560 | Points2= 0.18000000000029104 | Strength2= 560 | Tick1= 9716 Tick2= 9716.18 Tick3= 9716.09 Tick4= 9715.9 Extra= 9715.9 | LossLevel= 0 | LossCount= 0 | Stake= 10 | Regime= 3 | Score= 10 | Reconfirm= 1 | Guard= false | Reason= BLOCK: QUALITY
2026-09-08,11:49:32 GMT,[SCALPER V3] Direction= 0 | RSI= 45.238095238208665 | SMA2= 9716.5 | SMA3= 9716.68 | Points= 0.19000000000050932 | Strength= 560 | Points2= 0.09000000000014552 | Strength2= 560 | Tick1= 9716.18 Tick2= 9716.09 Tick3= 9715.9 Tick4= 9716.13 Extra= 9716.13 | LossLevel= 0 | LossCount= 0 | Stake= 10 | Regime= 2 | Score= 60 | Reconfirm= 1 | Guard= false | Reason= BLOCK: SCORE
2026-09-08,11:49:32 GMT,[SCALPER V3] Direction= 0 | RSI= 58.18181818184224 | SMA2= 9716.404999999999 | SMA3= 9716.616666666667 | Points= 0.22999999999956344 | Strength= 560 | Points2= 0.19000000000050932 | Strength2= 560 | Tick1= 9716.09 Tick2= 9715.9 Tick3= 9716.13 Tick4= 9715.81 Extra= 9715.81 | LossLevel= 0 | LossCount= 0 | Stake= 10 | Regime= 2 | Score= 60 | Reconfirm= 1 | Guard= false | Reason= BLOCK: SCORE
2026-09-08,11:49:32 GMT,[SCALPER V3] Direction= 0 | RSI= 62.74509803913176 | SMA2= 9716.52 | SMA3= 9716.693333333335 | Points= 0.31999999999970896 | Strength= 560 | Points2= 0.22999999999956344 | Strength2= 560 | Tick1= 9715.9 Tick2= 9716.13 Tick3= 9715.81 Tick4= 9716 Extra= 9716 | LossLevel= 0 | LossCount= 0 | Stake= 10 | Regime= 1 | Score= 100 | Reconfirm= 1 | Guard= true | Reason= READY: TRADE
2026-09-08,11:49:32 GMT,[SCALPER V3] Direction= 0 | RSI= 0 | SMA2= 9716.36 | SMA3= 9716.586666666668 | Points= 0.19000000000050932 | Strength= 560 | Points2= 0.31999999999970896 | Strength2= 560 | Tick1= 9716.13 Tick2= 9715.81 Tick3= 9716 Tick4= 9716.1 Extra= 9716.1 | LossLevel= 0 | LossCount= 0 | Stake= 10 | Regime= 2 | Score= 30 | Reconfirm= 1 | Guard= false | Reason= BLOCK: QUALITY
2026-09-08,11:49:32 GMT,[SCALPER V3] Direction= 0 | RSI= 64.28571428566788 | SMA2= 9716.455 | SMA3= 9716.65 | Points= 0.1000000000003638 | Strength= 560 | Points2= 0.19000000000050932 | Strength2= 560 | Tick1= 9715.81 Tick2= 9716 Tick3= 9716.1 Tick4= 9715.92 Extra= 9715.92 | LossLevel= 0 | LossCount= 0 | Stake= 10 | Regime= 1 | Score= 70 | Reconfirm= 1 | Guard= false | Reason= BLOCK: QUALITY
2026-09-08,11:49:32 GMT,[SCALPER V3] Direction= 0 | RSI= 100 | SMA2= 9716.505000000001 | SMA3= 9716.683333333334 | Points= 0.18000000000029104 | Strength= 560 | Points2= 0.1000000000003638 | Strength2= 560 | Tick1= 9716 Tick2= 9716.1 Tick3= 9715.92 Tick4= 9715.92 Extra= 9715.92 | LossLevel= 0 | LossCount= 0 | Stake= 10 | Regime= 2 | Score= 40 | Reconfirm= 1 | Guard= false | Reason= BLOCK: SCORE
2026-09-08,11:49:32 GMT,[SCALPER V3] Direction= 0 | RSI= 100 | SMA2= 9716.415 | SMA3= 9716.623333333335 | Points= 0 | Strength= 560 | Points2= 0.18000000000029104 | Strength2= 560 | Tick1= 9716.1 Tick2= 9715.92 Tick3= 9715.92 Tick4= 9715.68 Extra= 9715.68 | LossLevel= 0 | LossCount= 0 | Stake= 10 | Regime= 3 | Score= 10 | Reconfirm= 1 | Guard= false | Reason= BLOCK: QUALITY
2026-09-08,11:49:32 GMT,[SCALPER V3] Direction= 0 | RSI= 85.71428571456413 | SMA2= 9716.415 | SMA3= 9716.623333333335 | Points= 0.23999999999978172 | Strength= 560 | Points2= 0 | Strength2= 560 | Tick1= 9715.92 Tick2= 9715.92 Tick3= 9715.68 Tick4= 9715.72 Extra= 9715.72 | LossLevel= 0 | LossCount= 0 | Stake= 10 | Regime= 2 | Score= 40 | Reconfirm= 1 | Guard= false | Reason= BLOCK: SCORE
2026-09-08,11:49:32 GMT,[SCALPER V3] Direction= 0 | RSI= 85.71428571456413 | SMA2= 9716.295 | SMA3= 9716.543333333333 | Points= 0.039999999999054126 | Strength= 560 | Points2= 0.23999999999978172 | Strength2= 560 | Tick1= 9715.92 Tick2= 9715.68 Tick3= 9715.72 Tick4= 9715.48 Extra= 9715.48 | LossLevel= 0 | LossCount= 0 | Stake= 10 | Regime= 3 | Score= 10 | Reconfirm= 1 | Guard= false | Reason= BLOCK: QUALITY
2026-09-08,11:49:32 GMT,[SCALPER V3] Direction= 0 | RSI= 100 | SMA2= 9716.314999999999 | SMA3= 9716.556666666665 | Points= 0.23999999999978172 | Strength= 560 | Points2= 0.039999999999054126 | Strength2= 560 | Tick1= 9715.68 Tick2= 9715.72 Tick3= 9715.48 Tick4= 9715.19 Extra= 9715.19 | LossLevel= 0 | LossCount= 0 | Stake= 10 | Regime= 2 | Score= 40 | Reconfirm= 1 | Guard= false | Reason= BLOCK: SCORE
2026-09-08,11:49:32 GMT,[SCALPER V3] Direction= 0 | RSI= 100 | SMA2= 9716.195 | SMA3= 9716.476666666667 | Points= 0.2899999999990541 | Strength= 560 | Points2= 0.23999999999978172 | Strength2= 560 | Tick1= 9715.72 Tick2= 9715.48 Tick3= 9715.19 Tick4= 9715.15 Extra= 9715.15 | LossLevel= 0 | LossCount= 0 | Stake= 10 | Regime= 2 | Score= 40 | Reconfirm= 1 | Guard= false | Reason= BLOCK: SCORE
2026-09-08,11:49:32 GMT,[SCALPER V3] Direction= 0 | RSI= 100 | SMA2= 9716.05 | SMA3= 9716.38 | Points= 0.040000000000873115 | Strength= 560 | Points2= 0.2899999999990541 | Strength2= 560 | Tick1= 9715.48 Tick2= 9715.19 Tick3= 9715.15 Tick4= 9714.96 Extra= 9714.96 | LossLevel= 0 | LossCount= 0 | Stake= 10 | Regime= 3 | Score= 10 | Reconfirm= 1 | Guard= false | Reason= BLOCK: QUALITY
2026-09-08,11:49:32 GMT,[SCALPER V3] Direction= 0 | RSI= 57.57575757560724 | SMA2= 9716.029999999999 | SMA3= 9716.366666666667 | Points= 0.19000000000050932 | Strength= 560 | Points2= 0.040000000000873115 | Strength2= 560 | Tick1= 9715.19 Tick2= 9715.15 Tick3= 9714.96 Tick4= 9715.1 Extra= 9715.1 | LossLevel= 0 | LossCount= 0 | Stake= 10 | Regime= 2 | Score= 60 | Reconfirm= 1 | Guard= false | Reason= BLOCK: SCORE
2026-09-08,11:49:32 GMT,[SCALPER V3] Direction= 0 | RSI= 0 | SMA2= 9715.935 | SMA3= 9716.303333333333 | Points= 0.1400000000012369 | Strength= 560 | Points2= 0.19000000000050932 | Strength2= 560 | Tick1= 9715.15 Tick2= 9714.96 Tick3= 9715.1 Tick4= 9715.39 Extra= 9715.39 | LossLevel= 0 | LossCount= 0 | Stake= 10 | Regime= 2 | Score= 30 | Reconfirm= 1 | Guard= false | Reason= BLOCK: QUALITY
2026-09-08,11:49:32 GMT,[SCALPER V3] Direction= 1 | RSI= 0 | SMA2= 9716.005000000001 | SMA3= 9716.35 | Points= 0.2899999999990541 | Strength= 560 | Points2= 0.1400000000012369 | Strength2= 560 | Tick1= 9714.96 Tick2= 9715.1 Tick3= 9715.39 Tick4= 9715.66 Extra= 9715.66 | LossLevel= 0 | LossCount= 0 | Stake= 10 | Regime= 2 | Score= 40 | Reconfirm= 1 | Guard= false | Reason= BLOCK: SCORE
2026-09-08,11:49:32 GMT,[SCALPER V3] Direction= 1 | RSI= 41.304347826112746 | SMA2= 9716.15 | SMA3= 9716.446666666667 | Points= 0.27000000000043656 | Strength= 560 | Points2= 0.2899999999990541 | Strength2= 560 | Tick1= 9715.1 Tick2= 9715.39 Tick3= 9715.66 Tick4= 9715.47 Extra= 9715.47 | LossLevel= 0 | LossCount= 0 | Stake= 10 | Regime= 1 | Score= 90 | Reconfirm= 1 | Guard= false | Reason= BLOCK: QUALITY
2026-09-08,11:49:32 GMT,[SCALPER V3] Direction= 0 | RSI= 100 | SMA2= 9716.285 | SMA3= 9716.536666666667 | Points= 0.19000000000050932 | Strength= 560 | Points2= 0.27000000000043656 | Strength2= 560 | Tick1= 9715.39 Tick2= 9715.66 Tick3= 9715.47 Tick4= 9715.45 Extra= 9715.45 | LossLevel= 0 | LossCount= 0 | Stake= 10 | Regime= 2 | Score= 30 | Reconfirm= 1 | Guard= false | Reason= BLOCK: QUALITY
2026-09-08,11:49:32 GMT,[SCALPER V3] Direction= 0 | RSI= 100 | SMA2= 9716.189999999999 | SMA3= 9716.473333333333 | Points= 0.019999999998617568 | Strength= 560 | Points2= 0.19000000000050932 | Strength2= 560 | Tick1= 9715.66 Tick2= 9715.47 Tick3= 9715.45 Tick4= 9715.2 Extra= 9715.2 | LossLevel= 0 | LossCount= 0 | Stake= 10 | Regime= 3 | Score= 10 | Reconfirm= 1 | Guard= false | Reason= BLOCK: QUALITY
2026-09-08,11:49:32 GMT,[SCALPER V3] Direction= 0 | RSI= 100 | SMA2= 9716.18 | SMA3= 9716.466666666667 | Points= 0.25 | Strength= 560 | Points2= 0.019999999998617568 | Strength2= 560 | Tick1= 9715.47 Tick2= 9715.45 Tick3= 9715.2 Tick4= 9715.08 Extra= 9715.08 | LossLevel= 0 | LossCount= 0 | Stake= 10 | Regime= 2 | Score= 40 | Reconfirm= 1 | Guard= false | Reason= BLOCK: SCORE
2026-09-08,11:49:32 GMT,[SCALPER V3] Direction= 0 | RSI= 100 | SMA2= 9716.055 | SMA3= 9716.383333333333 | Points= 0.12000000000080036 | Strength= 560 | Points2= 0.25 | Strength2= 560 | Tick1= 9715.45 Tick2= 9715.2 Tick3= 9715.08 Tick4= 9715 Extra= 9715 | LossLevel= 0 | LossCount= 0 | Stake= 10 | Regime= 2 | Score= 30 | Reconfirm= 1 | Guard= false | Reason= BLOCK: QUALITY
2026-09-08,11:49:32 GMT,[SCALPER V3] Direction= 0 | RSI= NaN | SMA2= 9716.055 | SMA3= 9716.383333333333 | Points= 0.07999999999992724 | Strength= 560 | Points2= 0.12000000000080036 | Strength2= 560 | Tick1= 9715.2 Tick2= 9715.08 Tick3= 9715 Tick4= 9715.29 Extra= 9715.29 | LossLevel= 0 | LossCount= 0 | Stake= 10 | Regime= 2 | Score= 10 | Reconfirm= 1 | Guard= false | Reason= BLOCK: QUALITY