 Date,Time,Message
2026-09-10,21:39:05 GMT,YOU WON | Total profit: $ 32.71
2026-09-10,21:39:05 GMT,Profit amount: 3.7
2026-09-10,21:39:05 GMT,Bought: Win payout if the last digit of Volatility 10 (1s) Index is strictly lower than 7 after 1 ticks. (ID: 23909062339)
2026-09-10,21:39:05 GMT,UNDER 7 SIGNAL | ID= 2412 | DIGIT= 8 | REGIME= WINNERS ADVANCING | PREV REGIME= WARMUP | 0 P= 3.3 T= 0 A= -20 D= -7.5 | 1 P= 13.3 T= 0 A= -20 D= -2.5 | 2 P= 10 T= 5 A= 30 D= 8.5 | 3 P= 3.3 T= -5 A= 10 D= -3.5 | 4 P= 13.3 T= 5 A= 10 D= 6 | 5 P= 13.3 T= 0 A= -20 D= -2.5 | 6 P= 20 T= 0 A= 0 D= 5 | 7 P= 3.3 T= -5 A= 10 D= -3.5 | 8 P= 13.3 T= 5 A= 10 D= 6 | 9 P= 6.7 T= -5 A= -10 D= -6 | DOMINANT THREAT= 8 ( 6 ) | D79 WEIGHTED= 0.7 | THREAT BREADTH= 1 | LOSER ACCEL BREADTH= 2 | THREAT CONCENTRATION= 57.1 % | T LOSS= -1.7 | A LOSS= 3.3 | EVEN LEADER= 2 | EVEN FASTEST= 2 | D EVEN= 3 | T EVEN= 2.5 | A EVEN= 5 | EVEN ACCEL BREADTH= 2 | A WIN= -1.4 | A EDGE= -4.8 | A EVEN EDGE= 1.7 | DEEP UNDER7%= 72.9 | PREDICTION= 7 | STAKE= 10 | LOSS STREAK= 0 | VETO=
2026-09-10,21:39:05 GMT,UNDER 7 SIGNAL | ID= 2411 | DIGIT= 2 | REGIME= WINNERS ADVANCING | PREV REGIME= WARMUP | 0 P= 3.3 T= 0 A= -20 D= -7.5 | 1 P= 13.3 T= 0 A= -20 D= -2.5 | 2 P= 10 T= 5 A= 30 D= 8.5 | 3 P= 3.3 T= -5 A= 10 D= -3.5 | 4 P= 13.3 T= 5 A= 10 D= 6 | 5 P= 13.3 T= 5 A= 10 D= 6 | 6 P= 20 T= 0 A= 0 D= 5 | 7 P= 3.3 T= -5 A= 10 D= -3.5 | 8 P= 10 T= 0 A= 0 D= 0 | 9 P= 10 T= -5 A= -30 D= -8.5 | DOMINANT THREAT= 8 ( 0 ) | D79 WEIGHTED= -2.7 | THREAT BREADTH= 0 | LOSER ACCEL BREADTH= 1 | THREAT CONCENTRATION= 42.9 % | T LOSS= -3.3 | A LOSS= -6.7 | EVEN LEADER= 2 | EVEN FASTEST= 2 | D EVEN= 3 | T EVEN= 2.5 | A EVEN= 5 | EVEN ACCEL BREADTH= 2 | A WIN= 2.9 | A EDGE= 9.5 | A EVEN EDGE= 11.7 | DEEP UNDER7%= 73 | PREDICTION= 7 | STAKE= 10 | LOSS STREAK= 0 | VETO= NO FRESH 7-9 TRIGGER
2026-09-10,21:39:05 GMT,UNDER 7 SIGNAL | ID= 2410 | DIGIT= 5 | REGIME= WINNERS ADVANCING | PREV REGIME= WARMUP | 0 P= 3.3 T= 0 A= -20 D= -7.5 | 1 P= 13.3 T= 0 A= -20 D= -2.5 | 2 P= 6.7 T= 0 A= 20 D= 2.5 | 3 P= 3.3 T= 0 A= -20 D= -7.5 | 4 P= 13.3 T= 5 A= 10 D= 6 | 5 P= 13.3 T= 10 A= 40 D= 14.5 | 6 P= 20 T= 0 A= 0 D= 5 | 7 P= 6.7 T= -10 A= 20 D= -2 | 8 P= 10 T= 0 A= 0 D= 0 | 9 P= 10 T= -5 A= -30 D= -8.5 | DOMINANT THREAT= 8 ( 0 ) | D79 WEIGHTED= -2.3 | THREAT BREADTH= 0 | LOSER ACCEL BREADTH= 1 | THREAT CONCENTRATION= 37.5 % | T LOSS= -5 | A LOSS= -3.3 | EVEN LEADER= 4 | EVEN FASTEST= 2 | D EVEN= 1.5 | T EVEN= 1.3 | A EVEN= 2.5 | EVEN ACCEL BREADTH= 2 | A WIN= 1.4 | A EDGE= 4.8 | A EVEN EDGE= 5.8 | DEEP UNDER7%= 72.9 | PREDICTION= 7 | STAKE= 10 | LOSS STREAK= 0 | VETO= NO FRESH 7-9 TRIGGER
2026-09-10,21:39:05 GMT,UNDER 7 SIGNAL | ID= 2409 | DIGIT= 1 | REGIME= WINNERS ADVANCING | PREV REGIME= WARMUP | 0 P= 3.3 T= 5 A= 10 D= 1 | 1 P= 13.3 T= 0 A= -20 D= -2.5 | 2 P= 6.7 T= 5 A= -10 D= -1.5 | 3 P= 3.3 T= 0 A= -20 D= -7.5 | 4 P= 13.3 T= 5 A= 10 D= 6 | 5 P= 13.3 T= 0 A= 40 D= 10 | 6 P= 20 T= 0 A= 0 D= 5 | 7 P= 6.7 T= -10 A= 20 D= -2 | 8 P= 10 T= 0 A= 0 D= 0 | 9 P= 10 T= -5 A= -30 D= -8.5 | DOMINANT THREAT= 8 ( 0 ) | D79 WEIGHTED= -2.3 | THREAT BREADTH= 0 | LOSER ACCEL BREADTH= 1 | THREAT CONCENTRATION= 37.5 % | T LOSS= -5 | A LOSS= -3.3 | EVEN LEADER= 4 | EVEN FASTEST= 0 | D EVEN= 2.6 | T EVEN= 3.8 | A EVEN= 2.5 | EVEN ACCEL BREADTH= 2 | A WIN= 1.4 | A EDGE= 4.8 | A EVEN EDGE= 5.8 | DEEP UNDER7%= 72.9 | PREDICTION= 7 | STAKE= 10 | LOSS STREAK= 0 | VETO= NO FRESH 7-9 TRIGGER
2026-09-10,21:39:05 GMT,UNDER 7 SIGNAL | ID= 2406 | DIGIT= 4 | REGIME= WINNERS ADVANCING | PREV REGIME= WARMUP | 0 P= 3.3 T= 5 A= 10 D= 1 | 1 P= 13.3 T= 0 A= -20 D= -2.5 | 2 P= 6.7 T= 5 A= -10 D= -1.5 | 3 P= 3.3 T= 0 A= -20 D= -7.5 | 4 P= 16.7 T= 0 A= 20 D= 7.5 | 5 P= 13.3 T= 5 A= 10 D= 6 | 6 P= 16.7 T= 0 A= 20 D= 7.5 | 7 P= 6.7 T= -5 A= -10 D= -6 | 8 P= 6.7 T= 0 A= 20 D= 2.5 | 9 P= 13.3 T= -10 A= -20 D= -7 | DOMINANT THREAT= 8 ( 2.5 ) | D79 WEIGHTED= -1.9 | THREAT BREADTH= 0 | LOSER ACCEL BREADTH= 1 | THREAT CONCENTRATION= 50 % | T LOSS= -5 | A LOSS= -3.3 | EVEN LEADER= 4 | EVEN FASTEST= 4 | D EVEN= 3.6 | T EVEN= 2.5 | A EVEN= 10 | EVEN ACCEL BREADTH= 3 | A WIN= 1.4 | A EDGE= 4.8 | A EVEN EDGE= 13.3 | DEEP UNDER7%= 73 | PREDICTION= 7 | STAKE= 10 | LOSS STREAK= 0 | VETO= NO FRESH 7-9 TRIGGER
2026-09-10,21:39:05 GMT,UNDER 7 SIGNAL | ID= 2405 | DIGIT= 2 | REGIME= WINNERS ADVANCING | PREV REGIME= WARMUP | 0 P= 3.3 T= 5 A= 10 D= 1 | 1 P= 13.3 T= 0 A= -20 D= -2.5 | 2 P= 6.7 T= 5 A= -10 D= -1.5 | 3 P= 3.3 T= 0 A= -20 D= -7.5 | 4 P= 16.7 T= 0 A= 20 D= 7.5 | 5 P= 13.3 T= 5 A= 10 D= 6 | 6 P= 16.7 T= 0 A= 20 D= 7.5 | 7 P= 6.7 T= -5 A= -10 D= -6 | 8 P= 6.7 T= 0 A= 20 D= 2.5 | 9 P= 13.3 T= -10 A= -20 D= -7 | DOMINANT THREAT= 8 ( 2.5 ) | D79 WEIGHTED= -1.9 | THREAT BREADTH= 0 | LOSER ACCEL BREADTH= 1 | THREAT CONCENTRATION= 50 % | T LOSS= -5 | A LOSS= -3.3 | EVEN LEADER= 4 | EVEN FASTEST= 4 | D EVEN= 3.6 | T EVEN= 2.5 | A EVEN= 10 | EVEN ACCEL BREADTH= 3 | A WIN= 1.4 | A EDGE= 4.8 | A EVEN EDGE= 13.3 | DEEP UNDER7%= 72.9 | PREDICTION= 7 | STAKE= 10 | LOSS STREAK= 0 | VETO= NO FRESH 7-9 TRIGGER
2026-09-10,21:39:05 GMT,UNDER 7 SIGNAL | ID= 2404 | DIGIT= 6 | REGIME= WINNERS ADVANCING | PREV REGIME= WARMUP | 0 P= 3.3 T= 5 A= 10 D= 1 | 1 P= 13.3 T= 0 A= -20 D= -2.5 | 2 P= 6.7 T= -5 A= -10 D= -6 | 3 P= 3.3 T= 0 A= -20 D= -7.5 | 4 P= 16.7 T= 0 A= 20 D= 7.5 | 5 P= 13.3 T= 5 A= 10 D= 6 | 6 P= 16.7 T= 10 A= 20 D= 12 | 7 P= 6.7 T= -5 A= -10 D= -6 | 8 P= 6.7 T= 0 A= 20 D= 2.5 | 9 P= 13.3 T= -10 A= -20 D= -7 | DOMINANT THREAT= 8 ( 2.5 ) | D79 WEIGHTED= -1.9 | THREAT BREADTH= 0 | LOSER ACCEL BREADTH= 1 | THREAT CONCENTRATION= 50 % | T LOSS= -5 | A LOSS= -3.3 | EVEN LEADER= 6 | EVEN FASTEST= 4 | D EVEN= 3.6 | T EVEN= 2.5 | A EVEN= 10 | EVEN ACCEL BREADTH= 3 | A WIN= 1.4 | A EDGE= 4.8 | A EVEN EDGE= 13.3 | DEEP UNDER7%= 72.8 | PREDICTION= 7 | STAKE= 10 | LOSS STREAK= 0 | VETO= NO FRESH 7-9 TRIGGER
2026-09-10,21:39:05 GMT,UNDER 7 SIGNAL | ID= 2403 | DIGIT= 4 | REGIME= WINNERS ADVANCING | PREV REGIME= WARMUP | 0 P= 3.3 T= 5 A= 10 D= 1 | 1 P= 13.3 T= 0 A= -20 D= -2.5 | 2 P= 6.7 T= -5 A= -10 D= -6 | 3 P= 3.3 T= 0 A= -20 D= -7.5 | 4 P= 16.7 T= 0 A= 20 D= 7.5 | 5 P= 16.7 T= 0 A= 20 D= 7.5 | 6 P= 13.3 T= 5 A= 10 D= 6 | 7 P= 6.7 T= -5 A= -10 D= -6 | 8 P= 6.7 T= 5 A= -10 D= -1.5 | 9 P= 13.3 T= -5 A= 10 D= 1.5 | DOMINANT THREAT= 9 ( 1.5 ) | D79 WEIGHTED= -0.9 | THREAT BREADTH= 1 | LOSER ACCEL BREADTH= 1 | THREAT CONCENTRATION= 50 % | T LOSS= -1.7 | A LOSS= -3.3 | EVEN LEADER= 4 | EVEN FASTEST= 4 | D EVEN= 2.1 | T EVEN= 1.3 | A EVEN= 7.5 | EVEN ACCEL BREADTH= 3 | A WIN= 1.4 | A EDGE= 4.8 | A EVEN EDGE= 10.8 | DEEP UNDER7%= 72.8 | PREDICTION= 7 | STAKE= 10 | LOSS STREAK= 0 | VETO= NO FRESH 7-9 TRIGGER
2026-09-10,21:39:05 GMT,UNDER 7 SIGNAL | ID= 2402 | DIGIT= 5 | REGIME= WINNERS ADVANCING | PREV REGIME= WARMUP | 0 P= 3.3 T= 5 A= 10 D= 1 | 1 P= 16.7 T= 0 A= 20 D= 7.5 | 2 P= 6.7 T= -5 A= -10 D= -6 | 3 P= 3.3 T= 0 A= -20 D= -7.5 | 4 P= 13.3 T= -5 A= 10 D= 1.5 | 5 P= 16.7 T= 0 A= 20 D= 7.5 | 6 P= 13.3 T= 10 A= -20 D= 2 | 7 P= 6.7 T= -5 A= -10 D= -6 | 8 P= 6.7 T= 5 A= -10 D= -1.5 | 9 P= 13.3 T= -5 A= 10 D= 1.5 | DOMINANT THREAT= 9 ( 1.5 ) | D79 WEIGHTED= -0.9 | THREAT BREADTH= 1 | LOSER ACCEL BREADTH= 1 | THREAT CONCENTRATION= 50 % | T LOSS= -1.7 | A LOSS= -3.3 | EVEN LEADER= 6 | EVEN FASTEST= 0 | D EVEN= -0.4 | T EVEN= 1.3 | A EVEN= -2.5 | EVEN ACCEL BREADTH= 2 | A WIN= 1.4 | A EDGE= 4.8 | A EVEN EDGE= 0.8 | DEEP UNDER7%= 72.7 | PREDICTION= 7 | STAKE= 10 | LOSS STREAK= 0 | VETO= NO FRESH 7-9 TRIGGER
2026-09-10,21:39:05 GMT,UNDER 7 SIGNAL | ID= 2398 | DIGIT= 6 | REGIME= WINNERS ADVANCING | PREV REGIME= WARMUP | 0 P= 0 T= 0 A= 0 D= -5 | 1 P= 16.7 T= 0 A= 20 D= 7.5 | 2 P= 6.7 T= 0 A= 20 D= 2.5 | 3 P= 3.3 T= 5 A= 10 D= 1 | 4 P= 16.7 T= -5 A= -10 D= -1 | 5 P= 10 T= 0 A= 0 D= 0 | 6 P= 16.7 T= 5 A= -10 D= 3.5 | 7 P= 10 T= -5 A= -30 D= -8.5 | 8 P= 6.7 T= -5 A= -10 D= -6 | 9 P= 13.3 T= 5 A= 10 D= 6 | DOMINANT THREAT= 9 ( 6 ) | D79 WEIGHTED= -0.5 | THREAT BREADTH= 1 | LOSER ACCEL BREADTH= 1 | THREAT CONCENTRATION= 44.4 % | T LOSS= -1.7 | A LOSS= -10 | EVEN LEADER= 6 | EVEN FASTEST= 2 | D EVEN= 0 | T EVEN= 0 | A EVEN= 0 | EVEN ACCEL BREADTH= 1 | A WIN= 4.3 | A EDGE= 14.3 | A EVEN EDGE= 10 | DEEP UNDER7%= 72.6 | PREDICTION= 7 | STAKE= 10 | LOSS STREAK= 0 | VETO= NO FRESH 7-9 TRIGGER
2026-09-10,21:39:05 GMT,YOU WON | Total profit: $ 29.01
2026-09-10,21:39:05 GMT,Profit amount: 3.7
2026-09-10,21:39:05 GMT,Bought: Win payout if the last digit of Volatility 10 (1s) Index is strictly lower than 7 after 1 ticks. (ID: 23909007879)
2026-09-10,21:39:05 GMT,UNDER 7 SIGNAL | ID= 2393 | DIGIT= 9 | REGIME= WINNERS ADVANCING | PREV REGIME= WARMUP | 0 P= 0 T= 0 A= 0 D= -5 | 1 P= 10 T= 5 A= -30 D= -4 | 2 P= 6.7 T= 5 A= -10 D= -1.5 | 3 P= 6.7 T= 0 A= 20 D= 2.5 | 4 P= 16.7 T= -5 A= -10 D= -1 | 5 P= 13.3 T= 0 A= -20 D= -2.5 | 6 P= 13.3 T= 0 A= 40 D= 10 | 7 P= 13.3 T= -5 A= 10 D= 1.5 | 8 P= 10 T= -5 A= 30 D= 4 | 9 P= 10 T= 5 A= -30 D= -4 | DOMINANT THREAT= 8 ( 4 ) | D79 WEIGHTED= 1.7 | THREAT BREADTH= 1 | LOSER ACCEL BREADTH= 2 | THREAT CONCENTRATION= 40 % | T LOSS= -1.7 | A LOSS= 3.3 | EVEN LEADER= 6 | EVEN FASTEST= 6 | D EVEN= 0.6 | T EVEN= 0 | A EVEN= 5 | EVEN ACCEL BREADTH= 1 | A WIN= -1.4 | A EDGE= -4.8 | A EVEN EDGE= 1.7 | DEEP UNDER7%= 72.5 | PREDICTION= 7 | STAKE= 10 | LOSS STREAK= 0 | VETO=
2026-09-10,21:39:05 GMT,UNDER 7 SIGNAL | ID= 2392 | DIGIT= 3 | REGIME= WINNERS ADVANCING | PREV REGIME= WARMUP | 0 P= 0 T= 0 A= 0 D= -5 | 1 P= 10 T= 5 A= -30 D= -4 | 2 P= 6.7 T= 5 A= -10 D= -1.5 | 3 P= 6.7 T= 0 A= 20 D= 2.5 | 4 P= 16.7 T= -5 A= -10 D= -1 | 5 P= 13.3 T= 0 A= -20 D= -2.5 | 6 P= 13.3 T= 0 A= 40 D= 10 | 7 P= 16.7 T= -5 A= -10 D= -1 | 8 P= 10 T= -5 A= 30 D= 4 | 9 P= 6.7 T= 5 A= -10 D= -1.5 | DOMINANT THREAT= 8 ( 4 ) | D79 WEIGHTED= 1.4 | THREAT BREADTH= 1 | LOSER ACCEL BREADTH= 1 | THREAT CONCENTRATION= 50 % | T LOSS= -1.7 | A LOSS= 3.3 | EVEN LEADER= 6 | EVEN FASTEST= 6 | D EVEN= 0.6 | T EVEN= 0 | A EVEN= 5 | EVEN ACCEL BREADTH= 1 | A WIN= -1.4 | A EDGE= -4.8 | A EVEN EDGE= 1.7 | DEEP UNDER7%= 72.6 | PREDICTION= 7 | STAKE= 10 | LOSS STREAK= 0 | VETO= NO FRESH 7-9 TRIGGER
2026-09-10,21:39:05 GMT,UNDER 7 SIGNAL | ID= 2333 | DIGIT= 6 | REGIME= WINNERS ADVANCING | PREV REGIME= WARMUP | 0 P= 13.3 T= 5 A= 10 D= 6 | 1 P= 10 T= -10 A= 0 D= -4.5 | 2 P= 13.3 T= -10 A= 40 D= 5.5 | 3 P= 6.7 T= 10 A= 20 D= 7 | 4 P= 6.7 T= 5 A= -10 D= -1.5 | 5 P= 13.3 T= 0 A= -20 D= -2.5 | 6 P= 16.7 T= 15 A= -10 D= 8 | 7 P= 10 T= -5 A= -30 D= -8.5 | 8 P= 6.7 T= -5 A= -10 D= -6 | 9 P= 3.3 T= -5 A= 10 D= -3.5 | DOMINANT THREAT= 9 ( -3.5 ) | D79 WEIGHTED= -5.2 | THREAT BREADTH= 0 | LOSER ACCEL BREADTH= 1 | THREAT CONCENTRATION= 50 % | T LOSS= -5 | A LOSS= -10 | EVEN LEADER= 6 | EVEN FASTEST= 2 | D EVEN= 4.5 | T EVEN= 3.8 | A EVEN= 7.5 | EVEN ACCEL BREADTH= 2 | A WIN= 4.3 | A EDGE= 14.3 | A EVEN EDGE= 17.5 | DEEP UNDER7%= 72.2 | PREDICTION= 7 | STAKE= 10 | LOSS STREAK= 0 | VETO= NO FRESH 7-9 TRIGGER
2026-09-10,21:39:05 GMT,UNDER 7 SIGNAL | ID= 2332 | DIGIT= 3 | REGIME= WINNERS ADVANCING | PREV REGIME= WARMUP | 0 P= 13.3 T= 5 A= 10 D= 6 | 1 P= 10 T= -5 A= 30 D= 4 | 2 P= 13.3 T= -10 A= 40 D= 5.5 | 3 P= 6.7 T= 10 A= 20 D= 7 | 4 P= 6.7 T= 5 A= -10 D= -1.5 | 5 P= 13.3 T= 5 A= -50 D= -6.5 | 6 P= 13.3 T= 10 A= -20 D= 2 | 7 P= 13.3 T= -10 A= -20 D= -7 | 8 P= 6.7 T= -5 A= -10 D= -6 | 9 P= 3.3 T= -5 A= 10 D= -3.5 | DOMINANT THREAT= 9 ( -3.5 ) | D79 WEIGHTED= -4.9 | THREAT BREADTH= 0 | LOSER ACCEL BREADTH= 1 | THREAT CONCENTRATION= 57.1 % | T LOSS= -6.7 | A LOSS= -6.7 | EVEN LEADER= 0 | EVEN FASTEST= 2 | D EVEN= 3 | T EVEN= 2.5 | A EVEN= 5 | EVEN ACCEL BREADTH= 2 | A WIN= 2.9 | A EDGE= 9.5 | A EVEN EDGE= 11.7 | DEEP UNDER7%= 72.2 | PREDICTION= 7 | STAKE= 10 | LOSS STREAK= 0 | VETO= NO FRESH 7-9 TRIGGER
2026-09-10,21:39:05 GMT,UNDER 7 SIGNAL | ID= 2331 | DIGIT= 2 | REGIME= WINNERS ADVANCING | PREV REGIME= WARMUP | 0 P= 13.3 T= 5 A= 10 D= 6 | 1 P= 10 T= -5 A= 30 D= 4 | 2 P= 16.7 T= -10 A= 20 D= 3 | 3 P= 3.3 T= 5 A= 10 D= 1 | 4 P= 6.7 T= 5 A= -10 D= -1.5 | 5 P= 13.3 T= 5 A= -50 D= -6.5 | 6 P= 13.3 T= 15 A= 10 D= 10.5 | 7 P= 13.3 T= -10 A= -20 D= -7 | 8 P= 6.7 T= -5 A= -10 D= -6 | 9 P= 3.3 T= -5 A= 10 D= -3.5 | DOMINANT THREAT= 9 ( -3.5 ) | D79 WEIGHTED= -4.9 | THREAT BREADTH= 0 | LOSER ACCEL BREADTH= 1 | THREAT CONCENTRATION= 57.1 % | T LOSS= -6.7 | A LOSS= -6.7 | EVEN LEADER= 6 | EVEN FASTEST= 2 | D EVEN= 4.5 | T EVEN= 3.8 | A EVEN= 7.5 | EVEN ACCEL BREADTH= 3 | A WIN= 2.9 | A EDGE= 9.5 | A EVEN EDGE= 14.2 | DEEP UNDER7%= 72.2 | PREDICTION= 7 | STAKE= 10 | LOSS STREAK= 0 | VETO= NO FRESH 7-9 TRIGGER
2026-09-10,21:39:05 GMT,UNDER 7 SIGNAL | ID= 2330 | DIGIT= 3 | REGIME= WINNERS ADVANCING | PREV REGIME= WARMUP | 0 P= 13.3 T= 5 A= 10 D= 6 | 1 P= 10 T= -5 A= 30 D= 4 | 2 P= 13.3 T= -15 A= 10 D= -3 | 3 P= 3.3 T= 5 A= 10 D= 1 | 4 P= 6.7 T= 5 A= -10 D= -1.5 | 5 P= 16.7 T= 5 A= -10 D= 3.5 | 6 P= 13.3 T= 15 A= 10 D= 10.5 | 7 P= 13.3 T= -5 A= -50 D= -11 | 8 P= 6.7 T= -5 A= -10 D= -6 | 9 P= 3.3 T= -5 A= 10 D= -3.5 | DOMINANT THREAT= 9 ( -3.5 ) | D79 WEIGHTED= -5.7 | THREAT BREADTH= 0 | LOSER ACCEL BREADTH= 1 | THREAT CONCENTRATION= 57.1 % | T LOSS= -5 | A LOSS= -16.7 | EVEN LEADER= 6 | EVEN FASTEST= 0 | D EVEN= 3 | T EVEN= 2.5 | A EVEN= 5 | EVEN ACCEL BREADTH= 3 | A WIN= 7.1 | A EDGE= 23.8 | A EVEN EDGE= 21.7 | DEEP UNDER7%= 72.2 | PREDICTION= 7 | STAKE= 10 | LOSS STREAK= 0 | VETO= NO FRESH 7-9 TRIGGER
2026-09-10,21:39:05 GMT,UNDER 7 SIGNAL | ID= 2329 | DIGIT= 6 | REGIME= WINNERS ADVANCING | PREV REGIME= WARMUP | 0 P= 13.3 T= 5 A= 10 D= 6 | 1 P= 10 T= 0 A= 0 D= 0 | 2 P= 16.7 T= -20 A= 20 D= -1.5 | 3 P= 0 T= 0 A= 0 D= -5 | 4 P= 6.7 T= 5 A= -10 D= -1.5 | 5 P= 16.7 T= 5 A= -10 D= 3.5 | 6 P= 13.3 T= 15 A= 10 D= 10.5 | 7 P= 13.3 T= -5 A= -50 D= -11 | 8 P= 6.7 T= 0 A= 20 D= 2.5 | 9 P= 3.3 T= -5 A= 10 D= -3.5 | DOMINANT THREAT= 8 ( 2.5 ) | D79 WEIGHTED= -2 | THREAT BREADTH= 0 | LOSER ACCEL BREADTH= 2 | THREAT CONCENTRATION= 57.1 % | T LOSS= -3.3 | A LOSS= -6.7 | EVEN LEADER= 6 | EVEN FASTEST= 2 | D EVEN= 3.4 | T EVEN= 1.3 | A EVEN= 7.5 | EVEN ACCEL BREADTH= 3 | A WIN= 2.9 | A EDGE= 9.5 | A EVEN EDGE= 14.2 | DEEP UNDER7%= 72.1 | PREDICTION= 7 | STAKE= 10 | LOSS STREAK= 0 | VETO= NO FRESH 7-9 TRIGGER
2026-09-10,21:39:05 GMT,UNDER 7 SIGNAL | ID= 2328 | DIGIT= 0 | REGIME= WINNERS ADVANCING | PREV REGIME= WARMUP | 0 P= 13.3 T= 15 A= 10 D= 10.5 | 1 P= 10 T= 0 A= 0 D= 0 | 2 P= 16.7 T= -20 A= 20 D= -1.5 | 3 P= 3.3 T= -5 A= 10 D= -3.5 | 4 P= 6.7 T= 5 A= -10 D= -1.5 | 5 P= 16.7 T= 5 A= -10 D= 3.5 | 6 P= 10 T= 10 A= 0 D= 4.5 | 7 P= 13.3 T= -5 A= -50 D= -11 | 8 P= 6.7 T= 0 A= 20 D= 2.5 | 9 P= 3.3 T= -5 A= 10 D= -3.5 | DOMINANT THREAT= 8 ( 2.5 ) | D79 WEIGHTED= -2 | THREAT BREADTH= 0 | LOSER ACCEL BREADTH= 2 | THREAT CONCENTRATION= 57.1 % | T LOSS= -3.3 | A LOSS= -6.7 | EVEN LEADER= 0 | EVEN FASTEST= 2 | D EVEN= 3 | T EVEN= 2.5 | A EVEN= 5 | EVEN ACCEL BREADTH= 2 | A WIN= 2.9 | A EDGE= 9.5 | A EVEN EDGE= 11.7 | DEEP UNDER7%= 72.1 | PREDICTION= 7 | STAKE= 10 | LOSS STREAK= 0 | VETO= NO FRESH 7-9 TRIGGER
2026-09-10,21:39:05 GMT,UNDER 7 SIGNAL | ID= 2327 | DIGIT= 6 | REGIME= WINNERS ADVANCING | PREV REGIME= WARMUP | 0 P= 10 T= 10 A= 0 D= 4.5 | 1 P= 10 T= 0 A= 0 D= 0 | 2 P= 20 T= -20 A= 0 D= -4 | 3 P= 3.3 T= -5 A= 10 D= -3.5 | 4 P= 6.7 T= 5 A= -10 D= -1.5 | 5 P= 16.7 T= 5 A= -10 D= 3.5 | 6 P= 10 T= 15 A= 30 D= 13 | 7 P= 13.3 T= -5 A= -50 D= -11 | 8 P= 6.7 T= 0 A= 20 D= 2.5 | 9 P= 3.3 T= -5 A= 10 D= -3.5 | DOMINANT THREAT= 8 ( 2.5 ) | D79 WEIGHTED= -2 | THREAT BREADTH= 0 | LOSER ACCEL BREADTH= 2 | THREAT CONCENTRATION= 57.1 % | T LOSS= -3.3 | A LOSS= -6.7 | EVEN LEADER= 6 | EVEN FASTEST= 6 | D EVEN= 3 | T EVEN= 2.5 | A EVEN= 5 | EVEN ACCEL BREADTH= 1 | A WIN= 2.9 | A EDGE= 9.5 | A EVEN EDGE= 11.7 | DEEP UNDER7%= 72.1 | PREDICTION= 7 | STAKE= 10 | LOSS STREAK= 0 | VETO= NO FRESH 7-9 TRIGGER
2026-09-10,21:39:05 GMT,UNDER 7 SIGNAL | ID= 2326 | DIGIT= 0 | REGIME= WINNERS ADVANCING | PREV REGIME= WARMUP | 0 P= 10 T= 10 A= 0 D= 4.5 | 1 P= 10 T= 0 A= 0 D= 0 | 2 P= 20 T= -20 A= 0 D= -4 | 3 P= 3.3 T= -5 A= 10 D= -3.5 | 4 P= 6.7 T= 10 A= 20 D= 7 | 5 P= 16.7 T= 5 A= -10 D= 3.5 | 6 P= 6.7 T= 10 A= 20 D= 7 | 7 P= 16.7 T= -10 A= -40 D= -9.5 | 8 P= 6.7 T= 0 A= 20 D= 2.5 | 9 P= 3.3 T= 0 A= -20 D= -7.5 | DOMINANT THREAT= 8 ( 2.5 ) | D79 WEIGHTED= -2.9 | THREAT BREADTH= 0 | LOSER ACCEL BREADTH= 1 | THREAT CONCENTRATION= 62.5 % | T LOSS= -3.3 | A LOSS= -13.3 | EVEN LEADER= 4 | EVEN FASTEST= 4 | D EVEN= 3.6 | T EVEN= 2.5 | A EVEN= 10 | EVEN ACCEL BREADTH= 2 | A WIN= 5.7 | A EDGE= 19 | A EVEN EDGE= 23.3 | DEEP UNDER7%= 72.1 | PREDICTION= 7 | STAKE= 10 | LOSS STREAK= 0 | VETO= NO FRESH 7-9 TRIGGER
2026-09-10,21:39:05 GMT,UNDER 7 SIGNAL | ID= 2325 | DIGIT= 5 | REGIME= WINNERS ADVANCING | PREV REGIME= WARMUP | 0 P= 6.7 T= 5 A= -10 D= -1.5 | 1 P= 10 T= 0 A= 0 D= 0 | 2 P= 20 T= -15 A= -30 D= -8 | 3 P= 6.7 T= -10 A= 20 D= -2 | 4 P= 6.7 T= 10 A= 20 D= 7 | 5 P= 16.7 T= 10 A= 20 D= 12 | 6 P= 6.7 T= 10 A= 20 D= 7 | 7 P= 16.7 T= -10 A= -40 D= -9.5 | 8 P= 6.7 T= 0 A= 20 D= 2.5 | 9 P= 3.3 T= 0 A= -20 D= -7.5 | DOMINANT THREAT= 8 ( 2.5 ) | D79 WEIGHTED= -2.9 | THREAT BREADTH= 0 | LOSER ACCEL BREADTH= 1 | THREAT CONCENTRATION= 62.5 % | T LOSS= -3.3 | A LOSS= -13.3 | EVEN LEADER= 4 | EVEN FASTEST= 4 | D EVEN= 1.1 | T EVEN= 2.5 | A EVEN= 0 | EVEN ACCEL BREADTH= 2 | A WIN= 5.7 | A EDGE= 19 | A EVEN EDGE= 13.3 | DEEP UNDER7%= 72.1 | PREDICTION= 7 | STAKE= 10 | LOSS STREAK= 0 | VETO= NO FRESH 7-9 TRIGGER
2026-09-10,21:39:05 GMT,UNDER 7 SIGNAL | ID= 2324 | DIGIT= 4 | REGIME= WINNERS ADVANCING | PREV REGIME= WARMUP | 0 P= 6.7 T= 5 A= -10 D= -1.5 | 1 P= 10 T= 0 A= 0 D= 0 | 2 P= 20 T= -15 A= -30 D= -8 | 3 P= 6.7 T= -10 A= 20 D= -2 | 4 P= 6.7 T= 10 A= 20 D= 7 | 5 P= 13.3 T= 5 A= 10 D= 6 | 6 P= 6.7 T= 10 A= 20 D= 7 | 7 P= 16.7 T= -5 A= -10 D= -1 | 8 P= 6.7 T= 5 A= -10 D= -1.5 | 9 P= 6.7 T= -5 A= -10 D= -6 | DOMINANT THREAT= 7 ( -1 ) | D79 WEIGHTED= -2.2 | THREAT BREADTH= 1 | LOSER ACCEL BREADTH= 0 | THREAT CONCENTRATION= 55.6 % | T LOSS= -1.7 | A LOSS= -10 | EVEN LEADER= 4 | EVEN FASTEST= 4 | D EVEN= 1.1 | T EVEN= 2.5 | A EVEN= 0 | EVEN ACCEL BREADTH= 2 | A WIN= 4.3 | A EDGE= 14.3 | A EVEN EDGE= 10 | DEEP UNDER7%= 72 | PREDICTION= 7 | STAKE= 10 | LOSS STREAK= 0 | VETO= NO FRESH 7-9 TRIGGER
2026-09-10,21:39:05 GMT,YOU WON | Total profit: $ 25.31
2026-09-10,21:39:05 GMT,Profit amount: 3.7
2026-09-10,21:39:05 GMT,Bought: Win payout if the last digit of Volatility 10 (1s) Index is strictly lower than 7 after 1 ticks. (ID: 23908735199)
2026-09-10,21:39:05 GMT,UNDER 7 SIGNAL | ID= 2291 | DIGIT= 8 | REGIME= WINNERS ADVANCING | PREV REGIME= WARMUP | 0 P= 13.3 T= -10 A= 40 D= 5.5 | 1 P= 13.3 T= 0 A= 40 D= 10 | 2 P= 3.3 T= -5 A= 10 D= -3.5 | 3 P= 10 T= 5 A= -30 D= -4 | 4 P= 16.7 T= 15 A= -10 D= 8 | 5 P= 6.7 T= 5 A= -10 D= -1.5 | 6 P= 3.3 T= 0 A= -20 D= -7.5 | 7 P= 10 T= -10 A= 0 D= -4.5 | 8 P= 20 T= -5 A= -30 D= -3.5 | 9 P= 3.3 T= 5 A= 10 D= 1 | DOMINANT THREAT= 9 ( 1 ) | D79 WEIGHTED= -1.5 | THREAT BREADTH= 1 | LOSER ACCEL BREADTH= 1 | THREAT CONCENTRATION= 60 % | T LOSS= -3.3 | A LOSS= -6.7 | EVEN LEADER= 4 | EVEN FASTEST= 0 | D EVEN= 0.6 | T EVEN= 0 | A EVEN= 5 | EVEN ACCEL BREADTH= 2 | A WIN= 2.9 | A EDGE= 9.5 | A EVEN EDGE= 11.7 | DEEP UNDER7%= 72.1 | PREDICTION= 7 | STAKE= 10 | LOSS STREAK= 0 | VETO=
2026-09-10,21:39:05 GMT,UNDER 7 SIGNAL | ID= 2290 | DIGIT= 4 | REGIME= WINNERS ADVANCING | PREV REGIME= WARMUP | 0 P= 13.3 T= -5 A= 10 D= 1.5 | 1 P= 13.3 T= 0 A= 40 D= 10 | 2 P= 3.3 T= -5 A= 10 D= -3.5 | 3 P= 10 T= 5 A= -30 D= -4 | 4 P= 20 T= 10 A= 0 D= 9.5 | 5 P= 6.7 T= 5 A= -10 D= -1.5 | 6 P= 3.3 T= 5 A= 10 D= 1 | 7 P= 10 T= -10 A= 0 D= -4.5 | 8 P= 16.7 T= -10 A= -40 D= -9.5 | 9 P= 3.3 T= 5 A= 10 D= 1 | DOMINANT THREAT= 9 ( 1 ) | D79 WEIGHTED= -2.7 | THREAT BREADTH= 1 | LOSER ACCEL BREADTH= 1 | THREAT CONCENTRATION= 55.6 % | T LOSS= -5 | A LOSS= -10 | EVEN LEADER= 4 | EVEN FASTEST= 0 | D EVEN= 2.1 | T EVEN= 1.3 | A EVEN= 7.5 | EVEN ACCEL BREADTH= 3 | A WIN= 4.3 | A EDGE= 14.3 | A EVEN EDGE= 17.5 | DEEP UNDER7%= 72.1 | PREDICTION= 7 | STAKE= 10 | LOSS STREAK= 0 | VETO= NO FRESH 7-9 TRIGGER
2026-09-10,21:39:05 GMT,UNDER 7 SIGNAL | ID= 2289 | DIGIT= 1 | REGIME= WINNERS ADVANCING | PREV REGIME= WARMUP | 0 P= 13.3 T= -5 A= 10 D= 1.5 | 1 P= 13.3 T= 5 A= 10 D= 6 | 2 P= 3.3 T= -5 A= 10 D= -3.5 | 3 P= 10 T= 5 A= -30 D= -4 | 4 P= 16.7 T= 5 A= -10 D= 3.5 | 5 P= 6.7 T= 5 A= -10 D= -1.5 | 6 P= 3.3 T= 5 A= 10 D= 1 | 7 P= 10 T= -10 A= 0 D= -4.5 | 8 P= 20 T= -10 A= 0 D= 0.5 | 9 P= 3.3 T= 5 A= 10 D= 1 | DOMINANT THREAT= 9 ( 1 ) | D79 WEIGHTED= -0.2 | THREAT BREADTH= 1 | LOSER ACCEL BREADTH= 1 | THREAT CONCENTRATION= 60 % | T LOSS= -5 | A LOSS= 3.3 | EVEN LEADER= 4 | EVEN FASTEST= 0 | D EVEN= 0.6 | T EVEN= 0 | A EVEN= 5 | EVEN ACCEL BREADTH= 3 | A WIN= -1.4 | A EDGE= -4.8 | A EVEN EDGE= 1.7 | DEEP UNDER7%= 72.1 | PREDICTION= 7 | STAKE= 10 | LOSS STREAK= 0 | VETO= NO FRESH 7-9 TRIGGER
2026-09-10,21:39:05 GMT,UNDER 7 SIGNAL | ID= 2288 | DIGIT= 1 | REGIME= WINNERS ADVANCING | PREV REGIME= WARMUP | 0 P= 13.3 T= -5 A= 10 D= 1.5 | 1 P= 10 T= 0 A= 0 D= 0 | 2 P= 3.3 T= -5 A= 10 D= -3.5 | 3 P= 10 T= 5 A= -30 D= -4 | 4 P= 16.7 T= 10 A= 20 D= 12 | 5 P= 6.7 T= 5 A= -10 D= -1.5 | 6 P= 6.7 T= 0 A= 20 D= 2.5 | 7 P= 10 T= -5 A= -30 D= -8.5 | 8 P= 20 T= -10 A= 0 D= 0.5 | 9 P= 3.3 T= 5 A= 10 D= 1 | DOMINANT THREAT= 9 ( 1 ) | D79 WEIGHTED= -1.1 | THREAT BREADTH= 1 | LOSER ACCEL BREADTH= 1 | THREAT CONCENTRATION= 60 % | T LOSS= -3.3 | A LOSS= -6.7 | EVEN LEADER= 4 | EVEN FASTEST= 4 | D EVEN= 3.1 | T EVEN= 0 | A EVEN= 15 | EVEN ACCEL BREADTH= 4 | A WIN= 2.9 | A EDGE= 9.5 | A EVEN EDGE= 21.7 | DEEP UNDER7%= 72.1 | PREDICTION= 7 | STAKE= 10 | LOSS STREAK= 0 | VETO= NO FRESH 7-9 TRIGGER
2026-09-10,21:39:05 GMT,YOU WON | Total profit: $ 21.61
2026-09-10,21:39:05 GMT,Profit amount: 3.7
2026-09-10,21:39:05 GMT,Bought: Win payout if the last digit of Volatility 10 (1s) Index is strictly lower than 7 after 1 ticks. (ID: 23908719079)
2026-09-10,21:39:05 GMT,UNDER 7 SIGNAL | ID= 2286 | DIGIT= 9 | REGIME= WINNERS ADVANCING | PREV REGIME= WARMUP | 0 P= 13.3 T= 0 A= -20 D= -2.5 | 1 P= 13.3 T= -15 A= 10 D= -3 | 2 P= 3.3 T= 0 A= -20 D= -7.5 | 3 P= 10 T= 10 A= 0 D= 4.5 | 4 P= 13.3 T= 10 A= 40 D= 14.5 | 5 P= 3.3 T= 0 A= -20 D= -7.5 | 6 P= 6.7 T= 0 A= 20 D= 2.5 | 7 P= 13.3 T= -10 A= -20 D= -7 | 8 P= 20 T= 0 A= 0 D= 5 | 9 P= 3.3 T= 5 A= 10 D= 1 | DOMINANT THREAT= 8 ( 5 ) | D79 WEIGHTED= 1.4 | THREAT BREADTH= 1 | LOSER ACCEL BREADTH= 1 | THREAT CONCENTRATION= 54.5 % | T LOSS= -1.7 | A LOSS= -3.3 | EVEN LEADER= 4 | EVEN FASTEST= 4 | D EVEN= 1.8 | T EVEN= 2.5 | A EVEN= 5 | EVEN ACCEL BREADTH= 2 | A WIN= 1.4 | A EDGE= 4.8 | A EVEN EDGE= 8.3 | DEEP UNDER7%= 71.9 | PREDICTION= 7 | STAKE= 10 | LOSS STREAK= 0 | VETO=
2026-09-10,21:39:05 GMT,UNDER 7 SIGNAL | ID= 2285 | DIGIT= 4 | REGIME= WINNERS ADVANCING | PREV REGIME= WARMUP | 0 P= 13.3 T= 0 A= -20 D= -2.5 | 1 P= 13.3 T= -15 A= 10 D= -3 | 2 P= 3.3 T= 0 A= -20 D= -7.5 | 3 P= 10 T= 15 A= 30 D= 13 | 4 P= 13.3 T= 10 A= 40 D= 14.5 | 5 P= 3.3 T= 0 A= -20 D= -7.5 | 6 P= 6.7 T= 0 A= 20 D= 2.5 | 7 P= 13.3 T= -5 A= -50 D= -11 | 8 P= 23.3 T= -5 A= 10 D= 6.5 | 9 P= 0 T= 0 A= 0 D= -5 | DOMINANT THREAT= 8 ( 6.5 ) | D79 WEIGHTED= -0.5 | THREAT BREADTH= 0 | LOSER ACCEL BREADTH= 1 | THREAT CONCENTRATION= 63.6 % | T LOSS= -3.3 | A LOSS= -13.3 | EVEN LEADER= 4 | EVEN FASTEST= 4 | D EVEN= 1.8 | T EVEN= 2.5 | A EVEN= 5 | EVEN ACCEL BREADTH= 2 | A WIN= 5.7 | A EDGE= 19 | A EVEN EDGE= 18.3 | DEEP UNDER7%= 72 | PREDICTION= 7 | STAKE= 10 | LOSS STREAK= 0 | VETO= NO FRESH 7-9 TRIGGER
2026-09-10,21:39:05 GMT,UNDER 7 SIGNAL | ID= 2284 | DIGIT= 0 | REGIME= WINNERS ADVANCING | PREV REGIME= WARMUP | 0 P= 16.7 T= -5 A= -10 D= -1 | 1 P= 13.3 T= -10 A= -20 D= -7 | 2 P= 3.3 T= 0 A= -20 D= -7.5 | 3 P= 10 T= 15 A= 30 D= 13 | 4 P= 10 T= 5 A= 30 D= 8.5 | 5 P= 3.3 T= 5 A= 10 D= 1 | 6 P= 6.7 T= 0 A= 20 D= 2.5 | 7 P= 13.3 T= -5 A= -50 D= -11 | 8 P= 23.3 T= -5 A= 10 D= 6.5 | 9 P= 0 T= 0 A= 0 D= -5 | DOMINANT THREAT= 8 ( 6.5 ) | D79 WEIGHTED= -0.5 | THREAT BREADTH= 0 | LOSER ACCEL BREADTH= 1 | THREAT CONCENTRATION= 63.6 % | T LOSS= -3.3 | A LOSS= -13.3 | EVEN LEADER= 4 | EVEN FASTEST= 4 | D EVEN= 0.6 | T EVEN= 0 | A EVEN= 5 | EVEN ACCEL BREADTH= 2 | A WIN= 5.7 | A EDGE= 19 | A EVEN EDGE= 18.3 | DEEP UNDER7%= 72 | PREDICTION= 7 | STAKE= 10 | LOSS STREAK= 0 | VETO= NO FRESH 7-9 TRIGGER
2026-09-10,21:39:05 GMT,UNDER 7 SIGNAL | ID= 2254 | DIGIT= 5 | REGIME= WINNERS ADVANCING | PREV REGIME= WARMUP | 0 P= 10 T= 5 A= -30 D= -4 | 1 P= 10 T= -5 A= 30 D= 4 | 2 P= 16.7 T= -5 A= -10 D= -1 | 3 P= 16.7 T= -5 A= -70 D= -13.5 | 4 P= 16.7 T= 5 A= 50 D= 16 | 5 P= 3.3 T= 5 A= 10 D= 1 | 6 P= 13.3 T= 5 A= 10 D= 6 | 7 P= 3.3 T= -5 A= 10 D= -3.5 | 8 P= 3.3 T= -5 A= 10 D= -3.5 | 9 P= 6.7 T= 5 A= -10 D= -1.5 | DOMINANT THREAT= 9 ( -1.5 ) | D79 WEIGHTED= -2.5 | THREAT BREADTH= 1 | LOSER ACCEL BREADTH= 2 | THREAT CONCENTRATION= 50 % | T LOSS= -1.7 | A LOSS= 3.3 | EVEN LEADER= 4 | EVEN FASTEST= 4 | D EVEN= 4.3 | T EVEN= 2.5 | A EVEN= 5 | EVEN ACCEL BREADTH= 2 | A WIN= -1.4 | A EDGE= -4.8 | A EVEN EDGE= 1.7 | DEEP UNDER7%= 72.5 | PREDICTION= 7 | STAKE= 10 | LOSS STREAK= 0 | VETO= NO FRESH 7-9 TRIGGER
2026-09-10,21:39:05 GMT,YOU WON | Total profit: $ 17.91
2026-09-10,21:39:05 GMT,Profit amount: 3.7
2026-09-10,21:39:05 GMT,Bought: Win payout if the last digit of Volatility 10 (1s) Index is strictly lower than 7 after 1 ticks. (ID: 23908627779)
2026-09-10,21:39:05 GMT,UNDER 7 SIGNAL | ID= 2252 | DIGIT= 9 | REGIME= WINNERS ADVANCING | PREV REGIME= WARMUP | 0 P= 10 T= 10 A= 0 D= 4.5 | 1 P= 10 T= -5 A= 30 D= 4 | 2 P= 13.3 T= 0 A= -20 D= -2.5 | 3 P= 16.7 T= 5 A= -70 D= -9 | 4 P= 16.7 T= 5 A= 50 D= 16 | 5 P= 0 T= 0 A= 0 D= -5 | 6 P= 13.3 T= -5 A= 10 D= 1.5 | 7 P= 3.3 T= -5 A= 10 D= -3.5 | 8 P= 3.3 T= 0 A= -20 D= -7.5 | 9 P= 13.3 T= -5 A= 10 D= 1.5 | DOMINANT THREAT= 9 ( 1.5 ) | D79 WEIGHTED= -1.8 | THREAT BREADTH= 0 | LOSER ACCEL BREADTH= 2 | THREAT CONCENTRATION= 66.7 % | T LOSS= -3.3 | A LOSS= 0 | EVEN LEADER= 4 | EVEN FASTEST= 4 | D EVEN= 4.9 | T EVEN= 2.5 | A EVEN= 10 | EVEN ACCEL BREADTH= 2 | A WIN= 0 | A EDGE= 0 | A EVEN EDGE= 10 | DEEP UNDER7%= 72.5 | PREDICTION= 7 | STAKE= 10 | LOSS STREAK= 0 | VETO=
2026-09-10,21:39:05 GMT,UNDER 7 SIGNAL | ID= 2251 | DIGIT= 6 | REGIME= WINNERS ADVANCING | PREV REGIME= WARMUP | 0 P= 10 T= 15 A= 30 D= 13 | 1 P= 10 T= -5 A= 30 D= 4 | 2 P= 13.3 T= 0 A= -20 D= -2.5 | 3 P= 16.7 T= 5 A= -70 D= -9 | 4 P= 16.7 T= 5 A= 50 D= 16 | 5 P= 3.3 T= -5 A= 10 D= -3.5 | 6 P= 13.3 T= -5 A= 10 D= 1.5 | 7 P= 3.3 T= 0 A= -20 D= -7.5 | 8 P= 3.3 T= 0 A= -20 D= -7.5 | 9 P= 10 T= -10 A= 0 D= -4.5 | DOMINANT THREAT= 9 ( -4.5 ) | D79 WEIGHTED= -6 | THREAT BREADTH= 0 | LOSER ACCEL BREADTH= 0 | THREAT CONCENTRATION= 60 % | T LOSS= -3.3 | A LOSS= -13.3 | EVEN LEADER= 4 | EVEN FASTEST= 4 | D EVEN= 7 | T EVEN= 3.8 | A EVEN= 17.5 | EVEN ACCEL BREADTH= 3 | A WIN= 5.7 | A EDGE= 19 | A EVEN EDGE= 30.8 | DEEP UNDER7%= 72.6 | PREDICTION= 7 | STAKE= 10 | LOSS STREAK= 0 | VETO= NO FRESH 7-9 TRIGGER
2026-09-10,21:39:05 GMT,UNDER 7 SIGNAL | ID= 2250 | DIGIT= 0 | REGIME= WINNERS ADVANCING | PREV REGIME= WARMUP | 0 P= 10 T= 15 A= 30 D= 13 | 1 P= 10 T= -5 A= 30 D= 4 | 2 P= 13.3 T= 5 A= -50 D= -6.5 | 3 P= 16.7 T= 10 A= -40 D= -0.5 | 4 P= 16.7 T= 5 A= 50 D= 16 | 5 P= 3.3 T= -5 A= 10 D= -3.5 | 6 P= 10 T= -10 A= 0 D= -4.5 | 7 P= 3.3 T= 0 A= -20 D= -7.5 | 8 P= 6.7 T= -5 A= -10 D= -6 | 9 P= 10 T= -10 A= 0 D= -4.5 | DOMINANT THREAT= 9 ( -4.5 ) | D79 WEIGHTED= -5.5 | THREAT BREADTH= 0 | LOSER ACCEL BREADTH= 0 | THREAT CONCENTRATION= 50 % | T LOSS= -5 | A LOSS= -10 | EVEN LEADER= 4 | EVEN FASTEST= 4 | D EVEN= 4.5 | T EVEN= 3.8 | A EVEN= 7.5 | EVEN ACCEL BREADTH= 2 | A WIN= 4.3 | A EDGE= 14.3 | A EVEN EDGE= 17.5 | DEEP UNDER7%= 72.6 | PREDICTION= 7 | STAKE= 10 | LOSS STREAK= 0 | VETO= NO FRESH 7-9 TRIGGER
2026-09-10,21:39:05 GMT,UNDER 7 SIGNAL | ID= 2249 | DIGIT= 4 | REGIME= WINNERS ADVANCING | PREV REGIME= WARMUP | 0 P= 6.7 T= 10 A= 20 D= 7 | 1 P= 10 T= 0 A= 0 D= 0 | 2 P= 13.3 T= 5 A= -50 D= -6.5 | 3 P= 20 T= 10 A= 0 D= 9.5 | 4 P= 16.7 T= 5 A= 50 D= 16 | 5 P= 3.3 T= -5 A= 10 D= -3.5 | 6 P= 10 T= -10 A= 0 D= -4.5 | 7 P= 3.3 T= 0 A= -20 D= -7.5 | 8 P= 6.7 T= -5 A= -10 D= -6 | 9 P= 10 T= -10 A= 0 D= -4.5 | DOMINANT THREAT= 9 ( -4.5 ) | D79 WEIGHTED= -5.5 | THREAT BREADTH= 0 | LOSER ACCEL BREADTH= 0 | THREAT CONCENTRATION= 50 % | T LOSS= -5 | A LOSS= -10 | EVEN LEADER= 4 | EVEN FASTEST= 4 | D EVEN= 3 | T EVEN= 2.5 | A EVEN= 5 | EVEN ACCEL BREADTH= 2 | A WIN= 4.3 | A EDGE= 14.3 | A EVEN EDGE= 15 | DEEP UNDER7%= 72.6 | PREDICTION= 7 | STAKE= 10 | LOSS STREAK= 0 | VETO= NO FRESH 7-9 TRIGGER
2026-09-10,21:39:05 GMT,UNDER 7 SIGNAL | ID= 2248 | DIGIT= 4 | REGIME= WINNERS ADVANCING | PREV REGIME= WARMUP | 0 P= 6.7 T= 10 A= 20 D= 7 | 1 P= 10 T= 0 A= 0 D= 0 | 2 P= 16.7 T= 0 A= -40 D= -5 | 3 P= 20 T= 15 A= 30 D= 18 | 4 P= 13.3 T= 0 A= 40 D= 10 | 5 P= 3.3 T= -5 A= 10 D= -3.5 | 6 P= 10 T= -5 A= -30 D= -8.5 | 7 P= 3.3 T= 0 A= -20 D= -7.5 | 8 P= 6.7 T= -5 A= -10 D= -6 | 9 P= 10 T= -10 A= 0 D= -4.5 | DOMINANT THREAT= 9 ( -4.5 ) | D79 WEIGHTED= -5.5 | THREAT BREADTH= 0 | LOSER ACCEL BREADTH= 0 | THREAT CONCENTRATION= 50 % | T LOSS= -5 | A LOSS= -10 | EVEN LEADER= 4 | EVEN FASTEST= 4 | D EVEN= 0.9 | T EVEN= 1.3 | A EVEN= -2.5 | EVEN ACCEL BREADTH= 2 | A WIN= 4.3 | A EDGE= 14.3 | A EVEN EDGE= 7.5 | DEEP UNDER7%= 72.6 | PREDICTION= 7 | STAKE= 10 | LOSS STREAK= 0 | VETO= NO FRESH 7-9 TRIGGER
2026-09-10,21:39:05 GMT,UNDER 7 SIGNAL | ID= 2247 | DIGIT= 1 | REGIME= WINNERS ADVANCING | PREV REGIME= WARMUP | 0 P= 6.7 T= 10 A= 20 D= 7 | 1 P= 10 T= 0 A= 0 D= 0 | 2 P= 16.7 T= 0 A= -40 D= -5 | 3 P= 20 T= 15 A= 30 D= 18 | 4 P= 10 T= 0 A= 0 D= 0 | 5 P= 3.3 T= -5 A= 10 D= -3.5 | 6 P= 10 T= 0 A= 0 D= 0 | 7 P= 6.7 T= -5 A= -10 D= -6 | 8 P= 6.7 T= -5 A= -10 D= -6 | 9 P= 10 T= -10 A= 0 D= -4.5 | DOMINANT THREAT= 9 ( -4.5 ) | D79 WEIGHTED= -5.2 | THREAT BREADTH= 0 | LOSER ACCEL BREADTH= 0 | THREAT CONCENTRATION= 42.9 % | T LOSS= -6.7 | A LOSS= -6.7 | EVEN LEADER= 0 | EVEN FASTEST= 0 | D EVEN= 0.5 | T EVEN= 2.5 | A EVEN= -5 | EVEN ACCEL BREADTH= 1 | A WIN= 2.9 | A EDGE= 9.5 | A EVEN EDGE= 1.7 | DEEP UNDER7%= 72.6 | PREDICTION= 7 | STAKE= 10 | LOSS STREAK= 0 | VETO= NO FRESH 7-9 TRIGGER
2026-09-10,21:39:05 GMT,UNDER 7 SIGNAL | ID= 2246 | DIGIT= 4 | REGIME= WINNERS ADVANCING | PREV REGIME= WARMUP | 0 P= 6.7 T= 10 A= 20 D= 7 | 1 P= 6.7 T= -5 A= -10 D= -6 | 2 P= 20 T= 0 A= 0 D= 5 | 3 P= 20 T= 15 A= 30 D= 18 | 4 P= 10 T= 5 A= -30 D= -4 | 5 P= 3.3 T= -5 A= 10 D= -3.5 | 6 P= 10 T= 0 A= 0 D= 0 | 7 P= 6.7 T= -5 A= -10 D= -6 | 8 P= 6.7 T= -5 A= -10 D= -6 | 9 P= 10 T= -10 A= 0 D= -4.5 | DOMINANT THREAT= 9 ( -4.5 ) | D79 WEIGHTED= -5.2 | THREAT BREADTH= 0 | LOSER ACCEL BREADTH= 0 | THREAT CONCENTRATION= 42.9 % | T LOSS= -6.7 | A LOSS= -6.7 | EVEN LEADER= 0 | EVEN FASTEST= 0 | D EVEN= 2 | T EVEN= 3.8 | A EVEN= -2.5 | EVEN ACCEL BREADTH= 1 | A WIN= 2.9 | A EDGE= 9.5 | A EVEN EDGE= 4.2 | DEEP UNDER7%= 72.5 | PREDICTION= 7 | STAKE= 10 | LOSS STREAK= 0 | VETO= NO FRESH 7-9 TRIGGER
2026-09-10,21:39:05 GMT,UNDER 7 SIGNAL | ID= 2244 | DIGIT= 2 | REGIME= WINNERS ADVANCING | PREV REGIME= WARMUP | 0 P= 6.7 T= 10 A= 20 D= 7 | 1 P= 6.7 T= 0 A= -40 D= -10 | 2 P= 20 T= 5 A= 30 D= 13.5 | 3 P= 20 T= 5 A= 30 D= 13.5 | 4 P= 6.7 T= 0 A= -40 D= -10 | 5 P= 3.3 T= -5 A= 10 D= -3.5 | 6 P= 10 T= 0 A= 0 D= 0 | 7 P= 6.7 T= -5 A= -10 D= -6 | 8 P= 10 T= -10 A= 0 D= -4.5 | 9 P= 10 T= 0 A= 0 D= 0 | DOMINANT THREAT= 9 ( 0 ) | D79 WEIGHTED= -2.5 | THREAT BREADTH= 0 | LOSER ACCEL BREADTH= 0 | THREAT CONCENTRATION= 37.5 % | T LOSS= -5 | A LOSS= -3.3 | EVEN LEADER= 2 | EVEN FASTEST= 2 | D EVEN= 2.6 | T EVEN= 3.8 | A EVEN= 2.5 | EVEN ACCEL BREADTH= 2 | A WIN= 1.4 | A EDGE= 4.8 | A EVEN EDGE= 5.8 | DEEP UNDER7%= 72.4 | PREDICTION= 7 | STAKE= 10 | LOSS STREAK= 0 | VETO= NO FRESH 7-9 TRIGGER
2026-09-10,21:39:05 GMT,UNDER 7 SIGNAL | ID= 2235 | DIGIT= 2 | REGIME= WINNERS ADVANCING | PREV REGIME= WARMUP | 0 P= 3.3 T= -5 A= 10 D= -3.5 | 1 P= 6.7 T= 10 A= 20 D= 7 | 2 P= 20 T= 0 A= 0 D= 5 | 3 P= 10 T= 0 A= 0 D= 0 | 4 P= 10 T= 5 A= 30 D= 8.5 | 5 P= 6.7 T= -5 A= -10 D= -6 | 6 P= 10 T= 0 A= 0 D= 0 | 7 P= 13.3 T= -5 A= 10 D= 1.5 | 8 P= 13.3 T= 0 A= -20 D= -2.5 | 9 P= 6.7 T= 0 A= -40 D= -10 | DOMINANT THREAT= 7 ( 1.5 ) | D79 WEIGHTED= -2 | THREAT BREADTH= 0 | LOSER ACCEL BREADTH= 1 | THREAT CONCENTRATION= 40 % | T LOSS= -1.7 | A LOSS= -16.7 | EVEN LEADER= 4 | EVEN FASTEST= 4 | D EVEN= 2.5 | T EVEN= 0 | A EVEN= 10 | EVEN ACCEL BREADTH= 2 | A WIN= 7.1 | A EDGE= 23.8 | A EVEN EDGE= 26.7 | DEEP UNDER7%= 72.4 | PREDICTION= 7 | STAKE= 10 | LOSS STREAK= 0 | VETO= NO FRESH 7-9 TRIGGER
2026-09-10,21:39:05 GMT,YOU WON | Total profit: $ 14.21
2026-09-10,21:39:05 GMT,Profit amount: 3.7
2026-09-10,21:39:05 GMT,Bought: Win payout if the last digit of Volatility 10 (1s) Index is strictly lower than 7 after 1 ticks. (ID: 23908487139)
2026-09-10,21:39:05 GMT,UNDER 7 SIGNAL | ID= 2198 | DIGIT= 9 | REGIME= WINNERS ADVANCING | PREV REGIME= WARMUP | 0 P= 10 T= 5 A= 30 D= 8.5 | 1 P= 6.7 T= 0 A= -40 D= -10 | 2 P= 6.7 T= 5 A= -10 D= -1.5 | 3 P= 10 T= 0 A= 0 D= 0 | 4 P= 0 T= 0 A= 0 D= -5 | 5 P= 16.7 T= 0 A= 20 D= 7.5 | 6 P= 20 T= 0 A= 0 D= 5 | 7 P= 6.7 T= 0 A= -40 D= -10 | 8 P= 16.7 T= -15 A= 50 D= 7 | 9 P= 6.7 T= 5 A= -10 D= -1.5 | DOMINANT THREAT= 8 ( 7 ) | D79 WEIGHTED= 1 | THREAT BREADTH= 1 | LOSER ACCEL BREADTH= 1 | THREAT CONCENTRATION= 55.6 % | T LOSS= -3.3 | A LOSS= 0 | EVEN LEADER= 0 | EVEN FASTEST= 0 | D EVEN= 1.8 | T EVEN= 2.5 | A EVEN= 5 | EVEN ACCEL BREADTH= 1 | A WIN= 0 | A EDGE= 0 | A EVEN EDGE= 5 | DEEP UNDER7%= 73 | PREDICTION= 7 | STAKE= 10 | LOSS STREAK= 0 | VETO=
2026-09-10,21:39:05 GMT,UNDER 7 SIGNAL | ID= 2197 | DIGIT= 5 | REGIME= WINNERS ADVANCING | PREV REGIME= WARMUP | 0 P= 10 T= 10 A= 0 D= 4.5 | 1 P= 6.7 T= 0 A= -40 D= -10 | 2 P= 6.7 T= 5 A= -10 D= -1.5 | 3 P= 10 T= 0 A= 0 D= 0 | 4 P= 0 T= 0 A= 0 D= -5 | 5 P= 16.7 T= 0 A= 20 D= 7.5 | 6 P= 23.3 T= 0 A= 40 D= 15 | 7 P= 6.7 T= 0 A= -40 D= -10 | 8 P= 16.7 T= -15 A= 50 D= 7 | 9 P= 3.3 T= 0 A= -20 D= -7.5 | DOMINANT THREAT= 8 ( 7 ) | D79 WEIGHTED= -0.7 | THREAT BREADTH= 0 | LOSER ACCEL BREADTH= 1 | THREAT CONCENTRATION= 62.5 % | T LOSS= -5 | A LOSS= -3.3 | EVEN LEADER= 6 | EVEN FASTEST= 6 | D EVEN= 3.3 | T EVEN= 3.8 | A EVEN= 7.5 | EVEN ACCEL BREADTH= 1 | A WIN= 1.4 | A EDGE= 4.8 | A EVEN EDGE= 10.8 | DEEP UNDER7%= 73.1 | PREDICTION= 7 | STAKE= 10 | LOSS STREAK= 0 | VETO= NO FRESH 7-9 TRIGGER
2026-09-10,21:39:05 GMT,UNDER 7 SIGNAL | ID= 2196 | DIGIT= 3 | REGIME= WINNERS ADVANCING | PREV REGIME= WARMUP | 0 P= 10 T= 10 A= 0 D= 4.5 | 1 P= 6.7 T= 0 A= -40 D= -10 | 2 P= 6.7 T= 5 A= -10 D= -1.5 | 3 P= 13.3 T= -5 A= 10 D= 1.5 | 4 P= 0 T= 0 A= 0 D= -5 | 5 P= 13.3 T= 0 A= 40 D= 10 | 6 P= 23.3 T= 0 A= 40 D= 15 | 7 P= 6.7 T= 0 A= -40 D= -10 | 8 P= 16.7 T= -10 A= 20 D= 3 | 9 P= 3.3 T= 0 A= -20 D= -7.5 | DOMINANT THREAT= 8 ( 3 ) | D79 WEIGHTED= -2.7 | THREAT BREADTH= 0 | LOSER ACCEL BREADTH= 1 | THREAT CONCENTRATION= 62.5 % | T LOSS= -3.3 | A LOSS= -13.3 | EVEN LEADER= 6 | EVEN FASTEST= 6 | D EVEN= 3.3 | T EVEN= 3.8 | A EVEN= 7.5 | EVEN ACCEL BREADTH= 1 | A WIN= 5.7 | A EDGE= 19 | A EVEN EDGE= 20.8 | DEEP UNDER7%= 73.1 | PREDICTION= 7 | STAKE= 10 | LOSS STREAK= 0 | VETO= NO FRESH 7-9 TRIGGER
2026-09-10,21:39:05 GMT,UNDER 7 SIGNAL | ID= 2195 | DIGIT= 2 | REGIME= WINNERS ADVANCING | PREV REGIME= WARMUP | 0 P= 13.3 T= 5 A= 10 D= 6 | 1 P= 6.7 T= 5 A= -10 D= -1.5 | 2 P= 6.7 T= 5 A= -10 D= -1.5 | 3 P= 10 T= -10 A= 0 D= -4.5 | 4 P= 0 T= 0 A= 0 D= -5 | 5 P= 13.3 T= 5 A= 10 D= 6 | 6 P= 23.3 T= 0 A= 40 D= 15 | 7 P= 6.7 T= 0 A= -40 D= -10 | 8 P= 16.7 T= -10 A= 20 D= 3 | 9 P= 3.3 T= 0 A= -20 D= -7.5 | DOMINANT THREAT= 8 ( 3 ) | D79 WEIGHTED= -2.7 | THREAT BREADTH= 0 | LOSER ACCEL BREADTH= 1 | THREAT CONCENTRATION= 62.5 % | T LOSS= -3.3 | A LOSS= -13.3 | EVEN LEADER= 6 | EVEN FASTEST= 6 | D EVEN= 3.6 | T EVEN= 2.5 | A EVEN= 10 | EVEN ACCEL BREADTH= 2 | A WIN= 5.7 | A EDGE= 19 | A EVEN EDGE= 23.3 | DEEP UNDER7%= 73.1 | PREDICTION= 7 | STAKE= 10 | LOSS STREAK= 0 | VETO= NO FRESH 7-9 TRIGGER
2026-09-10,21:39:05 GMT,UNDER 7 SIGNAL | ID= 2194 | DIGIT= 0 | REGIME= WINNERS ADVANCING | PREV REGIME= WARMUP | 0 P= 13.3 T= 5 A= 10 D= 6 | 1 P= 6.7 T= 5 A= -10 D= -1.5 | 2 P= 6.7 T= -5 A= -10 D= -6 | 3 P= 10 T= -10 A= 0 D= -4.5 | 4 P= 0 T= 0 A= 0 D= -5 | 5 P= 13.3 T= 10 A= -20 D= 2 | 6 P= 23.3 T= 5 A= 70 D= 23.5 | 7 P= 6.7 T= 0 A= -40 D= -10 | 8 P= 16.7 T= -10 A= 20 D= 3 | 9 P= 3.3 T= 0 A= -20 D= -7.5 | DOMINANT THREAT= 8 ( 3 ) | D79 WEIGHTED= -2.7 | THREAT BREADTH= 0 | LOSER ACCEL BREADTH= 1 | THREAT CONCENTRATION= 62.5 % | T LOSS= -3.3 | A LOSS= -13.3 | EVEN LEADER= 6 | EVEN FASTEST= 6 | D EVEN= 4.6 | T EVEN= 1.3 | A EVEN= 17.5 | EVEN ACCEL BREADTH= 2 | A WIN= 5.7 | A EDGE= 19 | A EVEN EDGE= 30.8 | DEEP UNDER7%= 73 | PREDICTION= 7 | STAKE= 10 | LOSS STREAK= 0 | VETO= NO FRESH 7-9 TRIGGER
2026-09-10,21:39:05 GMT,UNDER 7 SIGNAL | ID= 2193 | DIGIT= 0 | REGIME= WINNERS ADVANCING | PREV REGIME= WARMUP | 0 P= 10 T= 0 A= 0 D= 0 | 1 P= 6.7 T= 5 A= -10 D= -1.5 | 2 P= 6.7 T= -5 A= -10 D= -6 | 3 P= 10 T= -10 A= 0 D= -4.5 | 4 P= 0 T= 0 A= 0 D= -5 | 5 P= 16.7 T= 5 A= -10 D= 3.5 | 6 P= 23.3 T= 10 A= 40 D= 19.5 | 7 P= 6.7 T= 5 A= -10 D= -1.5 | 8 P= 16.7 T= -10 A= 20 D= 3 | 9 P= 3.3 T= 0 A= -20 D= -7.5 | DOMINANT THREAT= 8 ( 3 ) | D79 WEIGHTED= -0.4 | THREAT BREADTH= 1 | LOSER ACCEL BREADTH= 1 | THREAT CONCENTRATION= 62.5 % | T LOSS= -1.7 | A LOSS= -3.3 | EVEN LEADER= 6 | EVEN FASTEST= 6 | D EVEN= 2.1 | T EVEN= 1.3 | A EVEN= 7.5 | EVEN ACCEL BREADTH= 1 | A WIN= 1.4 | A EDGE= 4.8 | A EVEN EDGE= 10.8 | DEEP UNDER7%= 72.9 | PREDICTION= 7 | STAKE= 10 | LOSS STREAK= 0 | VETO= NO FRESH 7-9 TRIGGER
2026-09-10,21:39:05 GMT,UNDER 7 SIGNAL | ID= 2192 | DIGIT= 6 | REGIME= WINNERS ADVANCING | PREV REGIME= WARMUP | 0 P= 6.7 T= -5 A= -10 D= -6 | 1 P= 6.7 T= 5 A= -10 D= -1.5 | 2 P= 6.7 T= -5 A= -10 D= -6 | 3 P= 10 T= -5 A= 30 D= 4 | 4 P= 0 T= 0 A= 0 D= -5 | 5 P= 16.7 T= 5 A= -10 D= 3.5 | 6 P= 23.3 T= 10 A= 40 D= 19.5 | 7 P= 10 T= 0 A= 0 D= 0 | 8 P= 16.7 T= -5 A= -10 D= -1 | 9 P= 3.3 T= 0 A= -20 D= -7.5 | DOMINANT THREAT= 7 ( 0 ) | D79 WEIGHTED= -1.8 | THREAT BREADTH= 0 | LOSER ACCEL BREADTH= 0 | THREAT CONCENTRATION= 55.6 % | T LOSS= -1.7 | A LOSS= -10 | EVEN LEADER= 6 | EVEN FASTEST= 6 | D EVEN= 0.6 | T EVEN= 0 | A EVEN= 5 | EVEN ACCEL BREADTH= 1 | A WIN= 4.3 | A EDGE= 14.3 | A EVEN EDGE= 15 | DEEP UNDER7%= 72.9 | PREDICTION= 7 | STAKE= 10 | LOSS STREAK= 0 | VETO= NO FRESH 7-9 TRIGGER
2026-09-10,21:39:05 GMT,UNDER 7 SIGNAL | ID= 2171 | DIGIT= 3 | REGIME= WINNERS ADVANCING | PREV REGIME= WARMUP | 0 P= 6.7 T= 5 A= -10 D= -1.5 | 1 P= 20 T= -5 A= -30 D= -3.5 | 2 P= 3.3 T= 5 A= 10 D= 1 | 3 P= 16.7 T= 5 A= -10 D= 3.5 | 4 P= 6.7 T= -10 A= 20 D= -2 | 5 P= 6.7 T= 0 A= 20 D= 2.5 | 6 P= 13.3 T= 5 A= 10 D= 6 | 7 P= 13.3 T= -5 A= 10 D= 1.5 | 8 P= 13.3 T= 0 A= -20 D= -2.5 | 9 P= 0 T= 0 A= 0 D= -5 | DOMINANT THREAT= 7 ( 1.5 ) | D79 WEIGHTED= -1 | THREAT BREADTH= 0 | LOSER ACCEL BREADTH= 1 | THREAT CONCENTRATION= 50 % | T LOSS= -1.7 | A LOSS= -3.3 | EVEN LEADER= 6 | EVEN FASTEST= 4 | D EVEN= 0.9 | T EVEN= 1.3 | A EVEN= 7.5 | EVEN ACCEL BREADTH= 3 | A WIN= 1.4 | A EDGE= 4.8 | A EVEN EDGE= 10.8 | DEEP UNDER7%= 72.3 | PREDICTION= 7 | STAKE= 10 | LOSS STREAK= 0 | VETO= NO FRESH 7-9 TRIGGER
2026-09-10,21:39:05 GMT,UNDER 7 SIGNAL | ID= 2160 | DIGIT= 1 | REGIME= WINNERS ADVANCING | PREV REGIME= WARMUP | 0 P= 10 T= -5 A= 30 D= 4 | 1 P= 20 T= 15 A= 30 D= 18 | 2 P= 0 T= 0 A= 0 D= -5 | 3 P= 16.7 T= 0 A= 20 D= 7.5 | 4 P= 10 T= -5 A= -30 D= -8.5 | 5 P= 3.3 T= 0 A= -20 D= -7.5 | 6 P= 6.7 T= 5 A= -10 D= -1.5 | 7 P= 20 T= -5 A= -30 D= -3.5 | 8 P= 13.3 T= -5 A= 10 D= 1.5 | 9 P= 0 T= 0 A= 0 D= -5 | DOMINANT THREAT= 8 ( 1.5 ) | D79 WEIGHTED= -1.3 | THREAT BREADTH= 0 | LOSER ACCEL BREADTH= 1 | THREAT CONCENTRATION= 60 % | T LOSS= -3.3 | A LOSS= -6.7 | EVEN LEADER= 0 | EVEN FASTEST= 0 | D EVEN= -2.7 | T EVEN= -1.2 | A EVEN= -2.5 | EVEN ACCEL BREADTH= 1 | A WIN= 2.9 | A EDGE= 9.5 | A EVEN EDGE= 4.2 | DEEP UNDER7%= 72.1 | PREDICTION= 7 | STAKE= 10 | LOSS STREAK= 0 | VETO= NO FRESH 7-9 TRIGGER
2026-09-10,21:39:05 GMT,YOU WON | Total profit: $ 10.51
2026-09-10,21:39:05 GMT,Profit amount: 3.7
2026-09-10,21:39:05 GMT,Bought: Win payout if the last digit of Volatility 10 (1s) Index is strictly lower than 7 after 1 ticks. (ID: 23908387079)
2026-09-10,21:39:05 GMT,UNDER 7 SIGNAL | ID= 2159 | DIGIT= 8 | REGIME= WINNERS ADVANCING | PREV REGIME= WARMUP | 0 P= 6.7 T= -10 A= 20 D= -2 | 1 P= 16.7 T= 20 A= 20 D= 16.5 | 2 P= 0 T= 0 A= 0 D= -5 | 3 P= 16.7 T= 0 A= 20 D= 7.5 | 4 P= 10 T= 0 A= 0 D= 0 | 5 P= 6.7 T= -5 A= -10 D= -6 | 6 P= 6.7 T= 5 A= -10 D= -1.5 | 7 P= 20 T= -5 A= -30 D= -3.5 | 8 P= 13.3 T= 0 A= -20 D= -2.5 | 9 P= 3.3 T= -5 A= 10 D= -3.5 | DOMINANT THREAT= 8 ( -2.5 ) | D79 WEIGHTED= -3 | THREAT BREADTH= 0 | LOSER ACCEL BREADTH= 1 | THREAT CONCENTRATION= 54.5 % | T LOSS= -3.3 | A LOSS= -13.3 | EVEN LEADER= 4 | EVEN FASTEST= 0 | D EVEN= -2.1 | T EVEN= -1.2 | A EVEN= 2.5 | EVEN ACCEL BREADTH= 1 | A WIN= 5.7 | A EDGE= 19 | A EVEN EDGE= 15.8 | DEEP UNDER7%= 72 | PREDICTION= 7 | STAKE= 10 | LOSS STREAK= 0 | VETO=
2026-09-10,21:39:05 GMT,UNDER 7 SIGNAL | ID= 2158 | DIGIT= 3 | REGIME= WINNERS ADVANCING | PREV REGIME= WARMUP | 0 P= 6.7 T= -10 A= 20 D= -2 | 1 P= 20 T= 15 A= 30 D= 18 | 2 P= 0 T= 0 A= 0 D= -5 | 3 P= 16.7 T= 5 A= -10 D= 3.5 | 4 P= 10 T= 0 A= 0 D= 0 | 5 P= 6.7 T= 0 A= 20 D= 2.5 | 6 P= 6.7 T= 5 A= -10 D= -1.5 | 7 P= 20 T= -5 A= -30 D= -3.5 | 8 P= 10 T= -5 A= -30 D= -8.5 | 9 P= 3.3 T= -5 A= 10 D= -3.5 | DOMINANT THREAT= 7 ( -3.5 ) | D79 WEIGHTED= -4.5 | THREAT BREADTH= 0 | LOSER ACCEL BREADTH= 1 | THREAT CONCENTRATION= 60 % | T LOSS= -5 | A LOSS= -16.7 | EVEN LEADER= 4 | EVEN FASTEST= 0 | D EVEN= -2.1 | T EVEN= -1.2 | A EVEN= 2.5 | EVEN ACCEL BREADTH= 1 | A WIN= 7.1 | A EDGE= 23.8 | A EVEN EDGE= 19.2 | DEEP UNDER7%= 72.1 | PREDICTION= 7 | STAKE= 10 | LOSS STREAK= 0 | VETO= NO FRESH 7-9 TRIGGER
2026-09-10,21:39:05 GMT,UNDER 7 SIGNAL | ID= 2157 | DIGIT= 3 | REGIME= WINNERS ADVANCING | PREV REGIME= WARMUP | 0 P= 6.7 T= -10 A= 20 D= -2 | 1 P= 20 T= 15 A= 30 D= 18 | 2 P= 0 T= 0 A= 0 D= -5 | 3 P= 13.3 T= 0 A= -20 D= -2.5 | 4 P= 10 T= 0 A= 0 D= 0 | 5 P= 10 T= -5 A= 30 D= 4 | 6 P= 6.7 T= 5 A= -10 D= -1.5 | 7 P= 20 T= -5 A= -30 D= -3.5 | 8 P= 10 T= 5 A= -30 D= -4 | 9 P= 3.3 T= -5 A= 10 D= -3.5 | DOMINANT THREAT= 7 ( -3.5 ) | D79 WEIGHTED= -3.6 | THREAT BREADTH= 1 | LOSER ACCEL BREADTH= 1 | THREAT CONCENTRATION= 60 % | T LOSS= -1.7 | A LOSS= -16.7 | EVEN LEADER= 4 | EVEN FASTEST= 0 | D EVEN= -2.1 | T EVEN= -1.2 | A EVEN= 2.5 | EVEN ACCEL BREADTH= 1 | A WIN= 7.1 | A EDGE= 23.8 | A EVEN EDGE= 19.2 | DEEP UNDER7%= 72 | PREDICTION= 7 | STAKE= 10 | LOSS STREAK= 0 | VETO= NO FRESH 7-9 TRIGGER
2026-09-10,21:39:05 GMT,UNDER 7 SIGNAL | ID= 2156 | DIGIT= 1 | REGIME= WINNERS ADVANCING | PREV REGIME= WARMUP | 0 P= 6.7 T= -10 A= 20 D= -2 | 1 P= 20 T= 15 A= 30 D= 18 | 2 P= 0 T= 0 A= 0 D= -5 | 3 P= 10 T= 0 A= -60 D= -12.5 | 4 P= 10 T= 0 A= 0 D= 0 | 5 P= 10 T= -5 A= 30 D= 4 | 6 P= 6.7 T= 5 A= -10 D= -1.5 | 7 P= 23.3 T= -5 A= 10 D= 6.5 | 8 P= 10 T= 5 A= -30 D= -4 | 9 P= 3.3 T= -5 A= 10 D= -3.5 | DOMINANT THREAT= 7 ( 6.5 ) | D79 WEIGHTED= 1.4 | THREAT BREADTH= 1 | LOSER ACCEL BREADTH= 2 | THREAT CONCENTRATION= 63.6 % | T LOSS= -1.7 | A LOSS= -3.3 | EVEN LEADER= 4 | EVEN FASTEST= 0 | D EVEN= -2.1 | T EVEN= -1.2 | A EVEN= 2.5 | EVEN ACCEL BREADTH= 1 | A WIN= 1.4 | A EDGE= 4.8 | A EVEN EDGE= 5.8 | DEEP UNDER7%= 72 | PREDICTION= 7 | STAKE= 10 | LOSS STREAK= 0 | VETO= NO FRESH 7-9 TRIGGER
2026-09-10,21:39:05 GMT,YOU WON | Total profit: $ 6.81
2026-09-10,21:39:05 GMT,Profit amount: 3.7
2026-09-10,21:39:05 GMT,Bought: Win payout if the last digit of Volatility 10 (1s) Index is strictly lower than 7 after 1 ticks. (ID: 23908371519)
2026-09-10,21:39:05 GMT,UNDER 7 SIGNAL | ID= 2154 | DIGIT= 7 | REGIME= WINNERS ADVANCING | PREV REGIME= WARMUP | 0 P= 6.7 T= -5 A= -10 D= -6 | 1 P= 20 T= -5 A= 30 D= 9 | 2 P= 0 T= 0 A= 0 D= -5 | 3 P= 10 T= 5 A= -30 D= -4 | 4 P= 10 T= 10 A= 0 D= 4.5 | 5 P= 10 T= -5 A= 30 D= 4 | 6 P= 3.3 T= 5 A= 10 D= 1 | 7 P= 23.3 T= 0 A= -20 D= 2.5 | 8 P= 10 T= 5 A= -30 D= -4 | 9 P= 6.7 T= -10 A= 20 D= -2 | DOMINANT THREAT= 7 ( 2.5 ) | D79 WEIGHTED= -0.2 | THREAT BREADTH= 1 | LOSER ACCEL BREADTH= 1 | THREAT CONCENTRATION= 58.3 % | T LOSS= -1.7 | A LOSS= -10 | EVEN LEADER= 4 | EVEN FASTEST= 6 | D EVEN= -1.4 | T EVEN= 2.5 | A EVEN= 0 | EVEN ACCEL BREADTH= 1 | A WIN= 4.3 | A EDGE= 14.3 | A EVEN EDGE= 10 | DEEP UNDER7%= 71.9 | PREDICTION= 7 | STAKE= 10 | LOSS STREAK= 0 | VETO=
2026-09-10,21:39:05 GMT,UNDER 7 SIGNAL | ID= 2153 | DIGIT= 1 | REGIME= WINNERS ADVANCING | PREV REGIME= WARMUP | 0 P= 6.7 T= -5 A= -10 D= -6 | 1 P= 20 T= -5 A= 30 D= 9 | 2 P= 0 T= 0 A= 0 D= -5 | 3 P= 10 T= 5 A= -30 D= -4 | 4 P= 10 T= 10 A= 0 D= 4.5 | 5 P= 10 T= -5 A= 30 D= 4 | 6 P= 3.3 T= 5 A= 10 D= 1 | 7 P= 20 T= 5 A= -30 D= 1 | 8 P= 10 T= 5 A= -30 D= -4 | 9 P= 10 T= -15 A= 30 D= -0.5 | DOMINANT THREAT= 7 ( 1 ) | D79 WEIGHTED= -0.5 | THREAT BREADTH= 2 | LOSER ACCEL BREADTH= 1 | THREAT CONCENTRATION= 50 % | T LOSS= -1.7 | A LOSS= -10 | EVEN LEADER= 4 | EVEN FASTEST= 6 | D EVEN= -1.4 | T EVEN= 2.5 | A EVEN= 0 | EVEN ACCEL BREADTH= 1 | A WIN= 4.3 | A EDGE= 14.3 | A EVEN EDGE= 10 | DEEP UNDER7%= 72 | PREDICTION= 7 | STAKE= 10 | LOSS STREAK= 0 | VETO= NO FRESH 7-9 TRIGGER
2026-09-10,21:39:05 GMT,UNDER 7 SIGNAL | ID= 2122 | DIGIT= 4 | REGIME= WINNERS ADVANCING | PREV REGIME= WARMUP | 0 P= 13.3 T= 0 A= -20 D= -2.5 | 1 P= 6.7 T= 0 A= -40 D= -10 | 2 P= 6.7 T= 0 A= 20 D= 2.5 | 3 P= 13.3 T= -5 A= 10 D= 1.5 | 4 P= 20 T= 20 A= 0 D= 14 | 5 P= 20 T= 0 A= 60 D= 17.5 | 6 P= 6.7 T= -5 A= -10 D= -6 | 7 P= 0 T= 0 A= 0 D= -5 | 8 P= 6.7 T= 0 A= -40 D= -10 | 9 P= 6.7 T= -10 A= 20 D= -2 | DOMINANT THREAT= 9 ( -2 ) | D79 WEIGHTED= -4.5 | THREAT BREADTH= 0 | LOSER ACCEL BREADTH= 1 | THREAT CONCENTRATION= 50 % | T LOSS= -3.3 | A LOSS= -6.7 | EVEN LEADER= 4 | EVEN FASTEST= 2 | D EVEN= 2 | T EVEN= 3.8 | A EVEN= -2.5 | EVEN ACCEL BREADTH= 1 | A WIN= 2.9 | A EDGE= 9.5 | A EVEN EDGE= 4.2 | DEEP UNDER7%= 72.1 | PREDICTION= 7 | STAKE= 10 | LOSS STREAK= 0 | VETO= NO FRESH 7-9 TRIGGER
2026-09-10,21:39:05 GMT,UNDER 7 SIGNAL | ID= 2121 | DIGIT= 4 | REGIME= WINNERS ADVANCING | PREV REGIME= WARMUP | 0 P= 13.3 T= 5 A= 10 D= 6 | 1 P= 6.7 T= 0 A= -40 D= -10 | 2 P= 6.7 T= 0 A= 20 D= 2.5 | 3 P= 16.7 T= -10 A= 20 D= 3 | 4 P= 16.7 T= 15 A= -10 D= 8 | 5 P= 20 T= 0 A= 60 D= 17.5 | 6 P= 6.7 T= -5 A= -10 D= -6 | 7 P= 0 T= 0 A= 0 D= -5 | 8 P= 6.7 T= 0 A= -40 D= -10 | 9 P= 6.7 T= -5 A= -10 D= -6 | DOMINANT THREAT= 7 ( -5 ) | D79 WEIGHTED= -6.3 | THREAT BREADTH= 0 | LOSER ACCEL BREADTH= 0 | THREAT CONCENTRATION= 50 % | T LOSS= -1.7 | A LOSS= -16.7 | EVEN LEADER= 4 | EVEN FASTEST= 2 | D EVEN= 2.6 | T EVEN= 3.8 | A EVEN= 2.5 | EVEN ACCEL BREADTH= 2 | A WIN= 7.1 | A EDGE= 23.8 | A EVEN EDGE= 19.2 | DEEP UNDER7%= 72.1 | PREDICTION= 7 | STAKE= 10 | LOSS STREAK= 0 | VETO= NO FRESH 7-9 TRIGGER
2026-09-10,21:39:05 GMT,UNDER 7 SIGNAL | ID= 2120 | DIGIT= 3 | REGIME= WINNERS ADVANCING | PREV REGIME= WARMUP | 0 P= 13.3 T= 10 A= 40 D= 14.5 | 1 P= 6.7 T= 0 A= -40 D= -10 | 2 P= 10 T= -5 A= 30 D= 4 | 3 P= 16.7 T= -10 A= 20 D= 3 | 4 P= 13.3 T= 10 A= -20 D= 2 | 5 P= 20 T= 5 A= 30 D= 13.5 | 6 P= 6.7 T= -5 A= -10 D= -6 | 7 P= 0 T= 0 A= 0 D= -5 | 8 P= 6.7 T= 0 A= -40 D= -10 | 9 P= 6.7 T= -5 A= -10 D= -6 | DOMINANT THREAT= 7 ( -5 ) | D79 WEIGHTED= -6.3 | THREAT BREADTH= 0 | LOSER ACCEL BREADTH= 0 | THREAT CONCENTRATION= 50 % | T LOSS= -1.7 | A LOSS= -16.7 | EVEN LEADER= 0 | EVEN FASTEST= 0 | D EVEN= 3.6 | T EVEN= 2.5 | A EVEN= 10 | EVEN ACCEL BREADTH= 2 | A WIN= 7.1 | A EDGE= 23.8 | A EVEN EDGE= 26.7 | DEEP UNDER7%= 72.1 | PREDICTION= 7 | STAKE= 10 | LOSS STREAK= 0 | VETO= NO FRESH 7-9 TRIGGER
2026-09-10,21:39:05 GMT,UNDER 7 SIGNAL | ID= 2119 | DIGIT= 5 | REGIME= WINNERS ADVANCING | PREV REGIME= WARMUP | 0 P= 13.3 T= 15 A= 10 D= 10.5 | 1 P= 6.7 T= 0 A= -40 D= -10 | 2 P= 10 T= -5 A= 30 D= 4 | 3 P= 13.3 T= -15 A= 10 D= -3 | 4 P= 13.3 T= 15 A= 10 D= 10.5 | 5 P= 20 T= 5 A= 30 D= 13.5 | 6 P= 6.7 T= -5 A= -10 D= -6 | 7 P= 0 T= 0 A= 0 D= -5 | 8 P= 10 T= -5 A= -30 D= -8.5 | 9 P= 6.7 T= -5 A= -10 D= -6 | DOMINANT THREAT= 7 ( -5 ) | D79 WEIGHTED= -6 | THREAT BREADTH= 0 | LOSER ACCEL BREADTH= 0 | THREAT CONCENTRATION= 60 % | T LOSS= -3.3 | A LOSS= -13.3 | EVEN LEADER= 0 | EVEN FASTEST= 2 | D EVEN= 4.8 | T EVEN= 5 | A EVEN= 10 | EVEN ACCEL BREADTH= 3 | A WIN= 5.7 | A EDGE= 19 | A EVEN EDGE= 23.3 | DEEP UNDER7%= 72.1 | PREDICTION= 7 | STAKE= 10 | LOSS STREAK= 0 | VETO= NO FRESH 7-9 TRIGGER
2026-09-10,21:39:05 GMT,UNDER 7 SIGNAL | ID= 2118 | DIGIT= 5 | REGIME= WINNERS ADVANCING | PREV REGIME= WARMUP | 0 P= 13.3 T= 15 A= 10 D= 10.5 | 1 P= 6.7 T= 0 A= -40 D= -10 | 2 P= 10 T= -5 A= 30 D= 4 | 3 P= 13.3 T= -15 A= 10 D= -3 | 4 P= 13.3 T= 15 A= 10 D= 10.5 | 5 P= 16.7 T= 0 A= 20 D= 7.5 | 6 P= 6.7 T= 0 A= 20 D= 2.5 | 7 P= 3.3 T= -5 A= 10 D= -3.5 | 8 P= 10 T= -5 A= -30 D= -8.5 | 9 P= 6.7 T= 0 A= -40 D= -10 | DOMINANT THREAT= 7 ( -3.5 ) | D79 WEIGHTED= -6.3 | THREAT BREADTH= 0 | LOSER ACCEL BREADTH= 1 | THREAT CONCENTRATION= 50 % | T LOSS= -3.3 | A LOSS= -20 | EVEN LEADER= 0 | EVEN FASTEST= 2 | D EVEN= 6.9 | T EVEN= 6.3 | A EVEN= 17.5 | EVEN ACCEL BREADTH= 4 | A WIN= 8.6 | A EDGE= 28.6 | A EVEN EDGE= 37.5 | DEEP UNDER7%= 72 | PREDICTION= 7 | STAKE= 10 | LOSS STREAK= 0 | VETO= NO FRESH 7-9 TRIGGER
2026-09-10,21:39:05 GMT,UNDER 7 SIGNAL | ID= 2117 | DIGIT= 2 | REGIME= WINNERS ADVANCING | PREV REGIME= WARMUP | 0 P= 13.3 T= 15 A= 10 D= 10.5 | 1 P= 10 T= -5 A= -30 D= -8.5 | 2 P= 10 T= -5 A= 30 D= 4 | 3 P= 13.3 T= -15 A= 10 D= -3 | 4 P= 13.3 T= 15 A= 10 D= 10.5 | 5 P= 13.3 T= -5 A= 10 D= 1.5 | 6 P= 6.7 T= 5 A= -10 D= -1.5 | 7 P= 3.3 T= -5 A= 10 D= -3.5 | 8 P= 10 T= 0 A= 0 D= 0 | 9 P= 6.7 T= 0 A= -40 D= -10 | DOMINANT THREAT= 8 ( 0 ) | D79 WEIGHTED= -3 | THREAT BREADTH= 0 | LOSER ACCEL BREADTH= 1 | THREAT CONCENTRATION= 50 % | T LOSS= -1.7 | A LOSS= -10 | EVEN LEADER= 0 | EVEN FASTEST= 2 | D EVEN= 5.9 | T EVEN= 7.5 | A EVEN= 10 | EVEN ACCEL BREADTH= 3 | A WIN= 4.3 | A EDGE= 14.3 | A EVEN EDGE= 20 | DEEP UNDER7%= 71.9 | PREDICTION= 7 | STAKE= 10 | LOSS STREAK= 0 | VETO= NO FRESH 7-9 TRIGGER
2026-09-10,21:39:05 GMT,UNDER 7 SIGNAL | ID= 2101 | DIGIT= 5 | REGIME= WINNERS ADVANCING | PREV REGIME= WARMUP | 0 P= 6.7 T= 5 A= -10 D= -1.5 | 1 P= 13.3 T= -10 A= -20 D= -7 | 2 P= 10 T= 5 A= -30 D= -4 | 3 P= 20 T= 5 A= 30 D= 13.5 | 4 P= 3.3 T= -5 A= 10 D= -3.5 | 5 P= 16.7 T= 10 A= 20 D= 12 | 6 P= 10 T= -5 A= 30 D= 4 | 7 P= 6.7 T= -5 A= -10 D= -6 | 8 P= 10 T= -5 A= -30 D= -8.5 | 9 P= 3.3 T= 5 A= 10 D= 1 | DOMINANT THREAT= 9 ( 1 ) | D79 WEIGHTED= -3 | THREAT BREADTH= 1 | LOSER ACCEL BREADTH= 1 | THREAT CONCENTRATION= 50 % | T LOSS= -1.7 | A LOSS= -10 | EVEN LEADER= 6 | EVEN FASTEST= 6 | D EVEN= -1.2 | T EVEN= 0 | A EVEN= 0 | EVEN ACCEL BREADTH= 2 | A WIN= 4.3 | A EDGE= 14.3 | A EVEN EDGE= 10 | DEEP UNDER7%= 71.6 | PREDICTION= 7 | STAKE= 10 | LOSS STREAK= 0 | VETO= NO FRESH 7-9 TRIGGER
2026-09-10,21:39:05 GMT,UNDER 7 SIGNAL | ID= 2100 | DIGIT= 0 | REGIME= WINNERS ADVANCING | PREV REGIME= WARMUP | 0 P= 6.7 T= 5 A= -10 D= -1.5 | 1 P= 13.3 T= -5 A= -50 D= -11 | 2 P= 10 T= 10 A= 0 D= 4.5 | 3 P= 20 T= 5 A= 30 D= 13.5 | 4 P= 3.3 T= -5 A= 10 D= -3.5 | 5 P= 13.3 T= 5 A= 10 D= 6 | 6 P= 13.3 T= -10 A= 40 D= 5.5 | 7 P= 6.7 T= -5 A= -10 D= -6 | 8 P= 10 T= -5 A= -30 D= -8.5 | 9 P= 3.3 T= 5 A= 10 D= 1 | DOMINANT THREAT= 9 ( 1 ) | D79 WEIGHTED= -3 | THREAT BREADTH= 1 | LOSER ACCEL BREADTH= 1 | THREAT CONCENTRATION= 50 % | T LOSS= -1.7 | A LOSS= -10 | EVEN LEADER= 6 | EVEN FASTEST= 6 | D EVEN= 1.3 | T EVEN= 0 | A EVEN= 10 | EVEN ACCEL BREADTH= 2 | A WIN= 4.3 | A EDGE= 14.3 | A EVEN EDGE= 20 | DEEP UNDER7%= 71.6 | PREDICTION= 7 | STAKE= 10 | LOSS STREAK= 0 | VETO= NO FRESH 7-9 TRIGGER
2026-09-10,21:39:05 GMT,UNDER 7 SIGNAL | ID= 2088 | DIGIT= 1 | REGIME= WINNERS ADVANCING | PREV REGIME= WARMUP | 0 P= 3.3 T= 5 A= 10 D= 1 | 1 P= 16.7 T= 10 A= 20 D= 12 | 2 P= 13.3 T= -5 A= 10 D= 1.5 | 3 P= 13.3 T= 5 A= -50 D= -6.5 | 4 P= 3.3 T= 5 A= 10 D= 1 | 5 P= 10 T= 0 A= 0 D= 0 | 6 P= 16.7 T= -5 A= -10 D= -1 | 7 P= 10 T= -10 A= 0 D= -4.5 | 8 P= 6.7 T= 5 A= -10 D= -1.5 | 9 P= 6.7 T= -10 A= 20 D= -2 | DOMINANT THREAT= 8 ( -1.5 ) | D79 WEIGHTED= -2.2 | THREAT BREADTH= 1 | LOSER ACCEL BREADTH= 1 | THREAT CONCENTRATION= 42.9 % | T LOSS= -5 | A LOSS= 3.3 | EVEN LEADER= 2 | EVEN FASTEST= 0 | D EVEN= 0.6 | T EVEN= 0 | A EVEN= 5 | EVEN ACCEL BREADTH= 3 | A WIN= -1.4 | A EDGE= -4.8 | A EVEN EDGE= 1.7 | DEEP UNDER7%= 71.6 | PREDICTION= 7 | STAKE= 10 | LOSS STREAK= 0 | VETO= NO FRESH 7-9 TRIGGER
2026-09-10,21:39:05 GMT,UNDER 7 SIGNAL | ID= 2087 | DIGIT= 1 | REGIME= WINNERS ADVANCING | PREV REGIME= WARMUP | 0 P= 3.3 T= 5 A= 10 D= 1 | 1 P= 13.3 T= 5 A= 10 D= 6 | 2 P= 13.3 T= -5 A= 10 D= 1.5 | 3 P= 13.3 T= 5 A= -50 D= -6.5 | 4 P= 3.3 T= 5 A= 10 D= 1 | 5 P= 13.3 T= -5 A= 10 D= 1.5 | 6 P= 16.7 T= 5 A= -10 D= 3.5 | 7 P= 10 T= -10 A= 0 D= -4.5 | 8 P= 6.7 T= 5 A= -10 D= -1.5 | 9 P= 6.7 T= -10 A= 20 D= -2 | DOMINANT THREAT= 8 ( -1.5 ) | D79 WEIGHTED= -2.2 | THREAT BREADTH= 1 | LOSER ACCEL BREADTH= 1 | THREAT CONCENTRATION= 42.9 % | T LOSS= -5 | A LOSS= 3.3 | EVEN LEADER= 6 | EVEN FASTEST= 0 | D EVEN= 1.8 | T EVEN= 2.5 | A EVEN= 5 | EVEN ACCEL BREADTH= 3 | A WIN= -1.4 | A EDGE= -4.8 | A EVEN EDGE= 1.7 | DEEP UNDER7%= 71.5 | PREDICTION= 7 | STAKE= 10 | LOSS STREAK= 0 | VETO= NO FRESH 7-9 TRIGGER
2026-09-10,21:39:05 GMT,UNDER 7 SIGNAL | ID= 2086 | DIGIT= 3 | REGIME= WINNERS ADVANCING | PREV REGIME= WARMUP | 0 P= 3.3 T= 5 A= 10 D= 1 | 1 P= 10 T= 0 A= 0 D= 0 | 2 P= 16.7 T= -10 A= 20 D= 3 | 3 P= 13.3 T= 5 A= -50 D= -6.5 | 4 P= 3.3 T= 5 A= 10 D= 1 | 5 P= 13.3 T= 5 A= 10 D= 6 | 6 P= 16.7 T= 5 A= -10 D= 3.5 | 7 P= 10 T= -10 A= 0 D= -4.5 | 8 P= 6.7 T= 5 A= -10 D= -1.5 | 9 P= 6.7 T= -10 A= 20 D= -2 | DOMINANT THREAT= 8 ( -1.5 ) | D79 WEIGHTED= -2.2 | THREAT BREADTH= 1 | LOSER ACCEL BREADTH= 1 | THREAT CONCENTRATION= 42.9 % | T LOSS= -5 | A LOSS= 3.3 | EVEN LEADER= 6 | EVEN FASTEST= 2 | D EVEN= 2.1 | T EVEN= 1.3 | A EVEN= 7.5 | EVEN ACCEL BREADTH= 3 | A WIN= -1.4 | A EDGE= -4.8 | A EVEN EDGE= 4.2 | DEEP UNDER7%= 71.5 | PREDICTION= 7 | STAKE= 10 | LOSS STREAK= 0 | VETO= NO FRESH 7-9 TRIGGER
2026-09-10,21:39:05 GMT,UNDER 7 SIGNAL | ID= 2077 | DIGIT= 5 | REGIME= WINNERS ADVANCING | PREV REGIME= WARMUP | 0 P= 0 T= 0 A= 0 D= -5 | 1 P= 16.7 T= -10 A= 20 D= 3 | 2 P= 13.3 T= 0 A= -20 D= -2.5 | 3 P= 10 T= 15 A= 30 D= 13 | 4 P= 0 T= 0 A= 0 D= -5 | 5 P= 13.3 T= 0 A= -20 D= -2.5 | 6 P= 16.7 T= 0 A= 20 D= 7.5 | 7 P= 10 T= 5 A= -30 D= -4 | 8 P= 10 T= -5 A= 30 D= 4 | 9 P= 10 T= -5 A= -30 D= -8.5 | DOMINANT THREAT= 8 ( 4 ) | D79 WEIGHTED= -0.9 | THREAT BREADTH= 1 | LOSER ACCEL BREADTH= 1 | THREAT CONCENTRATION= 33.3 % | T LOSS= -1.7 | A LOSS= -10 | EVEN LEADER= 6 | EVEN FASTEST= 6 | D EVEN= -1.2 | T EVEN= 0 | A EVEN= 0 | EVEN ACCEL BREADTH= 1 | A WIN= 4.3 | A EDGE= 14.3 | A EVEN EDGE= 10 | DEEP UNDER7%= 71.2 | PREDICTION= 7 | STAKE= 10 | LOSS STREAK= 0 | VETO= NO FRESH 7-9 TRIGGER
2026-09-10,21:39:05 GMT,UNDER 7 SIGNAL | ID= 2075 | DIGIT= 3 | REGIME= WINNERS ADVANCING | PREV REGIME= WARMUP | 0 P= 0 T= 0 A= 0 D= -5 | 1 P= 16.7 T= -15 A= -10 D= -5.5 | 2 P= 13.3 T= 5 A= -50 D= -6.5 | 3 P= 10 T= 15 A= 30 D= 13 | 4 P= 0 T= 0 A= 0 D= -5 | 5 P= 10 T= 0 A= 0 D= 0 | 6 P= 16.7 T= 5 A= 50 D= 16 | 7 P= 10 T= 5 A= -30 D= -4 | 8 P= 13.3 T= -10 A= 40 D= 5.5 | 9 P= 10 T= -5 A= -30 D= -8.5 | DOMINANT THREAT= 8 ( 5.5 ) | D79 WEIGHTED= -0.2 | THREAT BREADTH= 1 | LOSER ACCEL BREADTH= 1 | THREAT CONCENTRATION= 40 % | T LOSS= -3.3 | A LOSS= -6.7 | EVEN LEADER= 6 | EVEN FASTEST= 6 | D EVEN= -0.1 | T EVEN= 2.5 | A EVEN= 0 | EVEN ACCEL BREADTH= 1 | A WIN= 2.9 | A EDGE= 9.5 | A EVEN EDGE= 6.7 | DEEP UNDER7%= 71.2 | PREDICTION= 7 | STAKE= 10 | LOSS STREAK= 0 | VETO= NO FRESH 7-9 TRIGGER
2026-09-10,21:39:05 GMT,UNDER 7 SIGNAL | ID= 2074 | DIGIT= 3 | REGIME= WINNERS ADVANCING | PREV REGIME= WARMUP | 0 P= 0 T= 0 A= 0 D= -5 | 1 P= 16.7 T= -10 A= -40 D= -9.5 | 2 P= 13.3 T= 10 A= -20 D= 2 | 3 P= 6.7 T= 10 A= 20 D= 7 | 4 P= 0 T= 0 A= 0 D= -5 | 5 P= 10 T= 0 A= 0 D= 0 | 6 P= 16.7 T= 5 A= 50 D= 16 | 7 P= 13.3 T= 0 A= -20 D= -2.5 | 8 P= 13.3 T= -10 A= 40 D= 5.5 | 9 P= 10 T= -5 A= -30 D= -8.5 | DOMINANT THREAT= 8 ( 5.5 ) | D79 WEIGHTED= 0.3 | THREAT BREADTH= 0 | LOSER ACCEL BREADTH= 1 | THREAT CONCENTRATION= 36.4 % | T LOSS= -5 | A LOSS= -3.3 | EVEN LEADER= 6 | EVEN FASTEST= 6 | D EVEN= 2 | T EVEN= 3.8 | A EVEN= 7.5 | EVEN ACCEL BREADTH= 1 | A WIN= 1.4 | A EDGE= 4.8 | A EVEN EDGE= 10.8 | DEEP UNDER7%= 71.2 | PREDICTION= 7 | STAKE= 10 | LOSS STREAK= 0 | VETO= NO FRESH 7-9 TRIGGER
2026-09-10,21:39:05 GMT,UNDER 7 SIGNAL | ID= 2060 | DIGIT= 1 | REGIME= WINNERS ADVANCING | PREV REGIME= WARMUP | 0 P= 13.3 T= -20 A= 40 D= 1 | 1 P= 20 T= 20 A= 0 D= 14 | 2 P= 13.3 T= 10 A= -20 D= 2 | 3 P= 3.3 T= -5 A= 10 D= -3.5 | 4 P= 3.3 T= -5 A= 10 D= -3.5 | 5 P= 10 T= 5 A= 30 D= 8.5 | 6 P= 6.7 T= 5 A= -10 D= -1.5 | 7 P= 6.7 T= -5 A= -10 D= -6 | 8 P= 16.7 T= 0 A= -40 D= -5 | 9 P= 6.7 T= -5 A= -10 D= -6 | DOMINANT THREAT= 8 ( -5 ) | D79 WEIGHTED= -5.5 | THREAT BREADTH= 0 | LOSER ACCEL BREADTH= 0 | THREAT CONCENTRATION= 55.6 % | T LOSS= -3.3 | A LOSS= -20 | EVEN LEADER= 2 | EVEN FASTEST= 0 | D EVEN= -0.5 | T EVEN= -2.5 | A EVEN= 5 | EVEN ACCEL BREADTH= 2 | A WIN= 8.6 | A EDGE= 28.6 | A EVEN EDGE= 25 | DEEP UNDER7%= 71.5 | PREDICTION= 7 | STAKE= 10 | LOSS STREAK= 0 | VETO= NO FRESH 7-9 TRIGGER
2026-09-10,21:39:05 GMT,UNDER 7 SIGNAL | ID= 2059 | DIGIT= 2 | REGIME= WINNERS ADVANCING | PREV REGIME= WARMUP | 0 P= 13.3 T= -15 A= 10 D= -3 | 1 P= 20 T= 10 A= 0 D= 9.5 | 2 P= 13.3 T= 10 A= -20 D= 2 | 3 P= 3.3 T= -5 A= 10 D= -3.5 | 4 P= 3.3 T= -5 A= 10 D= -3.5 | 5 P= 10 T= 5 A= 30 D= 8.5 | 6 P= 6.7 T= 10 A= 20 D= 7 | 7 P= 6.7 T= -5 A= -10 D= -6 | 8 P= 16.7 T= 0 A= -40 D= -5 | 9 P= 6.7 T= -5 A= -10 D= -6 | DOMINANT THREAT= 8 ( -5 ) | D79 WEIGHTED= -5.5 | THREAT BREADTH= 0 | LOSER ACCEL BREADTH= 0 | THREAT CONCENTRATION= 55.6 % | T LOSS= -3.3 | A LOSS= -20 | EVEN LEADER= 6 | EVEN FASTEST= 6 | D EVEN= 0.6 | T EVEN= 0 | A EVEN= 5 | EVEN ACCEL BREADTH= 3 | A WIN= 8.6 | A EDGE= 28.6 | A EVEN EDGE= 25 | DEEP UNDER7%= 71.4 | PREDICTION= 7 | STAKE= 10 | LOSS STREAK= 0 | VETO= NO FRESH 7-9 TRIGGER
2026-09-10,21:39:05 GMT,UNDER 7 SIGNAL | ID= 2058 | DIGIT= 5 | REGIME= WINNERS ADVANCING | PREV REGIME= WARMUP | 0 P= 13.3 T= -15 A= 10 D= -3 | 1 P= 20 T= 10 A= 0 D= 9.5 | 2 P= 10 T= 5 A= -30 D= -4 | 3 P= 3.3 T= -5 A= 10 D= -3.5 | 4 P= 3.3 T= -5 A= 10 D= -3.5 | 5 P= 13.3 T= 5 A= 10 D= 6 | 6 P= 6.7 T= 10 A= 20 D= 7 | 7 P= 6.7 T= -5 A= -10 D= -6 | 8 P= 16.7 T= 0 A= -40 D= -5 | 9 P= 6.7 T= 0 A= 20 D= 2.5 | DOMINANT THREAT= 9 ( 2.5 ) | D79 WEIGHTED= -1.5 | THREAT BREADTH= 0 | LOSER ACCEL BREADTH= 1 | THREAT CONCENTRATION= 55.6 % | T LOSS= -1.7 | A LOSS= -10 | EVEN LEADER= 6 | EVEN FASTEST= 6 | D EVEN= -0.9 | T EVEN= -1.2 | A EVEN= 2.5 | EVEN ACCEL BREADTH= 3 | A WIN= 4.3 | A EDGE= 14.3 | A EVEN EDGE= 12.5 | DEEP UNDER7%= 71.4 | PREDICTION= 7 | STAKE= 10 | LOSS STREAK= 0 | VETO= NO FRESH 7-9 TRIGGER
2026-09-10,21:39:05 GMT,UNDER 7 SIGNAL | ID= 2043 | DIGIT= 2 | REGIME= WINNERS ADVANCING | PREV REGIME= WARMUP | 0 P= 16.7 T= 15 A= -10 D= 8 | 1 P= 10 T= 5 A= -30 D= -4 | 2 P= 10 T= 5 A= 30 D= 8.5 | 3 P= 3.3 T= 5 A= 10 D= 1 | 4 P= 13.3 T= -10 A= 40 D= 5.5 | 5 P= 16.7 T= -5 A= -10 D= -1 | 6 P= 6.7 T= -5 A= -10 D= -6 | 7 P= 6.7 T= -5 A= -10 D= -6 | 8 P= 10 T= 0 A= 0 D= 0 | 9 P= 6.7 T= -5 A= -10 D= -6 | DOMINANT THREAT= 8 ( 0 ) | D79 WEIGHTED= -3 | THREAT BREADTH= 0 | LOSER ACCEL BREADTH= 0 | THREAT CONCENTRATION= 42.9 % | T LOSS= -3.3 | A LOSS= -6.7 | EVEN LEADER= 2 | EVEN FASTEST= 4 | D EVEN= 4 | T EVEN= 1.3 | A EVEN= 12.5 | EVEN ACCEL BREADTH= 2 | A WIN= 2.9 | A EDGE= 9.5 | A EVEN EDGE= 19.2 | DEEP UNDER7%= 71.3 | PREDICTION= 7 | STAKE= 10 | LOSS STREAK= 0 | VETO= NO FRESH 7-9 TRIGGER
2026-09-10,21:39:05 GMT,UNDER 7 SIGNAL | ID= 2042 | DIGIT= 2 | REGIME= WINNERS ADVANCING | PREV REGIME= WARMUP | 0 P= 16.7 T= 20 A= 20 D= 16.5 | 1 P= 10 T= 5 A= -30 D= -4 | 2 P= 6.7 T= 0 A= 20 D= 2.5 | 3 P= 6.7 T= 0 A= 20 D= 2.5 | 4 P= 13.3 T= -10 A= 40 D= 5.5 | 5 P= 16.7 T= -5 A= -10 D= -1 | 6 P= 6.7 T= -5 A= -10 D= -6 | 7 P= 6.7 T= -5 A= -10 D= -6 | 8 P= 10 T= 0 A= 0 D= 0 | 9 P= 6.7 T= 0 A= -40 D= -10 | DOMINANT THREAT= 8 ( 0 ) | D79 WEIGHTED= -3.8 | THREAT BREADTH= 0 | LOSER ACCEL BREADTH= 0 | THREAT CONCENTRATION= 42.9 % | T LOSS= -1.7 | A LOSS= -16.7 | EVEN LEADER= 0 | EVEN FASTEST= 4 | D EVEN= 4.6 | T EVEN= 1.3 | A EVEN= 17.5 | EVEN ACCEL BREADTH= 3 | A WIN= 7.1 | A EDGE= 23.8 | A EVEN EDGE= 34.2 | DEEP UNDER7%= 71.3 | PREDICTION= 7 | STAKE= 10 | LOSS STREAK= 0 | VETO= NO FRESH 7-9 TRIGGER
2026-09-10,21:39:05 GMT,UNDER 7 SIGNAL | ID= 2037 | DIGIT= 4 | REGIME= WINNERS ADVANCING | PREV REGIME= WARMUP | 0 P= 16.7 T= 10 A= 20 D= 12 | 1 P= 6.7 T= 10 A= 20 D= 7 | 2 P= 6.7 T= -10 A= 20 D= -2 | 3 P= 10 T= -5 A= 30 D= 4 | 4 P= 13.3 T= 0 A= -20 D= -2.5 | 5 P= 13.3 T= 5 A= -50 D= -6.5 | 6 P= 6.7 T= -5 A= -10 D= -6 | 7 P= 10 T= -5 A= 30 D= 4 | 8 P= 10 T= -5 A= -30 D= -8.5 | 9 P= 6.7 T= 5 A= -10 D= -1.5 | DOMINANT THREAT= 7 ( 4 ) | D79 WEIGHTED= -0.2 | THREAT BREADTH= 1 | LOSER ACCEL BREADTH= 1 | THREAT CONCENTRATION= 37.5 % | T LOSS= -1.7 | A LOSS= -3.3 | EVEN LEADER= 0 | EVEN FASTEST= 0 | D EVEN= 0.4 | T EVEN= -1.2 | A EVEN= 2.5 | EVEN ACCEL BREADTH= 2 | A WIN= 1.4 | A EDGE= 4.8 | A EVEN EDGE= 5.8 | DEEP UNDER7%= 71.4 | PREDICTION= 7 | STAKE= 10 | LOSS STREAK= 0 | VETO= NO FRESH 7-9 TRIGGER
2026-09-10,21:39:05 GMT,UNDER 7 SIGNAL | ID= 2036 | DIGIT= 0 | REGIME= WINNERS ADVANCING | PREV REGIME= WARMUP | 0 P= 16.7 T= 15 A= 50 D= 20.5 | 1 P= 6.7 T= 10 A= 20 D= 7 | 2 P= 10 T= -15 A= 30 D= -0.5 | 3 P= 10 T= -5 A= 30 D= 4 | 4 P= 10 T= 0 A= -60 D= -12.5 | 5 P= 13.3 T= 5 A= -50 D= -6.5 | 6 P= 6.7 T= -5 A= -10 D= -6 | 7 P= 10 T= -5 A= 30 D= 4 | 8 P= 10 T= -5 A= -30 D= -8.5 | 9 P= 6.7 T= 5 A= -10 D= -1.5 | DOMINANT THREAT= 7 ( 4 ) | D79 WEIGHTED= -0.2 | THREAT BREADTH= 1 | LOSER ACCEL BREADTH= 1 | THREAT CONCENTRATION= 37.5 % | T LOSS= -1.7 | A LOSS= -3.3 | EVEN LEADER= 0 | EVEN FASTEST= 0 | D EVEN= 0.4 | T EVEN= -1.2 | A EVEN= 2.5 | EVEN ACCEL BREADTH= 2 | A WIN= 1.4 | A EDGE= 4.8 | A EVEN EDGE= 5.8 | DEEP UNDER7%= 71.4 | PREDICTION= 7 | STAKE= 10 | LOSS STREAK= 0 | VETO= NO FRESH 7-9 TRIGGER
2026-09-10,21:39:05 GMT,UNDER 7 SIGNAL | ID= 2035 | DIGIT= 3 | REGIME= WINNERS ADVANCING | PREV REGIME= WARMUP | 0 P= 13.3 T= 10 A= 40 D= 14.5 | 1 P= 6.7 T= 10 A= 20 D= 7 | 2 P= 10 T= -10 A= 0 D= -4.5 | 3 P= 13.3 T= -10 A= 40 D= 5.5 | 4 P= 10 T= 0 A= -60 D= -12.5 | 5 P= 13.3 T= 5 A= -50 D= -6.5 | 6 P= 6.7 T= 0 A= 20 D= 2.5 | 7 P= 10 T= -5 A= 30 D= 4 | 8 P= 10 T= -5 A= -30 D= -8.5 | 9 P= 6.7 T= 5 A= -10 D= -1.5 | DOMINANT THREAT= 7 ( 4 ) | D79 WEIGHTED= -0.2 | THREAT BREADTH= 1 | LOSER ACCEL BREADTH= 1 | THREAT CONCENTRATION= 37.5 % | T LOSS= -1.7 | A LOSS= -3.3 | EVEN LEADER= 0 | EVEN FASTEST= 0 | D EVEN= 0 | T EVEN= 0 | A EVEN= 0 | EVEN ACCEL BREADTH= 2 | A WIN= 1.4 | A EDGE= 4.8 | A EVEN EDGE= 3.3 | DEEP UNDER7%= 71.4 | PREDICTION= 7 | STAKE= 10 | LOSS STREAK= 0 | VETO= NO FRESH 7-9 TRIGGER
2026-09-10,21:39:05 GMT,UNDER 7 SIGNAL | ID= 2019 | DIGIT= 4 | REGIME= WINNERS ADVANCING | PREV REGIME= WARMUP | 0 P= 10 T= -5 A= 30 D= 4 | 1 P= 10 T= -10 A= 0 D= -4.5 | 2 P= 20 T= 0 A= 0 D= 5 | 3 P= 16.7 T= 5 A= -70 D= -9 | 4 P= 13.3 T= 5 A= 10 D= 6 | 5 P= 3.3 T= 5 A= 10 D= 1 | 6 P= 3.3 T= 5 A= 10 D= 1 | 7 P= 13.3 T= 5 A= 10 D= 6 | 8 P= 6.7 T= -5 A= -10 D= -6 | 9 P= 3.3 T= -5 A= 10 D= -3.5 | DOMINANT THREAT= 7 ( 6 ) | D79 WEIGHTED= 0.7 | THREAT BREADTH= 1 | LOSER ACCEL BREADTH= 2 | THREAT CONCENTRATION= 57.1 % | T LOSS= -1.7 | A LOSS= 3.3 | EVEN LEADER= 4 | EVEN FASTEST= 0 | D EVEN= 4 | T EVEN= 1.3 | A EVEN= 12.5 | EVEN ACCEL BREADTH= 3 | A WIN= -1.4 | A EDGE= -4.8 | A EVEN EDGE= 9.2 | DEEP UNDER7%= 71.5 | PREDICTION= 7 | STAKE= 10 | LOSS STREAK= 0 | VETO= NO FRESH 7-9 TRIGGER
2026-09-10,21:39:05 GMT,UNDER 7 SIGNAL | ID= 2013 | DIGIT= 3 | REGIME= WINNERS ADVANCING | PREV REGIME= WARMUP | 0 P= 13.3 T= -5 A= 10 D= 1.5 | 1 P= 10 T= -5 A= -30 D= -8.5 | 2 P= 20 T= 5 A= 30 D= 13.5 | 3 P= 20 T= 15 A= 30 D= 18 | 4 P= 6.7 T= 0 A= -40 D= -10 | 5 P= 3.3 T= -5 A= 10 D= -3.5 | 6 P= 0 T= 0 A= 0 D= -5 | 7 P= 13.3 T= 0 A= -20 D= -2.5 | 8 P= 6.7 T= 0 A= 20 D= 2.5 | 9 P= 6.7 T= -5 A= -10 D= -6 | DOMINANT THREAT= 8 ( 2.5 ) | D79 WEIGHTED= -0.7 | THREAT BREADTH= 0 | LOSER ACCEL BREADTH= 1 | THREAT CONCENTRATION= 50 % | T LOSS= -1.7 | A LOSS= -3.3 | EVEN LEADER= 2 | EVEN FASTEST= 2 | D EVEN= 0 | T EVEN= 0 | A EVEN= 0 | EVEN ACCEL BREADTH= 2 | A WIN= 1.4 | A EDGE= 4.8 | A EVEN EDGE= 3.3 | DEEP UNDER7%= 71.4 | PREDICTION= 7 | STAKE= 10 | LOSS STREAK= 0 | VETO= NO FRESH 7-9 TRIGGER
2026-09-10,21:39:05 GMT,UNDER 7 SIGNAL | ID= 2007 | DIGIT= 2 | REGIME= WINNERS ADVANCING | PREV REGIME= WARMUP | 0 P= 10 T= 5 A= -30 D= -4 | 1 P= 16.7 T= -5 A= -10 D= -1 | 2 P= 20 T= 5 A= 30 D= 13.5 | 3 P= 16.7 T= 5 A= 50 D= 16 | 4 P= 6.7 T= 5 A= -10 D= -1.5 | 5 P= 3.3 T= -5 A= 10 D= -3.5 | 6 P= 3.3 T= -5 A= 10 D= -3.5 | 7 P= 10 T= 0 A= 0 D= 0 | 8 P= 3.3 T= 0 A= -20 D= -7.5 | 9 P= 10 T= -5 A= -30 D= -8.5 | DOMINANT THREAT= 7 ( 0 ) | D79 WEIGHTED= -3.9 | THREAT BREADTH= 0 | LOSER ACCEL BREADTH= 0 | THREAT CONCENTRATION= 42.9 % | T LOSS= -1.7 | A LOSS= -16.7 | EVEN LEADER= 2 | EVEN FASTEST= 2 | D EVEN= 1.1 | T EVEN= 2.5 | A EVEN= 0 | EVEN ACCEL BREADTH= 2 | A WIN= 7.1 | A EDGE= 23.8 | A EVEN EDGE= 16.7 | DEEP UNDER7%= 71.5 | PREDICTION= 7 | STAKE= 10 | LOSS STREAK= 0 | VETO= NO FRESH 7-9 TRIGGER
2026-09-10,21:39:05 GMT,UNDER 7 SIGNAL | ID= 2000 | DIGIT= 1 | REGIME= WINNERS ADVANCING | PREV REGIME= WARMUP | 0 P= 13.3 T= 5 A= 10 D= 6 | 1 P= 20 T= 0 A= 60 D= 17.5 | 2 P= 16.7 T= 5 A= -10 D= 3.5 | 3 P= 6.7 T= 0 A= -40 D= -10 | 4 P= 3.3 T= 5 A= 10 D= 1 | 5 P= 3.3 T= 0 A= -20 D= -7.5 | 6 P= 6.7 T= -10 A= 20 D= -2 | 7 P= 10 T= 0 A= 0 D= 0 | 8 P= 6.7 T= -5 A= -10 D= -6 | 9 P= 13.3 T= 0 A= -20 D= -2.5 | DOMINANT THREAT= 7 ( 0 ) | D79 WEIGHTED= -1.9 | THREAT BREADTH= 0 | LOSER ACCEL BREADTH= 0 | THREAT CONCENTRATION= 44.4 % | T LOSS= -1.7 | A LOSS= -10 | EVEN LEADER= 0 | EVEN FASTEST= 6 | D EVEN= 2.1 | T EVEN= 1.3 | A EVEN= 7.5 | EVEN ACCEL BREADTH= 3 | A WIN= 4.3 | A EDGE= 14.3 | A EVEN EDGE= 17.5 | DEEP UNDER7%= 71.3 | PREDICTION= 7 | STAKE= 10 | LOSS STREAK= 0 | VETO= NO FRESH 7-9 TRIGGER
2026-09-10,21:39:05 GMT,UNDER 7 SIGNAL | ID= 1986 | DIGIT= 5 | REGIME= WINNERS ADVANCING | PREV REGIME= WARMUP | 0 P= 3.3 T= 0 A= -20 D= -7.5 | 1 P= 13.3 T= 5 A= 10 D= 6 | 2 P= 10 T= 10 A= 0 D= 4.5 | 3 P= 6.7 T= 10 A= 20 D= 7 | 4 P= 6.7 T= -10 A= 20 D= -2 | 5 P= 10 T= -5 A= 30 D= 4 | 6 P= 20 T= -5 A= -30 D= -3.5 | 7 P= 10 T= -5 A= -30 D= -8.5 | 8 P= 10 T= 0 A= 0 D= 0 | 9 P= 10 T= 0 A= 0 D= 0 | DOMINANT THREAT= 8 ( 0 ) | D79 WEIGHTED= -1.7 | THREAT BREADTH= 0 | LOSER ACCEL BREADTH= 0 | THREAT CONCENTRATION= 33.3 % | T LOSS= -1.7 | A LOSS= -10 | EVEN LEADER= 2 | EVEN FASTEST= 4 | D EVEN= -2.1 | T EVEN= -1.2 | A EVEN= -7.5 | EVEN ACCEL BREADTH= 1 | A WIN= 4.3 | A EDGE= 14.3 | A EVEN EDGE= 2.5 | DEEP UNDER7%= 71.1 | PREDICTION= 7 | STAKE= 10 | LOSS STREAK= 0 | VETO= NO FRESH 7-9 TRIGGER
2026-09-10,21:39:05 GMT,UNDER 7 SIGNAL | ID= 1961 | DIGIT= 5 | REGIME= WINNERS ADVANCING | PREV REGIME= WARMUP | 0 P= 3.3 T= 0 A= -20 D= -7.5 | 1 P= 0 T= 0 A= 0 D= -5 | 2 P= 13.3 T= 5 A= 10 D= 6 | 3 P= 0 T= 0 A= 0 D= -5 | 4 P= 16.7 T= 0 A= 20 D= 7.5 | 5 P= 16.7 T= 5 A= -10 D= 3.5 | 6 P= 16.7 T= 10 A= 20 D= 12 | 7 P= 16.7 T= -5 A= -10 D= -1 | 8 P= 13.3 T= -15 A= 10 D= -3 | 9 P= 3.3 T= 0 A= -20 D= -7.5 | DOMINANT THREAT= 7 ( -1 ) | D79 WEIGHTED= -2.9 | THREAT BREADTH= 0 | LOSER ACCEL BREADTH= 1 | THREAT CONCENTRATION= 50 % | T LOSS= -6.7 | A LOSS= -6.7 | EVEN LEADER= 6 | EVEN FASTEST= 4 | D EVEN= 4.5 | T EVEN= 3.8 | A EVEN= 7.5 | EVEN ACCEL BREADTH= 3 | A WIN= 2.9 | A EDGE= 9.5 | A EVEN EDGE= 14.2 | DEEP UNDER7%= 71.4 | PREDICTION= 7 | STAKE= 10 | LOSS STREAK= 0 | VETO= NO FRESH 7-9 TRIGGER
2026-09-10,21:39:05 GMT,YOU WON | Total profit: $ 3.11
2026-09-10,21:39:05 GMT,Profit amount: 3.7
2026-09-10,21:39:05 GMT,Bought: Win payout if the last digit of Volatility 10 (1s) Index is strictly lower than 7 after 1 ticks. (ID: 23907866839)
2026-09-10,21:39:05 GMT,UNDER 7 SIGNAL | ID= 1960 | DIGIT= 7 | REGIME= WINNERS ADVANCING | PREV REGIME= WARMUP | 0 P= 6.7 T= -5 A= -10 D= -6 | 1 P= 0 T= 0 A= 0 D= -5 | 2 P= 16.7 T= 0 A= 20 D= 7.5 | 3 P= 0 T= 0 A= 0 D= -5 | 4 P= 16.7 T= 10 A= 20 D= 12 | 5 P= 10 T= -5 A= -30 D= -8.5 | 6 P= 16.7 T= 15 A= 50 D= 20.5 | 7 P= 16.7 T= -5 A= -10 D= -1 | 8 P= 13.3 T= -10 A= -20 D= -7 | 9 P= 3.3 T= 0 A= -20 D= -7.5 | DOMINANT THREAT= 7 ( -1 ) | D79 WEIGHTED= -4.1 | THREAT BREADTH= 0 | LOSER ACCEL BREADTH= 0 | THREAT CONCENTRATION= 50 % | T LOSS= -5 | A LOSS= -16.7 | EVEN LEADER= 6 | EVEN FASTEST= 6 | D EVEN= 8.5 | T EVEN= 5 | A EVEN= 20 | EVEN ACCEL BREADTH= 3 | A WIN= 7.1 | A EDGE= 23.8 | A EVEN EDGE= 36.7 | DEEP UNDER7%= 71.2 | PREDICTION= 7 | STAKE= 10 | LOSS STREAK= 0 | VETO=
2026-09-10,21:39:05 GMT,UNDER 7 SIGNAL | ID= 1959 | DIGIT= 4 | REGIME= WINNERS ADVANCING | PREV REGIME= WARMUP | 0 P= 6.7 T= 0 A= 20 D= 2.5 | 1 P= 0 T= 0 A= 0 D= -5 | 2 P= 16.7 T= 0 A= 20 D= 7.5 | 3 P= 0 T= 0 A= 0 D= -5 | 4 P= 16.7 T= 10 A= 20 D= 12 | 5 P= 13.3 T= -10 A= -20 D= -7 | 6 P= 16.7 T= 15 A= 50 D= 20.5 | 7 P= 13.3 T= -10 A= -20 D= -7 | 8 P= 13.3 T= -5 A= -50 D= -11 | 9 P= 3.3 T= 0 A= -20 D= -7.5 | DOMINANT THREAT= 7 ( -7 ) | D79 WEIGHTED= -7.9 | THREAT BREADTH= 0 | LOSER ACCEL BREADTH= 0 | THREAT CONCENTRATION= 44.4 % | T LOSS= -5 | A LOSS= -30 | EVEN LEADER= 6 | EVEN FASTEST= 6 | D EVEN= 10.6 | T EVEN= 6.3 | A EVEN= 27.5 | EVEN ACCEL BREADTH= 4 | A WIN= 12.9 | A EDGE= 42.9 | A EVEN EDGE= 57.5 | DEEP UNDER7%= 71.2 | PREDICTION= 7 | STAKE= 10 | LOSS STREAK= 0 | VETO= NO FRESH 7-9 TRIGGER
2026-09-10,21:39:05 GMT,YOU WON | Total profit: $ -0.59
2026-09-10,21:39:05 GMT,Profit amount: 6.29
2026-09-10,21:39:05 GMT,Bought: Win payout if the last digit of Volatility 10 (1s) Index is strictly lower than 7 after 1 ticks. (ID: 23907859399)
2026-09-10,21:39:05 GMT,UNDER 7 SIGNAL | ID= 1958 | DIGIT= 6 | REGIME= WINNERS ADVANCING | PREV REGIME= WARMUP | 0 P= 6.7 T= 0 A= 20 D= 2.5 | 1 P= 0 T= 0 A= 0 D= -5 | 2 P= 16.7 T= 0 A= 20 D= 7.5 | 3 P= 0 T= 0 A= 0 D= -5 | 4 P= 20 T= 0 A= 0 D= 5 | 5 P= 13.3 T= -10 A= -20 D= -7 | 6 P= 13.3 T= 15 A= 10 D= 10.5 | 7 P= 13.3 T= -5 A= 10 D= 1.5 | 8 P= 13.3 T= -5 A= -50 D= -11 | 9 P= 3.3 T= 5 A= 10 D= 1 | DOMINANT THREAT= 7 ( 1.5 ) | D79 WEIGHTED= -1.2 | THREAT BREADTH= 1 | LOSER ACCEL BREADTH= 2 | THREAT CONCENTRATION= 44.4 % | T LOSS= -1.7 | A LOSS= -10 | EVEN LEADER= 6 | EVEN FASTEST= 0 | D EVEN= 6.4 | T EVEN= 3.8 | A EVEN= 12.5 | EVEN ACCEL BREADTH= 3 | A WIN= 4.3 | A EDGE= 14.3 | A EVEN EDGE= 22.5 | DEEP UNDER7%= 71.2 | PREDICTION= 7 | STAKE= 17 | LOSS STREAK= 1 | VETO= NO FRESH 7-9 TRIGGER
2026-09-10,21:39:05 GMT,LOSS | Next stake: $ 17 | Losses in a row: 1
2026-09-10,21:39:05 GMT,Loss amount: -10
2026-09-10,21:39:05 GMT,Bought: Win payout if the last digit of Volatility 10 (1s) Index is strictly lower than 7 after 1 ticks. (ID: 23907803139)
2026-09-10,21:39:05 GMT,UNDER 7 SIGNAL | ID= 1936 | DIGIT= 7 | REGIME= WINNERS ADVANCING | PREV REGIME= WARMUP | 0 P= 6.7 T= 5 A= -10 D= -1.5 | 1 P= 3.3 T= 0 A= -20 D= -7.5 | 2 P= 6.7 T= 0 A= 20 D= 2.5 | 3 P= 13.3 T= -10 A= -20 D= -7 | 4 P= 16.7 T= 15 A= 50 D= 20.5 | 5 P= 6.7 T= 0 A= 20 D= 2.5 | 6 P= 16.7 T= 0 A= 20 D= 7.5 | 7 P= 6.7 T= 0 A= 20 D= 2.5 | 8 P= 13.3 T= 0 A= -80 D= -15 | 9 P= 10 T= -10 A= 0 D= -4.5 | DOMINANT THREAT= 7 ( 2.5 ) | D79 WEIGHTED= -3.1 | THREAT BREADTH= 0 | LOSER ACCEL BREADTH= 1 | THREAT CONCENTRATION= 44.4 % | T LOSS= -3.3 | A LOSS= -20 | EVEN LEADER= 4 | EVEN FASTEST= 4 | D EVEN= 7.3 | T EVEN= 5 | A EVEN= 20 | EVEN ACCEL BREADTH= 3 | A WIN= 8.6 | A EDGE= 28.6 | A EVEN EDGE= 40 | DEEP UNDER7%= 71.1 | PREDICTION= 7 | STAKE= 10 | LOSS STREAK= 0 | VETO=
2026-09-10,21:39:05 GMT,UNDER 7 SIGNAL | ID= 1935 | DIGIT= 0 | REGIME= WINNERS ADVANCING | PREV REGIME= WARMUP | 0 P= 10 T= 0 A= 0 D= 0 | 1 P= 3.3 T= 0 A= -20 D= -7.5 | 2 P= 6.7 T= 5 A= -10 D= -1.5 | 3 P= 13.3 T= -10 A= -20 D= -7 | 4 P= 16.7 T= 15 A= 50 D= 20.5 | 5 P= 6.7 T= 0 A= 20 D= 2.5 | 6 P= 16.7 T= 0 A= 20 D= 7.5 | 7 P= 3.3 T= -5 A= 10 D= -3.5 | 8 P= 13.3 T= 0 A= -80 D= -15 | 9 P= 10 T= -5 A= 30 D= 4 | DOMINANT THREAT= 9 ( 4 ) | D79 WEIGHTED= -2 | THREAT BREADTH= 0 | LOSER ACCEL BREADTH= 2 | THREAT CONCENTRATION= 50 % | T LOSS= -3.3 | A LOSS= -13.3 | EVEN LEADER= 4 | EVEN FASTEST= 4 | D EVEN= 6.6 | T EVEN= 5 | A EVEN= 15 | EVEN ACCEL BREADTH= 2 | A WIN= 5.7 | A EDGE= 19 | A EVEN EDGE= 28.3 | DEEP UNDER7%= 71.2 | PREDICTION= 7 | STAKE= 10 | LOSS STREAK= 0 | VETO= NO FRESH 7-9 TRIGGER
2026-09-10,21:39:05 GMT,UNDER 7 SIGNAL | ID= 1934 | DIGIT= 2 | REGIME= WINNERS ADVANCING | PREV REGIME= WARMUP | 0 P= 6.7 T= -5 A= -10 D= -6 | 1 P= 3.3 T= 0 A= -20 D= -7.5 | 2 P= 6.7 T= 5 A= -10 D= -1.5 | 3 P= 16.7 T= -15 A= -10 D= -5.5 | 4 P= 16.7 T= 20 A= 20 D= 16.5 | 5 P= 6.7 T= 0 A= 20 D= 2.5 | 6 P= 16.7 T= 0 A= 20 D= 7.5 | 7 P= 3.3 T= -5 A= 10 D= -3.5 | 8 P= 13.3 T= 5 A= -50 D= -6.5 | 9 P= 10 T= -5 A= 30 D= 4 | DOMINANT THREAT= 9 ( 4 ) | D79 WEIGHTED= -0.4 | THREAT BREADTH= 1 | LOSER ACCEL BREADTH= 2 | THREAT CONCENTRATION= 50 % | T LOSS= -1.7 | A LOSS= -3.3 | EVEN LEADER= 4 | EVEN FASTEST= 4 | D EVEN= 4.1 | T EVEN= 5 | A EVEN= 5 | EVEN ACCEL BREADTH= 2 | A WIN= 1.4 | A EDGE= 4.8 | A EVEN EDGE= 8.3 | DEEP UNDER7%= 71.1 | PREDICTION= 7 | STAKE= 10 | LOSS STREAK= 0 | VETO= NO FRESH 7-9 TRIGGER
2026-09-10,21:39:05 GMT,UNDER 7 SIGNAL | ID= 1912 | DIGIT= 3 | REGIME= WINNERS ADVANCING | PREV REGIME= WARMUP | 0 P= 6.7 T= 0 A= 20 D= 2.5 | 1 P= 13.3 T= -10 A= 40 D= 5.5 | 2 P= 6.7 T= -5 A= -10 D= -6 | 3 P= 16.7 T= 15 A= -10 D= 8 | 4 P= 10 T= 0 A= 0 D= 0 | 5 P= 16.7 T= 0 A= -40 D= -5 | 6 P= 10 T= 10 A= 0 D= 4.5 | 7 P= 6.7 T= 0 A= -40 D= -10 | 8 P= 6.7 T= -10 A= 20 D= -2 | 9 P= 6.7 T= 0 A= 20 D= 2.5 | DOMINANT THREAT= 9 ( 2.5 ) | D79 WEIGHTED= -1.3 | THREAT BREADTH= 0 | LOSER ACCEL BREADTH= 2 | THREAT CONCENTRATION= 33.3 % | T LOSS= -3.3 | A LOSS= 0 | EVEN LEADER= 6 | EVEN FASTEST= 0 | D EVEN= 0.3 | T EVEN= 1.3 | A EVEN= 2.5 | EVEN ACCEL BREADTH= 1 | A WIN= 0 | A EDGE= 0 | A EVEN EDGE= 2.5 | DEEP UNDER7%= 71 | PREDICTION= 7 | STAKE= 10 | LOSS STREAK= 0 | VETO= NO FRESH 7-9 TRIGGER
2026-09-10,21:39:05 GMT,UNDER 7 SIGNAL | ID= 1909 | DIGIT= 3 | REGIME= WINNERS ADVANCING | PREV REGIME= WARMUP | 0 P= 6.7 T= 0 A= 20 D= 2.5 | 1 P= 13.3 T= -5 A= 10 D= 1.5 | 2 P= 10 T= -5 A= -30 D= -8.5 | 3 P= 20 T= 0 A= 0 D= 5 | 4 P= 10 T= 5 A= 30 D= 8.5 | 5 P= 16.7 T= 5 A= -10 D= 3.5 | 6 P= 6.7 T= 5 A= -10 D= -1.5 | 7 P= 6.7 T= 5 A= -10 D= -1.5 | 8 P= 6.7 T= -5 A= -10 D= -6 | 9 P= 3.3 T= -5 A= 10 D= -3.5 | DOMINANT THREAT= 7 ( -1.5 ) | D79 WEIGHTED= -3 | THREAT BREADTH= 1 | LOSER ACCEL BREADTH= 1 | THREAT CONCENTRATION= 40 % | T LOSS= -1.7 | A LOSS= -3.3 | EVEN LEADER= 4 | EVEN FASTEST= 4 | D EVEN= 0.3 | T EVEN= 1.3 | A EVEN= 2.5 | EVEN ACCEL BREADTH= 2 | A WIN= 1.4 | A EDGE= 4.8 | A EVEN EDGE= 5.8 | DEEP UNDER7%= 71.1 | PREDICTION= 7 | STAKE= 10 | LOSS STREAK= 0 | VETO= NO FRESH 7-9 TRIGGER
2026-09-10,21:39:05 GMT,UNDER 7 SIGNAL | ID= 1908 | DIGIT= 5 | REGIME= WINNERS ADVANCING | PREV REGIME= WARMUP | 0 P= 10 T= -5 A= 30 D= 4 | 1 P= 13.3 T= -5 A= 10 D= 1.5 | 2 P= 10 T= -5 A= -30 D= -8.5 | 3 P= 16.7 T= 0 A= 20 D= 7.5 | 4 P= 10 T= 10 A= 0 D= 4.5 | 5 P= 16.7 T= 5 A= -10 D= 3.5 | 6 P= 6.7 T= 5 A= -10 D= -1.5 | 7 P= 6.7 T= 5 A= -10 D= -1.5 | 8 P= 6.7 T= -5 A= -10 D= -6 | 9 P= 3.3 T= -5 A= 10 D= -3.5 | DOMINANT THREAT= 7 ( -1.5 ) | D79 WEIGHTED= -3 | THREAT BREADTH= 1 | LOSER ACCEL BREADTH= 1 | THREAT CONCENTRATION= 40 % | T LOSS= -1.7 | A LOSS= -3.3 | EVEN LEADER= 4 | EVEN FASTEST= 0 | D EVEN= -0.4 | T EVEN= 1.3 | A EVEN= -2.5 | EVEN ACCEL BREADTH= 1 | A WIN= 1.4 | A EDGE= 4.8 | A EVEN EDGE= 0.8 | DEEP UNDER7%= 71.1 | PREDICTION= 7 | STAKE= 10 | LOSS STREAK= 0 | VETO= NO FRESH 7-9 TRIGGER
2026-09-10,21:39:05 GMT,UNDER 7 SIGNAL | ID= 1906 | DIGIT= 0 | REGIME= WINNERS ADVANCING | PREV REGIME= WARMUP | 0 P= 10 T= 0 A= 0 D= 0 | 1 P= 13.3 T= 0 A= -20 D= -2.5 | 2 P= 10 T= -5 A= -30 D= -8.5 | 3 P= 20 T= -5 A= 30 D= 9 | 4 P= 13.3 T= 5 A= 10 D= 6 | 5 P= 13.3 T= 5 A= 10 D= 6 | 6 P= 3.3 T= 5 A= 10 D= 1 | 7 P= 6.7 T= 5 A= -10 D= -1.5 | 8 P= 6.7 T= -5 A= -10 D= -6 | 9 P= 3.3 T= -5 A= 10 D= -3.5 | DOMINANT THREAT= 7 ( -1.5 ) | D79 WEIGHTED= -3 | THREAT BREADTH= 1 | LOSER ACCEL BREADTH= 1 | THREAT CONCENTRATION= 40 % | T LOSS= -1.7 | A LOSS= -3.3 | EVEN LEADER= 4 | EVEN FASTEST= 4 | D EVEN= -0.4 | T EVEN= 1.3 | A EVEN= -2.5 | EVEN ACCEL BREADTH= 2 | A WIN= 1.4 | A EDGE= 4.8 | A EVEN EDGE= 0.8 | DEEP UNDER7%= 71 | PREDICTION= 7 | STAKE= 10 | LOSS STREAK= 0 | VETO= NO FRESH 7-9 TRIGGER
2026-09-10,21:39:05 GMT,UNDER 7 SIGNAL | ID= 1885 | DIGIT= 5 | REGIME= WINNERS ADVANCING | PREV REGIME= WARMUP | 0 P= 13.3 T= 0 A= 40 D= 10 | 1 P= 20 T= -5 A= -30 D= -3.5 | 2 P= 10 T= 0 A= 0 D= 0 | 3 P= 16.7 T= 10 A= 20 D= 12 | 4 P= 13.3 T= 5 A= -50 D= -6.5 | 5 P= 3.3 T= 5 A= 10 D= 1 | 6 P= 6.7 T= -10 A= 20 D= -2 | 7 P= 3.3 T= 0 A= -20 D= -7.5 | 8 P= 6.7 T= 5 A= -10 D= -1.5 | 9 P= 6.7 T= -10 A= 20 D= -2 | DOMINANT THREAT= 8 ( -1.5 ) | D79 WEIGHTED= -2.8 | THREAT BREADTH= 1 | LOSER ACCEL BREADTH= 1 | THREAT CONCENTRATION= 40 % | T LOSS= -1.7 | A LOSS= -3.3 | EVEN LEADER= 0 | EVEN FASTEST= 0 | D EVEN= 0.4 | T EVEN= -1.2 | A EVEN= 2.5 | EVEN ACCEL BREADTH= 2 | A WIN= 1.4 | A EDGE= 4.8 | A EVEN EDGE= 5.8 | DEEP UNDER7%= 70.5 | PREDICTION= 7 | STAKE= 10 | LOSS STREAK= 0 | VETO= NO FRESH 7-9 TRIGGER
2026-09-10,21:39:05 GMT,UNDER 7 SIGNAL | ID= 1884 | DIGIT= 1 | REGIME= WINNERS ADVANCING | PREV REGIME= WARMUP | 0 P= 13.3 T= 0 A= 40 D= 10 | 1 P= 20 T= 0 A= -60 D= -7.5 | 2 P= 10 T= 0 A= 0 D= 0 | 3 P= 20 T= 10 A= 60 D= 22 | 4 P= 13.3 T= 5 A= -50 D= -6.5 | 5 P= 0 T= 0 A= 0 D= -5 | 6 P= 6.7 T= -10 A= 20 D= -2 | 7 P= 3.3 T= 0 A= -20 D= -7.5 | 8 P= 6.7 T= 5 A= -10 D= -1.5 | 9 P= 6.7 T= -10 A= 20 D= -2 | DOMINANT THREAT= 8 ( -1.5 ) | D79 WEIGHTED= -2.8 | THREAT BREADTH= 1 | LOSER ACCEL BREADTH= 1 | THREAT CONCENTRATION= 40 % | T LOSS= -1.7 | A LOSS= -3.3 | EVEN LEADER= 0 | EVEN FASTEST= 0 | D EVEN= 0.4 | T EVEN= -1.2 | A EVEN= 2.5 | EVEN ACCEL BREADTH= 2 | A WIN= 1.4 | A EDGE= 4.8 | A EVEN EDGE= 5.8 | DEEP UNDER7%= 70.5 | PREDICTION= 7 | STAKE= 10 | LOSS STREAK= 0 | VETO= NO FRESH 7-9 TRIGGER
2026-09-10,21:39:05 GMT,UNDER 7 SIGNAL | ID= 1882 | DIGIT= 3 | REGIME= WINNERS ADVANCING | PREV REGIME= WARMUP | 0 P= 16.7 T= 0 A= 20 D= 7.5 | 1 P= 16.7 T= 0 A= -40 D= -5 | 2 P= 10 T= 0 A= 0 D= 0 | 3 P= 23.3 T= 5 A= 70 D= 23.5 | 4 P= 13.3 T= 10 A= -20 D= 2 | 5 P= 0 T= 0 A= 0 D= -5 | 6 P= 6.7 T= -10 A= 20 D= -2 | 7 P= 3.3 T= 0 A= -20 D= -7.5 | 8 P= 3.3 T= 0 A= -20 D= -7.5 | 9 P= 6.7 T= -5 A= -10 D= -6 | DOMINANT THREAT= 9 ( -6 ) | D79 WEIGHTED= -6.7 | THREAT BREADTH= 0 | LOSER ACCEL BREADTH= 0 | THREAT CONCENTRATION= 50 % | T LOSS= -1.7 | A LOSS= -16.7 | EVEN LEADER= 0 | EVEN FASTEST= 0 | D EVEN= 1.9 | T EVEN= 0 | A EVEN= 5 | EVEN ACCEL BREADTH= 2 | A WIN= 7.1 | A EDGE= 23.8 | A EVEN EDGE= 21.7 | DEEP UNDER7%= 70.4 | PREDICTION= 7 | STAKE= 10 | LOSS STREAK= 0 | VETO= NO FRESH 7-9 TRIGGER
2026-09-10,21:39:05 GMT,UNDER 7 SIGNAL | ID= 1881 | DIGIT= 3 | REGIME= WINNERS ADVANCING | PREV REGIME= WARMUP | 0 P= 16.7 T= 5 A= -10 D= 3.5 | 1 P= 16.7 T= 0 A= -40 D= -5 | 2 P= 10 T= 5 A= 30 D= 8.5 | 3 P= 20 T= 0 A= 60 D= 17.5 | 4 P= 13.3 T= 10 A= -20 D= 2 | 5 P= 0 T= 0 A= 0 D= -5 | 6 P= 6.7 T= -10 A= 20 D= -2 | 7 P= 3.3 T= 0 A= -20 D= -7.5 | 8 P= 3.3 T= 0 A= -20 D= -7.5 | 9 P= 10 T= -10 A= 0 D= -4.5 | DOMINANT THREAT= 9 ( -4.5 ) | D79 WEIGHTED= -6 | THREAT BREADTH= 0 | LOSER ACCEL BREADTH= 0 | THREAT CONCENTRATION= 60 % | T LOSS= -3.3 | A LOSS= -13.3 | EVEN LEADER= 2 | EVEN FASTEST= 2 | D EVEN= 3 | T EVEN= 2.5 | A EVEN= 5 | EVEN ACCEL BREADTH= 2 | A WIN= 5.7 | A EDGE= 19 | A EVEN EDGE= 18.3 | DEEP UNDER7%= 70.3 | PREDICTION= 7 | STAKE= 10 | LOSS STREAK= 0 | VETO= NO FRESH 7-9 TRIGGER
2026-09-10,21:39:05 GMT,UNDER 7 SIGNAL | ID= 1880 | DIGIT= 2 | REGIME= WINNERS ADVANCING | PREV REGIME= WARMUP | 0 P= 20 T= 0 A= 0 D= 5 | 1 P= 16.7 T= 0 A= -40 D= -5 | 2 P= 10 T= 5 A= 30 D= 8.5 | 3 P= 16.7 T= 0 A= 20 D= 7.5 | 4 P= 13.3 T= 15 A= 10 D= 10.5 | 5 P= 0 T= 0 A= 0 D= -5 | 6 P= 6.7 T= -10 A= 20 D= -2 | 7 P= 3.3 T= 0 A= -20 D= -7.5 | 8 P= 3.3 T= 0 A= -20 D= -7.5 | 9 P= 10 T= -10 A= 0 D= -4.5 | DOMINANT THREAT= 9 ( -4.5 ) | D79 WEIGHTED= -6 | THREAT BREADTH= 0 | LOSER ACCEL BREADTH= 0 | THREAT CONCENTRATION= 60 % | T LOSS= -3.3 | A LOSS= -13.3 | EVEN LEADER= 4 | EVEN FASTEST= 2 | D EVEN= 5.5 | T EVEN= 2.5 | A EVEN= 15 | EVEN ACCEL BREADTH= 3 | A WIN= 5.7 | A EDGE= 19 | A EVEN EDGE= 28.3 | DEEP UNDER7%= 70.2 | PREDICTION= 7 | STAKE= 10 | LOSS STREAK= 0 | VETO= NO FRESH 7-9 TRIGGER
2026-09-10,21:39:05 GMT,UNDER 7 SIGNAL | ID= 1879 | DIGIT= 0 | REGIME= WINNERS ADVANCING | PREV REGIME= WARMUP | 0 P= 20 T= 0 A= 0 D= 5 | 1 P= 16.7 T= 5 A= -10 D= 3.5 | 2 P= 6.7 T= 0 A= 20 D= 2.5 | 3 P= 16.7 T= 0 A= 20 D= 7.5 | 4 P= 13.3 T= 15 A= 10 D= 10.5 | 5 P= 3.3 T= -5 A= 10 D= -3.5 | 6 P= 6.7 T= -5 A= -10 D= -6 | 7 P= 3.3 T= 0 A= -20 D= -7.5 | 8 P= 3.3 T= 0 A= -20 D= -7.5 | 9 P= 10 T= -10 A= 0 D= -4.5 | DOMINANT THREAT= 9 ( -4.5 ) | D79 WEIGHTED= -6 | THREAT BREADTH= 0 | LOSER ACCEL BREADTH= 0 | THREAT CONCENTRATION= 60 % | T LOSS= -3.3 | A LOSS= -13.3 | EVEN LEADER= 4 | EVEN FASTEST= 2 | D EVEN= 3 | T EVEN= 2.5 | A EVEN= 5 | EVEN ACCEL BREADTH= 2 | A WIN= 5.7 | A EDGE= 19 | A EVEN EDGE= 18.3 | DEEP UNDER7%= 70.1 | PREDICTION= 7 | STAKE= 10 | LOSS STREAK= 0 | VETO= NO FRESH 7-9 TRIGGER
2026-09-10,21:39:05 GMT,UNDER 7 SIGNAL | ID= 1877 | DIGIT= 3 | REGIME= WINNERS ADVANCING | PREV REGIME= WARMUP | 0 P= 16.7 T= -5 A= -10 D= -1 | 1 P= 16.7 T= 5 A= -10 D= 3.5 | 2 P= 6.7 T= 5 A= -10 D= -1.5 | 3 P= 16.7 T= 0 A= 20 D= 7.5 | 4 P= 13.3 T= 10 A= 40 D= 14.5 | 5 P= 3.3 T= -5 A= 10 D= -3.5 | 6 P= 6.7 T= -5 A= -10 D= -6 | 7 P= 3.3 T= 0 A= -20 D= -7.5 | 8 P= 6.7 T= 0 A= 20 D= 2.5 | 9 P= 10 T= -5 A= -30 D= -8.5 | DOMINANT THREAT= 8 ( 2.5 ) | D79 WEIGHTED= -2.7 | THREAT BREADTH= 0 | LOSER ACCEL BREADTH= 1 | THREAT CONCENTRATION= 50 % | T LOSS= -1.7 | A LOSS= -10 | EVEN LEADER= 4 | EVEN FASTEST= 4 | D EVEN= 1.5 | T EVEN= 1.3 | A EVEN= 2.5 | EVEN ACCEL BREADTH= 1 | A WIN= 4.3 | A EDGE= 14.3 | A EVEN EDGE= 12.5 | DEEP UNDER7%= 69.9 | PREDICTION= 7 | STAKE= 10 | LOSS STREAK= 0 | VETO= NO FRESH 7-9 TRIGGER
2026-09-10,21:39:05 GMT,UNDER 7 SIGNAL | ID= 1862 | DIGIT= 0 | REGIME= WINNERS ADVANCING | PREV REGIME= WARMUP | 0 P= 20 T= -5 A= 30 D= 9 | 1 P= 10 T= 0 A= 0 D= 0 | 2 P= 3.3 T= 5 A= 10 D= 1 | 3 P= 10 T= 15 A= 30 D= 13 | 4 P= 10 T= -5 A= -30 D= -8.5 | 5 P= 10 T= -10 A= 0 D= -4.5 | 6 P= 16.7 T= 5 A= -10 D= 3.5 | 7 P= 0 T= 0 A= 0 D= -5 | 8 P= 10 T= -10 A= 0 D= -4.5 | 9 P= 10 T= 5 A= -30 D= -4 | DOMINANT THREAT= 9 ( -4 ) | D79 WEIGHTED= -4.3 | THREAT BREADTH= 1 | LOSER ACCEL BREADTH= 0 | THREAT CONCENTRATION= 50 % | T LOSS= -1.7 | A LOSS= -10 | EVEN LEADER= 0 | EVEN FASTEST= 0 | D EVEN= 1.3 | T EVEN= 0 | A EVEN= 0 | EVEN ACCEL BREADTH= 2 | A WIN= 4.3 | A EDGE= 14.3 | A EVEN EDGE= 10 | DEEP UNDER7%= 70.1 | PREDICTION= 7 | STAKE= 10 | LOSS STREAK= 0 | VETO= NO FRESH 7-9 TRIGGER
2026-09-10,21:39:05 GMT,UNDER 7 SIGNAL | ID= 1838 | DIGIT= 4 | REGIME= WINNERS ADVANCING | PREV REGIME= WARMUP | 0 P= 6.7 T= 10 A= 20 D= 7 | 1 P= 3.3 T= 0 A= -20 D= -7.5 | 2 P= 10 T= -10 A= 0 D= -4.5 | 3 P= 0 T= 0 A= 0 D= -5 | 4 P= 16.7 T= 5 A= -10 D= 3.5 | 5 P= 23.3 T= 5 A= 10 D= 11 | 6 P= 16.7 T= 0 A= 20 D= 7.5 | 7 P= 3.3 T= -5 A= 10 D= -3.5 | 8 P= 6.7 T= 5 A= -10 D= -1.5 | 9 P= 13.3 T= -10 A= -20 D= -7 | DOMINANT THREAT= 8 ( -1.5 ) | D79 WEIGHTED= -3.2 | THREAT BREADTH= 1 | LOSER ACCEL BREADTH= 1 | THREAT CONCENTRATION= 57.1 % | T LOSS= -3.3 | A LOSS= -6.7 | EVEN LEADER= 6 | EVEN FASTEST= 0 | D EVEN= 3.4 | T EVEN= 1.3 | A EVEN= 7.5 | EVEN ACCEL BREADTH= 2 | A WIN= 2.9 | A EDGE= 9.5 | A EVEN EDGE= 14.2 | DEEP UNDER7%= 70.1 | PREDICTION= 7 | STAKE= 10 | LOSS STREAK= 0 | VETO= NO FRESH 7-9 TRIGGER
2026-09-10,21:39:05 GMT,YOU WON | Total profit: $ 3.12
2026-09-10,21:39:05 GMT,Profit amount: 3.7
2026-09-10,21:39:05 GMT,Bought: Win payout if the last digit of Volatility 10 (1s) Index is strictly lower than 7 after 1 ticks. (ID: 23907562759)
2026-09-10,21:39:05 GMT,UNDER 7 SIGNAL | ID= 1837 | DIGIT= 8 | REGIME= WINNERS ADVANCING | PREV REGIME= WARMUP | 0 P= 3.3 T= 5 A= 10 D= 1 | 1 P= 3.3 T= 0 A= -20 D= -7.5 | 2 P= 10 T= -10 A= 0 D= -4.5 | 3 P= 0 T= 0 A= 0 D= -5 | 4 P= 16.7 T= 5 A= 50 D= 16 | 5 P= 23.3 T= 5 A= 10 D= 11 | 6 P= 16.7 T= 0 A= 20 D= 7.5 | 7 P= 3.3 T= 0 A= -20 D= -7.5 | 8 P= 10 T= 0 A= 0 D= 0 | 9 P= 13.3 T= -5 A= -50 D= -11 | DOMINANT THREAT= 8 ( 0 ) | D79 WEIGHTED= -4.4 | THREAT BREADTH= 0 | LOSER ACCEL BREADTH= 0 | THREAT CONCENTRATION= 50 % | T LOSS= -1.7 | A LOSS= -23.3 | EVEN LEADER= 4 | EVEN FASTEST= 4 | D EVEN= 5 | T EVEN= 0 | A EVEN= 20 | EVEN ACCEL BREADTH= 3 | A WIN= 10 | A EDGE= 33.3 | A EVEN EDGE= 43.3 | DEEP UNDER7%= 70 | PREDICTION= 7 | STAKE= 10 | LOSS STREAK= 0 | VETO=
2026-09-10,21:39:05 GMT,UNDER 7 SIGNAL | ID= 1836 | DIGIT= 5 | REGIME= WINNERS ADVANCING | PREV REGIME= WARMUP | 0 P= 3.3 T= 5 A= 10 D= 1 | 1 P= 3.3 T= 0 A= -20 D= -7.5 | 2 P= 10 T= 0 A= 0 D= 0 | 3 P= 0 T= 0 A= 0 D= -5 | 4 P= 16.7 T= 5 A= 50 D= 16 | 5 P= 23.3 T= 5 A= 10 D= 11 | 6 P= 20 T= -5 A= 30 D= 9 | 7 P= 3.3 T= 0 A= -20 D= -7.5 | 8 P= 6.7 T= -5 A= -10 D= -6 | 9 P= 13.3 T= -5 A= -50 D= -11 | DOMINANT THREAT= 8 ( -6 ) | D79 WEIGHTED= -7.4 | THREAT BREADTH= 0 | LOSER ACCEL BREADTH= 0 | THREAT CONCENTRATION= 57.1 % | T LOSS= -3.3 | A LOSS= -26.7 | EVEN LEADER= 4 | EVEN FASTEST= 4 | D EVEN= 6.5 | T EVEN= 1.3 | A EVEN= 22.5 | EVEN ACCEL BREADTH= 3 | A WIN= 11.4 | A EDGE= 38.1 | A EVEN EDGE= 49.2 | DEEP UNDER7%= 70 | PREDICTION= 7 | STAKE= 10 | LOSS STREAK= 0 | VETO= NO FRESH 7-9 TRIGGER
2026-09-10,21:39:05 GMT,UNDER 7 SIGNAL | ID= 1830 | DIGIT= 6 | REGIME= WINNERS ADVANCING | PREV REGIME= WARMUP | 0 P= 0 T= 0 A= 0 D= -5 | 1 P= 6.7 T= 0 A= 20 D= 2.5 | 2 P= 13.3 T= 0 A= -20 D= -2.5 | 3 P= 0 T= 0 A= 0 D= -5 | 4 P= 16.7 T= -5 A= 50 D= 11.5 | 5 P= 13.3 T= 10 A= -20 D= 2 | 6 P= 20 T= 0 A= 0 D= 5 | 7 P= 3.3 T= 0 A= -20 D= -7.5 | 8 P= 10 T= -5 A= 30 D= 4 | 9 P= 16.7 T= 0 A= -40 D= -5 | DOMINANT THREAT= 8 ( 4 ) | D79 WEIGHTED= -1 | THREAT BREADTH= 0 | LOSER ACCEL BREADTH= 1 | THREAT CONCENTRATION= 55.6 % | T LOSS= -1.7 | A LOSS= -10 | EVEN LEADER= 4 | EVEN FASTEST= 4 | D EVEN= 2.3 | T EVEN= -1.2 | A EVEN= 7.5 | EVEN ACCEL BREADTH= 1 | A WIN= 4.3 | A EDGE= 14.3 | A EVEN EDGE= 17.5 | DEEP UNDER7%= 69.9 | PREDICTION= 7 | STAKE= 10 | LOSS STREAK= 0 | VETO= NO FRESH 7-9 TRIGGER
2026-09-10,21:39:05 GMT,YOU WON | Total profit: $ -0.58
2026-09-10,21:39:05 GMT,Profit amount: 3.7
2026-09-10,21:39:05 GMT,Bought: Win payout if the last digit of Volatility 10 (1s) Index is strictly lower than 7 after 1 ticks. (ID: 23907505779)
2026-09-10,21:39:05 GMT,UNDER 7 SIGNAL | ID= 1817 | DIGIT= 9 | REGIME= WINNERS ADVANCING | PREV REGIME= WARMUP | 0 P= 0 T= 0 A= 0 D= -5 | 1 P= 6.7 T= 0 A= -40 D= -10 | 2 P= 10 T= 0 A= 0 D= 0 | 3 P= 6.7 T= -5 A= -10 D= -6 | 4 P= 13.3 T= 5 A= 10 D= 6 | 5 P= 13.3 T= 0 A= 40 D= 10 | 6 P= 13.3 T= 15 A= 10 D= 10.5 | 7 P= 10 T= -10 A= 0 D= -4.5 | 8 P= 16.7 T= -5 A= -10 D= -1 | 9 P= 10 T= 0 A= 0 D= 0 | DOMINANT THREAT= 9 ( 0 ) | D79 WEIGHTED= -1.2 | THREAT BREADTH= 0 | LOSER ACCEL BREADTH= 0 | THREAT CONCENTRATION= 45.5 % | T LOSS= -5 | A LOSS= -3.3 | EVEN LEADER= 6 | EVEN FASTEST= 4 | D EVEN= 2.9 | T EVEN= 5 | A EVEN= 5 | EVEN ACCEL BREADTH= 2 | A WIN= 1.4 | A EDGE= 4.8 | A EVEN EDGE= 8.3 | DEEP UNDER7%= 70 | PREDICTION= 7 | STAKE= 10 | LOSS STREAK= 0 | VETO=
2026-09-10,21:39:05 GMT,UNDER 7 SIGNAL | ID= 1816 | DIGIT= 6 | REGIME= WINNERS ADVANCING | PREV REGIME= WARMUP | 0 P= 0 T= 0 A= 0 D= -5 | 1 P= 6.7 T= 0 A= -40 D= -10 | 2 P= 10 T= 5 A= 30 D= 8.5 | 3 P= 10 T= -5 A= -30 D= -8.5 | 4 P= 13.3 T= 5 A= 10 D= 6 | 5 P= 13.3 T= 0 A= 40 D= 10 | 6 P= 13.3 T= 15 A= 10 D= 10.5 | 7 P= 10 T= -10 A= 0 D= -4.5 | 8 P= 16.7 T= -5 A= -10 D= -1 | 9 P= 6.7 T= -5 A= -10 D= -6 | DOMINANT THREAT= 8 ( -1 ) | D79 WEIGHTED= -3 | THREAT BREADTH= 0 | LOSER ACCEL BREADTH= 0 | THREAT CONCENTRATION= 50 % | T LOSS= -6.7 | A LOSS= -6.7 | EVEN LEADER= 6 | EVEN FASTEST= 2 | D EVEN= 5 | T EVEN= 6.3 | A EVEN= 12.5 | EVEN ACCEL BREADTH= 3 | A WIN= 2.9 | A EDGE= 9.5 | A EVEN EDGE= 19.2 | DEEP UNDER7%= 70.1 | PREDICTION= 7 | STAKE= 10 | LOSS STREAK= 0 | VETO= NO FRESH 7-9 TRIGGER
2026-09-10,21:39:05 GMT,UNDER 7 SIGNAL | ID= 1815 | DIGIT= 5 | REGIME= WINNERS ADVANCING | PREV REGIME= WARMUP | 0 P= 0 T= 0 A= 0 D= -5 | 1 P= 6.7 T= 0 A= -40 D= -10 | 2 P= 10 T= 5 A= 30 D= 8.5 | 3 P= 10 T= -5 A= -30 D= -8.5 | 4 P= 13.3 T= 10 A= 40 D= 14.5 | 5 P= 13.3 T= 5 A= 10 D= 6 | 6 P= 10 T= 10 A= 0 D= 4.5 | 7 P= 10 T= -10 A= 0 D= -4.5 | 8 P= 20 T= -10 A= 0 D= 0.5 | 9 P= 6.7 T= -5 A= -10 D= -6 | DOMINANT THREAT= 8 ( 0.5 ) | D79 WEIGHTED= -2.3 | THREAT BREADTH= 0 | LOSER ACCEL BREADTH= 0 | THREAT CONCENTRATION= 54.5 % | T LOSS= -8.3 | A LOSS= -3.3 | EVEN LEADER= 4 | EVEN FASTEST= 4 | D EVEN= 5.6 | T EVEN= 6.3 | A EVEN= 17.5 | EVEN ACCEL BREADTH= 2 | A WIN= 1.4 | A EDGE= 4.8 | A EVEN EDGE= 20.8 | DEEP UNDER7%= 70.1 | PREDICTION= 7 | STAKE= 10 | LOSS STREAK= 0 | VETO= NO FRESH 7-9 TRIGGER
2026-09-10,21:39:05 GMT,UNDER 7 SIGNAL | ID= 1814 | DIGIT= 5 | REGIME= WINNERS ADVANCING | PREV REGIME= WARMUP | 0 P= 0 T= 0 A= 0 D= -5 | 1 P= 6.7 T= 5 A= -10 D= -1.5 | 2 P= 10 T= 5 A= 30 D= 8.5 | 3 P= 10 T= -5 A= -30 D= -8.5 | 4 P= 13.3 T= 10 A= 40 D= 14.5 | 5 P= 10 T= 0 A= 0 D= 0 | 6 P= 10 T= 10 A= 0 D= 4.5 | 7 P= 10 T= -10 A= 0 D= -4.5 | 8 P= 23.3 T= -15 A= 10 D= 2 | 9 P= 6.7 T= 0 A= -40 D= -10 | DOMINANT THREAT= 8 ( 2 ) | D79 WEIGHTED= -2.3 | THREAT BREADTH= 0 | LOSER ACCEL BREADTH= 1 | THREAT CONCENTRATION= 58.3 % | T LOSS= -8.3 | A LOSS= -10 | EVEN LEADER= 4 | EVEN FASTEST= 4 | D EVEN= 5.6 | T EVEN= 6.3 | A EVEN= 17.5 | EVEN ACCEL BREADTH= 2 | A WIN= 4.3 | A EDGE= 14.3 | A EVEN EDGE= 27.5 | DEEP UNDER7%= 70.1 | PREDICTION= 7 | STAKE= 10 | LOSS STREAK= 0 | VETO= NO FRESH 7-9 TRIGGER
2026-09-10,21:39:05 GMT,UNDER 7 SIGNAL | ID= 1813 | DIGIT= 6 | REGIME= WINNERS ADVANCING | PREV REGIME= WARMUP | 0 P= 0 T= 0 A= 0 D= -5 | 1 P= 6.7 T= 5 A= -10 D= -1.5 | 2 P= 10 T= 5 A= 30 D= 8.5 | 3 P= 13.3 T= -10 A= -20 D= -7 | 4 P= 13.3 T= 10 A= 40 D= 14.5 | 5 P= 6.7 T= -5 A= -10 D= -6 | 6 P= 10 T= 10 A= 0 D= 4.5 | 7 P= 10 T= -10 A= 0 D= -4.5 | 8 P= 23.3 T= -5 A= 10 D= 6.5 | 9 P= 6.7 T= 0 A= -40 D= -10 | DOMINANT THREAT= 8 ( 6.5 ) | D79 WEIGHTED= -0.1 | THREAT BREADTH= 0 | LOSER ACCEL BREADTH= 1 | THREAT CONCENTRATION= 58.3 % | T LOSS= -5 | A LOSS= -10 | EVEN LEADER= 4 | EVEN FASTEST= 4 | D EVEN= 5.6 | T EVEN= 6.3 | A EVEN= 17.5 | EVEN ACCEL BREADTH= 2 | A WIN= 4.3 | A EDGE= 14.3 | A EVEN EDGE= 27.5 | DEEP UNDER7%= 70.1 | PREDICTION= 7 | STAKE= 10 | LOSS STREAK= 0 | VETO= NO FRESH 7-9 TRIGGER
2026-09-10,21:39:05 GMT,UNDER 7 SIGNAL | ID= 1812 | DIGIT= 2 | REGIME= WINNERS ADVANCING | PREV REGIME= WARMUP | 0 P= 0 T= 0 A= 0 D= -5 | 1 P= 6.7 T= 5 A= -10 D= -1.5 | 2 P= 10 T= 5 A= 30 D= 8.5 | 3 P= 13.3 T= -10 A= -20 D= -7 | 4 P= 13.3 T= 10 A= 40 D= 14.5 | 5 P= 10 T= -5 A= -30 D= -8.5 | 6 P= 6.7 T= 10 A= 20 D= 7 | 7 P= 10 T= -10 A= 0 D= -4.5 | 8 P= 23.3 T= -5 A= 10 D= 6.5 | 9 P= 6.7 T= 0 A= -40 D= -10 | DOMINANT THREAT= 8 ( 6.5 ) | D79 WEIGHTED= -0.1 | THREAT BREADTH= 0 | LOSER ACCEL BREADTH= 1 | THREAT CONCENTRATION= 58.3 % | T LOSS= -5 | A LOSS= -10 | EVEN LEADER= 4 | EVEN FASTEST= 4 | D EVEN= 6.3 | T EVEN= 6.3 | A EVEN= 22.5 | EVEN ACCEL BREADTH= 3 | A WIN= 4.3 | A EDGE= 14.3 | A EVEN EDGE= 32.5 | DEEP UNDER7%= 70.1 | PREDICTION= 7 | STAKE= 10 | LOSS STREAK= 0 | VETO= NO FRESH 7-9 TRIGGER
2026-09-10,21:39:05 GMT,UNDER 7 SIGNAL | ID= 1811 | DIGIT= 4 | REGIME= WINNERS ADVANCING | PREV REGIME= WARMUP | 0 P= 0 T= 0 A= 0 D= -5 | 1 P= 6.7 T= 5 A= -10 D= -1.5 | 2 P= 10 T= -5 A= 30 D= 4 | 3 P= 13.3 T= -10 A= -20 D= -7 | 4 P= 13.3 T= 10 A= 40 D= 14.5 | 5 P= 10 T= -5 A= -30 D= -8.5 | 6 P= 6.7 T= 10 A= 20 D= 7 | 7 P= 10 T= -10 A= 0 D= -4.5 | 8 P= 23.3 T= 0 A= -20 D= 2.5 | 9 P= 6.7 T= 5 A= -10 D= -1.5 | DOMINANT THREAT= 8 ( 2.5 ) | D79 WEIGHTED= -0.1 | THREAT BREADTH= 1 | LOSER ACCEL BREADTH= 0 | THREAT CONCENTRATION= 58.3 % | T LOSS= -1.7 | A LOSS= -10 | EVEN LEADER= 4 | EVEN FASTEST= 4 | D EVEN= 5.1 | T EVEN= 3.8 | A EVEN= 22.5 | EVEN ACCEL BREADTH= 3 | A WIN= 4.3 | A EDGE= 14.3 | A EVEN EDGE= 32.5 | DEEP UNDER7%= 70.1 | PREDICTION= 7 | STAKE= 10 | LOSS STREAK= 0 | VETO= NO FRESH 7-9 TRIGGER
2026-09-10,21:39:05 GMT,UNDER 7 SIGNAL | ID= 1788 | DIGIT= 4 | REGIME= WINNERS ADVANCING | PREV REGIME= WARMUP | 0 P= 13.3 T= -5 A= 10 D= 1.5 | 1 P= 10 T= -15 A= 30 D= -0.5 | 2 P= 10 T= 10 A= 0 D= 4.5 | 3 P= 10 T= 5 A= 30 D= 8.5 | 4 P= 13.3 T= 5 A= 10 D= 6 | 5 P= 6.7 T= 5 A= -10 D= -1.5 | 6 P= 6.7 T= 0 A= -40 D= -10 | 7 P= 13.3 T= -15 A= 10 D= -3 | 8 P= 10 T= 10 A= 0 D= 4.5 | 9 P= 6.7 T= 0 A= -40 D= -10 | DOMINANT THREAT= 8 ( 4.5 ) | D79 WEIGHTED= -0.6 | THREAT BREADTH= 1 | LOSER ACCEL BREADTH= 1 | THREAT CONCENTRATION= 44.4 % | T LOSS= -1.7 | A LOSS= -10 | EVEN LEADER= 4 | EVEN FASTEST= 0 | D EVEN= 0.5 | T EVEN= 2.5 | A EVEN= -5 | EVEN ACCEL BREADTH= 2 | A WIN= 4.3 | A EDGE= 14.3 | A EVEN EDGE= 5 | DEEP UNDER7%= 70.7 | PREDICTION= 7 | STAKE= 10 | LOSS STREAK= 0 | VETO= NO FRESH 7-9 TRIGGER
2026-09-10,21:39:05 GMT,UNDER 7 SIGNAL | ID= 1767 | DIGIT= 0 | REGIME= WINNERS ADVANCING | PREV REGIME= WARMUP | 0 P= 13.3 T= 5 A= 10 D= 6 | 1 P= 16.7 T= 15 A= 50 D= 20.5 | 2 P= 6.7 T= -5 A= -10 D= -6 | 3 P= 13.3 T= 0 A= -20 D= -2.5 | 4 P= 6.7 T= 0 A= 20 D= 2.5 | 5 P= 13.3 T= -5 A= -50 D= -11 | 6 P= 3.3 T= -5 A= 10 D= -3.5 | 7 P= 13.3 T= 10 A= -20 D= 2 | 8 P= 6.7 T= -10 A= 20 D= -2 | 9 P= 6.7 T= -5 A= -10 D= -6 | DOMINANT THREAT= 7 ( 2 ) | D79 WEIGHTED= -0.8 | THREAT BREADTH= 1 | LOSER ACCEL BREADTH= 1 | THREAT CONCENTRATION= 50 % | T LOSS= -1.7 | A LOSS= -3.3 | EVEN LEADER= 0 | EVEN FASTEST= 4 | D EVEN= -0.2 | T EVEN= -1.2 | A EVEN= 7.5 | EVEN ACCEL BREADTH= 3 | A WIN= 1.4 | A EDGE= 4.8 | A EVEN EDGE= 10.8 | DEEP UNDER7%= 70.8 | PREDICTION= 7 | STAKE= 10 | LOSS STREAK= 0 | VETO= NO FRESH 7-9 TRIGGER
2026-09-10,21:39:05 GMT,UNDER 7 SIGNAL | ID= 1766 | DIGIT= 4 | REGIME= WINNERS ADVANCING | PREV REGIME= WARMUP | 0 P= 10 T= 0 A= 0 D= 0 | 1 P= 16.7 T= 15 A= 50 D= 20.5 | 2 P= 6.7 T= 0 A= 20 D= 2.5 | 3 P= 13.3 T= 0 A= -20 D= -2.5 | 4 P= 6.7 T= 0 A= 20 D= 2.5 | 5 P= 13.3 T= -5 A= -50 D= -11 | 6 P= 6.7 T= -5 A= -10 D= -6 | 7 P= 13.3 T= 10 A= -20 D= 2 | 8 P= 6.7 T= -10 A= 20 D= -2 | 9 P= 6.7 T= -5 A= -10 D= -6 | DOMINANT THREAT= 7 ( 2 ) | D79 WEIGHTED= -0.8 | THREAT BREADTH= 1 | LOSER ACCEL BREADTH= 1 | THREAT CONCENTRATION= 50 % | T LOSS= -1.7 | A LOSS= -3.3 | EVEN LEADER= 2 | EVEN FASTEST= 2 | D EVEN= -0.2 | T EVEN= -1.2 | A EVEN= 7.5 | EVEN ACCEL BREADTH= 2 | A WIN= 1.4 | A EDGE= 4.8 | A EVEN EDGE= 10.8 | DEEP UNDER7%= 70.8 | PREDICTION= 7 | STAKE= 10 | LOSS STREAK= 0 | VETO= NO FRESH 7-9 TRIGGER
2026-09-10,21:39:05 GMT,UNDER 7 SIGNAL | ID= 1761 | DIGIT= 0 | REGIME= WINNERS ADVANCING | PREV REGIME= WARMUP | 0 P= 10 T= 5 A= 30 D= 8.5 | 1 P= 13.3 T= 5 A= 10 D= 6 | 2 P= 6.7 T= 5 A= -10 D= -1.5 | 3 P= 13.3 T= 10 A= -20 D= 2 | 4 P= 10 T= -15 A= 30 D= -0.5 | 5 P= 13.3 T= 5 A= -50 D= -6.5 | 6 P= 10 T= -10 A= 0 D= -4.5 | 7 P= 6.7 T= 10 A= 20 D= 7 | 8 P= 6.7 T= -5 A= -10 D= -6 | 9 P= 10 T= -10 A= 0 D= -4.5 | DOMINANT THREAT= 7 ( 7 ) | D79 WEIGHTED= 1 | THREAT BREADTH= 1 | LOSER ACCEL BREADTH= 1 | THREAT CONCENTRATION= 42.9 % | T LOSS= -1.7 | A LOSS= 3.3 | EVEN LEADER= 0 | EVEN FASTEST= 0 | D EVEN= 0.5 | T EVEN= -3.7 | A EVEN= 12.5 | EVEN ACCEL BREADTH= 2 | A WIN= -1.4 | A EDGE= -4.8 | A EVEN EDGE= 9.2 | DEEP UNDER7%= 70.8 | PREDICTION= 7 | STAKE= 10 | LOSS STREAK= 0 | VETO= NO FRESH 7-9 TRIGGER
2026-09-10,21:39:05 GMT,YOU WON | Total profit: $ -4.28
2026-09-10,21:39:05 GMT,Profit amount: 3.7
2026-09-10,21:39:05 GMT,Bought: Win payout if the last digit of Volatility 10 (1s) Index is strictly lower than 7 after 1 ticks. (ID: 23907338879)
2026-09-10,21:39:05 GMT,UNDER 7 SIGNAL | ID= 1750 | DIGIT= 9 | REGIME= WINNERS ADVANCING | PREV REGIME= WARMUP | 0 P= 6.7 T= 0 A= 20 D= 2.5 | 1 P= 6.7 T= 5 A= -10 D= -1.5 | 2 P= 6.7 T= 0 A= 20 D= 2.5 | 3 P= 3.3 T= 5 A= 10 D= 1 | 4 P= 16.7 T= -5 A= -10 D= -1 | 5 P= 13.3 T= 0 A= 40 D= 10 | 6 P= 13.3 T= 0 A= -20 D= -2.5 | 7 P= 6.7 T= -5 A= -10 D= -6 | 8 P= 6.7 T= 5 A= -10 D= -1.5 | 9 P= 20 T= -5 A= -30 D= -3.5 | DOMINANT THREAT= 8 ( -1.5 ) | D79 WEIGHTED= -3 | THREAT BREADTH= 1 | LOSER ACCEL BREADTH= 0 | THREAT CONCENTRATION= 60 % | T LOSS= -1.7 | A LOSS= -16.7 | EVEN LEADER= 0 | EVEN FASTEST= 0 | D EVEN= 0.4 | T EVEN= -1.2 | A EVEN= 2.5 | EVEN ACCEL BREADTH= 2 | A WIN= 7.1 | A EDGE= 23.8 | A EVEN EDGE= 19.2 | DEEP UNDER7%= 71 | PREDICTION= 7 | STAKE= 10 | LOSS STREAK= 0 | VETO=
2026-09-10,21:39:05 GMT,UNDER 7 SIGNAL | ID= 1749 | DIGIT= 5 | REGIME= WINNERS ADVANCING | PREV REGIME= WARMUP | 0 P= 6.7 T= 0 A= 20 D= 2.5 | 1 P= 6.7 T= 5 A= -10 D= -1.5 | 2 P= 6.7 T= 0 A= 20 D= 2.5 | 3 P= 3.3 T= 5 A= 10 D= 1 | 4 P= 16.7 T= 0 A= -40 D= -5 | 5 P= 13.3 T= 0 A= 40 D= 10 | 6 P= 13.3 T= 0 A= -20 D= -2.5 | 7 P= 10 T= -10 A= 0 D= -4.5 | 8 P= 6.7 T= 5 A= -10 D= -1.5 | 9 P= 16.7 T= -5 A= -10 D= -1 | DOMINANT THREAT= 9 ( -1 ) | D79 WEIGHTED= -1.8 | THREAT BREADTH= 1 | LOSER ACCEL BREADTH= 0 | THREAT CONCENTRATION= 50 % | T LOSS= -3.3 | A LOSS= -6.7 | EVEN LEADER= 0 | EVEN FASTEST= 0 | D EVEN= -0.6 | T EVEN= 0 | A EVEN= -5 | EVEN ACCEL BREADTH= 2 | A WIN= 2.9 | A EDGE= 9.5 | A EVEN EDGE= 1.7 | DEEP UNDER7%= 71.1 | PREDICTION= 7 | STAKE= 10 | LOSS STREAK= 0 | VETO= NO FRESH 7-9 TRIGGER
2026-09-10,21:39:05 GMT,YOU WON | Total profit: $ -7.98
2026-09-10,21:39:05 GMT,Profit amount: 3.7
2026-09-10,21:39:05 GMT,Bought: Win payout if the last digit of Volatility 10 (1s) Index is strictly lower than 7 after 1 ticks. (ID: 23907329119)
2026-09-10,21:39:05 GMT,UNDER 7 SIGNAL | ID= 1747 | DIGIT= 8 | REGIME= WINNERS ADVANCING | PREV REGIME= WARMUP | 0 P= 10 T= -5 A= 30 D= 4 | 1 P= 6.7 T= 5 A= -10 D= -1.5 | 2 P= 6.7 T= 5 A= -10 D= -1.5 | 3 P= 3.3 T= 5 A= 10 D= 1 | 4 P= 20 T= 0 A= 0 D= 5 | 5 P= 6.7 T= -5 A= -10 D= -6 | 6 P= 10 T= 0 A= 0 D= 0 | 7 P= 10 T= -10 A= 0 D= -4.5 | 8 P= 6.7 T= 10 A= 20 D= 7 | 9 P= 20 T= -5 A= -30 D= -3.5 | DOMINANT THREAT= 8 ( 7 ) | D79 WEIGHTED= 1.6 | THREAT BREADTH= 1 | LOSER ACCEL BREADTH= 1 | THREAT CONCENTRATION= 54.5 % | T LOSS= -1.7 | A LOSS= -3.3 | EVEN LEADER= 4 | EVEN FASTEST= 0 | D EVEN= 1.9 | T EVEN= 0 | A EVEN= 5 | EVEN ACCEL BREADTH= 1 | A WIN= 1.4 | A EDGE= 4.8 | A EVEN EDGE= 8.3 | DEEP UNDER7%= 71.1 | PREDICTION= 7 | STAKE= 10 | LOSS STREAK= 0 | VETO=
2026-09-10,21:39:05 GMT,UNDER 7 SIGNAL | ID= 1746 | DIGIT= 1 | REGIME= WINNERS ADVANCING | PREV REGIME= WARMUP | 0 P= 10 T= -5 A= 30 D= 4 | 1 P= 6.7 T= 10 A= 20 D= 7 | 2 P= 6.7 T= 5 A= -10 D= -1.5 | 3 P= 6.7 T= 0 A= 20 D= 2.5 | 4 P= 20 T= 0 A= 0 D= 5 | 5 P= 6.7 T= -5 A= -10 D= -6 | 6 P= 10 T= 0 A= 0 D= 0 | 7 P= 10 T= -5 A= -30 D= -8.5 | 8 P= 3.3 T= 5 A= 10 D= 1 | 9 P= 20 T= -5 A= -30 D= -3.5 | DOMINANT THREAT= 8 ( 1 ) | D79 WEIGHTED= -2.2 | THREAT BREADTH= 1 | LOSER ACCEL BREADTH= 1 | THREAT CONCENTRATION= 60 % | T LOSS= -1.7 | A LOSS= -16.7 | EVEN LEADER= 4 | EVEN FASTEST= 0 | D EVEN= 1.9 | T EVEN= 0 | A EVEN= 5 | EVEN ACCEL BREADTH= 1 | A WIN= 7.1 | A EDGE= 23.8 | A EVEN EDGE= 21.7 | DEEP UNDER7%= 71.2 | PREDICTION= 7 | STAKE= 10 | LOSS STREAK= 0 | VETO= NO FRESH 7-9 TRIGGER
2026-09-10,21:39:05 GMT,UNDER 7 SIGNAL | ID= 1745 | DIGIT= 2 | REGIME= WINNERS ADVANCING | PREV REGIME= WARMUP | 0 P= 10 T= -5 A= 30 D= 4 | 1 P= 3.3 T= 5 A= 10 D= 1 | 2 P= 6.7 T= 5 A= -10 D= -1.5 | 3 P= 10 T= -5 A= 30 D= 4 | 4 P= 20 T= 5 A= -30 D= 1 | 5 P= 6.7 T= -5 A= -10 D= -6 | 6 P= 10 T= 5 A= 30 D= 8.5 | 7 P= 10 T= -5 A= -30 D= -8.5 | 8 P= 3.3 T= 5 A= 10 D= 1 | 9 P= 20 T= -5 A= -30 D= -3.5 | DOMINANT THREAT= 8 ( 1 ) | D79 WEIGHTED= -2.2 | THREAT BREADTH= 1 | LOSER ACCEL BREADTH= 1 | THREAT CONCENTRATION= 60 % | T LOSS= -1.7 | A LOSS= -16.7 | EVEN LEADER= 6 | EVEN FASTEST= 0 | D EVEN= 3 | T EVEN= 2.5 | A EVEN= 5 | EVEN ACCEL BREADTH= 2 | A WIN= 7.1 | A EDGE= 23.8 | A EVEN EDGE= 21.7 | DEEP UNDER7%= 71.1 | PREDICTION= 7 | STAKE= 10 | LOSS STREAK= 0 | VETO= NO FRESH 7-9 TRIGGER
2026-09-10,21:39:05 GMT,UNDER 7 SIGNAL | ID= 1703 | DIGIT= 4 | REGIME= WINNERS ADVANCING | PREV REGIME= WARMUP | 0 P= 13.3 T= 5 A= -50 D= -6.5 | 1 P= 6.7 T= 0 A= 20 D= 2.5 | 2 P= 3.3 T= 0 A= -20 D= -7.5 | 3 P= 10 T= 0 A= 0 D= 0 | 4 P= 6.7 T= 0 A= 20 D= 2.5 | 5 P= 23.3 T= 0 A= 40 D= 15 | 6 P= 16.7 T= 0 A= 20 D= 7.5 | 7 P= 3.3 T= 5 A= 10 D= 1 | 8 P= 13.3 T= -10 A= -20 D= -7 | 9 P= 3.3 T= 0 A= -20 D= -7.5 | DOMINANT THREAT= 7 ( 1 ) | D79 WEIGHTED= -3.1 | THREAT BREADTH= 1 | LOSER ACCEL BREADTH= 1 | THREAT CONCENTRATION= 66.7 % | T LOSS= -1.7 | A LOSS= -10 | EVEN LEADER= 6 | EVEN FASTEST= 4 | D EVEN= -1 | T EVEN= 1.3 | A EVEN= -7.5 | EVEN ACCEL BREADTH= 2 | A WIN= 4.3 | A EDGE= 14.3 | A EVEN EDGE= 2.5 | DEEP UNDER7%= 70.5 | PREDICTION= 7 | STAKE= 10 | LOSS STREAK= 0 | VETO= NO FRESH 7-9 TRIGGER
2026-09-10,21:39:05 GMT,YOU WON | Total profit: $ -11.68
2026-09-10,21:39:05 GMT,Profit amount: 3.7
2026-09-10,21:39:05 GMT,Bought: Win payout if the last digit of Volatility 10 (1s) Index is strictly lower than 7 after 1 ticks. (ID: 23907183879)
2026-09-10,21:39:05 GMT,UNDER 7 SIGNAL | ID= 1692 | DIGIT= 8 | REGIME= WINNERS ADVANCING | PREV REGIME= WARMUP | 0 P= 13.3 T= 10 A= 40 D= 14.5 | 1 P= 6.7 T= 5 A= -10 D= -1.5 | 2 P= 13.3 T= -10 A= 40 D= 5.5 | 3 P= 6.7 T= -5 A= -10 D= -6 | 4 P= 6.7 T= 0 A= 20 D= 2.5 | 5 P= 13.3 T= 5 A= -50 D= -6.5 | 6 P= 10 T= 5 A= -30 D= -4 | 7 P= 0 T= 0 A= 0 D= -5 | 8 P= 20 T= 0 A= 0 D= 5 | 9 P= 10 T= -10 A= 0 D= -4.5 | DOMINANT THREAT= 8 ( 5 ) | D79 WEIGHTED= 0.2 | THREAT BREADTH= 0 | LOSER ACCEL BREADTH= 0 | THREAT CONCENTRATION= 66.7 % | T LOSS= -3.3 | A LOSS= 0 | EVEN LEADER= 0 | EVEN FASTEST= 0 | D EVEN= 4.6 | T EVEN= 1.3 | A EVEN= 17.5 | EVEN ACCEL BREADTH= 3 | A WIN= 0 | A EDGE= 0 | A EVEN EDGE= 17.5 | DEEP UNDER7%= 70.2 | PREDICTION= 7 | STAKE= 10 | LOSS STREAK= 0 | VETO=
2026-09-10,21:39:05 GMT,UNDER 7 SIGNAL | ID= 1691 | DIGIT= 0 | REGIME= WINNERS ADVANCING | PREV REGIME= WARMUP | 0 P= 13.3 T= 10 A= 40 D= 14.5 | 1 P= 6.7 T= 5 A= -10 D= -1.5 | 2 P= 16.7 T= -15 A= 50 D= 7 | 3 P= 6.7 T= -5 A= -10 D= -6 | 4 P= 6.7 T= 0 A= 20 D= 2.5 | 5 P= 13.3 T= 5 A= -50 D= -6.5 | 6 P= 10 T= 5 A= -30 D= -4 | 7 P= 0 T= 0 A= 0 D= -5 | 8 P= 16.7 T= 0 A= 20 D= 7.5 | 9 P= 10 T= -5 A= -30 D= -8.5 | DOMINANT THREAT= 8 ( 7.5 ) | D79 WEIGHTED= 0.5 | THREAT BREADTH= 0 | LOSER ACCEL BREADTH= 1 | THREAT CONCENTRATION= 62.5 % | T LOSS= -1.7 | A LOSS= -3.3 | EVEN LEADER= 0 | EVEN FASTEST= 2 | D EVEN= 5 | T EVEN= 0 | A EVEN= 20 | EVEN ACCEL BREADTH= 3 | A WIN= 1.4 | A EDGE= 4.8 | A EVEN EDGE= 23.3 | DEEP UNDER7%= 70.3 | PREDICTION= 7 | STAKE= 10 | LOSS STREAK= 0 | VETO= NO FRESH 7-9 TRIGGER
2026-09-10,21:39:05 GMT,UNDER 7 SIGNAL | ID= 1690 | DIGIT= 2 | REGIME= WINNERS ADVANCING | PREV REGIME= WARMUP | 0 P= 10 T= 5 A= 30 D= 8.5 | 1 P= 6.7 T= 5 A= -10 D= -1.5 | 2 P= 16.7 T= -15 A= 50 D= 7 | 3 P= 6.7 T= -5 A= -10 D= -6 | 4 P= 6.7 T= 0 A= 20 D= 2.5 | 5 P= 13.3 T= 5 A= -50 D= -6.5 | 6 P= 10 T= 10 A= 0 D= 4.5 | 7 P= 0 T= 0 A= 0 D= -5 | 8 P= 20 T= 0 A= 0 D= 5 | 9 P= 10 T= -5 A= -30 D= -8.5 | DOMINANT THREAT= 8 ( 5 ) | D79 WEIGHTED= -0.7 | THREAT BREADTH= 0 | LOSER ACCEL BREADTH= 0 | THREAT CONCENTRATION= 66.7 % | T LOSS= -1.7 | A LOSS= -10 | EVEN LEADER= 0 | EVEN FASTEST= 2 | D EVEN= 5.6 | T EVEN= 0 | A EVEN= 25 | EVEN ACCEL BREADTH= 3 | A WIN= 4.3 | A EDGE= 14.3 | A EVEN EDGE= 35 | DEEP UNDER7%= 70.3 | PREDICTION= 7 | STAKE= 10 | LOSS STREAK= 0 | VETO= NO FRESH 7-9 TRIGGER
2026-09-10,21:39:05 GMT,UNDER 7 SIGNAL | ID= 1689 | DIGIT= 0 | REGIME= WINNERS ADVANCING | PREV REGIME= WARMUP | 0 P= 10 T= 5 A= 30 D= 8.5 | 1 P= 6.7 T= 5 A= -10 D= -1.5 | 2 P= 13.3 T= -15 A= 10 D= -3 | 3 P= 6.7 T= -5 A= -10 D= -6 | 4 P= 6.7 T= 0 A= 20 D= 2.5 | 5 P= 13.3 T= 10 A= -20 D= 2 | 6 P= 10 T= 10 A= 0 D= 4.5 | 7 P= 0 T= 0 A= 0 D= -5 | 8 P= 20 T= 0 A= 0 D= 5 | 9 P= 13.3 T= -10 A= -20 D= -7 | DOMINANT THREAT= 8 ( 5 ) | D79 WEIGHTED= -0.4 | THREAT BREADTH= 0 | LOSER ACCEL BREADTH= 0 | THREAT CONCENTRATION= 60 % | T LOSS= -3.3 | A LOSS= -6.7 | EVEN LEADER= 0 | EVEN FASTEST= 0 | D EVEN= 3.1 | T EVEN= 0 | A EVEN= 15 | EVEN ACCEL BREADTH= 3 | A WIN= 2.9 | A EDGE= 9.5 | A EVEN EDGE= 21.7 | DEEP UNDER7%= 70.3 | PREDICTION= 7 | STAKE= 10 | LOSS STREAK= 0 | VETO= NO FRESH 7-9 TRIGGER
2026-09-10,21:39:05 GMT,YOU WON | Total profit: $ -15.38
2026-09-10,21:39:05 GMT,Profit amount: 3.7
2026-09-10,21:39:05 GMT,Bought: Win payout if the last digit of Volatility 10 (1s) Index is strictly lower than 7 after 1 ticks. (ID: 23907171179)
2026-09-10,21:39:05 GMT,UNDER 7 SIGNAL | ID= 1688 | DIGIT= 8 | REGIME= WINNERS ADVANCING | PREV REGIME= WARMUP | 0 P= 6.7 T= 0 A= 20 D= 2.5 | 1 P= 6.7 T= 5 A= -10 D= -1.5 | 2 P= 13.3 T= -10 A= -20 D= -7 | 3 P= 10 T= 0 A= 0 D= 0 | 4 P= 6.7 T= 0 A= 20 D= 2.5 | 5 P= 10 T= 10 A= 0 D= 4.5 | 6 P= 10 T= 10 A= 0 D= 4.5 | 7 P= 0 T= 0 A= 0 D= -5 | 8 P= 23.3 T= -5 A= 10 D= 6.5 | 9 P= 13.3 T= -10 A= -20 D= -7 | DOMINANT THREAT= 8 ( 6.5 ) | D79 WEIGHTED= 0.3 | THREAT BREADTH= 0 | LOSER ACCEL BREADTH= 1 | THREAT CONCENTRATION= 63.6 % | T LOSS= -5 | A LOSS= -3.3 | EVEN LEADER= 6 | EVEN FASTEST= 0 | D EVEN= 0.6 | T EVEN= 0 | A EVEN= 5 | EVEN ACCEL BREADTH= 2 | A WIN= 1.4 | A EDGE= 4.8 | A EVEN EDGE= 8.3 | DEEP UNDER7%= 70.3 | PREDICTION= 7 | STAKE= 10 | LOSS STREAK= 0 | VETO=
2026-09-10,21:39:05 GMT,UNDER 7 SIGNAL | ID= 1687 | DIGIT= 0 | REGIME= WINNERS ADVANCING | PREV REGIME= WARMUP | 0 P= 6.7 T= 0 A= 20 D= 2.5 | 1 P= 6.7 T= 5 A= -10 D= -1.5 | 2 P= 13.3 T= -10 A= -20 D= -7 | 3 P= 10 T= 0 A= 0 D= 0 | 4 P= 6.7 T= 0 A= 20 D= 2.5 | 5 P= 10 T= 15 A= 30 D= 13 | 6 P= 10 T= 10 A= 0 D= 4.5 | 7 P= 3.3 T= -5 A= 10 D= -3.5 | 8 P= 20 T= -10 A= 0 D= 0.5 | 9 P= 13.3 T= -5 A= -50 D= -11 | DOMINANT THREAT= 8 ( 0.5 ) | D79 WEIGHTED= -3 | THREAT BREADTH= 0 | LOSER ACCEL BREADTH= 1 | THREAT CONCENTRATION= 54.5 % | T LOSS= -6.7 | A LOSS= -13.3 | EVEN LEADER= 6 | EVEN FASTEST= 0 | D EVEN= 0.6 | T EVEN= 0 | A EVEN= 5 | EVEN ACCEL BREADTH= 2 | A WIN= 5.7 | A EDGE= 19 | A EVEN EDGE= 18.3 | DEEP UNDER7%= 70.4 | PREDICTION= 7 | STAKE= 10 | LOSS STREAK= 0 | VETO= NO FRESH 7-9 TRIGGER
2026-09-10,21:39:05 GMT,UNDER 7 SIGNAL | ID= 1686 | DIGIT= 6 | REGIME= WINNERS ADVANCING | PREV REGIME= WARMUP | 0 P= 3.3 T= -5 A= 10 D= -3.5 | 1 P= 6.7 T= 5 A= -10 D= -1.5 | 2 P= 13.3 T= -10 A= -20 D= -7 | 3 P= 10 T= 0 A= 0 D= 0 | 4 P= 6.7 T= 0 A= 20 D= 2.5 | 5 P= 13.3 T= 10 A= 40 D= 14.5 | 6 P= 10 T= 15 A= 30 D= 13 | 7 P= 3.3 T= -5 A= 10 D= -3.5 | 8 P= 20 T= -5 A= -30 D= -3.5 | 9 P= 13.3 T= -5 A= -50 D= -11 | DOMINANT THREAT= 7 ( -3.5 ) | D79 WEIGHTED= -5 | THREAT BREADTH= 0 | LOSER ACCEL BREADTH= 1 | THREAT CONCENTRATION= 54.5 % | T LOSS= -5 | A LOSS= -23.3 | EVEN LEADER= 6 | EVEN FASTEST= 6 | D EVEN= 1.3 | T EVEN= 0 | A EVEN= 10 | EVEN ACCEL BREADTH= 3 | A WIN= 10 | A EDGE= 33.3 | A EVEN EDGE= 33.3 | DEEP UNDER7%= 70.4 | PREDICTION= 7 | STAKE= 10 | LOSS STREAK= 0 | VETO= NO FRESH 7-9 TRIGGER
2026-09-10,21:39:05 GMT,UNDER 7 SIGNAL | ID= 1685 | DIGIT= 1 | REGIME= WINNERS ADVANCING | PREV REGIME= WARMUP | 0 P= 3.3 T= -5 A= 10 D= -3.5 | 1 P= 6.7 T= 5 A= -10 D= -1.5 | 2 P= 13.3 T= -5 A= -50 D= -11 | 3 P= 13.3 T= -5 A= 10 D= 1.5 | 4 P= 6.7 T= 0 A= 20 D= 2.5 | 5 P= 13.3 T= 10 A= 40 D= 14.5 | 6 P= 6.7 T= 10 A= 20 D= 7 | 7 P= 3.3 T= -5 A= 10 D= -3.5 | 8 P= 20 T= 0 A= 0 D= 5 | 9 P= 13.3 T= -5 A= -50 D= -11 | DOMINANT THREAT= 8 ( 5 ) | D79 WEIGHTED= -0.8 | THREAT BREADTH= 0 | LOSER ACCEL BREADTH= 1 | THREAT CONCENTRATION= 54.5 % | T LOSS= -3.3 | A LOSS= -13.3 | EVEN LEADER= 6 | EVEN FASTEST= 4 | D EVEN= -1.2 | T EVEN= 0 | A EVEN= 0 | EVEN ACCEL BREADTH= 3 | A WIN= 5.7 | A EDGE= 19 | A EVEN EDGE= 13.3 | DEEP UNDER7%= 70.4 | PREDICTION= 7 | STAKE= 10 | LOSS STREAK= 0 | VETO= NO FRESH 7-9 TRIGGER
2026-09-10,21:39:05 GMT,UNDER 7 SIGNAL | ID= 1645 | DIGIT= 5 | REGIME= WINNERS ADVANCING | PREV REGIME= WARMUP | 0 P= 10 T= -10 A= 0 D= -4.5 | 1 P= 20 T= 0 A= -60 D= -7.5 | 2 P= 10 T= 0 A= 0 D= 0 | 3 P= 3.3 T= 5 A= 10 D= 1 | 4 P= 10 T= 5 A= 30 D= 8.5 | 5 P= 16.7 T= 15 A= -10 D= 8 | 6 P= 6.7 T= 0 A= 20 D= 2.5 | 7 P= 10 T= -15 A= 30 D= -0.5 | 8 P= 6.7 T= 5 A= -10 D= -1.5 | 9 P= 6.7 T= -5 A= -10 D= -6 | DOMINANT THREAT= 7 ( -0.5 ) | D79 WEIGHTED= -1.9 | THREAT BREADTH= 1 | LOSER ACCEL BREADTH= 1 | THREAT CONCENTRATION= 42.9 % | T LOSS= -5 | A LOSS= 3.3 | EVEN LEADER= 4 | EVEN FASTEST= 4 | D EVEN= 1.6 | T EVEN= -1.2 | A EVEN= 12.5 | EVEN ACCEL BREADTH= 2 | A WIN= -1.4 | A EDGE= -4.8 | A EVEN EDGE= 9.2 | DEEP UNDER7%= 70 | PREDICTION= 7 | STAKE= 10 | LOSS STREAK= 0 | VETO= NO FRESH 7-9 TRIGGER
2026-09-10,21:39:05 GMT,UNDER 7 SIGNAL | ID= 1644 | DIGIT= 3 | REGIME= WINNERS ADVANCING | PREV REGIME= WARMUP | 0 P= 10 T= -10 A= 0 D= -4.5 | 1 P= 20 T= 5 A= -30 D= 1 | 2 P= 10 T= 0 A= 0 D= 0 | 3 P= 3.3 T= 5 A= 10 D= 1 | 4 P= 13.3 T= 5 A= 10 D= 6 | 5 P= 13.3 T= 10 A= -20 D= 2 | 6 P= 6.7 T= 0 A= 20 D= 2.5 | 7 P= 10 T= -15 A= 30 D= -0.5 | 8 P= 6.7 T= 5 A= -10 D= -1.5 | 9 P= 6.7 T= -5 A= -10 D= -6 | DOMINANT THREAT= 7 ( -0.5 ) | D79 WEIGHTED= -1.9 | THREAT BREADTH= 1 | LOSER ACCEL BREADTH= 1 | THREAT CONCENTRATION= 42.9 % | T LOSS= -5 | A LOSS= 3.3 | EVEN LEADER= 4 | EVEN FASTEST= 6 | D EVEN= 1 | T EVEN= -1.2 | A EVEN= 7.5 | EVEN ACCEL BREADTH= 2 | A WIN= -1.4 | A EDGE= -4.8 | A EVEN EDGE= 4.2 | DEEP UNDER7%= 70 | PREDICTION= 7 | STAKE= 10 | LOSS STREAK= 0 | VETO= NO FRESH 7-9 TRIGGER
2026-09-10,21:39:05 GMT,UNDER 7 SIGNAL | ID= 1643 | DIGIT= 1 | REGIME= WINNERS ADVANCING | PREV REGIME= WARMUP | 0 P= 10 T= -5 A= 30 D= 4 | 1 P= 20 T= 5 A= -30 D= 1 | 2 P= 13.3 T= -5 A= 10 D= 1.5 | 3 P= 0 T= 0 A= 0 D= -5 | 4 P= 13.3 T= 5 A= 10 D= 6 | 5 P= 13.3 T= 10 A= -20 D= 2 | 6 P= 6.7 T= 0 A= 20 D= 2.5 | 7 P= 10 T= -10 A= 0 D= -4.5 | 8 P= 6.7 T= 5 A= -10 D= -1.5 | 9 P= 6.7 T= -5 A= -10 D= -6 | DOMINANT THREAT= 8 ( -1.5 ) | D79 WEIGHTED= -3.3 | THREAT BREADTH= 1 | LOSER ACCEL BREADTH= 0 | THREAT CONCENTRATION= 42.9 % | T LOSS= -3.3 | A LOSS= -6.7 | EVEN LEADER= 4 | EVEN FASTEST= 0 | D EVEN= 3.5 | T EVEN= -1.2 | A EVEN= 17.5 | EVEN ACCEL BREADTH= 4 | A WIN= 2.9 | A EDGE= 9.5 | A EVEN EDGE= 24.2 | DEEP UNDER7%= 70 | PREDICTION= 7 | STAKE= 10 | LOSS STREAK= 0 | VETO= NO FRESH 7-9 TRIGGER
2026-09-10,21:39:05 GMT,UNDER 7 SIGNAL | ID= 1642 | DIGIT= 4 | REGIME= WINNERS ADVANCING | PREV REGIME= WARMUP | 0 P= 10 T= -5 A= 30 D= 4 | 1 P= 20 T= -5 A= -30 D= -3.5 | 2 P= 13.3 T= 0 A= -20 D= -2.5 | 3 P= 0 T= 0 A= 0 D= -5 | 4 P= 13.3 T= 5 A= 10 D= 6 | 5 P= 13.3 T= 10 A= -20 D= 2 | 6 P= 6.7 T= 0 A= 20 D= 2.5 | 7 P= 10 T= -10 A= 0 D= -4.5 | 8 P= 6.7 T= 10 A= 20 D= 7 | 9 P= 6.7 T= -5 A= -10 D= -6 | DOMINANT THREAT= 8 ( 7 ) | D79 WEIGHTED= 1 | THREAT BREADTH= 1 | LOSER ACCEL BREADTH= 1 | THREAT CONCENTRATION= 42.9 % | T LOSS= -1.7 | A LOSS= 3.3 | EVEN LEADER= 4 | EVEN FASTEST= 0 | D EVEN= 2.5 | T EVEN= 0 | A EVEN= 10 | EVEN ACCEL BREADTH= 3 | A WIN= -1.4 | A EDGE= -4.8 | A EVEN EDGE= 6.7 | DEEP UNDER7%= 69.9 | PREDICTION= 7 | STAKE= 10 | LOSS STREAK= 0 | VETO= NO FRESH 7-9 TRIGGER
2026-09-10,21:39:05 GMT,UNDER 7 SIGNAL | ID= 1620 | DIGIT= 0 | REGIME= WINNERS ADVANCING | PREV REGIME= WARMUP | 0 P= 20 T= 20 A= 0 D= 14 | 1 P= 13.3 T= 5 A= 10 D= 6 | 2 P= 13.3 T= -5 A= 10 D= 1.5 | 3 P= 16.7 T= -15 A= -10 D= -5.5 | 4 P= 6.7 T= 5 A= -10 D= -1.5 | 5 P= 10 T= -10 A= 0 D= -4.5 | 6 P= 3.3 T= 5 A= 10 D= 1 | 7 P= 6.7 T= 5 A= -10 D= -1.5 | 8 P= 6.7 T= -10 A= 20 D= -2 | 9 P= 3.3 T= 0 A= -20 D= -7.5 | DOMINANT THREAT= 7 ( -1.5 ) | D79 WEIGHTED= -2.8 | THREAT BREADTH= 1 | LOSER ACCEL BREADTH= 1 | THREAT CONCENTRATION= 40 % | T LOSS= -1.7 | A LOSS= -3.3 | EVEN LEADER= 0 | EVEN FASTEST= 2 | D EVEN= 3.8 | T EVEN= 6.3 | A EVEN= 2.5 | EVEN ACCEL BREADTH= 2 | A WIN= 1.4 | A EDGE= 4.8 | A EVEN EDGE= 5.8 | DEEP UNDER7%= 70 | PREDICTION= 7 | STAKE= 10 | LOSS STREAK= 0 | VETO= NO FRESH 7-9 TRIGGER
2026-09-10,21:39:05 GMT,UNDER 7 SIGNAL | ID= 1619 | DIGIT= 0 | REGIME= WINNERS ADVANCING | PREV REGIME= WARMUP | 0 P= 16.7 T= 15 A= -10 D= 8 | 1 P= 13.3 T= 5 A= 10 D= 6 | 2 P= 16.7 T= -5 A= 50 D= 11.5 | 3 P= 16.7 T= -10 A= -40 D= -9.5 | 4 P= 6.7 T= 5 A= -10 D= -1.5 | 5 P= 10 T= -10 A= 0 D= -4.5 | 6 P= 3.3 T= 5 A= 10 D= 1 | 7 P= 6.7 T= 5 A= -10 D= -1.5 | 8 P= 6.7 T= -10 A= 20 D= -2 | 9 P= 3.3 T= 0 A= -20 D= -7.5 | DOMINANT THREAT= 7 ( -1.5 ) | D79 WEIGHTED= -2.8 | THREAT BREADTH= 1 | LOSER ACCEL BREADTH= 1 | THREAT CONCENTRATION= 40 % | T LOSS= -1.7 | A LOSS= -3.3 | EVEN LEADER= 2 | EVEN FASTEST= 2 | D EVEN= 4.8 | T EVEN= 5 | A EVEN= 10 | EVEN ACCEL BREADTH= 2 | A WIN= 1.4 | A EDGE= 4.8 | A EVEN EDGE= 13.3 | DEEP UNDER7%= 69.9 | PREDICTION= 7 | STAKE= 10 | LOSS STREAK= 0 | VETO= NO FRESH 7-9 TRIGGER
2026-09-10,21:39:05 GMT,UNDER 7 SIGNAL | ID= 1617 | DIGIT= 1 | REGIME= WINNERS ADVANCING | PREV REGIME= WARMUP | 0 P= 13.3 T= 10 A= -20 D= 2 | 1 P= 13.3 T= 15 A= 10 D= 10.5 | 2 P= 20 T= -10 A= 60 D= 13 | 3 P= 16.7 T= -10 A= -40 D= -9.5 | 4 P= 6.7 T= 5 A= -10 D= -1.5 | 5 P= 13.3 T= -10 A= 40 D= 5.5 | 6 P= 3.3 T= 5 A= 10 D= 1 | 7 P= 3.3 T= 0 A= -20 D= -7.5 | 8 P= 6.7 T= -5 A= -10 D= -6 | 9 P= 3.3 T= 0 A= -20 D= -7.5 | DOMINANT THREAT= 8 ( -6 ) | D79 WEIGHTED= -6.7 | THREAT BREADTH= 0 | LOSER ACCEL BREADTH= 0 | THREAT CONCENTRATION= 50 % | T LOSS= -1.7 | A LOSS= -16.7 | EVEN LEADER= 2 | EVEN FASTEST= 2 | D EVEN= 3.6 | T EVEN= 2.5 | A EVEN= 10 | EVEN ACCEL BREADTH= 2 | A WIN= 7.1 | A EDGE= 23.8 | A EVEN EDGE= 26.7 | DEEP UNDER7%= 70 | PREDICTION= 7 | STAKE= 10 | LOSS STREAK= 0 | VETO= NO FRESH 7-9 TRIGGER
2026-09-10,21:39:05 GMT,YOU WON | Total profit: $ -19.08
2026-09-10,21:39:05 GMT,Profit amount: 3.7
2026-09-10,21:39:05 GMT,Bought: Win payout if the last digit of Volatility 10 (1s) Index is strictly lower than 7 after 1 ticks. (ID: 23906932079)
2026-09-10,21:39:05 GMT,UNDER 7 SIGNAL | ID= 1598 | DIGIT= 8 | REGIME= WINNERS ADVANCING | PREV REGIME= WARMUP | 0 P= 3.3 T= -5 A= 10 D= -3.5 | 1 P= 16.7 T= -5 A= -70 D= -13.5 | 2 P= 23.3 T= 15 A= 10 D= 15.5 | 3 P= 13.3 T= 5 A= 10 D= 6 | 4 P= 6.7 T= -10 A= 20 D= -2 | 5 P= 13.3 T= 10 A= 40 D= 14.5 | 6 P= 3.3 T= 0 A= -20 D= -7.5 | 7 P= 6.7 T= -5 A= -10 D= -6 | 8 P= 3.3 T= 5 A= 10 D= 1 | 9 P= 10 T= -10 A= 0 D= -4.5 | DOMINANT THREAT= 8 ( 1 ) | D79 WEIGHTED= -2 | THREAT BREADTH= 1 | LOSER ACCEL BREADTH= 1 | THREAT CONCENTRATION= 50 % | T LOSS= -3.3 | A LOSS= 0 | EVEN LEADER= 2 | EVEN FASTEST= 4 | D EVEN= 0.6 | T EVEN= 0 | A EVEN= 5 | EVEN ACCEL BREADTH= 3 | A WIN= 0 | A EDGE= 0 | A EVEN EDGE= 5 | DEEP UNDER7%= 69.8 | PREDICTION= 7 | STAKE= 10 | LOSS STREAK= 0 | VETO=
2026-09-10,21:39:05 GMT,UNDER 7 SIGNAL | ID= 1597 | DIGIT= 3 | REGIME= WINNERS ADVANCING | PREV REGIME= WARMUP | 0 P= 3.3 T= -5 A= 10 D= -3.5 | 1 P= 16.7 T= 0 A= -40 D= -5 | 2 P= 26.7 T= 10 A= 20 D= 17 | 3 P= 13.3 T= 5 A= 10 D= 6 | 4 P= 6.7 T= -10 A= 20 D= -2 | 5 P= 13.3 T= 10 A= 40 D= 14.5 | 6 P= 3.3 T= 0 A= -20 D= -7.5 | 7 P= 6.7 T= 0 A= -40 D= -10 | 8 P= 0 T= 0 A= 0 D= -5 | 9 P= 10 T= -10 A= 0 D= -4.5 | DOMINANT THREAT= 9 ( -4.5 ) | D79 WEIGHTED= -5.7 | THREAT BREADTH= 0 | LOSER ACCEL BREADTH= 0 | THREAT CONCENTRATION= 60 % | T LOSS= -3.3 | A LOSS= -13.3 | EVEN LEADER= 2 | EVEN FASTEST= 2 | D EVEN= 1 | T EVEN= -1.2 | A EVEN= 7.5 | EVEN ACCEL BREADTH= 3 | A WIN= 5.7 | A EDGE= 19 | A EVEN EDGE= 20.8 | DEEP UNDER7%= 69.8 | PREDICTION= 7 | STAKE= 10 | LOSS STREAK= 0 | VETO= NO FRESH 7-9 TRIGGER
2026-09-10,21:39:05 GMT,UNDER 7 SIGNAL | ID= 1596 | DIGIT= 5 | REGIME= WINNERS ADVANCING | PREV REGIME= WARMUP | 0 P= 3.3 T= -5 A= 10 D= -3.5 | 1 P= 20 T= -5 A= -30 D= -3.5 | 2 P= 26.7 T= 15 A= 50 D= 25.5 | 3 P= 10 T= 0 A= 0 D= 0 | 4 P= 6.7 T= -5 A= -10 D= -6 | 5 P= 13.3 T= 10 A= 40 D= 14.5 | 6 P= 3.3 T= 0 A= -20 D= -7.5 | 7 P= 6.7 T= 0 A= -40 D= -10 | 8 P= 0 T= 0 A= 0 D= -5 | 9 P= 10 T= -10 A= 0 D= -4.5 | DOMINANT THREAT= 9 ( -4.5 ) | D79 WEIGHTED= -5.7 | THREAT BREADTH= 0 | LOSER ACCEL BREADTH= 0 | THREAT CONCENTRATION= 60 % | T LOSS= -3.3 | A LOSS= -13.3 | EVEN LEADER= 2 | EVEN FASTEST= 2 | D EVEN= 2.1 | T EVEN= 1.3 | A EVEN= 7.5 | EVEN ACCEL BREADTH= 2 | A WIN= 5.7 | A EDGE= 19 | A EVEN EDGE= 20.8 | DEEP UNDER7%= 69.8 | PREDICTION= 7 | STAKE= 10 | LOSS STREAK= 0 | VETO= NO FRESH 7-9 TRIGGER
2026-09-10,21:39:05 GMT,UNDER 7 SIGNAL | ID= 1595 | DIGIT= 3 | REGIME= WINNERS ADVANCING | PREV REGIME= WARMUP | 0 P= 6.7 T= -10 A= 20 D= -2 | 1 P= 20 T= 0 A= 0 D= 5 | 2 P= 26.7 T= 15 A= 50 D= 25.5 | 3 P= 10 T= 0 A= 0 D= 0 | 4 P= 6.7 T= -5 A= -10 D= -6 | 5 P= 10 T= 5 A= 30 D= 8.5 | 6 P= 3.3 T= 0 A= -20 D= -7.5 | 7 P= 6.7 T= 0 A= -40 D= -10 | 8 P= 0 T= 0 A= 0 D= -5 | 9 P= 10 T= -5 A= -30 D= -8.5 | DOMINANT THREAT= 8 ( -5 ) | D79 WEIGHTED= -7 | THREAT BREADTH= 0 | LOSER ACCEL BREADTH= 0 | THREAT CONCENTRATION= 60 % | T LOSS= -1.7 | A LOSS= -23.3 | EVEN LEADER= 2 | EVEN FASTEST= 2 | D EVEN= 2.5 | T EVEN= 0 | A EVEN= 10 | EVEN ACCEL BREADTH= 2 | A WIN= 10 | A EDGE= 33.3 | A EVEN EDGE= 33.3 | DEEP UNDER7%= 69.8 | PREDICTION= 7 | STAKE= 10 | LOSS STREAK= 0 | VETO= NO FRESH 7-9 TRIGGER
2026-09-10,21:39:05 GMT,UNDER 7 SIGNAL | ID= 1594 | DIGIT= 2 | REGIME= WINNERS ADVANCING | PREV REGIME= WARMUP | 0 P= 6.7 T= -10 A= 20 D= -2 | 1 P= 20 T= 5 A= 30 D= 13.5 | 2 P= 26.7 T= 20 A= 20 D= 21.5 | 3 P= 6.7 T= -5 A= -10 D= -6 | 4 P= 6.7 T= -5 A= -10 D= -6 | 5 P= 10 T= 5 A= 30 D= 8.5 | 6 P= 6.7 T= -5 A= -10 D= -6 | 7 P= 6.7 T= 0 A= -40 D= -10 | 8 P= 0 T= 0 A= 0 D= -5 | 9 P= 10 T= -5 A= -30 D= -8.5 | DOMINANT THREAT= 8 ( -5 ) | D79 WEIGHTED= -7 | THREAT BREADTH= 0 | LOSER ACCEL BREADTH= 0 | THREAT CONCENTRATION= 60 % | T LOSS= -1.7 | A LOSS= -23.3 | EVEN LEADER= 2 | EVEN FASTEST= 0 | D EVEN= 1.9 | T EVEN= 0 | A EVEN= 5 | EVEN ACCEL BREADTH= 2 | A WIN= 10 | A EDGE= 33.3 | A EVEN EDGE= 28.3 | DEEP UNDER7%= 69.8 | PREDICTION= 7 | STAKE= 10 | LOSS STREAK= 0 | VETO= NO FRESH 7-9 TRIGGER
2026-09-10,21:39:05 GMT,UNDER 7 SIGNAL | ID= 1593 | DIGIT= 5 | REGIME= WINNERS ADVANCING | PREV REGIME= WARMUP | 0 P= 6.7 T= -10 A= 20 D= -2 | 1 P= 20 T= 5 A= 30 D= 13.5 | 2 P= 23.3 T= 20 A= 40 D= 24 | 3 P= 10 T= -10 A= 0 D= -4.5 | 4 P= 6.7 T= -5 A= -10 D= -6 | 5 P= 10 T= 10 A= 0 D= 4.5 | 6 P= 6.7 T= -5 A= -10 D= -6 | 7 P= 6.7 T= 0 A= -40 D= -10 | 8 P= 0 T= 0 A= 0 D= -5 | 9 P= 10 T= -5 A= -30 D= -8.5 | DOMINANT THREAT= 8 ( -5 ) | D79 WEIGHTED= -7 | THREAT BREADTH= 0 | LOSER ACCEL BREADTH= 0 | THREAT CONCENTRATION= 60 % | T LOSS= -1.7 | A LOSS= -23.3 | EVEN LEADER= 2 | EVEN FASTEST= 2 | D EVEN= 2.5 | T EVEN= 0 | A EVEN= 10 | EVEN ACCEL BREADTH= 2 | A WIN= 10 | A EDGE= 33.3 | A EVEN EDGE= 33.3 | DEEP UNDER7%= 69.8 | PREDICTION= 7 | STAKE= 10 | LOSS STREAK= 0 | VETO= NO FRESH 7-9 TRIGGER
2026-09-10,21:39:05 GMT,UNDER 7 SIGNAL | ID= 1570 | DIGIT= 4 | REGIME= WINNERS ADVANCING | PREV REGIME= WARMUP | 0 P= 6.7 T= 5 A= -10 D= -1.5 | 1 P= 16.7 T= 0 A= 20 D= 7.5 | 2 P= 16.7 T= 5 A= -10 D= 3.5 | 3 P= 13.3 T= -5 A= 10 D= 1.5 | 4 P= 6.7 T= 0 A= 20 D= 2.5 | 5 P= 6.7 T= 0 A= 20 D= 2.5 | 6 P= 6.7 T= 5 A= -10 D= -1.5 | 7 P= 6.7 T= -5 A= -10 D= -6 | 8 P= 3.3 T= 0 A= -20 D= -7.5 | 9 P= 16.7 T= -5 A= -10 D= -1 | DOMINANT THREAT= 9 ( -1 ) | D79 WEIGHTED= -3.8 | THREAT BREADTH= 0 | LOSER ACCEL BREADTH= 0 | THREAT CONCENTRATION= 62.5 % | T LOSS= -3.3 | A LOSS= -13.3 | EVEN LEADER= 2 | EVEN FASTEST= 4 | D EVEN= 0.8 | T EVEN= 3.8 | A EVEN= -2.5 | EVEN ACCEL BREADTH= 1 | A WIN= 5.7 | A EDGE= 19 | A EVEN EDGE= 10.8 | DEEP UNDER7%= 69.4 | PREDICTION= 7 | STAKE= 10 | LOSS STREAK= 0 | VETO= NO FRESH 7-9 TRIGGER
2026-09-10,21:39:05 GMT,UNDER 7 SIGNAL | ID= 1569 | DIGIT= 1 | REGIME= WINNERS ADVANCING | PREV REGIME= WARMUP | 0 P= 6.7 T= 10 A= 20 D= 7 | 1 P= 16.7 T= 0 A= 20 D= 7.5 | 2 P= 16.7 T= 5 A= -10 D= 3.5 | 3 P= 13.3 T= 0 A= -20 D= -2.5 | 4 P= 3.3 T= -5 A= 10 D= -3.5 | 5 P= 6.7 T= 0 A= 20 D= 2.5 | 6 P= 6.7 T= 5 A= -10 D= -1.5 | 7 P= 10 T= -10 A= 0 D= -4.5 | 8 P= 3.3 T= 0 A= -20 D= -7.5 | 9 P= 16.7 T= -5 A= -10 D= -1 | DOMINANT THREAT= 9 ( -1 ) | D79 WEIGHTED= -3.3 | THREAT BREADTH= 0 | LOSER ACCEL BREADTH= 0 | THREAT CONCENTRATION= 55.6 % | T LOSS= -5 | A LOSS= -10 | EVEN LEADER= 0 | EVEN FASTEST= 0 | D EVEN= 1.4 | T EVEN= 3.8 | A EVEN= 2.5 | EVEN ACCEL BREADTH= 2 | A WIN= 4.3 | A EDGE= 14.3 | A EVEN EDGE= 12.5 | DEEP UNDER7%= 69.4 | PREDICTION= 7 | STAKE= 10 | LOSS STREAK= 0 | VETO= NO FRESH 7-9 TRIGGER
2026-09-10,21:39:05 GMT,UNDER 7 SIGNAL | ID= 1568 | DIGIT= 2 | REGIME= WINNERS ADVANCING | PREV REGIME= WARMUP | 0 P= 10 T= 5 A= 30 D= 8.5 | 1 P= 13.3 T= 0 A= 40 D= 10 | 2 P= 16.7 T= 5 A= -10 D= 3.5 | 3 P= 13.3 T= 0 A= -20 D= -2.5 | 4 P= 3.3 T= -5 A= 10 D= -3.5 | 5 P= 6.7 T= 0 A= 20 D= 2.5 | 6 P= 6.7 T= 5 A= -10 D= -1.5 | 7 P= 10 T= -10 A= 0 D= -4.5 | 8 P= 3.3 T= 0 A= -20 D= -7.5 | 9 P= 16.7 T= 0 A= -40 D= -5 | DOMINANT THREAT= 7 ( -4.5 ) | D79 WEIGHTED= -5.2 | THREAT BREADTH= 0 | LOSER ACCEL BREADTH= 0 | THREAT CONCENTRATION= 55.6 % | T LOSS= -3.3 | A LOSS= -20 | EVEN LEADER= 0 | EVEN FASTEST= 0 | D EVEN= 1.8 | T EVEN= 2.5 | A EVEN= 5 | EVEN ACCEL BREADTH= 2 | A WIN= 8.6 | A EDGE= 28.6 | A EVEN EDGE= 25 | DEEP UNDER7%= 69.4 | PREDICTION= 7 | STAKE= 10 | LOSS STREAK= 0 | VETO= NO FRESH 7-9 TRIGGER
2026-09-10,21:39:05 GMT,UNDER 7 SIGNAL | ID= 1567 | DIGIT= 1 | REGIME= WINNERS ADVANCING | PREV REGIME= WARMUP | 0 P= 10 T= 5 A= 30 D= 8.5 | 1 P= 13.3 T= 0 A= 40 D= 10 | 2 P= 16.7 T= 0 A= 20 D= 7.5 | 3 P= 13.3 T= 0 A= -20 D= -2.5 | 4 P= 3.3 T= -5 A= 10 D= -3.5 | 5 P= 6.7 T= 0 A= 20 D= 2.5 | 6 P= 6.7 T= 5 A= -10 D= -1.5 | 7 P= 10 T= -5 A= -30 D= -8.5 | 8 P= 3.3 T= 0 A= -20 D= -7.5 | 9 P= 16.7 T= 0 A= -40 D= -5 | DOMINANT THREAT= 9 ( -5 ) | D79 WEIGHTED= -6.4 | THREAT BREADTH= 0 | LOSER ACCEL BREADTH= 0 | THREAT CONCENTRATION= 55.6 % | T LOSS= -1.7 | A LOSS= -30 | EVEN LEADER= 0 | EVEN FASTEST= 0 | D EVEN= 2.8 | T EVEN= 1.3 | A EVEN= 12.5 | EVEN ACCEL BREADTH= 3 | A WIN= 12.9 | A EDGE= 42.9 | A EVEN EDGE= 42.5 | DEEP UNDER7%= 69.4 | PREDICTION= 7 | STAKE= 10 | LOSS STREAK= 0 | VETO= NO FRESH 7-9 TRIGGER
2026-09-10,21:39:05 GMT,UNDER 7 SIGNAL | ID= 1566 | DIGIT= 0 | REGIME= WINNERS ADVANCING | PREV REGIME= WARMUP | 0 P= 10 T= 5 A= 30 D= 8.5 | 1 P= 13.3 T= -10 A= 40 D= 5.5 | 2 P= 16.7 T= 5 A= -10 D= 3.5 | 3 P= 13.3 T= 5 A= 10 D= 6 | 4 P= 3.3 T= -5 A= 10 D= -3.5 | 5 P= 6.7 T= 0 A= 20 D= 2.5 | 6 P= 6.7 T= 5 A= -10 D= -1.5 | 7 P= 10 T= -5 A= -30 D= -8.5 | 8 P= 3.3 T= 0 A= -20 D= -7.5 | 9 P= 16.7 T= 0 A= -40 D= -5 | DOMINANT THREAT= 9 ( -5 ) | D79 WEIGHTED= -6.4 | THREAT BREADTH= 0 | LOSER ACCEL BREADTH= 0 | THREAT CONCENTRATION= 55.6 % | T LOSS= -1.7 | A LOSS= -30 | EVEN LEADER= 0 | EVEN FASTEST= 0 | D EVEN= 1.8 | T EVEN= 2.5 | A EVEN= 5 | EVEN ACCEL BREADTH= 2 | A WIN= 12.9 | A EDGE= 42.9 | A EVEN EDGE= 35 | DEEP UNDER7%= 69.3 | PREDICTION= 7 | STAKE= 10 | LOSS STREAK= 0 | VETO= NO FRESH 7-9 TRIGGER
2026-09-10,21:39:05 GMT,UNDER 7 SIGNAL | ID= 1565 | DIGIT= 6 | REGIME= WINNERS ADVANCING | PREV REGIME= WARMUP | 0 P= 6.7 T= 0 A= 20 D= 2.5 | 1 P= 13.3 T= -10 A= 40 D= 5.5 | 2 P= 16.7 T= 5 A= -10 D= 3.5 | 3 P= 13.3 T= 10 A= -20 D= 2 | 4 P= 3.3 T= -5 A= 10 D= -3.5 | 5 P= 6.7 T= 0 A= 20 D= 2.5 | 6 P= 6.7 T= 10 A= 20 D= 7 | 7 P= 10 T= -5 A= -30 D= -8.5 | 8 P= 3.3 T= 0 A= -20 D= -7.5 | 9 P= 20 T= -5 A= -30 D= -3.5 | DOMINANT THREAT= 9 ( -3.5 ) | D79 WEIGHTED= -5.7 | THREAT BREADTH= 0 | LOSER ACCEL BREADTH= 0 | THREAT CONCENTRATION= 60 % | T LOSS= -3.3 | A LOSS= -26.7 | EVEN LEADER= 6 | EVEN FASTEST= 0 | D EVEN= 2.4 | T EVEN= 2.5 | A EVEN= 10 | EVEN ACCEL BREADTH= 3 | A WIN= 11.4 | A EDGE= 38.1 | A EVEN EDGE= 36.7 | DEEP UNDER7%= 69.3 | PREDICTION= 7 | STAKE= 10 | LOSS STREAK= 0 | VETO= NO FRESH 7-9 TRIGGER
2026-09-10,21:39:05 GMT,UNDER 7 SIGNAL | ID= 1508 | DIGIT= 5 | REGIME= WINNERS ADVANCING | PREV REGIME= WARMUP | 0 P= 16.7 T= 10 A= 20 D= 12 | 1 P= 13.3 T= 0 A= 40 D= 10 | 2 P= 20 T= 5 A= -30 D= 1 | 3 P= 23.3 T= -10 A= 40 D= 10.5 | 4 P= 0 T= 0 A= 0 D= -5 | 5 P= 10 T= 5 A= -30 D= -4 | 6 P= 6.7 T= -5 A= -10 D= -6 | 7 P= 6.7 T= -5 A= -10 D= -6 | 8 P= 0 T= 0 A= 0 D= -5 | 9 P= 3.3 T= 0 A= -20 D= -7.5 | DOMINANT THREAT= 8 ( -5 ) | D79 WEIGHTED= -5.8 | THREAT BREADTH= 0 | LOSER ACCEL BREADTH= 0 | THREAT CONCENTRATION= 66.7 % | T LOSS= -1.7 | A LOSS= -10 | EVEN LEADER= 0 | EVEN FASTEST= 0 | D EVEN= 0.5 | T EVEN= 2.5 | A EVEN= -5 | EVEN ACCEL BREADTH= 1 | A WIN= 4.3 | A EDGE= 14.3 | A EVEN EDGE= 5 | DEEP UNDER7%= 69.4 | PREDICTION= 7 | STAKE= 10 | LOSS STREAK= 0 | VETO= NO FRESH 7-9 TRIGGER
2026-09-10,21:39:05 GMT,UNDER 7 SIGNAL | ID= 1504 | DIGIT= 2 | REGIME= WINNERS ADVANCING | PREV REGIME= WARMUP | 0 P= 16.7 T= 15 A= -10 D= 8 | 1 P= 10 T= 0 A= 0 D= 0 | 2 P= 20 T= 5 A= 30 D= 13.5 | 3 P= 23.3 T= -5 A= 10 D= 6.5 | 4 P= 0 T= 0 A= 0 D= -5 | 5 P= 6.7 T= 0 A= -40 D= -10 | 6 P= 10 T= -10 A= 0 D= -4.5 | 7 P= 10 T= -10 A= 0 D= -4.5 | 8 P= 0 T= 0 A= 0 D= -5 | 9 P= 3.3 T= 5 A= 10 D= 1 | DOMINANT THREAT= 9 ( 1 ) | D79 WEIGHTED= -1.8 | THREAT BREADTH= 1 | LOSER ACCEL BREADTH= 1 | THREAT CONCENTRATION= 75 % | T LOSS= -1.7 | A LOSS= 3.3 | EVEN LEADER= 2 | EVEN FASTEST= 2 | D EVEN= 3 | T EVEN= 2.5 | A EVEN= 5 | EVEN ACCEL BREADTH= 1 | A WIN= -1.4 | A EDGE= -4.8 | A EVEN EDGE= 1.7 | DEEP UNDER7%= 69.3 | PREDICTION= 7 | STAKE= 10 | LOSS STREAK= 0 | VETO= NO FRESH 7-9 TRIGGER
2026-09-10,21:39:05 GMT,UNDER 7 SIGNAL | ID= 1503 | DIGIT= 0 | REGIME= WINNERS ADVANCING | PREV REGIME= WARMUP | 0 P= 20 T= 10 A= 0 D= 9.5 | 1 P= 10 T= 0 A= 0 D= 0 | 2 P= 16.7 T= 5 A= 50 D= 16 | 3 P= 23.3 T= 0 A= -20 D= 2.5 | 4 P= 0 T= 0 A= 0 D= -5 | 5 P= 6.7 T= 0 A= -40 D= -10 | 6 P= 10 T= -10 A= 0 D= -4.5 | 7 P= 10 T= -10 A= 0 D= -4.5 | 8 P= 0 T= 0 A= 0 D= -5 | 9 P= 3.3 T= 5 A= 10 D= 1 | DOMINANT THREAT= 9 ( 1 ) | D79 WEIGHTED= -1.8 | THREAT BREADTH= 1 | LOSER ACCEL BREADTH= 1 | THREAT CONCENTRATION= 75 % | T LOSS= -1.7 | A LOSS= 3.3 | EVEN LEADER= 2 | EVEN FASTEST= 2 | D EVEN= 4 | T EVEN= 1.3 | A EVEN= 12.5 | EVEN ACCEL BREADTH= 1 | A WIN= -1.4 | A EDGE= -4.8 | A EVEN EDGE= 9.2 | DEEP UNDER7%= 69.2 | PREDICTION= 7 | STAKE= 10 | LOSS STREAK= 0 | VETO= NO FRESH 7-9 TRIGGER
2026-09-10,21:39:05 GMT,UNDER 7 SIGNAL | ID= 1502 | DIGIT= 0 | REGIME= WINNERS ADVANCING | PREV REGIME= WARMUP | 0 P= 16.7 T= 5 A= -10 D= 3.5 | 1 P= 10 T= 0 A= 0 D= 0 | 2 P= 20 T= 5 A= 30 D= 13.5 | 3 P= 23.3 T= 0 A= -20 D= 2.5 | 4 P= 0 T= 0 A= 0 D= -5 | 5 P= 6.7 T= 5 A= -10 D= -1.5 | 6 P= 10 T= -10 A= 0 D= -4.5 | 7 P= 10 T= -10 A= 0 D= -4.5 | 8 P= 0 T= 0 A= 0 D= -5 | 9 P= 3.3 T= 5 A= 10 D= 1 | DOMINANT THREAT= 9 ( 1 ) | D79 WEIGHTED= -1.8 | THREAT BREADTH= 1 | LOSER ACCEL BREADTH= 1 | THREAT CONCENTRATION= 75 % | T LOSS= -1.7 | A LOSS= 3.3 | EVEN LEADER= 2 | EVEN FASTEST= 2 | D EVEN= 1.9 | T EVEN= 0 | A EVEN= 5 | EVEN ACCEL BREADTH= 1 | A WIN= -1.4 | A EDGE= -4.8 | A EVEN EDGE= 1.7 | DEEP UNDER7%= 69.1 | PREDICTION= 7 | STAKE= 10 | LOSS STREAK= 0 | VETO= NO FRESH 7-9 TRIGGER
2026-09-10,21:39:05 GMT,UNDER 7 SIGNAL | ID= 1501 | DIGIT= 3 | REGIME= WINNERS ADVANCING | PREV REGIME= WARMUP | 0 P= 13.3 T= 0 A= -20 D= -2.5 | 1 P= 10 T= 0 A= 0 D= 0 | 2 P= 20 T= 5 A= 30 D= 13.5 | 3 P= 23.3 T= 5 A= -50 D= -1.5 | 4 P= 0 T= 0 A= 0 D= -5 | 5 P= 6.7 T= 5 A= -10 D= -1.5 | 6 P= 10 T= -5 A= 30 D= 4 | 7 P= 10 T= -10 A= 0 D= -4.5 | 8 P= 0 T= 0 A= 0 D= -5 | 9 P= 6.7 T= 0 A= 20 D= 2.5 | DOMINANT THREAT= 9 ( 2.5 ) | D79 WEIGHTED= -1.1 | THREAT BREADTH= 0 | LOSER ACCEL BREADTH= 1 | THREAT CONCENTRATION= 60 % | T LOSS= -3.3 | A LOSS= 6.7 | EVEN LEADER= 2 | EVEN FASTEST= 2 | D EVEN= 2.5 | T EVEN= 0 | A EVEN= 10 | EVEN ACCEL BREADTH= 2 | A WIN= -2.9 | A EDGE= -9.5 | A EVEN EDGE= 3.3 | DEEP UNDER7%= 69.1 | PREDICTION= 7 | STAKE= 10 | LOSS STREAK= 0 | VETO= NO FRESH 7-9 TRIGGER
2026-09-10,21:39:05 GMT,UNDER 7 SIGNAL | ID= 1500 | DIGIT= 0 | REGIME= WINNERS ADVANCING | PREV REGIME= WARMUP | 0 P= 13.3 T= 5 A= 10 D= 6 | 1 P= 10 T= 5 A= -30 D= -4 | 2 P= 20 T= 5 A= 30 D= 13.5 | 3 P= 20 T= 0 A= -60 D= -7.5 | 4 P= 0 T= 0 A= 0 D= -5 | 5 P= 6.7 T= 5 A= -10 D= -1.5 | 6 P= 10 T= -5 A= 30 D= 4 | 7 P= 10 T= -10 A= 0 D= -4.5 | 8 P= 3.3 T= -5 A= 10 D= -3.5 | 9 P= 6.7 T= 0 A= 20 D= 2.5 | DOMINANT THREAT= 9 ( 2.5 ) | D79 WEIGHTED= -0.7 | THREAT BREADTH= 0 | LOSER ACCEL BREADTH= 2 | THREAT CONCENTRATION= 50 % | T LOSS= -5 | A LOSS= 10 | EVEN LEADER= 2 | EVEN FASTEST= 2 | D EVEN= 4.6 | T EVEN= 1.3 | A EVEN= 17.5 | EVEN ACCEL BREADTH= 3 | A WIN= -4.3 | A EDGE= -14.3 | A EVEN EDGE= 7.5 | DEEP UNDER7%= 69.1 | PREDICTION= 7 | STAKE= 10 | LOSS STREAK= 0 | VETO= NO FRESH 7-9 TRIGGER
2026-09-10,21:39:05 GMT,UNDER 7 SIGNAL | ID= 1499 | DIGIT= 1 | REGIME= WINNERS ADVANCING | PREV REGIME= WARMUP | 0 P= 10 T= 0 A= 0 D= 0 | 1 P= 10 T= 5 A= -30 D= -4 | 2 P= 20 T= 5 A= 30 D= 13.5 | 3 P= 20 T= 0 A= -60 D= -7.5 | 4 P= 0 T= 0 A= 0 D= -5 | 5 P= 10 T= 5 A= 30 D= 8.5 | 6 P= 10 T= -5 A= 30 D= 4 | 7 P= 10 T= -5 A= -30 D= -8.5 | 8 P= 3.3 T= -5 A= 10 D= -3.5 | 9 P= 6.7 T= 0 A= 20 D= 2.5 | DOMINANT THREAT= 9 ( 2.5 ) | D79 WEIGHTED= -1.5 | THREAT BREADTH= 0 | LOSER ACCEL BREADTH= 2 | THREAT CONCENTRATION= 50 % | T LOSS= -3.3 | A LOSS= 0 | EVEN LEADER= 2 | EVEN FASTEST= 2 | D EVEN= 3.1 | T EVEN= 0 | A EVEN= 15 | EVEN ACCEL BREADTH= 2 | A WIN= 0 | A EDGE= 0 | A EVEN EDGE= 15 | DEEP UNDER7%= 69.1 | PREDICTION= 7 | STAKE= 10 | LOSS STREAK= 0 | VETO= NO FRESH 7-9 TRIGGER
2026-09-10,21:39:05 GMT,UNDER 7 SIGNAL | ID= 1495 | DIGIT= 2 | REGIME= WINNERS ADVANCING | PREV REGIME= WARMUP | 0 P= 10 T= 5 A= 30 D= 8.5 | 1 P= 6.7 T= 0 A= -40 D= -10 | 2 P= 20 T= 0 A= 0 D= 5 | 3 P= 16.7 T= 5 A= -10 D= 3.5 | 4 P= 0 T= 0 A= 0 D= -5 | 5 P= 10 T= 5 A= 30 D= 8.5 | 6 P= 16.7 T= -5 A= -10 D= -1 | 7 P= 10 T= 5 A= -30 D= -4 | 8 P= 3.3 T= -5 A= 10 D= -3.5 | 9 P= 6.7 T= -10 A= 20 D= -2 | DOMINANT THREAT= 9 ( -2 ) | D79 WEIGHTED= -2.8 | THREAT BREADTH= 1 | LOSER ACCEL BREADTH= 2 | THREAT CONCENTRATION= 50 % | T LOSS= -3.3 | A LOSS= 0 | EVEN LEADER= 0 | EVEN FASTEST= 0 | D EVEN= 1.9 | T EVEN= 0 | A EVEN= 5 | EVEN ACCEL BREADTH= 1 | A WIN= 0 | A EDGE= 0 | A EVEN EDGE= 5 | DEEP UNDER7%= 69.2 | PREDICTION= 7 | STAKE= 10 | LOSS STREAK= 0 | VETO= NO FRESH 7-9 TRIGGER
2026-09-10,21:39:05 GMT,UNDER 7 SIGNAL | ID= 1487 | DIGIT= 0 | REGIME= WINNERS ADVANCING | PREV REGIME= WARMUP | 0 P= 6.7 T= 5 A= -10 D= -1.5 | 1 P= 6.7 T= 10 A= 20 D= 7 | 2 P= 16.7 T= 5 A= -10 D= 3.5 | 3 P= 20 T= 5 A= 30 D= 13.5 | 4 P= 3.3 T= -5 A= 10 D= -3.5 | 5 P= 3.3 T= 0 A= -20 D= -7.5 | 6 P= 13.3 T= -5 A= 10 D= 1.5 | 7 P= 13.3 T= -5 A= 10 D= 1.5 | 8 P= 3.3 T= 0 A= -20 D= -7.5 | 9 P= 13.3 T= -10 A= -20 D= -7 | DOMINANT THREAT= 7 ( 1.5 ) | D79 WEIGHTED= -2.8 | THREAT BREADTH= 0 | LOSER ACCEL BREADTH= 1 | THREAT CONCENTRATION= 44.4 % | T LOSS= -5 | A LOSS= -10 | EVEN LEADER= 2 | EVEN FASTEST= 4 | D EVEN= 0 | T EVEN= 0 | A EVEN= 0 | EVEN ACCEL BREADTH= 2 | A WIN= 4.3 | A EDGE= 14.3 | A EVEN EDGE= 10 | DEEP UNDER7%= 69 | PREDICTION= 7 | STAKE= 10 | LOSS STREAK= 0 | VETO= NO FRESH 7-9 TRIGGER
2026-09-10,21:39:05 GMT,UNDER 7 SIGNAL | ID= 1486 | DIGIT= 3 | REGIME= WINNERS ADVANCING | PREV REGIME= WARMUP | 0 P= 3.3 T= 0 A= -20 D= -7.5 | 1 P= 6.7 T= 10 A= 20 D= 7 | 2 P= 16.7 T= 5 A= -10 D= 3.5 | 3 P= 23.3 T= 0 A= 40 D= 15 | 4 P= 3.3 T= -5 A= 10 D= -3.5 | 5 P= 3.3 T= 0 A= -20 D= -7.5 | 6 P= 13.3 T= 5 A= 10 D= 6 | 7 P= 13.3 T= -5 A= 10 D= 1.5 | 8 P= 3.3 T= 0 A= -20 D= -7.5 | 9 P= 13.3 T= -10 A= -20 D= -7 | DOMINANT THREAT= 7 ( 1.5 ) | D79 WEIGHTED= -2.8 | THREAT BREADTH= 0 | LOSER ACCEL BREADTH= 1 | THREAT CONCENTRATION= 44.4 % | T LOSS= -5 | A LOSS= -10 | EVEN LEADER= 6 | EVEN FASTEST= 4 | D EVEN= -0.4 | T EVEN= 1.3 | A EVEN= -2.5 | EVEN ACCEL BREADTH= 2 | A WIN= 4.3 | A EDGE= 14.3 | A EVEN EDGE= 7.5 | DEEP UNDER7%= 69 | PREDICTION= 7 | STAKE= 10 | LOSS STREAK= 0 | VETO= NO FRESH 7-9 TRIGGER
2026-09-10,21:39:05 GMT,UNDER 7 SIGNAL | ID= 1483 | DIGIT= 2 | REGIME= WINNERS ADVANCING | PREV REGIME= WARMUP | 0 P= 3.3 T= 5 A= 10 D= 1 | 1 P= 3.3 T= 5 A= 10 D= 1 | 2 P= 16.7 T= 5 A= -10 D= 3.5 | 3 P= 20 T= -10 A= 60 D= 13 | 4 P= 3.3 T= -5 A= 10 D= -3.5 | 5 P= 3.3 T= 0 A= -20 D= -7.5 | 6 P= 13.3 T= 10 A= -20 D= 2 | 7 P= 16.7 T= 0 A= 20 D= 7.5 | 8 P= 6.7 T= -5 A= -10 D= -6 | 9 P= 13.3 T= -5 A= -50 D= -11 | DOMINANT THREAT= 7 ( 7.5 ) | D79 WEIGHTED= -0.2 | THREAT BREADTH= 0 | LOSER ACCEL BREADTH= 1 | THREAT CONCENTRATION= 45.5 % | T LOSS= -3.3 | A LOSS= -13.3 | EVEN LEADER= 2 | EVEN FASTEST= 0 | D EVEN= 0.8 | T EVEN= 3.8 | A EVEN= -2.5 | EVEN ACCEL BREADTH= 2 | A WIN= 5.7 | A EDGE= 19 | A EVEN EDGE= 10.8 | DEEP UNDER7%= 69 | PREDICTION= 7 | STAKE= 10 | LOSS STREAK= 0 | VETO= NO FRESH 7-9 TRIGGER
2026-09-10,21:39:05 GMT,UNDER 7 SIGNAL | ID= 1482 | DIGIT= 3 | REGIME= WINNERS ADVANCING | PREV REGIME= WARMUP | 0 P= 3.3 T= 5 A= 10 D= 1 | 1 P= 3.3 T= 5 A= 10 D= 1 | 2 P= 16.7 T= 0 A= 20 D= 7.5 | 3 P= 20 T= -5 A= 30 D= 9 | 4 P= 3.3 T= -5 A= 10 D= -3.5 | 5 P= 3.3 T= 0 A= -20 D= -7.5 | 6 P= 13.3 T= 10 A= -20 D= 2 | 7 P= 16.7 T= 0 A= 20 D= 7.5 | 8 P= 6.7 T= -5 A= -10 D= -6 | 9 P= 13.3 T= -5 A= -50 D= -11 | DOMINANT THREAT= 7 ( 7.5 ) | D79 WEIGHTED= -0.2 | THREAT BREADTH= 0 | LOSER ACCEL BREADTH= 1 | THREAT CONCENTRATION= 45.5 % | T LOSS= -3.3 | A LOSS= -13.3 | EVEN LEADER= 2 | EVEN FASTEST= 2 | D EVEN= 1.8 | T EVEN= 2.5 | A EVEN= 5 | EVEN ACCEL BREADTH= 3 | A WIN= 5.7 | A EDGE= 19 | A EVEN EDGE= 18.3 | DEEP UNDER7%= 69 | PREDICTION= 7 | STAKE= 10 | LOSS STREAK= 0 | VETO= NO FRESH 7-9 TRIGGER
2026-09-10,21:39:05 GMT,UNDER 7 SIGNAL | ID= 1478 | DIGIT= 2 | REGIME= WINNERS ADVANCING | PREV REGIME= WARMUP | 0 P= 3.3 T= 5 A= 10 D= 1 | 1 P= 0 T= 0 A= 0 D= -5 | 2 P= 16.7 T= 10 A= 20 D= 12 | 3 P= 20 T= -15 A= 30 D= 4.5 | 4 P= 3.3 T= 0 A= -20 D= -7.5 | 5 P= 3.3 T= 5 A= 10 D= 1 | 6 P= 10 T= 5 A= -30 D= -4 | 7 P= 20 T= -10 A= 0 D= 0.5 | 8 P= 10 T= -5 A= 30 D= 4 | 9 P= 13.3 T= 5 A= -50 D= -6.5 | DOMINANT THREAT= 8 ( 4 ) | D79 WEIGHTED= 0.8 | THREAT BREADTH= 1 | LOSER ACCEL BREADTH= 1 | THREAT CONCENTRATION= 46.2 % | T LOSS= -3.3 | A LOSS= -6.7 | EVEN LEADER= 2 | EVEN FASTEST= 2 | D EVEN= 0.4 | T EVEN= 5 | A EVEN= -5 | EVEN ACCEL BREADTH= 2 | A WIN= 2.9 | A EDGE= 9.5 | A EVEN EDGE= 1.7 | DEEP UNDER7%= 69 | PREDICTION= 7 | STAKE= 10 | LOSS STREAK= 0 | VETO= NO FRESH 7-9 TRIGGER
2026-09-10,21:39:05 GMT,YOU WON | Total profit: $ -22.78
2026-09-10,21:39:05 GMT,Profit amount: 18.17
2026-09-10,21:39:05 GMT,Bought: Win payout if the last digit of Volatility 10 (1s) Index is strictly lower than 7 after 1 ticks. (ID: 23906619259)
2026-09-10,21:39:05 GMT,UNDER 7 SIGNAL | ID= 1475 | DIGIT= 0 | REGIME= WINNERS ADVANCING | PREV REGIME= WARMUP | 0 P= 3.3 T= 5 A= 10 D= 1 | 1 P= 3.3 T= -5 A= 10 D= -3.5 | 2 P= 16.7 T= 0 A= 20 D= 7.5 | 3 P= 16.7 T= -10 A= -40 D= -9.5 | 4 P= 3.3 T= 0 A= -20 D= -7.5 | 5 P= 3.3 T= 5 A= 10 D= 1 | 6 P= 6.7 T= 10 A= 20 D= 7 | 7 P= 23.3 T= -15 A= 10 D= 2 | 8 P= 10 T= 0 A= 0 D= 0 | 9 P= 13.3 T= 10 A= -20 D= 2 | DOMINANT THREAT= 7 ( 2 ) | D79 WEIGHTED= 1.6 | THREAT BREADTH= 1 | LOSER ACCEL BREADTH= 1 | THREAT CONCENTRATION= 50 % | T LOSS= -1.7 | A LOSS= -3.3 | EVEN LEADER= 2 | EVEN FASTEST= 2 | D EVEN= 2 | T EVEN= 3.8 | A EVEN= 7.5 | EVEN ACCEL BREADTH= 3 | A WIN= 1.4 | A EDGE= 4.8 | A EVEN EDGE= 10.8 | DEEP UNDER7%= 69 | PREDICTION= 7 | STAKE= 49.129999999999995 | LOSS STREAK= 3 | VETO= NO FRESH 7-9 TRIGGER
2026-09-10,21:39:05 GMT,LOSS | Next stake: $ 49.129999999999995 | Losses in a row: 3
2026-09-10,21:39:05 GMT,Loss amount: -28.9
2026-09-10,21:39:05 GMT,Bought: Win payout if the last digit of Volatility 10 (1s) Index is strictly lower than 7 after 1 ticks. (ID: 23906530939)
2026-09-10,21:39:05 GMT,UNDER 7 SIGNAL | ID= 1442 | DIGIT= 1 | REGIME= WINNERS ADVANCING | PREV REGIME= WARMUP | 0 P= 10 T= -5 A= 30 D= 4 | 1 P= 6.7 T= 0 A= 20 D= 2.5 | 2 P= 3.3 T= 0 A= -20 D= -7.5 | 3 P= 16.7 T= 5 A= -10 D= 3.5 | 4 P= 6.7 T= -10 A= 20 D= -2 | 5 P= 6.7 T= 5 A= -10 D= -1.5 | 6 P= 13.3 T= 10 A= -20 D= 2 | 7 P= 6.7 T= 0 A= 20 D= 2.5 | 8 P= 10 T= -10 A= 0 D= -4.5 | 9 P= 20 T= 5 A= -30 D= 1 | DOMINANT THREAT= 7 ( 2.5 ) | D79 WEIGHTED= 0.7 | THREAT BREADTH= 1 | LOSER ACCEL BREADTH= 1 | THREAT CONCENTRATION= 54.5 % | T LOSS= -1.7 | A LOSS= -3.3 | EVEN LEADER= 0 | EVEN FASTEST= 0 | D EVEN= -0.9 | T EVEN= -1.2 | A EVEN= 2.5 | EVEN ACCEL BREADTH= 2 | A WIN= 1.4 | A EDGE= 4.8 | A EVEN EDGE= 5.8 | DEEP UNDER7%= 69.9 | PREDICTION= 7 | STAKE= 28.9 | LOSS STREAK= 2 | VETO= NO FRESH 7-9 TRIGGER
2026-09-10,21:39:05 GMT,LOSS | Next stake: $ 28.9 | Losses in a row: 2
2026-09-10,21:39:05 GMT,Loss amount: -17
2026-09-10,21:39:05 GMT,Bought: Win payout if the last digit of Volatility 10 (1s) Index is strictly lower than 7 after 1 ticks. (ID: 23906526539)
2026-09-10,21:39:05 GMT,UNDER 7 SIGNAL | ID= 1441 | DIGIT= 6 | REGIME= WINNERS ADVANCING | PREV REGIME= WARMUP | 0 P= 10 T= -5 A= 30 D= 4 | 1 P= 3.3 T= -5 A= 10 D= -3.5 | 2 P= 3.3 T= 0 A= -20 D= -7.5 | 3 P= 16.7 T= 5 A= -10 D= 3.5 | 4 P= 6.7 T= -5 A= -10 D= -6 | 5 P= 6.7 T= 10 A= 20 D= 7 | 6 P= 16.7 T= 5 A= -10 D= 3.5 | 7 P= 10 T= 0 A= 0 D= 0 | 8 P= 10 T= -10 A= 0 D= -4.5 | 9 P= 16.7 T= 5 A= -10 D= 3.5 | DOMINANT THREAT= 9 ( 3.5 ) | D79 WEIGHTED= 0.9 | THREAT BREADTH= 1 | LOSER ACCEL BREADTH= 0 | THREAT CONCENTRATION= 45.5 % | T LOSS= -1.7 | A LOSS= -3.3 | EVEN LEADER= 0 | EVEN FASTEST= 0 | D EVEN= -1.5 | T EVEN= -1.2 | A EVEN= -2.5 | EVEN ACCEL BREADTH= 1 | A WIN= 1.4 | A EDGE= 4.8 | A EVEN EDGE= 0.8 | DEEP UNDER7%= 69.9 | PREDICTION= 7 | STAKE= 17 | LOSS STREAK= 1 | VETO= NO FRESH 7-9 TRIGGER
2026-09-10,21:39:05 GMT,LOSS | Next stake: $ 17 | Losses in a row: 1
2026-09-10,21:39:05 GMT,Loss amount: -10
2026-09-10,21:39:05 GMT,Bought: Win payout if the last digit of Volatility 10 (1s) Index is strictly lower than 7 after 1 ticks. (ID: 23906519679)
2026-09-10,21:39:05 GMT,UNDER 7 SIGNAL | ID= 1439 | DIGIT= 9 | REGIME= WINNERS ADVANCING | PREV REGIME= WARMUP | 0 P= 10 T= -5 A= 30 D= 4 | 1 P= 3.3 T= 0 A= -20 D= -7.5 | 2 P= 6.7 T= 0 A= 20 D= 2.5 | 3 P= 13.3 T= 10 A= 40 D= 14.5 | 4 P= 10 T= -5 A= -30 D= -8.5 | 5 P= 6.7 T= 10 A= 20 D= 7 | 6 P= 13.3 T= 0 A= -20 D= -2.5 | 7 P= 10 T= -10 A= 0 D= -4.5 | 8 P= 10 T= -5 A= -30 D= -8.5 | 9 P= 16.7 T= 5 A= -10 D= 3.5 | DOMINANT THREAT= 9 ( 3.5 ) | D79 WEIGHTED= -1.3 | THREAT BREADTH= 1 | LOSER ACCEL BREADTH= 0 | THREAT CONCENTRATION= 45.5 % | T LOSS= -3.3 | A LOSS= -13.3 | EVEN LEADER= 0 | EVEN FASTEST= 0 | D EVEN= -1.1 | T EVEN= -2.5 | A EVEN= 0 | EVEN ACCEL BREADTH= 2 | A WIN= 5.7 | A EDGE= 19 | A EVEN EDGE= 13.3 | DEEP UNDER7%= 69.9 | PREDICTION= 7 | STAKE= 10 | LOSS STREAK= 0 | VETO=
2026-09-10,21:39:05 GMT,UNDER 7 SIGNAL | ID= 1438 | DIGIT= 0 | REGIME= WINNERS ADVANCING | PREV REGIME= WARMUP | 0 P= 10 T= -5 A= 30 D= 4 | 1 P= 6.7 T= -5 A= -10 D= -6 | 2 P= 6.7 T= 0 A= 20 D= 2.5 | 3 P= 13.3 T= 10 A= 40 D= 14.5 | 4 P= 10 T= -5 A= -30 D= -8.5 | 5 P= 6.7 T= 10 A= 20 D= 7 | 6 P= 13.3 T= 5 A= 10 D= 6 | 7 P= 10 T= -10 A= 0 D= -4.5 | 8 P= 10 T= -5 A= -30 D= -8.5 | 9 P= 13.3 T= 5 A= -50 D= -6.5 | DOMINANT THREAT= 7 ( -4.5 ) | D79 WEIGHTED= -5.9 | THREAT BREADTH= 1 | LOSER ACCEL BREADTH= 0 | THREAT CONCENTRATION= 40 % | T LOSS= -3.3 | A LOSS= -26.7 | EVEN LEADER= 6 | EVEN FASTEST= 0 | D EVEN= 1 | T EVEN= -1.2 | A EVEN= 7.5 | EVEN ACCEL BREADTH= 3 | A WIN= 11.4 | A EDGE= 38.1 | A EVEN EDGE= 34.2 | DEEP UNDER7%= 69.9 | PREDICTION= 7 | STAKE= 10 | LOSS STREAK= 0 | VETO= NO FRESH 7-9 TRIGGER
2026-09-10,21:39:05 GMT,UNDER 7 SIGNAL | ID= 1437 | DIGIT= 3 | REGIME= WINNERS ADVANCING | PREV REGIME= WARMUP | 0 P= 6.7 T= -10 A= 20 D= -2 | 1 P= 6.7 T= -5 A= -10 D= -6 | 2 P= 6.7 T= 0 A= 20 D= 2.5 | 3 P= 13.3 T= 10 A= 40 D= 14.5 | 4 P= 10 T= -5 A= -30 D= -8.5 | 5 P= 6.7 T= 10 A= 20 D= 7 | 6 P= 13.3 T= 5 A= 10 D= 6 | 7 P= 10 T= -10 A= 0 D= -4.5 | 8 P= 10 T= 0 A= -60 D= -12.5 | 9 P= 16.7 T= 5 A= -10 D= 3.5 | DOMINANT THREAT= 9 ( 3.5 ) | D79 WEIGHTED= -2.1 | THREAT BREADTH= 1 | LOSER ACCEL BREADTH= 0 | THREAT CONCENTRATION= 45.5 % | T LOSS= -1.7 | A LOSS= -23.3 | EVEN LEADER= 6 | EVEN FASTEST= 0 | D EVEN= -0.5 | T EVEN= -2.5 | A EVEN= 5 | EVEN ACCEL BREADTH= 3 | A WIN= 10 | A EDGE= 33.3 | A EVEN EDGE= 28.3 | DEEP UNDER7%= 69.9 | PREDICTION= 7 | STAKE= 10 | LOSS STREAK= 0 | VETO= NO FRESH 7-9 TRIGGER
2026-09-10,21:39:05 GMT,UNDER 7 SIGNAL | ID= 1436 | DIGIT= 6 | REGIME= WINNERS ADVANCING | PREV REGIME= WARMUP | 0 P= 6.7 T= -5 A= -10 D= -6 | 1 P= 6.7 T= -5 A= -10 D= -6 | 2 P= 6.7 T= 0 A= 20 D= 2.5 | 3 P= 10 T= 5 A= 30 D= 8.5 | 4 P= 10 T= -5 A= -30 D= -8.5 | 5 P= 6.7 T= 10 A= 20 D= 7 | 6 P= 13.3 T= 5 A= 10 D= 6 | 7 P= 10 T= -10 A= 0 D= -4.5 | 8 P= 13.3 T= 0 A= -20 D= -2.5 | 9 P= 16.7 T= 5 A= -10 D= 3.5 | DOMINANT THREAT= 9 ( 3.5 ) | D79 WEIGHTED= 0.1 | THREAT BREADTH= 1 | LOSER ACCEL BREADTH= 0 | THREAT CONCENTRATION= 41.7 % | T LOSS= -1.7 | A LOSS= -10 | EVEN LEADER= 6 | EVEN FASTEST= 2 | D EVEN= -1.5 | T EVEN= -1.2 | A EVEN= -2.5 | EVEN ACCEL BREADTH= 2 | A WIN= 4.3 | A EDGE= 14.3 | A EVEN EDGE= 7.5 | DEEP UNDER7%= 69.9 | PREDICTION= 7 | STAKE= 10 | LOSS STREAK= 0 | VETO= NO FRESH 7-9 TRIGGER
2026-09-10,21:39:05 GMT,UNDER 7 SIGNAL | ID= 1435 | DIGIT= 5 | REGIME= WINNERS ADVANCING | PREV REGIME= WARMUP | 0 P= 10 T= -5 A= -30 D= -8.5 | 1 P= 6.7 T= -5 A= -10 D= -6 | 2 P= 6.7 T= 0 A= 20 D= 2.5 | 3 P= 10 T= 5 A= 30 D= 8.5 | 4 P= 10 T= -5 A= -30 D= -8.5 | 5 P= 6.7 T= 10 A= 20 D= 7 | 6 P= 10 T= 5 A= 30 D= 8.5 | 7 P= 10 T= -10 A= 0 D= -4.5 | 8 P= 13.3 T= 0 A= -20 D= -2.5 | 9 P= 16.7 T= 5 A= -10 D= 3.5 | DOMINANT THREAT= 9 ( 3.5 ) | D79 WEIGHTED= 0.1 | THREAT BREADTH= 1 | LOSER ACCEL BREADTH= 0 | THREAT CONCENTRATION= 41.7 % | T LOSS= -1.7 | A LOSS= -10 | EVEN LEADER= 6 | EVEN FASTEST= 6 | D EVEN= -1.5 | T EVEN= -1.2 | A EVEN= -2.5 | EVEN ACCEL BREADTH= 2 | A WIN= 4.3 | A EDGE= 14.3 | A EVEN EDGE= 7.5 | DEEP UNDER7%= 69.8 | PREDICTION= 7 | STAKE= 10 | LOSS STREAK= 0 | VETO= NO FRESH 7-9 TRIGGER
2026-09-10,21:39:05 GMT,YOU WON | Total profit: $ 14.95
2026-09-10,21:39:05 GMT,Profit amount: 6.29
2026-09-10,21:39:05 GMT,Bought: Win payout if the last digit of Volatility 10 (1s) Index is strictly lower than 7 after 1 ticks. (ID: 23906474639)
2026-09-10,21:39:05 GMT,UNDER 7 SIGNAL | ID= 1421 | DIGIT= 1 | REGIME= WINNERS ADVANCING | PREV REGIME= WARMUP | 0 P= 10 T= 10 A= 0 D= 4.5 | 1 P= 10 T= 0 A= 0 D= 0 | 2 P= 3.3 T= 5 A= 10 D= 1 | 3 P= 6.7 T= 0 A= 20 D= 2.5 | 4 P= 16.7 T= 0 A= -40 D= -5 | 5 P= 6.7 T= -10 A= 20 D= -2 | 6 P= 3.3 T= 5 A= 10 D= 1 | 7 P= 6.7 T= 5 A= -10 D= -1.5 | 8 P= 23.3 T= -15 A= 10 D= 2 | 9 P= 13.3 T= 0 A= -20 D= -2.5 | DOMINANT THREAT= 8 ( 2 ) | D79 WEIGHTED= 0.1 | THREAT BREADTH= 1 | LOSER ACCEL BREADTH= 1 | THREAT CONCENTRATION= 53.8 % | T LOSS= -3.3 | A LOSS= -6.7 | EVEN LEADER= 0 | EVEN FASTEST= 2 | D EVEN= 0.4 | T EVEN= 5 | A EVEN= -5 | EVEN ACCEL BREADTH= 2 | A WIN= 2.9 | A EDGE= 9.5 | A EVEN EDGE= 1.7 | DEEP UNDER7%= 69.9 | PREDICTION= 7 | STAKE= 17 | LOSS STREAK= 1 | VETO= NO FRESH 7-9 TRIGGER
2026-09-10,21:39:05 GMT,LOSS | Next stake: $ 17 | Losses in a row: 1
2026-09-10,21:39:05 GMT,Loss amount: -10
2026-09-10,21:39:05 GMT,Bought: Win payout if the last digit of Volatility 10 (1s) Index is strictly lower than 7 after 1 ticks. (ID: 23906469519)
2026-09-10,21:39:05 GMT,UNDER 7 SIGNAL | ID= 1420 | DIGIT= 8 | REGIME= WINNERS ADVANCING | PREV REGIME= WARMUP | 0 P= 10 T= 10 A= 0 D= 4.5 | 1 P= 6.7 T= 0 A= 20 D= 2.5 | 2 P= 3.3 T= 5 A= 10 D= 1 | 3 P= 6.7 T= 0 A= 20 D= 2.5 | 4 P= 16.7 T= 5 A= -70 D= -9 | 5 P= 6.7 T= -10 A= 20 D= -2 | 6 P= 10 T= -5 A= 30 D= 4 | 7 P= 6.7 T= 10 A= 20 D= 7 | 8 P= 23.3 T= -15 A= 10 D= 2 | 9 P= 10 T= 0 A= -60 D= -12.5 | DOMINANT THREAT= 7 ( 7 ) | D79 WEIGHTED= 1.6 | THREAT BREADTH= 1 | LOSER ACCEL BREADTH= 2 | THREAT CONCENTRATION= 58.3 % | T LOSS= -1.7 | A LOSS= -10 | EVEN LEADER= 0 | EVEN FASTEST= 6 | D EVEN= 0.1 | T EVEN= 3.8 | A EVEN= -7.5 | EVEN ACCEL BREADTH= 2 | A WIN= 4.3 | A EDGE= 14.3 | A EVEN EDGE= 2.5 | DEEP UNDER7%= 70 | PREDICTION= 7 | STAKE= 10 | LOSS STREAK= 0 | VETO=
2026-09-10,21:39:05 GMT,YOU WON | Total profit: $ 18.66
2026-09-10,21:39:05 GMT,Profit amount: 3.7
2026-09-10,21:39:05 GMT,Bought: Win payout if the last digit of Volatility 10 (1s) Index is strictly lower than 7 after 1 ticks. (ID: 23906382719)
2026-09-10,21:39:05 GMT,UNDER 7 SIGNAL | ID= 1386 | DIGIT= 7 | REGIME= WINNERS ADVANCING | PREV REGIME= WARMUP | 0 P= 0 T= 0 A= 0 D= -5 | 1 P= 10 T= 10 A= 0 D= 4.5 | 2 P= 6.7 T= 0 A= 20 D= 2.5 | 3 P= 23.3 T= -15 A= -50 D= -10.5 | 4 P= 6.7 T= 5 A= -10 D= -1.5 | 5 P= 16.7 T= 10 A= 20 D= 12 | 6 P= 13.3 T= -5 A= 10 D= 1.5 | 7 P= 10 T= 0 A= 0 D= 0 | 8 P= 6.7 T= 5 A= -10 D= -1.5 | 9 P= 6.7 T= -10 A= 20 D= -2 | DOMINANT THREAT= 7 ( 0 ) | D79 WEIGHTED= -0.8 | THREAT BREADTH= 1 | LOSER ACCEL BREADTH= 1 | THREAT CONCENTRATION= 42.9 % | T LOSS= -1.7 | A LOSS= 3.3 | EVEN LEADER= 2 | EVEN FASTEST= 2 | D EVEN= -0.6 | T EVEN= 0 | A EVEN= 5 | EVEN ACCEL BREADTH= 2 | A WIN= -1.4 | A EDGE= -4.8 | A EVEN EDGE= 1.7 | DEEP UNDER7%= 69.9 | PREDICTION= 7 | STAKE= 10 | LOSS STREAK= 0 | VETO=
2026-09-10,21:39:05 GMT,UNDER 7 SIGNAL | ID= 1383 | DIGIT= 2 | REGIME= WINNERS ADVANCING | PREV REGIME= WARMUP | 0 P= 0 T= 0 A= 0 D= -5 | 1 P= 6.7 T= 10 A= 20 D= 7 | 2 P= 6.7 T= 0 A= 20 D= 2.5 | 3 P= 23.3 T= -5 A= -110 D= -18.5 | 4 P= 6.7 T= 10 A= 20 D= 7 | 5 P= 20 T= 5 A= 30 D= 13.5 | 6 P= 16.7 T= -10 A= 20 D= 3 | 7 P= 6.7 T= 0 A= -40 D= -10 | 8 P= 6.7 T= 0 A= 20 D= 2.5 | 9 P= 6.7 T= -10 A= 20 D= -2 | DOMINANT THREAT= 8 ( 2.5 ) | D79 WEIGHTED= -1.3 | THREAT BREADTH= 0 | LOSER ACCEL BREADTH= 2 | THREAT CONCENTRATION= 33.3 % | T LOSS= -3.3 | A LOSS= 0 | EVEN LEADER= 4 | EVEN FASTEST= 2 | D EVEN= 1.9 | T EVEN= 0 | A EVEN= 15 | EVEN ACCEL BREADTH= 3 | A WIN= 0 | A EDGE= 0 | A EVEN EDGE= 15 | DEEP UNDER7%= 70.1 | PREDICTION= 7 | STAKE= 10 | LOSS STREAK= 0 | VETO= NO FRESH 7-9 TRIGGER
2026-09-10,21:39:05 GMT,UNDER 7 SIGNAL | ID= 1382 | DIGIT= 6 | REGIME= WINNERS ADVANCING | PREV REGIME= WARMUP | 0 P= 0 T= 0 A= 0 D= -5 | 1 P= 6.7 T= 10 A= 20 D= 7 | 2 P= 3.3 T= -5 A= 10 D= -3.5 | 3 P= 23.3 T= -5 A= -110 D= -18.5 | 4 P= 6.7 T= 10 A= 20 D= 7 | 5 P= 23.3 T= 5 A= 70 D= 23.5 | 6 P= 16.7 T= -10 A= 20 D= 3 | 7 P= 6.7 T= 0 A= -40 D= -10 | 8 P= 6.7 T= 0 A= 20 D= 2.5 | 9 P= 6.7 T= -5 A= -10 D= -6 | DOMINANT THREAT= 8 ( 2.5 ) | D79 WEIGHTED= -2.5 | THREAT BREADTH= 0 | LOSER ACCEL BREADTH= 1 | THREAT CONCENTRATION= 33.3 % | T LOSS= -1.7 | A LOSS= -10 | EVEN LEADER= 4 | EVEN FASTEST= 4 | D EVEN= 0.4 | T EVEN= -1.2 | A EVEN= 12.5 | EVEN ACCEL BREADTH= 3 | A WIN= 4.3 | A EDGE= 14.3 | A EVEN EDGE= 22.5 | DEEP UNDER7%= 70 | PREDICTION= 7 | STAKE= 10 | LOSS STREAK= 0 | VETO= NO FRESH 7-9 TRIGGER
2026-09-10,21:39:05 GMT,UNDER 7 SIGNAL | ID= 1381 | DIGIT= 5 | REGIME= WINNERS ADVANCING | PREV REGIME= WARMUP | 0 P= 0 T= 0 A= 0 D= -5 | 1 P= 6.7 T= 10 A= 20 D= 7 | 2 P= 3.3 T= -5 A= 10 D= -3.5 | 3 P= 23.3 T= 5 A= -110 D= -14 | 4 P= 6.7 T= 10 A= 20 D= 7 | 5 P= 23.3 T= 5 A= 70 D= 23.5 | 6 P= 16.7 T= -20 A= 20 D= -1.5 | 7 P= 6.7 T= 0 A= -40 D= -10 | 8 P= 6.7 T= 0 A= 20 D= 2.5 | 9 P= 6.7 T= -5 A= -10 D= -6 | DOMINANT THREAT= 8 ( 2.5 ) | D79 WEIGHTED= -2.5 | THREAT BREADTH= 0 | LOSER ACCEL BREADTH= 1 | THREAT CONCENTRATION= 33.3 % | T LOSS= -1.7 | A LOSS= -10 | EVEN LEADER= 4 | EVEN FASTEST= 4 | D EVEN= -0.7 | T EVEN= -3.7 | A EVEN= 12.5 | EVEN ACCEL BREADTH= 3 | A WIN= 4.3 | A EDGE= 14.3 | A EVEN EDGE= 22.5 | DEEP UNDER7%= 69.9 | PREDICTION= 7 | STAKE= 10 | LOSS STREAK= 0 | VETO= NO FRESH 7-9 TRIGGER
2026-09-10,21:39:05 GMT,UNDER 7 SIGNAL | ID= 1375 | DIGIT= 1 | REGIME= WINNERS ADVANCING | PREV REGIME= WARMUP | 0 P= 6.7 T= -10 A= 20 D= -2 | 1 P= 6.7 T= 0 A= 20 D= 2.5 | 2 P= 3.3 T= 0 A= -20 D= -7.5 | 3 P= 26.7 T= 20 A= 20 D= 21.5 | 4 P= 3.3 T= 5 A= 10 D= 1 | 5 P= 13.3 T= 0 A= -20 D= -2.5 | 6 P= 16.7 T= -5 A= -10 D= -1 | 7 P= 10 T= 0 A= 0 D= 0 | 8 P= 3.3 T= -5 A= 10 D= -3.5 | 9 P= 10 T= -5 A= -30 D= -8.5 | DOMINANT THREAT= 7 ( 0 ) | D79 WEIGHTED= -2.7 | THREAT BREADTH= 0 | LOSER ACCEL BREADTH= 1 | THREAT CONCENTRATION= 42.9 % | T LOSS= -3.3 | A LOSS= -6.7 | EVEN LEADER= 4 | EVEN FASTEST= 0 | D EVEN= -2.4 | T EVEN= -2.5 | A EVEN= 0 | EVEN ACCEL BREADTH= 2 | A WIN= 2.9 | A EDGE= 9.5 | A EVEN EDGE= 6.7 | DEEP UNDER7%= 69.8 | PREDICTION= 7 | STAKE= 10 | LOSS STREAK= 0 | VETO= NO FRESH 7-9 TRIGGER
2026-09-10,21:39:05 GMT,UNDER 7 SIGNAL | ID= 1362 | DIGIT= 3 | REGIME= WINNERS ADVANCING | PREV REGIME= WARMUP | 0 P= 6.7 T= 0 A= -40 D= -10 | 1 P= 6.7 T= -5 A= -10 D= -6 | 2 P= 10 T= 0 A= 0 D= 0 | 3 P= 13.3 T= -5 A= 10 D= 1.5 | 4 P= 3.3 T= -5 A= 10 D= -3.5 | 5 P= 16.7 T= 10 A= 20 D= 12 | 6 P= 16.7 T= 10 A= 20 D= 12 | 7 P= 10 T= -5 A= -30 D= -8.5 | 8 P= 6.7 T= 0 A= 20 D= 2.5 | 9 P= 10 T= 0 A= 0 D= 0 | DOMINANT THREAT= 8 ( 2.5 ) | D79 WEIGHTED= -0.5 | THREAT BREADTH= 0 | LOSER ACCEL BREADTH= 1 | THREAT CONCENTRATION= 37.5 % | T LOSS= -1.7 | A LOSS= -3.3 | EVEN LEADER= 6 | EVEN FASTEST= 6 | D EVEN= -0.4 | T EVEN= 1.3 | A EVEN= -2.5 | EVEN ACCEL BREADTH= 2 | A WIN= 1.4 | A EDGE= 4.8 | A EVEN EDGE= 0.8 | DEEP UNDER7%= 69.8 | PREDICTION= 7 | STAKE= 10 | LOSS STREAK= 0 | VETO= NO FRESH 7-9 TRIGGER
2026-09-10,21:39:05 GMT,UNDER 7 SIGNAL | ID= 1360 | DIGIT= 6 | REGIME= WINNERS ADVANCING | PREV REGIME= WARMUP | 0 P= 6.7 T= 5 A= -10 D= -1.5 | 1 P= 6.7 T= -5 A= -10 D= -6 | 2 P= 10 T= 0 A= 0 D= 0 | 3 P= 10 T= -10 A= 0 D= -4.5 | 4 P= 10 T= -10 A= 0 D= -4.5 | 5 P= 16.7 T= 10 A= 20 D= 12 | 6 P= 16.7 T= 15 A= 50 D= 20.5 | 7 P= 10 T= 0 A= -60 D= -12.5 | 8 P= 6.7 T= 0 A= 20 D= 2.5 | 9 P= 6.7 T= -5 A= -10 D= -6 | DOMINANT THREAT= 8 ( 2.5 ) | D79 WEIGHTED= -3 | THREAT BREADTH= 0 | LOSER ACCEL BREADTH= 1 | THREAT CONCENTRATION= 42.9 % | T LOSS= -1.7 | A LOSS= -16.7 | EVEN LEADER= 6 | EVEN FASTEST= 6 | D EVEN= 3.6 | T EVEN= 2.5 | A EVEN= 10 | EVEN ACCEL BREADTH= 1 | A WIN= 7.1 | A EDGE= 23.8 | A EVEN EDGE= 26.7 | DEEP UNDER7%= 69.9 | PREDICTION= 7 | STAKE= 10 | LOSS STREAK= 0 | VETO= NO FRESH 7-9 TRIGGER
2026-09-10,21:39:05 GMT,UNDER 7 SIGNAL | ID= 1338 | DIGIT= 3 | REGIME= WINNERS ADVANCING | PREV REGIME= WARMUP | 0 P= 10 T= 0 A= -60 D= -12.5 | 1 P= 10 T= 0 A= 0 D= 0 | 2 P= 6.7 T= 0 A= 20 D= 2.5 | 3 P= 13.3 T= 10 A= 40 D= 14.5 | 4 P= 10 T= 10 A= 0 D= 4.5 | 5 P= 10 T= 5 A= -30 D= -4 | 6 P= 13.3 T= 0 A= 40 D= 10 | 7 P= 10 T= -10 A= 0 D= -4.5 | 8 P= 3.3 T= 0 A= -20 D= -7.5 | 9 P= 13.3 T= -15 A= 10 D= -3 | DOMINANT THREAT= 9 ( -3 ) | D79 WEIGHTED= -4.3 | THREAT BREADTH= 0 | LOSER ACCEL BREADTH= 1 | THREAT CONCENTRATION= 50 % | T LOSS= -8.3 | A LOSS= -3.3 | EVEN LEADER= 6 | EVEN FASTEST= 6 | D EVEN= 1.1 | T EVEN= 2.5 | A EVEN= 0 | EVEN ACCEL BREADTH= 2 | A WIN= 1.4 | A EDGE= 4.8 | A EVEN EDGE= 3.3 | DEEP UNDER7%= 69.9 | PREDICTION= 7 | STAKE= 10 | LOSS STREAK= 0 | VETO= NO FRESH 7-9 TRIGGER
2026-09-10,21:39:05 GMT,UNDER 7 SIGNAL | ID= 1337 | DIGIT= 5 | REGIME= WINNERS ADVANCING | PREV REGIME= WARMUP | 0 P= 13.3 T= -5 A= -50 D= -11 | 1 P= 10 T= 0 A= 0 D= 0 | 2 P= 6.7 T= 0 A= 20 D= 2.5 | 3 P= 10 T= 5 A= 30 D= 8.5 | 4 P= 10 T= 15 A= 30 D= 13 | 5 P= 10 T= 5 A= -30 D= -4 | 6 P= 13.3 T= 0 A= 40 D= 10 | 7 P= 10 T= -5 A= -30 D= -8.5 | 8 P= 3.3 T= 0 A= -20 D= -7.5 | 9 P= 13.3 T= -15 A= 10 D= -3 | DOMINANT THREAT= 9 ( -3 ) | D79 WEIGHTED= -5.4 | THREAT BREADTH= 0 | LOSER ACCEL BREADTH= 1 | THREAT CONCENTRATION= 50 % | T LOSS= -6.7 | A LOSS= -13.3 | EVEN LEADER= 4 | EVEN FASTEST= 6 | D EVEN= 3.6 | T EVEN= 2.5 | A EVEN= 10 | EVEN ACCEL BREADTH= 3 | A WIN= 5.7 | A EDGE= 19 | A EVEN EDGE= 23.3 | DEEP UNDER7%= 69.9 | PREDICTION= 7 | STAKE= 10 | LOSS STREAK= 0 | VETO= NO FRESH 7-9 TRIGGER
2026-09-10,21:39:05 GMT,UNDER 7 SIGNAL | ID= 1336 | DIGIT= 3 | REGIME= WINNERS ADVANCING | PREV REGIME= WARMUP | 0 P= 13.3 T= 0 A= -20 D= -2.5 | 1 P= 10 T= 0 A= 0 D= 0 | 2 P= 10 T= -5 A= 30 D= 4 | 3 P= 10 T= 5 A= 30 D= 8.5 | 4 P= 10 T= 15 A= 30 D= 13 | 5 P= 6.7 T= 0 A= -40 D= -10 | 6 P= 13.3 T= 5 A= 10 D= 6 | 7 P= 10 T= -5 A= -30 D= -8.5 | 8 P= 3.3 T= 0 A= -20 D= -7.5 | 9 P= 13.3 T= -15 A= 10 D= -3 | DOMINANT THREAT= 9 ( -3 ) | D79 WEIGHTED= -5.4 | THREAT BREADTH= 0 | LOSER ACCEL BREADTH= 1 | THREAT CONCENTRATION= 50 % | T LOSS= -6.7 | A LOSS= -13.3 | EVEN LEADER= 4 | EVEN FASTEST= 2 | D EVEN= 5.1 | T EVEN= 3.8 | A EVEN= 12.5 | EVEN ACCEL BREADTH= 3 | A WIN= 5.7 | A EDGE= 19 | A EVEN EDGE= 25.8 | DEEP UNDER7%= 69.8 | PREDICTION= 7 | STAKE= 10 | LOSS STREAK= 0 | VETO= NO FRESH 7-9 TRIGGER
2026-09-10,21:39:05 GMT,UNDER 7 SIGNAL | ID= 1335 | DIGIT= 1 | REGIME= WINNERS ADVANCING | PREV REGIME= WARMUP | 0 P= 13.3 T= 0 A= -20 D= -2.5 | 1 P= 10 T= 5 A= 30 D= 8.5 | 2 P= 10 T= -5 A= 30 D= 4 | 3 P= 6.7 T= 5 A= -10 D= -1.5 | 4 P= 13.3 T= 10 A= 40 D= 14.5 | 5 P= 6.7 T= 0 A= -40 D= -10 | 6 P= 13.3 T= 5 A= 10 D= 6 | 7 P= 10 T= -5 A= -30 D= -8.5 | 8 P= 3.3 T= 0 A= -20 D= -7.5 | 9 P= 13.3 T= -15 A= 10 D= -3 | DOMINANT THREAT= 9 ( -3 ) | D79 WEIGHTED= -5.4 | THREAT BREADTH= 0 | LOSER ACCEL BREADTH= 1 | THREAT CONCENTRATION= 50 % | T LOSS= -6.7 | A LOSS= -13.3 | EVEN LEADER= 4 | EVEN FASTEST= 4 | D EVEN= 5.5 | T EVEN= 2.5 | A EVEN= 15 | EVEN ACCEL BREADTH= 3 | A WIN= 5.7 | A EDGE= 19 | A EVEN EDGE= 28.3 | DEEP UNDER7%= 69.8 | PREDICTION= 7 | STAKE= 10 | LOSS STREAK= 0 | VETO= NO FRESH 7-9 TRIGGER
2026-09-10,21:39:05 GMT,UNDER 7 SIGNAL | ID= 1334 | DIGIT= 6 | REGIME= WINNERS ADVANCING | PREV REGIME= WARMUP | 0 P= 13.3 T= 0 A= -20 D= -2.5 | 1 P= 6.7 T= 0 A= 20 D= 2.5 | 2 P= 10 T= -5 A= 30 D= 4 | 3 P= 10 T= 0 A= 0 D= 0 | 4 P= 13.3 T= 10 A= 40 D= 14.5 | 5 P= 6.7 T= 5 A= -10 D= -1.5 | 6 P= 13.3 T= 5 A= 10 D= 6 | 7 P= 10 T= -5 A= -30 D= -8.5 | 8 P= 3.3 T= 0 A= -20 D= -7.5 | 9 P= 13.3 T= -10 A= -20 D= -7 | DOMINANT THREAT= 9 ( -7 ) | D79 WEIGHTED= -7.4 | THREAT BREADTH= 0 | LOSER ACCEL BREADTH= 0 | THREAT CONCENTRATION= 50 % | T LOSS= -5 | A LOSS= -23.3 | EVEN LEADER= 4 | EVEN FASTEST= 4 | D EVEN= 5.5 | T EVEN= 2.5 | A EVEN= 15 | EVEN ACCEL BREADTH= 3 | A WIN= 10 | A EDGE= 33.3 | A EVEN EDGE= 38.3 | DEEP UNDER7%= 69.8 | PREDICTION= 7 | STAKE= 10 | LOSS STREAK= 0 | VETO= NO FRESH 7-9 TRIGGER
2026-09-10,21:39:05 GMT,UNDER 7 SIGNAL | ID= 1333 | DIGIT= 2 | REGIME= WINNERS ADVANCING | PREV REGIME= WARMUP | 0 P= 13.3 T= 5 A= 10 D= 6 | 1 P= 6.7 T= 0 A= 20 D= 2.5 | 2 P= 10 T= -5 A= 30 D= 4 | 3 P= 10 T= 0 A= 0 D= 0 | 4 P= 13.3 T= 10 A= 40 D= 14.5 | 5 P= 6.7 T= 5 A= -10 D= -1.5 | 6 P= 10 T= 0 A= 0 D= 0 | 7 P= 13.3 T= -10 A= -20 D= -7 | 8 P= 3.3 T= 0 A= -20 D= -7.5 | 9 P= 13.3 T= -5 A= -50 D= -11 | DOMINANT THREAT= 7 ( -7 ) | D79 WEIGHTED= -7.9 | THREAT BREADTH= 0 | LOSER ACCEL BREADTH= 0 | THREAT CONCENTRATION= 44.4 % | T LOSS= -5 | A LOSS= -30 | EVEN LEADER= 4 | EVEN FASTEST= 4 | D EVEN= 6.1 | T EVEN= 2.5 | A EVEN= 20 | EVEN ACCEL BREADTH= 3 | A WIN= 12.9 | A EDGE= 42.9 | A EVEN EDGE= 50 | DEEP UNDER7%= 69.7 | PREDICTION= 7 | STAKE= 10 | LOSS STREAK= 0 | VETO= NO FRESH 7-9 TRIGGER
2026-09-10,21:39:05 GMT,UNDER 7 SIGNAL | ID= 1332 | DIGIT= 4 | REGIME= WINNERS ADVANCING | PREV REGIME= WARMUP | 0 P= 13.3 T= 5 A= 10 D= 6 | 1 P= 10 T= -5 A= 30 D= 4 | 2 P= 6.7 T= -10 A= 20 D= -2 | 3 P= 10 T= 0 A= 0 D= 0 | 4 P= 13.3 T= 10 A= 40 D= 14.5 | 5 P= 6.7 T= 5 A= -10 D= -1.5 | 6 P= 10 T= 5 A= -30 D= -4 | 7 P= 13.3 T= -5 A= 10 D= 1.5 | 8 P= 3.3 T= 0 A= -20 D= -7.5 | 9 P= 13.3 T= -5 A= -50 D= -11 | DOMINANT THREAT= 7 ( 1.5 ) | D79 WEIGHTED= -3.7 | THREAT BREADTH= 0 | LOSER ACCEL BREADTH= 1 | THREAT CONCENTRATION= 44.4 % | T LOSS= -3.3 | A LOSS= -20 | EVEN LEADER= 4 | EVEN FASTEST= 4 | D EVEN= 3.6 | T EVEN= 2.5 | A EVEN= 10 | EVEN ACCEL BREADTH= 3 | A WIN= 8.6 | A EDGE= 28.6 | A EVEN EDGE= 30 | DEEP UNDER7%= 69.7 | PREDICTION= 7 | STAKE= 10 | LOSS STREAK= 0 | VETO= NO FRESH 7-9 TRIGGER
2026-09-10,21:39:05 GMT,YOU WON | Total profit: $ 14.96
2026-09-10,21:39:05 GMT,Profit amount: 6.29
2026-09-10,21:39:05 GMT,Bought: Win payout if the last digit of Volatility 10 (1s) Index is strictly lower than 7 after 1 ticks. (ID: 23906235659)
2026-09-10,21:39:05 GMT,UNDER 7 SIGNAL | ID= 1331 | DIGIT= 3 | REGIME= WINNERS ADVANCING | PREV REGIME= WARMUP | 0 P= 13.3 T= 5 A= 10 D= 6 | 1 P= 13.3 T= -5 A= 10 D= 1.5 | 2 P= 10 T= -10 A= 0 D= -4.5 | 3 P= 10 T= 0 A= 0 D= 0 | 4 P= 6.7 T= 0 A= 20 D= 2.5 | 5 P= 6.7 T= 10 A= 20 D= 7 | 6 P= 10 T= 5 A= -30 D= -4 | 7 P= 13.3 T= -5 A= 10 D= 1.5 | 8 P= 3.3 T= 0 A= -20 D= -7.5 | 9 P= 13.3 T= 0 A= -20 D= -2.5 | DOMINANT THREAT= 7 ( 1.5 ) | D79 WEIGHTED= -1.5 | THREAT BREADTH= 0 | LOSER ACCEL BREADTH= 1 | THREAT CONCENTRATION= 44.4 % | T LOSS= -1.7 | A LOSS= -10 | EVEN LEADER= 0 | EVEN FASTEST= 4 | D EVEN= 0 | T EVEN= 0 | A EVEN= 0 | EVEN ACCEL BREADTH= 2 | A WIN= 4.3 | A EDGE= 14.3 | A EVEN EDGE= 10 | DEEP UNDER7%= 69.7 | PREDICTION= 7 | STAKE= 17 | LOSS STREAK= 1 | VETO= NO FRESH 7-9 TRIGGER
2026-09-10,21:39:05 GMT,LOSS | Next stake: $ 17 | Losses in a row: 1
2026-09-10,21:39:05 GMT,Loss amount: -10
2026-09-10,21:39:05 GMT,Bought: Win payout if the last digit of Volatility 10 (1s) Index is strictly lower than 7 after 1 ticks. (ID: 23906183019)
2026-09-10,21:39:05 GMT,UNDER 7 SIGNAL | ID= 1311 | DIGIT= 9 | REGIME= WINNERS ADVANCING | PREV REGIME= WARMUP | 0 P= 13.3 T= -5 A= 10 D= 1.5 | 1 P= 13.3 T= 10 A= -20 D= 2 | 2 P= 13.3 T= 0 A= 40 D= 10 | 3 P= 20 T= 0 A= 0 D= 5 | 4 P= 6.7 T= 0 A= 20 D= 2.5 | 5 P= 10 T= 0 A= -60 D= -12.5 | 6 P= 0 T= 0 A= 0 D= -5 | 7 P= 10 T= 0 A= 0 D= 0 | 8 P= 3.3 T= -5 A= 10 D= -3.5 | 9 P= 10 T= 0 A= 0 D= 0 | DOMINANT THREAT= 7 ( 0 ) | D79 WEIGHTED= -0.7 | THREAT BREADTH= 0 | LOSER ACCEL BREADTH= 1 | THREAT CONCENTRATION= 42.9 % | T LOSS= -1.7 | A LOSS= 3.3 | EVEN LEADER= 2 | EVEN FASTEST= 2 | D EVEN= 2.3 | T EVEN= -1.2 | A EVEN= 17.5 | EVEN ACCEL BREADTH= 3 | A WIN= -1.4 | A EDGE= -4.8 | A EVEN EDGE= 14.2 | DEEP UNDER7%= 70.2 | PREDICTION= 7 | STAKE= 10 | LOSS STREAK= 0 | VETO=
2026-09-10,21:39:05 GMT,UNDER 7 SIGNAL | ID= 1310 | DIGIT= 0 | REGIME= WINNERS ADVANCING | PREV REGIME= WARMUP | 0 P= 13.3 T= 0 A= -20 D= -2.5 | 1 P= 13.3 T= 10 A= -20 D= 2 | 2 P= 13.3 T= 0 A= 40 D= 10 | 3 P= 20 T= 0 A= 0 D= 5 | 4 P= 6.7 T= 0 A= 20 D= 2.5 | 5 P= 10 T= 5 A= -30 D= -4 | 6 P= 3.3 T= -5 A= 10 D= -3.5 | 7 P= 10 T= 0 A= 0 D= 0 | 8 P= 3.3 T= -5 A= 10 D= -3.5 | 9 P= 6.7 T= -5 A= -10 D= -6 | DOMINANT THREAT= 7 ( 0 ) | D79 WEIGHTED= -2.2 | THREAT BREADTH= 0 | LOSER ACCEL BREADTH= 1 | THREAT CONCENTRATION= 50 % | T LOSS= -3.3 | A LOSS= 0 | EVEN LEADER= 2 | EVEN FASTEST= 2 | D EVEN= 1.6 | T EVEN= -1.2 | A EVEN= 12.5 | EVEN ACCEL BREADTH= 3 | A WIN= 0 | A EDGE= 0 | A EVEN EDGE= 12.5 | DEEP UNDER7%= 70.3 | PREDICTION= 7 | STAKE= 10 | LOSS STREAK= 0 | VETO= NO FRESH 7-9 TRIGGER
2026-09-10,21:39:05 GMT,UNDER 7 SIGNAL | ID= 1309 | DIGIT= 2 | REGIME= WINNERS ADVANCING | PREV REGIME= WARMUP | 0 P= 10 T= -5 A= -30 D= -8.5 | 1 P= 16.7 T= 5 A= -10 D= 3.5 | 2 P= 13.3 T= 0 A= 40 D= 10 | 3 P= 20 T= 5 A= -30 D= 1 | 4 P= 6.7 T= 0 A= 20 D= 2.5 | 5 P= 10 T= 10 A= 0 D= 4.5 | 6 P= 3.3 T= -5 A= 10 D= -3.5 | 7 P= 10 T= 0 A= 0 D= 0 | 8 P= 3.3 T= -5 A= 10 D= -3.5 | 9 P= 6.7 T= -5 A= -10 D= -6 | DOMINANT THREAT= 7 ( 0 ) | D79 WEIGHTED= -2.2 | THREAT BREADTH= 0 | LOSER ACCEL BREADTH= 1 | THREAT CONCENTRATION= 50 % | T LOSS= -3.3 | A LOSS= 0 | EVEN LEADER= 2 | EVEN FASTEST= 2 | D EVEN= 0.1 | T EVEN= -2.5 | A EVEN= 10 | EVEN ACCEL BREADTH= 3 | A WIN= 0 | A EDGE= 0 | A EVEN EDGE= 10 | DEEP UNDER7%= 70.3 | PREDICTION= 7 | STAKE= 10 | LOSS STREAK= 0 | VETO= NO FRESH 7-9 TRIGGER
2026-09-10,21:39:05 GMT,UNDER 7 SIGNAL | ID= 1307 | DIGIT= 3 | REGIME= WINNERS ADVANCING | PREV REGIME= WARMUP | 0 P= 10 T= 0 A= -60 D= -12.5 | 1 P= 20 T= 5 A= 30 D= 13.5 | 2 P= 13.3 T= -10 A= 40 D= 5.5 | 3 P= 20 T= 10 A= 0 D= 9.5 | 4 P= 3.3 T= -5 A= 10 D= -3.5 | 5 P= 10 T= 10 A= 0 D= 4.5 | 6 P= 3.3 T= -5 A= 10 D= -3.5 | 7 P= 10 T= 0 A= 0 D= 0 | 8 P= 3.3 T= 0 A= -20 D= -7.5 | 9 P= 6.7 T= -5 A= -10 D= -6 | DOMINANT THREAT= 7 ( 0 ) | D79 WEIGHTED= -3.3 | THREAT BREADTH= 0 | LOSER ACCEL BREADTH= 0 | THREAT CONCENTRATION= 50 % | T LOSS= -1.7 | A LOSS= -10 | EVEN LEADER= 2 | EVEN FASTEST= 2 | D EVEN= -3.5 | T EVEN= -5 | A EVEN= 0 | EVEN ACCEL BREADTH= 3 | A WIN= 4.3 | A EDGE= 14.3 | A EVEN EDGE= 10 | DEEP UNDER7%= 70.3 | PREDICTION= 7 | STAKE= 10 | LOSS STREAK= 0 | VETO= NO FRESH 7-9 TRIGGER
2026-09-10,21:39:05 GMT,UNDER 7 SIGNAL | ID= 1284 | DIGIT= 4 | REGIME= WINNERS ADVANCING | PREV REGIME= WARMUP | 0 P= 3.3 T= 0 A= -20 D= -7.5 | 1 P= 10 T= 5 A= 30 D= 8.5 | 2 P= 20 T= 5 A= -30 D= 1 | 3 P= 6.7 T= 5 A= -10 D= -1.5 | 4 P= 20 T= 0 A= 0 D= 5 | 5 P= 13.3 T= -5 A= 10 D= 1.5 | 6 P= 16.7 T= -5 A= 50 D= 11.5 | 7 P= 3.3 T= -5 A= 10 D= -3.5 | 8 P= 6.7 T= 0 A= -40 D= -10 | 9 P= 0 T= 0 A= 0 D= -5 | DOMINANT THREAT= 7 ( -3.5 ) | D79 WEIGHTED= -5.2 | THREAT BREADTH= 0 | LOSER ACCEL BREADTH= 1 | THREAT CONCENTRATION= 66.7 % | T LOSS= -1.7 | A LOSS= -10 | EVEN LEADER= 6 | EVEN FASTEST= 6 | D EVEN= 2.5 | T EVEN= 0 | A EVEN= 0 | EVEN ACCEL BREADTH= 1 | A WIN= 4.3 | A EDGE= 14.3 | A EVEN EDGE= 10 | DEEP UNDER7%= 70 | PREDICTION= 7 | STAKE= 10 | LOSS STREAK= 0 | VETO= NO FRESH 7-9 TRIGGER
2026-09-10,21:39:05 GMT,UNDER 7 SIGNAL | ID= 1283 | DIGIT= 3 | REGIME= WINNERS ADVANCING | PREV REGIME= WARMUP | 0 P= 3.3 T= 5 A= 10 D= 1 | 1 P= 10 T= 5 A= 30 D= 8.5 | 2 P= 20 T= 5 A= -30 D= 1 | 3 P= 10 T= 0 A= 0 D= 0 | 4 P= 16.7 T= -5 A= -10 D= -1 | 5 P= 13.3 T= -5 A= 10 D= 1.5 | 6 P= 16.7 T= 0 A= 20 D= 7.5 | 7 P= 3.3 T= -5 A= 10 D= -3.5 | 8 P= 6.7 T= 0 A= -40 D= -10 | 9 P= 0 T= 0 A= 0 D= -5 | DOMINANT THREAT= 7 ( -3.5 ) | D79 WEIGHTED= -5.2 | THREAT BREADTH= 0 | LOSER ACCEL BREADTH= 1 | THREAT CONCENTRATION= 66.7 % | T LOSS= -1.7 | A LOSS= -10 | EVEN LEADER= 6 | EVEN FASTEST= 6 | D EVEN= 2.1 | T EVEN= 1.3 | A EVEN= -2.5 | EVEN ACCEL BREADTH= 2 | A WIN= 4.3 | A EDGE= 14.3 | A EVEN EDGE= 7.5 | DEEP UNDER7%= 70 | PREDICTION= 7 | STAKE= 10 | LOSS STREAK= 0 | VETO= NO FRESH 7-9 TRIGGER
2026-09-10,21:39:05 GMT,UNDER 7 SIGNAL | ID= 1258 | DIGIT= 1 | REGIME= WINNERS ADVANCING | PREV REGIME= WARMUP | 0 P= 6.7 T= -5 A= -10 D= -6 | 1 P= 6.7 T= 0 A= 20 D= 2.5 | 2 P= 13.3 T= 5 A= 10 D= 6 | 3 P= 13.3 T= 5 A= 10 D= 6 | 4 P= 13.3 T= 5 A= 10 D= 6 | 5 P= 20 T= -15 A= -30 D= -8 | 6 P= 16.7 T= 10 A= 20 D= 12 | 7 P= 6.7 T= -5 A= -10 D= -6 | 8 P= 0 T= 0 A= 0 D= -5 | 9 P= 3.3 T= 0 A= -20 D= -7.5 | DOMINANT THREAT= 8 ( -5 ) | D79 WEIGHTED= -5.8 | THREAT BREADTH= 0 | LOSER ACCEL BREADTH= 0 | THREAT CONCENTRATION= 66.7 % | T LOSS= -1.7 | A LOSS= -10 | EVEN LEADER= 6 | EVEN FASTEST= 6 | D EVEN= 4.5 | T EVEN= 3.8 | A EVEN= 7.5 | EVEN ACCEL BREADTH= 3 | A WIN= 4.3 | A EDGE= 14.3 | A EVEN EDGE= 17.5 | DEEP UNDER7%= 69.6 | PREDICTION= 7 | STAKE= 10 | LOSS STREAK= 0 | VETO= NO FRESH 7-9 TRIGGER
2026-09-10,21:39:05 GMT,YOU WON | Total profit: $ 18.67
2026-09-10,21:39:05 GMT,Profit amount: 6.29
2026-09-10,21:39:05 GMT,Bought: Win payout if the last digit of Volatility 10 (1s) Index is strictly lower than 7 after 1 ticks. (ID: 23906042099)
2026-09-10,21:39:05 GMT,UNDER 7 SIGNAL | ID= 1257 | DIGIT= 6 | REGIME= WINNERS ADVANCING | PREV REGIME= WARMUP | 0 P= 6.7 T= 0 A= -40 D= -10 | 1 P= 3.3 T= 0 A= -20 D= -7.5 | 2 P= 13.3 T= 10 A= 40 D= 14.5 | 3 P= 16.7 T= 0 A= 20 D= 7.5 | 4 P= 13.3 T= 5 A= 10 D= 6 | 5 P= 20 T= -10 A= 0 D= 0.5 | 6 P= 13.3 T= 5 A= 10 D= 6 | 7 P= 6.7 T= -5 A= -10 D= -6 | 8 P= 3.3 T= -5 A= 10 D= -3.5 | 9 P= 3.3 T= 0 A= -20 D= -7.5 | DOMINANT THREAT= 8 ( -3.5 ) | D79 WEIGHTED= -5 | THREAT BREADTH= 0 | LOSER ACCEL BREADTH= 1 | THREAT CONCENTRATION= 50 % | T LOSS= -3.3 | A LOSS= -6.7 | EVEN LEADER= 2 | EVEN FASTEST= 2 | D EVEN= 4.1 | T EVEN= 5 | A EVEN= 5 | EVEN ACCEL BREADTH= 3 | A WIN= 2.9 | A EDGE= 9.5 | A EVEN EDGE= 11.7 | DEEP UNDER7%= 69.5 | PREDICTION= 7 | STAKE= 17 | LOSS STREAK= 1 | VETO= NO FRESH 7-9 TRIGGER
2026-09-10,21:39:05 GMT,LOSS | Next stake: $ 17 | Losses in a row: 1
2026-09-10,21:39:05 GMT,Loss amount: -10
2026-09-10,21:39:05 GMT,Bought: Win payout if the last digit of Volatility 10 (1s) Index is strictly lower than 7 after 1 ticks. (ID: 23906012519)
2026-09-10,21:39:05 GMT,UNDER 7 SIGNAL | ID= 1247 | DIGIT= 7 | REGIME= WINNERS ADVANCING | PREV REGIME= WARMUP | 0 P= 16.7 T= -5 A= 50 D= 11.5 | 1 P= 6.7 T= 0 A= 20 D= 2.5 | 2 P= 6.7 T= -5 A= -10 D= -6 | 3 P= 10 T= 5 A= -30 D= -4 | 4 P= 6.7 T= 5 A= -10 D= -1.5 | 5 P= 23.3 T= 10 A= -20 D= 7 | 6 P= 6.7 T= 5 A= -10 D= -1.5 | 7 P= 13.3 T= -5 A= 10 D= 1.5 | 8 P= 10 T= -10 A= 0 D= -4.5 | 9 P= 0 T= 0 A= 0 D= -5 | DOMINANT THREAT= 7 ( 1.5 ) | D79 WEIGHTED= -1.6 | THREAT BREADTH= 0 | LOSER ACCEL BREADTH= 1 | THREAT CONCENTRATION= 57.1 % | T LOSS= -5 | A LOSS= 3.3 | EVEN LEADER= 0 | EVEN FASTEST= 0 | D EVEN= 0.6 | T EVEN= 0 | A EVEN= 5 | EVEN ACCEL BREADTH= 1 | A WIN= -1.4 | A EDGE= -4.8 | A EVEN EDGE= 1.7 | DEEP UNDER7%= 69.2 | PREDICTION= 7 | STAKE= 10 | LOSS STREAK= 0 | VETO=
2026-09-10,21:39:05 GMT,UNDER 7 SIGNAL | ID= 1246 | DIGIT= 6 | REGIME= WINNERS ADVANCING | PREV REGIME= WARMUP | 0 P= 16.7 T= -5 A= 50 D= 11.5 | 1 P= 6.7 T= 0 A= 20 D= 2.5 | 2 P= 6.7 T= 0 A= 20 D= 2.5 | 3 P= 10 T= 5 A= -30 D= -4 | 4 P= 6.7 T= 5 A= -10 D= -1.5 | 5 P= 23.3 T= 10 A= -20 D= 7 | 6 P= 10 T= 0 A= 0 D= 0 | 7 P= 10 T= -5 A= -30 D= -8.5 | 8 P= 10 T= -10 A= 0 D= -4.5 | 9 P= 0 T= 0 A= 0 D= -5 | DOMINANT THREAT= 8 ( -4.5 ) | D79 WEIGHTED= -5.4 | THREAT BREADTH= 0 | LOSER ACCEL BREADTH= 0 | THREAT CONCENTRATION= 50 % | T LOSS= -5 | A LOSS= -10 | EVEN LEADER= 0 | EVEN FASTEST= 0 | D EVEN= 3.1 | T EVEN= 0 | A EVEN= 15 | EVEN ACCEL BREADTH= 2 | A WIN= 4.3 | A EDGE= 14.3 | A EVEN EDGE= 25 | DEEP UNDER7%= 69.3 | PREDICTION= 7 | STAKE= 10 | LOSS STREAK= 0 | VETO= NO FRESH 7-9 TRIGGER
2026-09-10,21:39:05 GMT,UNDER 7 SIGNAL | ID= 1245 | DIGIT= 5 | REGIME= WINNERS ADVANCING | PREV REGIME= WARMUP | 0 P= 16.7 T= -5 A= 50 D= 11.5 | 1 P= 6.7 T= 0 A= 20 D= 2.5 | 2 P= 6.7 T= 0 A= 20 D= 2.5 | 3 P= 13.3 T= 0 A= -20 D= -2.5 | 4 P= 6.7 T= 5 A= -10 D= -1.5 | 5 P= 23.3 T= 15 A= 10 D= 15.5 | 6 P= 6.7 T= -5 A= -10 D= -6 | 7 P= 10 T= -5 A= -30 D= -8.5 | 8 P= 10 T= -5 A= -30 D= -8.5 | 9 P= 0 T= 0 A= 0 D= -5 | DOMINANT THREAT= 9 ( -5 ) | D79 WEIGHTED= -6.7 | THREAT BREADTH= 0 | LOSER ACCEL BREADTH= 0 | THREAT CONCENTRATION= 50 % | T LOSS= -3.3 | A LOSS= -20 | EVEN LEADER= 0 | EVEN FASTEST= 0 | D EVEN= 1.6 | T EVEN= -1.2 | A EVEN= 12.5 | EVEN ACCEL BREADTH= 2 | A WIN= 8.6 | A EDGE= 28.6 | A EVEN EDGE= 32.5 | DEEP UNDER7%= 69.3 | PREDICTION= 7 | STAKE= 10 | LOSS STREAK= 0 | VETO= NO FRESH 7-9 TRIGGER
2026-09-10,21:39:05 GMT,UNDER 7 SIGNAL | ID= 1244 | DIGIT= 3 | REGIME= WINNERS ADVANCING | PREV REGIME= WARMUP | 0 P= 16.7 T= 0 A= 20 D= 7.5 | 1 P= 6.7 T= 0 A= 20 D= 2.5 | 2 P= 10 T= -5 A= 30 D= 4 | 3 P= 13.3 T= 0 A= -20 D= -2.5 | 4 P= 6.7 T= 5 A= -10 D= -1.5 | 5 P= 20 T= 15 A= 30 D= 18 | 6 P= 6.7 T= -5 A= -10 D= -6 | 7 P= 10 T= -5 A= -30 D= -8.5 | 8 P= 10 T= -5 A= -30 D= -8.5 | 9 P= 0 T= 0 A= 0 D= -5 | DOMINANT THREAT= 9 ( -5 ) | D79 WEIGHTED= -6.7 | THREAT BREADTH= 0 | LOSER ACCEL BREADTH= 0 | THREAT CONCENTRATION= 50 % | T LOSS= -3.3 | A LOSS= -20 | EVEN LEADER= 0 | EVEN FASTEST= 2 | D EVEN= 1 | T EVEN= -1.2 | A EVEN= 7.5 | EVEN ACCEL BREADTH= 2 | A WIN= 8.6 | A EDGE= 28.6 | A EVEN EDGE= 27.5 | DEEP UNDER7%= 69.2 | PREDICTION= 7 | STAKE= 10 | LOSS STREAK= 0 | VETO= NO FRESH 7-9 TRIGGER
2026-09-10,21:39:05 GMT,UNDER 7 SIGNAL | ID= 1243 | DIGIT= 0 | REGIME= WINNERS ADVANCING | PREV REGIME= WARMUP | 0 P= 16.7 T= 0 A= 20 D= 7.5 | 1 P= 6.7 T= 0 A= 20 D= 2.5 | 2 P= 10 T= 0 A= 0 D= 0 | 3 P= 10 T= -5 A= -30 D= -8.5 | 4 P= 6.7 T= 10 A= 20 D= 7 | 5 P= 20 T= 15 A= 30 D= 18 | 6 P= 6.7 T= -5 A= -10 D= -6 | 7 P= 10 T= -5 A= -30 D= -8.5 | 8 P= 13.3 T= -10 A= -20 D= -7 | 9 P= 0 T= 0 A= 0 D= -5 | DOMINANT THREAT= 9 ( -5 ) | D79 WEIGHTED= -6.3 | THREAT BREADTH= 0 | LOSER ACCEL BREADTH= 0 | THREAT CONCENTRATION= 57.1 % | T LOSS= -5 | A LOSS= -16.7 | EVEN LEADER= 0 | EVEN FASTEST= 0 | D EVEN= 2.1 | T EVEN= 1.3 | A EVEN= 7.5 | EVEN ACCEL BREADTH= 2 | A WIN= 7.1 | A EDGE= 23.8 | A EVEN EDGE= 24.2 | DEEP UNDER7%= 69.2 | PREDICTION= 7 | STAKE= 10 | LOSS STREAK= 0 | VETO= NO FRESH 7-9 TRIGGER
2026-09-10,21:39:05 GMT,UNDER 7 SIGNAL | ID= 1242 | DIGIT= 5 | REGIME= WINNERS ADVANCING | PREV REGIME= WARMUP | 0 P= 13.3 T= 0 A= -20 D= -2.5 | 1 P= 6.7 T= 0 A= 20 D= 2.5 | 2 P= 10 T= 0 A= 0 D= 0 | 3 P= 10 T= 0 A= 0 D= 0 | 4 P= 6.7 T= 10 A= 20 D= 7 | 5 P= 20 T= 15 A= 30 D= 18 | 6 P= 6.7 T= -5 A= -10 D= -6 | 7 P= 10 T= -5 A= -30 D= -8.5 | 8 P= 16.7 T= -15 A= -10 D= -5.5 | 9 P= 0 T= 0 A= 0 D= -5 | DOMINANT THREAT= 9 ( -5 ) | D79 WEIGHTED= -5.9 | THREAT BREADTH= 0 | LOSER ACCEL BREADTH= 0 | THREAT CONCENTRATION= 62.5 % | T LOSS= -6.7 | A LOSS= -13.3 | EVEN LEADER= 4 | EVEN FASTEST= 4 | D EVEN= -0.4 | T EVEN= 1.3 | A EVEN= -2.5 | EVEN ACCEL BREADTH= 1 | A WIN= 5.7 | A EDGE= 19 | A EVEN EDGE= 10.8 | DEEP UNDER7%= 69.2 | PREDICTION= 7 | STAKE= 10 | LOSS STREAK= 0 | VETO= NO FRESH 7-9 TRIGGER
2026-09-10,21:39:05 GMT,UNDER 7 SIGNAL | ID= 1241 | DIGIT= 4 | REGIME= WINNERS ADVANCING | PREV REGIME= WARMUP | 0 P= 13.3 T= 0 A= -20 D= -2.5 | 1 P= 6.7 T= 0 A= 20 D= 2.5 | 2 P= 10 T= 0 A= 0 D= 0 | 3 P= 10 T= 0 A= 0 D= 0 | 4 P= 6.7 T= 10 A= 20 D= 7 | 5 P= 16.7 T= 15 A= -10 D= 8 | 6 P= 10 T= -5 A= 30 D= 4 | 7 P= 10 T= -5 A= -30 D= -8.5 | 8 P= 16.7 T= -15 A= -10 D= -5.5 | 9 P= 0 T= 0 A= 0 D= -5 | DOMINANT THREAT= 9 ( -5 ) | D79 WEIGHTED= -5.9 | THREAT BREADTH= 0 | LOSER ACCEL BREADTH= 0 | THREAT CONCENTRATION= 62.5 % | T LOSS= -6.7 | A LOSS= -13.3 | EVEN LEADER= 4 | EVEN FASTEST= 6 | D EVEN= 2.1 | T EVEN= 1.3 | A EVEN= 7.5 | EVEN ACCEL BREADTH= 2 | A WIN= 5.7 | A EDGE= 19 | A EVEN EDGE= 20.8 | DEEP UNDER7%= 69.2 | PREDICTION= 7 | STAKE= 10 | LOSS STREAK= 0 | VETO= NO FRESH 7-9 TRIGGER
2026-09-10,21:39:05 GMT,UNDER 7 SIGNAL | ID= 1240 | DIGIT= 0 | REGIME= WINNERS ADVANCING | PREV REGIME= WARMUP | 0 P= 13.3 T= 0 A= -20 D= -2.5 | 1 P= 6.7 T= 5 A= -10 D= -1.5 | 2 P= 13.3 T= -5 A= 10 D= 1.5 | 3 P= 10 T= 0 A= 0 D= 0 | 4 P= 3.3 T= 5 A= 10 D= 1 | 5 P= 16.7 T= 15 A= -10 D= 8 | 6 P= 10 T= -5 A= 30 D= 4 | 7 P= 10 T= 0 A= 0 D= 0 | 8 P= 16.7 T= -15 A= -10 D= -5.5 | 9 P= 0 T= 0 A= 0 D= -5 | DOMINANT THREAT= 7 ( 0 ) | D79 WEIGHTED= -2.6 | THREAT BREADTH= 0 | LOSER ACCEL BREADTH= 0 | THREAT CONCENTRATION= 62.5 % | T LOSS= -5 | A LOSS= -3.3 | EVEN LEADER= 6 | EVEN FASTEST= 6 | D EVEN= 1 | T EVEN= -1.2 | A EVEN= 7.5 | EVEN ACCEL BREADTH= 3 | A WIN= 1.4 | A EDGE= 4.8 | A EVEN EDGE= 10.8 | DEEP UNDER7%= 69.1 | PREDICTION= 7 | STAKE= 10 | LOSS STREAK= 0 | VETO= NO FRESH 7-9 TRIGGER
2026-09-10,21:39:05 GMT,UNDER 7 SIGNAL | ID= 1237 | DIGIT= 2 | REGIME= WINNERS ADVANCING | PREV REGIME= WARMUP | 0 P= 13.3 T= -5 A= -50 D= -11 | 1 P= 3.3 T= 0 A= -20 D= -7.5 | 2 P= 13.3 T= -5 A= 10 D= 1.5 | 3 P= 10 T= 5 A= 30 D= 8.5 | 4 P= 3.3 T= 5 A= 10 D= 1 | 5 P= 13.3 T= 15 A= 10 D= 10.5 | 6 P= 10 T= -5 A= 30 D= 4 | 7 P= 13.3 T= 0 A= -20 D= -2.5 | 8 P= 20 T= -10 A= 0 D= 0.5 | 9 P= 0 T= 0 A= 0 D= -5 | DOMINANT THREAT= 8 ( 0.5 ) | D79 WEIGHTED= -1.5 | THREAT BREADTH= 0 | LOSER ACCEL BREADTH= 0 | THREAT CONCENTRATION= 60 % | T LOSS= -3.3 | A LOSS= -6.7 | EVEN LEADER= 6 | EVEN FASTEST= 6 | D EVEN= -1.1 | T EVEN= -2.5 | A EVEN= 0 | EVEN ACCEL BREADTH= 3 | A WIN= 2.9 | A EDGE= 9.5 | A EVEN EDGE= 6.7 | DEEP UNDER7%= 68.9 | PREDICTION= 7 | STAKE= 10 | LOSS STREAK= 0 | VETO= NO FRESH 7-9 TRIGGER
2026-09-10,21:39:05 GMT,UNDER 7 SIGNAL | ID= 1232 | DIGIT= 6 | REGIME= WINNERS ADVANCING | PREV REGIME= WARMUP | 0 P= 16.7 T= 0 A= 20 D= 7.5 | 1 P= 3.3 T= 0 A= -20 D= -7.5 | 2 P= 10 T= 0 A= 0 D= 0 | 3 P= 6.7 T= 5 A= -10 D= -1.5 | 4 P= 3.3 T= -5 A= 10 D= -3.5 | 5 P= 6.7 T= 5 A= -10 D= -1.5 | 6 P= 10 T= 0 A= 0 D= 0 | 7 P= 13.3 T= 5 A= 10 D= 6 | 8 P= 20 T= 5 A= -30 D= 1 | 9 P= 10 T= -15 A= 30 D= -0.5 | DOMINANT THREAT= 7 ( 6 ) | D79 WEIGHTED= 3.2 | THREAT BREADTH= 2 | LOSER ACCEL BREADTH= 2 | THREAT CONCENTRATION= 46.2 % | T LOSS= -1.7 | A LOSS= 3.3 | EVEN LEADER= 0 | EVEN FASTEST= 0 | D EVEN= 1 | T EVEN= -1.2 | A EVEN= 7.5 | EVEN ACCEL BREADTH= 2 | A WIN= -1.4 | A EDGE= -4.8 | A EVEN EDGE= 4.2 | DEEP UNDER7%= 68.8 | PREDICTION= 7 | STAKE= 10 | LOSS STREAK= 0 | VETO= NO FRESH 7-9 TRIGGER
2026-09-10,21:39:05 GMT,YOU WON | Total profit: $ 22.38
2026-09-10,21:39:05 GMT,Profit amount: 3.7
2026-09-10,21:39:05 GMT,Bought: Win payout if the last digit of Volatility 10 (1s) Index is strictly lower than 7 after 1 ticks. (ID: 23905965459)
2026-09-10,21:39:05 GMT,UNDER 7 SIGNAL | ID= 1230 | DIGIT= 8 | REGIME= WINNERS ADVANCING | PREV REGIME= WARMUP | 0 P= 16.7 T= 5 A= 50 D= 16 | 1 P= 3.3 T= 5 A= 10 D= 1 | 2 P= 13.3 T= 0 A= -20 D= -2.5 | 3 P= 3.3 T= 0 A= -20 D= -7.5 | 4 P= 3.3 T= -5 A= 10 D= -3.5 | 5 P= 6.7 T= 10 A= 20 D= 7 | 6 P= 6.7 T= 0 A= -40 D= -10 | 7 P= 10 T= 0 A= 0 D= 0 | 8 P= 20 T= 10 A= -60 D= -3 | 9 P= 16.7 T= -25 A= 50 D= 2.5 | DOMINANT THREAT= 9 ( 2.5 ) | D79 WEIGHTED= 0.6 | THREAT BREADTH= 1 | LOSER ACCEL BREADTH= 1 | THREAT CONCENTRATION= 42.9 % | T LOSS= -5 | A LOSS= -3.3 | EVEN LEADER= 0 | EVEN FASTEST= 0 | D EVEN= 0 | T EVEN= 0 | A EVEN= 0 | EVEN ACCEL BREADTH= 2 | A WIN= 1.4 | A EDGE= 4.8 | A EVEN EDGE= 3.3 | DEEP UNDER7%= 68.8 | PREDICTION= 7 | STAKE= 10 | LOSS STREAK= 0 | VETO=
2026-09-10,21:39:05 GMT,UNDER 7 SIGNAL | ID= 1185 | DIGIT= 4 | REGIME= WINNERS ADVANCING | PREV REGIME= WARMUP | 0 P= 6.7 T= -5 A= -10 D= -6 | 1 P= 10 T= 10 A= 0 D= 4.5 | 2 P= 6.7 T= 0 A= 20 D= 2.5 | 3 P= 3.3 T= 5 A= 10 D= 1 | 4 P= 16.7 T= -5 A= 50 D= 11.5 | 5 P= 13.3 T= 5 A= -50 D= -6.5 | 6 P= 6.7 T= -5 A= -10 D= -6 | 7 P= 10 T= 0 A= 0 D= 0 | 8 P= 13.3 T= 0 A= -20 D= -2.5 | 9 P= 13.3 T= -5 A= 10 D= 1.5 | DOMINANT THREAT= 9 ( 1.5 ) | D79 WEIGHTED= 0.3 | THREAT BREADTH= 0 | LOSER ACCEL BREADTH= 1 | THREAT CONCENTRATION= 36.4 % | T LOSS= -1.7 | A LOSS= -3.3 | EVEN LEADER= 4 | EVEN FASTEST= 4 | D EVEN= 0.5 | T EVEN= -3.7 | A EVEN= 12.5 | EVEN ACCEL BREADTH= 2 | A WIN= 1.4 | A EDGE= 4.8 | A EVEN EDGE= 15.8 | DEEP UNDER7%= 69.4 | PREDICTION= 7 | STAKE= 10 | LOSS STREAK= 0 | VETO= NO FRESH 7-9 TRIGGER
2026-09-10,21:39:05 GMT,YOU WON | Total profit: $ 18.68
2026-09-10,21:39:05 GMT,Profit amount: 3.7
2026-09-10,21:39:05 GMT,Bought: Win payout if the last digit of Volatility 10 (1s) Index is strictly lower than 7 after 1 ticks. (ID: 23905836159)
2026-09-10,21:39:05 GMT,UNDER 7 SIGNAL | ID= 1181 | DIGIT= 9 | REGIME= WINNERS ADVANCING | PREV REGIME= WARMUP | 0 P= 10 T= 0 A= 0 D= 0 | 1 P= 6.7 T= 10 A= 20 D= 7 | 2 P= 10 T= -5 A= 30 D= 4 | 3 P= 6.7 T= 0 A= 20 D= 2.5 | 4 P= 13.3 T= -5 A= 10 D= 1.5 | 5 P= 13.3 T= 5 A= 10 D= 6 | 6 P= 6.7 T= 0 A= -40 D= -10 | 7 P= 10 T= -10 A= 0 D= -4.5 | 8 P= 10 T= -5 A= -30 D= -8.5 | 9 P= 13.3 T= 10 A= -20 D= 2 | DOMINANT THREAT= 9 ( 2 ) | D79 WEIGHTED= -2 | THREAT BREADTH= 1 | LOSER ACCEL BREADTH= 0 | THREAT CONCENTRATION= 40 % | T LOSS= -1.7 | A LOSS= -16.7 | EVEN LEADER= 2 | EVEN FASTEST= 2 | D EVEN= -1.1 | T EVEN= -2.5 | A EVEN= 0 | EVEN ACCEL BREADTH= 2 | A WIN= 7.1 | A EDGE= 23.8 | A EVEN EDGE= 16.7 | DEEP UNDER7%= 69.5 | PREDICTION= 7 | STAKE= 10 | LOSS STREAK= 0 | VETO=
2026-09-10,21:39:05 GMT,UNDER 7 SIGNAL | ID= 1180 | DIGIT= 2 | REGIME= WINNERS ADVANCING | PREV REGIME= WARMUP | 0 P= 10 T= 0 A= 0 D= 0 | 1 P= 6.7 T= 10 A= 20 D= 7 | 2 P= 10 T= -5 A= 30 D= 4 | 3 P= 6.7 T= 0 A= 20 D= 2.5 | 4 P= 13.3 T= -5 A= 10 D= 1.5 | 5 P= 13.3 T= 5 A= 10 D= 6 | 6 P= 6.7 T= 5 A= -10 D= -1.5 | 7 P= 10 T= -10 A= 0 D= -4.5 | 8 P= 13.3 T= -5 A= -50 D= -11 | 9 P= 10 T= 5 A= -30 D= -4 | DOMINANT THREAT= 9 ( -4 ) | D79 WEIGHTED= -5.5 | THREAT BREADTH= 1 | LOSER ACCEL BREADTH= 0 | THREAT CONCENTRATION= 40 % | T LOSS= -3.3 | A LOSS= -26.7 | EVEN LEADER= 2 | EVEN FASTEST= 2 | D EVEN= 1 | T EVEN= -1.2 | A EVEN= 7.5 | EVEN ACCEL BREADTH= 2 | A WIN= 11.4 | A EDGE= 38.1 | A EVEN EDGE= 34.2 | DEEP UNDER7%= 69.6 | PREDICTION= 7 | STAKE= 10 | LOSS STREAK= 0 | VETO= NO FRESH 7-9 TRIGGER
2026-09-10,21:39:05 GMT,YOU WON | Total profit: $ 14.98
2026-09-10,21:39:05 GMT,Profit amount: 6.29
2026-09-10,21:39:05 GMT,Bought: Win payout if the last digit of Volatility 10 (1s) Index is strictly lower than 7 after 1 ticks. (ID: 23905829079)
2026-09-10,21:39:05 GMT,UNDER 7 SIGNAL | ID= 1179 | DIGIT= 1 | REGIME= WINNERS ADVANCING | PREV REGIME= WARMUP | 0 P= 13.3 T= -5 A= 10 D= 1.5 | 1 P= 6.7 T= 10 A= 20 D= 7 | 2 P= 10 T= -10 A= 0 D= -4.5 | 3 P= 6.7 T= 0 A= 20 D= 2.5 | 4 P= 10 T= -5 A= -30 D= -8.5 | 5 P= 13.3 T= 10 A= 40 D= 14.5 | 6 P= 6.7 T= 5 A= -10 D= -1.5 | 7 P= 10 T= -10 A= 0 D= -4.5 | 8 P= 13.3 T= 0 A= -20 D= -2.5 | 9 P= 10 T= 5 A= -30 D= -4 | DOMINANT THREAT= 8 ( -2.5 ) | D79 WEIGHTED= -3.3 | THREAT BREADTH= 1 | LOSER ACCEL BREADTH= 0 | THREAT CONCENTRATION= 40 % | T LOSS= -1.7 | A LOSS= -16.7 | EVEN LEADER= 0 | EVEN FASTEST= 0 | D EVEN= -3.2 | T EVEN= -3.7 | A EVEN= -7.5 | EVEN ACCEL BREADTH= 1 | A WIN= 7.1 | A EDGE= 23.8 | A EVEN EDGE= 9.2 | DEEP UNDER7%= 69.5 | PREDICTION= 7 | STAKE= 17 | LOSS STREAK= 1 | VETO= NO FRESH 7-9 TRIGGER
2026-09-10,21:39:05 GMT,LOSS | Next stake: $ 17 | Losses in a row: 1
2026-09-10,21:39:05 GMT,Loss amount: -10
2026-09-10,21:39:05 GMT,Bought: Win payout if the last digit of Volatility 10 (1s) Index is strictly lower than 7 after 1 ticks. (ID: 23905733059)
2026-09-10,21:39:05 GMT,UNDER 7 SIGNAL | ID= 1144 | DIGIT= 7 | REGIME= WINNERS ADVANCING | PREV REGIME= WARMUP | 0 P= 10 T= 5 A= -30 D= -4 | 1 P= 6.7 T= -10 A= 20 D= -2 | 2 P= 10 T= 0 A= 0 D= 0 | 3 P= 20 T= 5 A= 30 D= 13.5 | 4 P= 13.3 T= -5 A= 10 D= 1.5 | 5 P= 3.3 T= 5 A= 10 D= 1 | 6 P= 3.3 T= 5 A= 10 D= 1 | 7 P= 20 T= -10 A= 0 D= 0.5 | 8 P= 3.3 T= 5 A= 10 D= 1 | 9 P= 10 T= 0 A= -60 D= -12.5 | DOMINANT THREAT= 8 ( 1 ) | D79 WEIGHTED= -1.8 | THREAT BREADTH= 1 | LOSER ACCEL BREADTH= 1 | THREAT CONCENTRATION= 60 % | T LOSS= -1.7 | A LOSS= -16.7 | EVEN LEADER= 4 | EVEN FASTEST= 4 | D EVEN= -0.4 | T EVEN= 1.3 | A EVEN= -2.5 | EVEN ACCEL BREADTH= 2 | A WIN= 7.1 | A EDGE= 23.8 | A EVEN EDGE= 14.2 | DEEP UNDER7%= 69.4 | PREDICTION= 7 | STAKE= 10 | LOSS STREAK= 0 | VETO=
2026-09-10,21:39:05 GMT,UNDER 7 SIGNAL | ID= 1143 | DIGIT= 3 | REGIME= WINNERS ADVANCING | PREV REGIME= WARMUP | 0 P= 10 T= 10 A= 0 D= 4.5 | 1 P= 6.7 T= -10 A= 20 D= -2 | 2 P= 10 T= 0 A= 0 D= 0 | 3 P= 20 T= 5 A= 30 D= 13.5 | 4 P= 13.3 T= 0 A= -20 D= -2.5 | 5 P= 3.3 T= 5 A= 10 D= 1 | 6 P= 3.3 T= 5 A= 10 D= 1 | 7 P= 16.7 T= -15 A= -10 D= -5.5 | 8 P= 6.7 T= 0 A= 20 D= 2.5 | 9 P= 10 T= 0 A= -60 D= -12.5 | DOMINANT THREAT= 8 ( 2.5 ) | D79 WEIGHTED= -2.9 | THREAT BREADTH= 0 | LOSER ACCEL BREADTH= 1 | THREAT CONCENTRATION= 50 % | T LOSS= -5 | A LOSS= -16.7 | EVEN LEADER= 0 | EVEN FASTEST= 6 | D EVEN= 0.8 | T EVEN= 3.8 | A EVEN= -2.5 | EVEN ACCEL BREADTH= 1 | A WIN= 7.1 | A EDGE= 23.8 | A EVEN EDGE= 14.2 | DEEP UNDER7%= 69.5 | PREDICTION= 7 | STAKE= 10 | LOSS STREAK= 0 | VETO= NO FRESH 7-9 TRIGGER
2026-09-10,21:39:05 GMT,YOU WON | Total profit: $ 18.69
2026-09-10,21:39:05 GMT,Profit amount: 6.29
2026-09-10,21:39:05 GMT,Bought: Win payout if the last digit of Volatility 10 (1s) Index is strictly lower than 7 after 1 ticks. (ID: 23905725059)
2026-09-10,21:39:05 GMT,UNDER 7 SIGNAL | ID= 1142 | DIGIT= 4 | REGIME= WINNERS ADVANCING | PREV REGIME= WARMUP | 0 P= 10 T= 10 A= 0 D= 4.5 | 1 P= 10 T= -15 A= 30 D= -0.5 | 2 P= 10 T= 10 A= 0 D= 4.5 | 3 P= 13.3 T= 0 A= -20 D= -2.5 | 4 P= 13.3 T= 0 A= -20 D= -2.5 | 5 P= 3.3 T= 5 A= 10 D= 1 | 6 P= 6.7 T= 0 A= 20 D= 2.5 | 7 P= 16.7 T= -10 A= 20 D= 3 | 8 P= 6.7 T= 0 A= 20 D= 2.5 | 9 P= 10 T= 0 A= -60 D= -12.5 | DOMINANT THREAT= 7 ( 3 ) | D79 WEIGHTED= -0.2 | THREAT BREADTH= 0 | LOSER ACCEL BREADTH= 2 | THREAT CONCENTRATION= 50 % | T LOSS= -3.3 | A LOSS= -6.7 | EVEN LEADER= 0 | EVEN FASTEST= 6 | D EVEN= 2.3 | T EVEN= 5 | A EVEN= 0 | EVEN ACCEL BREADTH= 1 | A WIN= 2.9 | A EDGE= 9.5 | A EVEN EDGE= 6.7 | DEEP UNDER7%= 69.5 | PREDICTION= 7 | STAKE= 17 | LOSS STREAK= 1 | VETO= NO FRESH 7-9 TRIGGER
2026-09-10,21:39:05 GMT,LOSS | Next stake: $ 17 | Losses in a row: 1
2026-09-10,21:39:05 GMT,Loss amount: -10
2026-09-10,21:39:05 GMT,Bought: Win payout if the last digit of Volatility 10 (1s) Index is strictly lower than 7 after 1 ticks. (ID: 23905691279)
2026-09-10,21:39:05 GMT,UNDER 7 SIGNAL | ID= 1130 | DIGIT= 9 | REGIME= WINNERS ADVANCING | PREV REGIME= WARMUP | 0 P= 6.7 T= 0 A= 20 D= 2.5 | 1 P= 13.3 T= 0 A= -20 D= -2.5 | 2 P= 6.7 T= 0 A= 20 D= 2.5 | 3 P= 20 T= 5 A= 30 D= 13.5 | 4 P= 13.3 T= 5 A= 10 D= 6 | 5 P= 0 T= 0 A= 0 D= -5 | 6 P= 6.7 T= -5 A= -10 D= -6 | 7 P= 16.7 T= 0 A= -40 D= -5 | 8 P= 6.7 T= -5 A= -10 D= -6 | 9 P= 10 T= 0 A= 0 D= 0 | DOMINANT THREAT= 9 ( 0 ) | D79 WEIGHTED= -2.7 | THREAT BREADTH= 0 | LOSER ACCEL BREADTH= 0 | THREAT CONCENTRATION= 50 % | T LOSS= -1.7 | A LOSS= -16.7 | EVEN LEADER= 4 | EVEN FASTEST= 0 | D EVEN= 1.3 | T EVEN= 0 | A EVEN= 10 | EVEN ACCEL BREADTH= 3 | A WIN= 7.1 | A EDGE= 23.8 | A EVEN EDGE= 26.7 | DEEP UNDER7%= 69.8 | PREDICTION= 7 | STAKE= 10 | LOSS STREAK= 0 | VETO=
2026-09-10,21:39:05 GMT,UNDER 7 SIGNAL | ID= 1129 | DIGIT= 3 | REGIME= WINNERS ADVANCING | PREV REGIME= WARMUP | 0 P= 6.7 T= 0 A= 20 D= 2.5 | 1 P= 13.3 T= 0 A= -20 D= -2.5 | 2 P= 6.7 T= 0 A= 20 D= 2.5 | 3 P= 20 T= 5 A= 30 D= 13.5 | 4 P= 13.3 T= 15 A= 10 D= 10.5 | 5 P= 0 T= 0 A= 0 D= -5 | 6 P= 6.7 T= -5 A= -10 D= -6 | 7 P= 16.7 T= 0 A= -40 D= -5 | 8 P= 10 T= -10 A= 0 D= -4.5 | 9 P= 6.7 T= -5 A= -10 D= -6 | DOMINANT THREAT= 8 ( -4.5 ) | D79 WEIGHTED= -4.9 | THREAT BREADTH= 0 | LOSER ACCEL BREADTH= 0 | THREAT CONCENTRATION= 50 % | T LOSS= -5 | A LOSS= -16.7 | EVEN LEADER= 4 | EVEN FASTEST= 0 | D EVEN= 2.4 | T EVEN= 2.5 | A EVEN= 10 | EVEN ACCEL BREADTH= 3 | A WIN= 7.1 | A EDGE= 23.8 | A EVEN EDGE= 26.7 | DEEP UNDER7%= 69.8 | PREDICTION= 7 | STAKE= 10 | LOSS STREAK= 0 | VETO= NO FRESH 7-9 TRIGGER
2026-09-10,21:39:05 GMT,UNDER 7 SIGNAL | ID= 1128 | DIGIT= 0 | REGIME= WINNERS ADVANCING | PREV REGIME= WARMUP | 0 P= 6.7 T= 0 A= 20 D= 2.5 | 1 P= 13.3 T= 5 A= 10 D= 6 | 2 P= 6.7 T= 0 A= 20 D= 2.5 | 3 P= 16.7 T= 0 A= 20 D= 7.5 | 4 P= 13.3 T= 15 A= 10 D= 10.5 | 5 P= 0 T= 0 A= 0 D= -5 | 6 P= 10 T= -10 A= 0 D= -4.5 | 7 P= 16.7 T= 0 A= -40 D= -5 | 8 P= 10 T= -5 A= -30 D= -8.5 | 9 P= 6.7 T= -5 A= -10 D= -6 | DOMINANT THREAT= 7 ( -5 ) | D79 WEIGHTED= -6 | THREAT BREADTH= 0 | LOSER ACCEL BREADTH= 0 | THREAT CONCENTRATION= 50 % | T LOSS= -3.3 | A LOSS= -26.7 | EVEN LEADER= 4 | EVEN FASTEST= 0 | D EVEN= 2.8 | T EVEN= 1.3 | A EVEN= 12.5 | EVEN ACCEL BREADTH= 3 | A WIN= 11.4 | A EDGE= 38.1 | A EVEN EDGE= 39.2 | DEEP UNDER7%= 69.8 | PREDICTION= 7 | STAKE= 10 | LOSS STREAK= 0 | VETO= NO FRESH 7-9 TRIGGER
2026-09-10,21:39:05 GMT,UNDER 7 SIGNAL | ID= 1127 | DIGIT= 4 | REGIME= WINNERS ADVANCING | PREV REGIME= WARMUP | 0 P= 3.3 T= 0 A= -20 D= -7.5 | 1 P= 13.3 T= 5 A= 10 D= 6 | 2 P= 6.7 T= 0 A= 20 D= 2.5 | 3 P= 16.7 T= 0 A= 20 D= 7.5 | 4 P= 16.7 T= 10 A= 20 D= 12 | 5 P= 0 T= 0 A= 0 D= -5 | 6 P= 10 T= -10 A= 0 D= -4.5 | 7 P= 16.7 T= 5 A= -10 D= 3.5 | 8 P= 10 T= -5 A= -30 D= -8.5 | 9 P= 6.7 T= -5 A= -10 D= -6 | DOMINANT THREAT= 7 ( 3.5 ) | D79 WEIGHTED= -1.7 | THREAT BREADTH= 1 | LOSER ACCEL BREADTH= 0 | THREAT CONCENTRATION= 50 % | T LOSS= -1.7 | A LOSS= -16.7 | EVEN LEADER= 4 | EVEN FASTEST= 2 | D EVEN= 0.6 | T EVEN= 0 | A EVEN= 5 | EVEN ACCEL BREADTH= 2 | A WIN= 7.1 | A EDGE= 23.8 | A EVEN EDGE= 21.7 | DEEP UNDER7%= 69.8 | PREDICTION= 7 | STAKE= 10 | LOSS STREAK= 0 | VETO= NO FRESH 7-9 TRIGGER
2026-09-10,21:39:05 GMT,YOU WON | Total profit: $ 22.4
2026-09-10,21:39:05 GMT,Profit amount: 3.7
2026-09-10,21:39:05 GMT,Bought: Win payout if the last digit of Volatility 10 (1s) Index is strictly lower than 7 after 1 ticks. (ID: 23905612219)
2026-09-10,21:39:05 GMT,UNDER 7 SIGNAL | ID= 1101 | DIGIT= 8 | REGIME= WINNERS ADVANCING | PREV REGIME= WARMUP | 0 P= 3.3 T= 0 A= -20 D= -7.5 | 1 P= 16.7 T= -5 A= -10 D= -1 | 2 P= 6.7 T= 10 A= 20 D= 7 | 3 P= 6.7 T= 0 A= 20 D= 2.5 | 4 P= 16.7 T= 0 A= 20 D= 7.5 | 5 P= 6.7 T= 0 A= 20 D= 2.5 | 6 P= 10 T= 10 A= 0 D= 4.5 | 7 P= 6.7 T= -5 A= -10 D= -6 | 8 P= 10 T= 0 A= 0 D= 0 | 9 P= 16.7 T= -10 A= -40 D= -9.5 | DOMINANT THREAT= 8 ( 0 ) | D79 WEIGHTED= -3.7 | THREAT BREADTH= 0 | LOSER ACCEL BREADTH= 0 | THREAT CONCENTRATION= 50 % | T LOSS= -5 | A LOSS= -16.7 | EVEN LEADER= 4 | EVEN FASTEST= 2 | D EVEN= 2.9 | T EVEN= 5 | A EVEN= 5 | EVEN ACCEL BREADTH= 2 | A WIN= 7.1 | A EDGE= 23.8 | A EVEN EDGE= 21.7 | DEEP UNDER7%= 69.7 | PREDICTION= 7 | STAKE= 10 | LOSS STREAK= 0 | VETO=
2026-09-10,21:39:05 GMT,UNDER 7 SIGNAL | ID= 1100 | DIGIT= 6 | REGIME= WINNERS ADVANCING | PREV REGIME= WARMUP | 0 P= 3.3 T= 0 A= -20 D= -7.5 | 1 P= 16.7 T= -5 A= -10 D= -1 | 2 P= 10 T= 5 A= 30 D= 8.5 | 3 P= 6.7 T= 0 A= 20 D= 2.5 | 4 P= 16.7 T= 10 A= 20 D= 12 | 5 P= 6.7 T= 0 A= 20 D= 2.5 | 6 P= 10 T= 10 A= 0 D= 4.5 | 7 P= 6.7 T= -5 A= -10 D= -6 | 8 P= 6.7 T= -5 A= -10 D= -6 | 9 P= 16.7 T= -10 A= -40 D= -9.5 | DOMINANT THREAT= 7 ( -6 ) | D79 WEIGHTED= -6.7 | THREAT BREADTH= 0 | LOSER ACCEL BREADTH= 0 | THREAT CONCENTRATION= 55.6 % | T LOSS= -6.7 | A LOSS= -20 | EVEN LEADER= 4 | EVEN FASTEST= 2 | D EVEN= 4.4 | T EVEN= 6.3 | A EVEN= 7.5 | EVEN ACCEL BREADTH= 2 | A WIN= 8.6 | A EDGE= 28.6 | A EVEN EDGE= 27.5 | DEEP UNDER7%= 69.8 | PREDICTION= 7 | STAKE= 10 | LOSS STREAK= 0 | VETO= NO FRESH 7-9 TRIGGER
2026-09-10,21:39:05 GMT,UNDER 7 SIGNAL | ID= 1099 | DIGIT= 4 | REGIME= WINNERS ADVANCING | PREV REGIME= WARMUP | 0 P= 3.3 T= 0 A= -20 D= -7.5 | 1 P= 16.7 T= -5 A= -10 D= -1 | 2 P= 10 T= 5 A= 30 D= 8.5 | 3 P= 10 T= -5 A= 30 D= 4 | 4 P= 16.7 T= 10 A= 20 D= 12 | 5 P= 6.7 T= 0 A= 20 D= 2.5 | 6 P= 6.7 T= 5 A= -10 D= -1.5 | 7 P= 6.7 T= 0 A= -40 D= -10 | 8 P= 6.7 T= -5 A= -10 D= -6 | 9 P= 16.7 T= -5 A= -10 D= -1 | DOMINANT THREAT= 9 ( -1 ) | D79 WEIGHTED= -4.3 | THREAT BREADTH= 0 | LOSER ACCEL BREADTH= 0 | THREAT CONCENTRATION= 55.6 % | T LOSS= -3.3 | A LOSS= -20 | EVEN LEADER= 4 | EVEN FASTEST= 2 | D EVEN= 2.9 | T EVEN= 5 | A EVEN= 5 | EVEN ACCEL BREADTH= 2 | A WIN= 8.6 | A EDGE= 28.6 | A EVEN EDGE= 25 | DEEP UNDER7%= 69.7 | PREDICTION= 7 | STAKE= 10 | LOSS STREAK= 0 | VETO= NO FRESH 7-9 TRIGGER
2026-09-10,21:39:05 GMT,UNDER 7 SIGNAL | ID= 1098 | DIGIT= 4 | REGIME= WINNERS ADVANCING | PREV REGIME= WARMUP | 0 P= 3.3 T= 0 A= -20 D= -7.5 | 1 P= 16.7 T= -5 A= -10 D= -1 | 2 P= 10 T= 5 A= 30 D= 8.5 | 3 P= 10 T= -5 A= 30 D= 4 | 4 P= 13.3 T= 10 A= -20 D= 2 | 5 P= 10 T= -5 A= 30 D= 4 | 6 P= 6.7 T= 5 A= -10 D= -1.5 | 7 P= 6.7 T= 0 A= -40 D= -10 | 8 P= 6.7 T= -5 A= -10 D= -6 | 9 P= 16.7 T= 0 A= 20 D= 7.5 | DOMINANT THREAT= 9 ( 7.5 ) | D79 WEIGHTED= 0 | THREAT BREADTH= 0 | LOSER ACCEL BREADTH= 1 | THREAT CONCENTRATION= 55.6 % | T LOSS= -1.7 | A LOSS= -10 | EVEN LEADER= 2 | EVEN FASTEST= 2 | D EVEN= 0.4 | T EVEN= 5 | A EVEN= -5 | EVEN ACCEL BREADTH= 1 | A WIN= 4.3 | A EDGE= 14.3 | A EVEN EDGE= 5 | DEEP UNDER7%= 69.6 | PREDICTION= 7 | STAKE= 10 | LOSS STREAK= 0 | VETO= NO FRESH 7-9 TRIGGER
2026-09-10,21:39:05 GMT,UNDER 7 SIGNAL | ID= 1072 | DIGIT= 1 | REGIME= WINNERS ADVANCING | PREV REGIME= WARMUP | 0 P= 6.7 T= 0 A= 20 D= 2.5 | 1 P= 16.7 T= 0 A= 20 D= 7.5 | 2 P= 13.3 T= 10 A= -20 D= 2 | 3 P= 23.3 T= -5 A= 10 D= 6.5 | 4 P= 0 T= 0 A= 0 D= -5 | 5 P= 13.3 T= 5 A= 10 D= 6 | 6 P= 6.7 T= -5 A= -10 D= -6 | 7 P= 3.3 T= -5 A= 10 D= -3.5 | 8 P= 3.3 T= 0 A= -20 D= -7.5 | 9 P= 13.3 T= 0 A= -20 D= -2.5 | DOMINANT THREAT= 9 ( -2.5 ) | D79 WEIGHTED= -3.8 | THREAT BREADTH= 0 | LOSER ACCEL BREADTH= 1 | THREAT CONCENTRATION= 66.7 % | T LOSS= -1.7 | A LOSS= -10 | EVEN LEADER= 0 | EVEN FASTEST= 0 | D EVEN= -1.6 | T EVEN= 1.3 | A EVEN= -2.5 | EVEN ACCEL BREADTH= 1 | A WIN= 4.3 | A EDGE= 14.3 | A EVEN EDGE= 7.5 | DEEP UNDER7%= 69.9 | PREDICTION= 7 | STAKE= 10 | LOSS STREAK= 0 | VETO= NO FRESH 7-9 TRIGGER
2026-09-10,21:39:05 GMT,YOU WON | Total profit: $ 18.7
2026-09-10,21:39:05 GMT,Profit amount: 6.29
2026-09-10,21:39:05 GMT,Bought: Win payout if the last digit of Volatility 10 (1s) Index is strictly lower than 7 after 1 ticks. (ID: 23905495779)
2026-09-10,21:39:05 GMT,UNDER 7 SIGNAL | ID= 1061 | DIGIT= 3 | REGIME= WINNERS ADVANCING | PREV REGIME= WARMUP | 0 P= 13.3 T= -15 A= 10 D= -3 | 1 P= 10 T= 10 A= 0 D= 4.5 | 2 P= 10 T= 5 A= 30 D= 8.5 | 3 P= 16.7 T= 10 A= -40 D= -0.5 | 4 P= 6.7 T= -5 A= -10 D= -6 | 5 P= 10 T= -5 A= -30 D= -8.5 | 6 P= 6.7 T= 10 A= 20 D= 7 | 7 P= 6.7 T= -5 A= -10 D= -6 | 8 P= 3.3 T= -5 A= 10 D= -3.5 | 9 P= 16.7 T= 0 A= 20 D= 7.5 | DOMINANT THREAT= 9 ( 7.5 ) | D79 WEIGHTED= 1.5 | THREAT BREADTH= 0 | LOSER ACCEL BREADTH= 2 | THREAT CONCENTRATION= 62.5 % | T LOSS= -3.3 | A LOSS= 6.7 | EVEN LEADER= 2 | EVEN FASTEST= 2 | D EVEN= 1.6 | T EVEN= -1.2 | A EVEN= 12.5 | EVEN ACCEL BREADTH= 3 | A WIN= -2.9 | A EDGE= -9.5 | A EVEN EDGE= 5.8 | DEEP UNDER7%= 69.5 | PREDICTION= 7 | STAKE= 17 | LOSS STREAK= 1 | VETO= NO FRESH 7-9 TRIGGER
2026-09-10,21:39:05 GMT,LOSS | Next stake: $ 17 | Losses in a row: 1
2026-09-10,21:39:05 GMT,Loss amount: -10
2026-09-10,21:39:05 GMT,Bought: Win payout if the last digit of Volatility 10 (1s) Index is strictly lower than 7 after 1 ticks. (ID: 23905488759)
2026-09-10,21:39:05 GMT,UNDER 7 SIGNAL | ID= 1059 | DIGIT= 9 | REGIME= WINNERS ADVANCING | PREV REGIME= WARMUP | 0 P= 13.3 T= 0 A= -20 D= -2.5 | 1 P= 13.3 T= 10 A= 40 D= 14.5 | 2 P= 6.7 T= 0 A= 20 D= 2.5 | 3 P= 13.3 T= 10 A= -20 D= 2 | 4 P= 6.7 T= -5 A= -10 D= -6 | 5 P= 13.3 T= -10 A= -20 D= -7 | 6 P= 6.7 T= 10 A= 20 D= 7 | 7 P= 6.7 T= -5 A= -10 D= -6 | 8 P= 3.3 T= -5 A= 10 D= -3.5 | 9 P= 16.7 T= -5 A= -10 D= -1 | DOMINANT THREAT= 9 ( -1 ) | D79 WEIGHTED= -2.7 | THREAT BREADTH= 0 | LOSER ACCEL BREADTH= 1 | THREAT CONCENTRATION= 62.5 % | T LOSS= -5 | A LOSS= -3.3 | EVEN LEADER= 6 | EVEN FASTEST= 2 | D EVEN= 0.3 | T EVEN= 1.3 | A EVEN= 2.5 | EVEN ACCEL BREADTH= 2 | A WIN= 1.4 | A EDGE= 4.8 | A EVEN EDGE= 5.8 | DEEP UNDER7%= 69.5 | PREDICTION= 7 | STAKE= 10 | LOSS STREAK= 0 | VETO=
2026-09-10,21:39:05 GMT,UNDER 7 SIGNAL | ID= 1058 | DIGIT= 1 | REGIME= WINNERS ADVANCING | PREV REGIME= WARMUP | 0 P= 13.3 T= 0 A= -20 D= -2.5 | 1 P= 13.3 T= 10 A= 40 D= 14.5 | 2 P= 6.7 T= 0 A= 20 D= 2.5 | 3 P= 16.7 T= 10 A= 20 D= 12 | 4 P= 6.7 T= 0 A= -40 D= -10 | 5 P= 13.3 T= -10 A= -20 D= -7 | 6 P= 6.7 T= 10 A= 20 D= 7 | 7 P= 6.7 T= -5 A= -10 D= -6 | 8 P= 3.3 T= -5 A= 10 D= -3.5 | 9 P= 13.3 T= -10 A= -20 D= -7 | DOMINANT THREAT= 8 ( -3.5 ) | D79 WEIGHTED= -4.9 | THREAT BREADTH= 0 | LOSER ACCEL BREADTH= 1 | THREAT CONCENTRATION= 57.1 % | T LOSS= -6.7 | A LOSS= -6.7 | EVEN LEADER= 6 | EVEN FASTEST= 2 | D EVEN= -0.7 | T EVEN= 2.5 | A EVEN= -5 | EVEN ACCEL BREADTH= 2 | A WIN= 2.9 | A EDGE= 9.5 | A EVEN EDGE= 1.7 | DEEP UNDER7%= 69.6 | PREDICTION= 7 | STAKE= 10 | LOSS STREAK= 0 | VETO= NO FRESH 7-9 TRIGGER
2026-09-10,21:39:05 GMT,UNDER 7 SIGNAL | ID= 1057 | DIGIT= 3 | REGIME= WINNERS ADVANCING | PREV REGIME= WARMUP | 0 P= 13.3 T= 0 A= -20 D= -2.5 | 1 P= 10 T= 5 A= 30 D= 8.5 | 2 P= 6.7 T= 0 A= 20 D= 2.5 | 3 P= 16.7 T= 15 A= 50 D= 20.5 | 4 P= 6.7 T= 0 A= -40 D= -10 | 5 P= 13.3 T= -10 A= -20 D= -7 | 6 P= 6.7 T= 10 A= 20 D= 7 | 7 P= 6.7 T= -5 A= -10 D= -6 | 8 P= 6.7 T= -5 A= -10 D= -6 | 9 P= 13.3 T= -10 A= -20 D= -7 | DOMINANT THREAT= 7 ( -6 ) | D79 WEIGHTED= -6.2 | THREAT BREADTH= 0 | LOSER ACCEL BREADTH= 0 | THREAT CONCENTRATION= 50 % | T LOSS= -6.7 | A LOSS= -13.3 | EVEN LEADER= 6 | EVEN FASTEST= 2 | D EVEN= -0.7 | T EVEN= 2.5 | A EVEN= -5 | EVEN ACCEL BREADTH= 2 | A WIN= 5.7 | A EDGE= 19 | A EVEN EDGE= 8.3 | DEEP UNDER7%= 69.6 | PREDICTION= 7 | STAKE= 10 | LOSS STREAK= 0 | VETO= NO FRESH 7-9 TRIGGER
2026-09-10,21:39:05 GMT,UNDER 7 SIGNAL | ID= 1050 | DIGIT= 1 | REGIME= WINNERS ADVANCING | PREV REGIME= WARMUP | 0 P= 10 T= 10 A= 0 D= 4.5 | 1 P= 13.3 T= -10 A= 40 D= 5.5 | 2 P= 6.7 T= -5 A= -10 D= -6 | 3 P= 10 T= 5 A= 30 D= 8.5 | 4 P= 6.7 T= 5 A= -10 D= -1.5 | 5 P= 13.3 T= 10 A= -20 D= 2 | 6 P= 0 T= 0 A= 0 D= -5 | 7 P= 6.7 T= 5 A= -10 D= -1.5 | 8 P= 10 T= -10 A= 0 D= -4.5 | 9 P= 23.3 T= -10 A= -20 D= -2 | DOMINANT THREAT= 7 ( -1.5 ) | D79 WEIGHTED= -2.2 | THREAT BREADTH= 1 | LOSER ACCEL BREADTH= 0 | THREAT CONCENTRATION= 58.3 % | T LOSS= -5 | A LOSS= -10 | EVEN LEADER= 0 | EVEN FASTEST= 0 | D EVEN= -2 | T EVEN= 2.5 | A EVEN= -5 | EVEN ACCEL BREADTH= 0 | A WIN= 4.3 | A EDGE= 14.3 | A EVEN EDGE= 5 | DEEP UNDER7%= 69.6 | PREDICTION= 7 | STAKE= 10 | LOSS STREAK= 0 | VETO= NO FRESH 7-9 TRIGGER
2026-09-10,21:39:05 GMT,YOU WON | Total profit: $ 22.41
2026-09-10,21:39:05 GMT,Profit amount: 6.29
2026-09-10,21:39:05 GMT,Bought: Win payout if the last digit of Volatility 10 (1s) Index is strictly lower than 7 after 1 ticks. (ID: 23905458339)
2026-09-10,21:39:05 GMT,UNDER 7 SIGNAL | ID= 1049 | DIGIT= 3 | REGIME= WINNERS ADVANCING | PREV REGIME= WARMUP | 0 P= 10 T= 10 A= 0 D= 4.5 | 1 P= 10 T= -10 A= 0 D= -4.5 | 2 P= 6.7 T= -5 A= -10 D= -6 | 3 P= 10 T= 0 A= 0 D= 0 | 4 P= 6.7 T= 10 A= 20 D= 7 | 5 P= 13.3 T= 10 A= -20 D= 2 | 6 P= 3.3 T= -5 A= 10 D= -3.5 | 7 P= 6.7 T= 5 A= -10 D= -1.5 | 8 P= 10 T= -10 A= 0 D= -4.5 | 9 P= 23.3 T= -5 A= 10 D= 6.5 | DOMINANT THREAT= 9 ( 6.5 ) | D79 WEIGHTED= 1.9 | THREAT BREADTH= 1 | LOSER ACCEL BREADTH= 1 | THREAT CONCENTRATION= 58.3 % | T LOSS= -3.3 | A LOSS= 0 | EVEN LEADER= 4 | EVEN FASTEST= 4 | D EVEN= 0.5 | T EVEN= 2.5 | A EVEN= 5 | EVEN ACCEL BREADTH= 2 | A WIN= 0 | A EDGE= 0 | A EVEN EDGE= 5 | DEEP UNDER7%= 69.5 | PREDICTION= 7 | STAKE= 17 | LOSS STREAK= 1 | VETO= NO FRESH 7-9 TRIGGER
2026-09-10,21:39:05 GMT,LOSS | Next stake: $ 17 | Losses in a row: 1
2026-09-10,21:39:05 GMT,Loss amount: -10
2026-09-10,21:39:05 GMT,Bought: Win payout if the last digit of Volatility 10 (1s) Index is strictly lower than 7 after 1 ticks. (ID: 23905450359)
2026-09-10,21:39:05 GMT,UNDER 7 SIGNAL | ID= 1047 | DIGIT= 9 | REGIME= WINNERS ADVANCING | PREV REGIME= WARMUP | 0 P= 10 T= 15 A= 30 D= 13 | 1 P= 10 T= -10 A= 0 D= -4.5 | 2 P= 6.7 T= -5 A= -10 D= -6 | 3 P= 10 T= -10 A= 0 D= -4.5 | 4 P= 6.7 T= 10 A= 20 D= 7 | 5 P= 10 T= 10 A= 0 D= 4.5 | 6 P= 3.3 T= -5 A= 10 D= -3.5 | 7 P= 3.3 T= 0 A= -20 D= -7.5 | 8 P= 10 T= 0 A= 0 D= 0 | 9 P= 30 T= -5 A= -30 D= 1.5 | DOMINANT THREAT= 9 ( 1.5 ) | D79 WEIGHTED= -0.7 | THREAT BREADTH= 0 | LOSER ACCEL BREADTH= 0 | THREAT CONCENTRATION= 69.2 % | T LOSS= -1.7 | A LOSS= -16.7 | EVEN LEADER= 0 | EVEN FASTEST= 0 | D EVEN= 2.6 | T EVEN= 3.8 | A EVEN= 12.5 | EVEN ACCEL BREADTH= 3 | A WIN= 7.1 | A EDGE= 23.8 | A EVEN EDGE= 29.2 | DEEP UNDER7%= 69.5 | PREDICTION= 7 | STAKE= 10 | LOSS STREAK= 0 | VETO=
2026-09-10,21:39:05 GMT,UNDER 7 SIGNAL | ID= 1046 | DIGIT= 5 | REGIME= WINNERS ADVANCING | PREV REGIME= WARMUP | 0 P= 10 T= 15 A= 30 D= 13 | 1 P= 10 T= -5 A= -30 D= -8.5 | 2 P= 6.7 T= -5 A= -10 D= -6 | 3 P= 10 T= -10 A= 0 D= -4.5 | 4 P= 10 T= 5 A= 30 D= 8.5 | 5 P= 10 T= 10 A= 0 D= 4.5 | 6 P= 3.3 T= -5 A= 10 D= -3.5 | 7 P= 3.3 T= 0 A= -20 D= -7.5 | 8 P= 10 T= 0 A= 0 D= 0 | 9 P= 26.7 T= -5 A= -10 D= 4 | DOMINANT THREAT= 9 ( 4 ) | D79 WEIGHTED= 0.5 | THREAT BREADTH= 0 | LOSER ACCEL BREADTH= 0 | THREAT CONCENTRATION= 66.7 % | T LOSS= -1.7 | A LOSS= -10 | EVEN LEADER= 0 | EVEN FASTEST= 0 | D EVEN= 3 | T EVEN= 2.5 | A EVEN= 15 | EVEN ACCEL BREADTH= 3 | A WIN= 4.3 | A EDGE= 14.3 | A EVEN EDGE= 25 | DEEP UNDER7%= 69.6 | PREDICTION= 7 | STAKE= 10 | LOSS STREAK= 0 | VETO= NO FRESH 7-9 TRIGGER
2026-09-10,21:39:05 GMT,YOU WON | Total profit: $ 26.12
2026-09-10,21:39:05 GMT,Profit amount: 3.7
2026-09-10,21:39:05 GMT,Bought: Win payout if the last digit of Volatility 10 (1s) Index is strictly lower than 7 after 1 ticks. (ID: 23905348279)
2026-09-10,21:39:05 GMT,UNDER 7 SIGNAL | ID= 1008 | DIGIT= 8 | REGIME= WINNERS ADVANCING | PREV REGIME= WARMUP | 0 P= 10 T= 5 A= 30 D= 8.5 | 1 P= 10 T= 5 A= -30 D= -4 | 2 P= 13.3 T= 0 A= 40 D= 10 | 3 P= 6.7 T= 0 A= -40 D= -10 | 4 P= 13.3 T= 5 A= 10 D= 6 | 5 P= 13.3 T= 0 A= 40 D= 10 | 6 P= 3.3 T= 0 A= -20 D= -7.5 | 7 P= 3.3 T= 0 A= -20 D= -7.5 | 8 P= 16.7 T= -10 A= 20 D= 3 | 9 P= 10 T= -5 A= -30 D= -8.5 | DOMINANT THREAT= 8 ( 3 ) | D79 WEIGHTED= -2.4 | THREAT BREADTH= 0 | LOSER ACCEL BREADTH= 1 | THREAT CONCENTRATION= 55.6 % | T LOSS= -5 | A LOSS= -10 | EVEN LEADER= 2 | EVEN FASTEST= 2 | D EVEN= 4.3 | T EVEN= 2.5 | A EVEN= 15 | EVEN ACCEL BREADTH= 3 | A WIN= 4.3 | A EDGE= 14.3 | A EVEN EDGE= 25 | DEEP UNDER7%= 69.9 | PREDICTION= 7 | STAKE= 10 | LOSS STREAK= 0 | VETO=
2026-09-10,21:39:05 GMT,UNDER 7 SIGNAL | ID= 1007 | DIGIT= 4 | REGIME= WINNERS ADVANCING | PREV REGIME= WARMUP | 0 P= 10 T= 5 A= 30 D= 8.5 | 1 P= 10 T= 5 A= -30 D= -4 | 2 P= 16.7 T= -5 A= 50 D= 11.5 | 3 P= 6.7 T= 0 A= -40 D= -10 | 4 P= 13.3 T= 10 A= 40 D= 14.5 | 5 P= 13.3 T= 5 A= 10 D= 6 | 6 P= 3.3 T= 0 A= -20 D= -7.5 | 7 P= 3.3 T= 0 A= -20 D= -7.5 | 8 P= 13.3 T= -15 A= 10 D= -3 | 9 P= 10 T= -5 A= -30 D= -8.5 | DOMINANT THREAT= 8 ( -3 ) | D79 WEIGHTED= -5.4 | THREAT BREADTH= 0 | LOSER ACCEL BREADTH= 1 | THREAT CONCENTRATION= 50 % | T LOSS= -6.7 | A LOSS= -13.3 | EVEN LEADER= 4 | EVEN FASTEST= 2 | D EVEN= 6.8 | T EVEN= 2.5 | A EVEN= 25 | EVEN ACCEL BREADTH= 3 | A WIN= 5.7 | A EDGE= 19 | A EVEN EDGE= 38.3 | DEEP UNDER7%= 70 | PREDICTION= 7 | STAKE= 10 | LOSS STREAK= 0 | VETO= NO FRESH 7-9 TRIGGER
2026-09-10,21:39:05 GMT,UNDER 7 SIGNAL | ID= 1006 | DIGIT= 5 | REGIME= WINNERS ADVANCING | PREV REGIME= WARMUP | 0 P= 10 T= 5 A= 30 D= 8.5 | 1 P= 13.3 T= 0 A= -20 D= -2.5 | 2 P= 16.7 T= -5 A= 50 D= 11.5 | 3 P= 6.7 T= 0 A= -40 D= -10 | 4 P= 10 T= 5 A= 30 D= 8.5 | 5 P= 13.3 T= 10 A= -20 D= 2 | 6 P= 3.3 T= 0 A= -20 D= -7.5 | 7 P= 3.3 T= 0 A= -20 D= -7.5 | 8 P= 13.3 T= -15 A= 10 D= -3 | 9 P= 10 T= 0 A= 0 D= 0 | DOMINANT THREAT= 9 ( 0 ) | D79 WEIGHTED= -2.4 | THREAT BREADTH= 0 | LOSER ACCEL BREADTH= 1 | THREAT CONCENTRATION= 50 % | T LOSS= -5 | A LOSS= -3.3 | EVEN LEADER= 2 | EVEN FASTEST= 2 | D EVEN= 5.3 | T EVEN= 1.3 | A EVEN= 22.5 | EVEN ACCEL BREADTH= 3 | A WIN= 1.4 | A EDGE= 4.8 | A EVEN EDGE= 25.8 | DEEP UNDER7%= 70 | PREDICTION= 7 | STAKE= 10 | LOSS STREAK= 0 | VETO= NO FRESH 7-9 TRIGGER
2026-09-10,21:39:05 GMT,UNDER 7 SIGNAL | ID= 1005 | DIGIT= 0 | REGIME= WINNERS ADVANCING | PREV REGIME= WARMUP | 0 P= 10 T= 10 A= 0 D= 4.5 | 1 P= 13.3 T= 0 A= -20 D= -2.5 | 2 P= 16.7 T= -5 A= 50 D= 11.5 | 3 P= 6.7 T= 5 A= -10 D= -1.5 | 4 P= 10 T= 5 A= 30 D= 8.5 | 5 P= 10 T= 5 A= -30 D= -4 | 6 P= 3.3 T= 0 A= -20 D= -7.5 | 7 P= 3.3 T= 0 A= -20 D= -7.5 | 8 P= 13.3 T= -15 A= 10 D= -3 | 9 P= 13.3 T= -5 A= 10 D= 1.5 | DOMINANT THREAT= 9 ( 1.5 ) | D79 WEIGHTED= -1.6 | THREAT BREADTH= 0 | LOSER ACCEL BREADTH= 2 | THREAT CONCENTRATION= 44.4 % | T LOSS= -6.7 | A LOSS= 0 | EVEN LEADER= 2 | EVEN FASTEST= 2 | D EVEN= 4.3 | T EVEN= 2.5 | A EVEN= 15 | EVEN ACCEL BREADTH= 2 | A WIN= 0 | A EDGE= 0 | A EVEN EDGE= 15 | DEEP UNDER7%= 70 | PREDICTION= 7 | STAKE= 10 | LOSS STREAK= 0 | VETO= NO FRESH 7-9 TRIGGER
2026-09-10,21:39:05 GMT,UNDER 7 SIGNAL | ID= 1004 | DIGIT= 4 | REGIME= WINNERS ADVANCING | PREV REGIME= WARMUP | 0 P= 6.7 T= 5 A= -10 D= -1.5 | 1 P= 13.3 T= 0 A= -20 D= -2.5 | 2 P= 16.7 T= -5 A= 50 D= 11.5 | 3 P= 6.7 T= 5 A= -10 D= -1.5 | 4 P= 10 T= 5 A= 30 D= 8.5 | 5 P= 10 T= 5 A= -30 D= -4 | 6 P= 3.3 T= 0 A= -20 D= -7.5 | 7 P= 3.3 T= 5 A= 10 D= 1 | 8 P= 16.7 T= -15 A= -10 D= -5.5 | 9 P= 13.3 T= -5 A= 10 D= 1.5 | DOMINANT THREAT= 9 ( 1.5 ) | D79 WEIGHTED= -0.1 | THREAT BREADTH= 1 | LOSER ACCEL BREADTH= 2 | THREAT CONCENTRATION= 50 % | T LOSS= -5 | A LOSS= 3.3 | EVEN LEADER= 2 | EVEN FASTEST= 2 | D EVEN= 2.8 | T EVEN= 1.3 | A EVEN= 12.5 | EVEN ACCEL BREADTH= 2 | A WIN= -1.4 | A EDGE= -4.8 | A EVEN EDGE= 9.2 | DEEP UNDER7%= 70 | PREDICTION= 7 | STAKE= 10 | LOSS STREAK= 0 | VETO= NO FRESH 7-9 TRIGGER
2026-09-10,21:39:05 GMT,YOU WON | Total profit: $ 22.42
2026-09-10,21:39:05 GMT,Profit amount: 6.29
2026-09-10,21:39:05 GMT,Bought: Win payout if the last digit of Volatility 10 (1s) Index is strictly lower than 7 after 1 ticks. (ID: 23905316479)
2026-09-10,21:39:05 GMT,UNDER 7 SIGNAL | ID= 996 | DIGIT= 7 | REGIME= WINNERS ADVANCING | PREV REGIME= WARMUP | 0 P= 6.7 T= 0 A= 20 D= 2.5 | 1 P= 10 T= 10 A= 0 D= 4.5 | 2 P= 13.3 T= -5 A= -50 D= -11 | 3 P= 6.7 T= 0 A= 20 D= 2.5 | 4 P= 3.3 T= 0 A= -20 D= -7.5 | 5 P= 13.3 T= 0 A= 40 D= 10 | 6 P= 6.7 T= 0 A= 20 D= 2.5 | 7 P= 3.3 T= 5 A= 10 D= 1 | 8 P= 20 T= -5 A= -30 D= -3.5 | 9 P= 16.7 T= -5 A= -10 D= -1 | DOMINANT THREAT= 7 ( 1 ) | D79 WEIGHTED= -0.5 | THREAT BREADTH= 1 | LOSER ACCEL BREADTH= 1 | THREAT CONCENTRATION= 50 % | T LOSS= -1.7 | A LOSS= -10 | EVEN LEADER= 0 | EVEN FASTEST= 0 | D EVEN= -3.4 | T EVEN= -1.2 | A EVEN= -7.5 | EVEN ACCEL BREADTH= 2 | A WIN= 4.3 | A EDGE= 14.3 | A EVEN EDGE= 2.5 | DEEP UNDER7%= 70.1 | PREDICTION= 7 | STAKE= 17 | LOSS STREAK= 1 | VETO=
2026-09-10,21:39:05 GMT,LOSS | Next stake: $ 17 | Losses in a row: 1
2026-09-10,21:39:05 GMT,Loss amount: -10
2026-09-10,21:39:05 GMT,Bought: Win payout if the last digit of Volatility 10 (1s) Index is strictly lower than 7 after 1 ticks. (ID: 23905311619)
2026-09-10,21:39:05 GMT,UNDER 7 SIGNAL | ID= 995 | DIGIT= 9 | REGIME= WINNERS ADVANCING | PREV REGIME= WARMUP | 0 P= 10 T= -5 A= 30 D= 4 | 1 P= 10 T= 10 A= 0 D= 4.5 | 2 P= 13.3 T= 0 A= -20 D= -2.5 | 3 P= 6.7 T= 0 A= 20 D= 2.5 | 4 P= 3.3 T= 0 A= -20 D= -7.5 | 5 P= 13.3 T= 5 A= 10 D= 6 | 6 P= 6.7 T= 0 A= 20 D= 2.5 | 7 P= 0 T= 0 A= 0 D= -5 | 8 P= 20 T= -5 A= -30 D= -3.5 | 9 P= 16.7 T= -5 A= -10 D= -1 | DOMINANT THREAT= 9 ( -1 ) | D79 WEIGHTED= -2.5 | THREAT BREADTH= 0 | LOSER ACCEL BREADTH= 0 | THREAT CONCENTRATION= 54.5 % | T LOSS= -3.3 | A LOSS= -13.3 | EVEN LEADER= 0 | EVEN FASTEST= 0 | D EVEN= -0.9 | T EVEN= -1.2 | A EVEN= 2.5 | EVEN ACCEL BREADTH= 2 | A WIN= 5.7 | A EDGE= 19 | A EVEN EDGE= 15.8 | DEEP UNDER7%= 70.2 | PREDICTION= 7 | STAKE= 10 | LOSS STREAK= 0 | VETO=
2026-09-10,21:39:05 GMT,UNDER 7 SIGNAL | ID= 994 | DIGIT= 6 | REGIME= WINNERS ADVANCING | PREV REGIME= WARMUP | 0 P= 10 T= -5 A= 30 D= 4 | 1 P= 13.3 T= 5 A= 10 D= 6 | 2 P= 13.3 T= 5 A= 10 D= 6 | 3 P= 6.7 T= 0 A= 20 D= 2.5 | 4 P= 3.3 T= 0 A= -20 D= -7.5 | 5 P= 13.3 T= 10 A= -20 D= 2 | 6 P= 6.7 T= 0 A= 20 D= 2.5 | 7 P= 0 T= 0 A= 0 D= -5 | 8 P= 20 T= -5 A= -30 D= -3.5 | 9 P= 13.3 T= -10 A= -20 D= -7 | DOMINANT THREAT= 8 ( -3.5 ) | D79 WEIGHTED= -4.6 | THREAT BREADTH= 0 | LOSER ACCEL BREADTH= 0 | THREAT CONCENTRATION= 60 % | T LOSS= -5 | A LOSS= -16.7 | EVEN LEADER= 2 | EVEN FASTEST= 0 | D EVEN= 1.3 | T EVEN= 0 | A EVEN= 10 | EVEN ACCEL BREADTH= 3 | A WIN= 7.1 | A EDGE= 23.8 | A EVEN EDGE= 26.7 | DEEP UNDER7%= 70.3 | PREDICTION= 7 | STAKE= 10 | LOSS STREAK= 0 | VETO= NO FRESH 7-9 TRIGGER
2026-09-10,21:39:05 GMT,UNDER 7 SIGNAL | ID= 993 | DIGIT= 1 | REGIME= WINNERS ADVANCING | PREV REGIME= WARMUP | 0 P= 10 T= 0 A= 0 D= 0 | 1 P= 13.3 T= 5 A= 10 D= 6 | 2 P= 13.3 T= 5 A= 10 D= 6 | 3 P= 6.7 T= 0 A= 20 D= 2.5 | 4 P= 3.3 T= 0 A= -20 D= -7.5 | 5 P= 13.3 T= 10 A= -20 D= 2 | 6 P= 3.3 T= -5 A= 10 D= -3.5 | 7 P= 3.3 T= -5 A= 10 D= -3.5 | 8 P= 20 T= 0 A= 0 D= 5 | 9 P= 13.3 T= -10 A= -20 D= -7 | DOMINANT THREAT= 8 ( 5 ) | D79 WEIGHTED= 0 | THREAT BREADTH= 0 | LOSER ACCEL BREADTH= 1 | THREAT CONCENTRATION= 54.5 % | T LOSS= -5 | A LOSS= -3.3 | EVEN LEADER= 2 | EVEN FASTEST= 2 | D EVEN= -1.2 | T EVEN= 0 | A EVEN= 0 | EVEN ACCEL BREADTH= 2 | A WIN= 1.4 | A EDGE= 4.8 | A EVEN EDGE= 3.3 | DEEP UNDER7%= 70.2 | PREDICTION= 7 | STAKE= 10 | LOSS STREAK= 0 | VETO= NO FRESH 7-9 TRIGGER
2026-09-10,21:39:05 GMT,UNDER 7 SIGNAL | ID= 992 | DIGIT= 1 | REGIME= WINNERS ADVANCING | PREV REGIME= WARMUP | 0 P= 10 T= 0 A= 0 D= 0 | 1 P= 10 T= 0 A= 0 D= 0 | 2 P= 13.3 T= 5 A= 10 D= 6 | 3 P= 6.7 T= 0 A= 20 D= 2.5 | 4 P= 3.3 T= 5 A= 10 D= 1 | 5 P= 13.3 T= 10 A= -20 D= 2 | 6 P= 3.3 T= -5 A= 10 D= -3.5 | 7 P= 3.3 T= -5 A= 10 D= -3.5 | 8 P= 23.3 T= -5 A= 10 D= 6.5 | 9 P= 13.3 T= -5 A= -50 D= -11 | DOMINANT THREAT= 8 ( 6.5 ) | D79 WEIGHTED= 0 | THREAT BREADTH= 0 | LOSER ACCEL BREADTH= 2 | THREAT CONCENTRATION= 58.3 % | T LOSS= -5 | A LOSS= -10 | EVEN LEADER= 2 | EVEN FASTEST= 2 | D EVEN= 0.9 | T EVEN= 1.3 | A EVEN= 7.5 | EVEN ACCEL BREADTH= 3 | A WIN= 4.3 | A EDGE= 14.3 | A EVEN EDGE= 17.5 | DEEP UNDER7%= 70.2 | PREDICTION= 7 | STAKE= 10 | LOSS STREAK= 0 | VETO= NO FRESH 7-9 TRIGGER
2026-09-10,21:39:05 GMT,YOU WON | Total profit: $ 26.13
2026-09-10,21:39:05 GMT,Profit amount: 3.7
2026-09-10,21:39:05 GMT,Bought: Win payout if the last digit of Volatility 10 (1s) Index is strictly lower than 7 after 1 ticks. (ID: 23905200319)
2026-09-10,21:39:05 GMT,UNDER 7 SIGNAL | ID= 953 | DIGIT= 7 | REGIME= WINNERS ADVANCING | PREV REGIME= WARMUP | 0 P= 6.7 T= 5 A= -10 D= -1.5 | 1 P= 0 T= 0 A= 0 D= -5 | 2 P= 3.3 T= -5 A= 10 D= -3.5 | 3 P= 3.3 T= -5 A= 10 D= -3.5 | 4 P= 13.3 T= 0 A= 40 D= 10 | 5 P= 13.3 T= 10 A= -20 D= 2 | 6 P= 20 T= 5 A= -30 D= 1 | 7 P= 20 T= 0 A= 0 D= 5 | 8 P= 6.7 T= 5 A= -10 D= -1.5 | 9 P= 13.3 T= -15 A= 10 D= -3 | DOMINANT THREAT= 7 ( 5 ) | D79 WEIGHTED= 1.4 | THREAT BREADTH= 1 | LOSER ACCEL BREADTH= 1 | THREAT CONCENTRATION= 50 % | T LOSS= -3.3 | A LOSS= 0 | EVEN LEADER= 4 | EVEN FASTEST= 4 | D EVEN= 1.5 | T EVEN= 1.3 | A EVEN= 2.5 | EVEN ACCEL BREADTH= 2 | A WIN= 0 | A EDGE= 0 | A EVEN EDGE= 2.5 | DEEP UNDER7%= 70.8 | PREDICTION= 7 | STAKE= 10 | LOSS STREAK= 0 | VETO=
2026-09-10,21:39:05 GMT,YOU WON | Total profit: $ 22.43
2026-09-10,21:39:05 GMT,Profit amount: 3.7
2026-09-10,21:39:05 GMT,Bought: Win payout if the last digit of Volatility 10 (1s) Index is strictly lower than 7 after 1 ticks. (ID: 23905195639)
2026-09-10,21:39:05 GMT,UNDER 7 SIGNAL | ID= 952 | DIGIT= 8 | REGIME= WINNERS ADVANCING | PREV REGIME= WARMUP | 0 P= 6.7 T= 10 A= 20 D= 7 | 1 P= 3.3 T= -5 A= 10 D= -3.5 | 2 P= 6.7 T= -10 A= 20 D= -2 | 3 P= 3.3 T= -5 A= 10 D= -3.5 | 4 P= 10 T= -5 A= 30 D= 4 | 5 P= 13.3 T= 15 A= 10 D= 10.5 | 6 P= 20 T= 5 A= -30 D= 1 | 7 P= 16.7 T= -5 A= -10 D= -1 | 8 P= 6.7 T= 5 A= -10 D= -1.5 | 9 P= 13.3 T= -5 A= -50 D= -11 | DOMINANT THREAT= 7 ( -1 ) | D79 WEIGHTED= -3.2 | THREAT BREADTH= 1 | LOSER ACCEL BREADTH= 0 | THREAT CONCENTRATION= 45.5 % | T LOSS= -1.7 | A LOSS= -23.3 | EVEN LEADER= 0 | EVEN FASTEST= 4 | D EVEN= 2.5 | T EVEN= 0 | A EVEN= 10 | EVEN ACCEL BREADTH= 3 | A WIN= 10 | A EDGE= 33.3 | A EVEN EDGE= 33.3 | DEEP UNDER7%= 70.8 | PREDICTION= 7 | STAKE= 10 | LOSS STREAK= 0 | VETO=
2026-09-10,21:39:05 GMT,UNDER 7 SIGNAL | ID= 951 | DIGIT= 5 | REGIME= WINNERS ADVANCING | PREV REGIME= WARMUP | 0 P= 6.7 T= 10 A= 20 D= 7 | 1 P= 3.3 T= -5 A= 10 D= -3.5 | 2 P= 6.7 T= -5 A= -10 D= -6 | 3 P= 3.3 T= -5 A= 10 D= -3.5 | 4 P= 10 T= -5 A= 30 D= 4 | 5 P= 16.7 T= 10 A= 20 D= 12 | 6 P= 20 T= 5 A= -30 D= 1 | 7 P= 16.7 T= -5 A= -10 D= -1 | 8 P= 3.3 T= 5 A= 10 D= 1 | 9 P= 13.3 T= -5 A= -50 D= -11 | DOMINANT THREAT= 8 ( 1 ) | D79 WEIGHTED= -2 | THREAT BREADTH= 1 | LOSER ACCEL BREADTH= 1 | THREAT CONCENTRATION= 50 % | T LOSS= -1.7 | A LOSS= -16.7 | EVEN LEADER= 0 | EVEN FASTEST= 4 | D EVEN= 1.5 | T EVEN= 1.3 | A EVEN= 2.5 | EVEN ACCEL BREADTH= 2 | A WIN= 7.1 | A EDGE= 23.8 | A EVEN EDGE= 19.2 | DEEP UNDER7%= 70.9 | PREDICTION= 7 | STAKE= 10 | LOSS STREAK= 0 | VETO= NO FRESH 7-9 TRIGGER
2026-09-10,21:39:05 GMT,UNDER 7 SIGNAL | ID= 944 | DIGIT= 5 | REGIME= WINNERS ADVANCING | PREV REGIME= WARMUP | 0 P= 6.7 T= 0 A= 20 D= 2.5 | 1 P= 3.3 T= -5 A= 10 D= -3.5 | 2 P= 6.7 T= -5 A= -10 D= -6 | 3 P= 3.3 T= 0 A= -20 D= -7.5 | 4 P= 6.7 T= 0 A= -40 D= -10 | 5 P= 10 T= 5 A= 30 D= 8.5 | 6 P= 16.7 T= 10 A= 20 D= 12 | 7 P= 20 T= 0 A= 0 D= 5 | 8 P= 10 T= -5 A= 30 D= 4 | 9 P= 16.7 T= 0 A= -40 D= -5 | DOMINANT THREAT= 7 ( 5 ) | D79 WEIGHTED= 2.7 | THREAT BREADTH= 0 | LOSER ACCEL BREADTH= 1 | THREAT CONCENTRATION= 42.9 % | T LOSS= -1.7 | A LOSS= -3.3 | EVEN LEADER= 6 | EVEN FASTEST= 0 | D EVEN= -0.4 | T EVEN= 1.3 | A EVEN= -2.5 | EVEN ACCEL BREADTH= 2 | A WIN= 1.4 | A EDGE= 4.8 | A EVEN EDGE= 0.8 | DEEP UNDER7%= 71 | PREDICTION= 7 | STAKE= 10 | LOSS STREAK= 0 | VETO= NO FRESH 7-9 TRIGGER
2026-09-10,21:39:05 GMT,UNDER 7 SIGNAL | ID= 911 | DIGIT= 4 | REGIME= WINNERS ADVANCING | PREV REGIME= WARMUP | 0 P= 10 T= -5 A= 30 D= 4 | 1 P= 0 T= 0 A= 0 D= -5 | 2 P= 20 T= -5 A= -30 D= -3.5 | 3 P= 6.7 T= 0 A= 20 D= 2.5 | 4 P= 13.3 T= 10 A= 40 D= 14.5 | 5 P= 13.3 T= -5 A= -50 D= -11 | 6 P= 20 T= 10 A= 0 D= 9.5 | 7 P= 3.3 T= 0 A= -20 D= -7.5 | 8 P= 6.7 T= 5 A= -10 D= -1.5 | 9 P= 6.7 T= -10 A= 20 D= -2 | DOMINANT THREAT= 8 ( -1.5 ) | D79 WEIGHTED= -2.8 | THREAT BREADTH= 1 | LOSER ACCEL BREADTH= 1 | THREAT CONCENTRATION= 40 % | T LOSS= -1.7 | A LOSS= -3.3 | EVEN LEADER= 4 | EVEN FASTEST= 4 | D EVEN= 6.1 | T EVEN= 2.5 | A EVEN= 10 | EVEN ACCEL BREADTH= 2 | A WIN= 1.4 | A EDGE= 4.8 | A EVEN EDGE= 13.3 | DEEP UNDER7%= 71.9 | PREDICTION= 7 | STAKE= 10 | LOSS STREAK= 0 | VETO= NO FRESH 7-9 TRIGGER
2026-09-10,21:39:05 GMT,UNDER 7 SIGNAL | ID= 907 | DIGIT= 3 | REGIME= WINNERS ADVANCING | PREV REGIME= WARMUP | 0 P= 10 T= 0 A= 0 D= 0 | 1 P= 0 T= 0 A= 0 D= -5 | 2 P= 23.3 T= -10 A= -20 D= -2 | 3 P= 6.7 T= 5 A= -10 D= -1.5 | 4 P= 10 T= 5 A= 30 D= 8.5 | 5 P= 20 T= 0 A= 0 D= 5 | 6 P= 16.7 T= 5 A= 50 D= 16 | 7 P= 3.3 T= 0 A= -20 D= -7.5 | 8 P= 3.3 T= 0 A= -20 D= -7.5 | 9 P= 6.7 T= -5 A= -10 D= -6 | DOMINANT THREAT= 9 ( -6 ) | D79 WEIGHTED= -6.7 | THREAT BREADTH= 0 | LOSER ACCEL BREADTH= 0 | THREAT CONCENTRATION= 50 % | T LOSS= -1.7 | A LOSS= -16.7 | EVEN LEADER= 6 | EVEN FASTEST= 6 | D EVEN= 5.6 | T EVEN= 0 | A EVEN= 15 | EVEN ACCEL BREADTH= 2 | A WIN= 7.1 | A EDGE= 23.8 | A EVEN EDGE= 31.7 | DEEP UNDER7%= 71.8 | PREDICTION= 7 | STAKE= 10 | LOSS STREAK= 0 | VETO= NO FRESH 7-9 TRIGGER
2026-09-10,21:39:05 GMT,UNDER 7 SIGNAL | ID= 906 | DIGIT= 4 | REGIME= WINNERS ADVANCING | PREV REGIME= WARMUP | 0 P= 10 T= 0 A= 0 D= 0 | 1 P= 3.3 T= -5 A= 10 D= -3.5 | 2 P= 23.3 T= 0 A= -20 D= 2.5 | 3 P= 3.3 T= 0 A= -20 D= -7.5 | 4 P= 10 T= 5 A= 30 D= 8.5 | 5 P= 20 T= 0 A= 0 D= 5 | 6 P= 16.7 T= 5 A= 50 D= 16 | 7 P= 3.3 T= 0 A= -20 D= -7.5 | 8 P= 3.3 T= 0 A= -20 D= -7.5 | 9 P= 6.7 T= -5 A= -10 D= -6 | DOMINANT THREAT= 9 ( -6 ) | D79 WEIGHTED= -6.7 | THREAT BREADTH= 0 | LOSER ACCEL BREADTH= 0 | THREAT CONCENTRATION= 50 % | T LOSS= -1.7 | A LOSS= -16.7 | EVEN LEADER= 6 | EVEN FASTEST= 6 | D EVEN= 6.8 | T EVEN= 2.5 | A EVEN= 15 | EVEN ACCEL BREADTH= 2 | A WIN= 7.1 | A EDGE= 23.8 | A EVEN EDGE= 31.7 | DEEP UNDER7%= 71.8 | PREDICTION= 7 | STAKE= 10 | LOSS STREAK= 0 | VETO= NO FRESH 7-9 TRIGGER
2026-09-10,21:39:05 GMT,UNDER 7 SIGNAL | ID= 905 | DIGIT= 0 | REGIME= WINNERS ADVANCING | PREV REGIME= WARMUP | 0 P= 10 T= 0 A= 0 D= 0 | 1 P= 3.3 T= -5 A= 10 D= -3.5 | 2 P= 23.3 T= 5 A= 10 D= 11 | 3 P= 3.3 T= 0 A= -20 D= -7.5 | 4 P= 6.7 T= 5 A= -10 D= -1.5 | 5 P= 20 T= 0 A= 0 D= 5 | 6 P= 20 T= 0 A= 60 D= 17.5 | 7 P= 3.3 T= 0 A= -20 D= -7.5 | 8 P= 3.3 T= 0 A= -20 D= -7.5 | 9 P= 6.7 T= -5 A= -10 D= -6 | DOMINANT THREAT= 9 ( -6 ) | D79 WEIGHTED= -6.7 | THREAT BREADTH= 0 | LOSER ACCEL BREADTH= 0 | THREAT CONCENTRATION= 50 % | T LOSS= -1.7 | A LOSS= -16.7 | EVEN LEADER= 6 | EVEN FASTEST= 6 | D EVEN= 6.8 | T EVEN= 2.5 | A EVEN= 15 | EVEN ACCEL BREADTH= 2 | A WIN= 7.1 | A EDGE= 23.8 | A EVEN EDGE= 31.7 | DEEP UNDER7%= 71.8 | PREDICTION= 7 | STAKE= 10 | LOSS STREAK= 0 | VETO= NO FRESH 7-9 TRIGGER
2026-09-10,21:39:05 GMT,UNDER 7 SIGNAL | ID= 904 | DIGIT= 2 | REGIME= WINNERS ADVANCING | PREV REGIME= WARMUP | 0 P= 6.7 T= 0 A= -40 D= -10 | 1 P= 3.3 T= -5 A= 10 D= -3.5 | 2 P= 23.3 T= 5 A= 10 D= 11 | 3 P= 3.3 T= 0 A= -20 D= -7.5 | 4 P= 6.7 T= 5 A= -10 D= -1.5 | 5 P= 20 T= 5 A= 30 D= 13.5 | 6 P= 23.3 T= -5 A= 70 D= 19 | 7 P= 3.3 T= 0 A= -20 D= -7.5 | 8 P= 3.3 T= 0 A= -20 D= -7.5 | 9 P= 6.7 T= -5 A= -10 D= -6 | DOMINANT THREAT= 9 ( -6 ) | D79 WEIGHTED= -6.7 | THREAT BREADTH= 0 | LOSER ACCEL BREADTH= 0 | THREAT CONCENTRATION= 50 % | T LOSS= -1.7 | A LOSS= -16.7 | EVEN LEADER= 6 | EVEN FASTEST= 6 | D EVEN= 4.6 | T EVEN= 1.3 | A EVEN= 7.5 | EVEN ACCEL BREADTH= 2 | A WIN= 7.1 | A EDGE= 23.8 | A EVEN EDGE= 24.2 | DEEP UNDER7%= 71.8 | PREDICTION= 7 | STAKE= 10 | LOSS STREAK= 0 | VETO= NO FRESH 7-9 TRIGGER
2026-09-10,21:39:05 GMT,UNDER 7 SIGNAL | ID= 903 | DIGIT= 6 | REGIME= WINNERS ADVANCING | PREV REGIME= WARMUP | 0 P= 6.7 T= 0 A= -40 D= -10 | 1 P= 3.3 T= -5 A= 10 D= -3.5 | 2 P= 20 T= 5 A= -30 D= 1 | 3 P= 3.3 T= 0 A= -20 D= -7.5 | 4 P= 6.7 T= 5 A= -10 D= -1.5 | 5 P= 20 T= 5 A= 30 D= 13.5 | 6 P= 23.3 T= -5 A= 70 D= 19 | 7 P= 3.3 T= 5 A= 10 D= 1 | 8 P= 6.7 T= -5 A= -10 D= -6 | 9 P= 6.7 T= -5 A= -10 D= -6 | DOMINANT THREAT= 7 ( 1 ) | D79 WEIGHTED= -2.5 | THREAT BREADTH= 1 | LOSER ACCEL BREADTH= 1 | THREAT CONCENTRATION= 40 % | T LOSS= -1.7 | A LOSS= -3.3 | EVEN LEADER= 6 | EVEN FASTEST= 6 | D EVEN= 2.1 | T EVEN= 1.3 | A EVEN= -2.5 | EVEN ACCEL BREADTH= 1 | A WIN= 1.4 | A EDGE= 4.8 | A EVEN EDGE= 0.8 | DEEP UNDER7%= 71.7 | PREDICTION= 7 | STAKE= 10 | LOSS STREAK= 0 | VETO= NO FRESH 7-9 TRIGGER
2026-09-10,21:39:05 GMT,UNDER 7 SIGNAL | ID= 889 | DIGIT= 0 | REGIME= WINNERS ADVANCING | PREV REGIME= WARMUP | 0 P= 6.7 T= 10 A= 20 D= 7 | 1 P= 10 T= -10 A= 0 D= -4.5 | 2 P= 13.3 T= 15 A= 10 D= 10.5 | 3 P= 6.7 T= 0 A= 20 D= 2.5 | 4 P= 10 T= 0 A= 0 D= 0 | 5 P= 16.7 T= -15 A= -10 D= -5.5 | 6 P= 13.3 T= 10 A= -20 D= 2 | 7 P= 13.3 T= -10 A= -20 D= -7 | 8 P= 3.3 T= 0 A= -20 D= -7.5 | 9 P= 6.7 T= 0 A= 20 D= 2.5 | DOMINANT THREAT= 9 ( 2.5 ) | D79 WEIGHTED= -2.3 | THREAT BREADTH= 0 | LOSER ACCEL BREADTH= 1 | THREAT CONCENTRATION= 57.1 % | T LOSS= -3.3 | A LOSS= -6.7 | EVEN LEADER= 2 | EVEN FASTEST= 0 | D EVEN= 4.9 | T EVEN= 8.8 | A EVEN= 2.5 | EVEN ACCEL BREADTH= 2 | A WIN= 2.9 | A EDGE= 9.5 | A EVEN EDGE= 9.2 | DEEP UNDER7%= 71.8 | PREDICTION= 7 | STAKE= 10 | LOSS STREAK= 0 | VETO= NO FRESH 7-9 TRIGGER
2026-09-10,21:39:05 GMT,UNDER 7 SIGNAL | ID= 888 | DIGIT= 3 | REGIME= WINNERS ADVANCING | PREV REGIME= WARMUP | 0 P= 3.3 T= 5 A= 10 D= 1 | 1 P= 10 T= -10 A= 0 D= -4.5 | 2 P= 13.3 T= 15 A= 10 D= 10.5 | 3 P= 6.7 T= 0 A= 20 D= 2.5 | 4 P= 13.3 T= 0 A= -20 D= -2.5 | 5 P= 16.7 T= -10 A= 20 D= 3 | 6 P= 13.3 T= 10 A= -20 D= 2 | 7 P= 13.3 T= -10 A= -20 D= -7 | 8 P= 3.3 T= 0 A= -20 D= -7.5 | 9 P= 6.7 T= 0 A= 20 D= 2.5 | DOMINANT THREAT= 9 ( 2.5 ) | D79 WEIGHTED= -2.3 | THREAT BREADTH= 0 | LOSER ACCEL BREADTH= 1 | THREAT CONCENTRATION= 57.1 % | T LOSS= -3.3 | A LOSS= -6.7 | EVEN LEADER= 2 | EVEN FASTEST= 0 | D EVEN= 2.8 | T EVEN= 7.5 | A EVEN= -5 | EVEN ACCEL BREADTH= 2 | A WIN= 2.9 | A EDGE= 9.5 | A EVEN EDGE= 1.7 | DEEP UNDER7%= 71.8 | PREDICTION= 7 | STAKE= 10 | LOSS STREAK= 0 | VETO= NO FRESH 7-9 TRIGGER
2026-09-10,21:39:05 GMT,UNDER 7 SIGNAL | ID= 887 | DIGIT= 2 | REGIME= WINNERS ADVANCING | PREV REGIME= WARMUP | 0 P= 3.3 T= 5 A= 10 D= 1 | 1 P= 13.3 T= -15 A= 10 D= -3 | 2 P= 13.3 T= 15 A= 10 D= 10.5 | 3 P= 3.3 T= 0 A= -20 D= -7.5 | 4 P= 13.3 T= 0 A= -20 D= -2.5 | 5 P= 16.7 T= -5 A= 50 D= 11.5 | 6 P= 13.3 T= 10 A= -20 D= 2 | 7 P= 13.3 T= -10 A= -20 D= -7 | 8 P= 3.3 T= 0 A= -20 D= -7.5 | 9 P= 6.7 T= 0 A= 20 D= 2.5 | DOMINANT THREAT= 9 ( 2.5 ) | D79 WEIGHTED= -2.3 | THREAT BREADTH= 0 | LOSER ACCEL BREADTH= 1 | THREAT CONCENTRATION= 57.1 % | T LOSS= -3.3 | A LOSS= -6.7 | EVEN LEADER= 2 | EVEN FASTEST= 0 | D EVEN= 2.8 | T EVEN= 7.5 | A EVEN= -5 | EVEN ACCEL BREADTH= 2 | A WIN= 2.9 | A EDGE= 9.5 | A EVEN EDGE= 1.7 | DEEP UNDER7%= 71.8 | PREDICTION= 7 | STAKE= 10 | LOSS STREAK= 0 | VETO= NO FRESH 7-9 TRIGGER
2026-09-10,21:39:05 GMT,UNDER 7 SIGNAL | ID= 885 | DIGIT= 0 | REGIME= WINNERS ADVANCING | PREV REGIME= WARMUP | 0 P= 3.3 T= 5 A= 10 D= 1 | 1 P= 16.7 T= -15 A= 50 D= 7 | 2 P= 10 T= 10 A= 0 D= 4.5 | 3 P= 3.3 T= 0 A= -20 D= -7.5 | 4 P= 10 T= -5 A= -30 D= -8.5 | 5 P= 16.7 T= 5 A= -10 D= 3.5 | 6 P= 13.3 T= 15 A= 10 D= 10.5 | 7 P= 13.3 T= -10 A= -20 D= -7 | 8 P= 6.7 T= -5 A= -10 D= -6 | 9 P= 6.7 T= 0 A= 20 D= 2.5 | DOMINANT THREAT= 9 ( 2.5 ) | D79 WEIGHTED= -1.9 | THREAT BREADTH= 0 | LOSER ACCEL BREADTH= 1 | THREAT CONCENTRATION= 50 % | T LOSS= -5 | A LOSS= -3.3 | EVEN LEADER= 6 | EVEN FASTEST= 0 | D EVEN= 1.9 | T EVEN= 6.3 | A EVEN= -2.5 | EVEN ACCEL BREADTH= 2 | A WIN= 1.4 | A EDGE= 4.8 | A EVEN EDGE= 0.8 | DEEP UNDER7%= 71.8 | PREDICTION= 7 | STAKE= 10 | LOSS STREAK= 0 | VETO= NO FRESH 7-9 TRIGGER
2026-09-10,21:39:05 GMT,YOU WON | Total profit: $ 18.73
2026-09-10,21:39:05 GMT,Profit amount: 3.7
2026-09-10,21:39:05 GMT,Bought: Win payout if the last digit of Volatility 10 (1s) Index is strictly lower than 7 after 1 ticks. (ID: 23905032499)
2026-09-10,21:39:05 GMT,UNDER 7 SIGNAL | ID= 884 | DIGIT= 9 | REGIME= WINNERS ADVANCING | PREV REGIME= WARMUP | 0 P= 0 T= 0 A= 0 D= -5 | 1 P= 20 T= -15 A= 30 D= 4.5 | 2 P= 6.7 T= 5 A= -10 D= -1.5 | 3 P= 6.7 T= -5 A= -10 D= -6 | 4 P= 10 T= -5 A= -30 D= -8.5 | 5 P= 16.7 T= 5 A= -10 D= 3.5 | 6 P= 13.3 T= 20 A= 40 D= 19 | 7 P= 13.3 T= -10 A= -20 D= -7 | 8 P= 6.7 T= 0 A= 20 D= 2.5 | 9 P= 6.7 T= 5 A= -10 D= -1.5 | DOMINANT THREAT= 8 ( 2.5 ) | D79 WEIGHTED= -0.6 | THREAT BREADTH= 1 | LOSER ACCEL BREADTH= 1 | THREAT CONCENTRATION= 50 % | T LOSS= -1.7 | A LOSS= -3.3 | EVEN LEADER= 6 | EVEN FASTEST= 6 | D EVEN= 1 | T EVEN= 5 | A EVEN= 0 | EVEN ACCEL BREADTH= 1 | A WIN= 1.4 | A EDGE= 4.8 | A EVEN EDGE= 3.3 | DEEP UNDER7%= 71.8 | PREDICTION= 7 | STAKE= 10 | LOSS STREAK= 0 | VETO=
2026-09-10,21:39:05 GMT,UNDER 7 SIGNAL | ID= 883 | DIGIT= 6 | REGIME= WINNERS ADVANCING | PREV REGIME= WARMUP | 0 P= 0 T= 0 A= 0 D= -5 | 1 P= 20 T= -15 A= 30 D= 4.5 | 2 P= 6.7 T= 5 A= -10 D= -1.5 | 3 P= 6.7 T= -5 A= -10 D= -6 | 4 P= 13.3 T= -5 A= 10 D= 1.5 | 5 P= 16.7 T= 5 A= -10 D= 3.5 | 6 P= 13.3 T= 20 A= 40 D= 19 | 7 P= 13.3 T= -5 A= -50 D= -11 | 8 P= 6.7 T= 0 A= 20 D= 2.5 | 9 P= 3.3 T= 0 A= -20 D= -7.5 | DOMINANT THREAT= 8 ( 2.5 ) | D79 WEIGHTED= -3.2 | THREAT BREADTH= 0 | LOSER ACCEL BREADTH= 1 | THREAT CONCENTRATION= 57.1 % | T LOSS= -1.7 | A LOSS= -16.7 | EVEN LEADER= 6 | EVEN FASTEST= 6 | D EVEN= 3.5 | T EVEN= 5 | A EVEN= 10 | EVEN ACCEL BREADTH= 2 | A WIN= 7.1 | A EDGE= 23.8 | A EVEN EDGE= 26.7 | DEEP UNDER7%= 71.8 | PREDICTION= 7 | STAKE= 10 | LOSS STREAK= 0 | VETO= NO FRESH 7-9 TRIGGER
2026-09-10,21:39:05 GMT,YOU WON | Total profit: $ 15.03
2026-09-10,21:39:05 GMT,Profit amount: 3.7
2026-09-10,21:39:05 GMT,Bought: Win payout if the last digit of Volatility 10 (1s) Index is strictly lower than 7 after 1 ticks. (ID: 23904953619)
2026-09-10,21:39:05 GMT,UNDER 7 SIGNAL | ID= 852 | DIGIT= 7 | REGIME= WINNERS ADVANCING | PREV REGIME= WARMUP | 0 P= 3.3 T= -5 A= 10 D= -3.5 | 1 P= 16.7 T= 10 A= 20 D= 12 | 2 P= 16.7 T= 5 A= -10 D= 3.5 | 3 P= 20 T= -5 A= -30 D= -3.5 | 4 P= 10 T= 5 A= -30 D= -4 | 5 P= 6.7 T= 0 A= 20 D= 2.5 | 6 P= 10 T= -5 A= 30 D= 4 | 7 P= 13.3 T= -5 A= 10 D= 1.5 | 8 P= 0 T= 0 A= 0 D= -5 | 9 P= 3.3 T= 0 A= -20 D= -7.5 | DOMINANT THREAT= 7 ( 1.5 ) | D79 WEIGHTED= -2.2 | THREAT BREADTH= 0 | LOSER ACCEL BREADTH= 1 | THREAT CONCENTRATION= 80 % | T LOSS= -1.7 | A LOSS= -3.3 | EVEN LEADER= 6 | EVEN FASTEST= 6 | D EVEN= 0 | T EVEN= 0 | A EVEN= 0 | EVEN ACCEL BREADTH= 2 | A WIN= 1.4 | A EDGE= 4.8 | A EVEN EDGE= 3.3 | DEEP UNDER7%= 71.3 | PREDICTION= 7 | STAKE= 10 | LOSS STREAK= 0 | VETO=
2026-09-10,21:39:05 GMT,UNDER 7 SIGNAL | ID= 851 | DIGIT= 3 | REGIME= WINNERS ADVANCING | PREV REGIME= WARMUP | 0 P= 3.3 T= -5 A= 10 D= -3.5 | 1 P= 16.7 T= 10 A= 20 D= 12 | 2 P= 16.7 T= 5 A= -10 D= 3.5 | 3 P= 23.3 T= -10 A= -20 D= -2 | 4 P= 10 T= 10 A= 0 D= 4.5 | 5 P= 6.7 T= 0 A= 20 D= 2.5 | 6 P= 10 T= -5 A= 30 D= 4 | 7 P= 10 T= -5 A= -30 D= -8.5 | 8 P= 0 T= 0 A= 0 D= -5 | 9 P= 3.3 T= 0 A= -20 D= -7.5 | DOMINANT THREAT= 8 ( -5 ) | D79 WEIGHTED= -6.4 | THREAT BREADTH= 0 | LOSER ACCEL BREADTH= 0 | THREAT CONCENTRATION= 75 % | T LOSS= -1.7 | A LOSS= -16.7 | EVEN LEADER= 4 | EVEN FASTEST= 6 | D EVEN= 2.1 | T EVEN= 1.3 | A EVEN= 7.5 | EVEN ACCEL BREADTH= 2 | A WIN= 7.1 | A EDGE= 23.8 | A EVEN EDGE= 24.2 | DEEP UNDER7%= 71.4 | PREDICTION= 7 | STAKE= 10 | LOSS STREAK= 0 | VETO= NO FRESH 7-9 TRIGGER
2026-09-10,21:39:05 GMT,UNDER 7 SIGNAL | ID= 850 | DIGIT= 4 | REGIME= WINNERS ADVANCING | PREV REGIME= WARMUP | 0 P= 3.3 T= 0 A= -20 D= -7.5 | 1 P= 16.7 T= 10 A= 20 D= 12 | 2 P= 16.7 T= 5 A= -10 D= 3.5 | 3 P= 20 T= -15 A= -30 D= -8 | 4 P= 10 T= 10 A= 0 D= 4.5 | 5 P= 6.7 T= 0 A= 20 D= 2.5 | 6 P= 10 T= -5 A= 30 D= 4 | 7 P= 10 T= -5 A= -30 D= -8.5 | 8 P= 3.3 T= -5 A= 10 D= -3.5 | 9 P= 3.3 T= 5 A= 10 D= 1 | DOMINANT THREAT= 9 ( 1 ) | D79 WEIGHTED= -2.2 | THREAT BREADTH= 1 | LOSER ACCEL BREADTH= 2 | THREAT CONCENTRATION= 60 % | T LOSS= -1.7 | A LOSS= -3.3 | EVEN LEADER= 4 | EVEN FASTEST= 6 | D EVEN= 1.1 | T EVEN= 2.5 | A EVEN= 0 | EVEN ACCEL BREADTH= 1 | A WIN= 1.4 | A EDGE= 4.8 | A EVEN EDGE= 3.3 | DEEP UNDER7%= 71.3 | PREDICTION= 7 | STAKE= 10 | LOSS STREAK= 0 | VETO= NO FRESH 7-9 TRIGGER
2026-09-10,21:39:05 GMT,UNDER 7 SIGNAL | ID= 849 | DIGIT= 1 | REGIME= WINNERS ADVANCING | PREV REGIME= WARMUP | 0 P= 3.3 T= 0 A= -20 D= -7.5 | 1 P= 16.7 T= 10 A= 20 D= 12 | 2 P= 20 T= 0 A= 0 D= 5 | 3 P= 20 T= -15 A= -30 D= -8 | 4 P= 6.7 T= 10 A= 20 D= 7 | 5 P= 6.7 T= 0 A= 20 D= 2.5 | 6 P= 10 T= 0 A= 0 D= 0 | 7 P= 10 T= -5 A= -30 D= -8.5 | 8 P= 3.3 T= -5 A= 10 D= -3.5 | 9 P= 3.3 T= 5 A= 10 D= 1 | DOMINANT THREAT= 9 ( 1 ) | D79 WEIGHTED= -2.2 | THREAT BREADTH= 1 | LOSER ACCEL BREADTH= 2 | THREAT CONCENTRATION= 60 % | T LOSS= -1.7 | A LOSS= -3.3 | EVEN LEADER= 4 | EVEN FASTEST= 4 | D EVEN= 1.1 | T EVEN= 2.5 | A EVEN= 0 | EVEN ACCEL BREADTH= 1 | A WIN= 1.4 | A EDGE= 4.8 | A EVEN EDGE= 3.3 | DEEP UNDER7%= 71.2 | PREDICTION= 7 | STAKE= 10 | LOSS STREAK= 0 | VETO= NO FRESH 7-9 TRIGGER
2026-09-10,21:39:05 GMT,UNDER 7 SIGNAL | ID= 836 | DIGIT= 3 | REGIME= WINNERS ADVANCING | PREV REGIME= WARMUP | 0 P= 10 T= 0 A= 0 D= 0 | 1 P= 6.7 T= 5 A= -10 D= -1.5 | 2 P= 13.3 T= 10 A= -20 D= 2 | 3 P= 20 T= 5 A= -30 D= 1 | 4 P= 6.7 T= -5 A= -10 D= -6 | 5 P= 20 T= -20 A= 60 D= 8.5 | 6 P= 6.7 T= 10 A= 20 D= 7 | 7 P= 6.7 T= 5 A= -10 D= -1.5 | 8 P= 6.7 T= -5 A= -10 D= -6 | 9 P= 3.3 T= -5 A= 10 D= -3.5 | DOMINANT THREAT= 7 ( -1.5 ) | D79 WEIGHTED= -3 | THREAT BREADTH= 1 | LOSER ACCEL BREADTH= 1 | THREAT CONCENTRATION= 40 % | T LOSS= -1.7 | A LOSS= -3.3 | EVEN LEADER= 6 | EVEN FASTEST= 6 | D EVEN= 0.8 | T EVEN= 3.8 | A EVEN= -2.5 | EVEN ACCEL BREADTH= 1 | A WIN= 1.4 | A EDGE= 4.8 | A EVEN EDGE= 0.8 | DEEP UNDER7%= 71.2 | PREDICTION= 7 | STAKE= 10 | LOSS STREAK= 0 | VETO= NO FRESH 7-9 TRIGGER
2026-09-10,21:39:05 GMT,UNDER 7 SIGNAL | ID= 828 | DIGIT= 3 | REGIME= WINNERS ADVANCING | PREV REGIME= WARMUP | 0 P= 10 T= -5 A= -30 D= -8.5 | 1 P= 6.7 T= 0 A= 20 D= 2.5 | 2 P= 10 T= 5 A= 30 D= 8.5 | 3 P= 16.7 T= 15 A= -10 D= 8 | 4 P= 6.7 T= 0 A= 20 D= 2.5 | 5 P= 23.3 T= -15 A= -50 D= -10.5 | 6 P= 3.3 T= 5 A= 10 D= 1 | 7 P= 10 T= -5 A= 30 D= 4 | 8 P= 6.7 T= 5 A= -10 D= -1.5 | 9 P= 6.7 T= -5 A= -10 D= -6 | DOMINANT THREAT= 7 ( 4 ) | D79 WEIGHTED= 0.3 | THREAT BREADTH= 1 | LOSER ACCEL BREADTH= 1 | THREAT CONCENTRATION= 42.9 % | T LOSS= -1.7 | A LOSS= 3.3 | EVEN LEADER= 2 | EVEN FASTEST= 2 | D EVEN= 0.9 | T EVEN= 1.3 | A EVEN= 7.5 | EVEN ACCEL BREADTH= 3 | A WIN= -1.4 | A EDGE= -4.8 | A EVEN EDGE= 4.2 | DEEP UNDER7%= 71.1 | PREDICTION= 7 | STAKE= 10 | LOSS STREAK= 0 | VETO= NO FRESH 7-9 TRIGGER
2026-09-10,21:39:05 GMT,UNDER 7 SIGNAL | ID= 827 | DIGIT= 6 | REGIME= WINNERS ADVANCING | PREV REGIME= WARMUP | 0 P= 10 T= 0 A= 0 D= 0 | 1 P= 6.7 T= 0 A= 20 D= 2.5 | 2 P= 10 T= 5 A= 30 D= 8.5 | 3 P= 13.3 T= 10 A= -20 D= 2 | 4 P= 6.7 T= 0 A= 20 D= 2.5 | 5 P= 23.3 T= -10 A= -80 D= -14.5 | 6 P= 6.7 T= 0 A= 20 D= 2.5 | 7 P= 10 T= -5 A= 30 D= 4 | 8 P= 6.7 T= 5 A= -10 D= -1.5 | 9 P= 6.7 T= -5 A= -10 D= -6 | DOMINANT THREAT= 7 ( 4 ) | D79 WEIGHTED= 0.3 | THREAT BREADTH= 1 | LOSER ACCEL BREADTH= 1 | THREAT CONCENTRATION= 42.9 % | T LOSS= -1.7 | A LOSS= 3.3 | EVEN LEADER= 2 | EVEN FASTEST= 2 | D EVEN= 3.4 | T EVEN= 1.3 | A EVEN= 17.5 | EVEN ACCEL BREADTH= 3 | A WIN= -1.4 | A EDGE= -4.8 | A EVEN EDGE= 14.2 | DEEP UNDER7%= 71.1 | PREDICTION= 7 | STAKE= 10 | LOSS STREAK= 0 | VETO= NO FRESH 7-9 TRIGGER
2026-09-10,21:39:05 GMT,UNDER 7 SIGNAL | ID= 826 | DIGIT= 3 | REGIME= WINNERS ADVANCING | PREV REGIME= WARMUP | 0 P= 10 T= 0 A= 0 D= 0 | 1 P= 6.7 T= 0 A= 20 D= 2.5 | 2 P= 10 T= 5 A= 30 D= 8.5 | 3 P= 13.3 T= 15 A= 10 D= 10.5 | 4 P= 6.7 T= 5 A= -10 D= -1.5 | 5 P= 23.3 T= -10 A= -80 D= -14.5 | 6 P= 3.3 T= -5 A= 10 D= -3.5 | 7 P= 10 T= -5 A= 30 D= 4 | 8 P= 10 T= 0 A= 0 D= 0 | 9 P= 6.7 T= -5 A= -10 D= -6 | DOMINANT THREAT= 7 ( 4 ) | D79 WEIGHTED= 0.8 | THREAT BREADTH= 0 | LOSER ACCEL BREADTH= 1 | THREAT CONCENTRATION= 37.5 % | T LOSS= -3.3 | A LOSS= 6.7 | EVEN LEADER= 2 | EVEN FASTEST= 2 | D EVEN= 0.9 | T EVEN= 1.3 | A EVEN= 7.5 | EVEN ACCEL BREADTH= 2 | A WIN= -2.9 | A EDGE= -9.5 | A EVEN EDGE= 0.8 | DEEP UNDER7%= 71.1 | PREDICTION= 7 | STAKE= 10 | LOSS STREAK= 0 | VETO= NO FRESH 7-9 TRIGGER
2026-09-10,21:39:05 GMT,UNDER 7 SIGNAL | ID= 825 | DIGIT= 1 | REGIME= WINNERS ADVANCING | PREV REGIME= WARMUP | 0 P= 10 T= 0 A= 0 D= 0 | 1 P= 6.7 T= 0 A= 20 D= 2.5 | 2 P= 10 T= 5 A= 30 D= 8.5 | 3 P= 10 T= 10 A= 0 D= 4.5 | 4 P= 6.7 T= 5 A= -10 D= -1.5 | 5 P= 23.3 T= -5 A= -50 D= -6 | 6 P= 3.3 T= -5 A= 10 D= -3.5 | 7 P= 10 T= -5 A= 30 D= 4 | 8 P= 13.3 T= -5 A= 10 D= 1.5 | 9 P= 6.7 T= 0 A= -40 D= -10 | DOMINANT THREAT= 7 ( 4 ) | D79 WEIGHTED= 0.5 | THREAT BREADTH= 0 | LOSER ACCEL BREADTH= 2 | THREAT CONCENTRATION= 44.4 % | T LOSS= -3.3 | A LOSS= 0 | EVEN LEADER= 2 | EVEN FASTEST= 2 | D EVEN= 0.9 | T EVEN= 1.3 | A EVEN= 7.5 | EVEN ACCEL BREADTH= 2 | A WIN= 0 | A EDGE= 0 | A EVEN EDGE= 7.5 | DEEP UNDER7%= 71.1 | PREDICTION= 7 | STAKE= 10 | LOSS STREAK= 0 | VETO= NO FRESH 7-9 TRIGGER
2026-09-10,21:39:05 GMT,YOU WON | Total profit: $ 11.33
2026-09-10,21:39:05 GMT,Profit amount: 3.7
2026-09-10,21:39:05 GMT,Bought: Win payout if the last digit of Volatility 10 (1s) Index is strictly lower than 7 after 1 ticks. (ID: 23904882799)
2026-09-10,21:39:05 GMT,UNDER 7 SIGNAL | ID= 824 | DIGIT= 7 | REGIME= WINNERS ADVANCING | PREV REGIME= WARMUP | 0 P= 10 T= 0 A= 0 D= 0 | 1 P= 3.3 T= -5 A= 10 D= -3.5 | 2 P= 6.7 T= 0 A= 20 D= 2.5 | 3 P= 16.7 T= 5 A= 50 D= 16 | 4 P= 6.7 T= 5 A= -10 D= -1.5 | 5 P= 23.3 T= 5 A= -50 D= -1.5 | 6 P= 3.3 T= -5 A= 10 D= -3.5 | 7 P= 10 T= 0 A= 0 D= 0 | 8 P= 13.3 T= -5 A= 10 D= 1.5 | 9 P= 6.7 T= 0 A= -40 D= -10 | DOMINANT THREAT= 8 ( 1.5 ) | D79 WEIGHTED= -1.2 | THREAT BREADTH= 0 | LOSER ACCEL BREADTH= 1 | THREAT CONCENTRATION= 44.4 % | T LOSS= -1.7 | A LOSS= -10 | EVEN LEADER= 2 | EVEN FASTEST= 2 | D EVEN= -0.6 | T EVEN= 0 | A EVEN= 5 | EVEN ACCEL BREADTH= 2 | A WIN= 4.3 | A EDGE= 14.3 | A EVEN EDGE= 15 | DEEP UNDER7%= 71.1 | PREDICTION= 7 | STAKE= 10 | LOSS STREAK= 0 | VETO=
2026-09-10,21:39:05 GMT,UNDER 7 SIGNAL | ID= 823 | DIGIT= 3 | REGIME= WINNERS ADVANCING | PREV REGIME= WARMUP | 0 P= 10 T= 0 A= 0 D= 0 | 1 P= 3.3 T= -5 A= 10 D= -3.5 | 2 P= 6.7 T= 5 A= -10 D= -1.5 | 3 P= 16.7 T= 5 A= 50 D= 16 | 4 P= 10 T= 0 A= 0 D= 0 | 5 P= 23.3 T= 5 A= -50 D= -1.5 | 6 P= 3.3 T= -5 A= 10 D= -3.5 | 7 P= 6.7 T= -5 A= -10 D= -6 | 8 P= 13.3 T= -5 A= 10 D= 1.5 | 9 P= 6.7 T= 5 A= -10 D= -1.5 | DOMINANT THREAT= 8 ( 1.5 ) | D79 WEIGHTED= -0.9 | THREAT BREADTH= 1 | LOSER ACCEL BREADTH= 1 | THREAT CONCENTRATION= 50 % | T LOSS= -1.7 | A LOSS= -3.3 | EVEN LEADER= 0 | EVEN FASTEST= 6 | D EVEN= -1.2 | T EVEN= 0 | A EVEN= 0 | EVEN ACCEL BREADTH= 1 | A WIN= 1.4 | A EDGE= 4.8 | A EVEN EDGE= 3.3 | DEEP UNDER7%= 71.2 | PREDICTION= 7 | STAKE= 10 | LOSS STREAK= 0 | VETO= NO FRESH 7-9 TRIGGER
2026-09-10,21:39:05 GMT,UNDER 7 SIGNAL | ID= 821 | DIGIT= 2 | REGIME= WINNERS ADVANCING | PREV REGIME= WARMUP | 0 P= 10 T= 5 A= 30 D= 8.5 | 1 P= 3.3 T= 0 A= -20 D= -7.5 | 2 P= 10 T= 0 A= 0 D= 0 | 3 P= 13.3 T= 0 A= 40 D= 10 | 4 P= 10 T= 0 A= 0 D= 0 | 5 P= 23.3 T= 10 A= -20 D= 7 | 6 P= 6.7 T= -10 A= 20 D= -2 | 7 P= 6.7 T= 0 A= -40 D= -10 | 8 P= 10 T= -10 A= 0 D= -4.5 | 9 P= 6.7 T= 5 A= -10 D= -1.5 | DOMINANT THREAT= 9 ( -1.5 ) | D79 WEIGHTED= -4.1 | THREAT BREADTH= 1 | LOSER ACCEL BREADTH= 0 | THREAT CONCENTRATION= 42.9 % | T LOSS= -1.7 | A LOSS= -16.7 | EVEN LEADER= 0 | EVEN FASTEST= 0 | D EVEN= 1.6 | T EVEN= -1.2 | A EVEN= 12.5 | EVEN ACCEL BREADTH= 2 | A WIN= 7.1 | A EDGE= 23.8 | A EVEN EDGE= 29.2 | DEEP UNDER7%= 71.1 | PREDICTION= 7 | STAKE= 10 | LOSS STREAK= 0 | VETO= NO FRESH 7-9 TRIGGER
2026-09-10,21:39:05 GMT,UNDER 7 SIGNAL | ID= 795 | DIGIT= 3 | REGIME= WINNERS ADVANCING | PREV REGIME= WARMUP | 0 P= 13.3 T= 10 A= -20 D= 2 | 1 P= 10 T= 0 A= 0 D= 0 | 2 P= 10 T= 0 A= 0 D= 0 | 3 P= 6.7 T= 10 A= 20 D= 7 | 4 P= 10 T= 0 A= 0 D= 0 | 5 P= 10 T= -10 A= 0 D= -4.5 | 6 P= 16.7 T= 10 A= 20 D= 12 | 7 P= 0 T= 0 A= 0 D= -5 | 8 P= 6.7 T= -10 A= 20 D= -2 | 9 P= 16.7 T= -10 A= -40 D= -9.5 | DOMINANT THREAT= 8 ( -2 ) | D79 WEIGHTED= -4.4 | THREAT BREADTH= 0 | LOSER ACCEL BREADTH= 1 | THREAT CONCENTRATION= 71.4 % | T LOSS= -6.7 | A LOSS= -6.7 | EVEN LEADER= 6 | EVEN FASTEST= 6 | D EVEN= 3.5 | T EVEN= 5 | A EVEN= 0 | EVEN ACCEL BREADTH= 1 | A WIN= 2.9 | A EDGE= 9.5 | A EVEN EDGE= 6.7 | DEEP UNDER7%= 71.1 | PREDICTION= 7 | STAKE= 10 | LOSS STREAK= 0 | VETO= NO FRESH 7-9 TRIGGER
2026-09-10,21:39:05 GMT,UNDER 7 SIGNAL | ID= 794 | DIGIT= 4 | REGIME= WINNERS ADVANCING | PREV REGIME= WARMUP | 0 P= 13.3 T= 10 A= -20 D= 2 | 1 P= 10 T= 0 A= 0 D= 0 | 2 P= 13.3 T= -5 A= 10 D= 1.5 | 3 P= 3.3 T= 5 A= 10 D= 1 | 4 P= 10 T= 0 A= 0 D= 0 | 5 P= 10 T= 0 A= 0 D= 0 | 6 P= 16.7 T= 10 A= 20 D= 12 | 7 P= 0 T= 0 A= 0 D= -5 | 8 P= 6.7 T= -10 A= 20 D= -2 | 9 P= 16.7 T= -10 A= -40 D= -9.5 | DOMINANT THREAT= 8 ( -2 ) | D79 WEIGHTED= -4.4 | THREAT BREADTH= 0 | LOSER ACCEL BREADTH= 1 | THREAT CONCENTRATION= 71.4 % | T LOSS= -6.7 | A LOSS= -6.7 | EVEN LEADER= 6 | EVEN FASTEST= 6 | D EVEN= 3.9 | T EVEN= 3.8 | A EVEN= 2.5 | EVEN ACCEL BREADTH= 2 | A WIN= 2.9 | A EDGE= 9.5 | A EVEN EDGE= 9.2 | DEEP UNDER7%= 71 | PREDICTION= 7 | STAKE= 10 | LOSS STREAK= 0 | VETO= NO FRESH 7-9 TRIGGER
2026-09-10,21:39:05 GMT,UNDER 7 SIGNAL | ID= 793 | DIGIT= 6 | REGIME= WINNERS ADVANCING | PREV REGIME= WARMUP | 0 P= 13.3 T= 10 A= -20 D= 2 | 1 P= 10 T= 0 A= 0 D= 0 | 2 P= 13.3 T= 0 A= 40 D= 10 | 3 P= 3.3 T= 5 A= 10 D= 1 | 4 P= 6.7 T= -5 A= -10 D= -6 | 5 P= 13.3 T= 0 A= -20 D= -2.5 | 6 P= 16.7 T= 10 A= 20 D= 12 | 7 P= 0 T= 0 A= 0 D= -5 | 8 P= 6.7 T= -10 A= 20 D= -2 | 9 P= 16.7 T= -10 A= -40 D= -9.5 | DOMINANT THREAT= 8 ( -2 ) | D79 WEIGHTED= -4.4 | THREAT BREADTH= 0 | LOSER ACCEL BREADTH= 1 | THREAT CONCENTRATION= 71.4 % | T LOSS= -6.7 | A LOSS= -6.7 | EVEN LEADER= 6 | EVEN FASTEST= 2 | D EVEN= 4.5 | T EVEN= 3.8 | A EVEN= 7.5 | EVEN ACCEL BREADTH= 2 | A WIN= 2.9 | A EDGE= 9.5 | A EVEN EDGE= 14.2 | DEEP UNDER7%= 71 | PREDICTION= 7 | STAKE= 10 | LOSS STREAK= 0 | VETO= NO FRESH 7-9 TRIGGER
2026-09-10,21:39:05 GMT,UNDER 7 SIGNAL | ID= 792 | DIGIT= 2 | REGIME= WINNERS ADVANCING | PREV REGIME= WARMUP | 0 P= 13.3 T= 15 A= 10 D= 10.5 | 1 P= 10 T= 0 A= 0 D= 0 | 2 P= 13.3 T= 0 A= 40 D= 10 | 3 P= 6.7 T= 0 A= 20 D= 2.5 | 4 P= 6.7 T= -5 A= -10 D= -6 | 5 P= 13.3 T= 0 A= -20 D= -2.5 | 6 P= 13.3 T= 10 A= -20 D= 2 | 7 P= 0 T= 0 A= 0 D= -5 | 8 P= 6.7 T= -10 A= 20 D= -2 | 9 P= 16.7 T= -10 A= -40 D= -9.5 | DOMINANT THREAT= 8 ( -2 ) | D79 WEIGHTED= -4.4 | THREAT BREADTH= 0 | LOSER ACCEL BREADTH= 1 | THREAT CONCENTRATION= 71.4 % | T LOSS= -6.7 | A LOSS= -6.7 | EVEN LEADER= 0 | EVEN FASTEST= 2 | D EVEN= 4.1 | T EVEN= 5 | A EVEN= 5 | EVEN ACCEL BREADTH= 2 | A WIN= 2.9 | A EDGE= 9.5 | A EVEN EDGE= 11.7 | DEEP UNDER7%= 71 | PREDICTION= 7 | STAKE= 10 | LOSS STREAK= 0 | VETO= NO FRESH 7-9 TRIGGER
2026-09-10,21:39:05 GMT,UNDER 7 SIGNAL | ID= 791 | DIGIT= 1 | REGIME= WINNERS ADVANCING | PREV REGIME= WARMUP | 0 P= 13.3 T= 15 A= 10 D= 10.5 | 1 P= 10 T= 0 A= 0 D= 0 | 2 P= 10 T= 0 A= 0 D= 0 | 3 P= 6.7 T= 0 A= 20 D= 2.5 | 4 P= 6.7 T= 0 A= 20 D= 2.5 | 5 P= 13.3 T= 0 A= -20 D= -2.5 | 6 P= 13.3 T= 10 A= -20 D= 2 | 7 P= 0 T= 0 A= 0 D= -5 | 8 P= 6.7 T= -10 A= 20 D= -2 | 9 P= 20 T= -15 A= -30 D= -8 | DOMINANT THREAT= 8 ( -2 ) | D79 WEIGHTED= -4.1 | THREAT BREADTH= 0 | LOSER ACCEL BREADTH= 1 | THREAT CONCENTRATION= 75 % | T LOSS= -8.3 | A LOSS= -3.3 | EVEN LEADER= 0 | EVEN FASTEST= 4 | D EVEN= 3.8 | T EVEN= 6.3 | A EVEN= 2.5 | EVEN ACCEL BREADTH= 2 | A WIN= 1.4 | A EDGE= 4.8 | A EVEN EDGE= 5.8 | DEEP UNDER7%= 71 | PREDICTION= 7 | STAKE= 10 | LOSS STREAK= 0 | VETO= NO FRESH 7-9 TRIGGER
2026-09-10,21:39:05 GMT,UNDER 7 SIGNAL | ID= 790 | DIGIT= 3 | REGIME= WINNERS ADVANCING | PREV REGIME= WARMUP | 0 P= 13.3 T= 15 A= 10 D= 10.5 | 1 P= 6.7 T= -5 A= -10 D= -6 | 2 P= 10 T= 0 A= 0 D= 0 | 3 P= 6.7 T= 0 A= 20 D= 2.5 | 4 P= 6.7 T= 5 A= -10 D= -1.5 | 5 P= 16.7 T= -5 A= -10 D= -1 | 6 P= 13.3 T= 15 A= 10 D= 10.5 | 7 P= 0 T= 0 A= 0 D= -5 | 8 P= 6.7 T= -10 A= 20 D= -2 | 9 P= 20 T= -15 A= -30 D= -8 | DOMINANT THREAT= 8 ( -2 ) | D79 WEIGHTED= -4.1 | THREAT BREADTH= 0 | LOSER ACCEL BREADTH= 1 | THREAT CONCENTRATION= 75 % | T LOSS= -8.3 | A LOSS= -3.3 | EVEN LEADER= 0 | EVEN FASTEST= 0 | D EVEN= 4.9 | T EVEN= 8.8 | A EVEN= 2.5 | EVEN ACCEL BREADTH= 2 | A WIN= 1.4 | A EDGE= 4.8 | A EVEN EDGE= 5.8 | DEEP UNDER7%= 71 | PREDICTION= 7 | STAKE= 10 | LOSS STREAK= 0 | VETO= NO FRESH 7-9 TRIGGER
2026-09-10,21:39:05 GMT,UNDER 7 SIGNAL | ID= 789 | DIGIT= 6 | REGIME= WINNERS ADVANCING | PREV REGIME= WARMUP | 0 P= 13.3 T= 20 A= 40 D= 19 | 1 P= 6.7 T= -5 A= -10 D= -6 | 2 P= 10 T= 0 A= 0 D= 0 | 3 P= 3.3 T= -5 A= 10 D= -3.5 | 4 P= 6.7 T= 5 A= -10 D= -1.5 | 5 P= 16.7 T= -5 A= -10 D= -1 | 6 P= 16.7 T= 10 A= 20 D= 12 | 7 P= 0 T= 0 A= 0 D= -5 | 8 P= 6.7 T= -5 A= -10 D= -6 | 9 P= 20 T= -15 A= -30 D= -8 | DOMINANT THREAT= 7 ( -5 ) | D79 WEIGHTED= -5.9 | THREAT BREADTH= 0 | LOSER ACCEL BREADTH= 0 | THREAT CONCENTRATION= 75 % | T LOSS= -6.7 | A LOSS= -13.3 | EVEN LEADER= 0 | EVEN FASTEST= 0 | D EVEN= 7.4 | T EVEN= 8.8 | A EVEN= 12.5 | EVEN ACCEL BREADTH= 2 | A WIN= 5.7 | A EDGE= 19 | A EVEN EDGE= 25.8 | DEEP UNDER7%= 71 | PREDICTION= 7 | STAKE= 10 | LOSS STREAK= 0 | VETO= NO FRESH 7-9 TRIGGER
2026-09-10,21:39:05 GMT,UNDER 7 SIGNAL | ID= 788 | DIGIT= 6 | REGIME= WINNERS ADVANCING | PREV REGIME= WARMUP | 0 P= 13.3 T= 20 A= 40 D= 19 | 1 P= 6.7 T= -5 A= -10 D= -6 | 2 P= 10 T= 0 A= 0 D= 0 | 3 P= 3.3 T= -5 A= 10 D= -3.5 | 4 P= 6.7 T= 5 A= -10 D= -1.5 | 5 P= 16.7 T= -5 A= -10 D= -1 | 6 P= 13.3 T= 5 A= 10 D= 6 | 7 P= 3.3 T= -5 A= 10 D= -3.5 | 8 P= 6.7 T= -5 A= -10 D= -6 | 9 P= 20 T= -5 A= -30 D= -3.5 | DOMINANT THREAT= 7 ( -3.5 ) | D79 WEIGHTED= -4 | THREAT BREADTH= 0 | LOSER ACCEL BREADTH= 1 | THREAT CONCENTRATION= 66.7 % | T LOSS= -5 | A LOSS= -10 | EVEN LEADER= 0 | EVEN FASTEST= 0 | D EVEN= 5.9 | T EVEN= 7.5 | A EVEN= 10 | EVEN ACCEL BREADTH= 2 | A WIN= 4.3 | A EDGE= 14.3 | A EVEN EDGE= 20 | DEEP UNDER7%= 71 | PREDICTION= 7 | STAKE= 10 | LOSS STREAK= 0 | VETO= NO FRESH 7-9 TRIGGER
2026-09-10,21:39:05 GMT,UNDER 7 SIGNAL | ID= 787 | DIGIT= 0 | REGIME= WINNERS ADVANCING | PREV REGIME= WARMUP | 0 P= 13.3 T= 20 A= 40 D= 19 | 1 P= 6.7 T= 0 A= 20 D= 2.5 | 2 P= 10 T= 0 A= 0 D= 0 | 3 P= 3.3 T= -5 A= 10 D= -3.5 | 4 P= 6.7 T= 5 A= -10 D= -1.5 | 5 P= 16.7 T= -5 A= -10 D= -1 | 6 P= 10 T= 0 A= 0 D= 0 | 7 P= 3.3 T= -5 A= 10 D= -3.5 | 8 P= 10 T= -5 A= -30 D= -8.5 | 9 P= 20 T= -5 A= -30 D= -3.5 | DOMINANT THREAT= 7 ( -3.5 ) | D79 WEIGHTED= -4.5 | THREAT BREADTH= 0 | LOSER ACCEL BREADTH= 1 | THREAT CONCENTRATION= 60 % | T LOSS= -5 | A LOSS= -16.7 | EVEN LEADER= 0 | EVEN FASTEST= 0 | D EVEN= 4.4 | T EVEN= 6.3 | A EVEN= 7.5 | EVEN ACCEL BREADTH= 1 | A WIN= 7.1 | A EDGE= 23.8 | A EVEN EDGE= 24.2 | DEEP UNDER7%= 71 | PREDICTION= 7 | STAKE= 10 | LOSS STREAK= 0 | VETO= NO FRESH 7-9 TRIGGER
2026-09-10,21:39:05 GMT,UNDER 7 SIGNAL | ID= 786 | DIGIT= 0 | REGIME= WINNERS ADVANCING | PREV REGIME= WARMUP | 0 P= 10 T= 15 A= 30 D= 13 | 1 P= 6.7 T= 0 A= 20 D= 2.5 | 2 P= 10 T= 0 A= 0 D= 0 | 3 P= 3.3 T= -5 A= 10 D= -3.5 | 4 P= 6.7 T= 5 A= -10 D= -1.5 | 5 P= 16.7 T= -5 A= -10 D= -1 | 6 P= 10 T= 0 A= 0 D= 0 | 7 P= 3.3 T= -5 A= 10 D= -3.5 | 8 P= 13.3 T= -10 A= -20 D= -7 | 9 P= 20 T= 5 A= -30 D= 1 | DOMINANT THREAT= 9 ( 1 ) | D79 WEIGHTED= -1.9 | THREAT BREADTH= 1 | LOSER ACCEL BREADTH= 1 | THREAT CONCENTRATION= 54.5 % | T LOSS= -3.3 | A LOSS= -13.3 | EVEN LEADER= 0 | EVEN FASTEST= 0 | D EVEN= 2.9 | T EVEN= 5 | A EVEN= 5 | EVEN ACCEL BREADTH= 1 | A WIN= 5.7 | A EDGE= 19 | A EVEN EDGE= 18.3 | DEEP UNDER7%= 71 | PREDICTION= 7 | STAKE= 10 | LOSS STREAK= 0 | VETO= NO FRESH 7-9 TRIGGER
2026-09-10,21:39:05 GMT,UNDER 7 SIGNAL | ID= 785 | DIGIT= 5 | REGIME= WINNERS ADVANCING | PREV REGIME= WARMUP | 0 P= 6.7 T= 10 A= 20 D= 7 | 1 P= 6.7 T= 5 A= -10 D= -1.5 | 2 P= 10 T= 0 A= 0 D= 0 | 3 P= 3.3 T= -5 A= 10 D= -3.5 | 4 P= 10 T= 0 A= 0 D= 0 | 5 P= 16.7 T= -5 A= -10 D= -1 | 6 P= 10 T= 0 A= 0 D= 0 | 7 P= 3.3 T= -5 A= 10 D= -3.5 | 8 P= 13.3 T= -10 A= -20 D= -7 | 9 P= 20 T= 10 A= 0 D= 9.5 | DOMINANT THREAT= 9 ( 9.5 ) | D79 WEIGHTED= 2.3 | THREAT BREADTH= 1 | LOSER ACCEL BREADTH= 1 | THREAT CONCENTRATION= 54.5 % | T LOSS= -1.7 | A LOSS= -3.3 | EVEN LEADER= 0 | EVEN FASTEST= 0 | D EVEN= 1.8 | T EVEN= 2.5 | A EVEN= 5 | EVEN ACCEL BREADTH= 1 | A WIN= 1.4 | A EDGE= 4.8 | A EVEN EDGE= 8.3 | DEEP UNDER7%= 71 | PREDICTION= 7 | STAKE= 10 | LOSS STREAK= 0 | VETO= NO FRESH 7-9 TRIGGER
2026-09-10,21:39:05 GMT,UNDER 7 SIGNAL | ID= 781 | DIGIT= 6 | REGIME= WINNERS ADVANCING | PREV REGIME= WARMUP | 0 P= 3.3 T= 5 A= 10 D= 1 | 1 P= 6.7 T= 5 A= -10 D= -1.5 | 2 P= 6.7 T= 5 A= -10 D= -1.5 | 3 P= 3.3 T= 0 A= -20 D= -7.5 | 4 P= 6.7 T= -5 A= -10 D= -6 | 5 P= 16.7 T= 0 A= 20 D= 7.5 | 6 P= 10 T= 5 A= 30 D= 8.5 | 7 P= 3.3 T= -5 A= 10 D= -3.5 | 8 P= 20 T= -20 A= 0 D= -4 | 9 P= 23.3 T= 10 A= -20 D= 7 | DOMINANT THREAT= 9 ( 7 ) | D79 WEIGHTED= 1.7 | THREAT BREADTH= 1 | LOSER ACCEL BREADTH= 1 | THREAT CONCENTRATION= 50 % | T LOSS= -5 | A LOSS= -3.3 | EVEN LEADER= 6 | EVEN FASTEST= 6 | D EVEN= 0.5 | T EVEN= 2.5 | A EVEN= 5 | EVEN ACCEL BREADTH= 2 | A WIN= 1.4 | A EDGE= 4.8 | A EVEN EDGE= 8.3 | DEEP UNDER7%= 70.7 | PREDICTION= 7 | STAKE= 10 | LOSS STREAK= 0 | VETO= NO FRESH 7-9 TRIGGER
2026-09-10,21:39:05 GMT,UNDER 7 SIGNAL | ID= 780 | DIGIT= 0 | REGIME= WINNERS ADVANCING | PREV REGIME= WARMUP | 0 P= 3.3 T= 5 A= 10 D= 1 | 1 P= 6.7 T= 5 A= -10 D= -1.5 | 2 P= 6.7 T= 5 A= -10 D= -1.5 | 3 P= 3.3 T= 0 A= -20 D= -7.5 | 4 P= 6.7 T= 0 A= 20 D= 2.5 | 5 P= 16.7 T= 5 A= -10 D= 3.5 | 6 P= 6.7 T= 0 A= 20 D= 2.5 | 7 P= 3.3 T= -5 A= 10 D= -3.5 | 8 P= 20 T= -20 A= 0 D= -4 | 9 P= 26.7 T= 5 A= -10 D= 8.5 | DOMINANT THREAT= 9 ( 8.5 ) | D79 WEIGHTED= 2.4 | THREAT BREADTH= 1 | LOSER ACCEL BREADTH= 1 | THREAT CONCENTRATION= 53.3 % | T LOSS= -6.7 | A LOSS= 0 | EVEN LEADER= 4 | EVEN FASTEST= 4 | D EVEN= 1.1 | T EVEN= 2.5 | A EVEN= 10 | EVEN ACCEL BREADTH= 3 | A WIN= 0 | A EDGE= 0 | A EVEN EDGE= 10 | DEEP UNDER7%= 70.7 | PREDICTION= 7 | STAKE= 10 | LOSS STREAK= 0 | VETO= NO FRESH 7-9 TRIGGER
2026-09-10,21:39:05 GMT,YOU WON | Total profit: $ 7.63
2026-09-10,21:39:05 GMT,Profit amount: 10.69
2026-09-10,21:39:05 GMT,Bought: Win payout if the last digit of Volatility 10 (1s) Index is strictly lower than 7 after 1 ticks. (ID: 23904749699)
2026-09-10,21:39:05 GMT,UNDER 7 SIGNAL | ID= 773 | DIGIT= 2 | REGIME= WINNERS ADVANCING | PREV REGIME= WARMUP | 0 P= 0 T= 0 A= 0 D= -5 | 1 P= 6.7 T= 0 A= 20 D= 2.5 | 2 P= 6.7 T= 10 A= 20 D= 7 | 3 P= 3.3 T= 5 A= 10 D= 1 | 4 P= 6.7 T= 5 A= -10 D= -1.5 | 5 P= 16.7 T= -10 A= 20 D= 3 | 6 P= 6.7 T= -5 A= -10 D= -6 | 7 P= 6.7 T= -5 A= -10 D= -6 | 8 P= 23.3 T= 5 A= -50 D= -1.5 | 9 P= 23.3 T= -5 A= 10 D= 6.5 | DOMINANT THREAT= 9 ( 6.5 ) | D79 WEIGHTED= 1.6 | THREAT BREADTH= 1 | LOSER ACCEL BREADTH= 1 | THREAT CONCENTRATION= 43.8 % | T LOSS= -1.7 | A LOSS= -16.7 | EVEN LEADER= 2 | EVEN FASTEST= 2 | D EVEN= -1.4 | T EVEN= 2.5 | A EVEN= 0 | EVEN ACCEL BREADTH= 1 | A WIN= 7.1 | A EDGE= 23.8 | A EVEN EDGE= 16.7 | DEEP UNDER7%= 70.9 | PREDICTION= 7 | STAKE= 28.9 | LOSS STREAK= 2 | VETO= NO FRESH 7-9 TRIGGER
2026-09-10,21:39:05 GMT,LOSS | Next stake: $ 28.9 | Losses in a row: 2
2026-09-10,21:39:05 GMT,Loss amount: -17
2026-09-10,21:39:05 GMT,Bought: Win payout if the last digit of Volatility 10 (1s) Index is strictly lower than 7 after 1 ticks. (ID: 23904733979)
2026-09-10,21:39:05 GMT,UNDER 7 SIGNAL | ID= 768 | DIGIT= 1 | REGIME= WINNERS ADVANCING | PREV REGIME= WARMUP | 0 P= 3.3 T= -5 A= 10 D= -3.5 | 1 P= 6.7 T= 5 A= -10 D= -1.5 | 2 P= 3.3 T= 5 A= 10 D= 1 | 3 P= 3.3 T= 5 A= 10 D= 1 | 4 P= 6.7 T= -5 A= -10 D= -6 | 5 P= 20 T= 5 A= -30 D= 1 | 6 P= 10 T= -5 A= 30 D= 4 | 7 P= 10 T= -5 A= 30 D= 4 | 8 P= 16.7 T= 5 A= -10 D= 3.5 | 9 P= 20 T= -5 A= -30 D= -3.5 | DOMINANT THREAT= 7 ( 4 ) | D79 WEIGHTED= 2.3 | THREAT BREADTH= 1 | LOSER ACCEL BREADTH= 1 | THREAT CONCENTRATION= 42.9 % | T LOSS= -1.7 | A LOSS= -3.3 | EVEN LEADER= 6 | EVEN FASTEST= 6 | D EVEN= -1.1 | T EVEN= -2.5 | A EVEN= 10 | EVEN ACCEL BREADTH= 3 | A WIN= 1.4 | A EDGE= 4.8 | A EVEN EDGE= 13.3 | DEEP UNDER7%= 71.1 | PREDICTION= 7 | STAKE= 17 | LOSS STREAK= 1 | VETO= NO FRESH 7-9 TRIGGER
2026-09-10,21:39:05 GMT,LOSS | Next stake: $ 17 | Losses in a row: 1
2026-09-10,21:39:05 GMT,Loss amount: -10
2026-09-10,21:39:05 GMT,Bought: Win payout if the last digit of Volatility 10 (1s) Index is strictly lower than 7 after 1 ticks. (ID: 23904634159)
2026-09-10,21:39:05 GMT,UNDER 7 SIGNAL | ID= 731 | DIGIT= 9 | REGIME= WINNERS ADVANCING | PREV REGIME= WARMUP | 0 P= 10 T= 0 A= 0 D= 0 | 1 P= 0 T= 0 A= 0 D= -5 | 2 P= 10 T= -5 A= 30 D= 4 | 3 P= 13.3 T= 0 A= 40 D= 10 | 4 P= 10 T= 0 A= 0 D= 0 | 5 P= 10 T= 5 A= 30 D= 8.5 | 6 P= 23.3 T= 5 A= -50 D= -1.5 | 7 P= 10 T= 0 A= -60 D= -12.5 | 8 P= 6.7 T= -10 A= 20 D= -2 | 9 P= 6.7 T= 5 A= -10 D= -1.5 | DOMINANT THREAT= 9 ( -1.5 ) | D79 WEIGHTED= -3.8 | THREAT BREADTH= 1 | LOSER ACCEL BREADTH= 1 | THREAT CONCENTRATION= 42.9 % | T LOSS= -1.7 | A LOSS= -16.7 | EVEN LEADER= 2 | EVEN FASTEST= 2 | D EVEN= 0.6 | T EVEN= 0 | A EVEN= -5 | EVEN ACCEL BREADTH= 1 | A WIN= 7.1 | A EDGE= 23.8 | A EVEN EDGE= 11.7 | DEEP UNDER7%= 72.1 | PREDICTION= 7 | STAKE= 10 | LOSS STREAK= 0 | VETO=
2026-09-10,21:39:05 GMT,UNDER 7 SIGNAL | ID= 730 | DIGIT= 6 | REGIME= WINNERS ADVANCING | PREV REGIME= WARMUP | 0 P= 10 T= 10 A= 0 D= 4.5 | 1 P= 0 T= 0 A= 0 D= -5 | 2 P= 10 T= -5 A= 30 D= 4 | 3 P= 13.3 T= 0 A= 40 D= 10 | 4 P= 10 T= 0 A= 0 D= 0 | 5 P= 10 T= 5 A= 30 D= 8.5 | 6 P= 23.3 T= 5 A= -50 D= -1.5 | 7 P= 10 T= 0 A= -60 D= -12.5 | 8 P= 10 T= -15 A= 30 D= -0.5 | 9 P= 3.3 T= 0 A= -20 D= -7.5 | DOMINANT THREAT= 8 ( -0.5 ) | D79 WEIGHTED= -5 | THREAT BREADTH= 0 | LOSER ACCEL BREADTH= 1 | THREAT CONCENTRATION= 42.9 % | T LOSS= -5 | A LOSS= -16.7 | EVEN LEADER= 0 | EVEN FASTEST= 2 | D EVEN= 1.8 | T EVEN= 2.5 | A EVEN= -5 | EVEN ACCEL BREADTH= 1 | A WIN= 7.1 | A EDGE= 23.8 | A EVEN EDGE= 11.7 | DEEP UNDER7%= 72.2 | PREDICTION= 7 | STAKE= 10 | LOSS STREAK= 0 | VETO= NO FRESH 7-9 TRIGGER
2026-09-10,21:39:05 GMT,UNDER 7 SIGNAL | ID= 729 | DIGIT= 5 | REGIME= WINNERS ADVANCING | PREV REGIME= WARMUP | 0 P= 10 T= 10 A= 0 D= 4.5 | 1 P= 0 T= 0 A= 0 D= -5 | 2 P= 10 T= -5 A= 30 D= 4 | 3 P= 13.3 T= 0 A= 40 D= 10 | 4 P= 10 T= 5 A= -30 D= -4 | 5 P= 10 T= 5 A= 30 D= 8.5 | 6 P= 20 T= 5 A= -30 D= 1 | 7 P= 10 T= 0 A= -60 D= -12.5 | 8 P= 10 T= -15 A= 30 D= -0.5 | 9 P= 6.7 T= -5 A= -10 D= -6 | DOMINANT THREAT= 8 ( -0.5 ) | D79 WEIGHTED= -4.5 | THREAT BREADTH= 0 | LOSER ACCEL BREADTH= 1 | THREAT CONCENTRATION= 37.5 % | T LOSS= -6.7 | A LOSS= -13.3 | EVEN LEADER= 0 | EVEN FASTEST= 2 | D EVEN= 1.4 | T EVEN= 3.8 | A EVEN= -7.5 | EVEN ACCEL BREADTH= 1 | A WIN= 5.7 | A EDGE= 19 | A EVEN EDGE= 5.8 | DEEP UNDER7%= 72.1 | PREDICTION= 7 | STAKE= 10 | LOSS STREAK= 0 | VETO= NO FRESH 7-9 TRIGGER
2026-09-10,21:39:05 GMT,UNDER 7 SIGNAL | ID= 728 | DIGIT= 3 | REGIME= WINNERS ADVANCING | PREV REGIME= WARMUP | 0 P= 10 T= 10 A= 0 D= 4.5 | 1 P= 3.3 T= -5 A= 10 D= -3.5 | 2 P= 10 T= -5 A= 30 D= 4 | 3 P= 13.3 T= 0 A= 40 D= 10 | 4 P= 10 T= 5 A= -30 D= -4 | 5 P= 6.7 T= 0 A= 20 D= 2.5 | 6 P= 20 T= 10 A= 0 D= 9.5 | 7 P= 10 T= 0 A= -60 D= -12.5 | 8 P= 10 T= -10 A= 0 D= -4.5 | 9 P= 6.7 T= -5 A= -10 D= -6 | DOMINANT THREAT= 8 ( -4.5 ) | D79 WEIGHTED= -6.5 | THREAT BREADTH= 0 | LOSER ACCEL BREADTH= 0 | THREAT CONCENTRATION= 37.5 % | T LOSS= -5 | A LOSS= -23.3 | EVEN LEADER= 6 | EVEN FASTEST= 2 | D EVEN= 3.5 | T EVEN= 5 | A EVEN= 0 | EVEN ACCEL BREADTH= 1 | A WIN= 10 | A EDGE= 33.3 | A EVEN EDGE= 23.3 | DEEP UNDER7%= 72.1 | PREDICTION= 7 | STAKE= 10 | LOSS STREAK= 0 | VETO= NO FRESH 7-9 TRIGGER
2026-09-10,21:39:05 GMT,UNDER 7 SIGNAL | ID= 727 | DIGIT= 4 | REGIME= WINNERS ADVANCING | PREV REGIME= WARMUP | 0 P= 10 T= 10 A= 0 D= 4.5 | 1 P= 3.3 T= -5 A= 10 D= -3.5 | 2 P= 10 T= -5 A= 30 D= 4 | 3 P= 10 T= 0 A= 0 D= 0 | 4 P= 10 T= 5 A= -30 D= -4 | 5 P= 10 T= -5 A= 30 D= 4 | 6 P= 20 T= 10 A= 0 D= 9.5 | 7 P= 10 T= 0 A= -60 D= -12.5 | 8 P= 10 T= -10 A= 0 D= -4.5 | 9 P= 6.7 T= 0 A= 20 D= 2.5 | DOMINANT THREAT= 9 ( 2.5 ) | D79 WEIGHTED= -2.6 | THREAT BREADTH= 0 | LOSER ACCEL BREADTH= 1 | THREAT CONCENTRATION= 37.5 % | T LOSS= -3.3 | A LOSS= -13.3 | EVEN LEADER= 6 | EVEN FASTEST= 2 | D EVEN= 3.5 | T EVEN= 5 | A EVEN= 0 | EVEN ACCEL BREADTH= 1 | A WIN= 5.7 | A EDGE= 19 | A EVEN EDGE= 13.3 | DEEP UNDER7%= 72.1 | PREDICTION= 7 | STAKE= 10 | LOSS STREAK= 0 | VETO= NO FRESH 7-9 TRIGGER
2026-09-10,21:39:05 GMT,UNDER 7 SIGNAL | ID= 726 | DIGIT= 5 | REGIME= WINNERS ADVANCING | PREV REGIME= WARMUP | 0 P= 10 T= 10 A= 0 D= 4.5 | 1 P= 3.3 T= -5 A= 10 D= -3.5 | 2 P= 10 T= -5 A= 30 D= 4 | 3 P= 10 T= 0 A= 0 D= 0 | 4 P= 6.7 T= 0 A= -40 D= -10 | 5 P= 10 T= -5 A= 30 D= 4 | 6 P= 20 T= 20 A= 0 D= 14 | 7 P= 10 T= 0 A= -60 D= -12.5 | 8 P= 13.3 T= -15 A= 10 D= -3 | 9 P= 6.7 T= 0 A= 20 D= 2.5 | DOMINANT THREAT= 9 ( 2.5 ) | D79 WEIGHTED= -2.1 | THREAT BREADTH= 0 | LOSER ACCEL BREADTH= 2 | THREAT CONCENTRATION= 44.4 % | T LOSS= -5 | A LOSS= -10 | EVEN LEADER= 6 | EVEN FASTEST= 2 | D EVEN= 3.1 | T EVEN= 6.3 | A EVEN= -2.5 | EVEN ACCEL BREADTH= 1 | A WIN= 4.3 | A EDGE= 14.3 | A EVEN EDGE= 7.5 | DEEP UNDER7%= 72 | PREDICTION= 7 | STAKE= 10 | LOSS STREAK= 0 | VETO= NO FRESH 7-9 TRIGGER
2026-09-10,21:39:05 GMT,YOU WON | Total profit: $ 23.94
2026-09-10,21:39:05 GMT,Profit amount: 3.7
2026-09-10,21:39:05 GMT,Bought: Win payout if the last digit of Volatility 10 (1s) Index is strictly lower than 7 after 1 ticks. (ID: 23904579239)
2026-09-10,21:39:05 GMT,UNDER 7 SIGNAL | ID= 713 | DIGIT= 7 | REGIME= WINNERS ADVANCING | PREV REGIME= WARMUP | 0 P= 3.3 T= 5 A= 10 D= 1 | 1 P= 10 T= -5 A= -30 D= -8.5 | 2 P= 10 T= 5 A= 30 D= 8.5 | 3 P= 6.7 T= 5 A= -10 D= -1.5 | 4 P= 10 T= 5 A= -30 D= -4 | 5 P= 13.3 T= -5 A= 10 D= 1.5 | 6 P= 3.3 T= 5 A= 10 D= 1 | 7 P= 10 T= -5 A= 30 D= 4 | 8 P= 20 T= 0 A= 0 D= 5 | 9 P= 13.3 T= -10 A= -20 D= -7 | DOMINANT THREAT= 8 ( 5 ) | D79 WEIGHTED= 2.3 | THREAT BREADTH= 0 | LOSER ACCEL BREADTH= 1 | THREAT CONCENTRATION= 46.2 % | T LOSS= -5 | A LOSS= 3.3 | EVEN LEADER= 2 | EVEN FASTEST= 2 | D EVEN= 1.6 | T EVEN= 5 | A EVEN= 5 | EVEN ACCEL BREADTH= 3 | A WIN= -1.4 | A EDGE= -4.8 | A EVEN EDGE= 1.7 | DEEP UNDER7%= 71.8 | PREDICTION= 7 | STAKE= 10 | LOSS STREAK= 0 | VETO=
2026-09-10,21:39:05 GMT,UNDER 7 SIGNAL | ID= 712 | DIGIT= 0 | REGIME= WINNERS ADVANCING | PREV REGIME= WARMUP | 0 P= 3.3 T= 5 A= 10 D= 1 | 1 P= 10 T= -5 A= -30 D= -8.5 | 2 P= 10 T= 5 A= 30 D= 8.5 | 3 P= 10 T= 5 A= 30 D= 8.5 | 4 P= 10 T= 5 A= -30 D= -4 | 5 P= 13.3 T= -5 A= 10 D= 1.5 | 6 P= 3.3 T= 5 A= 10 D= 1 | 7 P= 6.7 T= -5 A= -10 D= -6 | 8 P= 20 T= 0 A= 0 D= 5 | 9 P= 13.3 T= -10 A= -20 D= -7 | DOMINANT THREAT= 8 ( 5 ) | D79 WEIGHTED= -0.7 | THREAT BREADTH= 0 | LOSER ACCEL BREADTH= 0 | THREAT CONCENTRATION= 50 % | T LOSS= -5 | A LOSS= -10 | EVEN LEADER= 2 | EVEN FASTEST= 2 | D EVEN= 1.6 | T EVEN= 5 | A EVEN= 5 | EVEN ACCEL BREADTH= 3 | A WIN= 4.3 | A EDGE= 14.3 | A EVEN EDGE= 15 | DEEP UNDER7%= 71.8 | PREDICTION= 7 | STAKE= 10 | LOSS STREAK= 0 | VETO= NO FRESH 7-9 TRIGGER
2026-09-10,21:39:05 GMT,UNDER 7 SIGNAL | ID= 709 | DIGIT= 3 | REGIME= WINNERS ADVANCING | PREV REGIME= WARMUP | 0 P= 0 T= 0 A= 0 D= -5 | 1 P= 10 T= 5 A= -30 D= -4 | 2 P= 13.3 T= 0 A= 40 D= 10 | 3 P= 10 T= 5 A= 30 D= 8.5 | 4 P= 6.7 T= 0 A= -40 D= -10 | 5 P= 16.7 T= -10 A= 20 D= 3 | 6 P= 3.3 T= 5 A= 10 D= 1 | 7 P= 10 T= -5 A= -30 D= -8.5 | 8 P= 16.7 T= 0 A= 20 D= 7.5 | 9 P= 13.3 T= 0 A= -20 D= -2.5 | DOMINANT THREAT= 8 ( 7.5 ) | D79 WEIGHTED= 1.3 | THREAT BREADTH= 0 | LOSER ACCEL BREADTH= 1 | THREAT CONCENTRATION= 41.7 % | T LOSS= -1.7 | A LOSS= -10 | EVEN LEADER= 2 | EVEN FASTEST= 2 | D EVEN= -1 | T EVEN= 1.3 | A EVEN= 2.5 | EVEN ACCEL BREADTH= 2 | A WIN= 4.3 | A EDGE= 14.3 | A EVEN EDGE= 12.5 | DEEP UNDER7%= 71.8 | PREDICTION= 7 | STAKE= 10 | LOSS STREAK= 0 | VETO= NO FRESH 7-9 TRIGGER
2026-09-10,21:39:05 GMT,UNDER 7 SIGNAL | ID= 708 | DIGIT= 6 | REGIME= WINNERS ADVANCING | PREV REGIME= WARMUP | 0 P= 0 T= 0 A= 0 D= -5 | 1 P= 10 T= 5 A= -30 D= -4 | 2 P= 13.3 T= 0 A= 40 D= 10 | 3 P= 10 T= -5 A= 30 D= 4 | 4 P= 6.7 T= 0 A= -40 D= -10 | 5 P= 16.7 T= 0 A= 20 D= 7.5 | 6 P= 3.3 T= 5 A= 10 D= 1 | 7 P= 10 T= -5 A= -30 D= -8.5 | 8 P= 16.7 T= 0 A= 20 D= 7.5 | 9 P= 13.3 T= 0 A= -20 D= -2.5 | DOMINANT THREAT= 8 ( 7.5 ) | D79 WEIGHTED= 1.3 | THREAT BREADTH= 0 | LOSER ACCEL BREADTH= 1 | THREAT CONCENTRATION= 41.7 % | T LOSS= -1.7 | A LOSS= -10 | EVEN LEADER= 2 | EVEN FASTEST= 2 | D EVEN= -1 | T EVEN= 1.3 | A EVEN= 2.5 | EVEN ACCEL BREADTH= 2 | A WIN= 4.3 | A EDGE= 14.3 | A EVEN EDGE= 12.5 | DEEP UNDER7%= 71.8 | PREDICTION= 7 | STAKE= 10 | LOSS STREAK= 0 | VETO= NO FRESH 7-9 TRIGGER
2026-09-10,21:39:05 GMT,UNDER 7 SIGNAL | ID= 704 | DIGIT= 5 | REGIME= WINNERS ADVANCING | PREV REGIME= WARMUP | 0 P= 0 T= 0 A= 0 D= -5 | 1 P= 10 T= 10 A= 0 D= 4.5 | 2 P= 6.7 T= -5 A= -10 D= -6 | 3 P= 13.3 T= -10 A= 40 D= 5.5 | 4 P= 6.7 T= 10 A= 20 D= 7 | 5 P= 16.7 T= 5 A= -10 D= 3.5 | 6 P= 0 T= 0 A= 0 D= -5 | 7 P= 16.7 T= -15 A= -10 D= -5.5 | 8 P= 13.3 T= 5 A= 10 D= 6 | 9 P= 16.7 T= 0 A= -40 D= -5 | DOMINANT THREAT= 8 ( 6 ) | D79 WEIGHTED= 0.4 | THREAT BREADTH= 1 | LOSER ACCEL BREADTH= 1 | THREAT CONCENTRATION= 35.7 % | T LOSS= -3.3 | A LOSS= -13.3 | EVEN LEADER= 4 | EVEN FASTEST= 4 | D EVEN= -2.2 | T EVEN= 1.3 | A EVEN= 2.5 | EVEN ACCEL BREADTH= 1 | A WIN= 5.7 | A EDGE= 19 | A EVEN EDGE= 15.8 | DEEP UNDER7%= 71.8 | PREDICTION= 7 | STAKE= 10 | LOSS STREAK= 0 | VETO= NO FRESH 7-9 TRIGGER
2026-09-10,21:39:05 GMT,UNDER 7 SIGNAL | ID= 703 | DIGIT= 3 | REGIME= WINNERS ADVANCING | PREV REGIME= WARMUP | 0 P= 0 T= 0 A= 0 D= -5 | 1 P= 10 T= 10 A= 0 D= 4.5 | 2 P= 6.7 T= -5 A= -10 D= -6 | 3 P= 13.3 T= -10 A= 40 D= 5.5 | 4 P= 6.7 T= 10 A= 20 D= 7 | 5 P= 13.3 T= 0 A= -20 D= -2.5 | 6 P= 0 T= 0 A= 0 D= -5 | 7 P= 16.7 T= -15 A= -10 D= -5.5 | 8 P= 13.3 T= 10 A= -20 D= 2 | 9 P= 20 T= 0 A= 0 D= 5 | DOMINANT THREAT= 9 ( 5 ) | D79 WEIGHTED= 2 | THREAT BREADTH= 1 | LOSER ACCEL BREADTH= 0 | THREAT CONCENTRATION= 40 % | T LOSS= -1.7 | A LOSS= -10 | EVEN LEADER= 4 | EVEN FASTEST= 4 | D EVEN= -2.2 | T EVEN= 1.3 | A EVEN= 2.5 | EVEN ACCEL BREADTH= 1 | A WIN= 4.3 | A EDGE= 14.3 | A EVEN EDGE= 12.5 | DEEP UNDER7%= 71.8 | PREDICTION= 7 | STAKE= 10 | LOSS STREAK= 0 | VETO= NO FRESH 7-9 TRIGGER
2026-09-10,21:39:05 GMT,UNDER 7 SIGNAL | ID= 671 | DIGIT= 1 | REGIME= WINNERS ADVANCING | PREV REGIME= WARMUP | 0 P= 0 T= 0 A= 0 D= -5 | 1 P= 6.7 T= 5 A= -10 D= -1.5 | 2 P= 3.3 T= 0 A= -20 D= -7.5 | 3 P= 20 T= -5 A= 30 D= 9 | 4 P= 20 T= 0 A= 0 D= 5 | 5 P= 10 T= 10 A= 0 D= 4.5 | 6 P= 23.3 T= -5 A= 10 D= 6.5 | 7 P= 3.3 T= 5 A= 10 D= 1 | 8 P= 6.7 T= -5 A= -10 D= -6 | 9 P= 6.7 T= -5 A= -10 D= -6 | DOMINANT THREAT= 7 ( 1 ) | D79 WEIGHTED= -2.5 | THREAT BREADTH= 1 | LOSER ACCEL BREADTH= 1 | THREAT CONCENTRATION= 40 % | T LOSS= -1.7 | A LOSS= -3.3 | EVEN LEADER= 6 | EVEN FASTEST= 6 | D EVEN= -0.2 | T EVEN= -1.2 | A EVEN= -2.5 | EVEN ACCEL BREADTH= 1 | A WIN= 1.4 | A EDGE= 4.8 | A EVEN EDGE= 0.8 | DEEP UNDER7%= 72.7 | PREDICTION= 7 | STAKE= 10 | LOSS STREAK= 0 | VETO= NO FRESH 7-9 TRIGGER
2026-09-10,21:39:05 GMT,UNDER 7 SIGNAL | ID= 670 | DIGIT= 4 | REGIME= WINNERS ADVANCING | PREV REGIME= WARMUP | 0 P= 0 T= 0 A= 0 D= -5 | 1 P= 3.3 T= 0 A= -20 D= -7.5 | 2 P= 3.3 T= 0 A= -20 D= -7.5 | 3 P= 20 T= -5 A= 30 D= 9 | 4 P= 23.3 T= 0 A= -20 D= 2.5 | 5 P= 10 T= 10 A= 0 D= 4.5 | 6 P= 23.3 T= 0 A= 40 D= 15 | 7 P= 3.3 T= 5 A= 10 D= 1 | 8 P= 6.7 T= -5 A= -10 D= -6 | 9 P= 6.7 T= -5 A= -10 D= -6 | DOMINANT THREAT= 7 ( 1 ) | D79 WEIGHTED= -2.5 | THREAT BREADTH= 1 | LOSER ACCEL BREADTH= 1 | THREAT CONCENTRATION= 40 % | T LOSS= -1.7 | A LOSS= -3.3 | EVEN LEADER= 6 | EVEN FASTEST= 6 | D EVEN= 1.3 | T EVEN= 0 | A EVEN= 0 | EVEN ACCEL BREADTH= 1 | A WIN= 1.4 | A EDGE= 4.8 | A EVEN EDGE= 3.3 | DEEP UNDER7%= 72.6 | PREDICTION= 7 | STAKE= 10 | LOSS STREAK= 0 | VETO= NO FRESH 7-9 TRIGGER
2026-09-10,21:39:05 GMT,UNDER 7 SIGNAL | ID= 665 | DIGIT= 3 | REGIME= WINNERS ADVANCING | PREV REGIME= WARMUP | 0 P= 0 T= 0 A= 0 D= -5 | 1 P= 6.7 T= 0 A= 20 D= 2.5 | 2 P= 3.3 T= 5 A= 10 D= 1 | 3 P= 23.3 T= -10 A= -20 D= -2 | 4 P= 23.3 T= 0 A= 40 D= 15 | 5 P= 6.7 T= 5 A= -10 D= -1.5 | 6 P= 16.7 T= 5 A= -10 D= 3.5 | 7 P= 3.3 T= 5 A= 10 D= 1 | 8 P= 6.7 T= -5 A= -10 D= -6 | 9 P= 10 T= -5 A= -30 D= -8.5 | DOMINANT THREAT= 7 ( 1 ) | D79 WEIGHTED= -3 | THREAT BREADTH= 1 | LOSER ACCEL BREADTH= 1 | THREAT CONCENTRATION= 50 % | T LOSS= -1.7 | A LOSS= -10 | EVEN LEADER= 4 | EVEN FASTEST= 4 | D EVEN= 3.6 | T EVEN= 2.5 | A EVEN= 10 | EVEN ACCEL BREADTH= 2 | A WIN= 4.3 | A EDGE= 14.3 | A EVEN EDGE= 20 | DEEP UNDER7%= 72.6 | PREDICTION= 7 | STAKE= 10 | LOSS STREAK= 0 | VETO= NO FRESH 7-9 TRIGGER
2026-09-10,21:39:05 GMT,UNDER 7 SIGNAL | ID= 662 | DIGIT= 5 | REGIME= WINNERS ADVANCING | PREV REGIME= WARMUP | 0 P= 0 T= 0 A= 0 D= -5 | 1 P= 6.7 T= 0 A= 20 D= 2.5 | 2 P= 3.3 T= 5 A= 10 D= 1 | 3 P= 20 T= -5 A= -30 D= -3.5 | 4 P= 23.3 T= -10 A= 40 D= 10.5 | 5 P= 6.7 T= 10 A= 20 D= 7 | 6 P= 20 T= 5 A= -30 D= 1 | 7 P= 0 T= 0 A= 0 D= -5 | 8 P= 10 T= 0 A= 0 D= 0 | 9 P= 10 T= -5 A= -30 D= -8.5 | DOMINANT THREAT= 8 ( 0 ) | D79 WEIGHTED= -3.2 | THREAT BREADTH= 0 | LOSER ACCEL BREADTH= 0 | THREAT CONCENTRATION= 50 % | T LOSS= -1.7 | A LOSS= -10 | EVEN LEADER= 4 | EVEN FASTEST= 4 | D EVEN= 1.9 | T EVEN= 0 | A EVEN= 5 | EVEN ACCEL BREADTH= 2 | A WIN= 4.3 | A EDGE= 14.3 | A EVEN EDGE= 15 | DEEP UNDER7%= 72.7 | PREDICTION= 7 | STAKE= 10 | LOSS STREAK= 0 | VETO= NO FRESH 7-9 TRIGGER
2026-09-10,21:39:05 GMT,YOU WON | Total profit: $ 20.24
2026-09-10,21:39:05 GMT,Profit amount: 3.7
2026-09-10,21:39:05 GMT,Bought: Win payout if the last digit of Volatility 10 (1s) Index is strictly lower than 7 after 1 ticks. (ID: 23904422379)
2026-09-10,21:39:05 GMT,UNDER 7 SIGNAL | ID= 651 | DIGIT= 9 | REGIME= WINNERS ADVANCING | PREV REGIME= WARMUP | 0 P= 3.3 T= -5 A= 10 D= -3.5 | 1 P= 3.3 T= 0 A= -20 D= -7.5 | 2 P= 6.7 T= -10 A= 20 D= -2 | 3 P= 26.7 T= 5 A= -10 D= 8.5 | 4 P= 16.7 T= 5 A= -10 D= 3.5 | 5 P= 0 T= 0 A= 0 D= -5 | 6 P= 13.3 T= 15 A= 10 D= 10.5 | 7 P= 6.7 T= -10 A= 20 D= -2 | 8 P= 13.3 T= 0 A= -20 D= -2.5 | 9 P= 10 T= 0 A= 0 D= 0 | DOMINANT THREAT= 9 ( 0 ) | D79 WEIGHTED= -1.1 | THREAT BREADTH= 0 | LOSER ACCEL BREADTH= 1 | THREAT CONCENTRATION= 44.4 % | T LOSS= -3.3 | A LOSS= 0 | EVEN LEADER= 6 | EVEN FASTEST= 2 | D EVEN= 2.1 | T EVEN= 1.3 | A EVEN= 7.5 | EVEN ACCEL BREADTH= 3 | A WIN= 0 | A EDGE= 0 | A EVEN EDGE= 7.5 | DEEP UNDER7%= 72.9 | PREDICTION= 7 | STAKE= 10 | LOSS STREAK= 0 | VETO=
2026-09-10,21:39:05 GMT,UNDER 7 SIGNAL | ID= 650 | DIGIT= 3 | REGIME= WINNERS ADVANCING | PREV REGIME= WARMUP | 0 P= 3.3 T= -5 A= 10 D= -3.5 | 1 P= 6.7 T= 0 A= 20 D= 2.5 | 2 P= 6.7 T= -10 A= 20 D= -2 | 3 P= 26.7 T= 10 A= -40 D= 4.5 | 4 P= 16.7 T= 5 A= -10 D= 3.5 | 5 P= 0 T= 0 A= 0 D= -5 | 6 P= 13.3 T= 15 A= 10 D= 10.5 | 7 P= 6.7 T= -10 A= 20 D= -2 | 8 P= 13.3 T= 0 A= -20 D= -2.5 | 9 P= 6.7 T= -5 A= -10 D= -6 | DOMINANT THREAT= 7 ( -2 ) | D79 WEIGHTED= -2.9 | THREAT BREADTH= 0 | LOSER ACCEL BREADTH= 1 | THREAT CONCENTRATION= 50 % | T LOSS= -5 | A LOSS= -3.3 | EVEN LEADER= 6 | EVEN FASTEST= 2 | D EVEN= 2.1 | T EVEN= 1.3 | A EVEN= 7.5 | EVEN ACCEL BREADTH= 3 | A WIN= 1.4 | A EDGE= 4.8 | A EVEN EDGE= 10.8 | DEEP UNDER7%= 72.9 | PREDICTION= 7 | STAKE= 10 | LOSS STREAK= 0 | VETO= NO FRESH 7-9 TRIGGER
2026-09-10,21:39:05 GMT,UNDER 7 SIGNAL | ID= 649 | DIGIT= 6 | REGIME= WINNERS ADVANCING | PREV REGIME= WARMUP | 0 P= 3.3 T= -5 A= 10 D= -3.5 | 1 P= 6.7 T= 0 A= 20 D= 2.5 | 2 P= 6.7 T= -5 A= -10 D= -6 | 3 P= 23.3 T= 10 A= -20 D= 7 | 4 P= 16.7 T= 5 A= -10 D= 3.5 | 5 P= 3.3 T= -5 A= 10 D= -3.5 | 6 P= 13.3 T= 15 A= 10 D= 10.5 | 7 P= 6.7 T= -10 A= 20 D= -2 | 8 P= 13.3 T= 0 A= -20 D= -2.5 | 9 P= 6.7 T= -5 A= -10 D= -6 | DOMINANT THREAT= 7 ( -2 ) | D79 WEIGHTED= -2.9 | THREAT BREADTH= 0 | LOSER ACCEL BREADTH= 1 | THREAT CONCENTRATION= 50 % | T LOSS= -5 | A LOSS= -3.3 | EVEN LEADER= 6 | EVEN FASTEST= 0 | D EVEN= 1.1 | T EVEN= 2.5 | A EVEN= 0 | EVEN ACCEL BREADTH= 2 | A WIN= 1.4 | A EDGE= 4.8 | A EVEN EDGE= 3.3 | DEEP UNDER7%= 72.9 | PREDICTION= 7 | STAKE= 10 | LOSS STREAK= 0 | VETO= NO FRESH 7-9 TRIGGER
2026-09-10,21:39:05 GMT,UNDER 7 SIGNAL | ID= 648 | DIGIT= 3 | REGIME= WINNERS ADVANCING | PREV REGIME= WARMUP | 0 P= 3.3 T= -5 A= 10 D= -3.5 | 1 P= 6.7 T= 0 A= 20 D= 2.5 | 2 P= 6.7 T= -5 A= -10 D= -6 | 3 P= 23.3 T= 15 A= -50 D= 3 | 4 P= 16.7 T= 10 A= 20 D= 12 | 5 P= 3.3 T= -5 A= 10 D= -3.5 | 6 P= 10 T= 10 A= 0 D= 4.5 | 7 P= 10 T= -15 A= 30 D= -0.5 | 8 P= 13.3 T= 0 A= -20 D= -2.5 | 9 P= 6.7 T= -5 A= -10 D= -6 | DOMINANT THREAT= 7 ( -0.5 ) | D79 WEIGHTED= -2.2 | THREAT BREADTH= 0 | LOSER ACCEL BREADTH= 1 | THREAT CONCENTRATION= 44.4 % | T LOSS= -6.7 | A LOSS= 0 | EVEN LEADER= 4 | EVEN FASTEST= 4 | D EVEN= 1.8 | T EVEN= 2.5 | A EVEN= 5 | EVEN ACCEL BREADTH= 2 | A WIN= 0 | A EDGE= 0 | A EVEN EDGE= 5 | DEEP UNDER7%= 72.9 | PREDICTION= 7 | STAKE= 10 | LOSS STREAK= 0 | VETO= NO FRESH 7-9 TRIGGER
2026-09-10,21:39:05 GMT,UNDER 7 SIGNAL | ID= 635 | DIGIT= 6 | REGIME= WINNERS ADVANCING | PREV REGIME= WARMUP | 0 P= 3.3 T= 5 A= 10 D= 1 | 1 P= 10 T= -5 A= -30 D= -8.5 | 2 P= 10 T= 5 A= -30 D= -4 | 3 P= 16.7 T= 5 A= 50 D= 16 | 4 P= 13.3 T= 5 A= 10 D= 6 | 5 P= 6.7 T= -5 A= -10 D= -6 | 6 P= 6.7 T= 0 A= 20 D= 2.5 | 7 P= 13.3 T= 0 A= -20 D= -2.5 | 8 P= 13.3 T= -5 A= 10 D= 1.5 | 9 P= 6.7 T= -5 A= -10 D= -6 | DOMINANT THREAT= 8 ( 1.5 ) | D79 WEIGHTED= -1.2 | THREAT BREADTH= 0 | LOSER ACCEL BREADTH= 1 | THREAT CONCENTRATION= 40 % | T LOSS= -3.3 | A LOSS= -6.7 | EVEN LEADER= 4 | EVEN FASTEST= 6 | D EVEN= 1.4 | T EVEN= 3.8 | A EVEN= 2.5 | EVEN ACCEL BREADTH= 3 | A WIN= 2.9 | A EDGE= 9.5 | A EVEN EDGE= 9.2 | DEEP UNDER7%= 72.9 | PREDICTION= 7 | STAKE= 10 | LOSS STREAK= 0 | VETO= NO FRESH 7-9 TRIGGER
2026-09-10,21:39:05 GMT,UNDER 7 SIGNAL | ID= 634 | DIGIT= 4 | REGIME= WINNERS ADVANCING | PREV REGIME= WARMUP | 0 P= 3.3 T= 5 A= 10 D= 1 | 1 P= 10 T= -5 A= -30 D= -8.5 | 2 P= 13.3 T= 5 A= 10 D= 6 | 3 P= 16.7 T= 5 A= 50 D= 16 | 4 P= 13.3 T= 5 A= 10 D= 6 | 5 P= 6.7 T= -5 A= -10 D= -6 | 6 P= 3.3 T= -5 A= 10 D= -3.5 | 7 P= 13.3 T= 5 A= -50 D= -6.5 | 8 P= 13.3 T= -5 A= 10 D= 1.5 | 9 P= 6.7 T= -5 A= -10 D= -6 | DOMINANT THREAT= 8 ( 1.5 ) | D79 WEIGHTED= -2.3 | THREAT BREADTH= 1 | LOSER ACCEL BREADTH= 1 | THREAT CONCENTRATION= 40 % | T LOSS= -1.7 | A LOSS= -16.7 | EVEN LEADER= 2 | EVEN FASTEST= 0 | D EVEN= 2.4 | T EVEN= 2.5 | A EVEN= 10 | EVEN ACCEL BREADTH= 4 | A WIN= 7.1 | A EDGE= 23.8 | A EVEN EDGE= 26.7 | DEEP UNDER7%= 72.9 | PREDICTION= 7 | STAKE= 10 | LOSS STREAK= 0 | VETO= NO FRESH 7-9 TRIGGER
2026-09-10,21:39:05 GMT,UNDER 7 SIGNAL | ID= 605 | DIGIT= 2 | REGIME= WINNERS ADVANCING | PREV REGIME= WARMUP | 0 P= 23.3 T= 0 A= -20 D= 2.5 | 1 P= 3.3 T= -5 A= 10 D= -3.5 | 2 P= 16.7 T= 10 A= 20 D= 12 | 3 P= 6.7 T= -5 A= -10 D= -6 | 4 P= 10 T= 5 A= -30 D= -4 | 5 P= 6.7 T= 0 A= 20 D= 2.5 | 6 P= 6.7 T= 0 A= 20 D= 2.5 | 7 P= 13.3 T= 5 A= 10 D= 6 | 8 P= 0 T= 0 A= 0 D= -5 | 9 P= 13.3 T= -10 A= -20 D= -7 | DOMINANT THREAT= 7 ( 6 ) | D79 WEIGHTED= 0.1 | THREAT BREADTH= 1 | LOSER ACCEL BREADTH= 1 | THREAT CONCENTRATION= 50 % | T LOSS= -1.7 | A LOSS= -3.3 | EVEN LEADER= 2 | EVEN FASTEST= 2 | D EVEN= 3.3 | T EVEN= 3.8 | A EVEN= -2.5 | EVEN ACCEL BREADTH= 2 | A WIN= 1.4 | A EDGE= 4.8 | A EVEN EDGE= 0.8 | DEEP UNDER7%= 73 | PREDICTION= 7 | STAKE= 10 | LOSS STREAK= 0 | VETO= NO FRESH 7-9 TRIGGER
2026-09-10,21:39:05 GMT,UNDER 7 SIGNAL | ID= 581 | DIGIT= 2 | REGIME= WINNERS ADVANCING | PREV REGIME= WARMUP | 0 P= 13.3 T= 5 A= 10 D= 6 | 1 P= 3.3 T= 0 A= -20 D= -7.5 | 2 P= 10 T= 10 A= 0 D= 4.5 | 3 P= 13.3 T= 5 A= 10 D= 6 | 4 P= 6.7 T= 0 A= -40 D= -10 | 5 P= 20 T= -5 A= 30 D= 9 | 6 P= 13.3 T= -10 A= 40 D= 5.5 | 7 P= 3.3 T= 5 A= 10 D= 1 | 8 P= 3.3 T= -5 A= 10 D= -3.5 | 9 P= 13.3 T= -5 A= -50 D= -11 | DOMINANT THREAT= 7 ( 1 ) | D79 WEIGHTED= -2.7 | THREAT BREADTH= 1 | LOSER ACCEL BREADTH= 2 | THREAT CONCENTRATION= 66.7 % | T LOSS= -1.7 | A LOSS= -10 | EVEN LEADER= 0 | EVEN FASTEST= 6 | D EVEN= 1.5 | T EVEN= 1.3 | A EVEN= 2.5 | EVEN ACCEL BREADTH= 2 | A WIN= 4.3 | A EDGE= 14.3 | A EVEN EDGE= 12.5 | DEEP UNDER7%= 73.2 | PREDICTION= 7 | STAKE= 10 | LOSS STREAK= 0 | VETO= NO FRESH 7-9 TRIGGER
2026-09-10,21:39:05 GMT,UNDER 7 SIGNAL | ID= 578 | DIGIT= 5 | REGIME= WINNERS ADVANCING | PREV REGIME= WARMUP | 0 P= 16.7 T= 0 A= 20 D= 7.5 | 1 P= 3.3 T= 0 A= -20 D= -7.5 | 2 P= 6.7 T= 10 A= 20 D= 7 | 3 P= 10 T= 10 A= 0 D= 4.5 | 4 P= 6.7 T= 0 A= -40 D= -10 | 5 P= 20 T= -5 A= 30 D= 9 | 6 P= 16.7 T= -10 A= 20 D= 3 | 7 P= 3.3 T= -5 A= 10 D= -3.5 | 8 P= 3.3 T= 0 A= -20 D= -7.5 | 9 P= 13.3 T= 0 A= -20 D= -2.5 | DOMINANT THREAT= 9 ( -2.5 ) | D79 WEIGHTED= -3.8 | THREAT BREADTH= 0 | LOSER ACCEL BREADTH= 1 | THREAT CONCENTRATION= 66.7 % | T LOSS= -1.7 | A LOSS= -10 | EVEN LEADER= 0 | EVEN FASTEST= 0 | D EVEN= 1.9 | T EVEN= 0 | A EVEN= 5 | EVEN ACCEL BREADTH= 3 | A WIN= 4.3 | A EDGE= 14.3 | A EVEN EDGE= 15 | DEEP UNDER7%= 73.3 | PREDICTION= 7 | STAKE= 10 | LOSS STREAK= 0 | VETO= NO FRESH 7-9 TRIGGER
2026-09-10,21:39:05 GMT,UNDER 7 SIGNAL | ID= 577 | DIGIT= 0 | REGIME= WINNERS ADVANCING | PREV REGIME= WARMUP | 0 P= 16.7 T= 0 A= 20 D= 7.5 | 1 P= 3.3 T= 5 A= 10 D= 1 | 2 P= 6.7 T= 10 A= 20 D= 7 | 3 P= 10 T= 10 A= 0 D= 4.5 | 4 P= 6.7 T= 0 A= -40 D= -10 | 5 P= 16.7 T= -10 A= 20 D= 3 | 6 P= 20 T= -10 A= 0 D= 0.5 | 7 P= 3.3 T= -5 A= 10 D= -3.5 | 8 P= 3.3 T= 0 A= -20 D= -7.5 | 9 P= 13.3 T= 0 A= -20 D= -2.5 | DOMINANT THREAT= 9 ( -2.5 ) | D79 WEIGHTED= -3.8 | THREAT BREADTH= 0 | LOSER ACCEL BREADTH= 1 | THREAT CONCENTRATION= 66.7 % | T LOSS= -1.7 | A LOSS= -10 | EVEN LEADER= 0 | EVEN FASTEST= 0 | D EVEN= 1.3 | T EVEN= 0 | A EVEN= 0 | EVEN ACCEL BREADTH= 2 | A WIN= 4.3 | A EDGE= 14.3 | A EVEN EDGE= 10 | DEEP UNDER7%= 73.3 | PREDICTION= 7 | STAKE= 10 | LOSS STREAK= 0 | VETO= NO FRESH 7-9 TRIGGER
2026-09-10,21:39:05 GMT,UNDER 7 SIGNAL | ID= 576 | DIGIT= 6 | REGIME= WINNERS ADVANCING | PREV REGIME= WARMUP | 0 P= 16.7 T= -10 A= 20 D= 3 | 1 P= 3.3 T= 5 A= 10 D= 1 | 2 P= 6.7 T= 10 A= 20 D= 7 | 3 P= 10 T= 10 A= 0 D= 4.5 | 4 P= 6.7 T= 5 A= -10 D= -1.5 | 5 P= 16.7 T= -10 A= 20 D= 3 | 6 P= 20 T= -5 A= -30 D= -3.5 | 7 P= 3.3 T= -5 A= 10 D= -3.5 | 8 P= 3.3 T= 0 A= -20 D= -7.5 | 9 P= 13.3 T= 0 A= -20 D= -2.5 | DOMINANT THREAT= 9 ( -2.5 ) | D79 WEIGHTED= -3.8 | THREAT BREADTH= 0 | LOSER ACCEL BREADTH= 1 | THREAT CONCENTRATION= 66.7 % | T LOSS= -1.7 | A LOSS= -10 | EVEN LEADER= 2 | EVEN FASTEST= 0 | D EVEN= 1.3 | T EVEN= 0 | A EVEN= 0 | EVEN ACCEL BREADTH= 2 | A WIN= 4.3 | A EDGE= 14.3 | A EVEN EDGE= 10 | DEEP UNDER7%= 73.2 | PREDICTION= 7 | STAKE= 10 | LOSS STREAK= 0 | VETO= NO FRESH 7-9 TRIGGER
2026-09-10,21:39:05 GMT,UNDER 7 SIGNAL | ID= 570 | DIGIT= 3 | REGIME= WINNERS ADVANCING | PREV REGIME= WARMUP | 0 P= 13.3 T= 0 A= -20 D= -2.5 | 1 P= 3.3 T= 5 A= 10 D= 1 | 2 P= 10 T= -5 A= 30 D= 4 | 3 P= 6.7 T= 5 A= -10 D= -1.5 | 4 P= 10 T= 5 A= 30 D= 8.5 | 5 P= 13.3 T= 5 A= -50 D= -6.5 | 6 P= 16.7 T= -5 A= -10 D= -1 | 7 P= 6.7 T= -10 A= 20 D= -2 | 8 P= 3.3 T= 0 A= -20 D= -7.5 | 9 P= 16.7 T= 0 A= 20 D= 7.5 | DOMINANT THREAT= 9 ( 7.5 ) | D79 WEIGHTED= 1.7 | THREAT BREADTH= 0 | LOSER ACCEL BREADTH= 2 | THREAT CONCENTRATION= 62.5 % | T LOSS= -3.3 | A LOSS= 6.7 | EVEN LEADER= 4 | EVEN FASTEST= 2 | D EVEN= 2.3 | T EVEN= -1.2 | A EVEN= 7.5 | EVEN ACCEL BREADTH= 2 | A WIN= -2.9 | A EDGE= -9.5 | A EVEN EDGE= 0.8 | DEEP UNDER7%= 73 | PREDICTION= 7 | STAKE= 10 | LOSS STREAK= 0 | VETO= NO FRESH 7-9 TRIGGER
2026-09-10,21:39:05 GMT,UNDER 7 SIGNAL | ID= 565 | DIGIT= 0 | REGIME= WINNERS ADVANCING | PREV REGIME= WARMUP | 0 P= 13.3 T= 10 A= -20 D= 2 | 1 P= 3.3 T= -5 A= 10 D= -3.5 | 2 P= 6.7 T= -10 A= 20 D= -2 | 3 P= 6.7 T= 0 A= 20 D= 2.5 | 4 P= 10 T= -5 A= 30 D= 4 | 5 P= 13.3 T= 5 A= -50 D= -6.5 | 6 P= 16.7 T= 15 A= -10 D= 8 | 7 P= 10 T= -10 A= 0 D= -4.5 | 8 P= 3.3 T= 5 A= 10 D= 1 | 9 P= 16.7 T= -5 A= -10 D= -1 | DOMINANT THREAT= 8 ( 1 ) | D79 WEIGHTED= -0.7 | THREAT BREADTH= 1 | LOSER ACCEL BREADTH= 1 | THREAT CONCENTRATION= 55.6 % | T LOSS= -3.3 | A LOSS= 0 | EVEN LEADER= 6 | EVEN FASTEST= 4 | D EVEN= 3 | T EVEN= 2.5 | A EVEN= 5 | EVEN ACCEL BREADTH= 2 | A WIN= 0 | A EDGE= 0 | A EVEN EDGE= 5 | DEEP UNDER7%= 73 | PREDICTION= 7 | STAKE= 10 | LOSS STREAK= 0 | VETO= NO FRESH 7-9 TRIGGER
2026-09-10,21:39:05 GMT,YOU WON | Total profit: $ 16.54
2026-09-10,21:39:05 GMT,Profit amount: 3.7
2026-09-10,21:39:05 GMT,Bought: Win payout if the last digit of Volatility 10 (1s) Index is strictly lower than 7 after 1 ticks. (ID: 23904196379)
2026-09-10,21:39:05 GMT,UNDER 7 SIGNAL | ID= 564 | DIGIT= 9 | REGIME= WINNERS ADVANCING | PREV REGIME= WARMUP | 0 P= 10 T= 5 A= -30 D= -4 | 1 P= 6.7 T= -10 A= 20 D= -2 | 2 P= 6.7 T= -5 A= -10 D= -6 | 3 P= 6.7 T= 0 A= 20 D= 2.5 | 4 P= 10 T= -5 A= 30 D= 4 | 5 P= 13.3 T= 5 A= 10 D= 6 | 6 P= 16.7 T= 15 A= -10 D= 8 | 7 P= 10 T= -10 A= 0 D= -4.5 | 8 P= 3.3 T= 5 A= 10 D= 1 | 9 P= 16.7 T= 0 A= -40 D= -5 | DOMINANT THREAT= 8 ( 1 ) | D79 WEIGHTED= -1.8 | THREAT BREADTH= 1 | LOSER ACCEL BREADTH= 1 | THREAT CONCENTRATION= 55.6 % | T LOSS= -1.7 | A LOSS= -10 | EVEN LEADER= 6 | EVEN FASTEST= 4 | D EVEN= 0.5 | T EVEN= 2.5 | A EVEN= -5 | EVEN ACCEL BREADTH= 1 | A WIN= 4.3 | A EDGE= 14.3 | A EVEN EDGE= 5 | DEEP UNDER7%= 73 | PREDICTION= 7 | STAKE= 10 | LOSS STREAK= 0 | VETO=
2026-09-10,21:39:05 GMT,UNDER 7 SIGNAL | ID= 563 | DIGIT= 4 | REGIME= WINNERS ADVANCING | PREV REGIME= WARMUP | 0 P= 10 T= 5 A= -30 D= -4 | 1 P= 6.7 T= -10 A= 20 D= -2 | 2 P= 6.7 T= -5 A= -10 D= -6 | 3 P= 6.7 T= 0 A= 20 D= 2.5 | 4 P= 10 T= -5 A= 30 D= 4 | 5 P= 16.7 T= 5 A= 50 D= 16 | 6 P= 16.7 T= 15 A= -10 D= 8 | 7 P= 10 T= -5 A= -30 D= -8.5 | 8 P= 3.3 T= 5 A= 10 D= 1 | 9 P= 13.3 T= -5 A= -50 D= -11 | DOMINANT THREAT= 8 ( 1 ) | D79 WEIGHTED= -4.2 | THREAT BREADTH= 1 | LOSER ACCEL BREADTH= 1 | THREAT CONCENTRATION= 50 % | T LOSS= -1.7 | A LOSS= -23.3 | EVEN LEADER= 6 | EVEN FASTEST= 4 | D EVEN= 0.5 | T EVEN= 2.5 | A EVEN= -5 | EVEN ACCEL BREADTH= 1 | A WIN= 10 | A EDGE= 33.3 | A EVEN EDGE= 18.3 | DEEP UNDER7%= 73 | PREDICTION= 7 | STAKE= 10 | LOSS STREAK= 0 | VETO= NO FRESH 7-9 TRIGGER
2026-09-10,21:39:05 GMT,UNDER 7 SIGNAL | ID= 538 | DIGIT= 4 | REGIME= WINNERS ADVANCING | PREV REGIME= WARMUP | 0 P= 16.7 T= -5 A= -10 D= -1 | 1 P= 13.3 T= 10 A= -20 D= 2 | 2 P= 6.7 T= 0 A= 20 D= 2.5 | 3 P= 10 T= 0 A= 0 D= 0 | 4 P= 13.3 T= 10 A= -20 D= 2 | 5 P= 16.7 T= 5 A= 50 D= 16 | 6 P= 3.3 T= -5 A= 10 D= -3.5 | 7 P= 10 T= -10 A= 0 D= -4.5 | 8 P= 6.7 T= -5 A= -10 D= -6 | 9 P= 3.3 T= 0 A= -20 D= -7.5 | DOMINANT THREAT= 7 ( -4.5 ) | D79 WEIGHTED= -5.5 | THREAT BREADTH= 0 | LOSER ACCEL BREADTH= 0 | THREAT CONCENTRATION= 50 % | T LOSS= -5 | A LOSS= -10 | EVEN LEADER= 2 | EVEN FASTEST= 2 | D EVEN= 0 | T EVEN= 0 | A EVEN= 0 | EVEN ACCEL BREADTH= 2 | A WIN= 4.3 | A EDGE= 14.3 | A EVEN EDGE= 10 | DEEP UNDER7%= 73 | PREDICTION= 7 | STAKE= 10 | LOSS STREAK= 0 | VETO= NO FRESH 7-9 TRIGGER
2026-09-10,21:39:05 GMT,UNDER 7 SIGNAL | ID= 537 | DIGIT= 3 | REGIME= WINNERS ADVANCING | PREV REGIME= WARMUP | 0 P= 16.7 T= 5 A= -10 D= 3.5 | 1 P= 13.3 T= 10 A= -20 D= 2 | 2 P= 10 T= -5 A= 30 D= 4 | 3 P= 10 T= 0 A= 0 D= 0 | 4 P= 10 T= 5 A= -30 D= -4 | 5 P= 16.7 T= 5 A= 50 D= 16 | 6 P= 3.3 T= -5 A= 10 D= -3.5 | 7 P= 10 T= -10 A= 0 D= -4.5 | 8 P= 6.7 T= -5 A= -10 D= -6 | 9 P= 3.3 T= 0 A= -20 D= -7.5 | DOMINANT THREAT= 7 ( -4.5 ) | D79 WEIGHTED= -5.5 | THREAT BREADTH= 0 | LOSER ACCEL BREADTH= 0 | THREAT CONCENTRATION= 50 % | T LOSS= -5 | A LOSS= -10 | EVEN LEADER= 2 | EVEN FASTEST= 2 | D EVEN= 0 | T EVEN= 0 | A EVEN= 0 | EVEN ACCEL BREADTH= 2 | A WIN= 4.3 | A EDGE= 14.3 | A EVEN EDGE= 10 | DEEP UNDER7%= 73 | PREDICTION= 7 | STAKE= 10 | LOSS STREAK= 0 | VETO= NO FRESH 7-9 TRIGGER
2026-09-10,21:39:05 GMT,UNDER 7 SIGNAL | ID= 536 | DIGIT= 5 | REGIME= WINNERS ADVANCING | PREV REGIME= WARMUP | 0 P= 16.7 T= 5 A= -10 D= 3.5 | 1 P= 13.3 T= 10 A= -20 D= 2 | 2 P= 10 T= -5 A= 30 D= 4 | 3 P= 6.7 T= -5 A= -10 D= -6 | 4 P= 10 T= 5 A= -30 D= -4 | 5 P= 16.7 T= 5 A= 50 D= 16 | 6 P= 6.7 T= -10 A= 20 D= -2 | 7 P= 10 T= -5 A= -30 D= -8.5 | 8 P= 6.7 T= 0 A= 20 D= 2.5 | 9 P= 3.3 T= 0 A= -20 D= -7.5 | DOMINANT THREAT= 8 ( 2.5 ) | D79 WEIGHTED= -2.7 | THREAT BREADTH= 0 | LOSER ACCEL BREADTH= 1 | THREAT CONCENTRATION= 50 % | T LOSS= -1.7 | A LOSS= -10 | EVEN LEADER= 2 | EVEN FASTEST= 2 | D EVEN= 0.4 | T EVEN= -1.2 | A EVEN= 2.5 | EVEN ACCEL BREADTH= 2 | A WIN= 4.3 | A EDGE= 14.3 | A EVEN EDGE= 12.5 | DEEP UNDER7%= 72.9 | PREDICTION= 7 | STAKE= 10 | LOSS STREAK= 0 | VETO= NO FRESH 7-9 TRIGGER
2026-09-10,21:39:05 GMT,UNDER 7 SIGNAL | ID= 523 | DIGIT= 3 | REGIME= WINNERS ADVANCING | PREV REGIME= WARMUP | 0 P= 10 T= 15 A= 30 D= 13 | 1 P= 13.3 T= 5 A= 10 D= 6 | 2 P= 10 T= -5 A= -30 D= -8.5 | 3 P= 13.3 T= 0 A= -20 D= -2.5 | 4 P= 13.3 T= -10 A= 40 D= 5.5 | 5 P= 13.3 T= 0 A= -20 D= -2.5 | 6 P= 10 T= 0 A= 0 D= 0 | 7 P= 6.7 T= 5 A= -10 D= -1.5 | 8 P= 10 T= -10 A= 0 D= -4.5 | 9 P= 0 T= 0 A= 0 D= -5 | DOMINANT THREAT= 7 ( -1.5 ) | D79 WEIGHTED= -3.1 | THREAT BREADTH= 1 | LOSER ACCEL BREADTH= 0 | THREAT CONCENTRATION= 60 % | T LOSS= -1.7 | A LOSS= -3.3 | EVEN LEADER= 0 | EVEN FASTEST= 4 | D EVEN= 2.5 | T EVEN= 0 | A EVEN= 10 | EVEN ACCEL BREADTH= 2 | A WIN= 1.4 | A EDGE= 4.8 | A EVEN EDGE= 13.3 | DEEP UNDER7%= 72.8 | PREDICTION= 7 | STAKE= 10 | LOSS STREAK= 0 | VETO= NO FRESH 7-9 TRIGGER
2026-09-10,21:39:05 GMT,UNDER 7 SIGNAL | ID= 522 | DIGIT= 0 | REGIME= WINNERS ADVANCING | PREV REGIME= WARMUP | 0 P= 10 T= 15 A= 30 D= 13 | 1 P= 13.3 T= 5 A= 10 D= 6 | 2 P= 13.3 T= -5 A= -50 D= -11 | 3 P= 10 T= -5 A= -30 D= -8.5 | 4 P= 13.3 T= -10 A= 40 D= 5.5 | 5 P= 13.3 T= 5 A= 10 D= 6 | 6 P= 10 T= 0 A= 0 D= 0 | 7 P= 6.7 T= 5 A= -10 D= -1.5 | 8 P= 10 T= -10 A= 0 D= -4.5 | 9 P= 0 T= 0 A= 0 D= -5 | DOMINANT THREAT= 7 ( -1.5 ) | D79 WEIGHTED= -3.1 | THREAT BREADTH= 1 | LOSER ACCEL BREADTH= 0 | THREAT CONCENTRATION= 60 % | T LOSS= -1.7 | A LOSS= -3.3 | EVEN LEADER= 0 | EVEN FASTEST= 4 | D EVEN= 1.9 | T EVEN= 0 | A EVEN= 5 | EVEN ACCEL BREADTH= 2 | A WIN= 1.4 | A EDGE= 4.8 | A EVEN EDGE= 8.3 | DEEP UNDER7%= 72.8 | PREDICTION= 7 | STAKE= 10 | LOSS STREAK= 0 | VETO= NO FRESH 7-9 TRIGGER
2026-09-10,21:39:05 GMT,UNDER 7 SIGNAL | ID= 521 | DIGIT= 1 | REGIME= WINNERS ADVANCING | PREV REGIME= WARMUP | 0 P= 6.7 T= 10 A= 20 D= 7 | 1 P= 13.3 T= 5 A= 10 D= 6 | 2 P= 13.3 T= -5 A= -50 D= -11 | 3 P= 10 T= 0 A= 0 D= 0 | 4 P= 13.3 T= -10 A= 40 D= 5.5 | 5 P= 13.3 T= 5 A= 10 D= 6 | 6 P= 13.3 T= 0 A= -20 D= -2.5 | 7 P= 6.7 T= 5 A= -10 D= -1.5 | 8 P= 10 T= -10 A= 0 D= -4.5 | 9 P= 0 T= 0 A= 0 D= -5 | DOMINANT THREAT= 7 ( -1.5 ) | D79 WEIGHTED= -3.1 | THREAT BREADTH= 1 | LOSER ACCEL BREADTH= 0 | THREAT CONCENTRATION= 60 % | T LOSS= -1.7 | A LOSS= -3.3 | EVEN LEADER= 0 | EVEN FASTEST= 4 | D EVEN= -0.2 | T EVEN= -1.2 | A EVEN= -2.5 | EVEN ACCEL BREADTH= 2 | A WIN= 1.4 | A EDGE= 4.8 | A EVEN EDGE= 0.8 | DEEP UNDER7%= 72.8 | PREDICTION= 7 | STAKE= 10 | LOSS STREAK= 0 | VETO= NO FRESH 7-9 TRIGGER
2026-09-10,21:39:05 GMT,UNDER 7 SIGNAL | ID= 509 | DIGIT= 2 | REGIME= WINNERS ADVANCING | PREV REGIME= WARMUP | 0 P= 6.7 T= -10 A= 20 D= -2 | 1 P= 10 T= 0 A= 0 D= 0 | 2 P= 13.3 T= 15 A= 10 D= 10.5 | 3 P= 6.7 T= 5 A= -10 D= -1.5 | 4 P= 20 T= -5 A= -30 D= -3.5 | 5 P= 10 T= 0 A= 0 D= 0 | 6 P= 16.7 T= 0 A= 20 D= 7.5 | 7 P= 10 T= -10 A= 0 D= -4.5 | 8 P= 6.7 T= 5 A= -10 D= -1.5 | 9 P= 0 T= 0 A= 0 D= -5 | DOMINANT THREAT= 8 ( -1.5 ) | D79 WEIGHTED= -3.1 | THREAT BREADTH= 1 | LOSER ACCEL BREADTH= 0 | THREAT CONCENTRATION= 60 % | T LOSS= -1.7 | A LOSS= -3.3 | EVEN LEADER= 2 | EVEN FASTEST= 0 | D EVEN= 3.1 | T EVEN= 0 | A EVEN= 5 | EVEN ACCEL BREADTH= 3 | A WIN= 1.4 | A EDGE= 4.8 | A EVEN EDGE= 8.3 | DEEP UNDER7%= 72.7 | PREDICTION= 7 | STAKE= 10 | LOSS STREAK= 0 | VETO= NO FRESH 7-9 TRIGGER
2026-09-10,21:39:05 GMT,YOU WON | Total profit: $ 12.84
2026-09-10,21:39:05 GMT,Profit amount: 3.7
2026-09-10,21:39:05 GMT,Bought: Win payout if the last digit of Volatility 10 (1s) Index is strictly lower than 7 after 1 ticks. (ID: 23903956739)
2026-09-10,21:39:05 GMT,UNDER 7 SIGNAL | ID= 487 | DIGIT= 7 | REGIME= WINNERS ADVANCING | PREV REGIME= WARMUP | 0 P= 16.7 T= -5 A= -10 D= -1 | 1 P= 16.7 T= 5 A= -10 D= 3.5 | 2 P= 3.3 T= -5 A= 10 D= -3.5 | 3 P= 6.7 T= -5 A= -10 D= -6 | 4 P= 6.7 T= 5 A= -10 D= -1.5 | 5 P= 6.7 T= 0 A= 20 D= 2.5 | 6 P= 13.3 T= 20 A= 40 D= 19 | 7 P= 20 T= -10 A= 0 D= 0.5 | 8 P= 3.3 T= -5 A= 10 D= -3.5 | 9 P= 6.7 T= 0 A= -40 D= -10 | DOMINANT THREAT= 7 ( 0.5 ) | D79 WEIGHTED= -2.8 | THREAT BREADTH= 0 | LOSER ACCEL BREADTH= 1 | THREAT CONCENTRATION= 66.7 % | T LOSS= -5 | A LOSS= -10 | EVEN LEADER= 6 | EVEN FASTEST= 6 | D EVEN= 3.3 | T EVEN= 3.8 | A EVEN= 7.5 | EVEN ACCEL BREADTH= 2 | A WIN= 4.3 | A EDGE= 14.3 | A EVEN EDGE= 17.5 | DEEP UNDER7%= 72.7 | PREDICTION= 7 | STAKE= 10 | LOSS STREAK= 0 | VETO=
2026-09-10,21:39:05 GMT,UNDER 7 SIGNAL | ID= 486 | DIGIT= 6 | REGIME= WINNERS ADVANCING | PREV REGIME= WARMUP | 0 P= 16.7 T= -5 A= -10 D= -1 | 1 P= 20 T= 5 A= 30 D= 13.5 | 2 P= 3.3 T= -5 A= 10 D= -3.5 | 3 P= 6.7 T= -5 A= -10 D= -6 | 4 P= 6.7 T= 5 A= -10 D= -1.5 | 5 P= 6.7 T= 0 A= 20 D= 2.5 | 6 P= 13.3 T= 20 A= 40 D= 19 | 7 P= 16.7 T= -10 A= -40 D= -9.5 | 8 P= 3.3 T= -5 A= 10 D= -3.5 | 9 P= 6.7 T= 0 A= -40 D= -10 | DOMINANT THREAT= 8 ( -3.5 ) | D79 WEIGHTED= -6.6 | THREAT BREADTH= 0 | LOSER ACCEL BREADTH= 1 | THREAT CONCENTRATION= 62.5 % | T LOSS= -5 | A LOSS= -23.3 | EVEN LEADER= 6 | EVEN FASTEST= 6 | D EVEN= 3.3 | T EVEN= 3.8 | A EVEN= 7.5 | EVEN ACCEL BREADTH= 2 | A WIN= 10 | A EDGE= 33.3 | A EVEN EDGE= 30.8 | DEEP UNDER7%= 72.8 | PREDICTION= 7 | STAKE= 10 | LOSS STREAK= 0 | VETO= NO FRESH 7-9 TRIGGER
2026-09-10,21:39:05 GMT,UNDER 7 SIGNAL | ID= 485 | DIGIT= 0 | REGIME= WINNERS ADVANCING | PREV REGIME= WARMUP | 0 P= 16.7 T= 0 A= -40 D= -5 | 1 P= 20 T= 5 A= 30 D= 13.5 | 2 P= 3.3 T= -5 A= 10 D= -3.5 | 3 P= 6.7 T= -5 A= -10 D= -6 | 4 P= 6.7 T= 5 A= -10 D= -1.5 | 5 P= 10 T= -5 A= 30 D= 4 | 6 P= 10 T= 15 A= 30 D= 13 | 7 P= 16.7 T= -5 A= -10 D= -1 | 8 P= 3.3 T= -5 A= 10 D= -3.5 | 9 P= 6.7 T= 0 A= -40 D= -10 | DOMINANT THREAT= 7 ( -1 ) | D79 WEIGHTED= -3.5 | THREAT BREADTH= 0 | LOSER ACCEL BREADTH= 1 | THREAT CONCENTRATION= 62.5 % | T LOSS= -3.3 | A LOSS= -13.3 | EVEN LEADER= 6 | EVEN FASTEST= 6 | D EVEN= 0.8 | T EVEN= 3.8 | A EVEN= -2.5 | EVEN ACCEL BREADTH= 2 | A WIN= 5.7 | A EDGE= 19 | A EVEN EDGE= 10.8 | DEEP UNDER7%= 72.8 | PREDICTION= 7 | STAKE= 10 | LOSS STREAK= 0 | VETO= NO FRESH 7-9 TRIGGER
2026-09-10,21:39:05 GMT,UNDER 7 SIGNAL | ID= 484 | DIGIT= 4 | REGIME= WINNERS ADVANCING | PREV REGIME= WARMUP | 0 P= 13.3 T= -5 A= -50 D= -11 | 1 P= 20 T= 5 A= 30 D= 13.5 | 2 P= 3.3 T= -5 A= 10 D= -3.5 | 3 P= 6.7 T= -5 A= -10 D= -6 | 4 P= 6.7 T= 5 A= -10 D= -1.5 | 5 P= 10 T= -5 A= 30 D= 4 | 6 P= 10 T= 15 A= 30 D= 13 | 7 P= 16.7 T= 5 A= -10 D= 3.5 | 8 P= 3.3 T= -5 A= 10 D= -3.5 | 9 P= 10 T= -5 A= -30 D= -8.5 | DOMINANT THREAT= 7 ( 3.5 ) | D79 WEIGHTED= -1 | THREAT BREADTH= 1 | LOSER ACCEL BREADTH= 1 | THREAT CONCENTRATION= 55.6 % | T LOSS= -1.7 | A LOSS= -10 | EVEN LEADER= 6 | EVEN FASTEST= 6 | D EVEN= -0.7 | T EVEN= 2.5 | A EVEN= -5 | EVEN ACCEL BREADTH= 2 | A WIN= 4.3 | A EDGE= 14.3 | A EVEN EDGE= 5 | DEEP UNDER7%= 72.8 | PREDICTION= 7 | STAKE= 10 | LOSS STREAK= 0 | VETO= NO FRESH 7-9 TRIGGER
2026-09-10,21:39:05 GMT,UNDER 7 SIGNAL | ID= 460 | DIGIT= 3 | REGIME= WINNERS ADVANCING | PREV REGIME= WARMUP | 0 P= 6.7 T= -5 A= -10 D= -6 | 1 P= 16.7 T= 10 A= -40 D= -0.5 | 2 P= 0 T= 0 A= 0 D= -5 | 3 P= 13.3 T= -10 A= 40 D= 5.5 | 4 P= 16.7 T= 15 A= 50 D= 20.5 | 5 P= 10 T= 10 A= 0 D= 4.5 | 6 P= 10 T= -5 A= -30 D= -8.5 | 7 P= 10 T= -10 A= 0 D= -4.5 | 8 P= 3.3 T= -5 A= 10 D= -3.5 | 9 P= 13.3 T= 0 A= -20 D= -2.5 | DOMINANT THREAT= 9 ( -2.5 ) | D79 WEIGHTED= -3.2 | THREAT BREADTH= 0 | LOSER ACCEL BREADTH= 1 | THREAT CONCENTRATION= 50 % | T LOSS= -5 | A LOSS= -3.3 | EVEN LEADER= 4 | EVEN FASTEST= 4 | D EVEN= 0.3 | T EVEN= 1.3 | A EVEN= 2.5 | EVEN ACCEL BREADTH= 1 | A WIN= 1.4 | A EDGE= 4.8 | A EVEN EDGE= 5.8 | DEEP UNDER7%= 73.5 | PREDICTION= 7 | STAKE= 10 | LOSS STREAK= 0 | VETO= NO FRESH 7-9 TRIGGER
2026-09-10,21:39:05 GMT,UNDER 7 SIGNAL | ID= 459 | DIGIT= 5 | REGIME= WINNERS ADVANCING | PREV REGIME= WARMUP | 0 P= 6.7 T= -5 A= -10 D= -6 | 1 P= 16.7 T= 10 A= -40 D= -0.5 | 2 P= 0 T= 0 A= 0 D= -5 | 3 P= 10 T= -15 A= 30 D= -0.5 | 4 P= 20 T= 15 A= 30 D= 18 | 5 P= 10 T= 10 A= 0 D= 4.5 | 6 P= 10 T= 0 A= 0 D= 0 | 7 P= 10 T= -10 A= 0 D= -4.5 | 8 P= 3.3 T= -5 A= 10 D= -3.5 | 9 P= 13.3 T= 0 A= -20 D= -2.5 | DOMINANT THREAT= 9 ( -2.5 ) | D79 WEIGHTED= -3.2 | THREAT BREADTH= 0 | LOSER ACCEL BREADTH= 1 | THREAT CONCENTRATION= 50 % | T LOSS= -5 | A LOSS= -3.3 | EVEN LEADER= 4 | EVEN FASTEST= 4 | D EVEN= 1.8 | T EVEN= 2.5 | A EVEN= 5 | EVEN ACCEL BREADTH= 1 | A WIN= 1.4 | A EDGE= 4.8 | A EVEN EDGE= 8.3 | DEEP UNDER7%= 73.5 | PREDICTION= 7 | STAKE= 10 | LOSS STREAK= 0 | VETO= NO FRESH 7-9 TRIGGER
2026-09-10,21:39:05 GMT,UNDER 7 SIGNAL | ID= 458 | DIGIT= 1 | REGIME= WINNERS ADVANCING | PREV REGIME= WARMUP | 0 P= 6.7 T= -5 A= -10 D= -6 | 1 P= 16.7 T= 10 A= -40 D= -0.5 | 2 P= 0 T= 0 A= 0 D= -5 | 3 P= 10 T= -10 A= 0 D= -4.5 | 4 P= 20 T= 15 A= 30 D= 18 | 5 P= 6.7 T= 10 A= 20 D= 7 | 6 P= 10 T= 0 A= 0 D= 0 | 7 P= 10 T= -10 A= 0 D= -4.5 | 8 P= 3.3 T= -5 A= 10 D= -3.5 | 9 P= 16.7 T= -5 A= -10 D= -1 | DOMINANT THREAT= 9 ( -1 ) | D79 WEIGHTED= -2.4 | THREAT BREADTH= 0 | LOSER ACCEL BREADTH= 1 | THREAT CONCENTRATION= 55.6 % | T LOSS= -6.7 | A LOSS= 0 | EVEN LEADER= 4 | EVEN FASTEST= 4 | D EVEN= 1.8 | T EVEN= 2.5 | A EVEN= 5 | EVEN ACCEL BREADTH= 1 | A WIN= 0 | A EDGE= 0 | A EVEN EDGE= 5 | DEEP UNDER7%= 73.5 | PREDICTION= 7 | STAKE= 10 | LOSS STREAK= 0 | VETO= NO FRESH 7-9 TRIGGER
2026-09-10,21:39:05 GMT,YOU WON | Total profit: $ 9.14
2026-09-10,21:39:05 GMT,Profit amount: 3.7
2026-09-10,21:39:05 GMT,Bought: Win payout if the last digit of Volatility 10 (1s) Index is strictly lower than 7 after 1 ticks. (ID: 23903864699)
2026-09-10,21:39:05 GMT,UNDER 7 SIGNAL | ID= 456 | DIGIT= 9 | REGIME= WINNERS ADVANCING | PREV REGIME= WARMUP | 0 P= 6.7 T= 0 A= 20 D= 2.5 | 1 P= 10 T= 5 A= -30 D= -4 | 2 P= 0 T= 0 A= 0 D= -5 | 3 P= 10 T= -5 A= -30 D= -8.5 | 4 P= 23.3 T= 10 A= 40 D= 19.5 | 5 P= 6.7 T= 0 A= 20 D= 2.5 | 6 P= 13.3 T= 0 A= -20 D= -2.5 | 7 P= 10 T= -10 A= 0 D= -4.5 | 8 P= 3.3 T= 0 A= -20 D= -7.5 | 9 P= 16.7 T= 0 A= 20 D= 7.5 | DOMINANT THREAT= 9 ( 7.5 ) | D79 WEIGHTED= 0.9 | THREAT BREADTH= 0 | LOSER ACCEL BREADTH= 1 | THREAT CONCENTRATION= 55.6 % | T LOSS= -3.3 | A LOSS= 0 | EVEN LEADER= 4 | EVEN FASTEST= 4 | D EVEN= 3.6 | T EVEN= 2.5 | A EVEN= 10 | EVEN ACCEL BREADTH= 2 | A WIN= 0 | A EDGE= 0 | A EVEN EDGE= 10 | DEEP UNDER7%= 73.4 | PREDICTION= 7 | STAKE= 10 | LOSS STREAK= 0 | VETO=
2026-09-10,21:39:05 GMT,UNDER 7 SIGNAL | ID= 452 | DIGIT= 4 | REGIME= WINNERS ADVANCING | PREV REGIME= WARMUP | 0 P= 6.7 T= 5 A= -10 D= -1.5 | 1 P= 10 T= 15 A= 30 D= 13 | 2 P= 0 T= 0 A= 0 D= -5 | 3 P= 10 T= 0 A= -60 D= -12.5 | 4 P= 13.3 T= -5 A= 10 D= 1.5 | 5 P= 6.7 T= 0 A= 20 D= 2.5 | 6 P= 13.3 T= 5 A= 10 D= 6 | 7 P= 16.7 T= -10 A= 20 D= 3 | 8 P= 6.7 T= -5 A= -10 D= -6 | 9 P= 16.7 T= -5 A= -10 D= -1 | DOMINANT THREAT= 7 ( 3 ) | D79 WEIGHTED= 0 | THREAT BREADTH= 0 | LOSER ACCEL BREADTH= 1 | THREAT CONCENTRATION= 41.7 % | T LOSS= -6.7 | A LOSS= 0 | EVEN LEADER= 6 | EVEN FASTEST= 4 | D EVEN= 0.3 | T EVEN= 1.3 | A EVEN= 2.5 | EVEN ACCEL BREADTH= 2 | A WIN= 0 | A EDGE= 0 | A EVEN EDGE= 2.5 | DEEP UNDER7%= 73.2 | PREDICTION= 7 | STAKE= 10 | LOSS STREAK= 0 | VETO= NO FRESH 7-9 TRIGGER
2026-09-10,21:39:05 GMT,UNDER 7 SIGNAL | ID= 451 | DIGIT= 6 | REGIME= WINNERS ADVANCING | PREV REGIME= WARMUP | 0 P= 6.7 T= 5 A= -10 D= -1.5 | 1 P= 10 T= 15 A= 30 D= 13 | 2 P= 0 T= 0 A= 0 D= -5 | 3 P= 10 T= 0 A= -60 D= -12.5 | 4 P= 10 T= -10 A= 0 D= -4.5 | 5 P= 6.7 T= 0 A= 20 D= 2.5 | 6 P= 16.7 T= 0 A= 20 D= 7.5 | 7 P= 16.7 T= -5 A= -10 D= -1 | 8 P= 6.7 T= -5 A= -10 D= -6 | 9 P= 16.7 T= 0 A= 20 D= 7.5 | DOMINANT THREAT= 9 ( 7.5 ) | D79 WEIGHTED= 2.3 | THREAT BREADTH= 0 | LOSER ACCEL BREADTH= 1 | THREAT CONCENTRATION= 41.7 % | T LOSS= -3.3 | A LOSS= 0 | EVEN LEADER= 6 | EVEN FASTEST= 6 | D EVEN= -0.9 | T EVEN= -1.2 | A EVEN= 2.5 | EVEN ACCEL BREADTH= 1 | A WIN= 0 | A EDGE= 0 | A EVEN EDGE= 2.5 | DEEP UNDER7%= 73.2 | PREDICTION= 7 | STAKE= 10 | LOSS STREAK= 0 | VETO= NO FRESH 7-9 TRIGGER
2026-09-10,21:39:05 GMT,YOU WON | Total profit: $ 5.44
2026-09-10,21:39:05 GMT,Profit amount: 3.7
2026-09-10,21:39:05 GMT,Bought: Win payout if the last digit of Volatility 10 (1s) Index is strictly lower than 7 after 1 ticks. (ID: 23903842479)
2026-09-10,21:39:05 GMT,UNDER 7 SIGNAL | ID= 450 | DIGIT= 9 | REGIME= WINNERS ADVANCING | PREV REGIME= WARMUP | 0 P= 6.7 T= 5 A= -10 D= -1.5 | 1 P= 10 T= 15 A= 30 D= 13 | 2 P= 0 T= 0 A= 0 D= -5 | 3 P= 10 T= 5 A= -30 D= -4 | 4 P= 10 T= 0 A= 0 D= 0 | 5 P= 3.3 T= -5 A= 10 D= -3.5 | 6 P= 13.3 T= -5 A= 10 D= 1.5 | 7 P= 16.7 T= -5 A= -10 D= -1 | 8 P= 10 T= -10 A= 0 D= -4.5 | 9 P= 20 T= 0 A= 0 D= 5 | DOMINANT THREAT= 9 ( 5 ) | D79 WEIGHTED= 1.3 | THREAT BREADTH= 0 | LOSER ACCEL BREADTH= 0 | THREAT CONCENTRATION= 42.9 % | T LOSS= -5 | A LOSS= -3.3 | EVEN LEADER= 6 | EVEN FASTEST= 6 | D EVEN= -1.2 | T EVEN= 0 | A EVEN= 0 | EVEN ACCEL BREADTH= 1 | A WIN= 1.4 | A EDGE= 4.8 | A EVEN EDGE= 3.3 | DEEP UNDER7%= 73.1 | PREDICTION= 7 | STAKE= 10 | LOSS STREAK= 0 | VETO=
2026-09-10,21:39:05 GMT,UNDER 7 SIGNAL | ID= 449 | DIGIT= 1 | REGIME= WINNERS ADVANCING | PREV REGIME= WARMUP | 0 P= 10 T= 0 A= 0 D= 0 | 1 P= 10 T= 15 A= 30 D= 13 | 2 P= 0 T= 0 A= 0 D= -5 | 3 P= 10 T= 5 A= -30 D= -4 | 4 P= 10 T= 0 A= 0 D= 0 | 5 P= 3.3 T= 0 A= -20 D= -7.5 | 6 P= 13.3 T= 0 A= 40 D= 10 | 7 P= 16.7 T= -5 A= -10 D= -1 | 8 P= 10 T= -10 A= 0 D= -4.5 | 9 P= 16.7 T= -5 A= -10 D= -1 | DOMINANT THREAT= 7 ( -1 ) | D79 WEIGHTED= -1.7 | THREAT BREADTH= 0 | LOSER ACCEL BREADTH= 0 | THREAT CONCENTRATION= 38.5 % | T LOSS= -6.7 | A LOSS= -6.7 | EVEN LEADER= 6 | EVEN FASTEST= 6 | D EVEN= 1.3 | T EVEN= 0 | A EVEN= 10 | EVEN ACCEL BREADTH= 1 | A WIN= 2.9 | A EDGE= 9.5 | A EVEN EDGE= 16.7 | DEEP UNDER7%= 73.1 | PREDICTION= 7 | STAKE= 10 | LOSS STREAK= 0 | VETO= NO FRESH 7-9 TRIGGER
2026-09-10,21:39:05 GMT,UNDER 7 SIGNAL | ID= 448 | DIGIT= 0 | REGIME= WINNERS ADVANCING | PREV REGIME= WARMUP | 0 P= 10 T= 0 A= 0 D= 0 | 1 P= 6.7 T= 10 A= 20 D= 7 | 2 P= 0 T= 0 A= 0 D= -5 | 3 P= 13.3 T= 5 A= 10 D= 6 | 4 P= 10 T= 5 A= -30 D= -4 | 5 P= 3.3 T= 0 A= -20 D= -7.5 | 6 P= 13.3 T= 0 A= 40 D= 10 | 7 P= 16.7 T= -5 A= -10 D= -1 | 8 P= 10 T= -10 A= 0 D= -4.5 | 9 P= 16.7 T= -5 A= -10 D= -1 | DOMINANT THREAT= 7 ( -1 ) | D79 WEIGHTED= -1.7 | THREAT BREADTH= 0 | LOSER ACCEL BREADTH= 0 | THREAT CONCENTRATION= 38.5 % | T LOSS= -6.7 | A LOSS= -6.7 | EVEN LEADER= 6 | EVEN FASTEST= 6 | D EVEN= 0.3 | T EVEN= 1.3 | A EVEN= 2.5 | EVEN ACCEL BREADTH= 1 | A WIN= 2.9 | A EDGE= 9.5 | A EVEN EDGE= 9.2 | DEEP UNDER7%= 73 | PREDICTION= 7 | STAKE= 10 | LOSS STREAK= 0 | VETO= NO FRESH 7-9 TRIGGER
2026-09-10,21:39:05 GMT,UNDER 7 SIGNAL | ID= 446 | DIGIT= 1 | REGIME= WINNERS ADVANCING | PREV REGIME= WARMUP | 0 P= 6.7 T= 0 A= 20 D= 2.5 | 1 P= 10 T= 5 A= 30 D= 8.5 | 2 P= 0 T= 0 A= 0 D= -5 | 3 P= 16.7 T= 0 A= 20 D= 7.5 | 4 P= 10 T= 5 A= -30 D= -4 | 5 P= 3.3 T= 0 A= -20 D= -7.5 | 6 P= 13.3 T= 5 A= 10 D= 6 | 7 P= 13.3 T= -10 A= -20 D= -7 | 8 P= 10 T= 0 A= 0 D= 0 | 9 P= 16.7 T= -5 A= -10 D= -1 | DOMINANT THREAT= 8 ( 0 ) | D79 WEIGHTED= -1.7 | THREAT BREADTH= 0 | LOSER ACCEL BREADTH= 0 | THREAT CONCENTRATION= 41.7 % | T LOSS= -5 | A LOSS= -10 | EVEN LEADER= 6 | EVEN FASTEST= 0 | D EVEN= -0.1 | T EVEN= 2.5 | A EVEN= 0 | EVEN ACCEL BREADTH= 2 | A WIN= 4.3 | A EDGE= 14.3 | A EVEN EDGE= 10 | DEEP UNDER7%= 73 | PREDICTION= 7 | STAKE= 10 | LOSS STREAK= 0 | VETO= NO FRESH 7-9 TRIGGER
2026-09-10,21:39:05 GMT,UNDER 7 SIGNAL | ID= 445 | DIGIT= 1 | REGIME= WINNERS ADVANCING | PREV REGIME= WARMUP | 0 P= 6.7 T= 0 A= 20 D= 2.5 | 1 P= 6.7 T= 0 A= 20 D= 2.5 | 2 P= 0 T= 0 A= 0 D= -5 | 3 P= 20 T= 0 A= 60 D= 17.5 | 4 P= 10 T= 5 A= -30 D= -4 | 5 P= 3.3 T= 0 A= -20 D= -7.5 | 6 P= 13.3 T= 5 A= 10 D= 6 | 7 P= 13.3 T= -5 A= -50 D= -11 | 8 P= 10 T= 0 A= 0 D= 0 | 9 P= 16.7 T= -5 A= -10 D= -1 | DOMINANT THREAT= 8 ( 0 ) | D79 WEIGHTED= -2.5 | THREAT BREADTH= 0 | LOSER ACCEL BREADTH= 0 | THREAT CONCENTRATION= 41.7 % | T LOSS= -3.3 | A LOSS= -20 | EVEN LEADER= 6 | EVEN FASTEST= 0 | D EVEN= -0.1 | T EVEN= 2.5 | A EVEN= 0 | EVEN ACCEL BREADTH= 2 | A WIN= 8.6 | A EDGE= 28.6 | A EVEN EDGE= 20 | DEEP UNDER7%= 73 | PREDICTION= 7 | STAKE= 10 | LOSS STREAK= 0 | VETO= NO FRESH 7-9 TRIGGER
2026-09-10,21:39:05 GMT,UNDER 7 SIGNAL | ID= 411 | DIGIT= 3 | REGIME= WINNERS ADVANCING | PREV REGIME= WARMUP | 0 P= 20 T= -15 A= 30 D= 4.5 | 1 P= 10 T= 0 A= 0 D= 0 | 2 P= 13.3 T= -5 A= -50 D= -11 | 3 P= 10 T= 5 A= 30 D= 8.5 | 4 P= 6.7 T= 5 A= -10 D= -1.5 | 5 P= 6.7 T= 5 A= -10 D= -1.5 | 6 P= 6.7 T= 10 A= 20 D= 7 | 7 P= 6.7 T= 0 A= 20 D= 2.5 | 8 P= 10 T= 0 A= 0 D= 0 | 9 P= 10 T= -5 A= -30 D= -8.5 | DOMINANT THREAT= 7 ( 2.5 ) | D79 WEIGHTED= -0.5 | THREAT BREADTH= 0 | LOSER ACCEL BREADTH= 1 | THREAT CONCENTRATION= 37.5 % | T LOSS= -1.7 | A LOSS= -3.3 | EVEN LEADER= 6 | EVEN FASTEST= 0 | D EVEN= -0.2 | T EVEN= -1.2 | A EVEN= -2.5 | EVEN ACCEL BREADTH= 2 | A WIN= 1.4 | A EDGE= 4.8 | A EVEN EDGE= 0.8 | DEEP UNDER7%= 73.8 | PREDICTION= 7 | STAKE= 10 | LOSS STREAK= 0 | VETO= NO FRESH 7-9 TRIGGER
2026-09-10,21:39:05 GMT,YOU WON | Total profit: $ 1.74
2026-09-10,21:39:05 GMT,Profit amount: 6.29
2026-09-10,21:39:05 GMT,Bought: Win payout if the last digit of Volatility 10 (1s) Index is strictly lower than 7 after 1 ticks. (ID: 23903708819)
2026-09-10,21:39:05 GMT,UNDER 7 SIGNAL | ID= 403 | DIGIT= 1 | REGIME= WINNERS ADVANCING | PREV REGIME= WARMUP | 0 P= 16.7 T= 5 A= -70 D= -9 | 1 P= 20 T= -10 A= 60 D= 13 | 2 P= 16.7 T= 10 A= 20 D= 12 | 3 P= 6.7 T= -5 A= -10 D= -6 | 4 P= 6.7 T= 0 A= 20 D= 2.5 | 5 P= 3.3 T= 5 A= 10 D= 1 | 6 P= 0 T= 0 A= 0 D= -5 | 7 P= 10 T= -10 A= 0 D= -4.5 | 8 P= 6.7 T= 5 A= -10 D= -1.5 | 9 P= 13.3 T= 0 A= -20 D= -2.5 | DOMINANT THREAT= 8 ( -1.5 ) | D79 WEIGHTED= -2.4 | THREAT BREADTH= 1 | LOSER ACCEL BREADTH= 0 | THREAT CONCENTRATION= 44.4 % | T LOSS= -1.7 | A LOSS= -10 | EVEN LEADER= 2 | EVEN FASTEST= 2 | D EVEN= 0.1 | T EVEN= 3.8 | A EVEN= -7.5 | EVEN ACCEL BREADTH= 2 | A WIN= 4.3 | A EDGE= 14.3 | A EVEN EDGE= 2.5 | DEEP UNDER7%= 73.7 | PREDICTION= 7 | STAKE= 17 | LOSS STREAK= 1 | VETO= NO FRESH 7-9 TRIGGER
2026-09-10,21:39:05 GMT,LOSS | Next stake: $ 17 | Losses in a row: 1
2026-09-10,21:39:05 GMT,Loss amount: -10
2026-09-10,21:39:05 GMT,Bought: Win payout if the last digit of Volatility 10 (1s) Index is strictly lower than 7 after 1 ticks. (ID: 23903703639)
2026-09-10,21:39:05 GMT,UNDER 7 SIGNAL | ID= 402 | DIGIT= 8 | REGIME= WINNERS ADVANCING | PREV REGIME= WARMUP | 0 P= 16.7 T= 10 A= -40 D= -0.5 | 1 P= 16.7 T= -5 A= -10 D= -1 | 2 P= 16.7 T= 10 A= 20 D= 12 | 3 P= 6.7 T= -5 A= -10 D= -6 | 4 P= 10 T= -5 A= 30 D= 4 | 5 P= 6.7 T= 0 A= 20 D= 2.5 | 6 P= 0 T= 0 A= 0 D= -5 | 7 P= 10 T= -10 A= 0 D= -4.5 | 8 P= 6.7 T= 5 A= -10 D= -1.5 | 9 P= 10 T= 0 A= 0 D= 0 | DOMINANT THREAT= 9 ( 0 ) | D79 WEIGHTED= -1.3 | THREAT BREADTH= 1 | LOSER ACCEL BREADTH= 0 | THREAT CONCENTRATION= 37.5 % | T LOSS= -1.7 | A LOSS= -3.3 | EVEN LEADER= 2 | EVEN FASTEST= 4 | D EVEN= 2.6 | T EVEN= 3.8 | A EVEN= 2.5 | EVEN ACCEL BREADTH= 2 | A WIN= 1.4 | A EDGE= 4.8 | A EVEN EDGE= 5.8 | DEEP UNDER7%= 73.8 | PREDICTION= 7 | STAKE= 10 | LOSS STREAK= 0 | VETO=
2026-09-10,21:39:05 GMT,UNDER 7 SIGNAL | ID= 401 | DIGIT= 0 | REGIME= WINNERS ADVANCING | PREV REGIME= WARMUP | 0 P= 16.7 T= 10 A= -40 D= -0.5 | 1 P= 20 T= -10 A= 0 D= 0.5 | 2 P= 16.7 T= 10 A= 20 D= 12 | 3 P= 6.7 T= 5 A= -10 D= -1.5 | 4 P= 10 T= -5 A= 30 D= 4 | 5 P= 6.7 T= 0 A= 20 D= 2.5 | 6 P= 0 T= 0 A= 0 D= -5 | 7 P= 10 T= -10 A= 0 D= -4.5 | 8 P= 3.3 T= 0 A= -20 D= -7.5 | 9 P= 10 T= 0 A= 0 D= 0 | DOMINANT THREAT= 9 ( 0 ) | D79 WEIGHTED= -2.8 | THREAT BREADTH= 0 | LOSER ACCEL BREADTH= 0 | THREAT CONCENTRATION= 42.9 % | T LOSS= -3.3 | A LOSS= -6.7 | EVEN LEADER= 2 | EVEN FASTEST= 4 | D EVEN= 2.6 | T EVEN= 3.8 | A EVEN= 2.5 | EVEN ACCEL BREADTH= 2 | A WIN= 2.9 | A EDGE= 9.5 | A EVEN EDGE= 9.2 | DEEP UNDER7%= 73.8 | PREDICTION= 7 | STAKE= 10 | LOSS STREAK= 0 | VETO= NO FRESH 7-9 TRIGGER
2026-09-10,21:39:05 GMT,YOU WON | Total profit: $ 5.45
2026-09-10,21:39:05 GMT,Profit amount: 3.7
2026-09-10,21:39:05 GMT,Bought: Win payout if the last digit of Volatility 10 (1s) Index is strictly lower than 7 after 1 ticks. (ID: 23903663199)
2026-09-10,21:39:05 GMT,UNDER 7 SIGNAL | ID= 389 | DIGIT= 8 | REGIME= WINNERS ADVANCING | PREV REGIME= WARMUP | 0 P= 10 T= 10 A= 0 D= 4.5 | 1 P= 26.7 T= 0 A= 20 D= 12.5 | 2 P= 10 T= 5 A= 30 D= 8.5 | 3 P= 6.7 T= 0 A= 20 D= 2.5 | 4 P= 6.7 T= 5 A= -10 D= -1.5 | 5 P= 3.3 T= 0 A= -20 D= -7.5 | 6 P= 10 T= -10 A= 0 D= -4.5 | 7 P= 10 T= -5 A= -30 D= -8.5 | 8 P= 6.7 T= 0 A= 20 D= 2.5 | 9 P= 10 T= -5 A= -30 D= -8.5 | DOMINANT THREAT= 8 ( 2.5 ) | D79 WEIGHTED= -3 | THREAT BREADTH= 0 | LOSER ACCEL BREADTH= 1 | THREAT CONCENTRATION= 37.5 % | T LOSS= -3.3 | A LOSS= -13.3 | EVEN LEADER= 2 | EVEN FASTEST= 2 | D EVEN= 1.8 | T EVEN= 2.5 | A EVEN= 5 | EVEN ACCEL BREADTH= 1 | A WIN= 5.7 | A EDGE= 19 | A EVEN EDGE= 18.3 | DEEP UNDER7%= 74 | PREDICTION= 7 | STAKE= 10 | LOSS STREAK= 0 | VETO=
2026-09-10,21:39:05 GMT,UNDER 7 SIGNAL | ID= 388 | DIGIT= 2 | REGIME= WINNERS ADVANCING | PREV REGIME= WARMUP | 0 P= 10 T= 10 A= 0 D= 4.5 | 1 P= 26.7 T= 0 A= 20 D= 12.5 | 2 P= 10 T= 5 A= 30 D= 8.5 | 3 P= 6.7 T= 0 A= 20 D= 2.5 | 4 P= 6.7 T= 5 A= -10 D= -1.5 | 5 P= 3.3 T= 0 A= -20 D= -7.5 | 6 P= 13.3 T= -15 A= 10 D= -3 | 7 P= 10 T= 0 A= -60 D= -12.5 | 8 P= 3.3 T= -5 A= 10 D= -3.5 | 9 P= 10 T= 0 A= 0 D= 0 | DOMINANT THREAT= 9 ( 0 ) | D79 WEIGHTED= -3.5 | THREAT BREADTH= 0 | LOSER ACCEL BREADTH= 1 | THREAT CONCENTRATION= 42.9 % | T LOSS= -1.7 | A LOSS= -16.7 | EVEN LEADER= 2 | EVEN FASTEST= 2 | D EVEN= 2.1 | T EVEN= 1.3 | A EVEN= 7.5 | EVEN ACCEL BREADTH= 2 | A WIN= 7.1 | A EDGE= 23.8 | A EVEN EDGE= 24.2 | DEEP UNDER7%= 74.1 | PREDICTION= 7 | STAKE= 10 | LOSS STREAK= 0 | VETO= NO FRESH 7-9 TRIGGER
2026-09-10,21:39:05 GMT,UNDER 7 SIGNAL | ID= 349 | DIGIT= 0 | REGIME= WINNERS ADVANCING | PREV REGIME= WARMUP | 0 P= 6.7 T= 5 A= -10 D= -1.5 | 1 P= 10 T= 0 A= 0 D= 0 | 2 P= 3.3 T= 5 A= 10 D= 1 | 3 P= 6.7 T= 0 A= 20 D= 2.5 | 4 P= 20 T= 10 A= 0 D= 9.5 | 5 P= 20 T= 5 A= 30 D= 13.5 | 6 P= 3.3 T= 0 A= -20 D= -7.5 | 7 P= 10 T= -10 A= 0 D= -4.5 | 8 P= 16.7 T= -15 A= -10 D= -5.5 | 9 P= 3.3 T= 0 A= -20 D= -7.5 | DOMINANT THREAT= 7 ( -4.5 ) | D79 WEIGHTED= -5.4 | THREAT BREADTH= 0 | LOSER ACCEL BREADTH= 0 | THREAT CONCENTRATION= 55.6 % | T LOSS= -8.3 | A LOSS= -10 | EVEN LEADER= 4 | EVEN FASTEST= 2 | D EVEN= 0.4 | T EVEN= 5 | A EVEN= -5 | EVEN ACCEL BREADTH= 1 | A WIN= 4.3 | A EDGE= 14.3 | A EVEN EDGE= 5 | DEEP UNDER7%= 73.3 | PREDICTION= 7 | STAKE= 10 | LOSS STREAK= 0 | VETO= NO FRESH 7-9 TRIGGER
2026-09-10,21:39:05 GMT,UNDER 7 SIGNAL | ID= 348 | DIGIT= 4 | REGIME= WINNERS ADVANCING | PREV REGIME= WARMUP | 0 P= 3.3 T= 0 A= -20 D= -7.5 | 1 P= 10 T= 0 A= 0 D= 0 | 2 P= 3.3 T= 5 A= 10 D= 1 | 3 P= 10 T= -5 A= 30 D= 4 | 4 P= 20 T= 10 A= 0 D= 9.5 | 5 P= 20 T= 15 A= 30 D= 18 | 6 P= 3.3 T= 0 A= -20 D= -7.5 | 7 P= 10 T= -10 A= 0 D= -4.5 | 8 P= 16.7 T= -15 A= -10 D= -5.5 | 9 P= 3.3 T= 0 A= -20 D= -7.5 | DOMINANT THREAT= 7 ( -4.5 ) | D79 WEIGHTED= -5.4 | THREAT BREADTH= 0 | LOSER ACCEL BREADTH= 0 | THREAT CONCENTRATION= 55.6 % | T LOSS= -8.3 | A LOSS= -10 | EVEN LEADER= 4 | EVEN FASTEST= 2 | D EVEN= -1.1 | T EVEN= 3.8 | A EVEN= -7.5 | EVEN ACCEL BREADTH= 1 | A WIN= 4.3 | A EDGE= 14.3 | A EVEN EDGE= 2.5 | DEEP UNDER7%= 73.2 | PREDICTION= 7 | STAKE= 10 | LOSS STREAK= 0 | VETO= NO FRESH 7-9 TRIGGER
2026-09-10,21:39:05 GMT,UNDER 7 SIGNAL | ID= 347 | DIGIT= 3 | REGIME= WINNERS ADVANCING | PREV REGIME= WARMUP | 0 P= 3.3 T= 0 A= -20 D= -7.5 | 1 P= 10 T= 5 A= -30 D= -4 | 2 P= 3.3 T= 5 A= 10 D= 1 | 3 P= 10 T= -5 A= 30 D= 4 | 4 P= 20 T= 0 A= 0 D= 5 | 5 P= 20 T= 15 A= 30 D= 18 | 6 P= 3.3 T= 5 A= 10 D= 1 | 7 P= 10 T= -10 A= 0 D= -4.5 | 8 P= 16.7 T= -15 A= -10 D= -5.5 | 9 P= 3.3 T= 0 A= -20 D= -7.5 | DOMINANT THREAT= 7 ( -4.5 ) | D79 WEIGHTED= -5.4 | THREAT BREADTH= 0 | LOSER ACCEL BREADTH= 0 | THREAT CONCENTRATION= 55.6 % | T LOSS= -8.3 | A LOSS= -10 | EVEN LEADER= 4 | EVEN FASTEST= 2 | D EVEN= -0.1 | T EVEN= 2.5 | A EVEN= 0 | EVEN ACCEL BREADTH= 2 | A WIN= 4.3 | A EDGE= 14.3 | A EVEN EDGE= 10 | DEEP UNDER7%= 73.2 | PREDICTION= 7 | STAKE= 10 | LOSS STREAK= 0 | VETO= NO FRESH 7-9 TRIGGER
2026-09-10,21:39:05 GMT,UNDER 7 SIGNAL | ID= 346 | DIGIT= 5 | REGIME= WINNERS ADVANCING | PREV REGIME= WARMUP | 0 P= 3.3 T= 0 A= -20 D= -7.5 | 1 P= 10 T= 10 A= 0 D= 4.5 | 2 P= 3.3 T= 5 A= 10 D= 1 | 3 P= 6.7 T= -10 A= 20 D= -2 | 4 P= 20 T= 0 A= 0 D= 5 | 5 P= 20 T= 15 A= 30 D= 18 | 6 P= 6.7 T= 0 A= 20 D= 2.5 | 7 P= 10 T= -5 A= -30 D= -8.5 | 8 P= 16.7 T= -15 A= -10 D= -5.5 | 9 P= 3.3 T= 0 A= -20 D= -7.5 | DOMINANT THREAT= 8 ( -5.5 ) | D79 WEIGHTED= -6.7 | THREAT BREADTH= 0 | LOSER ACCEL BREADTH= 0 | THREAT CONCENTRATION= 55.6 % | T LOSS= -6.7 | A LOSS= -20 | EVEN LEADER= 4 | EVEN FASTEST= 6 | D EVEN= 0.3 | T EVEN= 1.3 | A EVEN= 2.5 | EVEN ACCEL BREADTH= 2 | A WIN= 8.6 | A EDGE= 28.6 | A EVEN EDGE= 22.5 | DEEP UNDER7%= 73.1 | PREDICTION= 7 | STAKE= 10 | LOSS STREAK= 0 | VETO= NO FRESH 7-9 TRIGGER
2026-09-10,21:39:05 GMT,UNDER 7 SIGNAL | ID= 345 | DIGIT= 5 | REGIME= WINNERS ADVANCING | PREV REGIME= WARMUP | 0 P= 3.3 T= 0 A= -20 D= -7.5 | 1 P= 13.3 T= 5 A= 10 D= 6 | 2 P= 3.3 T= 5 A= 10 D= 1 | 3 P= 6.7 T= -5 A= -10 D= -6 | 4 P= 20 T= 5 A= 30 D= 13.5 | 5 P= 16.7 T= 10 A= 20 D= 12 | 6 P= 6.7 T= 0 A= 20 D= 2.5 | 7 P= 10 T= -5 A= -30 D= -8.5 | 8 P= 16.7 T= -15 A= -10 D= -5.5 | 9 P= 3.3 T= 0 A= -20 D= -7.5 | DOMINANT THREAT= 8 ( -5.5 ) | D79 WEIGHTED= -6.7 | THREAT BREADTH= 0 | LOSER ACCEL BREADTH= 0 | THREAT CONCENTRATION= 55.6 % | T LOSS= -6.7 | A LOSS= -20 | EVEN LEADER= 4 | EVEN FASTEST= 4 | D EVEN= 2.4 | T EVEN= 2.5 | A EVEN= 10 | EVEN ACCEL BREADTH= 3 | A WIN= 8.6 | A EDGE= 28.6 | A EVEN EDGE= 30 | DEEP UNDER7%= 73 | PREDICTION= 7 | STAKE= 10 | LOSS STREAK= 0 | VETO= NO FRESH 7-9 TRIGGER
2026-09-10,21:39:05 GMT,UNDER 7 SIGNAL | ID= 344 | DIGIT= 2 | REGIME= WINNERS ADVANCING | PREV REGIME= WARMUP | 0 P= 3.3 T= 0 A= -20 D= -7.5 | 1 P= 13.3 T= 5 A= 10 D= 6 | 2 P= 3.3 T= 5 A= 10 D= 1 | 3 P= 6.7 T= -5 A= -10 D= -6 | 4 P= 20 T= 5 A= 30 D= 13.5 | 5 P= 13.3 T= 5 A= 10 D= 6 | 6 P= 10 T= -5 A= 30 D= 4 | 7 P= 10 T= -5 A= -30 D= -8.5 | 8 P= 16.7 T= -10 A= -40 D= -9.5 | 9 P= 3.3 T= 5 A= 10 D= 1 | DOMINANT THREAT= 9 ( 1 ) | D79 WEIGHTED= -3.9 | THREAT BREADTH= 1 | LOSER ACCEL BREADTH= 1 | THREAT CONCENTRATION= 55.6 % | T LOSS= -3.3 | A LOSS= -20 | EVEN LEADER= 4 | EVEN FASTEST= 4 | D EVEN= 2.8 | T EVEN= 1.3 | A EVEN= 12.5 | EVEN ACCEL BREADTH= 3 | A WIN= 8.6 | A EDGE= 28.6 | A EVEN EDGE= 32.5 | DEEP UNDER7%= 73 | PREDICTION= 7 | STAKE= 10 | LOSS STREAK= 0 | VETO= NO FRESH 7-9 TRIGGER
2026-09-10,21:39:05 GMT,UNDER 7 SIGNAL | ID= 343 | DIGIT= 5 | REGIME= WINNERS ADVANCING | PREV REGIME= WARMUP | 0 P= 3.3 T= 0 A= -20 D= -7.5 | 1 P= 13.3 T= 5 A= 10 D= 6 | 2 P= 0 T= 0 A= 0 D= -5 | 3 P= 6.7 T= -5 A= -10 D= -6 | 4 P= 20 T= 10 A= 60 D= 22 | 5 P= 16.7 T= 0 A= 20 D= 7.5 | 6 P= 10 T= -5 A= 30 D= 4 | 7 P= 10 T= -5 A= -30 D= -8.5 | 8 P= 16.7 T= -5 A= -70 D= -13.5 | 9 P= 3.3 T= 5 A= 10 D= 1 | DOMINANT THREAT= 9 ( 1 ) | D79 WEIGHTED= -4.7 | THREAT BREADTH= 1 | LOSER ACCEL BREADTH= 1 | THREAT CONCENTRATION= 55.6 % | T LOSS= -1.7 | A LOSS= -30 | EVEN LEADER= 4 | EVEN FASTEST= 4 | D EVEN= 3.4 | T EVEN= 1.3 | A EVEN= 17.5 | EVEN ACCEL BREADTH= 2 | A WIN= 12.9 | A EDGE= 42.9 | A EVEN EDGE= 47.5 | DEEP UNDER7%= 72.9 | PREDICTION= 7 | STAKE= 10 | LOSS STREAK= 0 | VETO= NO FRESH 7-9 TRIGGER
2026-09-10,21:39:05 GMT,YOU WON | Total profit: $ 1.75
2026-09-10,21:39:05 GMT,Profit amount: 6.29
2026-09-10,21:39:05 GMT,Bought: Win payout if the last digit of Volatility 10 (1s) Index is strictly lower than 7 after 1 ticks. (ID: 23903528519)
2026-09-10,21:39:05 GMT,UNDER 7 SIGNAL | ID= 341 | DIGIT= 1 | REGIME= WINNERS ADVANCING | PREV REGIME= WARMUP | 0 P= 3.3 T= 5 A= 10 D= 1 | 1 P= 13.3 T= 5 A= 10 D= 6 | 2 P= 0 T= 0 A= 0 D= -5 | 3 P= 6.7 T= -5 A= -10 D= -6 | 4 P= 13.3 T= 5 A= 10 D= 6 | 5 P= 13.3 T= 0 A= -20 D= -2.5 | 6 P= 10 T= -5 A= 30 D= 4 | 7 P= 13.3 T= -5 A= 10 D= 1.5 | 8 P= 20 T= 0 A= -60 D= -7.5 | 9 P= 6.7 T= 0 A= 20 D= 2.5 | DOMINANT THREAT= 9 ( 2.5 ) | D79 WEIGHTED= 0.2 | THREAT BREADTH= 0 | LOSER ACCEL BREADTH= 2 | THREAT CONCENTRATION= 50 % | T LOSS= -1.7 | A LOSS= -10 | EVEN LEADER= 4 | EVEN FASTEST= 6 | D EVEN= 1.5 | T EVEN= 1.3 | A EVEN= 12.5 | EVEN ACCEL BREADTH= 3 | A WIN= 4.3 | A EDGE= 14.3 | A EVEN EDGE= 22.5 | DEEP UNDER7%= 72.8 | PREDICTION= 7 | STAKE= 17 | LOSS STREAK= 1 | VETO= NO FRESH 7-9 TRIGGER
2026-09-10,21:39:05 GMT,LOSS | Next stake: $ 17 | Losses in a row: 1
2026-09-10,21:39:05 GMT,Loss amount: -10
2026-09-10,21:39:05 GMT,Bought: Win payout if the last digit of Volatility 10 (1s) Index is strictly lower than 7 after 1 ticks. (ID: 23903478179)
2026-09-10,21:39:05 GMT,UNDER 7 SIGNAL | ID= 325 | DIGIT= 8 | REGIME= WINNERS ADVANCING | PREV REGIME= WARMUP | 0 P= 6.7 T= -10 A= 20 D= -2 | 1 P= 3.3 T= 5 A= 10 D= 1 | 2 P= 3.3 T= -5 A= 10 D= -3.5 | 3 P= 23.3 T= -10 A= -20 D= -2 | 4 P= 10 T= 10 A= 0 D= 4.5 | 5 P= 16.7 T= 5 A= -10 D= 3.5 | 6 P= 6.7 T= 10 A= 20 D= 7 | 7 P= 16.7 T= -5 A= -10 D= -1 | 8 P= 10 T= 0 A= 0 D= 0 | 9 P= 3.3 T= 0 A= -20 D= -7.5 | DOMINANT THREAT= 8 ( 0 ) | D79 WEIGHTED= -1.8 | THREAT BREADTH= 0 | LOSER ACCEL BREADTH= 0 | THREAT CONCENTRATION= 55.6 % | T LOSS= -1.7 | A LOSS= -10 | EVEN LEADER= 6 | EVEN FASTEST= 0 | D EVEN= 1.5 | T EVEN= 1.3 | A EVEN= 12.5 | EVEN ACCEL BREADTH= 3 | A WIN= 4.3 | A EDGE= 14.3 | A EVEN EDGE= 22.5 | DEEP UNDER7%= 72.8 | PREDICTION= 7 | STAKE= 10 | LOSS STREAK= 0 | VETO=
2026-09-10,21:39:05 GMT,UNDER 7 SIGNAL | ID= 324 | DIGIT= 5 | REGIME= WINNERS ADVANCING | PREV REGIME= WARMUP | 0 P= 10 T= -15 A= 30 D= -0.5 | 1 P= 3.3 T= 5 A= 10 D= 1 | 2 P= 3.3 T= -5 A= 10 D= -3.5 | 3 P= 23.3 T= -10 A= -20 D= -2 | 4 P= 10 T= 10 A= 0 D= 4.5 | 5 P= 16.7 T= 10 A= -40 D= -0.5 | 6 P= 6.7 T= 10 A= 20 D= 7 | 7 P= 16.7 T= -5 A= -10 D= -1 | 8 P= 6.7 T= -5 A= -10 D= -6 | 9 P= 3.3 T= 5 A= 10 D= 1 | DOMINANT THREAT= 9 ( 1 ) | D79 WEIGHTED= -1 | THREAT BREADTH= 1 | LOSER ACCEL BREADTH= 1 | THREAT CONCENTRATION= 62.5 % | T LOSS= -1.7 | A LOSS= -3.3 | EVEN LEADER= 6 | EVEN FASTEST= 0 | D EVEN= 1.9 | T EVEN= 0 | A EVEN= 15 | EVEN ACCEL BREADTH= 3 | A WIN= 1.4 | A EDGE= 4.8 | A EVEN EDGE= 18.3 | DEEP UNDER7%= 72.9 | PREDICTION= 7 | STAKE= 10 | LOSS STREAK= 0 | VETO= NO FRESH 7-9 TRIGGER
2026-09-10,21:39:05 GMT,UNDER 7 SIGNAL | ID= 312 | DIGIT= 3 | REGIME= WINNERS ADVANCING | PREV REGIME= WARMUP | 0 P= 13.3 T= 0 A= -20 D= -2.5 | 1 P= 0 T= 0 A= 0 D= -5 | 2 P= 3.3 T= 5 A= 10 D= 1 | 3 P= 23.3 T= 10 A= -20 D= 7 | 4 P= 6.7 T= 0 A= 20 D= 2.5 | 5 P= 13.3 T= 10 A= 40 D= 14.5 | 6 P= 13.3 T= -15 A= 10 D= -3 | 7 P= 10 T= 5 A= -30 D= -4 | 8 P= 16.7 T= -15 A= -10 D= -5.5 | 9 P= 0 T= 0 A= 0 D= -5 | DOMINANT THREAT= 7 ( -4 ) | D79 WEIGHTED= -4.6 | THREAT BREADTH= 1 | LOSER ACCEL BREADTH= 0 | THREAT CONCENTRATION= 62.5 % | T LOSS= -3.3 | A LOSS= -13.3 | EVEN LEADER= 4 | EVEN FASTEST= 4 | D EVEN= -0.5 | T EVEN= -2.5 | A EVEN= 5 | EVEN ACCEL BREADTH= 3 | A WIN= 5.7 | A EDGE= 19 | A EVEN EDGE= 18.3 | DEEP UNDER7%= 72.6 | PREDICTION= 7 | STAKE= 10 | LOSS STREAK= 0 | VETO= NO FRESH 7-9 TRIGGER
2026-09-10,21:39:05 GMT,UNDER 7 SIGNAL | ID= 311 | DIGIT= 3 | REGIME= WINNERS ADVANCING | PREV REGIME= WARMUP | 0 P= 13.3 T= 0 A= -20 D= -2.5 | 1 P= 0 T= 0 A= 0 D= -5 | 2 P= 3.3 T= 5 A= 10 D= 1 | 3 P= 20 T= 5 A= -30 D= 1 | 4 P= 6.7 T= 0 A= 20 D= 2.5 | 5 P= 13.3 T= 10 A= 40 D= 14.5 | 6 P= 16.7 T= -15 A= -10 D= -5.5 | 7 P= 10 T= 10 A= 0 D= 4.5 | 8 P= 16.7 T= -15 A= -10 D= -5.5 | 9 P= 0 T= 0 A= 0 D= -5 | DOMINANT THREAT= 7 ( 4.5 ) | D79 WEIGHTED= -0.4 | THREAT BREADTH= 1 | LOSER ACCEL BREADTH= 0 | THREAT CONCENTRATION= 62.5 % | T LOSS= -1.7 | A LOSS= -3.3 | EVEN LEADER= 4 | EVEN FASTEST= 4 | D EVEN= -1.1 | T EVEN= -2.5 | A EVEN= 0 | EVEN ACCEL BREADTH= 2 | A WIN= 1.4 | A EDGE= 4.8 | A EVEN EDGE= 3.3 | DEEP UNDER7%= 72.6 | PREDICTION= 7 | STAKE= 10 | LOSS STREAK= 0 | VETO= NO FRESH 7-9 TRIGGER
2026-09-10,21:39:05 GMT,UNDER 7 SIGNAL | ID= 297 | DIGIT= 0 | REGIME= WINNERS ADVANCING | PREV REGIME= WARMUP | 0 P= 13.3 T= 15 A= 10 D= 10.5 | 1 P= 3.3 T= -5 A= 10 D= -3.5 | 2 P= 3.3 T= -5 A= 10 D= -3.5 | 3 P= 13.3 T= 0 A= 40 D= 10 | 4 P= 3.3 T= 5 A= 10 D= 1 | 5 P= 10 T= -5 A= -30 D= -8.5 | 6 P= 20 T= 5 A= -30 D= 1 | 7 P= 6.7 T= -10 A= 20 D= -2 | 8 P= 23.3 T= 5 A= -50 D= -1.5 | 9 P= 3.3 T= -5 A= 10 D= -3.5 | DOMINANT THREAT= 8 ( -1.5 ) | D79 WEIGHTED= -2.1 | THREAT BREADTH= 1 | LOSER ACCEL BREADTH= 2 | THREAT CONCENTRATION= 70 % | T LOSS= -3.3 | A LOSS= -6.7 | EVEN LEADER= 0 | EVEN FASTEST= 0 | D EVEN= 2.3 | T EVEN= 5 | A EVEN= 0 | EVEN ACCEL BREADTH= 3 | A WIN= 2.9 | A EDGE= 9.5 | A EVEN EDGE= 6.7 | DEEP UNDER7%= 72.5 | PREDICTION= 7 | STAKE= 10 | LOSS STREAK= 0 | VETO= NO FRESH 7-9 TRIGGER
2026-09-10,21:39:05 GMT,UNDER 7 SIGNAL | ID= 296 | DIGIT= 3 | REGIME= WINNERS ADVANCING | PREV REGIME= WARMUP | 0 P= 10 T= 10 A= 0 D= 4.5 | 1 P= 3.3 T= 0 A= -20 D= -7.5 | 2 P= 6.7 T= -10 A= 20 D= -2 | 3 P= 13.3 T= 0 A= 40 D= 10 | 4 P= 3.3 T= 5 A= 10 D= 1 | 5 P= 10 T= -5 A= -30 D= -8.5 | 6 P= 20 T= 10 A= 0 D= 9.5 | 7 P= 6.7 T= -10 A= 20 D= -2 | 8 P= 23.3 T= 5 A= -50 D= -1.5 | 9 P= 3.3 T= -5 A= 10 D= -3.5 | DOMINANT THREAT= 8 ( -1.5 ) | D79 WEIGHTED= -2.1 | THREAT BREADTH= 1 | LOSER ACCEL BREADTH= 2 | THREAT CONCENTRATION= 70 % | T LOSS= -3.3 | A LOSS= -6.7 | EVEN LEADER= 6 | EVEN FASTEST= 2 | D EVEN= 3.3 | T EVEN= 3.8 | A EVEN= 7.5 | EVEN ACCEL BREADTH= 2 | A WIN= 2.9 | A EDGE= 9.5 | A EVEN EDGE= 14.2 | DEEP UNDER7%= 72.4 | PREDICTION= 7 | STAKE= 10 | LOSS STREAK= 0 | VETO= NO FRESH 7-9 TRIGGER
2026-09-10,21:39:05 GMT,UNDER 7 SIGNAL | ID= 295 | DIGIT= 0 | REGIME= WINNERS ADVANCING | PREV REGIME= WARMUP | 0 P= 10 T= 10 A= 0 D= 4.5 | 1 P= 3.3 T= 0 A= -20 D= -7.5 | 2 P= 6.7 T= -10 A= 20 D= -2 | 3 P= 10 T= -5 A= 30 D= 4 | 4 P= 6.7 T= 0 A= 20 D= 2.5 | 5 P= 10 T= 0 A= -60 D= -12.5 | 6 P= 20 T= 10 A= 0 D= 9.5 | 7 P= 6.7 T= -10 A= 20 D= -2 | 8 P= 23.3 T= 10 A= -20 D= 7 | 9 P= 3.3 T= -5 A= 10 D= -3.5 | DOMINANT THREAT= 8 ( 7 ) | D79 WEIGHTED= 2.2 | THREAT BREADTH= 1 | LOSER ACCEL BREADTH= 2 | THREAT CONCENTRATION= 70 % | T LOSS= -1.7 | A LOSS= 3.3 | EVEN LEADER= 6 | EVEN FASTEST= 2 | D EVEN= 3.6 | T EVEN= 2.5 | A EVEN= 10 | EVEN ACCEL BREADTH= 2 | A WIN= -1.4 | A EDGE= -4.8 | A EVEN EDGE= 6.7 | DEEP UNDER7%= 72.4 | PREDICTION= 7 | STAKE= 10 | LOSS STREAK= 0 | VETO= NO FRESH 7-9 TRIGGER
2026-09-10,21:39:05 GMT,UNDER 7 SIGNAL | ID= 294 | DIGIT= 6 | REGIME= WINNERS ADVANCING | PREV REGIME= WARMUP | 0 P= 6.7 T= 5 A= -10 D= -1.5 | 1 P= 3.3 T= 0 A= -20 D= -7.5 | 2 P= 6.7 T= -10 A= 20 D= -2 | 3 P= 13.3 T= -5 A= 10 D= 1.5 | 4 P= 6.7 T= 0 A= 20 D= 2.5 | 5 P= 10 T= 0 A= -60 D= -12.5 | 6 P= 20 T= 15 A= 30 D= 18 | 7 P= 6.7 T= -10 A= 20 D= -2 | 8 P= 23.3 T= 10 A= -20 D= 7 | 9 P= 3.3 T= -5 A= 10 D= -3.5 | DOMINANT THREAT= 8 ( 7 ) | D79 WEIGHTED= 2.2 | THREAT BREADTH= 1 | LOSER ACCEL BREADTH= 2 | THREAT CONCENTRATION= 70 % | T LOSS= -1.7 | A LOSS= 3.3 | EVEN LEADER= 6 | EVEN FASTEST= 6 | D EVEN= 4.3 | T EVEN= 2.5 | A EVEN= 15 | EVEN ACCEL BREADTH= 3 | A WIN= -1.4 | A EDGE= -4.8 | A EVEN EDGE= 11.7 | DEEP UNDER7%= 72.4 | PREDICTION= 7 | STAKE= 10 | LOSS STREAK= 0 | VETO= NO FRESH 7-9 TRIGGER
2026-09-10,21:39:05 GMT,UNDER 7 SIGNAL | ID= 292 | DIGIT= 6 | REGIME= WINNERS ADVANCING | PREV REGIME= WARMUP | 0 P= 10 T= 0 A= 0 D= 0 | 1 P= 3.3 T= 0 A= -20 D= -7.5 | 2 P= 6.7 T= -10 A= 20 D= -2 | 3 P= 13.3 T= 0 A= -20 D= -2.5 | 4 P= 6.7 T= 0 A= 20 D= 2.5 | 5 P= 10 T= 5 A= -30 D= -4 | 6 P= 16.7 T= 10 A= 20 D= 12 | 7 P= 10 T= -15 A= 30 D= -0.5 | 8 P= 20 T= 15 A= -30 D= 5.5 | 9 P= 3.3 T= -5 A= 10 D= -3.5 | DOMINANT THREAT= 8 ( 5.5 ) | D79 WEIGHTED= 1.9 | THREAT BREADTH= 1 | LOSER ACCEL BREADTH= 2 | THREAT CONCENTRATION= 60 % | T LOSS= -1.7 | A LOSS= 3.3 | EVEN LEADER= 6 | EVEN FASTEST= 2 | D EVEN= 3.1 | T EVEN= 0 | A EVEN= 15 | EVEN ACCEL BREADTH= 3 | A WIN= -1.4 | A EDGE= -4.8 | A EVEN EDGE= 11.7 | DEEP UNDER7%= 72.5 | PREDICTION= 7 | STAKE= 10 | LOSS STREAK= 0 | VETO= NO FRESH 7-9 TRIGGER
2026-09-10,21:39:05 GMT,UNDER 7 SIGNAL | ID= 291 | DIGIT= 0 | REGIME= WINNERS ADVANCING | PREV REGIME= WARMUP | 0 P= 10 T= 0 A= 0 D= 0 | 1 P= 3.3 T= 0 A= -20 D= -7.5 | 2 P= 6.7 T= -10 A= 20 D= -2 | 3 P= 13.3 T= 0 A= -20 D= -2.5 | 4 P= 6.7 T= 0 A= 20 D= 2.5 | 5 P= 10 T= 5 A= -30 D= -4 | 6 P= 13.3 T= 10 A= 40 D= 14.5 | 7 P= 13.3 T= -15 A= 10 D= -3 | 8 P= 20 T= 15 A= -30 D= 5.5 | 9 P= 3.3 T= -5 A= 10 D= -3.5 | DOMINANT THREAT= 8 ( 5.5 ) | D79 WEIGHTED= 1.2 | THREAT BREADTH= 1 | LOSER ACCEL BREADTH= 2 | THREAT CONCENTRATION= 54.5 % | T LOSS= -1.7 | A LOSS= -3.3 | EVEN LEADER= 6 | EVEN FASTEST= 6 | D EVEN= 3.8 | T EVEN= 0 | A EVEN= 20 | EVEN ACCEL BREADTH= 3 | A WIN= 1.4 | A EDGE= 4.8 | A EVEN EDGE= 23.3 | DEEP UNDER7%= 72.5 | PREDICTION= 7 | STAKE= 10 | LOSS STREAK= 0 | VETO= NO FRESH 7-9 TRIGGER
2026-09-10,21:39:05 GMT,UNDER 7 SIGNAL | ID= 288 | DIGIT= 4 | REGIME= WINNERS ADVANCING | PREV REGIME= WARMUP | 0 P= 6.7 T= 0 A= 20 D= 2.5 | 1 P= 3.3 T= 0 A= -20 D= -7.5 | 2 P= 6.7 T= -5 A= -10 D= -6 | 3 P= 10 T= -5 A= -30 D= -8.5 | 4 P= 10 T= -5 A= 30 D= 4 | 5 P= 10 T= 10 A= 0 D= 4.5 | 6 P= 13.3 T= 10 A= 40 D= 14.5 | 7 P= 16.7 T= -15 A= -10 D= -5.5 | 8 P= 20 T= 10 A= 0 D= 9.5 | 9 P= 3.3 T= 0 A= -20 D= -7.5 | DOMINANT THREAT= 8 ( 9.5 ) | D79 WEIGHTED= 1.6 | THREAT BREADTH= 1 | LOSER ACCEL BREADTH= 0 | THREAT CONCENTRATION= 50 % | T LOSS= -1.7 | A LOSS= -10 | EVEN LEADER= 6 | EVEN FASTEST= 6 | D EVEN= 3.8 | T EVEN= 0 | A EVEN= 20 | EVEN ACCEL BREADTH= 3 | A WIN= 4.3 | A EDGE= 14.3 | A EVEN EDGE= 30 | DEEP UNDER7%= 72.4 | PREDICTION= 7 | STAKE= 10 | LOSS STREAK= 0 | VETO= NO FRESH 7-9 TRIGGER
2026-09-10,21:39:05 GMT,UNDER 7 SIGNAL | ID= 276 | DIGIT= 5 | REGIME= WINNERS ADVANCING | PREV REGIME= WARMUP | 0 P= 6.7 T= -5 A= -10 D= -6 | 1 P= 3.3 T= -5 A= 10 D= -3.5 | 2 P= 10 T= 5 A= 30 D= 8.5 | 3 P= 13.3 T= 10 A= -20 D= 2 | 4 P= 10 T= -5 A= -30 D= -8.5 | 5 P= 6.7 T= 0 A= 20 D= 2.5 | 6 P= 3.3 T= 5 A= 10 D= 1 | 7 P= 26.7 T= 0 A= -40 D= 0 | 8 P= 10 T= 0 A= 0 D= 0 | 9 P= 10 T= -5 A= 30 D= 4 | DOMINANT THREAT= 9 ( 4 ) | D79 WEIGHTED= 2 | THREAT BREADTH= 0 | LOSER ACCEL BREADTH= 1 | THREAT CONCENTRATION= 57.1 % | T LOSS= -1.7 | A LOSS= -3.3 | EVEN LEADER= 2 | EVEN FASTEST= 2 | D EVEN= -1.2 | T EVEN= 0 | A EVEN= 0 | EVEN ACCEL BREADTH= 2 | A WIN= 1.4 | A EDGE= 4.8 | A EVEN EDGE= 3.3 | DEEP UNDER7%= 72.6 | PREDICTION= 7 | STAKE= 10 | LOSS STREAK= 0 | VETO= NO FRESH 7-9 TRIGGER
2026-09-10,21:39:05 GMT,YOU WON | Total profit: $ 5.46
2026-09-10,21:39:05 GMT,Profit amount: 3.7
2026-09-10,21:39:05 GMT,Bought: Win payout if the last digit of Volatility 10 (1s) Index is strictly lower than 7 after 1 ticks. (ID: 23903334179)
2026-09-10,21:39:05 GMT,UNDER 7 SIGNAL | ID= 275 | DIGIT= 8 | REGIME= WINNERS ADVANCING | PREV REGIME= WARMUP | 0 P= 6.7 T= -5 A= -10 D= -6 | 1 P= 6.7 T= -5 A= -10 D= -6 | 2 P= 10 T= 10 A= 0 D= 4.5 | 3 P= 10 T= 10 A= 0 D= 4.5 | 4 P= 10 T= 0 A= 0 D= 0 | 5 P= 6.7 T= -10 A= 20 D= -2 | 6 P= 3.3 T= 5 A= 10 D= 1 | 7 P= 26.7 T= 0 A= -40 D= 0 | 8 P= 10 T= 0 A= 0 D= 0 | 9 P= 10 T= -5 A= 30 D= 4 | DOMINANT THREAT= 9 ( 4 ) | D79 WEIGHTED= 2 | THREAT BREADTH= 0 | LOSER ACCEL BREADTH= 1 | THREAT CONCENTRATION= 57.1 % | T LOSS= -1.7 | A LOSS= -3.3 | EVEN LEADER= 2 | EVEN FASTEST= 6 | D EVEN= -0.1 | T EVEN= 2.5 | A EVEN= 0 | EVEN ACCEL BREADTH= 1 | A WIN= 1.4 | A EDGE= 4.8 | A EVEN EDGE= 3.3 | DEEP UNDER7%= 72.4 | PREDICTION= 7 | STAKE= 10 | LOSS STREAK= 0 | VETO=
2026-09-10,21:39:05 GMT,YOU WON | Total profit: $ 1.76
2026-09-10,21:39:05 GMT,Profit amount: 3.7
2026-09-10,21:39:05 GMT,Bought: Win payout if the last digit of Volatility 10 (1s) Index is strictly lower than 7 after 1 ticks. (ID: 23903327399)
2026-09-10,21:39:05 GMT,UNDER 7 SIGNAL | ID= 274 | DIGIT= 7 | REGIME= WINNERS ADVANCING | PREV REGIME= WARMUP | 0 P= 6.7 T= 0 A= 20 D= 2.5 | 1 P= 10 T= -10 A= 0 D= -4.5 | 2 P= 10 T= 10 A= 0 D= 4.5 | 3 P= 6.7 T= 5 A= -10 D= -1.5 | 4 P= 10 T= 0 A= 0 D= 0 | 5 P= 6.7 T= -5 A= -10 D= -6 | 6 P= 3.3 T= 5 A= 10 D= 1 | 7 P= 26.7 T= 5 A= -10 D= 8.5 | 8 P= 10 T= -10 A= 0 D= -4.5 | 9 P= 10 T= 0 A= 0 D= 0 | DOMINANT THREAT= 7 ( 8.5 ) | D79 WEIGHTED= 3.4 | THREAT BREADTH= 1 | LOSER ACCEL BREADTH= 0 | THREAT CONCENTRATION= 57.1 % | T LOSS= -1.7 | A LOSS= -3.3 | EVEN LEADER= 2 | EVEN FASTEST= 0 | D EVEN= 2 | T EVEN= 3.8 | A EVEN= 7.5 | EVEN ACCEL BREADTH= 2 | A WIN= 1.4 | A EDGE= 4.8 | A EVEN EDGE= 10.8 | DEEP UNDER7%= 72.4 | PREDICTION= 7 | STAKE= 10 | LOSS STREAK= 0 | VETO=
2026-09-10,21:39:05 GMT,UNDER 7 SIGNAL | ID= 265 | DIGIT= 0 | REGIME= WINNERS ADVANCING | PREV REGIME= WARMUP | 0 P= 6.7 T= 5 A= -10 D= -1.5 | 1 P= 13.3 T= 0 A= -20 D= -2.5 | 2 P= 3.3 T= 5 A= 10 D= 1 | 3 P= 10 T= -5 A= 30 D= 4 | 4 P= 10 T= 0 A= 0 D= 0 | 5 P= 10 T= 0 A= 0 D= 0 | 6 P= 0 T= 0 A= 0 D= -5 | 7 P= 20 T= 10 A= 0 D= 9.5 | 8 P= 16.7 T= -10 A= 20 D= 3 | 9 P= 10 T= -5 A= -30 D= -8.5 | DOMINANT THREAT= 7 ( 9.5 ) | D79 WEIGHTED= 4 | THREAT BREADTH= 1 | LOSER ACCEL BREADTH= 1 | THREAT CONCENTRATION= 42.9 % | T LOSS= -1.7 | A LOSS= -3.3 | EVEN LEADER= 2 | EVEN FASTEST= 2 | D EVEN= -1.4 | T EVEN= 2.5 | A EVEN= 0 | EVEN ACCEL BREADTH= 1 | A WIN= 1.4 | A EDGE= 4.8 | A EVEN EDGE= 3.3 | DEEP UNDER7%= 72.2 | PREDICTION= 7 | STAKE= 10 | LOSS STREAK= 0 | VETO= NO FRESH 7-9 TRIGGER
2026-09-10,21:39:05 GMT,UNDER 7 SIGNAL | ID= 229 | DIGIT= 2 | REGIME= WINNERS ADVANCING | PREV REGIME= WARMUP | 0 P= 16.7 T= 0 A= 20 D= 7.5 | 1 P= 6.7 T= 0 A= 20 D= 2.5 | 2 P= 3.3 T= 5 A= 10 D= 1 | 3 P= 10 T= 5 A= 30 D= 8.5 | 4 P= 6.7 T= 5 A= -10 D= -1.5 | 5 P= 16.7 T= 5 A= -10 D= 3.5 | 6 P= 6.7 T= 0 A= -40 D= -10 | 7 P= 10 T= -5 A= -30 D= -8.5 | 8 P= 16.7 T= -5 A= -10 D= -1 | 9 P= 6.7 T= -10 A= 20 D= -2 | DOMINANT THREAT= 8 ( -1 ) | D79 WEIGHTED= -2.8 | THREAT BREADTH= 0 | LOSER ACCEL BREADTH= 1 | THREAT CONCENTRATION= 50 % | T LOSS= -6.7 | A LOSS= -6.7 | EVEN LEADER= 0 | EVEN FASTEST= 0 | D EVEN= -0.7 | T EVEN= 2.5 | A EVEN= -5 | EVEN ACCEL BREADTH= 2 | A WIN= 2.9 | A EDGE= 9.5 | A EVEN EDGE= 1.7 | DEEP UNDER7%= 72.9 | PREDICTION= 7 | STAKE= 10 | LOSS STREAK= 0 | VETO= NO FRESH 7-9 TRIGGER
2026-09-10,21:39:05 GMT,UNDER 7 SIGNAL | ID= 226 | DIGIT= 4 | REGIME= WINNERS ADVANCING | PREV REGIME= WARMUP | 0 P= 20 T= 0 A= 0 D= 5 | 1 P= 6.7 T= 0 A= 20 D= 2.5 | 2 P= 0 T= 0 A= 0 D= -5 | 3 P= 6.7 T= 0 A= 20 D= 2.5 | 4 P= 10 T= 0 A= 0 D= 0 | 5 P= 16.7 T= 10 A= 20 D= 12 | 6 P= 10 T= 0 A= 0 D= 0 | 7 P= 10 T= 0 A= 0 D= 0 | 8 P= 13.3 T= -5 A= -50 D= -11 | 9 P= 6.7 T= -5 A= -10 D= -6 | DOMINANT THREAT= 7 ( 0 ) | D79 WEIGHTED= -4 | THREAT BREADTH= 0 | LOSER ACCEL BREADTH= 0 | THREAT CONCENTRATION= 44.4 % | T LOSS= -3.3 | A LOSS= -20 | EVEN LEADER= 0 | EVEN FASTEST= 0 | D EVEN= 0 | T EVEN= 0 | A EVEN= 0 | EVEN ACCEL BREADTH= 0 | A WIN= 8.6 | A EDGE= 28.6 | A EVEN EDGE= 20 | DEEP UNDER7%= 72.8 | PREDICTION= 7 | STAKE= 10 | LOSS STREAK= 0 | VETO= NO FRESH 7-9 TRIGGER
2026-09-10,21:39:05 GMT,UNDER 7 SIGNAL | ID= 225 | DIGIT= 5 | REGIME= WINNERS ADVANCING | PREV REGIME= WARMUP | 0 P= 20 T= 0 A= 0 D= 5 | 1 P= 10 T= 0 A= 0 D= 0 | 2 P= 0 T= 0 A= 0 D= -5 | 3 P= 6.7 T= 0 A= 20 D= 2.5 | 4 P= 6.7 T= -5 A= -10 D= -6 | 5 P= 16.7 T= 15 A= 50 D= 20.5 | 6 P= 10 T= 0 A= 0 D= 0 | 7 P= 10 T= 0 A= 0 D= 0 | 8 P= 13.3 T= -5 A= -50 D= -11 | 9 P= 6.7 T= -5 A= -10 D= -6 | DOMINANT THREAT= 7 ( 0 ) | D79 WEIGHTED= -4 | THREAT BREADTH= 0 | LOSER ACCEL BREADTH= 0 | THREAT CONCENTRATION= 44.4 % | T LOSS= -3.3 | A LOSS= -20 | EVEN LEADER= 0 | EVEN FASTEST= 0 | D EVEN= -1.5 | T EVEN= -1.2 | A EVEN= -2.5 | EVEN ACCEL BREADTH= 0 | A WIN= 8.6 | A EDGE= 28.6 | A EVEN EDGE= 17.5 | DEEP UNDER7%= 72.8 | PREDICTION= 7 | STAKE= 10 | LOSS STREAK= 0 | VETO= NO FRESH 7-9 TRIGGER
2026-09-10,21:39:05 GMT,UNDER 7 SIGNAL | ID= 224 | DIGIT= 0 | REGIME= WINNERS ADVANCING | PREV REGIME= WARMUP | 0 P= 20 T= 5 A= -30 D= 1 | 1 P= 10 T= 0 A= 0 D= 0 | 2 P= 3.3 T= -5 A= 10 D= -3.5 | 3 P= 6.7 T= 0 A= 20 D= 2.5 | 4 P= 6.7 T= 0 A= 20 D= 2.5 | 5 P= 13.3 T= 10 A= 40 D= 14.5 | 6 P= 10 T= 0 A= 0 D= 0 | 7 P= 10 T= 0 A= 0 D= 0 | 8 P= 13.3 T= -5 A= -50 D= -11 | 9 P= 6.7 T= -5 A= -10 D= -6 | DOMINANT THREAT= 7 ( 0 ) | D79 WEIGHTED= -4 | THREAT BREADTH= 0 | LOSER ACCEL BREADTH= 0 | THREAT CONCENTRATION= 44.4 % | T LOSS= -3.3 | A LOSS= -20 | EVEN LEADER= 4 | EVEN FASTEST= 4 | D EVEN= 0 | T EVEN= 0 | A EVEN= 0 | EVEN ACCEL BREADTH= 2 | A WIN= 8.6 | A EDGE= 28.6 | A EVEN EDGE= 20 | DEEP UNDER7%= 72.7 | PREDICTION= 7 | STAKE= 10 | LOSS STREAK= 0 | VETO= NO FRESH 7-9 TRIGGER
2026-09-10,21:39:05 GMT,UNDER 7 SIGNAL | ID= 223 | DIGIT= 0 | REGIME= WINNERS ADVANCING | PREV REGIME= WARMUP | 0 P= 16.7 T= 0 A= -40 D= -5 | 1 P= 10 T= 0 A= 0 D= 0 | 2 P= 6.7 T= -10 A= 20 D= -2 | 3 P= 6.7 T= 0 A= 20 D= 2.5 | 4 P= 6.7 T= 0 A= 20 D= 2.5 | 5 P= 13.3 T= 10 A= 40 D= 14.5 | 6 P= 10 T= 5 A= 30 D= 8.5 | 7 P= 10 T= 0 A= 0 D= 0 | 8 P= 13.3 T= 0 A= -80 D= -15 | 9 P= 6.7 T= -5 A= -10 D= -6 | DOMINANT THREAT= 7 ( 0 ) | D79 WEIGHTED= -4.8 | THREAT BREADTH= 0 | LOSER ACCEL BREADTH= 0 | THREAT CONCENTRATION= 44.4 % | T LOSS= -1.7 | A LOSS= -30 | EVEN LEADER= 6 | EVEN FASTEST= 6 | D EVEN= 1 | T EVEN= -1.2 | A EVEN= 7.5 | EVEN ACCEL BREADTH= 3 | A WIN= 12.9 | A EDGE= 42.9 | A EVEN EDGE= 37.5 | DEEP UNDER7%= 72.7 | PREDICTION= 7 | STAKE= 10 | LOSS STREAK= 0 | VETO= NO FRESH 7-9 TRIGGER
2026-09-10,21:39:05 GMT,UNDER 7 SIGNAL | ID= 222 | DIGIT= 3 | REGIME= WINNERS ADVANCING | PREV REGIME= WARMUP | 0 P= 13.3 T= 0 A= -20 D= -2.5 | 1 P= 10 T= 0 A= 0 D= 0 | 2 P= 6.7 T= -10 A= 20 D= -2 | 3 P= 6.7 T= 0 A= 20 D= 2.5 | 4 P= 10 T= -5 A= 30 D= 4 | 5 P= 13.3 T= 15 A= 10 D= 10.5 | 6 P= 10 T= 5 A= 30 D= 8.5 | 7 P= 10 T= 0 A= 0 D= 0 | 8 P= 13.3 T= 0 A= -80 D= -15 | 9 P= 6.7 T= -5 A= -10 D= -6 | DOMINANT THREAT= 7 ( 0 ) | D79 WEIGHTED= -4.8 | THREAT BREADTH= 0 | LOSER ACCEL BREADTH= 0 | THREAT CONCENTRATION= 44.4 % | T LOSS= -1.7 | A LOSS= -30 | EVEN LEADER= 6 | EVEN FASTEST= 4 | D EVEN= 2 | T EVEN= -2.5 | A EVEN= 15 | EVEN ACCEL BREADTH= 3 | A WIN= 12.9 | A EDGE= 42.9 | A EVEN EDGE= 45 | DEEP UNDER7%= 72.7 | PREDICTION= 7 | STAKE= 10 | LOSS STREAK= 0 | VETO= NO FRESH 7-9 TRIGGER
2026-09-10,21:39:05 GMT,UNDER 7 SIGNAL | ID= 199 | DIGIT= 0 | REGIME= WINNERS ADVANCING | PREV REGIME= WARMUP | 0 P= 13.3 T= 0 A= 40 D= 10 | 1 P= 13.3 T= -5 A= 10 D= 1.5 | 2 P= 13.3 T= 5 A= 10 D= 6 | 3 P= 13.3 T= -5 A= 10 D= 1.5 | 4 P= 10 T= 15 A= 30 D= 13 | 5 P= 6.7 T= -10 A= 20 D= -2 | 6 P= 10 T= 5 A= -30 D= -4 | 7 P= 3.3 T= 0 A= -20 D= -7.5 | 8 P= 13.3 T= -5 A= -50 D= -11 | 9 P= 3.3 T= 0 A= -20 D= -7.5 | DOMINANT THREAT= 7 ( -7.5 ) | D79 WEIGHTED= -8.2 | THREAT BREADTH= 0 | LOSER ACCEL BREADTH= 0 | THREAT CONCENTRATION= 66.7 % | T LOSS= -1.7 | A LOSS= -30 | EVEN LEADER= 4 | EVEN FASTEST= 0 | D EVEN= 6.3 | T EVEN= 6.3 | A EVEN= 12.5 | EVEN ACCEL BREADTH= 3 | A WIN= 12.9 | A EDGE= 42.9 | A EVEN EDGE= 42.5 | DEEP UNDER7%= 72.7 | PREDICTION= 7 | STAKE= 10 | LOSS STREAK= 0 | VETO= NO FRESH 7-9 TRIGGER
2026-09-10,21:39:05 GMT,UNDER 7 SIGNAL | ID= 181 | DIGIT= 3 | REGIME= WINNERS ADVANCING | PREV REGIME= WARMUP | 0 P= 6.7 T= 10 A= 20 D= 7 | 1 P= 16.7 T= 5 A= -10 D= 3.5 | 2 P= 10 T= 0 A= 0 D= 0 | 3 P= 20 T= 5 A= -30 D= 1 | 4 P= 3.3 T= 0 A= -20 D= -7.5 | 5 P= 20 T= -15 A= 30 D= 4.5 | 6 P= 6.7 T= 0 A= 20 D= 2.5 | 7 P= 3.3 T= 0 A= -20 D= -7.5 | 8 P= 10 T= 0 A= 0 D= 0 | 9 P= 3.3 T= -5 A= 10 D= -3.5 | DOMINANT THREAT= 8 ( 0 ) | D79 WEIGHTED= -2.5 | THREAT BREADTH= 0 | LOSER ACCEL BREADTH= 1 | THREAT CONCENTRATION= 60 % | T LOSS= -1.7 | A LOSS= -3.3 | EVEN LEADER= 0 | EVEN FASTEST= 0 | D EVEN= 0.5 | T EVEN= 2.5 | A EVEN= 5 | EVEN ACCEL BREADTH= 2 | A WIN= 1.4 | A EDGE= 4.8 | A EVEN EDGE= 8.3 | DEEP UNDER7%= 72.5 | PREDICTION= 7 | STAKE= 10 | LOSS STREAK= 0 | VETO= NO FRESH 7-9 TRIGGER
2026-09-10,21:39:05 GMT,UNDER 7 SIGNAL | ID= 180 | DIGIT= 6 | REGIME= WINNERS ADVANCING | PREV REGIME= WARMUP | 0 P= 6.7 T= 10 A= 20 D= 7 | 1 P= 16.7 T= 5 A= -10 D= 3.5 | 2 P= 13.3 T= -5 A= 10 D= 1.5 | 3 P= 16.7 T= 0 A= -40 D= -5 | 4 P= 3.3 T= 0 A= -20 D= -7.5 | 5 P= 20 T= -5 A= 30 D= 9 | 6 P= 6.7 T= 0 A= 20 D= 2.5 | 7 P= 3.3 T= 0 A= -20 D= -7.5 | 8 P= 10 T= 0 A= 0 D= 0 | 9 P= 3.3 T= -5 A= 10 D= -3.5 | DOMINANT THREAT= 8 ( 0 ) | D79 WEIGHTED= -2.5 | THREAT BREADTH= 0 | LOSER ACCEL BREADTH= 1 | THREAT CONCENTRATION= 60 % | T LOSS= -1.7 | A LOSS= -3.3 | EVEN LEADER= 0 | EVEN FASTEST= 0 | D EVEN= 0.9 | T EVEN= 1.3 | A EVEN= 7.5 | EVEN ACCEL BREADTH= 3 | A WIN= 1.4 | A EDGE= 4.8 | A EVEN EDGE= 10.8 | DEEP UNDER7%= 72.5 | PREDICTION= 7 | STAKE= 10 | LOSS STREAK= 0 | VETO= NO FRESH 7-9 TRIGGER
2026-09-10,21:39:05 GMT,UNDER 7 SIGNAL | ID= 179 | DIGIT= 1 | REGIME= WINNERS ADVANCING | PREV REGIME= WARMUP | 0 P= 6.7 T= 10 A= 20 D= 7 | 1 P= 16.7 T= 5 A= -10 D= 3.5 | 2 P= 13.3 T= -5 A= 10 D= 1.5 | 3 P= 16.7 T= 10 A= -40 D= -0.5 | 4 P= 3.3 T= 0 A= -20 D= -7.5 | 5 P= 20 T= -5 A= 30 D= 9 | 6 P= 3.3 T= -5 A= 10 D= -3.5 | 7 P= 3.3 T= 0 A= -20 D= -7.5 | 8 P= 13.3 T= -5 A= 10 D= 1.5 | 9 P= 3.3 T= -5 A= 10 D= -3.5 | DOMINANT THREAT= 8 ( 1.5 ) | D79 WEIGHTED= -1.8 | THREAT BREADTH= 0 | LOSER ACCEL BREADTH= 2 | THREAT CONCENTRATION= 66.7 % | T LOSS= -3.3 | A LOSS= 0 | EVEN LEADER= 0 | EVEN FASTEST= 0 | D EVEN= -0.6 | T EVEN= 0 | A EVEN= 5 | EVEN ACCEL BREADTH= 3 | A WIN= 0 | A EDGE= 0 | A EVEN EDGE= 5 | DEEP UNDER7%= 72.5 | PREDICTION= 7 | STAKE= 10 | LOSS STREAK= 0 | VETO= NO FRESH 7-9 TRIGGER
2026-09-10,21:39:05 GMT,UNDER 7 SIGNAL | ID= 178 | DIGIT= 1 | REGIME= WINNERS ADVANCING | PREV REGIME= WARMUP | 0 P= 6.7 T= 10 A= 20 D= 7 | 1 P= 13.3 T= 0 A= -20 D= -2.5 | 2 P= 13.3 T= -5 A= 10 D= 1.5 | 3 P= 16.7 T= 10 A= -40 D= -0.5 | 4 P= 3.3 T= 5 A= 10 D= 1 | 5 P= 20 T= -5 A= 30 D= 9 | 6 P= 3.3 T= -5 A= 10 D= -3.5 | 7 P= 6.7 T= -5 A= -10 D= -6 | 8 P= 13.3 T= -5 A= 10 D= 1.5 | 9 P= 3.3 T= 0 A= -20 D= -7.5 | DOMINANT THREAT= 8 ( 1.5 ) | D79 WEIGHTED= -2.5 | THREAT BREADTH= 0 | LOSER ACCEL BREADTH= 1 | THREAT CONCENTRATION= 57.1 % | T LOSS= -3.3 | A LOSS= -6.7 | EVEN LEADER= 0 | EVEN FASTEST= 0 | D EVEN= 1.5 | T EVEN= 1.3 | A EVEN= 12.5 | EVEN ACCEL BREADTH= 4 | A WIN= 2.9 | A EDGE= 9.5 | A EVEN EDGE= 19.2 | DEEP UNDER7%= 72.5 | PREDICTION= 7 | STAKE= 10 | LOSS STREAK= 0 | VETO= NO FRESH 7-9 TRIGGER
2026-09-10,21:39:05 GMT,YOU WON | Total profit: $ -1.94
2026-09-10,21:39:05 GMT,Profit amount: 3.7
2026-09-10,21:39:05 GMT,Bought: Win payout if the last digit of Volatility 10 (1s) Index is strictly lower than 7 after 1 ticks. (ID: 23903070619)
2026-09-10,21:39:05 GMT,UNDER 7 SIGNAL | ID= 177 | DIGIT= 8 | REGIME= WINNERS ADVANCING | PREV REGIME= WARMUP | 0 P= 3.3 T= 5 A= 10 D= 1 | 1 P= 13.3 T= -10 A= -20 D= -7 | 2 P= 13.3 T= 5 A= 10 D= 6 | 3 P= 16.7 T= 10 A= -40 D= -0.5 | 4 P= 3.3 T= 5 A= 10 D= 1 | 5 P= 23.3 T= -5 A= 10 D= 6.5 | 6 P= 3.3 T= -5 A= 10 D= -3.5 | 7 P= 6.7 T= 0 A= 20 D= 2.5 | 8 P= 13.3 T= -5 A= 10 D= 1.5 | 9 P= 3.3 T= 0 A= -20 D= -7.5 | DOMINANT THREAT= 7 ( 2.5 ) | D79 WEIGHTED= 0.2 | THREAT BREADTH= 0 | LOSER ACCEL BREADTH= 2 | THREAT CONCENTRATION= 57.1 % | T LOSS= -1.7 | A LOSS= 3.3 | EVEN LEADER= 2 | EVEN FASTEST= 0 | D EVEN= 1.1 | T EVEN= 2.5 | A EVEN= 10 | EVEN ACCEL BREADTH= 4 | A WIN= -1.4 | A EDGE= -4.8 | A EVEN EDGE= 6.7 | DEEP UNDER7%= 72.4 | PREDICTION= 7 | STAKE= 10 | LOSS STREAK= 0 | VETO=
2026-09-10,21:39:05 GMT,UNDER 7 SIGNAL | ID= 176 | DIGIT= 3 | REGIME= WINNERS ADVANCING | PREV REGIME= WARMUP | 0 P= 3.3 T= 5 A= 10 D= 1 | 1 P= 13.3 T= -5 A= 10 D= 1.5 | 2 P= 13.3 T= 5 A= 10 D= 6 | 3 P= 20 T= 5 A= -30 D= 1 | 4 P= 3.3 T= 5 A= 10 D= 1 | 5 P= 23.3 T= -5 A= 10 D= 6.5 | 6 P= 3.3 T= -5 A= 10 D= -3.5 | 7 P= 6.7 T= 0 A= 20 D= 2.5 | 8 P= 10 T= -5 A= -30 D= -8.5 | 9 P= 3.3 T= 0 A= -20 D= -7.5 | DOMINANT THREAT= 7 ( 2.5 ) | D79 WEIGHTED= -2.7 | THREAT BREADTH= 0 | LOSER ACCEL BREADTH= 1 | THREAT CONCENTRATION= 50 % | T LOSS= -1.7 | A LOSS= -10 | EVEN LEADER= 2 | EVEN FASTEST= 0 | D EVEN= 1.1 | T EVEN= 2.5 | A EVEN= 10 | EVEN ACCEL BREADTH= 4 | A WIN= 4.3 | A EDGE= 14.3 | A EVEN EDGE= 20 | DEEP UNDER7%= 72.5 | PREDICTION= 7 | STAKE= 10 | LOSS STREAK= 0 | VETO= NO FRESH 7-9 TRIGGER
2026-09-10,21:39:05 GMT,UNDER 7 SIGNAL | ID= 175 | DIGIT= 0 | REGIME= WINNERS ADVANCING | PREV REGIME= WARMUP | 0 P= 3.3 T= 5 A= 10 D= 1 | 1 P= 13.3 T= -5 A= 10 D= 1.5 | 2 P= 13.3 T= 5 A= 10 D= 6 | 3 P= 16.7 T= 0 A= -40 D= -5 | 4 P= 3.3 T= 5 A= 10 D= 1 | 5 P= 23.3 T= 0 A= -20 D= 2.5 | 6 P= 3.3 T= -5 A= 10 D= -3.5 | 7 P= 6.7 T= 0 A= 20 D= 2.5 | 8 P= 10 T= 0 A= 0 D= 0 | 9 P= 6.7 T= -5 A= -10 D= -6 | DOMINANT THREAT= 7 ( 2.5 ) | D79 WEIGHTED= 0 | THREAT BREADTH= 0 | LOSER ACCEL BREADTH= 1 | THREAT CONCENTRATION= 42.9 % | T LOSS= -1.7 | A LOSS= 3.3 | EVEN LEADER= 2 | EVEN FASTEST= 0 | D EVEN= 1.1 | T EVEN= 2.5 | A EVEN= 10 | EVEN ACCEL BREADTH= 4 | A WIN= -1.4 | A EDGE= -4.8 | A EVEN EDGE= 6.7 | DEEP UNDER7%= 72.5 | PREDICTION= 7 | STAKE= 10 | LOSS STREAK= 0 | VETO= NO FRESH 7-9 TRIGGER
2026-09-10,21:39:05 GMT,UNDER 7 SIGNAL | ID= 174 | DIGIT= 5 | REGIME= WINNERS ADVANCING | PREV REGIME= WARMUP | 0 P= 0 T= 0 A= 0 D= -5 | 1 P= 13.3 T= 0 A= -20 D= -2.5 | 2 P= 16.7 T= 0 A= 20 D= 7.5 | 3 P= 16.7 T= 5 A= -10 D= 3.5 | 4 P= 3.3 T= 5 A= 10 D= 1 | 5 P= 23.3 T= 0 A= -20 D= 2.5 | 6 P= 3.3 T= -5 A= 10 D= -3.5 | 7 P= 6.7 T= 0 A= 20 D= 2.5 | 8 P= 10 T= 0 A= 0 D= 0 | 9 P= 6.7 T= -5 A= -10 D= -6 | DOMINANT THREAT= 7 ( 2.5 ) | D79 WEIGHTED= 0 | THREAT BREADTH= 0 | LOSER ACCEL BREADTH= 1 | THREAT CONCENTRATION= 42.9 % | T LOSS= -1.7 | A LOSS= 3.3 | EVEN LEADER= 2 | EVEN FASTEST= 2 | D EVEN= 0 | T EVEN= 0 | A EVEN= 10 | EVEN ACCEL BREADTH= 3 | A WIN= -1.4 | A EDGE= -4.8 | A EVEN EDGE= 6.7 | DEEP UNDER7%= 72.4 | PREDICTION= 7 | STAKE= 10 | LOSS STREAK= 0 | VETO= NO FRESH 7-9 TRIGGER
2026-09-10,21:39:05 GMT,UNDER 7 SIGNAL | ID= 162 | DIGIT= 5 | REGIME= WINNERS ADVANCING | PREV REGIME= WARMUP | 0 P= 0 T= 0 A= 0 D= -5 | 1 P= 6.7 T= 5 A= -10 D= -1.5 | 2 P= 16.7 T= -5 A= -10 D= -1 | 3 P= 16.7 T= -5 A= -10 D= -1 | 4 P= 10 T= -15 A= 30 D= -0.5 | 5 P= 16.7 T= 20 A= 20 D= 16.5 | 6 P= 3.3 T= 5 A= 10 D= 1 | 7 P= 6.7 T= -5 A= -10 D= -6 | 8 P= 10 T= 0 A= 0 D= 0 | 9 P= 13.3 T= 0 A= -20 D= -2.5 | DOMINANT THREAT= 8 ( 0 ) | D79 WEIGHTED= -1.9 | THREAT BREADTH= 0 | LOSER ACCEL BREADTH= 0 | THREAT CONCENTRATION= 44.4 % | T LOSS= -1.7 | A LOSS= -10 | EVEN LEADER= 6 | EVEN FASTEST= 4 | D EVEN= -1.4 | T EVEN= -3.7 | A EVEN= 7.5 | EVEN ACCEL BREADTH= 2 | A WIN= 4.3 | A EDGE= 14.3 | A EVEN EDGE= 17.5 | DEEP UNDER7%= 72.4 | PREDICTION= 7 | STAKE= 10 | LOSS STREAK= 0 | VETO= NO FRESH 7-9 TRIGGER
2026-09-10,21:39:05 GMT,UNDER 7 SIGNAL | ID= 161 | DIGIT= 3 | REGIME= WINNERS ADVANCING | PREV REGIME= WARMUP | 0 P= 0 T= 0 A= 0 D= -5 | 1 P= 6.7 T= 5 A= -10 D= -1.5 | 2 P= 16.7 T= 0 A= 20 D= 7.5 | 3 P= 16.7 T= -5 A= -10 D= -1 | 4 P= 10 T= -10 A= 0 D= -4.5 | 5 P= 13.3 T= 15 A= 10 D= 10.5 | 6 P= 3.3 T= 5 A= 10 D= 1 | 7 P= 6.7 T= -5 A= -10 D= -6 | 8 P= 13.3 T= -5 A= 10 D= 1.5 | 9 P= 13.3 T= 0 A= -20 D= -2.5 | DOMINANT THREAT= 8 ( 1.5 ) | D79 WEIGHTED= -1.2 | THREAT BREADTH= 0 | LOSER ACCEL BREADTH= 1 | THREAT CONCENTRATION= 40 % | T LOSS= -3.3 | A LOSS= -6.7 | EVEN LEADER= 2 | EVEN FASTEST= 2 | D EVEN= -0.2 | T EVEN= -1.2 | A EVEN= 7.5 | EVEN ACCEL BREADTH= 2 | A WIN= 2.9 | A EDGE= 9.5 | A EVEN EDGE= 14.2 | DEEP UNDER7%= 72.3 | PREDICTION= 7 | STAKE= 10 | LOSS STREAK= 0 | VETO= NO FRESH 7-9 TRIGGER
2026-09-10,21:39:05 GMT,YOU WON | Total profit: $ -5.64
2026-09-10,21:39:05 GMT,Profit amount: 3.7
2026-09-10,21:39:05 GMT,Bought: Win payout if the last digit of Volatility 10 (1s) Index is strictly lower than 7 after 1 ticks. (ID: 23902940619)
2026-09-10,21:39:05 GMT,UNDER 7 SIGNAL | ID= 130 | DIGIT= 7 | REGIME= WINNERS ADVANCING | PREV REGIME= WARMUP | 0 P= 16.7 T= 0 A= 20 D= 7.5 | 1 P= 0 T= 0 A= 0 D= -5 | 2 P= 13.3 T= 5 A= 10 D= 6 | 3 P= 10 T= 0 A= 0 D= 0 | 4 P= 10 T= 10 A= 0 D= 4.5 | 5 P= 10 T= -10 A= 0 D= -4.5 | 6 P= 6.7 T= 0 A= 20 D= 2.5 | 7 P= 10 T= 5 A= -30 D= -4 | 8 P= 10 T= 0 A= 0 D= 0 | 9 P= 13.3 T= -10 A= -20 D= -7 | DOMINANT THREAT= 8 ( 0 ) | D79 WEIGHTED= -2.6 | THREAT BREADTH= 1 | LOSER ACCEL BREADTH= 0 | THREAT CONCENTRATION= 40 % | T LOSS= -1.7 | A LOSS= -16.7 | EVEN LEADER= 0 | EVEN FASTEST= 0 | D EVEN= 5.1 | T EVEN= 3.8 | A EVEN= 12.5 | EVEN ACCEL BREADTH= 3 | A WIN= 7.1 | A EDGE= 23.8 | A EVEN EDGE= 29.2 | DEEP UNDER7%= 72.5 | PREDICTION= 7 | STAKE= 10 | LOSS STREAK= 0 | VETO=
2026-09-10,21:39:05 GMT,UNDER 7 SIGNAL | ID= 128 | DIGIT= 0 | REGIME= WINNERS ADVANCING | PREV REGIME= WARMUP | 0 P= 16.7 T= 10 A= -40 D= -0.5 | 1 P= 6.7 T= -10 A= 20 D= -2 | 2 P= 13.3 T= 5 A= 10 D= 6 | 3 P= 10 T= 0 A= 0 D= 0 | 4 P= 10 T= 15 A= 30 D= 13 | 5 P= 10 T= -10 A= 0 D= -4.5 | 6 P= 6.7 T= 0 A= 20 D= 2.5 | 7 P= 6.7 T= 0 A= -40 D= -10 | 8 P= 6.7 T= 0 A= 20 D= 2.5 | 9 P= 13.3 T= -10 A= -20 D= -7 | DOMINANT THREAT= 8 ( 2.5 ) | D79 WEIGHTED= -2.8 | THREAT BREADTH= 0 | LOSER ACCEL BREADTH= 1 | THREAT CONCENTRATION= 50 % | T LOSS= -3.3 | A LOSS= -13.3 | EVEN LEADER= 4 | EVEN FASTEST= 4 | D EVEN= 5.3 | T EVEN= 7.5 | A EVEN= 5 | EVEN ACCEL BREADTH= 3 | A WIN= 5.7 | A EDGE= 19 | A EVEN EDGE= 18.3 | DEEP UNDER7%= 72.5 | PREDICTION= 7 | STAKE= 10 | LOSS STREAK= 0 | VETO= NO FRESH 7-9 TRIGGER
2026-09-10,21:39:05 GMT,UNDER 7 SIGNAL | ID= 127 | DIGIT= 2 | REGIME= WINNERS ADVANCING | PREV REGIME= WARMUP | 0 P= 13.3 T= 5 A= -50 D= -6.5 | 1 P= 6.7 T= -10 A= 20 D= -2 | 2 P= 13.3 T= 5 A= 10 D= 6 | 3 P= 10 T= 5 A= 30 D= 8.5 | 4 P= 10 T= 15 A= 30 D= 13 | 5 P= 10 T= -10 A= 0 D= -4.5 | 6 P= 10 T= 0 A= 0 D= 0 | 7 P= 6.7 T= 0 A= -40 D= -10 | 8 P= 6.7 T= 0 A= 20 D= 2.5 | 9 P= 13.3 T= -10 A= -20 D= -7 | DOMINANT THREAT= 8 ( 2.5 ) | D79 WEIGHTED= -2.8 | THREAT BREADTH= 0 | LOSER ACCEL BREADTH= 1 | THREAT CONCENTRATION= 50 % | T LOSS= -3.3 | A LOSS= -13.3 | EVEN LEADER= 4 | EVEN FASTEST= 4 | D EVEN= 3.1 | T EVEN= 6.3 | A EVEN= -2.5 | EVEN ACCEL BREADTH= 2 | A WIN= 5.7 | A EDGE= 19 | A EVEN EDGE= 10.8 | DEEP UNDER7%= 72.4 | PREDICTION= 7 | STAKE= 10 | LOSS STREAK= 0 | VETO= NO FRESH 7-9 TRIGGER
2026-09-10,21:39:05 GMT,UNDER 7 SIGNAL | ID= 126 | DIGIT= 4 | REGIME= WINNERS ADVANCING | PREV REGIME= WARMUP | 0 P= 13.3 T= 10 A= -20 D= 2 | 1 P= 6.7 T= -10 A= 20 D= -2 | 2 P= 10 T= 0 A= 0 D= 0 | 3 P= 10 T= 5 A= 30 D= 8.5 | 4 P= 10 T= 15 A= 30 D= 13 | 5 P= 10 T= -5 A= -30 D= -8.5 | 6 P= 10 T= 0 A= 0 D= 0 | 7 P= 6.7 T= 0 A= -40 D= -10 | 8 P= 10 T= -5 A= 30 D= 4 | 9 P= 13.3 T= -10 A= -20 D= -7 | DOMINANT THREAT= 8 ( 4 ) | D79 WEIGHTED= -2.1 | THREAT BREADTH= 0 | LOSER ACCEL BREADTH= 1 | THREAT CONCENTRATION= 44.4 % | T LOSS= -5 | A LOSS= -10 | EVEN LEADER= 4 | EVEN FASTEST= 4 | D EVEN= 3.8 | T EVEN= 6.3 | A EVEN= 2.5 | EVEN ACCEL BREADTH= 1 | A WIN= 4.3 | A EDGE= 14.3 | A EVEN EDGE= 12.5 | DEEP UNDER7%= 72.4 | PREDICTION= 7 | STAKE= 10 | LOSS STREAK= 0 | VETO= NO FRESH 7-9 TRIGGER
2026-09-10,21:39:05 GMT,UNDER 7 SIGNAL | ID= 125 | DIGIT= 3 | REGIME= WINNERS ADVANCING | PREV REGIME= WARMUP | 0 P= 13.3 T= 10 A= -20 D= 2 | 1 P= 6.7 T= -10 A= 20 D= -2 | 2 P= 10 T= 0 A= 0 D= 0 | 3 P= 10 T= 5 A= 30 D= 8.5 | 4 P= 6.7 T= 10 A= 20 D= 7 | 5 P= 13.3 T= -5 A= 10 D= 1.5 | 6 P= 10 T= 0 A= 0 D= 0 | 7 P= 6.7 T= 0 A= -40 D= -10 | 8 P= 10 T= 0 A= 0 D= 0 | 9 P= 13.3 T= -10 A= -20 D= -7 | DOMINANT THREAT= 8 ( 0 ) | D79 WEIGHTED= -4.1 | THREAT BREADTH= 0 | LOSER ACCEL BREADTH= 0 | THREAT CONCENTRATION= 44.4 % | T LOSS= -3.3 | A LOSS= -20 | EVEN LEADER= 4 | EVEN FASTEST= 4 | D EVEN= 2.3 | T EVEN= 5 | A EVEN= 0 | EVEN ACCEL BREADTH= 1 | A WIN= 8.6 | A EDGE= 28.6 | A EVEN EDGE= 20 | DEEP UNDER7%= 72.4 | PREDICTION= 7 | STAKE= 10 | LOSS STREAK= 0 | VETO= NO FRESH 7-9 TRIGGER
2026-09-10,21:39:05 GMT,YOU WON | Total profit: $ -9.34
2026-09-10,21:39:05 GMT,Profit amount: 3.7
2026-09-10,21:39:05 GMT,Bought: Win payout if the last digit of Volatility 10 (1s) Index is strictly lower than 7 after 1 ticks. (ID: 23902835219)
2026-09-10,21:39:05 GMT,UNDER 7 SIGNAL | ID= 90 | DIGIT= 9 | REGIME= WINNERS ADVANCING | PREV REGIME= WARMUP | 0 P= 13.3 T= 0 A= -20 D= -2.5 | 1 P= 13.3 T= 5 A= 10 D= 6 | 2 P= 6.7 T= 5 A= -10 D= -1.5 | 3 P= 10 T= 0 A= -60 D= -12.5 | 4 P= 23.3 T= -20 A= 40 D= 6 | 5 P= 16.7 T= 15 A= 50 D= 20.5 | 6 P= 0 T= 0 A= 0 D= -5 | 7 P= 3.3 T= -5 A= 10 D= -3.5 | 8 P= 6.7 T= -5 A= -10 D= -6 | 9 P= 6.7 T= 5 A= -10 D= -1.5 | DOMINANT THREAT= 9 ( -1.5 ) | D79 WEIGHTED= -3 | THREAT BREADTH= 1 | LOSER ACCEL BREADTH= 1 | THREAT CONCENTRATION= 40 % | T LOSS= -1.7 | A LOSS= -3.3 | EVEN LEADER= 4 | EVEN FASTEST= 4 | D EVEN= -0.7 | T EVEN= -3.7 | A EVEN= 2.5 | EVEN ACCEL BREADTH= 1 | A WIN= 1.4 | A EDGE= 4.8 | A EVEN EDGE= 5.8 | DEEP UNDER7%= 72.3 | PREDICTION= 7 | STAKE= 10 | LOSS STREAK= 0 | VETO=
2026-09-10,21:39:05 GMT,UNDER 7 SIGNAL | ID= 89 | DIGIT= 5 | REGIME= WINNERS ADVANCING | PREV REGIME= WARMUP | 0 P= 13.3 T= 0 A= -20 D= -2.5 | 1 P= 13.3 T= 5 A= 10 D= 6 | 2 P= 6.7 T= 10 A= 20 D= 7 | 3 P= 13.3 T= -5 A= -50 D= -11 | 4 P= 23.3 T= -15 A= 10 D= 2 | 5 P= 16.7 T= 15 A= 50 D= 20.5 | 6 P= 0 T= 0 A= 0 D= -5 | 7 P= 3.3 T= -5 A= 10 D= -3.5 | 8 P= 6.7 T= -5 A= -10 D= -6 | 9 P= 3.3 T= 0 A= -20 D= -7.5 | DOMINANT THREAT= 7 ( -3.5 ) | D79 WEIGHTED= -5 | THREAT BREADTH= 0 | LOSER ACCEL BREADTH= 1 | THREAT CONCENTRATION= 50 % | T LOSS= -3.3 | A LOSS= -6.7 | EVEN LEADER= 2 | EVEN FASTEST= 2 | D EVEN= 0.4 | T EVEN= -1.2 | A EVEN= 2.5 | EVEN ACCEL BREADTH= 2 | A WIN= 2.9 | A EDGE= 9.5 | A EVEN EDGE= 9.2 | DEEP UNDER7%= 72.4 | PREDICTION= 7 | STAKE= 10 | LOSS STREAK= 0 | VETO= NO FRESH 7-9 TRIGGER
2026-09-10,21:39:05 GMT,UNDER 7 SIGNAL | ID= 88 | DIGIT= 4 | REGIME= WINNERS ADVANCING | PREV REGIME= WARMUP | 0 P= 13.3 T= 10 A= -20 D= 2 | 1 P= 13.3 T= 5 A= 10 D= 6 | 2 P= 6.7 T= 10 A= 20 D= 7 | 3 P= 13.3 T= -5 A= -50 D= -11 | 4 P= 23.3 T= -15 A= 10 D= 2 | 5 P= 13.3 T= 10 A= 40 D= 14.5 | 6 P= 0 T= 0 A= 0 D= -5 | 7 P= 6.7 T= -10 A= 20 D= -2 | 8 P= 6.7 T= -5 A= -10 D= -6 | 9 P= 3.3 T= 0 A= -20 D= -7.5 | DOMINANT THREAT= 7 ( -2 ) | D79 WEIGHTED= -4.3 | THREAT BREADTH= 0 | LOSER ACCEL BREADTH= 1 | THREAT CONCENTRATION= 40 % | T LOSS= -5 | A LOSS= -3.3 | EVEN LEADER= 2 | EVEN FASTEST= 2 | D EVEN= 1.5 | T EVEN= 1.3 | A EVEN= 2.5 | EVEN ACCEL BREADTH= 2 | A WIN= 1.4 | A EDGE= 4.8 | A EVEN EDGE= 5.8 | DEEP UNDER7%= 72.4 | PREDICTION= 7 | STAKE= 10 | LOSS STREAK= 0 | VETO= NO FRESH 7-9 TRIGGER
2026-09-10,21:39:05 GMT,YOU WON | Total profit: $ -13.04
2026-09-10,21:39:05 GMT,Profit amount: 3.7
2026-09-10,21:39:05 GMT,Bought: Win payout if the last digit of Volatility 10 (1s) Index is strictly lower than 7 after 1 ticks. (ID: 23902799299)
2026-09-10,21:39:05 GMT,UNDER 7 SIGNAL | ID= 77 | DIGIT= 9 | REGIME= WINNERS ADVANCING | PREV REGIME= WARMUP | 0 P= 20 T= -5 A= 30 D= 9 | 1 P= 6.7 T= 10 A= 20 D= 7 | 2 P= 0 T= 0 A= 0 D= -5 | 3 P= 10 T= 10 A= 0 D= 4.5 | 4 P= 20 T= 15 A= -30 D= 5.5 | 5 P= 13.3 T= -15 A= 10 D= -3 | 6 P= 0 T= 0 A= 0 D= -5 | 7 P= 16.7 T= -15 A= -10 D= -5.5 | 8 P= 3.3 T= 0 A= -20 D= -7.5 | 9 P= 10 T= 0 A= 0 D= 0 | DOMINANT THREAT= 9 ( 0 ) | D79 WEIGHTED= -3.1 | THREAT BREADTH= 0 | LOSER ACCEL BREADTH= 0 | THREAT CONCENTRATION= 55.6 % | T LOSS= -5 | A LOSS= -10 | EVEN LEADER= 0 | EVEN FASTEST= 0 | D EVEN= 1.1 | T EVEN= 2.5 | A EVEN= 0 | EVEN ACCEL BREADTH= 1 | A WIN= 4.3 | A EDGE= 14.3 | A EVEN EDGE= 10 | DEEP UNDER7%= 72.5 | PREDICTION= 7 | STAKE= 10 | LOSS STREAK= 0 | VETO=
2026-09-10,21:39:05 GMT,UNDER 7 SIGNAL | ID= 76 | DIGIT= 3 | REGIME= WINNERS ADVANCING | PREV REGIME= WARMUP | 0 P= 20 T= -5 A= 30 D= 9 | 1 P= 6.7 T= 10 A= 20 D= 7 | 2 P= 0 T= 0 A= 0 D= -5 | 3 P= 10 T= 10 A= 0 D= 4.5 | 4 P= 20 T= 20 A= 0 D= 14 | 5 P= 13.3 T= -15 A= 10 D= -3 | 6 P= 0 T= 0 A= 0 D= -5 | 7 P= 16.7 T= -10 A= -40 D= -9.5 | 8 P= 3.3 T= 0 A= -20 D= -7.5 | 9 P= 10 T= -10 A= 0 D= -4.5 | DOMINANT THREAT= 9 ( -4.5 ) | D79 WEIGHTED= -6.4 | THREAT BREADTH= 0 | LOSER ACCEL BREADTH= 0 | THREAT CONCENTRATION= 55.6 % | T LOSS= -6.7 | A LOSS= -20 | EVEN LEADER= 4 | EVEN FASTEST= 0 | D EVEN= 3.3 | T EVEN= 3.8 | A EVEN= 7.5 | EVEN ACCEL BREADTH= 1 | A WIN= 8.6 | A EDGE= 28.6 | A EVEN EDGE= 27.5 | DEEP UNDER7%= 72.6 | PREDICTION= 7 | STAKE= 10 | LOSS STREAK= 0 | VETO= NO FRESH 7-9 TRIGGER
2026-09-10,21:39:05 GMT,UNDER 7 SIGNAL | ID= 75 | DIGIT= 3 | REGIME= WINNERS ADVANCING | PREV REGIME= WARMUP | 0 P= 20 T= -5 A= 30 D= 9 | 1 P= 6.7 T= 10 A= 20 D= 7 | 2 P= 0 T= 0 A= 0 D= -5 | 3 P= 6.7 T= 5 A= -10 D= -1.5 | 4 P= 20 T= 20 A= 0 D= 14 | 5 P= 13.3 T= -15 A= 10 D= -3 | 6 P= 0 T= 0 A= 0 D= -5 | 7 P= 20 T= -10 A= -60 D= -12 | 8 P= 3.3 T= 5 A= 10 D= 1 | 9 P= 10 T= -10 A= 0 D= -4.5 | DOMINANT THREAT= 8 ( 1 ) | D79 WEIGHTED= -3.2 | THREAT BREADTH= 1 | LOSER ACCEL BREADTH= 1 | THREAT CONCENTRATION= 60 % | T LOSS= -5 | A LOSS= -16.7 | EVEN LEADER= 4 | EVEN FASTEST= 0 | D EVEN= 3.3 | T EVEN= 3.8 | A EVEN= 7.5 | EVEN ACCEL BREADTH= 1 | A WIN= 7.1 | A EDGE= 23.8 | A EVEN EDGE= 24.2 | DEEP UNDER7%= 72.5 | PREDICTION= 7 | STAKE= 10 | LOSS STREAK= 0 | VETO= NO FRESH 7-9 TRIGGER
2026-09-10,21:39:05 GMT,UNDER 7 SIGNAL | ID= 74 | DIGIT= 1 | REGIME= WINNERS ADVANCING | PREV REGIME= WARMUP | 0 P= 20 T= -5 A= 30 D= 9 | 1 P= 6.7 T= 10 A= 20 D= 7 | 2 P= 3.3 T= -5 A= 10 D= -3.5 | 3 P= 3.3 T= 0 A= -20 D= -7.5 | 4 P= 20 T= 20 A= 0 D= 14 | 5 P= 13.3 T= -5 A= 10 D= 1.5 | 6 P= 0 T= 0 A= 0 D= -5 | 7 P= 20 T= -10 A= -60 D= -12 | 8 P= 3.3 T= 5 A= 10 D= 1 | 9 P= 10 T= -10 A= 0 D= -4.5 | DOMINANT THREAT= 8 ( 1 ) | D79 WEIGHTED= -3.2 | THREAT BREADTH= 1 | LOSER ACCEL BREADTH= 1 | THREAT CONCENTRATION= 60 % | T LOSS= -5 | A LOSS= -16.7 | EVEN LEADER= 4 | EVEN FASTEST= 0 | D EVEN= 3.6 | T EVEN= 2.5 | A EVEN= 10 | EVEN ACCEL BREADTH= 2 | A WIN= 7.1 | A EDGE= 23.8 | A EVEN EDGE= 26.7 | DEEP UNDER7%= 72.5 | PREDICTION= 7 | STAKE= 10 | LOSS STREAK= 0 | VETO= NO FRESH 7-9 TRIGGER
2026-09-10,21:39:05 GMT,UNDER 7 SIGNAL | ID= 73 | DIGIT= 0 | REGIME= WINNERS ADVANCING | PREV REGIME= WARMUP | 0 P= 20 T= -5 A= 30 D= 9 | 1 P= 3.3 T= 5 A= 10 D= 1 | 2 P= 6.7 T= -10 A= 20 D= -2 | 3 P= 3.3 T= 0 A= -20 D= -7.5 | 4 P= 20 T= 25 A= 30 D= 22.5 | 5 P= 13.3 T= -5 A= 10 D= 1.5 | 6 P= 0 T= 0 A= 0 D= -5 | 7 P= 20 T= -5 A= -90 D= -16 | 8 P= 3.3 T= 5 A= 10 D= 1 | 9 P= 10 T= -10 A= 0 D= -4.5 | DOMINANT THREAT= 8 ( 1 ) | D79 WEIGHTED= -4 | THREAT BREADTH= 1 | LOSER ACCEL BREADTH= 1 | THREAT CONCENTRATION= 60 % | T LOSS= -3.3 | A LOSS= -26.7 | EVEN LEADER= 4 | EVEN FASTEST= 0 | D EVEN= 6.1 | T EVEN= 2.5 | A EVEN= 20 | EVEN ACCEL BREADTH= 3 | A WIN= 11.4 | A EDGE= 38.1 | A EVEN EDGE= 46.7 | DEEP UNDER7%= 72.5 | PREDICTION= 7 | STAKE= 10 | LOSS STREAK= 0 | VETO= NO FRESH 7-9 TRIGGER
2026-09-10,21:39:05 GMT,UNDER 7 SIGNAL | ID= 72 | DIGIT= 4 | REGIME= WINNERS ADVANCING | PREV REGIME= WARMUP | 0 P= 16.7 T= -10 A= 20 D= 3 | 1 P= 3.3 T= 5 A= 10 D= 1 | 2 P= 6.7 T= -10 A= 20 D= -2 | 3 P= 3.3 T= 0 A= -20 D= -7.5 | 4 P= 20 T= 25 A= 30 D= 22.5 | 5 P= 13.3 T= 0 A= -20 D= -2.5 | 6 P= 0 T= 0 A= 0 D= -5 | 7 P= 23.3 T= -5 A= -50 D= -6 | 8 P= 3.3 T= 5 A= 10 D= 1 | 9 P= 10 T= -10 A= 0 D= -4.5 | DOMINANT THREAT= 8 ( 1 ) | D79 WEIGHTED= -2 | THREAT BREADTH= 1 | LOSER ACCEL BREADTH= 1 | THREAT CONCENTRATION= 63.6 % | T LOSS= -3.3 | A LOSS= -13.3 | EVEN LEADER= 4 | EVEN FASTEST= 4 | D EVEN= 4.6 | T EVEN= 1.3 | A EVEN= 17.5 | EVEN ACCEL BREADTH= 3 | A WIN= 5.7 | A EDGE= 19 | A EVEN EDGE= 30.8 | DEEP UNDER7%= 72.5 | PREDICTION= 7 | STAKE= 10 | LOSS STREAK= 0 | VETO= NO FRESH 7-9 TRIGGER
2026-09-10,21:39:05 GMT,UNDER 7 SIGNAL | ID= 71 | DIGIT= 4 | REGIME= WINNERS ADVANCING | PREV REGIME= WARMUP | 0 P= 16.7 T= -10 A= 20 D= 3 | 1 P= 3.3 T= 5 A= 10 D= 1 | 2 P= 6.7 T= -10 A= 20 D= -2 | 3 P= 3.3 T= 0 A= -20 D= -7.5 | 4 P= 16.7 T= 25 A= 50 D= 25 | 5 P= 16.7 T= -5 A= -10 D= -1 | 6 P= 0 T= 0 A= 0 D= -5 | 7 P= 23.3 T= -5 A= -50 D= -6 | 8 P= 3.3 T= 5 A= 10 D= 1 | 9 P= 10 T= -5 A= -30 D= -8.5 | DOMINANT THREAT= 8 ( 1 ) | D79 WEIGHTED= -3 | THREAT BREADTH= 1 | LOSER ACCEL BREADTH= 1 | THREAT CONCENTRATION= 63.6 % | T LOSS= -1.7 | A LOSS= -23.3 | EVEN LEADER= 4 | EVEN FASTEST= 4 | D EVEN= 5.3 | T EVEN= 1.3 | A EVEN= 22.5 | EVEN ACCEL BREADTH= 3 | A WIN= 10 | A EDGE= 33.3 | A EVEN EDGE= 45.8 | DEEP UNDER7%= 72.4 | PREDICTION= 7 | STAKE= 10 | LOSS STREAK= 0 | VETO= NO FRESH 7-9 TRIGGER
2026-09-10,21:39:05 GMT,UNDER 7 SIGNAL | ID= 70 | DIGIT= 0 | REGIME= WINNERS ADVANCING | PREV REGIME= WARMUP | 0 P= 16.7 T= -5 A= -10 D= -1 | 1 P= 6.7 T= 0 A= 20 D= 2.5 | 2 P= 6.7 T= -10 A= 20 D= -2 | 3 P= 3.3 T= 5 A= 10 D= 1 | 4 P= 13.3 T= 20 A= 40 D= 19 | 5 P= 16.7 T= -5 A= -10 D= -1 | 6 P= 0 T= 0 A= 0 D= -5 | 7 P= 23.3 T= -5 A= -50 D= -6 | 8 P= 3.3 T= 5 A= 10 D= 1 | 9 P= 10 T= -5 A= -30 D= -8.5 | DOMINANT THREAT= 8 ( 1 ) | D79 WEIGHTED= -3 | THREAT BREADTH= 1 | LOSER ACCEL BREADTH= 1 | THREAT CONCENTRATION= 63.6 % | T LOSS= -1.7 | A LOSS= -23.3 | EVEN LEADER= 4 | EVEN FASTEST= 4 | D EVEN= 2.8 | T EVEN= 1.3 | A EVEN= 12.5 | EVEN ACCEL BREADTH= 2 | A WIN= 10 | A EDGE= 33.3 | A EVEN EDGE= 35.8 | DEEP UNDER7%= 72.3 | PREDICTION= 7 | STAKE= 10 | LOSS STREAK= 0 | VETO= NO FRESH 7-9 TRIGGER
2026-09-10,21:39:05 GMT,UNDER 7 SIGNAL | ID= 34 | DIGIT= 0 | REGIME= WINNERS ADVANCING | PREV REGIME= WARMUP | 0 P= 20 T= 15 A= 30 D= 18 | 1 P= 13.3 T= 0 A= -20 D= -2.5 | 2 P= 10 T= -10 A= 0 D= -4.5 | 3 P= 13.3 T= 0 A= 40 D= 10 | 4 P= 13.3 T= 5 A= -50 D= -6.5 | 5 P= 3.3 T= 5 A= 10 D= 1 | 6 P= 6.7 T= 0 A= 20 D= 2.5 | 7 P= 10 T= -5 A= -30 D= -8.5 | 8 P= 3.3 T= -5 A= 10 D= -3.5 | 9 P= 6.7 T= -5 A= -10 D= -6 | DOMINANT THREAT= 8 ( -3.5 ) | D79 WEIGHTED= -5.2 | THREAT BREADTH= 0 | LOSER ACCEL BREADTH= 1 | THREAT CONCENTRATION= 50 % | T LOSS= -5 | A LOSS= -10 | EVEN LEADER= 0 | EVEN FASTEST= 0 | D EVEN= 2.4 | T EVEN= 2.5 | A EVEN= 0 | EVEN ACCEL BREADTH= 2 | A WIN= 4.3 | A EDGE= 14.3 | A EVEN EDGE= 10 | DEEP UNDER7%= 72.4 | PREDICTION= 7 | STAKE= 10 | LOSS STREAK= 0 | VETO= NO FRESH 7-9 TRIGGER
2026-09-10,21:39:05 GMT,UNDER 7 SIGNAL | ID= 33 | DIGIT= 1 | REGIME= WINNERS ADVANCING | PREV REGIME= WARMUP | 0 P= 20 T= 5 A= 30 D= 13.5 | 1 P= 13.3 T= 0 A= -20 D= -2.5 | 2 P= 10 T= -10 A= 0 D= -4.5 | 3 P= 13.3 T= 0 A= 40 D= 10 | 4 P= 13.3 T= 10 A= -20 D= 2 | 5 P= 3.3 T= 5 A= 10 D= 1 | 6 P= 6.7 T= 0 A= 20 D= 2.5 | 7 P= 10 T= -5 A= -30 D= -8.5 | 8 P= 3.3 T= -5 A= 10 D= -3.5 | 9 P= 6.7 T= 0 A= -40 D= -10 | DOMINANT THREAT= 8 ( -3.5 ) | D79 WEIGHTED= -6.3 | THREAT BREADTH= 0 | LOSER ACCEL BREADTH= 1 | THREAT CONCENTRATION= 50 % | T LOSS= -3.3 | A LOSS= -20 | EVEN LEADER= 0 | EVEN FASTEST= 0 | D EVEN= 3.4 | T EVEN= 1.3 | A EVEN= 7.5 | EVEN ACCEL BREADTH= 2 | A WIN= 8.6 | A EDGE= 28.6 | A EVEN EDGE= 27.5 | DEEP UNDER7%= 72.4 | PREDICTION= 7 | STAKE= 10 | LOSS STREAK= 0 | VETO= NO FRESH 7-9 TRIGGER
2026-09-10,21:39:05 GMT,UNDER 7 SIGNAL | ID= 32 | DIGIT= 0 | REGIME= WINNERS ADVANCING | PREV REGIME= WARMUP | 0 P= 20 T= 10 A= 60 D= 22 | 1 P= 10 T= 0 A= -60 D= -12.5 | 2 P= 13.3 T= -15 A= 10 D= -3 | 3 P= 13.3 T= 0 A= 40 D= 10 | 4 P= 13.3 T= 10 A= -20 D= 2 | 5 P= 3.3 T= 5 A= 10 D= 1 | 6 P= 6.7 T= 0 A= 20 D= 2.5 | 7 P= 10 T= -5 A= -30 D= -8.5 | 8 P= 3.3 T= -5 A= 10 D= -3.5 | 9 P= 6.7 T= 0 A= -40 D= -10 | DOMINANT THREAT= 8 ( -3.5 ) | D79 WEIGHTED= -6.3 | THREAT BREADTH= 0 | LOSER ACCEL BREADTH= 1 | THREAT CONCENTRATION= 50 % | T LOSS= -3.3 | A LOSS= -20 | EVEN LEADER= 0 | EVEN FASTEST= 0 | D EVEN= 5.9 | T EVEN= 1.3 | A EVEN= 17.5 | EVEN ACCEL BREADTH= 3 | A WIN= 8.6 | A EDGE= 28.6 | A EVEN EDGE= 37.5 | DEEP UNDER7%= 72.4 | PREDICTION= 7 | STAKE= 10 | LOSS STREAK= 0 | VETO= NO FRESH 7-9 TRIGGER
2026-09-10,21:39:05 GMT,UNDER 7 SIGNAL | ID= 31 | DIGIT= 3 | REGIME= WINNERS ADVANCING | PREV REGIME= WARMUP | 0 P= 20 T= 0 A= 60 D= 17.5 | 1 P= 10 T= 0 A= -60 D= -12.5 | 2 P= 13.3 T= -15 A= 10 D= -3 | 3 P= 13.3 T= 5 A= 10 D= 6 | 4 P= 13.3 T= 15 A= 10 D= 10.5 | 5 P= 3.3 T= 5 A= 10 D= 1 | 6 P= 6.7 T= 0 A= 20 D= 2.5 | 7 P= 10 T= -5 A= -30 D= -8.5 | 8 P= 3.3 T= -5 A= 10 D= -3.5 | 9 P= 6.7 T= 0 A= -40 D= -10 | DOMINANT THREAT= 8 ( -3.5 ) | D79 WEIGHTED= -6.3 | THREAT BREADTH= 0 | LOSER ACCEL BREADTH= 1 | THREAT CONCENTRATION= 50 % | T LOSS= -3.3 | A LOSS= -20 | EVEN LEADER= 0 | EVEN FASTEST= 0 | D EVEN= 6.9 | T EVEN= 0 | A EVEN= 25 | EVEN ACCEL BREADTH= 4 | A WIN= 8.6 | A EDGE= 28.6 | A EVEN EDGE= 45 | DEEP UNDER7%= 72.4 | PREDICTION= 7 | STAKE= 10 | LOSS STREAK= 0 | VETO= NO FRESH 7-9 TRIGGER
2026-09-10,21:39:05 GMT,UNDER 7 SIGNAL | ID= 30 | DIGIT= 0 | REGIME= WINNERS ADVANCING | PREV REGIME= WARMUP | 0 P= 20 T= 0 A= 60 D= 17.5 | 1 P= 13.3 T= -5 A= -50 D= -11 | 2 P= 13.3 T= -15 A= 10 D= -3 | 3 P= 10 T= 0 A= 0 D= 0 | 4 P= 13.3 T= 15 A= 10 D= 10.5 | 5 P= 3.3 T= 5 A= 10 D= 1 | 6 P= 6.7 T= 5 A= -10 D= -1.5 | 7 P= 10 T= -5 A= -30 D= -8.5 | 8 P= 3.3 T= -5 A= 10 D= -3.5 | 9 P= 6.7 T= 5 A= -10 D= -1.5 | DOMINANT THREAT= 9 ( -1.5 ) | D79 WEIGHTED= -3.5 | THREAT BREADTH= 1 | LOSER ACCEL BREADTH= 1 | THREAT CONCENTRATION= 50 % | T LOSS= -1.7 | A LOSS= -10 | EVEN LEADER= 0 | EVEN FASTEST= 0 | D EVEN= 5.9 | T EVEN= 1.3 | A EVEN= 17.5 | EVEN ACCEL BREADTH= 3 | A WIN= 4.3 | A EDGE= 14.3 | A EVEN EDGE= 27.5 | DEEP UNDER7%= 72.4 | PREDICTION= 7 | STAKE= 10 | LOSS STREAK= 0 | VETO= NO FRESH 7-9 TRIGGER
2026-09-10,21:39:05 GMT,UNDER 7 SIGNAL | ID= 11 | DIGIT= 6 | REGIME= WINNERS ADVANCING | PREV REGIME= WARMUP | 0 P= 13.3 T= 10 A= 40 D= 14.5 | 1 P= 16.7 T= -10 A= -40 D= -9.5 | 2 P= 16.7 T= 15 A= -10 D= 8 | 3 P= 16.7 T= -5 A= -10 D= -1 | 4 P= 3.3 T= -5 A= 10 D= -3.5 | 5 P= 6.7 T= -5 A= -10 D= -6 | 6 P= 3.3 T= 5 A= 10 D= 1 | 7 P= 10 T= -5 A= 30 D= 4 | 8 P= 6.7 T= 0 A= 20 D= 2.5 | 9 P= 6.7 T= 0 A= -40 D= -10 | DOMINANT THREAT= 7 ( 4 ) | D79 WEIGHTED= 0.8 | THREAT BREADTH= 0 | LOSER ACCEL BREADTH= 2 | THREAT CONCENTRATION= 42.9 % | T LOSS= -1.7 | A LOSS= 3.3 | EVEN LEADER= 0 | EVEN FASTEST= 0 | D EVEN= 5 | T EVEN= 6.3 | A EVEN= 12.5 | EVEN ACCEL BREADTH= 3 | A WIN= -1.4 | A EDGE= -4.8 | A EVEN EDGE= 9.2 | DEEP UNDER7%= 72.1 | PREDICTION= 7 | STAKE= 10 | LOSS STREAK= 0 | VETO= NO FRESH 7-9 TRIGGER
2026-09-10,21:39:05 GMT,UNDER 7 SIGNAL | ID= 9 | DIGIT= 2 | REGIME= WINNERS ADVANCING | PREV REGIME= WARMUP | 0 P= 13.3 T= 10 A= 40 D= 14.5 | 1 P= 20 T= -10 A= 0 D= 0.5 | 2 P= 20 T= 10 A= 0 D= 9.5 | 3 P= 16.7 T= 0 A= 20 D= 7.5 | 4 P= 3.3 T= 0 A= -20 D= -7.5 | 5 P= 6.7 T= 0 A= -40 D= -10 | 6 P= 0 T= 0 A= 0 D= -5 | 7 P= 10 T= -5 A= 30 D= 4 | 8 P= 3.3 T= -5 A= 10 D= -3.5 | 9 P= 6.7 T= 0 A= -40 D= -10 | DOMINANT THREAT= 7 ( 4 ) | D79 WEIGHTED= -1 | THREAT BREADTH= 0 | LOSER ACCEL BREADTH= 2 | THREAT CONCENTRATION= 50 % | T LOSS= -3.3 | A LOSS= 0 | EVEN LEADER= 0 | EVEN FASTEST= 0 | D EVEN= 2.9 | T EVEN= 5 | A EVEN= 5 | EVEN ACCEL BREADTH= 1 | A WIN= 0 | A EDGE= 0 | A EVEN EDGE= 5 | DEEP UNDER7%= 72.2 | PREDICTION= 7 | STAKE= 10 | LOSS STREAK= 0 | VETO= NO FRESH 7-9 TRIGGER
2026-09-10,21:39:05 GMT,UNDER 7 SIGNAL | ID= 7 | DIGIT= 2 | REGIME= WINNERS ADVANCING | PREV REGIME= WARMUP | 0 P= 13.3 T= 10 A= 40 D= 14.5 | 1 P= 20 T= -5 A= -30 D= -3.5 | 2 P= 20 T= 5 A= 30 D= 13.5 | 3 P= 20 T= 0 A= 0 D= 5 | 4 P= 3.3 T= 0 A= -20 D= -7.5 | 5 P= 6.7 T= 0 A= -40 D= -10 | 6 P= 0 T= 0 A= 0 D= -5 | 7 P= 6.7 T= -10 A= 20 D= -2 | 8 P= 3.3 T= -5 A= 10 D= -3.5 | 9 P= 6.7 T= 5 A= -10 D= -1.5 | DOMINANT THREAT= 9 ( -1.5 ) | D79 WEIGHTED= -2.1 | THREAT BREADTH= 1 | LOSER ACCEL BREADTH= 2 | THREAT CONCENTRATION= 40 % | T LOSS= -3.3 | A LOSS= 6.7 | EVEN LEADER= 0 | EVEN FASTEST= 0 | D EVEN= 3.9 | T EVEN= 3.8 | A EVEN= 12.5 | EVEN ACCEL BREADTH= 2 | A WIN= -2.9 | A EDGE= -9.5 | A EVEN EDGE= 5.8 | DEEP UNDER7%= 72.3 | PREDICTION= 7 | STAKE= 10 | LOSS STREAK= 0 | VETO= NO FRESH 7-9 TRIGGER
2026-09-10,21:39:05 GMT,LOSS | Next stake: $ 17 | Losses in a row: 1
2026-09-10,21:39:05 GMT,Loss amount: -10
2026-09-10,21:39:05 GMT,Bought: Win payout if the last digit of Volatility 10 (1s) Index is strictly lower than 7 after 1 ticks. (ID: 23902172759)
2026-09-10,21:39:05 GMT,UNDER 7 SIGNAL | ID= 528 | DIGIT= 7 | REGIME= WINNERS ADVANCING | PREV REGIME= WARMUP | 0 P= 6.7 T= 0 A= 20 D= 2.5 | 1 P= 13.3 T= 0 A= -20 D= -2.5 | 2 P= 13.3 T= -5 A= 10 D= 1.5 | 3 P= 23.3 T= 0 A= -20 D= 2.5 | 4 P= 10 T= 15 A= 30 D= 13 | 5 P= 10 T= 0 A= 0 D= 0 | 6 P= 0 T= 0 A= 0 D= -5 | 7 P= 10 T= 0 A= 0 D= 0 | 8 P= 10 T= -5 A= -30 D= -8.5 | 9 P= 3.3 T= -5 A= 10 D= -3.5 | DOMINANT THREAT= 7 ( 0 ) | D79 WEIGHTED= -2.7 | THREAT BREADTH= 0 | LOSER ACCEL BREADTH= 1 | THREAT CONCENTRATION= 42.9 % | T LOSS= -3.3 | A LOSS= -6.7 | EVEN LEADER= 4 | EVEN FASTEST= 4 | D EVEN= 3 | T EVEN= 2.5 | A EVEN= 15 | EVEN ACCEL BREADTH= 3 | A WIN= 2.9 | A EDGE= 9.5 | A EVEN EDGE= 21.7 | DEEP UNDER7%= 71 | PREDICTION= 7 | STAKE= 10 | LOSS STREAK= 0 | VETO=
2026-09-10,21:39:05 GMT,UNDER 7 SIGNAL | ID= 527 | DIGIT= 0 | REGIME= WINNERS ADVANCING | PREV REGIME= WARMUP | 0 P= 6.7 T= 0 A= 20 D= 2.5 | 1 P= 13.3 T= 0 A= -20 D= -2.5 | 2 P= 13.3 T= -5 A= 10 D= 1.5 | 3 P= 23.3 T= 0 A= -20 D= 2.5 | 4 P= 10 T= 15 A= 30 D= 13 | 5 P= 10 T= 5 A= -30 D= -4 | 6 P= 0 T= 0 A= 0 D= -5 | 7 P= 6.7 T= -5 A= -10 D= -6 | 8 P= 13.3 T= -5 A= 10 D= 1.5 | 9 P= 3.3 T= -5 A= 10 D= -3.5 | DOMINANT THREAT= 8 ( 1.5 ) | D79 WEIGHTED= -1.5 | THREAT BREADTH= 0 | LOSER ACCEL BREADTH= 2 | THREAT CONCENTRATION= 57.1 % | T LOSS= -5 | A LOSS= 3.3 | EVEN LEADER= 4 | EVEN FASTEST= 4 | D EVEN= 3 | T EVEN= 2.5 | A EVEN= 15 | EVEN ACCEL BREADTH= 3 | A WIN= -1.4 | A EDGE= -4.8 | A EVEN EDGE= 11.7 | DEEP UNDER7%= 71 | PREDICTION= 7 | STAKE= 10 | LOSS STREAK= 0 | VETO= NO FRESH 7-9 TRIGGER
2026-09-10,21:39:05 GMT,UNDER 7 SIGNAL | ID= 526 | DIGIT= 4 | REGIME= WINNERS ADVANCING | PREV REGIME= WARMUP | 0 P= 3.3 T= -5 A= 10 D= -3.5 | 1 P= 13.3 T= 5 A= 10 D= 6 | 2 P= 13.3 T= -5 A= 10 D= 1.5 | 3 P= 23.3 T= 0 A= -20 D= 2.5 | 4 P= 13.3 T= 10 A= 40 D= 14.5 | 5 P= 10 T= 5 A= -30 D= -4 | 6 P= 0 T= 0 A= 0 D= -5 | 7 P= 6.7 T= 0 A= -40 D= -10 | 8 P= 13.3 T= -5 A= 10 D= 1.5 | 9 P= 3.3 T= -5 A= 10 D= -3.5 | DOMINANT THREAT= 8 ( 1.5 ) | D79 WEIGHTED= -2.3 | THREAT BREADTH= 0 | LOSER ACCEL BREADTH= 2 | THREAT CONCENTRATION= 57.1 % | T LOSS= -3.3 | A LOSS= -6.7 | EVEN LEADER= 4 | EVEN FASTEST= 4 | D EVEN= 1.9 | T EVEN= 0 | A EVEN= 15 | EVEN ACCEL BREADTH= 3 | A WIN= 2.9 | A EDGE= 9.5 | A EVEN EDGE= 21.7 | DEEP UNDER7%= 71 | PREDICTION= 7 | STAKE= 10 | LOSS STREAK= 0 | VETO= NO FRESH 7-9 TRIGGER
2026-09-10,21:39:05 GMT,UNDER 7 SIGNAL | ID= 510 | DIGIT= 5 | REGIME= WINNERS ADVANCING | PREV REGIME= WARMUP | 0 P= 6.7 T= 0 A= 20 D= 2.5 | 1 P= 10 T= 0 A= 0 D= 0 | 2 P= 13.3 T= 0 A= 40 D= 10 | 3 P= 16.7 T= 10 A= 20 D= 12 | 4 P= 10 T= -5 A= -30 D= -8.5 | 5 P= 10 T= 10 A= 0 D= 4.5 | 6 P= 6.7 T= -5 A= -10 D= -6 | 7 P= 13.3 T= -5 A= 10 D= 1.5 | 8 P= 10 T= -5 A= -30 D= -8.5 | 9 P= 3.3 T= 0 A= -20 D= -7.5 | DOMINANT THREAT= 7 ( 1.5 ) | D79 WEIGHTED= -3.2 | THREAT BREADTH= 0 | LOSER ACCEL BREADTH= 1 | THREAT CONCENTRATION= 50 % | T LOSS= -3.3 | A LOSS= -13.3 | EVEN LEADER= 2 | EVEN FASTEST= 2 | D EVEN= -0.5 | T EVEN= -2.5 | A EVEN= 5 | EVEN ACCEL BREADTH= 2 | A WIN= 5.7 | A EDGE= 19 | A EVEN EDGE= 18.3 | DEEP UNDER7%= 70.7 | PREDICTION= 7 | STAKE= 10 | LOSS STREAK= 0 | VETO= NO FRESH 7-9 TRIGGER
2026-09-10,21:39:05 GMT,UNDER 7 SIGNAL | ID= 494 | DIGIT= 5 | REGIME= WINNERS ADVANCING | PREV REGIME= WARMUP | 0 P= 20 T= -5 A= -30 D= -3.5 | 1 P= 10 T= 5 A= 30 D= 8.5 | 2 P= 10 T= 10 A= 0 D= 4.5 | 3 P= 10 T= 5 A= -30 D= -4 | 4 P= 10 T= -10 A= 0 D= -4.5 | 5 P= 6.7 T= 0 A= 20 D= 2.5 | 6 P= 13.3 T= 0 A= 40 D= 10 | 7 P= 6.7 T= 5 A= -10 D= -1.5 | 8 P= 10 T= -5 A= -30 D= -8.5 | 9 P= 3.3 T= -5 A= 10 D= -3.5 | DOMINANT THREAT= 7 ( -1.5 ) | D79 WEIGHTED= -3.5 | THREAT BREADTH= 1 | LOSER ACCEL BREADTH= 1 | THREAT CONCENTRATION= 50 % | T LOSS= -1.7 | A LOSS= -10 | EVEN LEADER= 6 | EVEN FASTEST= 6 | D EVEN= 1.6 | T EVEN= -1.2 | A EVEN= 2.5 | EVEN ACCEL BREADTH= 1 | A WIN= 4.3 | A EDGE= 14.3 | A EVEN EDGE= 12.5 | DEEP UNDER7%= 70.9 | PREDICTION= 7 | STAKE= 10 | LOSS STREAK= 0 | VETO= NO FRESH 7-9 TRIGGER
2026-09-10,21:39:05 GMT,UNDER 7 SIGNAL | ID= 486 | DIGIT= 0 | REGIME= WINNERS ADVANCING | PREV REGIME= WARMUP | 0 P= 26.7 T= 5 A= 50 D= 21 | 1 P= 6.7 T= -5 A= -10 D= -6 | 2 P= 10 T= 0 A= 0 D= 0 | 3 P= 6.7 T= 10 A= 20 D= 7 | 4 P= 13.3 T= 0 A= -20 D= -2.5 | 5 P= 3.3 T= 0 A= -20 D= -7.5 | 6 P= 6.7 T= -5 A= -10 D= -6 | 7 P= 6.7 T= 0 A= 20 D= 2.5 | 8 P= 13.3 T= 0 A= -20 D= -2.5 | 9 P= 6.7 T= -5 A= -10 D= -6 | DOMINANT THREAT= 7 ( 2.5 ) | D79 WEIGHTED= -0.7 | THREAT BREADTH= 0 | LOSER ACCEL BREADTH= 1 | THREAT CONCENTRATION= 50 % | T LOSS= -1.7 | A LOSS= -3.3 | EVEN LEADER= 0 | EVEN FASTEST= 0 | D EVEN= 3.1 | T EVEN= 0 | A EVEN= 5 | EVEN ACCEL BREADTH= 1 | A WIN= 1.4 | A EDGE= 4.8 | A EVEN EDGE= 8.3 | DEEP UNDER7%= 70.8 | PREDICTION= 7 | STAKE= 10 | LOSS STREAK= 0 | VETO= NO FRESH 7-9 TRIGGER
2026-09-10,21:39:05 GMT,UNDER 7 SIGNAL | ID= 485 | DIGIT= 2 | REGIME= WINNERS ADVANCING | PREV REGIME= WARMUP | 0 P= 23.3 T= 0 A= 40 D= 15 | 1 P= 6.7 T= -5 A= -10 D= -6 | 2 P= 10 T= 5 A= 30 D= 8.5 | 3 P= 6.7 T= 10 A= 20 D= 7 | 4 P= 13.3 T= 0 A= -20 D= -2.5 | 5 P= 3.3 T= 0 A= -20 D= -7.5 | 6 P= 10 T= -5 A= -30 D= -8.5 | 7 P= 6.7 T= 0 A= 20 D= 2.5 | 8 P= 13.3 T= 0 A= -20 D= -2.5 | 9 P= 6.7 T= -5 A= -10 D= -6 | DOMINANT THREAT= 7 ( 2.5 ) | D79 WEIGHTED= -0.7 | THREAT BREADTH= 0 | LOSER ACCEL BREADTH= 1 | THREAT CONCENTRATION= 50 % | T LOSS= -1.7 | A LOSS= -3.3 | EVEN LEADER= 0 | EVEN FASTEST= 0 | D EVEN= 3.1 | T EVEN= 0 | A EVEN= 5 | EVEN ACCEL BREADTH= 2 | A WIN= 1.4 | A EDGE= 4.8 | A EVEN EDGE= 8.3 | DEEP UNDER7%= 70.8 | PREDICTION= 7 | STAKE= 10 | LOSS STREAK= 0 | VETO= NO FRESH 7-9 TRIGGER
2026-09-10,21:39:05 GMT,YOU WON | Total profit: $ -6.74
2026-09-10,21:39:05 GMT,Profit amount: 3.7
2026-09-10,21:39:05 GMT,Bought: Win payout if the last digit of Volatility 10 (1s) Index is strictly lower than 7 after 1 ticks. (ID: 23902019559)
2026-09-10,21:39:05 GMT,UNDER 7 SIGNAL | ID= 473 | DIGIT= 8 | REGIME= WINNERS ADVANCING | PREV REGIME= WARMUP | 0 P= 16.7 T= 5 A= -10 D= 3.5 | 1 P= 10 T= 10 A= 0 D= 4.5 | 2 P= 3.3 T= 0 A= -20 D= -7.5 | 3 P= 6.7 T= -5 A= -10 D= -6 | 4 P= 16.7 T= 0 A= 20 D= 7.5 | 5 P= 3.3 T= 5 A= 10 D= 1 | 6 P= 20 T= -5 A= 30 D= 9 | 7 P= 10 T= -10 A= 0 D= -4.5 | 8 P= 6.7 T= 5 A= -10 D= -1.5 | 9 P= 6.7 T= -5 A= -10 D= -6 | DOMINANT THREAT= 8 ( -1.5 ) | D79 WEIGHTED= -3.3 | THREAT BREADTH= 1 | LOSER ACCEL BREADTH= 0 | THREAT CONCENTRATION= 42.9 % | T LOSS= -3.3 | A LOSS= -6.7 | EVEN LEADER= 6 | EVEN FASTEST= 6 | D EVEN= 3.1 | T EVEN= 0 | A EVEN= 5 | EVEN ACCEL BREADTH= 2 | A WIN= 2.9 | A EDGE= 9.5 | A EVEN EDGE= 11.7 | DEEP UNDER7%= 70.9 | PREDICTION= 7 | STAKE= 10 | LOSS STREAK= 0 | VETO=
2026-09-10,21:39:05 GMT,UNDER 7 SIGNAL | ID= 459 | DIGIT= 0 | REGIME= WINNERS ADVANCING | PREV REGIME= WARMUP | 0 P= 6.7 T= 10 A= 20 D= 7 | 1 P= 13.3 T= -5 A= 10 D= 1.5 | 2 P= 6.7 T= 5 A= -10 D= -1.5 | 3 P= 16.7 T= -5 A= -10 D= -1 | 4 P= 20 T= -5 A= -30 D= -3.5 | 5 P= 0 T= 0 A= 0 D= -5 | 6 P= 20 T= 5 A= 30 D= 13.5 | 7 P= 6.7 T= 5 A= -10 D= -1.5 | 8 P= 3.3 T= -5 A= 10 D= -3.5 | 9 P= 6.7 T= -5 A= -10 D= -6 | DOMINANT THREAT= 7 ( -1.5 ) | D79 WEIGHTED= -3 | THREAT BREADTH= 1 | LOSER ACCEL BREADTH= 1 | THREAT CONCENTRATION= 40 % | T LOSS= -1.7 | A LOSS= -3.3 | EVEN LEADER= 6 | EVEN FASTEST= 6 | D EVEN= 3.9 | T EVEN= 3.8 | A EVEN= 2.5 | EVEN ACCEL BREADTH= 2 | A WIN= 1.4 | A EDGE= 4.8 | A EVEN EDGE= 5.8 | DEEP UNDER7%= 71 | PREDICTION= 7 | STAKE= 10 | LOSS STREAK= 0 | VETO= NO FRESH 7-9 TRIGGER
2026-09-10,21:39:05 GMT,UNDER 7 SIGNAL | ID= 451 | DIGIT= 0 | REGIME= WINNERS ADVANCING | PREV REGIME= WARMUP | 0 P= 3.3 T= 5 A= 10 D= 1 | 1 P= 10 T= 0 A= -60 D= -12.5 | 2 P= 10 T= -5 A= 30 D= 4 | 3 P= 13.3 T= 10 A= -20 D= 2 | 4 P= 20 T= 5 A= -30 D= 1 | 5 P= 0 T= 0 A= 0 D= -5 | 6 P= 20 T= -10 A= 60 D= 13 | 7 P= 3.3 T= 5 A= 10 D= 1 | 8 P= 3.3 T= 0 A= -20 D= -7.5 | 9 P= 16.7 T= -10 A= 20 D= 3 | DOMINANT THREAT= 9 ( 3 ) | D79 WEIGHTED= 0.3 | THREAT BREADTH= 1 | LOSER ACCEL BREADTH= 2 | THREAT CONCENTRATION= 71.4 % | T LOSS= -1.7 | A LOSS= 3.3 | EVEN LEADER= 6 | EVEN FASTEST= 6 | D EVEN= 4.8 | T EVEN= -1.2 | A EVEN= 17.5 | EVEN ACCEL BREADTH= 3 | A WIN= -1.4 | A EDGE= -4.8 | A EVEN EDGE= 14.2 | DEEP UNDER7%= 70.7 | PREDICTION= 7 | STAKE= 10 | LOSS STREAK= 0 | VETO= NO FRESH 7-9 TRIGGER
2026-09-10,21:39:05 GMT,UNDER 7 SIGNAL | ID= 450 | DIGIT= 6 | REGIME= WINNERS ADVANCING | PREV REGIME= WARMUP | 0 P= 0 T= 0 A= 0 D= -5 | 1 P= 10 T= 5 A= -30 D= -4 | 2 P= 10 T= -5 A= 30 D= 4 | 3 P= 13.3 T= 10 A= -20 D= 2 | 4 P= 20 T= 5 A= -30 D= 1 | 5 P= 3.3 T= -5 A= 10 D= -3.5 | 6 P= 20 T= -5 A= 30 D= 9 | 7 P= 3.3 T= 5 A= 10 D= 1 | 8 P= 3.3 T= 0 A= -20 D= -7.5 | 9 P= 16.7 T= -10 A= 20 D= 3 | DOMINANT THREAT= 9 ( 3 ) | D79 WEIGHTED= 0.3 | THREAT BREADTH= 1 | LOSER ACCEL BREADTH= 2 | THREAT CONCENTRATION= 71.4 % | T LOSS= -1.7 | A LOSS= 3.3 | EVEN LEADER= 6 | EVEN FASTEST= 2 | D EVEN= 2.3 | T EVEN= -1.2 | A EVEN= 7.5 | EVEN ACCEL BREADTH= 2 | A WIN= -1.4 | A EDGE= -4.8 | A EVEN EDGE= 4.2 | DEEP UNDER7%= 70.7 | PREDICTION= 7 | STAKE= 10 | LOSS STREAK= 0 | VETO= NO FRESH 7-9 TRIGGER
2026-09-10,21:39:05 GMT,UNDER 7 SIGNAL | ID= 449 | DIGIT= 6 | REGIME= WINNERS ADVANCING | PREV REGIME= WARMUP | 0 P= 0 T= 0 A= 0 D= -5 | 1 P= 10 T= 5 A= -30 D= -4 | 2 P= 10 T= -5 A= 30 D= 4 | 3 P= 13.3 T= 10 A= -20 D= 2 | 4 P= 23.3 T= 5 A= 10 D= 11 | 5 P= 3.3 T= -5 A= 10 D= -3.5 | 6 P= 16.7 T= -5 A= -10 D= -1 | 7 P= 3.3 T= 5 A= 10 D= 1 | 8 P= 3.3 T= 0 A= -20 D= -7.5 | 9 P= 16.7 T= -10 A= 20 D= 3 | DOMINANT THREAT= 9 ( 3 ) | D79 WEIGHTED= 0.3 | THREAT BREADTH= 1 | LOSER ACCEL BREADTH= 2 | THREAT CONCENTRATION= 71.4 % | T LOSS= -1.7 | A LOSS= 3.3 | EVEN LEADER= 4 | EVEN FASTEST= 2 | D EVEN= 2.3 | T EVEN= -1.2 | A EVEN= 7.5 | EVEN ACCEL BREADTH= 2 | A WIN= -1.4 | A EDGE= -4.8 | A EVEN EDGE= 4.2 | DEEP UNDER7%= 70.6 | PREDICTION= 7 | STAKE= 10 | LOSS STREAK= 0 | VETO= NO FRESH 7-9 TRIGGER
2026-09-10,21:39:05 GMT,UNDER 7 SIGNAL | ID= 438 | DIGIT= 1 | REGIME= WINNERS ADVANCING | PREV REGIME= WARMUP | 0 P= 6.7 T= -10 A= 20 D= -2 | 1 P= 20 T= -10 A= 60 D= 13 | 2 P= 6.7 T= 5 A= -10 D= -1.5 | 3 P= 6.7 T= 10 A= 20 D= 7 | 4 P= 20 T= 0 A= 0 D= 5 | 5 P= 6.7 T= 0 A= -40 D= -10 | 6 P= 13.3 T= 10 A= -20 D= 2 | 7 P= 3.3 T= -5 A= 10 D= -3.5 | 8 P= 3.3 T= -5 A= 10 D= -3.5 | 9 P= 13.3 T= 5 A= -50 D= -6.5 | DOMINANT THREAT= 7 ( -3.5 ) | D79 WEIGHTED= -4.1 | THREAT BREADTH= 1 | LOSER ACCEL BREADTH= 2 | THREAT CONCENTRATION= 66.7 % | T LOSS= -1.7 | A LOSS= -10 | EVEN LEADER= 4 | EVEN FASTEST= 0 | D EVEN= 0.9 | T EVEN= 1.3 | A EVEN= -2.5 | EVEN ACCEL BREADTH= 1 | A WIN= 4.3 | A EDGE= 14.3 | A EVEN EDGE= 7.5 | DEEP UNDER7%= 70.6 | PREDICTION= 7 | STAKE= 10 | LOSS STREAK= 0 | VETO= NO FRESH 7-9 TRIGGER
2026-09-10,21:39:05 GMT,UNDER 7 SIGNAL | ID= 433 | DIGIT= 3 | REGIME= WINNERS ADVANCING | PREV REGIME= WARMUP | 0 P= 6.7 T= -5 A= -10 D= -6 | 1 P= 16.7 T= -15 A= -10 D= -5.5 | 2 P= 6.7 T= 10 A= 20 D= 7 | 3 P= 3.3 T= 5 A= 10 D= 1 | 4 P= 23.3 T= -5 A= 10 D= 6.5 | 5 P= 6.7 T= 0 A= -40 D= -10 | 6 P= 13.3 T= 15 A= 10 D= 10.5 | 7 P= 6.7 T= -5 A= -10 D= -6 | 8 P= 3.3 T= -5 A= 10 D= -3.5 | 9 P= 13.3 T= 5 A= 10 D= 6 | DOMINANT THREAT= 9 ( 6 ) | D79 WEIGHTED= 0.7 | THREAT BREADTH= 1 | LOSER ACCEL BREADTH= 2 | THREAT CONCENTRATION= 57.1 % | T LOSS= -1.7 | A LOSS= 3.3 | EVEN LEADER= 6 | EVEN FASTEST= 2 | D EVEN= 4.5 | T EVEN= 3.8 | A EVEN= 7.5 | EVEN ACCEL BREADTH= 3 | A WIN= -1.4 | A EDGE= -4.8 | A EVEN EDGE= 4.2 | DEEP UNDER7%= 70.5 | PREDICTION= 7 | STAKE= 10 | LOSS STREAK= 0 | VETO= NO FRESH 7-9 TRIGGER
2026-09-10,21:39:05 GMT,UNDER 7 SIGNAL | ID= 432 | DIGIT= 4 | REGIME= WINNERS ADVANCING | PREV REGIME= WARMUP | 0 P= 6.7 T= 0 A= -40 D= -10 | 1 P= 16.7 T= -15 A= -10 D= -5.5 | 2 P= 10 T= 5 A= 30 D= 8.5 | 3 P= 0 T= 0 A= 0 D= -5 | 4 P= 23.3 T= -5 A= 10 D= 6.5 | 5 P= 6.7 T= 0 A= -40 D= -10 | 6 P= 13.3 T= 20 A= 40 D= 19 | 7 P= 6.7 T= -5 A= -10 D= -6 | 8 P= 3.3 T= -5 A= 10 D= -3.5 | 9 P= 13.3 T= 5 A= 10 D= 6 | DOMINANT THREAT= 9 ( 6 ) | D79 WEIGHTED= 0.7 | THREAT BREADTH= 1 | LOSER ACCEL BREADTH= 2 | THREAT CONCENTRATION= 57.1 % | T LOSS= -1.7 | A LOSS= 3.3 | EVEN LEADER= 6 | EVEN FASTEST= 6 | D EVEN= 6 | T EVEN= 5 | A EVEN= 10 | EVEN ACCEL BREADTH= 3 | A WIN= -1.4 | A EDGE= -4.8 | A EVEN EDGE= 6.7 | DEEP UNDER7%= 70.5 | PREDICTION= 7 | STAKE= 10 | LOSS STREAK= 0 | VETO= NO FRESH 7-9 TRIGGER
2026-09-10,21:39:05 GMT,UNDER 7 SIGNAL | ID= 424 | DIGIT= 6 | REGIME= WINNERS ADVANCING | PREV REGIME= WARMUP | 0 P= 10 T= 0 A= 0 D= 0 | 1 P= 16.7 T= 10 A= -40 D= -0.5 | 2 P= 6.7 T= -10 A= 20 D= -2 | 3 P= 3.3 T= -5 A= 10 D= -3.5 | 4 P= 20 T= 0 A= 0 D= 5 | 5 P= 13.3 T= 0 A= 40 D= 10 | 6 P= 6.7 T= 10 A= 20 D= 7 | 7 P= 10 T= -5 A= -30 D= -8.5 | 8 P= 6.7 T= -5 A= -10 D= -6 | 9 P= 6.7 T= 5 A= -10 D= -1.5 | DOMINANT THREAT= 9 ( -1.5 ) | D79 WEIGHTED= -4.2 | THREAT BREADTH= 1 | LOSER ACCEL BREADTH= 0 | THREAT CONCENTRATION= 42.9 % | T LOSS= -1.7 | A LOSS= -16.7 | EVEN LEADER= 6 | EVEN FASTEST= 2 | D EVEN= 2.5 | T EVEN= 0 | A EVEN= 10 | EVEN ACCEL BREADTH= 2 | A WIN= 7.1 | A EDGE= 23.8 | A EVEN EDGE= 26.7 | DEEP UNDER7%= 70.5 | PREDICTION= 7 | STAKE= 10 | LOSS STREAK= 0 | VETO= NO FRESH 7-9 TRIGGER
2026-09-10,21:39:05 GMT,YOU WON | Total profit: $ -10.44
2026-09-10,21:39:05 GMT,Profit amount: 3.7
2026-09-10,21:39:05 GMT,Bought: Win payout if the last digit of Volatility 10 (1s) Index is strictly lower than 7 after 1 ticks. (ID: 23901877759)
2026-09-10,21:39:05 GMT,UNDER 7 SIGNAL | ID= 423 | DIGIT= 9 | REGIME= WINNERS ADVANCING | PREV REGIME= WARMUP | 0 P= 10 T= 5 A= 30 D= 8.5 | 1 P= 16.7 T= 10 A= -40 D= -0.5 | 2 P= 6.7 T= -5 A= -10 D= -6 | 3 P= 6.7 T= -10 A= 20 D= -2 | 4 P= 20 T= 5 A= -30 D= 1 | 5 P= 13.3 T= 0 A= 40 D= 10 | 6 P= 0 T= 0 A= 0 D= -5 | 7 P= 10 T= 0 A= 0 D= 0 | 8 P= 6.7 T= -5 A= -10 D= -6 | 9 P= 10 T= 0 A= 0 D= 0 | DOMINANT THREAT= 7 ( 0 ) | D79 WEIGHTED= -1.2 | THREAT BREADTH= 0 | LOSER ACCEL BREADTH= 0 | THREAT CONCENTRATION= 37.5 % | T LOSS= -1.7 | A LOSS= -3.3 | EVEN LEADER= 0 | EVEN FASTEST= 0 | D EVEN= -0.4 | T EVEN= 1.3 | A EVEN= -2.5 | EVEN ACCEL BREADTH= 1 | A WIN= 1.4 | A EDGE= 4.8 | A EVEN EDGE= 0.8 | DEEP UNDER7%= 70.5 | PREDICTION= 7 | STAKE= 10 | LOSS STREAK= 0 | VETO=
2026-09-10,21:39:05 GMT,UNDER 7 SIGNAL | ID= 422 | DIGIT= 5 | REGIME= WINNERS ADVANCING | PREV REGIME= WARMUP | 0 P= 10 T= 5 A= 30 D= 8.5 | 1 P= 16.7 T= 10 A= -40 D= -0.5 | 2 P= 6.7 T= -5 A= -10 D= -6 | 3 P= 6.7 T= -10 A= 20 D= -2 | 4 P= 20 T= 5 A= -30 D= 1 | 5 P= 13.3 T= 0 A= 40 D= 10 | 6 P= 0 T= 0 A= 0 D= -5 | 7 P= 13.3 T= 0 A= -20 D= -2.5 | 8 P= 6.7 T= 0 A= 20 D= 2.5 | 9 P= 6.7 T= -5 A= -10 D= -6 | DOMINANT THREAT= 8 ( 2.5 ) | D79 WEIGHTED= -0.7 | THREAT BREADTH= 0 | LOSER ACCEL BREADTH= 1 | THREAT CONCENTRATION= 50 % | T LOSS= -1.7 | A LOSS= -3.3 | EVEN LEADER= 0 | EVEN FASTEST= 0 | D EVEN= -0.4 | T EVEN= 1.3 | A EVEN= -2.5 | EVEN ACCEL BREADTH= 1 | A WIN= 1.4 | A EDGE= 4.8 | A EVEN EDGE= 0.8 | DEEP UNDER7%= 70.6 | PREDICTION= 7 | STAKE= 10 | LOSS STREAK= 0 | VETO= NO FRESH 7-9 TRIGGER
2026-09-10,21:39:05 GMT,UNDER 7 SIGNAL | ID= 421 | DIGIT= 4 | REGIME= WINNERS ADVANCING | PREV REGIME= WARMUP | 0 P= 10 T= 5 A= 30 D= 8.5 | 1 P= 16.7 T= 10 A= -40 D= -0.5 | 2 P= 6.7 T= -5 A= -10 D= -6 | 3 P= 6.7 T= -10 A= 20 D= -2 | 4 P= 20 T= 10 A= 0 D= 9.5 | 5 P= 10 T= 0 A= 0 D= 0 | 6 P= 0 T= 0 A= 0 D= -5 | 7 P= 16.7 T= -5 A= -10 D= -1 | 8 P= 6.7 T= 0 A= 20 D= 2.5 | 9 P= 6.7 T= -5 A= -10 D= -6 | DOMINANT THREAT= 8 ( 2.5 ) | D79 WEIGHTED= -0.3 | THREAT BREADTH= 0 | LOSER ACCEL BREADTH= 1 | THREAT CONCENTRATION= 55.6 % | T LOSS= -3.3 | A LOSS= 0 | EVEN LEADER= 4 | EVEN FASTEST= 0 | D EVEN= 1.8 | T EVEN= 2.5 | A EVEN= 5 | EVEN ACCEL BREADTH= 1 | A WIN= 0 | A EDGE= 0 | A EVEN EDGE= 5 | DEEP UNDER7%= 70.6 | PREDICTION= 7 | STAKE= 10 | LOSS STREAK= 0 | VETO= NO FRESH 7-9 TRIGGER
2026-09-10,21:39:05 GMT,UNDER 7 SIGNAL | ID= 420 | DIGIT= 5 | REGIME= WINNERS ADVANCING | PREV REGIME= WARMUP | 0 P= 10 T= 5 A= 30 D= 8.5 | 1 P= 16.7 T= 15 A= -10 D= 8 | 2 P= 6.7 T= -5 A= -10 D= -6 | 3 P= 6.7 T= -5 A= -10 D= -6 | 4 P= 16.7 T= 5 A= -10 D= 3.5 | 5 P= 10 T= 0 A= 0 D= 0 | 6 P= 3.3 T= -5 A= 10 D= -3.5 | 7 P= 16.7 T= -5 A= -10 D= -1 | 8 P= 6.7 T= 0 A= 20 D= 2.5 | 9 P= 6.7 T= -5 A= -10 D= -6 | DOMINANT THREAT= 8 ( 2.5 ) | D79 WEIGHTED= -0.3 | THREAT BREADTH= 0 | LOSER ACCEL BREADTH= 1 | THREAT CONCENTRATION= 55.6 % | T LOSS= -3.3 | A LOSS= 0 | EVEN LEADER= 0 | EVEN FASTEST= 0 | D EVEN= 0.6 | T EVEN= 0 | A EVEN= 5 | EVEN ACCEL BREADTH= 2 | A WIN= 0 | A EDGE= 0 | A EVEN EDGE= 5 | DEEP UNDER7%= 70.6 | PREDICTION= 7 | STAKE= 10 | LOSS STREAK= 0 | VETO= NO FRESH 7-9 TRIGGER
2026-09-10,21:39:05 GMT,UNDER 7 SIGNAL | ID= 418 | DIGIT= 0 | REGIME= WINNERS ADVANCING | PREV REGIME= WARMUP | 0 P= 10 T= 5 A= 30 D= 8.5 | 1 P= 13.3 T= 15 A= 10 D= 10.5 | 2 P= 6.7 T= 0 A= -40 D= -10 | 3 P= 6.7 T= -5 A= -10 D= -6 | 4 P= 20 T= 5 A= 30 D= 13.5 | 5 P= 6.7 T= 0 A= -40 D= -10 | 6 P= 3.3 T= -5 A= 10 D= -3.5 | 7 P= 16.7 T= -5 A= -10 D= -1 | 8 P= 10 T= -5 A= 30 D= 4 | 9 P= 6.7 T= -5 A= -10 D= -6 | DOMINANT THREAT= 8 ( 4 ) | D79 WEIGHTED= 0.5 | THREAT BREADTH= 0 | LOSER ACCEL BREADTH= 1 | THREAT CONCENTRATION= 50 % | T LOSS= -5 | A LOSS= 3.3 | EVEN LEADER= 4 | EVEN FASTEST= 0 | D EVEN= 2.1 | T EVEN= 1.3 | A EVEN= 7.5 | EVEN ACCEL BREADTH= 3 | A WIN= -1.4 | A EDGE= -4.8 | A EVEN EDGE= 4.2 | DEEP UNDER7%= 70.4 | PREDICTION= 7 | STAKE= 10 | LOSS STREAK= 0 | VETO= NO FRESH 7-9 TRIGGER
2026-09-10,21:39:05 GMT,UNDER 7 SIGNAL | ID= 411 | DIGIT= 1 | REGIME= WINNERS ADVANCING | PREV REGIME= WARMUP | 0 P= 6.7 T= -5 A= -10 D= -6 | 1 P= 10 T= 15 A= 30 D= 13 | 2 P= 6.7 T= 5 A= -10 D= -1.5 | 3 P= 6.7 T= 0 A= -40 D= -10 | 4 P= 13.3 T= 5 A= 10 D= 6 | 5 P= 16.7 T= -10 A= 20 D= 3 | 6 P= 3.3 T= -5 A= 10 D= -3.5 | 7 P= 16.7 T= 5 A= -10 D= 3.5 | 8 P= 13.3 T= -15 A= 10 D= -3 | 9 P= 6.7 T= 5 A= -10 D= -1.5 | DOMINANT THREAT= 7 ( 3.5 ) | D79 WEIGHTED= 0.7 | THREAT BREADTH= 2 | LOSER ACCEL BREADTH= 1 | THREAT CONCENTRATION= 45.5 % | T LOSS= -1.7 | A LOSS= -3.3 | EVEN LEADER= 4 | EVEN FASTEST= 4 | D EVEN= -1.2 | T EVEN= 0 | A EVEN= 0 | EVEN ACCEL BREADTH= 2 | A WIN= 1.4 | A EDGE= 4.8 | A EVEN EDGE= 3.3 | DEEP UNDER7%= 70.3 | PREDICTION= 7 | STAKE= 10 | LOSS STREAK= 0 | VETO= NO FRESH 7-9 TRIGGER
2026-09-10,21:39:05 GMT,YOU WON | Total profit: $ -14.14
2026-09-10,21:39:05 GMT,Profit amount: 3.7
2026-09-10,21:39:05 GMT,Bought: Win payout if the last digit of Volatility 10 (1s) Index is strictly lower than 7 after 1 ticks. (ID: 23901771959)
2026-09-10,21:39:05 GMT,UNDER 7 SIGNAL | ID= 386 | DIGIT= 8 | REGIME= WINNERS ADVANCING | PREV REGIME= WARMUP | 0 P= 13.3 T= 5 A= 10 D= 6 | 1 P= 3.3 T= -5 A= 10 D= -3.5 | 2 P= 10 T= 0 A= 0 D= 0 | 3 P= 10 T= -5 A= -30 D= -8.5 | 4 P= 6.7 T= -5 A= -10 D= -6 | 5 P= 16.7 T= 10 A= 20 D= 12 | 6 P= 13.3 T= 5 A= 10 D= 6 | 7 P= 6.7 T= 0 A= -40 D= -10 | 8 P= 13.3 T= 5 A= 10 D= 6 | 9 P= 6.7 T= -10 A= 20 D= -2 | DOMINANT THREAT= 8 ( 6 ) | D79 WEIGHTED= 0.4 | THREAT BREADTH= 1 | LOSER ACCEL BREADTH= 2 | THREAT CONCENTRATION= 50 % | T LOSS= -1.7 | A LOSS= -3.3 | EVEN LEADER= 0 | EVEN FASTEST= 0 | D EVEN= 1.5 | T EVEN= 1.3 | A EVEN= 2.5 | EVEN ACCEL BREADTH= 2 | A WIN= 1.4 | A EDGE= 4.8 | A EVEN EDGE= 5.8 | DEEP UNDER7%= 70.2 | PREDICTION= 7 | STAKE= 10 | LOSS STREAK= 0 | VETO=
2026-09-10,21:39:05 GMT,UNDER 7 SIGNAL | ID= 379 | DIGIT= 5 | REGIME= WINNERS ADVANCING | PREV REGIME= WARMUP | 0 P= 6.7 T= 5 A= -10 D= -1.5 | 1 P= 10 T= -10 A= 0 D= -4.5 | 2 P= 10 T= 10 A= 0 D= 4.5 | 3 P= 13.3 T= 5 A= 10 D= 6 | 4 P= 10 T= -5 A= 30 D= 4 | 5 P= 13.3 T= -5 A= 10 D= 1.5 | 6 P= 13.3 T= 5 A= 10 D= 6 | 7 P= 10 T= 0 A= 0 D= 0 | 8 P= 6.7 T= -5 A= -10 D= -6 | 9 P= 6.7 T= 0 A= -40 D= -10 | DOMINANT THREAT= 7 ( 0 ) | D79 WEIGHTED= -3.8 | THREAT BREADTH= 0 | LOSER ACCEL BREADTH= 0 | THREAT CONCENTRATION= 42.9 % | T LOSS= -1.7 | A LOSS= -16.7 | EVEN LEADER= 6 | EVEN FASTEST= 4 | D EVEN= 3.3 | T EVEN= 3.8 | A EVEN= 7.5 | EVEN ACCEL BREADTH= 2 | A WIN= 7.1 | A EDGE= 23.8 | A EVEN EDGE= 24.2 | DEEP UNDER7%= 70.3 | PREDICTION= 7 | STAKE= 10 | LOSS STREAK= 0 | VETO= NO FRESH 7-9 TRIGGER
2026-09-10,21:39:05 GMT,UNDER 7 SIGNAL | ID= 378 | DIGIT= 6 | REGIME= WINNERS ADVANCING | PREV REGIME= WARMUP | 0 P= 10 T= 0 A= 0 D= 0 | 1 P= 10 T= -10 A= 0 D= -4.5 | 2 P= 10 T= 10 A= 0 D= 4.5 | 3 P= 13.3 T= 5 A= 10 D= 6 | 4 P= 10 T= 0 A= 0 D= 0 | 5 P= 10 T= -5 A= 30 D= 4 | 6 P= 13.3 T= 5 A= 10 D= 6 | 7 P= 10 T= 0 A= 0 D= 0 | 8 P= 6.7 T= -5 A= -10 D= -6 | 9 P= 6.7 T= 0 A= -40 D= -10 | DOMINANT THREAT= 7 ( 0 ) | D79 WEIGHTED= -3.8 | THREAT BREADTH= 0 | LOSER ACCEL BREADTH= 0 | THREAT CONCENTRATION= 42.9 % | T LOSS= -1.7 | A LOSS= -16.7 | EVEN LEADER= 6 | EVEN FASTEST= 6 | D EVEN= 2.6 | T EVEN= 3.8 | A EVEN= 2.5 | EVEN ACCEL BREADTH= 1 | A WIN= 7.1 | A EDGE= 23.8 | A EVEN EDGE= 19.2 | DEEP UNDER7%= 70.2 | PREDICTION= 7 | STAKE= 10 | LOSS STREAK= 0 | VETO= NO FRESH 7-9 TRIGGER
2026-09-10,21:39:05 GMT,UNDER 7 SIGNAL | ID= 345 | DIGIT= 5 | REGIME= WINNERS ADVANCING | PREV REGIME= WARMUP | 0 P= 13.3 T= -10 A= 40 D= 5.5 | 1 P= 10 T= 5 A= -30 D= -4 | 2 P= 13.3 T= 0 A= -20 D= -2.5 | 3 P= 16.7 T= -5 A= -10 D= -1 | 4 P= 16.7 T= 5 A= -10 D= 3.5 | 5 P= 10 T= 5 A= 30 D= 8.5 | 6 P= 13.3 T= 5 A= 10 D= 6 | 7 P= 3.3 T= 0 A= -20 D= -7.5 | 8 P= 0 T= 0 A= 0 D= -5 | 9 P= 3.3 T= -5 A= 10 D= -3.5 | DOMINANT THREAT= 9 ( -3.5 ) | D79 WEIGHTED= -4.7 | THREAT BREADTH= 0 | LOSER ACCEL BREADTH= 1 | THREAT CONCENTRATION= 50 % | T LOSS= -1.7 | A LOSS= -3.3 | EVEN LEADER= 6 | EVEN FASTEST= 0 | D EVEN= 3.1 | T EVEN= 0 | A EVEN= 5 | EVEN ACCEL BREADTH= 2 | A WIN= 1.4 | A EDGE= 4.8 | A EVEN EDGE= 8.3 | DEEP UNDER7%= 70.4 | PREDICTION= 7 | STAKE= 10 | LOSS STREAK= 0 | VETO= NO FRESH 7-9 TRIGGER
2026-09-10,21:39:05 GMT,UNDER 7 SIGNAL | ID= 344 | DIGIT= 6 | REGIME= WINNERS ADVANCING | PREV REGIME= WARMUP | 0 P= 13.3 T= -10 A= 40 D= 5.5 | 1 P= 13.3 T= 5 A= 10 D= 6 | 2 P= 13.3 T= 0 A= -20 D= -2.5 | 3 P= 16.7 T= 0 A= -40 D= -5 | 4 P= 16.7 T= 5 A= -10 D= 3.5 | 5 P= 6.7 T= 0 A= 20 D= 2.5 | 6 P= 13.3 T= 5 A= 10 D= 6 | 7 P= 3.3 T= 0 A= -20 D= -7.5 | 8 P= 0 T= 0 A= 0 D= -5 | 9 P= 3.3 T= -5 A= 10 D= -3.5 | DOMINANT THREAT= 9 ( -3.5 ) | D79 WEIGHTED= -4.7 | THREAT BREADTH= 0 | LOSER ACCEL BREADTH= 1 | THREAT CONCENTRATION= 50 % | T LOSS= -1.7 | A LOSS= -3.3 | EVEN LEADER= 6 | EVEN FASTEST= 0 | D EVEN= 3.1 | T EVEN= 0 | A EVEN= 5 | EVEN ACCEL BREADTH= 2 | A WIN= 1.4 | A EDGE= 4.8 | A EVEN EDGE= 8.3 | DEEP UNDER7%= 70.4 | PREDICTION= 7 | STAKE= 10 | LOSS STREAK= 0 | VETO= NO FRESH 7-9 TRIGGER
2026-09-10,21:39:05 GMT,UNDER 7 SIGNAL | ID= 343 | DIGIT= 3 | REGIME= WINNERS ADVANCING | PREV REGIME= WARMUP | 0 P= 13.3 T= -10 A= 40 D= 5.5 | 1 P= 13.3 T= 5 A= 10 D= 6 | 2 P= 13.3 T= 0 A= -20 D= -2.5 | 3 P= 16.7 T= 5 A= -70 D= -9 | 4 P= 16.7 T= 5 A= -10 D= 3.5 | 5 P= 6.7 T= 0 A= 20 D= 2.5 | 6 P= 10 T= 5 A= 30 D= 8.5 | 7 P= 6.7 T= -5 A= -10 D= -6 | 8 P= 0 T= 0 A= 0 D= -5 | 9 P= 3.3 T= -5 A= 10 D= -3.5 | DOMINANT THREAT= 9 ( -3.5 ) | D79 WEIGHTED= -4.4 | THREAT BREADTH= 0 | LOSER ACCEL BREADTH= 1 | THREAT CONCENTRATION= 66.7 % | T LOSS= -3.3 | A LOSS= 0 | EVEN LEADER= 6 | EVEN FASTEST= 0 | D EVEN= 3.8 | T EVEN= 0 | A EVEN= 10 | EVEN ACCEL BREADTH= 2 | A WIN= 0 | A EDGE= 0 | A EVEN EDGE= 10 | DEEP UNDER7%= 70.4 | PREDICTION= 7 | STAKE= 10 | LOSS STREAK= 0 | VETO= NO FRESH 7-9 TRIGGER
2026-09-10,21:39:05 GMT,UNDER 7 SIGNAL | ID= 342 | DIGIT= 2 | REGIME= WINNERS ADVANCING | PREV REGIME= WARMUP | 0 P= 16.7 T= -15 A= 50 D= 7 | 1 P= 13.3 T= 5 A= 10 D= 6 | 2 P= 13.3 T= 0 A= -20 D= -2.5 | 3 P= 13.3 T= 0 A= -80 D= -15 | 4 P= 16.7 T= 10 A= 20 D= 12 | 5 P= 6.7 T= 0 A= 20 D= 2.5 | 6 P= 10 T= 5 A= 30 D= 8.5 | 7 P= 6.7 T= -5 A= -10 D= -6 | 8 P= 0 T= 0 A= 0 D= -5 | 9 P= 3.3 T= 0 A= -20 D= -7.5 | DOMINANT THREAT= 8 ( -5 ) | D79 WEIGHTED= -5.8 | THREAT BREADTH= 0 | LOSER ACCEL BREADTH= 0 | THREAT CONCENTRATION= 66.7 % | T LOSS= -1.7 | A LOSS= -10 | EVEN LEADER= 4 | EVEN FASTEST= 0 | D EVEN= 6.3 | T EVEN= 0 | A EVEN= 20 | EVEN ACCEL BREADTH= 3 | A WIN= 4.3 | A EDGE= 14.3 | A EVEN EDGE= 30 | DEEP UNDER7%= 70.3 | PREDICTION= 7 | STAKE= 10 | LOSS STREAK= 0 | VETO= NO FRESH 7-9 TRIGGER
2026-09-10,21:39:05 GMT,UNDER 7 SIGNAL | ID= 341 | DIGIT= 6 | REGIME= WINNERS ADVANCING | PREV REGIME= WARMUP | 0 P= 16.7 T= -10 A= 20 D= 3 | 1 P= 13.3 T= 5 A= 10 D= 6 | 2 P= 10 T= -5 A= -30 D= -8.5 | 3 P= 13.3 T= 0 A= -80 D= -15 | 4 P= 16.7 T= 15 A= 50 D= 20.5 | 5 P= 6.7 T= 0 A= 20 D= 2.5 | 6 P= 10 T= 5 A= 30 D= 8.5 | 7 P= 6.7 T= -5 A= -10 D= -6 | 8 P= 0 T= 0 A= 0 D= -5 | 9 P= 6.7 T= -5 A= -10 D= -6 | DOMINANT THREAT= 8 ( -5 ) | D79 WEIGHTED= -5.5 | THREAT BREADTH= 0 | LOSER ACCEL BREADTH= 0 | THREAT CONCENTRATION= 50 % | T LOSS= -3.3 | A LOSS= -6.7 | EVEN LEADER= 4 | EVEN FASTEST= 4 | D EVEN= 5.9 | T EVEN= 1.3 | A EVEN= 17.5 | EVEN ACCEL BREADTH= 3 | A WIN= 2.9 | A EDGE= 9.5 | A EVEN EDGE= 24.2 | DEEP UNDER7%= 70.3 | PREDICTION= 7 | STAKE= 10 | LOSS STREAK= 0 | VETO= NO FRESH 7-9 TRIGGER
2026-09-10,21:39:05 GMT,UNDER 7 SIGNAL | ID= 340 | DIGIT= 4 | REGIME= WINNERS ADVANCING | PREV REGIME= WARMUP | 0 P= 20 T= -15 A= 30 D= 4.5 | 1 P= 13.3 T= 5 A= 10 D= 6 | 2 P= 10 T= -5 A= -30 D= -8.5 | 3 P= 13.3 T= 5 A= -50 D= -6.5 | 4 P= 16.7 T= 20 A= 20 D= 16.5 | 5 P= 6.7 T= 0 A= 20 D= 2.5 | 6 P= 6.7 T= 0 A= 20 D= 2.5 | 7 P= 6.7 T= -5 A= -10 D= -6 | 8 P= 0 T= 0 A= 0 D= -5 | 9 P= 6.7 T= -5 A= -10 D= -6 | DOMINANT THREAT= 8 ( -5 ) | D79 WEIGHTED= -5.5 | THREAT BREADTH= 0 | LOSER ACCEL BREADTH= 0 | THREAT CONCENTRATION= 50 % | T LOSS= -3.3 | A LOSS= -6.7 | EVEN LEADER= 4 | EVEN FASTEST= 0 | D EVEN= 3.8 | T EVEN= 0 | A EVEN= 10 | EVEN ACCEL BREADTH= 3 | A WIN= 2.9 | A EDGE= 9.5 | A EVEN EDGE= 16.7 | DEEP UNDER7%= 70.3 | PREDICTION= 7 | STAKE= 10 | LOSS STREAK= 0 | VETO= NO FRESH 7-9 TRIGGER
2026-09-10,21:39:05 GMT,UNDER 7 SIGNAL | ID= 339 | DIGIT= 4 | REGIME= WINNERS ADVANCING | PREV REGIME= WARMUP | 0 P= 20 T= -10 A= 0 D= 0.5 | 1 P= 16.7 T= 0 A= 20 D= 7.5 | 2 P= 10 T= 0 A= 0 D= 0 | 3 P= 13.3 T= 5 A= -50 D= -6.5 | 4 P= 13.3 T= 15 A= 10 D= 10.5 | 5 P= 6.7 T= 0 A= 20 D= 2.5 | 6 P= 6.7 T= 0 A= 20 D= 2.5 | 7 P= 6.7 T= -5 A= -10 D= -6 | 8 P= 0 T= 0 A= 0 D= -5 | 9 P= 6.7 T= -5 A= -10 D= -6 | DOMINANT THREAT= 8 ( -5 ) | D79 WEIGHTED= -5.5 | THREAT BREADTH= 0 | LOSER ACCEL BREADTH= 0 | THREAT CONCENTRATION= 50 % | T LOSS= -3.3 | A LOSS= -6.7 | EVEN LEADER= 4 | EVEN FASTEST= 6 | D EVEN= 3.4 | T EVEN= 1.3 | A EVEN= 7.5 | EVEN ACCEL BREADTH= 2 | A WIN= 2.9 | A EDGE= 9.5 | A EVEN EDGE= 14.2 | DEEP UNDER7%= 70.2 | PREDICTION= 7 | STAKE= 10 | LOSS STREAK= 0 | VETO= NO FRESH 7-9 TRIGGER
2026-09-10,21:39:05 GMT,UNDER 7 SIGNAL | ID= 338 | DIGIT= 5 | REGIME= WINNERS ADVANCING | PREV REGIME= WARMUP | 0 P= 20 T= -10 A= 0 D= 0.5 | 1 P= 16.7 T= 5 A= 50 D= 16 | 2 P= 10 T= 5 A= -30 D= -4 | 3 P= 13.3 T= 5 A= -50 D= -6.5 | 4 P= 10 T= 10 A= 0 D= 4.5 | 5 P= 10 T= -5 A= 30 D= 4 | 6 P= 6.7 T= 0 A= 20 D= 2.5 | 7 P= 6.7 T= -5 A= -10 D= -6 | 8 P= 0 T= 0 A= 0 D= -5 | 9 P= 6.7 T= -5 A= -10 D= -6 | DOMINANT THREAT= 8 ( -5 ) | D79 WEIGHTED= -5.5 | THREAT BREADTH= 0 | LOSER ACCEL BREADTH= 0 | THREAT CONCENTRATION= 50 % | T LOSS= -3.3 | A LOSS= -6.7 | EVEN LEADER= 4 | EVEN FASTEST= 6 | D EVEN= 0.9 | T EVEN= 1.3 | A EVEN= -2.5 | EVEN ACCEL BREADTH= 1 | A WIN= 2.9 | A EDGE= 9.5 | A EVEN EDGE= 4.2 | DEEP UNDER7%= 70.1 | PREDICTION= 7 | STAKE= 10 | LOSS STREAK= 0 | VETO= NO FRESH 7-9 TRIGGER
2026-09-10,21:39:05 GMT,UNDER 7 SIGNAL | ID= 337 | DIGIT= 1 | REGIME= WINNERS ADVANCING | PREV REGIME= WARMUP | 0 P= 20 T= -10 A= 0 D= 0.5 | 1 P= 16.7 T= 5 A= 50 D= 16 | 2 P= 10 T= 10 A= 0 D= 4.5 | 3 P= 16.7 T= 0 A= -40 D= -5 | 4 P= 10 T= 10 A= 0 D= 4.5 | 5 P= 6.7 T= -5 A= -10 D= -6 | 6 P= 6.7 T= 0 A= 20 D= 2.5 | 7 P= 6.7 T= -5 A= -10 D= -6 | 8 P= 0 T= 0 A= 0 D= -5 | 9 P= 6.7 T= -5 A= -10 D= -6 | DOMINANT THREAT= 8 ( -5 ) | D79 WEIGHTED= -5.5 | THREAT BREADTH= 0 | LOSER ACCEL BREADTH= 0 | THREAT CONCENTRATION= 50 % | T LOSS= -3.3 | A LOSS= -6.7 | EVEN LEADER= 2 | EVEN FASTEST= 6 | D EVEN= 3 | T EVEN= 2.5 | A EVEN= 5 | EVEN ACCEL BREADTH= 1 | A WIN= 2.9 | A EDGE= 9.5 | A EVEN EDGE= 11.7 | DEEP UNDER7%= 70.1 | PREDICTION= 7 | STAKE= 10 | LOSS STREAK= 0 | VETO= NO FRESH 7-9 TRIGGER
2026-09-10,21:39:05 GMT,UNDER 7 SIGNAL | ID= 336 | DIGIT= 0 | REGIME= WINNERS ADVANCING | PREV REGIME= WARMUP | 0 P= 20 T= -5 A= -30 D= -3.5 | 1 P= 13.3 T= 0 A= 40 D= 10 | 2 P= 10 T= 10 A= 0 D= 4.5 | 3 P= 16.7 T= 5 A= -10 D= 3.5 | 4 P= 10 T= 10 A= 0 D= 4.5 | 5 P= 6.7 T= -5 A= -10 D= -6 | 6 P= 6.7 T= 0 A= 20 D= 2.5 | 7 P= 6.7 T= -5 A= -10 D= -6 | 8 P= 0 T= 0 A= 0 D= -5 | 9 P= 10 T= -10 A= 0 D= -4.5 | DOMINANT THREAT= 9 ( -4.5 ) | D79 WEIGHTED= -4.9 | THREAT BREADTH= 0 | LOSER ACCEL BREADTH= 0 | THREAT CONCENTRATION= 60 % | T LOSS= -5 | A LOSS= -3.3 | EVEN LEADER= 2 | EVEN FASTEST= 6 | D EVEN= 2 | T EVEN= 3.8 | A EVEN= -2.5 | EVEN ACCEL BREADTH= 1 | A WIN= 1.4 | A EDGE= 4.8 | A EVEN EDGE= 0.8 | DEEP UNDER7%= 70.1 | PREDICTION= 7 | STAKE= 10 | LOSS STREAK= 0 | VETO= NO FRESH 7-9 TRIGGER
2026-09-10,21:39:05 GMT,YOU WON | Total profit: $ -17.84
2026-09-10,21:39:05 GMT,Profit amount: 3.7
2026-09-10,21:39:05 GMT,Bought: Win payout if the last digit of Volatility 10 (1s) Index is strictly lower than 7 after 1 ticks. (ID: 23901601179)
2026-09-10,21:39:05 GMT,UNDER 7 SIGNAL | ID= 327 | DIGIT= 7 | REGIME= WINNERS ADVANCING | PREV REGIME= WARMUP | 0 P= 16.7 T= 15 A= -10 D= 8 | 1 P= 10 T= -5 A= -30 D= -8.5 | 2 P= 10 T= -5 A= 30 D= 4 | 3 P= 16.7 T= 0 A= 20 D= 7.5 | 4 P= 6.7 T= 0 A= 20 D= 2.5 | 5 P= 6.7 T= 5 A= -10 D= -1.5 | 6 P= 3.3 T= 0 A= -20 D= -7.5 | 7 P= 10 T= 0 A= 0 D= 0 | 8 P= 3.3 T= -5 A= 10 D= -3.5 | 9 P= 16.7 T= -5 A= -10 D= -1 | DOMINANT THREAT= 7 ( 0 ) | D79 WEIGHTED= -1 | THREAT BREADTH= 0 | LOSER ACCEL BREADTH= 1 | THREAT CONCENTRATION= 55.6 % | T LOSS= -3.3 | A LOSS= 0 | EVEN LEADER= 0 | EVEN FASTEST= 2 | D EVEN= 1.8 | T EVEN= 2.5 | A EVEN= 5 | EVEN ACCEL BREADTH= 2 | A WIN= 0 | A EDGE= 0 | A EVEN EDGE= 5 | DEEP UNDER7%= 69.6 | PREDICTION= 7 | STAKE= 10 | LOSS STREAK= 0 | VETO=
2026-09-10,21:39:05 GMT,UNDER 7 SIGNAL | ID= 326 | DIGIT= 3 | REGIME= WINNERS ADVANCING | PREV REGIME= WARMUP | 0 P= 16.7 T= 15 A= -10 D= 8 | 1 P= 10 T= -5 A= -30 D= -8.5 | 2 P= 10 T= -5 A= 30 D= 4 | 3 P= 16.7 T= 0 A= 20 D= 7.5 | 4 P= 6.7 T= 0 A= 20 D= 2.5 | 5 P= 6.7 T= 5 A= -10 D= -1.5 | 6 P= 3.3 T= 5 A= 10 D= 1 | 7 P= 10 T= -10 A= 0 D= -4.5 | 8 P= 3.3 T= 0 A= -20 D= -7.5 | 9 P= 16.7 T= -5 A= -10 D= -1 | DOMINANT THREAT= 9 ( -1 ) | D79 WEIGHTED= -3.3 | THREAT BREADTH= 0 | LOSER ACCEL BREADTH= 0 | THREAT CONCENTRATION= 55.6 % | T LOSS= -5 | A LOSS= -10 | EVEN LEADER= 0 | EVEN FASTEST= 2 | D EVEN= 3.9 | T EVEN= 3.8 | A EVEN= 12.5 | EVEN ACCEL BREADTH= 3 | A WIN= 4.3 | A EDGE= 14.3 | A EVEN EDGE= 22.5 | DEEP UNDER7%= 69.7 | PREDICTION= 7 | STAKE= 10 | LOSS STREAK= 0 | VETO= NO FRESH 7-9 TRIGGER
2026-09-10,21:39:05 GMT,YOU WON | Total profit: $ -21.54
2026-09-10,21:39:05 GMT,Profit amount: 3.7
2026-09-10,21:39:05 GMT,Bought: Win payout if the last digit of Volatility 10 (1s) Index is strictly lower than 7 after 1 ticks. (ID: 23901593919)
2026-09-10,21:39:05 GMT,UNDER 7 SIGNAL | ID= 325 | DIGIT= 9 | REGIME= WINNERS ADVANCING | PREV REGIME= WARMUP | 0 P= 16.7 T= 15 A= -10 D= 8 | 1 P= 10 T= 0 A= 0 D= 0 | 2 P= 10 T= -5 A= 30 D= 4 | 3 P= 13.3 T= -10 A= -20 D= -7 | 4 P= 6.7 T= 0 A= 20 D= 2.5 | 5 P= 10 T= 0 A= 0 D= 0 | 6 P= 3.3 T= 5 A= 10 D= 1 | 7 P= 10 T= 0 A= 0 D= 0 | 8 P= 3.3 T= 0 A= -20 D= -7.5 | 9 P= 16.7 T= -5 A= -10 D= -1 | DOMINANT THREAT= 7 ( 0 ) | D79 WEIGHTED= -1.8 | THREAT BREADTH= 0 | LOSER ACCEL BREADTH= 0 | THREAT CONCENTRATION= 55.6 % | T LOSS= -1.7 | A LOSS= -10 | EVEN LEADER= 0 | EVEN FASTEST= 2 | D EVEN= 3.9 | T EVEN= 3.8 | A EVEN= 12.5 | EVEN ACCEL BREADTH= 3 | A WIN= 4.3 | A EDGE= 14.3 | A EVEN EDGE= 22.5 | DEEP UNDER7%= 69.6 | PREDICTION= 7 | STAKE= 10 | LOSS STREAK= 0 | VETO=
2026-09-10,21:39:05 GMT,UNDER 7 SIGNAL | ID= 324 | DIGIT= 0 | REGIME= WINNERS ADVANCING | PREV REGIME= WARMUP | 0 P= 16.7 T= 20 A= 20 D= 16.5 | 1 P= 13.3 T= -5 A= 10 D= 1.5 | 2 P= 10 T= -5 A= 30 D= 4 | 3 P= 13.3 T= -10 A= -20 D= -7 | 4 P= 6.7 T= 0 A= 20 D= 2.5 | 5 P= 10 T= 0 A= 0 D= 0 | 6 P= 3.3 T= 5 A= 10 D= 1 | 7 P= 10 T= 0 A= 0 D= 0 | 8 P= 3.3 T= 0 A= -20 D= -7.5 | 9 P= 13.3 T= -5 A= -50 D= -11 | DOMINANT THREAT= 7 ( 0 ) | D79 WEIGHTED= -4.4 | THREAT BREADTH= 0 | LOSER ACCEL BREADTH= 0 | THREAT CONCENTRATION= 50 % | T LOSS= -1.7 | A LOSS= -23.3 | EVEN LEADER= 0 | EVEN FASTEST= 2 | D EVEN= 6 | T EVEN= 5 | A EVEN= 20 | EVEN ACCEL BREADTH= 4 | A WIN= 10 | A EDGE= 33.3 | A EVEN EDGE= 43.3 | DEEP UNDER7%= 69.6 | PREDICTION= 7 | STAKE= 10 | LOSS STREAK= 0 | VETO= NO FRESH 7-9 TRIGGER
2026-09-10,21:39:05 GMT,UNDER 7 SIGNAL | ID= 297 | DIGIT= 5 | REGIME= WINNERS ADVANCING | PREV REGIME= WARMUP | 0 P= 6.7 T= 5 A= -10 D= -1.5 | 1 P= 10 T= 5 A= 30 D= 8.5 | 2 P= 20 T= 10 A= 0 D= 9.5 | 3 P= 16.7 T= 0 A= -40 D= -5 | 4 P= 3.3 T= -5 A= 10 D= -3.5 | 5 P= 10 T= -5 A= 30 D= 4 | 6 P= 6.7 T= 0 A= 20 D= 2.5 | 7 P= 3.3 T= -5 A= 10 D= -3.5 | 8 P= 6.7 T= 5 A= -10 D= -1.5 | 9 P= 16.7 T= -10 A= -40 D= -9.5 | DOMINANT THREAT= 8 ( -1.5 ) | D79 WEIGHTED= -3.7 | THREAT BREADTH= 1 | LOSER ACCEL BREADTH= 1 | THREAT CONCENTRATION= 62.5 % | T LOSS= -3.3 | A LOSS= -13.3 | EVEN LEADER= 2 | EVEN FASTEST= 6 | D EVEN= 1.8 | T EVEN= 2.5 | A EVEN= 5 | EVEN ACCEL BREADTH= 2 | A WIN= 5.7 | A EDGE= 19 | A EVEN EDGE= 18.3 | DEEP UNDER7%= 69.6 | PREDICTION= 7 | STAKE= 10 | LOSS STREAK= 0 | VETO= NO FRESH 7-9 TRIGGER
2026-09-10,21:39:05 GMT,YOU WON | Total profit: $ -25.24
2026-09-10,21:39:05 GMT,Profit amount: 3.7
2026-09-10,21:39:05 GMT,Bought: Win payout if the last digit of Volatility 10 (1s) Index is strictly lower than 7 after 1 ticks. (ID: 23901445059)
2026-09-10,21:39:05 GMT,UNDER 7 SIGNAL | ID= 272 | DIGIT= 7 | REGIME= WINNERS ADVANCING | PREV REGIME= WARMUP | 0 P= 6.7 T= 0 A= 20 D= 2.5 | 1 P= 16.7 T= 10 A= -40 D= -0.5 | 2 P= 10 T= -5 A= 30 D= 4 | 3 P= 13.3 T= 0 A= 40 D= 10 | 4 P= 10 T= 10 A= 0 D= 4.5 | 5 P= 16.7 T= -10 A= -40 D= -9.5 | 6 P= 6.7 T= 0 A= 20 D= 2.5 | 7 P= 10 T= 5 A= -30 D= -4 | 8 P= 3.3 T= -5 A= 10 D= -3.5 | 9 P= 6.7 T= -5 A= -10 D= -6 | DOMINANT THREAT= 8 ( -3.5 ) | D79 WEIGHTED= -4.1 | THREAT BREADTH= 1 | LOSER ACCEL BREADTH= 1 | THREAT CONCENTRATION= 50 % | T LOSS= -1.7 | A LOSS= -10 | EVEN LEADER= 4 | EVEN FASTEST= 2 | D EVEN= 3.4 | T EVEN= 1.3 | A EVEN= 17.5 | EVEN ACCEL BREADTH= 3 | A WIN= 4.3 | A EDGE= 14.3 | A EVEN EDGE= 27.5 | DEEP UNDER7%= 69.4 | PREDICTION= 7 | STAKE= 10 | LOSS STREAK= 0 | VETO=
2026-09-10,21:39:05 GMT,UNDER 7 SIGNAL | ID= 271 | DIGIT= 1 | REGIME= WINNERS ADVANCING | PREV REGIME= WARMUP | 0 P= 6.7 T= 0 A= 20 D= 2.5 | 1 P= 16.7 T= 10 A= -40 D= -0.5 | 2 P= 13.3 T= -5 A= 10 D= 1.5 | 3 P= 13.3 T= 0 A= 40 D= 10 | 4 P= 10 T= 10 A= 0 D= 4.5 | 5 P= 16.7 T= -5 A= -10 D= -1 | 6 P= 6.7 T= 0 A= 20 D= 2.5 | 7 P= 6.7 T= 0 A= -40 D= -10 | 8 P= 3.3 T= -5 A= 10 D= -3.5 | 9 P= 6.7 T= -5 A= -10 D= -6 | DOMINANT THREAT= 8 ( -3.5 ) | D79 WEIGHTED= -5.5 | THREAT BREADTH= 0 | LOSER ACCEL BREADTH= 1 | THREAT CONCENTRATION= 40 % | T LOSS= -3.3 | A LOSS= -13.3 | EVEN LEADER= 4 | EVEN FASTEST= 0 | D EVEN= 2.8 | T EVEN= 1.3 | A EVEN= 12.5 | EVEN ACCEL BREADTH= 3 | A WIN= 5.7 | A EDGE= 19 | A EVEN EDGE= 25.8 | DEEP UNDER7%= 69.4 | PREDICTION= 7 | STAKE= 10 | LOSS STREAK= 0 | VETO= NO FRESH 7-9 TRIGGER
2026-09-10,21:39:05 GMT,UNDER 7 SIGNAL | ID= 270 | DIGIT= 3 | REGIME= WINNERS ADVANCING | PREV REGIME= WARMUP | 0 P= 6.7 T= 0 A= 20 D= 2.5 | 1 P= 13.3 T= 5 A= -50 D= -6.5 | 2 P= 13.3 T= -5 A= 10 D= 1.5 | 3 P= 13.3 T= 0 A= 40 D= 10 | 4 P= 10 T= 10 A= 0 D= 4.5 | 5 P= 16.7 T= 0 A= 20 D= 7.5 | 6 P= 6.7 T= 0 A= 20 D= 2.5 | 7 P= 6.7 T= 0 A= -40 D= -10 | 8 P= 6.7 T= -10 A= 20 D= -2 | 9 P= 6.7 T= 0 A= -40 D= -10 | DOMINANT THREAT= 8 ( -2 ) | D79 WEIGHTED= -6 | THREAT BREADTH= 0 | LOSER ACCEL BREADTH= 1 | THREAT CONCENTRATION= 33.3 % | T LOSS= -3.3 | A LOSS= -20 | EVEN LEADER= 4 | EVEN FASTEST= 0 | D EVEN= 2.8 | T EVEN= 1.3 | A EVEN= 12.5 | EVEN ACCEL BREADTH= 3 | A WIN= 8.6 | A EDGE= 28.6 | A EVEN EDGE= 32.5 | DEEP UNDER7%= 69.3 | PREDICTION= 7 | STAKE= 10 | LOSS STREAK= 0 | VETO= NO FRESH 7-9 TRIGGER
2026-09-10,21:39:05 GMT,UNDER 7 SIGNAL | ID= 269 | DIGIT= 4 | REGIME= WINNERS ADVANCING | PREV REGIME= WARMUP | 0 P= 6.7 T= 0 A= 20 D= 2.5 | 1 P= 13.3 T= 5 A= -50 D= -6.5 | 2 P= 13.3 T= -5 A= 10 D= 1.5 | 3 P= 10 T= -5 A= 30 D= 4 | 4 P= 10 T= 15 A= 30 D= 13 | 5 P= 16.7 T= 5 A= -10 D= 3.5 | 6 P= 6.7 T= 0 A= 20 D= 2.5 | 7 P= 6.7 T= 0 A= -40 D= -10 | 8 P= 10 T= -15 A= 30 D= -0.5 | 9 P= 6.7 T= 0 A= -40 D= -10 | DOMINANT THREAT= 8 ( -0.5 ) | D79 WEIGHTED= -5.2 | THREAT BREADTH= 0 | LOSER ACCEL BREADTH= 1 | THREAT CONCENTRATION= 42.9 % | T LOSS= -5 | A LOSS= -16.7 | EVEN LEADER= 4 | EVEN FASTEST= 4 | D EVEN= 4.9 | T EVEN= 2.5 | A EVEN= 20 | EVEN ACCEL BREADTH= 4 | A WIN= 7.1 | A EDGE= 23.8 | A EVEN EDGE= 36.7 | DEEP UNDER7%= 69.2 | PREDICTION= 7 | STAKE= 10 | LOSS STREAK= 0 | VETO= NO FRESH 7-9 TRIGGER
2026-09-10,21:39:05 GMT,UNDER 7 SIGNAL | ID= 268 | DIGIT= 3 | REGIME= WINNERS ADVANCING | PREV REGIME= WARMUP | 0 P= 6.7 T= 0 A= 20 D= 2.5 | 1 P= 13.3 T= 10 A= -20 D= 2 | 2 P= 13.3 T= -5 A= 10 D= 1.5 | 3 P= 10 T= -5 A= 30 D= 4 | 4 P= 6.7 T= 10 A= 20 D= 7 | 5 P= 16.7 T= 10 A= -40 D= -0.5 | 6 P= 10 T= -5 A= 30 D= 4 | 7 P= 6.7 T= 0 A= -40 D= -10 | 8 P= 10 T= -15 A= 30 D= -0.5 | 9 P= 6.7 T= 0 A= -40 D= -10 | DOMINANT THREAT= 8 ( -0.5 ) | D79 WEIGHTED= -5.2 | THREAT BREADTH= 0 | LOSER ACCEL BREADTH= 1 | THREAT CONCENTRATION= 42.9 % | T LOSS= -5 | A LOSS= -16.7 | EVEN LEADER= 4 | EVEN FASTEST= 6 | D EVEN= 3.8 | T EVEN= 0 | A EVEN= 20 | EVEN ACCEL BREADTH= 4 | A WIN= 7.1 | A EDGE= 23.8 | A EVEN EDGE= 36.7 | DEEP UNDER7%= 69.2 | PREDICTION= 7 | STAKE= 10 | LOSS STREAK= 0 | VETO= NO FRESH 7-9 TRIGGER
2026-09-10,21:39:05 GMT,UNDER 7 SIGNAL | ID= 267 | DIGIT= 4 | REGIME= WINNERS ADVANCING | PREV REGIME= WARMUP | 0 P= 6.7 T= 0 A= 20 D= 2.5 | 1 P= 16.7 T= 10 A= 20 D= 12 | 2 P= 13.3 T= -5 A= 10 D= 1.5 | 3 P= 6.7 T= -5 A= -10 D= -6 | 4 P= 6.7 T= 10 A= 20 D= 7 | 5 P= 16.7 T= 10 A= -40 D= -0.5 | 6 P= 10 T= -5 A= 30 D= 4 | 7 P= 6.7 T= 0 A= -40 D= -10 | 8 P= 10 T= -15 A= 30 D= -0.5 | 9 P= 6.7 T= 0 A= -40 D= -10 | DOMINANT THREAT= 8 ( -0.5 ) | D79 WEIGHTED= -5.2 | THREAT BREADTH= 0 | LOSER ACCEL BREADTH= 1 | THREAT CONCENTRATION= 42.9 % | T LOSS= -5 | A LOSS= -16.7 | EVEN LEADER= 4 | EVEN FASTEST= 6 | D EVEN= 3.8 | T EVEN= 0 | A EVEN= 20 | EVEN ACCEL BREADTH= 4 | A WIN= 7.1 | A EDGE= 23.8 | A EVEN EDGE= 36.7 | DEEP UNDER7%= 69.2 | PREDICTION= 7 | STAKE= 10 | LOSS STREAK= 0 | VETO= NO FRESH 7-9 TRIGGER
2026-09-10,21:39:05 GMT,UNDER 7 SIGNAL | ID= 266 | DIGIT= 1 | REGIME= WINNERS ADVANCING | PREV REGIME= WARMUP | 0 P= 6.7 T= 5 A= -10 D= -1.5 | 1 P= 16.7 T= 10 A= 20 D= 12 | 2 P= 13.3 T= -5 A= 10 D= 1.5 | 3 P= 6.7 T= -5 A= -10 D= -6 | 4 P= 3.3 T= 5 A= 10 D= 1 | 5 P= 16.7 T= 15 A= -10 D= 8 | 6 P= 10 T= -5 A= 30 D= 4 | 7 P= 6.7 T= 0 A= -40 D= -10 | 8 P= 10 T= -15 A= 30 D= -0.5 | 9 P= 10 T= -5 A= -30 D= -8.5 | DOMINANT THREAT= 8 ( -0.5 ) | D79 WEIGHTED= -4.8 | THREAT BREADTH= 0 | LOSER ACCEL BREADTH= 1 | THREAT CONCENTRATION= 37.5 % | T LOSS= -6.7 | A LOSS= -13.3 | EVEN LEADER= 6 | EVEN FASTEST= 6 | D EVEN= 1.3 | T EVEN= 0 | A EVEN= 10 | EVEN ACCEL BREADTH= 3 | A WIN= 5.7 | A EDGE= 19 | A EVEN EDGE= 23.3 | DEEP UNDER7%= 69.2 | PREDICTION= 7 | STAKE= 10 | LOSS STREAK= 0 | VETO= NO FRESH 7-9 TRIGGER
2026-09-10,21:39:05 GMT,YOU WON | Total profit: $ -28.94
2026-09-10,21:39:05 GMT,Profit amount: 6.29
2026-09-10,21:39:05 GMT,Bought: Win payout if the last digit of Volatility 10 (1s) Index is strictly lower than 7 after 1 ticks. (ID: 23901422379)
2026-09-10,21:39:05 GMT,UNDER 7 SIGNAL | ID= 265 | DIGIT= 0 | REGIME= WINNERS ADVANCING | PREV REGIME= WARMUP | 0 P= 6.7 T= 5 A= -10 D= -1.5 | 1 P= 16.7 T= 5 A= 50 D= 16 | 2 P= 13.3 T= -5 A= 10 D= 1.5 | 3 P= 6.7 T= -5 A= -10 D= -6 | 4 P= 3.3 T= 5 A= 10 D= 1 | 5 P= 16.7 T= 15 A= -10 D= 8 | 6 P= 6.7 T= -5 A= -10 D= -6 | 7 P= 6.7 T= 5 A= -10 D= -1.5 | 8 P= 13.3 T= -15 A= 10 D= -3 | 9 P= 10 T= -5 A= -30 D= -8.5 | DOMINANT THREAT= 7 ( -1.5 ) | D79 WEIGHTED= -3.3 | THREAT BREADTH= 1 | LOSER ACCEL BREADTH= 1 | THREAT CONCENTRATION= 44.4 % | T LOSS= -5 | A LOSS= -10 | EVEN LEADER= 2 | EVEN FASTEST= 2 | D EVEN= -1.2 | T EVEN= 0 | A EVEN= 0 | EVEN ACCEL BREADTH= 2 | A WIN= 4.3 | A EDGE= 14.3 | A EVEN EDGE= 10 | DEEP UNDER7%= 69.2 | PREDICTION= 7 | STAKE= 17 | LOSS STREAK= 1 | VETO= NO FRESH 7-9 TRIGGER
2026-09-10,21:39:05 GMT,LOSS | Next stake: $ 17 | Losses in a row: 1
2026-09-10,21:39:05 GMT,Loss amount: -10
2026-09-10,21:39:05 GMT,Bought: Win payout if the last digit of Volatility 10 (1s) Index is strictly lower than 7 after 1 ticks. (ID: 23901355599)
2026-09-10,21:39:05 GMT,UNDER 7 SIGNAL | ID= 242 | DIGIT= 8 | REGIME= WINNERS ADVANCING | PREV REGIME= WARMUP | 0 P= 3.3 T= -5 A= 10 D= -3.5 | 1 P= 16.7 T= 15 A= -10 D= 8 | 2 P= 0 T= 0 A= 0 D= -5 | 3 P= 10 T= 0 A= 0 D= 0 | 4 P= 6.7 T= -10 A= 20 D= -2 | 5 P= 13.3 T= 0 A= -80 D= -15 | 6 P= 20 T= 5 A= 30 D= 13.5 | 7 P= 10 T= -5 A= -30 D= -8.5 | 8 P= 6.7 T= 10 A= 20 D= 7 | 9 P= 13.3 T= -10 A= 40 D= 5.5 | DOMINANT THREAT= 8 ( 7 ) | D79 WEIGHTED= 3.5 | THREAT BREADTH= 1 | LOSER ACCEL BREADTH= 2 | THREAT CONCENTRATION= 44.4 % | T LOSS= -1.7 | A LOSS= 10 | EVEN LEADER= 6 | EVEN FASTEST= 6 | D EVEN= 0.8 | T EVEN= -2.5 | A EVEN= 15 | EVEN ACCEL BREADTH= 3 | A WIN= -4.3 | A EDGE= -14.3 | A EVEN EDGE= 5 | DEEP UNDER7%= 68.8 | PREDICTION= 7 | STAKE= 10 | LOSS STREAK= 0 | VETO=
2026-09-10,21:39:05 GMT,UNDER 7 SIGNAL | ID= 237 | DIGIT= 1 | REGIME= WINNERS ADVANCING | PREV REGIME= WARMUP | 0 P= 3.3 T= -5 A= 10 D= -3.5 | 1 P= 13.3 T= 15 A= 10 D= 10.5 | 2 P= 0 T= 0 A= 0 D= -5 | 3 P= 10 T= 5 A= -30 D= -4 | 4 P= 10 T= -15 A= 30 D= -0.5 | 5 P= 16.7 T= 0 A= -40 D= -5 | 6 P= 20 T= 5 A= 30 D= 13.5 | 7 P= 10 T= 10 A= 0 D= 4.5 | 8 P= 0 T= 0 A= 0 D= -5 | 9 P= 16.7 T= -15 A= -10 D= -5.5 | DOMINANT THREAT= 7 ( 4.5 ) | D79 WEIGHTED= -0.4 | THREAT BREADTH= 1 | LOSER ACCEL BREADTH= 0 | THREAT CONCENTRATION= 62.5 % | T LOSS= -1.7 | A LOSS= -3.3 | EVEN LEADER= 6 | EVEN FASTEST= 4 | D EVEN= 1.1 | T EVEN= -3.7 | A EVEN= 17.5 | EVEN ACCEL BREADTH= 3 | A WIN= 1.4 | A EDGE= 4.8 | A EVEN EDGE= 20.8 | DEEP UNDER7%= 68.9 | PREDICTION= 7 | STAKE= 10 | LOSS STREAK= 0 | VETO= NO FRESH 7-9 TRIGGER
2026-09-10,21:39:05 GMT,UNDER 7 SIGNAL | ID= 236 | DIGIT= 3 | REGIME= WINNERS ADVANCING | PREV REGIME= WARMUP | 0 P= 3.3 T= -5 A= 10 D= -3.5 | 1 P= 10 T= 10 A= 0 D= 4.5 | 2 P= 0 T= 0 A= 0 D= -5 | 3 P= 10 T= 10 A= 0 D= 4.5 | 4 P= 10 T= -15 A= 30 D= -0.5 | 5 P= 16.7 T= 0 A= -40 D= -5 | 6 P= 20 T= 10 A= 0 D= 9.5 | 7 P= 10 T= 10 A= 0 D= 4.5 | 8 P= 3.3 T= -5 A= 10 D= -3.5 | 9 P= 16.7 T= -15 A= -10 D= -5.5 | DOMINANT THREAT= 7 ( 4.5 ) | D79 WEIGHTED= 0.1 | THREAT BREADTH= 1 | LOSER ACCEL BREADTH= 1 | THREAT CONCENTRATION= 55.6 % | T LOSS= -3.3 | A LOSS= 0 | EVEN LEADER= 6 | EVEN FASTEST= 4 | D EVEN= 0.1 | T EVEN= -2.5 | A EVEN= 10 | EVEN ACCEL BREADTH= 2 | A WIN= 0 | A EDGE= 0 | A EVEN EDGE= 10 | DEEP UNDER7%= 68.9 | PREDICTION= 7 | STAKE= 10 | LOSS STREAK= 0 | VETO= NO FRESH 7-9 TRIGGER
2026-09-10,21:39:05 GMT,UNDER 7 SIGNAL | ID= 235 | DIGIT= 6 | REGIME= WINNERS ADVANCING | PREV REGIME= WARMUP | 0 P= 3.3 T= -5 A= 10 D= -3.5 | 1 P= 13.3 T= 5 A= 10 D= 6 | 2 P= 0 T= 0 A= 0 D= -5 | 3 P= 6.7 T= 5 A= -10 D= -1.5 | 4 P= 10 T= -15 A= 30 D= -0.5 | 5 P= 16.7 T= 5 A= -10 D= 3.5 | 6 P= 20 T= 10 A= 0 D= 9.5 | 7 P= 10 T= 10 A= 0 D= 4.5 | 8 P= 3.3 T= -5 A= 10 D= -3.5 | 9 P= 16.7 T= -10 A= -40 D= -9.5 | DOMINANT THREAT= 7 ( 4.5 ) | D79 WEIGHTED= -0.7 | THREAT BREADTH= 1 | LOSER ACCEL BREADTH= 1 | THREAT CONCENTRATION= 55.6 % | T LOSS= -1.7 | A LOSS= -10 | EVEN LEADER= 6 | EVEN FASTEST= 4 | D EVEN= 0.1 | T EVEN= -2.5 | A EVEN= 10 | EVEN ACCEL BREADTH= 2 | A WIN= 4.3 | A EDGE= 14.3 | A EVEN EDGE= 20 | DEEP UNDER7%= 68.8 | PREDICTION= 7 | STAKE= 10 | LOSS STREAK= 0 | VETO= NO FRESH 7-9 TRIGGER
2026-09-10,21:39:05 GMT,YOU WON | Total profit: $ -25.23
2026-09-10,21:39:05 GMT,Profit amount: 10.69
2026-09-10,21:39:05 GMT,Bought: Win payout if the last digit of Volatility 10 (1s) Index is strictly lower than 7 after 1 ticks. (ID: 23901329079)
2026-09-10,21:39:05 GMT,UNDER 7 SIGNAL | ID= 234 | DIGIT= 6 | REGIME= WINNERS ADVANCING | PREV REGIME= WARMUP | 0 P= 6.7 T= -10 A= 20 D= -2 | 1 P= 10 T= 5 A= 30 D= 8.5 | 2 P= 0 T= 0 A= 0 D= -5 | 3 P= 6.7 T= 5 A= -10 D= -1.5 | 4 P= 10 T= -5 A= -30 D= -8.5 | 5 P= 16.7 T= 10 A= 20 D= 12 | 6 P= 20 T= 0 A= 0 D= 5 | 7 P= 10 T= 10 A= 0 D= 4.5 | 8 P= 3.3 T= -5 A= 10 D= -3.5 | 9 P= 16.7 T= -10 A= -40 D= -9.5 | DOMINANT THREAT= 7 ( 4.5 ) | D79 WEIGHTED= -0.7 | THREAT BREADTH= 1 | LOSER ACCEL BREADTH= 1 | THREAT CONCENTRATION= 55.6 % | T LOSS= -1.7 | A LOSS= -10 | EVEN LEADER= 6 | EVEN FASTEST= 0 | D EVEN= -2.6 | T EVEN= -3.7 | A EVEN= -2.5 | EVEN ACCEL BREADTH= 1 | A WIN= 4.3 | A EDGE= 14.3 | A EVEN EDGE= 7.5 | DEEP UNDER7%= 68.7 | PREDICTION= 7 | STAKE= 28.9 | LOSS STREAK= 2 | VETO= NO FRESH 7-9 TRIGGER
2026-09-10,21:39:05 GMT,LOSS | Next stake: $ 28.9 | Losses in a row: 2
2026-09-10,21:39:05 GMT,Loss amount: -17
2026-09-10,21:39:05 GMT,Bought: Win payout if the last digit of Volatility 10 (1s) Index is strictly lower than 7 after 1 ticks. (ID: 23901318419)
2026-09-10,21:39:05 GMT,UNDER 7 SIGNAL | ID= 231 | DIGIT= 1 | REGIME= WINNERS ADVANCING | PREV REGIME= WARMUP | 0 P= 10 T= -10 A= 0 D= -4.5 | 1 P= 13.3 T= 0 A= 40 D= 10 | 2 P= 0 T= 0 A= 0 D= -5 | 3 P= 10 T= 5 A= 30 D= 8.5 | 4 P= 10 T= 0 A= -60 D= -12.5 | 5 P= 16.7 T= 20 A= 20 D= 16.5 | 6 P= 13.3 T= -5 A= 10 D= 1.5 | 7 P= 3.3 T= 5 A= 10 D= 1 | 8 P= 3.3 T= -5 A= 10 D= -3.5 | 9 P= 20 T= -10 A= -60 D= -12 | DOMINANT THREAT= 7 ( 1 ) | D79 WEIGHTED= -2.9 | THREAT BREADTH= 1 | LOSER ACCEL BREADTH= 2 | THREAT CONCENTRATION= 75 % | T LOSS= -3.3 | A LOSS= -13.3 | EVEN LEADER= 6 | EVEN FASTEST= 6 | D EVEN= -5.1 | T EVEN= -3.7 | A EVEN= -12.5 | EVEN ACCEL BREADTH= 1 | A WIN= 5.7 | A EDGE= 19 | A EVEN EDGE= 0.8 | DEEP UNDER7%= 68.9 | PREDICTION= 7 | STAKE= 17 | LOSS STREAK= 1 | VETO= NO FRESH 7-9 TRIGGER
2026-09-10,21:39:05 GMT,LOSS | Next stake: $ 17 | Losses in a row: 1
2026-09-10,21:39:05 GMT,Loss amount: -10
2026-09-10,21:39:05 GMT,Bought: Win payout if the last digit of Volatility 10 (1s) Index is strictly lower than 7 after 1 ticks. (ID: 23901288839)
2026-09-10,21:39:05 GMT,UNDER 7 SIGNAL | ID= 221 | DIGIT= 9 | REGIME= WINNERS ADVANCING | PREV REGIME= WARMUP | 0 P= 20 T= -10 A= 0 D= 0.5 | 1 P= 10 T= -5 A= -30 D= -8.5 | 2 P= 0 T= 0 A= 0 D= -5 | 3 P= 3.3 T= 0 A= -20 D= -7.5 | 4 P= 10 T= 15 A= 30 D= 13 | 5 P= 3.3 T= 5 A= 10 D= 1 | 6 P= 20 T= 0 A= 0 D= 5 | 7 P= 6.7 T= -10 A= 20 D= -2 | 8 P= 6.7 T= -5 A= -10 D= -6 | 9 P= 20 T= 10 A= 0 D= 9.5 | DOMINANT THREAT= 9 ( 9.5 ) | D79 WEIGHTED= 3 | THREAT BREADTH= 1 | LOSER ACCEL BREADTH= 1 | THREAT CONCENTRATION= 60 % | T LOSS= -1.7 | A LOSS= 3.3 | EVEN LEADER= 4 | EVEN FASTEST= 4 | D EVEN= 3.4 | T EVEN= 1.3 | A EVEN= 7.5 | EVEN ACCEL BREADTH= 1 | A WIN= -1.4 | A EDGE= -4.8 | A EVEN EDGE= 4.2 | DEEP UNDER7%= 68.8 | PREDICTION= 7 | STAKE= 10 | LOSS STREAK= 0 | VETO=
2026-09-10,21:39:05 GMT,UNDER 7 SIGNAL | ID= 159 | DIGIT= 2 | REGIME= WINNERS ADVANCING | PREV REGIME= WARMUP | 0 P= 6.7 T= -5 A= -10 D= -6 | 1 P= 6.7 T= 0 A= -40 D= -10 | 2 P= 20 T= 25 A= 30 D= 22.5 | 3 P= 20 T= 0 A= -60 D= -7.5 | 4 P= 10 T= -5 A= 30 D= 4 | 5 P= 6.7 T= 0 A= 20 D= 2.5 | 6 P= 10 T= 10 A= 0 D= 4.5 | 7 P= 6.7 T= -10 A= 20 D= -2 | 8 P= 3.3 T= -5 A= 10 D= -3.5 | 9 P= 10 T= -10 A= 0 D= -4.5 | DOMINANT THREAT= 7 ( -2 ) | D79 WEIGHTED= -2.9 | THREAT BREADTH= 0 | LOSER ACCEL BREADTH= 2 | THREAT CONCENTRATION= 50 % | T LOSS= -8.3 | A LOSS= 10 | EVEN LEADER= 2 | EVEN FASTEST= 2 | D EVEN= 6.3 | T EVEN= 6.3 | A EVEN= 12.5 | EVEN ACCEL BREADTH= 2 | A WIN= -4.3 | A EDGE= -14.3 | A EVEN EDGE= 2.5 | DEEP UNDER7%= 68.9 | PREDICTION= 7 | STAKE= 10 | LOSS STREAK= 0 | VETO= NO FRESH 7-9 TRIGGER
2026-09-10,21:39:05 GMT,UNDER 7 SIGNAL | ID= 158 | DIGIT= 2 | REGIME= WINNERS ADVANCING | PREV REGIME= WARMUP | 0 P= 6.7 T= -5 A= -10 D= -6 | 1 P= 6.7 T= 0 A= -40 D= -10 | 2 P= 16.7 T= 25 A= 50 D= 25 | 3 P= 20 T= 0 A= -60 D= -7.5 | 4 P= 10 T= -5 A= 30 D= 4 | 5 P= 6.7 T= 5 A= -10 D= -1.5 | 6 P= 10 T= 10 A= 0 D= 4.5 | 7 P= 10 T= -15 A= 30 D= -0.5 | 8 P= 3.3 T= -5 A= 10 D= -3.5 | 9 P= 10 T= -10 A= 0 D= -4.5 | DOMINANT THREAT= 7 ( -0.5 ) | D79 WEIGHTED= -2.2 | THREAT BREADTH= 0 | LOSER ACCEL BREADTH= 2 | THREAT CONCENTRATION= 42.9 % | T LOSS= -10 | A LOSS= 13.3 | EVEN LEADER= 2 | EVEN FASTEST= 2 | D EVEN= 6.9 | T EVEN= 6.3 | A EVEN= 17.5 | EVEN ACCEL BREADTH= 2 | A WIN= -5.7 | A EDGE= -19 | A EVEN EDGE= 4.2 | DEEP UNDER7%= 68.9 | PREDICTION= 7 | STAKE= 10 | LOSS STREAK= 0 | VETO= NO FRESH 7-9 TRIGGER
2026-09-10,21:39:05 GMT,UNDER 7 SIGNAL | ID= 154 | DIGIT= 5 | REGIME= WINNERS ADVANCING | PREV REGIME= WARMUP | 0 P= 6.7 T= -5 A= -10 D= -6 | 1 P= 6.7 T= 0 A= -40 D= -10 | 2 P= 6.7 T= 10 A= 20 D= 7 | 3 P= 20 T= 10 A= 0 D= 9.5 | 4 P= 13.3 T= -5 A= 10 D= 1.5 | 5 P= 10 T= 0 A= 0 D= 0 | 6 P= 6.7 T= 10 A= 20 D= 7 | 7 P= 10 T= -10 A= 0 D= -4.5 | 8 P= 10 T= -10 A= 0 D= -4.5 | 9 P= 10 T= 0 A= 0 D= 0 | DOMINANT THREAT= 9 ( 0 ) | D79 WEIGHTED= -2.2 | THREAT BREADTH= 0 | LOSER ACCEL BREADTH= 0 | THREAT CONCENTRATION= 33.3 % | T LOSS= -6.7 | A LOSS= 0 | EVEN LEADER= 2 | EVEN FASTEST= 2 | D EVEN= 2.4 | T EVEN= 2.5 | A EVEN= 10 | EVEN ACCEL BREADTH= 3 | A WIN= 0 | A EDGE= 0 | A EVEN EDGE= 10 | DEEP UNDER7%= 68.7 | PREDICTION= 7 | STAKE= 10 | LOSS STREAK= 0 | VETO= NO FRESH 7-9 TRIGGER
2026-09-10,21:39:05 GMT,UNDER 7 SIGNAL | ID= 153 | DIGIT= 2 | REGIME= WINNERS ADVANCING | PREV REGIME= WARMUP | 0 P= 6.7 T= 0 A= 20 D= 2.5 | 1 P= 6.7 T= 0 A= -40 D= -10 | 2 P= 6.7 T= 10 A= 20 D= 7 | 3 P= 20 T= 10 A= 0 D= 9.5 | 4 P= 13.3 T= -5 A= 10 D= 1.5 | 5 P= 6.7 T= -5 A= -10 D= -6 | 6 P= 6.7 T= 10 A= 20 D= 7 | 7 P= 10 T= -5 A= -30 D= -8.5 | 8 P= 13.3 T= -15 A= 10 D= -3 | 9 P= 10 T= 0 A= 0 D= 0 | DOMINANT THREAT= 9 ( 0 ) | D79 WEIGHTED= -2.6 | THREAT BREADTH= 0 | LOSER ACCEL BREADTH= 1 | THREAT CONCENTRATION= 40 % | T LOSS= -6.7 | A LOSS= -6.7 | EVEN LEADER= 2 | EVEN FASTEST= 0 | D EVEN= 4.5 | T EVEN= 3.8 | A EVEN= 17.5 | EVEN ACCEL BREADTH= 4 | A WIN= 2.9 | A EDGE= 9.5 | A EVEN EDGE= 24.2 | DEEP UNDER7%= 68.6 | PREDICTION= 7 | STAKE= 10 | LOSS STREAK= 0 | VETO= NO FRESH 7-9 TRIGGER
2026-09-10,21:39:05 GMT,UNDER 7 SIGNAL | ID= 152 | DIGIT= 4 | REGIME= WINNERS ADVANCING | PREV REGIME= WARMUP | 0 P= 10 T= -5 A= 30 D= 4 | 1 P= 6.7 T= 5 A= -10 D= -1.5 | 2 P= 3.3 T= 5 A= 10 D= 1 | 3 P= 20 T= 15 A= -30 D= 5.5 | 4 P= 13.3 T= -5 A= 10 D= 1.5 | 5 P= 6.7 T= -5 A= -10 D= -6 | 6 P= 6.7 T= 10 A= 20 D= 7 | 7 P= 10 T= -5 A= -30 D= -8.5 | 8 P= 13.3 T= -15 A= 10 D= -3 | 9 P= 10 T= 0 A= 0 D= 0 | DOMINANT THREAT= 9 ( 0 ) | D79 WEIGHTED= -2.6 | THREAT BREADTH= 0 | LOSER ACCEL BREADTH= 1 | THREAT CONCENTRATION= 40 % | T LOSS= -6.7 | A LOSS= -6.7 | EVEN LEADER= 6 | EVEN FASTEST= 0 | D EVEN= 3.4 | T EVEN= 1.3 | A EVEN= 17.5 | EVEN ACCEL BREADTH= 4 | A WIN= 2.9 | A EDGE= 9.5 | A EVEN EDGE= 24.2 | DEEP UNDER7%= 68.6 | PREDICTION= 7 | STAKE= 10 | LOSS STREAK= 0 | VETO= NO FRESH 7-9 TRIGGER
2026-09-10,21:39:05 GMT,UNDER 7 SIGNAL | ID= 151 | DIGIT= 3 | REGIME= WINNERS ADVANCING | PREV REGIME= WARMUP | 0 P= 10 T= 0 A= 0 D= 0 | 1 P= 10 T= 5 A= 30 D= 8.5 | 2 P= 3.3 T= 5 A= 10 D= 1 | 3 P= 20 T= 15 A= -30 D= 5.5 | 4 P= 10 T= -10 A= 0 D= -4.5 | 5 P= 6.7 T= -5 A= -10 D= -6 | 6 P= 6.7 T= 10 A= 20 D= 7 | 7 P= 10 T= -5 A= -30 D= -8.5 | 8 P= 13.3 T= -15 A= 10 D= -3 | 9 P= 10 T= 0 A= 0 D= 0 | DOMINANT THREAT= 9 ( 0 ) | D79 WEIGHTED= -2.6 | THREAT BREADTH= 0 | LOSER ACCEL BREADTH= 1 | THREAT CONCENTRATION= 40 % | T LOSS= -6.7 | A LOSS= -6.7 | EVEN LEADER= 6 | EVEN FASTEST= 6 | D EVEN= 0.9 | T EVEN= 1.3 | A EVEN= 7.5 | EVEN ACCEL BREADTH= 2 | A WIN= 2.9 | A EDGE= 9.5 | A EVEN EDGE= 14.2 | DEEP UNDER7%= 68.6 | PREDICTION= 7 | STAKE= 10 | LOSS STREAK= 0 | VETO= NO FRESH 7-9 TRIGGER
2026-09-10,21:39:05 GMT,UNDER 7 SIGNAL | ID= 150 | DIGIT= 6 | REGIME= WINNERS ADVANCING | PREV REGIME= WARMUP | 0 P= 10 T= 0 A= 0 D= 0 | 1 P= 10 T= 5 A= 30 D= 8.5 | 2 P= 3.3 T= 5 A= 10 D= 1 | 3 P= 16.7 T= 15 A= -10 D= 8 | 4 P= 10 T= -10 A= 0 D= -4.5 | 5 P= 6.7 T= -5 A= -10 D= -6 | 6 P= 6.7 T= 10 A= 20 D= 7 | 7 P= 10 T= -5 A= -30 D= -8.5 | 8 P= 13.3 T= -15 A= 10 D= -3 | 9 P= 13.3 T= 0 A= -20 D= -2.5 | DOMINANT THREAT= 9 ( -2.5 ) | D79 WEIGHTED= -3.8 | THREAT BREADTH= 0 | LOSER ACCEL BREADTH= 1 | THREAT CONCENTRATION= 36.4 % | T LOSS= -6.7 | A LOSS= -13.3 | EVEN LEADER= 6 | EVEN FASTEST= 6 | D EVEN= 0.9 | T EVEN= 1.3 | A EVEN= 7.5 | EVEN ACCEL BREADTH= 2 | A WIN= 5.7 | A EDGE= 19 | A EVEN EDGE= 20.8 | DEEP UNDER7%= 68.6 | PREDICTION= 7 | STAKE= 10 | LOSS STREAK= 0 | VETO= NO FRESH 7-9 TRIGGER
2026-09-10,21:39:05 GMT,YOU WON | Total profit: $ -8.92
2026-09-10,21:39:05 GMT,Profit amount: 3.7
2026-09-10,21:39:05 GMT,Bought: Win payout if the last digit of Volatility 10 (1s) Index is strictly lower than 7 after 1 ticks. (ID: 23901075619)
2026-09-10,21:39:05 GMT,UNDER 7 SIGNAL | ID= 149 | DIGIT= 9 | REGIME= WINNERS ADVANCING | PREV REGIME= WARMUP | 0 P= 10 T= 0 A= 0 D= 0 | 1 P= 10 T= 5 A= 30 D= 8.5 | 2 P= 0 T= 0 A= 0 D= -5 | 3 P= 16.7 T= 20 A= 20 D= 16.5 | 4 P= 10 T= -5 A= -30 D= -8.5 | 5 P= 6.7 T= 0 A= 20 D= 2.5 | 6 P= 3.3 T= 5 A= 10 D= 1 | 7 P= 13.3 T= -5 A= -50 D= -11 | 8 P= 13.3 T= -15 A= 10 D= -3 | 9 P= 16.7 T= -5 A= -10 D= -1 | DOMINANT THREAT= 9 ( -1 ) | D79 WEIGHTED= -3.6 | THREAT BREADTH= 0 | LOSER ACCEL BREADTH= 1 | THREAT CONCENTRATION= 38.5 % | T LOSS= -8.3 | A LOSS= -16.7 | EVEN LEADER= 6 | EVEN FASTEST= 6 | D EVEN= -3.1 | T EVEN= 0 | A EVEN= -5 | EVEN ACCEL BREADTH= 1 | A WIN= 7.1 | A EDGE= 23.8 | A EVEN EDGE= 11.7 | DEEP UNDER7%= 68.4 | PREDICTION= 7 | STAKE= 10 | LOSS STREAK= 0 | VETO=
2026-09-10,21:39:05 GMT,UNDER 7 SIGNAL | ID= 148 | DIGIT= 3 | REGIME= WINNERS ADVANCING | PREV REGIME= WARMUP | 0 P= 10 T= 0 A= 0 D= 0 | 1 P= 10 T= 5 A= 30 D= 8.5 | 2 P= 0 T= 0 A= 0 D= -5 | 3 P= 20 T= 15 A= 30 D= 18 | 4 P= 10 T= 0 A= 0 D= 0 | 5 P= 6.7 T= 0 A= 20 D= 2.5 | 6 P= 3.3 T= 5 A= 10 D= 1 | 7 P= 13.3 T= -5 A= -50 D= -11 | 8 P= 13.3 T= -10 A= -20 D= -7 | 9 P= 13.3 T= -10 A= -20 D= -7 | DOMINANT THREAT= 8 ( -7 ) | D79 WEIGHTED= -7.8 | THREAT BREADTH= 0 | LOSER ACCEL BREADTH= 0 | THREAT CONCENTRATION= 33.3 % | T LOSS= -8.3 | A LOSS= -30 | EVEN LEADER= 6 | EVEN FASTEST= 6 | D EVEN= -1 | T EVEN= 1.3 | A EVEN= 2.5 | EVEN ACCEL BREADTH= 1 | A WIN= 12.9 | A EDGE= 42.9 | A EVEN EDGE= 32.5 | DEEP UNDER7%= 68.5 | PREDICTION= 7 | STAKE= 10 | LOSS STREAK= 0 | VETO= NO FRESH 7-9 TRIGGER
2026-09-10,21:39:05 GMT,UNDER 7 SIGNAL | ID= 147 | DIGIT= 3 | REGIME= WINNERS ADVANCING | PREV REGIME= WARMUP | 0 P= 13.3 T= -5 A= 10 D= 1.5 | 1 P= 10 T= 5 A= 30 D= 8.5 | 2 P= 0 T= 0 A= 0 D= -5 | 3 P= 16.7 T= 10 A= 20 D= 12 | 4 P= 10 T= 0 A= 0 D= 0 | 5 P= 6.7 T= 0 A= 20 D= 2.5 | 6 P= 3.3 T= 5 A= 10 D= 1 | 7 P= 13.3 T= -5 A= -50 D= -11 | 8 P= 13.3 T= 0 A= -20 D= -2.5 | 9 P= 13.3 T= -10 A= -20 D= -7 | DOMINANT THREAT= 8 ( -2.5 ) | D79 WEIGHTED= -5.6 | THREAT BREADTH= 0 | LOSER ACCEL BREADTH= 0 | THREAT CONCENTRATION= 33.3 % | T LOSS= -5 | A LOSS= -30 | EVEN LEADER= 0 | EVEN FASTEST= 0 | D EVEN= -0.6 | T EVEN= 0 | A EVEN= 5 | EVEN ACCEL BREADTH= 2 | A WIN= 12.9 | A EDGE= 42.9 | A EVEN EDGE= 35 | DEEP UNDER7%= 68.5 | PREDICTION= 7 | STAKE= 10 | LOSS STREAK= 0 | VETO= NO FRESH 7-9 TRIGGER
2026-09-10,21:39:05 GMT,UNDER 7 SIGNAL | ID= 146 | DIGIT= 6 | REGIME= WINNERS ADVANCING | PREV REGIME= WARMUP | 0 P= 13.3 T= -5 A= 10 D= 1.5 | 1 P= 10 T= 5 A= 30 D= 8.5 | 2 P= 0 T= 0 A= 0 D= -5 | 3 P= 13.3 T= 5 A= 10 D= 6 | 4 P= 10 T= 0 A= 0 D= 0 | 5 P= 10 T= 0 A= 0 D= 0 | 6 P= 3.3 T= 5 A= 10 D= 1 | 7 P= 13.3 T= 0 A= -20 D= -2.5 | 8 P= 13.3 T= 0 A= -20 D= -2.5 | 9 P= 13.3 T= -10 A= -20 D= -7 | DOMINANT THREAT= 7 ( -2.5 ) | D79 WEIGHTED= -3.4 | THREAT BREADTH= 0 | LOSER ACCEL BREADTH= 0 | THREAT CONCENTRATION= 33.3 % | T LOSS= -3.3 | A LOSS= -20 | EVEN LEADER= 0 | EVEN FASTEST= 0 | D EVEN= -0.6 | T EVEN= 0 | A EVEN= 5 | EVEN ACCEL BREADTH= 2 | A WIN= 8.6 | A EDGE= 28.6 | A EVEN EDGE= 25 | DEEP UNDER7%= 68.5 | PREDICTION= 7 | STAKE= 10 | LOSS STREAK= 0 | VETO= NO FRESH 7-9 TRIGGER
2026-09-10,21:39:05 GMT,UNDER 7 SIGNAL | ID= 145 | DIGIT= 0 | REGIME= WINNERS ADVANCING | PREV REGIME= WARMUP | 0 P= 13.3 T= -5 A= 10 D= 1.5 | 1 P= 10 T= 5 A= 30 D= 8.5 | 2 P= 0 T= 0 A= 0 D= -5 | 3 P= 13.3 T= 5 A= 10 D= 6 | 4 P= 10 T= 5 A= -30 D= -4 | 5 P= 10 T= 0 A= 0 D= 0 | 6 P= 3.3 T= -5 A= 10 D= -3.5 | 7 P= 13.3 T= 0 A= -20 D= -2.5 | 8 P= 13.3 T= 0 A= -20 D= -2.5 | 9 P= 13.3 T= -5 A= 10 D= 1.5 | DOMINANT THREAT= 9 ( 1.5 ) | D79 WEIGHTED= -0.5 | THREAT BREADTH= 0 | LOSER ACCEL BREADTH= 1 | THREAT CONCENTRATION= 33.3 % | T LOSS= -1.7 | A LOSS= -10 | EVEN LEADER= 0 | EVEN FASTEST= 0 | D EVEN= -2.7 | T EVEN= -1.2 | A EVEN= -2.5 | EVEN ACCEL BREADTH= 2 | A WIN= 4.3 | A EDGE= 14.3 | A EVEN EDGE= 7.5 | DEEP UNDER7%= 68.4 | PREDICTION= 7 | STAKE= 10 | LOSS STREAK= 0 | VETO= NO FRESH 7-9 TRIGGER
2026-09-10,21:39:05 GMT,YOU WON | Total profit: $ -12.62
2026-09-10,21:39:05 GMT,Profit amount: 3.7
2026-09-10,21:39:05 GMT,Bought: Win payout if the last digit of Volatility 10 (1s) Index is strictly lower than 7 after 1 ticks. (ID: 23900943979)
2026-09-10,21:39:05 GMT,UNDER 7 SIGNAL | ID= 106 | DIGIT= 7 | REGIME= WINNERS ADVANCING | PREV REGIME= WARMUP | 0 P= 10 T= -5 A= 30 D= 4 | 1 P= 16.7 T= 0 A= 20 D= 7.5 | 2 P= 16.7 T= 0 A= -40 D= -5 | 3 P= 13.3 T= 10 A= -20 D= 2 | 4 P= 6.7 T= -10 A= 20 D= -2 | 5 P= 6.7 T= 5 A= -10 D= -1.5 | 6 P= 13.3 T= 5 A= 10 D= 6 | 7 P= 10 T= 0 A= 0 D= 0 | 8 P= 3.3 T= 0 A= -20 D= -7.5 | 9 P= 3.3 T= -5 A= 10 D= -3.5 | DOMINANT THREAT= 7 ( 0 ) | D79 WEIGHTED= -2.5 | THREAT BREADTH= 0 | LOSER ACCEL BREADTH= 1 | THREAT CONCENTRATION= 60 % | T LOSS= -1.7 | A LOSS= -3.3 | EVEN LEADER= 6 | EVEN FASTEST= 0 | D EVEN= 0.8 | T EVEN= -2.5 | A EVEN= 5 | EVEN ACCEL BREADTH= 3 | A WIN= 1.4 | A EDGE= 4.8 | A EVEN EDGE= 8.3 | DEEP UNDER7%= 68.9 | PREDICTION= 7 | STAKE= 10 | LOSS STREAK= 0 | VETO=
2026-09-10,21:39:05 GMT,UNDER 7 SIGNAL | ID= 105 | DIGIT= 0 | REGIME= WINNERS ADVANCING | PREV REGIME= WARMUP | 0 P= 10 T= -5 A= 30 D= 4 | 1 P= 16.7 T= 0 A= 20 D= 7.5 | 2 P= 16.7 T= 0 A= -40 D= -5 | 3 P= 13.3 T= 10 A= -20 D= 2 | 4 P= 6.7 T= -10 A= 20 D= -2 | 5 P= 6.7 T= 5 A= -10 D= -1.5 | 6 P= 16.7 T= 5 A= 50 D= 16 | 7 P= 6.7 T= 0 A= -40 D= -10 | 8 P= 3.3 T= 0 A= -20 D= -7.5 | 9 P= 3.3 T= -5 A= 10 D= -3.5 | DOMINANT THREAT= 9 ( -3.5 ) | D79 WEIGHTED= -6 | THREAT BREADTH= 0 | LOSER ACCEL BREADTH= 1 | THREAT CONCENTRATION= 50 % | T LOSS= -1.7 | A LOSS= -16.7 | EVEN LEADER= 6 | EVEN FASTEST= 6 | D EVEN= 3.3 | T EVEN= -2.5 | A EVEN= 15 | EVEN ACCEL BREADTH= 3 | A WIN= 7.1 | A EDGE= 23.8 | A EVEN EDGE= 31.7 | DEEP UNDER7%= 69 | PREDICTION= 7 | STAKE= 10 | LOSS STREAK= 0 | VETO= NO FRESH 7-9 TRIGGER
2026-09-10,21:39:05 GMT,UNDER 7 SIGNAL | ID= 104 | DIGIT= 6 | REGIME= WINNERS ADVANCING | PREV REGIME= WARMUP | 0 P= 6.7 T= -10 A= 20 D= -2 | 1 P= 16.7 T= 0 A= 20 D= 7.5 | 2 P= 16.7 T= 0 A= -40 D= -5 | 3 P= 13.3 T= 15 A= 10 D= 10.5 | 4 P= 6.7 T= -5 A= -10 D= -6 | 5 P= 6.7 T= 5 A= -10 D= -1.5 | 6 P= 16.7 T= 5 A= 50 D= 16 | 7 P= 6.7 T= 0 A= -40 D= -10 | 8 P= 6.7 T= -5 A= -10 D= -6 | 9 P= 3.3 T= -5 A= 10 D= -3.5 | DOMINANT THREAT= 9 ( -3.5 ) | D79 WEIGHTED= -5.5 | THREAT BREADTH= 0 | LOSER ACCEL BREADTH= 1 | THREAT CONCENTRATION= 40 % | T LOSS= -3.3 | A LOSS= -13.3 | EVEN LEADER= 6 | EVEN FASTEST= 6 | D EVEN= 0.8 | T EVEN= -2.5 | A EVEN= 5 | EVEN ACCEL BREADTH= 2 | A WIN= 5.7 | A EDGE= 19 | A EVEN EDGE= 18.3 | DEEP UNDER7%= 69 | PREDICTION= 7 | STAKE= 10 | LOSS STREAK= 0 | VETO= NO FRESH 7-9 TRIGGER
2026-09-10,21:39:05 GMT,UNDER 7 SIGNAL | ID= 103 | DIGIT= 1 | REGIME= WINNERS ADVANCING | PREV REGIME= WARMUP | 0 P= 6.7 T= -10 A= 20 D= -2 | 1 P= 16.7 T= 10 A= 20 D= 12 | 2 P= 16.7 T= 0 A= -40 D= -5 | 3 P= 13.3 T= 15 A= 10 D= 10.5 | 4 P= 6.7 T= -5 A= -10 D= -6 | 5 P= 6.7 T= 5 A= -10 D= -1.5 | 6 P= 16.7 T= -5 A= 50 D= 11.5 | 7 P= 6.7 T= 0 A= -40 D= -10 | 8 P= 6.7 T= -5 A= -10 D= -6 | 9 P= 3.3 T= -5 A= 10 D= -3.5 | DOMINANT THREAT= 9 ( -3.5 ) | D79 WEIGHTED= -5.5 | THREAT BREADTH= 0 | LOSER ACCEL BREADTH= 1 | THREAT CONCENTRATION= 40 % | T LOSS= -3.3 | A LOSS= -13.3 | EVEN LEADER= 6 | EVEN FASTEST= 6 | D EVEN= -0.4 | T EVEN= -5 | A EVEN= 5 | EVEN ACCEL BREADTH= 2 | A WIN= 5.7 | A EDGE= 19 | A EVEN EDGE= 18.3 | DEEP UNDER7%= 69 | PREDICTION= 7 | STAKE= 10 | LOSS STREAK= 0 | VETO= NO FRESH 7-9 TRIGGER
2026-09-10,21:39:05 GMT,UNDER 7 SIGNAL | ID= 102 | DIGIT= 3 | REGIME= WINNERS ADVANCING | PREV REGIME= WARMUP | 0 P= 10 T= -15 A= 30 D= -0.5 | 1 P= 13.3 T= 5 A= 10 D= 6 | 2 P= 16.7 T= 5 A= -70 D= -9 | 3 P= 13.3 T= 15 A= 10 D= 10.5 | 4 P= 6.7 T= -5 A= -10 D= -6 | 5 P= 6.7 T= 10 A= 20 D= 7 | 6 P= 16.7 T= -5 A= 50 D= 11.5 | 7 P= 6.7 T= 0 A= -40 D= -10 | 8 P= 6.7 T= -5 A= -10 D= -6 | 9 P= 3.3 T= -5 A= 10 D= -3.5 | DOMINANT THREAT= 9 ( -3.5 ) | D79 WEIGHTED= -5.5 | THREAT BREADTH= 0 | LOSER ACCEL BREADTH= 1 | THREAT CONCENTRATION= 40 % | T LOSS= -3.3 | A LOSS= -13.3 | EVEN LEADER= 6 | EVEN FASTEST= 6 | D EVEN= -1 | T EVEN= -5 | A EVEN= 0 | EVEN ACCEL BREADTH= 2 | A WIN= 5.7 | A EDGE= 19 | A EVEN EDGE= 13.3 | DEEP UNDER7%= 69 | PREDICTION= 7 | STAKE= 10 | LOSS STREAK= 0 | VETO= NO FRESH 7-9 TRIGGER
2026-09-10,21:39:05 GMT,UNDER 7 SIGNAL | ID= 101 | DIGIT= 3 | REGIME= WINNERS ADVANCING | PREV REGIME= WARMUP | 0 P= 10 T= -10 A= 0 D= -4.5 | 1 P= 13.3 T= 5 A= 10 D= 6 | 2 P= 20 T= 5 A= -30 D= 1 | 3 P= 10 T= 10 A= 0 D= 4.5 | 4 P= 6.7 T= -5 A= -10 D= -6 | 5 P= 6.7 T= 10 A= 20 D= 7 | 6 P= 16.7 T= -5 A= 50 D= 11.5 | 7 P= 6.7 T= 0 A= -40 D= -10 | 8 P= 6.7 T= -5 A= -10 D= -6 | 9 P= 3.3 T= -5 A= 10 D= -3.5 | DOMINANT THREAT= 9 ( -3.5 ) | D79 WEIGHTED= -5.5 | THREAT BREADTH= 0 | LOSER ACCEL BREADTH= 1 | THREAT CONCENTRATION= 40 % | T LOSS= -3.3 | A LOSS= -13.3 | EVEN LEADER= 6 | EVEN FASTEST= 6 | D EVEN= 0.5 | T EVEN= -3.7 | A EVEN= 2.5 | EVEN ACCEL BREADTH= 1 | A WIN= 5.7 | A EDGE= 19 | A EVEN EDGE= 15.8 | DEEP UNDER7%= 68.9 | PREDICTION= 7 | STAKE= 10 | LOSS STREAK= 0 | VETO= NO FRESH 7-9 TRIGGER
2026-09-10,21:39:05 GMT,UNDER 7 SIGNAL | ID= 100 | DIGIT= 6 | REGIME= WINNERS ADVANCING | PREV REGIME= WARMUP | 0 P= 10 T= -10 A= 0 D= -4.5 | 1 P= 13.3 T= 5 A= 10 D= 6 | 2 P= 23.3 T= 5 A= 10 D= 11 | 3 P= 6.7 T= 5 A= -10 D= -1.5 | 4 P= 6.7 T= -5 A= -10 D= -6 | 5 P= 6.7 T= 10 A= 20 D= 7 | 6 P= 16.7 T= -5 A= 50 D= 11.5 | 7 P= 6.7 T= 0 A= -40 D= -10 | 8 P= 6.7 T= -5 A= -10 D= -6 | 9 P= 3.3 T= 0 A= -20 D= -7.5 | DOMINANT THREAT= 8 ( -6 ) | D79 WEIGHTED= -7.2 | THREAT BREADTH= 0 | LOSER ACCEL BREADTH= 0 | THREAT CONCENTRATION= 40 % | T LOSS= -1.7 | A LOSS= -23.3 | EVEN LEADER= 6 | EVEN FASTEST= 6 | D EVEN= 3 | T EVEN= -3.7 | A EVEN= 12.5 | EVEN ACCEL BREADTH= 2 | A WIN= 10 | A EDGE= 33.3 | A EVEN EDGE= 35.8 | DEEP UNDER7%= 68.9 | PREDICTION= 7 | STAKE= 10 | LOSS STREAK= 0 | VETO= NO FRESH 7-9 TRIGGER
2026-09-10,21:39:05 GMT,UNDER 7 SIGNAL | ID= 99 | DIGIT= 2 | REGIME= WINNERS ADVANCING | PREV REGIME= WARMUP | 0 P= 10 T= -10 A= 0 D= -4.5 | 1 P= 13.3 T= 10 A= -20 D= 2 | 2 P= 23.3 T= 10 A= 40 D= 19.5 | 3 P= 10 T= 0 A= 0 D= 0 | 4 P= 6.7 T= -5 A= -10 D= -6 | 5 P= 6.7 T= 10 A= 20 D= 7 | 6 P= 13.3 T= -10 A= 40 D= 5.5 | 7 P= 6.7 T= 0 A= -40 D= -10 | 8 P= 6.7 T= -5 A= -10 D= -6 | 9 P= 3.3 T= 0 A= -20 D= -7.5 | DOMINANT THREAT= 8 ( -6 ) | D79 WEIGHTED= -7.2 | THREAT BREADTH= 0 | LOSER ACCEL BREADTH= 0 | THREAT CONCENTRATION= 40 % | T LOSS= -1.7 | A LOSS= -23.3 | EVEN LEADER= 2 | EVEN FASTEST= 2 | D EVEN= 3.6 | T EVEN= -3.7 | A EVEN= 17.5 | EVEN ACCEL BREADTH= 2 | A WIN= 10 | A EDGE= 33.3 | A EVEN EDGE= 40.8 | DEEP UNDER7%= 68.8 | PREDICTION= 7 | STAKE= 10 | LOSS STREAK= 0 | VETO= NO FRESH 7-9 TRIGGER
2026-09-10,21:39:05 GMT,UNDER 7 SIGNAL | ID= 98 | DIGIT= 5 | REGIME= WINNERS ADVANCING | PREV REGIME= WARMUP | 0 P= 10 T= -5 A= -30 D= -8.5 | 1 P= 16.7 T= 5 A= -10 D= 3.5 | 2 P= 20 T= 5 A= 30 D= 13.5 | 3 P= 10 T= 5 A= 30 D= 8.5 | 4 P= 6.7 T= -5 A= -10 D= -6 | 5 P= 6.7 T= 10 A= 20 D= 7 | 6 P= 13.3 T= -10 A= 40 D= 5.5 | 7 P= 6.7 T= 0 A= -40 D= -10 | 8 P= 6.7 T= -5 A= -10 D= -6 | 9 P= 3.3 T= 0 A= -20 D= -7.5 | DOMINANT THREAT= 8 ( -6 ) | D79 WEIGHTED= -7.2 | THREAT BREADTH= 0 | LOSER ACCEL BREADTH= 0 | THREAT CONCENTRATION= 40 % | T LOSS= -1.7 | A LOSS= -23.3 | EVEN LEADER= 2 | EVEN FASTEST= 6 | D EVEN= 1.1 | T EVEN= -3.7 | A EVEN= 7.5 | EVEN ACCEL BREADTH= 2 | A WIN= 10 | A EDGE= 33.3 | A EVEN EDGE= 30.8 | DEEP UNDER7%= 68.7 | PREDICTION= 7 | STAKE= 10 | LOSS STREAK= 0 | VETO= NO FRESH 7-9 TRIGGER
2026-09-10,21:39:05 GMT,UNDER 7 SIGNAL | ID= 71 | DIGIT= 2 | REGIME= WINNERS ADVANCING | PREV REGIME= WARMUP | 0 P= 13.3 T= 5 A= 10 D= 6 | 1 P= 10 T= 5 A= 30 D= 8.5 | 2 P= 16.7 T= 0 A= 20 D= 7.5 | 3 P= 13.3 T= 15 A= 10 D= 10.5 | 4 P= 10 T= 0 A= 0 D= 0 | 5 P= 13.3 T= -5 A= -50 D= -11 | 6 P= 3.3 T= 0 A= -20 D= -7.5 | 7 P= 10 T= -15 A= 30 D= -0.5 | 8 P= 6.7 T= -5 A= -10 D= -6 | 9 P= 3.3 T= 0 A= -20 D= -7.5 | DOMINANT THREAT= 7 ( -0.5 ) | D79 WEIGHTED= -3.5 | THREAT BREADTH= 0 | LOSER ACCEL BREADTH= 1 | THREAT CONCENTRATION= 50 % | T LOSS= -6.7 | A LOSS= 0 | EVEN LEADER= 2 | EVEN FASTEST= 2 | D EVEN= 1.5 | T EVEN= 1.3 | A EVEN= 2.5 | EVEN ACCEL BREADTH= 2 | A WIN= 0 | A EDGE= 0 | A EVEN EDGE= 2.5 | DEEP UNDER7%= 68.6 | PREDICTION= 7 | STAKE= 10 | LOSS STREAK= 0 | VETO= NO FRESH 7-9 TRIGGER
2026-09-10,21:39:05 GMT,UNDER 7 SIGNAL | ID= 70 | DIGIT= 3 | REGIME= WINNERS ADVANCING | PREV REGIME= WARMUP | 0 P= 13.3 T= 5 A= 10 D= 6 | 1 P= 10 T= 5 A= 30 D= 8.5 | 2 P= 13.3 T= -5 A= 10 D= 1.5 | 3 P= 16.7 T= 10 A= 20 D= 12 | 4 P= 10 T= 0 A= 0 D= 0 | 5 P= 13.3 T= 0 A= -20 D= -2.5 | 6 P= 3.3 T= 0 A= -20 D= -7.5 | 7 P= 10 T= -10 A= 0 D= -4.5 | 8 P= 6.7 T= -5 A= -10 D= -6 | 9 P= 3.3 T= 0 A= -20 D= -7.5 | DOMINANT THREAT= 7 ( -4.5 ) | D79 WEIGHTED= -5.5 | THREAT BREADTH= 0 | LOSER ACCEL BREADTH= 0 | THREAT CONCENTRATION= 50 % | T LOSS= -5 | A LOSS= -10 | EVEN LEADER= 0 | EVEN FASTEST= 0 | D EVEN= 0 | T EVEN= 0 | A EVEN= 0 | EVEN ACCEL BREADTH= 2 | A WIN= 4.3 | A EDGE= 14.3 | A EVEN EDGE= 10 | DEEP UNDER7%= 68.6 | PREDICTION= 7 | STAKE= 10 | LOSS STREAK= 0 | VETO= NO FRESH 7-9 TRIGGER
2026-09-10,21:39:05 GMT,UNDER 7 SIGNAL | ID= 69 | DIGIT= 1 | REGIME= WINNERS ADVANCING | PREV REGIME= WARMUP | 0 P= 13.3 T= 5 A= 10 D= 6 | 1 P= 10 T= 5 A= 30 D= 8.5 | 2 P= 13.3 T= 0 A= 40 D= 10 | 3 P= 13.3 T= 5 A= 10 D= 6 | 4 P= 10 T= 0 A= 0 D= 0 | 5 P= 13.3 T= 0 A= -20 D= -2.5 | 6 P= 3.3 T= 0 A= -20 D= -7.5 | 7 P= 10 T= -10 A= 0 D= -4.5 | 8 P= 10 T= -5 A= -30 D= -8.5 | 9 P= 3.3 T= 0 A= -20 D= -7.5 | DOMINANT THREAT= 7 ( -4.5 ) | D79 WEIGHTED= -6.2 | THREAT BREADTH= 0 | LOSER ACCEL BREADTH= 0 | THREAT CONCENTRATION= 42.9 % | T LOSS= -5 | A LOSS= -16.7 | EVEN LEADER= 2 | EVEN FASTEST= 2 | D EVEN= 2.1 | T EVEN= 1.3 | A EVEN= 7.5 | EVEN ACCEL BREADTH= 2 | A WIN= 7.1 | A EDGE= 23.8 | A EVEN EDGE= 24.2 | DEEP UNDER7%= 68.6 | PREDICTION= 7 | STAKE= 10 | LOSS STREAK= 0 | VETO= NO FRESH 7-9 TRIGGER
2026-09-10,21:39:05 GMT,UNDER 7 SIGNAL | ID= 68 | DIGIT= 4 | REGIME= WINNERS ADVANCING | PREV REGIME= WARMUP | 0 P= 13.3 T= 10 A= -20 D= 2 | 1 P= 6.7 T= 0 A= 20 D= 2.5 | 2 P= 13.3 T= 0 A= 40 D= 10 | 3 P= 13.3 T= 5 A= 10 D= 6 | 4 P= 10 T= 0 A= 0 D= 0 | 5 P= 13.3 T= 5 A= 10 D= 6 | 6 P= 3.3 T= 0 A= -20 D= -7.5 | 7 P= 13.3 T= -15 A= 10 D= -3 | 8 P= 10 T= -5 A= -30 D= -8.5 | 9 P= 3.3 T= 0 A= -20 D= -7.5 | DOMINANT THREAT= 7 ( -3 ) | D79 WEIGHTED= -5.4 | THREAT BREADTH= 0 | LOSER ACCEL BREADTH= 1 | THREAT CONCENTRATION= 50 % | T LOSS= -6.7 | A LOSS= -13.3 | EVEN LEADER= 2 | EVEN FASTEST= 2 | D EVEN= 1.1 | T EVEN= 2.5 | A EVEN= 0 | EVEN ACCEL BREADTH= 1 | A WIN= 5.7 | A EDGE= 19 | A EVEN EDGE= 13.3 | DEEP UNDER7%= 68.6 | PREDICTION= 7 | STAKE= 10 | LOSS STREAK= 0 | VETO= NO FRESH 7-9 TRIGGER
2026-09-10,21:39:05 GMT,UNDER 7 SIGNAL | ID= 67 | DIGIT= 0 | REGIME= WINNERS ADVANCING | PREV REGIME= WARMUP | 0 P= 16.7 T= 10 A= 20 D= 12 | 1 P= 6.7 T= 0 A= 20 D= 2.5 | 2 P= 13.3 T= 0 A= 40 D= 10 | 3 P= 13.3 T= 5 A= 10 D= 6 | 4 P= 6.7 T= -5 A= -10 D= -6 | 5 P= 13.3 T= 5 A= 10 D= 6 | 6 P= 3.3 T= 0 A= -20 D= -7.5 | 7 P= 13.3 T= -10 A= -20 D= -7 | 8 P= 10 T= -5 A= -30 D= -8.5 | 9 P= 3.3 T= 0 A= -20 D= -7.5 | DOMINANT THREAT= 7 ( -7 ) | D79 WEIGHTED= -7.4 | THREAT BREADTH= 0 | LOSER ACCEL BREADTH= 0 | THREAT CONCENTRATION= 50 % | T LOSS= -5 | A LOSS= -23.3 | EVEN LEADER= 0 | EVEN FASTEST= 2 | D EVEN= 2.1 | T EVEN= 1.3 | A EVEN= 7.5 | EVEN ACCEL BREADTH= 2 | A WIN= 10 | A EDGE= 33.3 | A EVEN EDGE= 30.8 | DEEP UNDER7%= 68.6 | PREDICTION= 7 | STAKE= 10 | LOSS STREAK= 0 | VETO= NO FRESH 7-9 TRIGGER
2026-09-10,21:39:05 GMT,UNDER 7 SIGNAL | ID= 66 | DIGIT= 3 | REGIME= WINNERS ADVANCING | PREV REGIME= WARMUP | 0 P= 13.3 T= 5 A= 10 D= 6 | 1 P= 6.7 T= 0 A= 20 D= 2.5 | 2 P= 13.3 T= 5 A= 10 D= 6 | 3 P= 16.7 T= 5 A= 50 D= 16 | 4 P= 6.7 T= -5 A= -10 D= -6 | 5 P= 13.3 T= 5 A= 10 D= 6 | 6 P= 3.3 T= 0 A= -20 D= -7.5 | 7 P= 13.3 T= -10 A= -20 D= -7 | 8 P= 10 T= -5 A= -30 D= -8.5 | 9 P= 3.3 T= 0 A= -20 D= -7.5 | DOMINANT THREAT= 7 ( -7 ) | D79 WEIGHTED= -7.4 | THREAT BREADTH= 0 | LOSER ACCEL BREADTH= 0 | THREAT CONCENTRATION= 50 % | T LOSS= -5 | A LOSS= -23.3 | EVEN LEADER= 0 | EVEN FASTEST= 0 | D EVEN= -0.4 | T EVEN= 1.3 | A EVEN= -2.5 | EVEN ACCEL BREADTH= 2 | A WIN= 10 | A EDGE= 33.3 | A EVEN EDGE= 20.8 | DEEP UNDER7%= 68.6 | PREDICTION= 7 | STAKE= 10 | LOSS STREAK= 0 | VETO= NO FRESH 7-9 TRIGGER
2026-09-10,21:39:05 GMT,UNDER 7 SIGNAL | ID= 64 | DIGIT= 3 | REGIME= WINNERS ADVANCING | PREV REGIME= WARMUP | 0 P= 13.3 T= 5 A= 10 D= 6 | 1 P= 6.7 T= 0 A= 20 D= 2.5 | 2 P= 10 T= 5 A= -30 D= -4 | 3 P= 13.3 T= 0 A= 40 D= 10 | 4 P= 6.7 T= 0 A= 20 D= 2.5 | 5 P= 13.3 T= 5 A= 10 D= 6 | 6 P= 3.3 T= 0 A= -20 D= -7.5 | 7 P= 13.3 T= -5 A= -50 D= -11 | 8 P= 13.3 T= -10 A= -20 D= -7 | 9 P= 6.7 T= 0 A= 20 D= 2.5 | DOMINANT THREAT= 9 ( 2.5 ) | D79 WEIGHTED= -3.1 | THREAT BREADTH= 0 | LOSER ACCEL BREADTH= 1 | THREAT CONCENTRATION= 40 % | T LOSS= -5 | A LOSS= -16.7 | EVEN LEADER= 0 | EVEN FASTEST= 4 | D EVEN= -0.7 | T EVEN= 2.5 | A EVEN= -5 | EVEN ACCEL BREADTH= 2 | A WIN= 7.1 | A EDGE= 23.8 | A EVEN EDGE= 11.7 | DEEP UNDER7%= 68.6 | PREDICTION= 7 | STAKE= 10 | LOSS STREAK= 0 | VETO= NO FRESH 7-9 TRIGGER
2026-09-10,21:39:05 GMT,YOU WON | Total profit: $ -16.32
2026-09-10,21:39:05 GMT,Profit amount: 6.29
2026-09-10,21:39:05 GMT,Bought: Win payout if the last digit of Volatility 10 (1s) Index is strictly lower than 7 after 1 ticks. (ID: 23900813139)
2026-09-10,21:39:05 GMT,UNDER 7 SIGNAL | ID= 63 | DIGIT= 0 | REGIME= WINNERS ADVANCING | PREV REGIME= WARMUP | 0 P= 13.3 T= 5 A= 10 D= 6 | 1 P= 3.3 T= -5 A= 10 D= -3.5 | 2 P= 10 T= 5 A= -30 D= -4 | 3 P= 10 T= -5 A= 30 D= 4 | 4 P= 6.7 T= 5 A= -10 D= -1.5 | 5 P= 13.3 T= 15 A= 10 D= 10.5 | 6 P= 3.3 T= 5 A= 10 D= 1 | 7 P= 16.7 T= -10 A= -40 D= -9.5 | 8 P= 13.3 T= -10 A= -20 D= -7 | 9 P= 10 T= -5 A= 30 D= 4 | DOMINANT THREAT= 9 ( 4 ) | D79 WEIGHTED= -2 | THREAT BREADTH= 0 | LOSER ACCEL BREADTH= 1 | THREAT CONCENTRATION= 41.7 % | T LOSS= -8.3 | A LOSS= -10 | EVEN LEADER= 0 | EVEN FASTEST= 0 | D EVEN= 0.4 | T EVEN= 5 | A EVEN= -5 | EVEN ACCEL BREADTH= 2 | A WIN= 4.3 | A EDGE= 14.3 | A EVEN EDGE= 5 | DEEP UNDER7%= 68.6 | PREDICTION= 7 | STAKE= 17 | LOSS STREAK= 1 | VETO= NO FRESH 7-9 TRIGGER
2026-09-10,21:39:05 GMT,LOSS | Next stake: $ 17 | Losses in a row: 1
2026-09-10,21:39:05 GMT,Loss amount: -10
2026-09-10,21:39:05 GMT,Bought: Win payout if the last digit of Volatility 10 (1s) Index is strictly lower than 7 after 1 ticks. (ID: 23900774359)
2026-09-10,21:39:05 GMT,UNDER 7 SIGNAL | ID= 52 | DIGIT= 8 | REGIME= WINNERS ADVANCING | PREV REGIME= WARMUP | 0 P= 10 T= 0 A= 0 D= 0 | 1 P= 3.3 T= 5 A= 10 D= 1 | 2 P= 13.3 T= 0 A= 40 D= 10 | 3 P= 6.7 T= 5 A= -10 D= -1.5 | 4 P= 3.3 T= 5 A= 10 D= 1 | 5 P= 3.3 T= 5 A= 10 D= 1 | 6 P= 6.7 T= -5 A= -10 D= -6 | 7 P= 20 T= 5 A= -30 D= 1 | 8 P= 16.7 T= -5 A= -10 D= -1 | 9 P= 16.7 T= -15 A= -10 D= -5.5 | DOMINANT THREAT= 7 ( 1 ) | D79 WEIGHTED= -0.9 | THREAT BREADTH= 1 | LOSER ACCEL BREADTH= 0 | THREAT CONCENTRATION= 37.5 % | T LOSS= -5 | A LOSS= -16.7 | EVEN LEADER= 2 | EVEN FASTEST= 2 | D EVEN= 1.3 | T EVEN= 0 | A EVEN= 10 | EVEN ACCEL BREADTH= 2 | A WIN= 7.1 | A EDGE= 23.8 | A EVEN EDGE= 26.7 | DEEP UNDER7%= 68.5 | PREDICTION= 7 | STAKE= 10 | LOSS STREAK= 0 | VETO=
2026-09-10,21:39:05 GMT,YOU WON | Total profit: $ -12.61
2026-09-10,21:39:05 GMT,Profit amount: 3.7
2026-09-10,21:39:05 GMT,Bought: Win payout if the last digit of Volatility 10 (1s) Index is strictly lower than 7 after 1 ticks. (ID: 23900768999)
2026-09-10,21:39:05 GMT,UNDER 7 SIGNAL | ID= 51 | DIGIT= 7 | REGIME= WINNERS ADVANCING | PREV REGIME= WARMUP | 0 P= 10 T= -5 A= -30 D= -8.5 | 1 P= 3.3 T= 5 A= 10 D= 1 | 2 P= 13.3 T= 0 A= 40 D= 10 | 3 P= 6.7 T= 5 A= -10 D= -1.5 | 4 P= 3.3 T= 5 A= 10 D= 1 | 5 P= 3.3 T= 5 A= 10 D= 1 | 6 P= 6.7 T= -5 A= -10 D= -6 | 7 P= 20 T= 10 A= 0 D= 9.5 | 8 P= 16.7 T= -10 A= 20 D= 3 | 9 P= 16.7 T= -10 A= -40 D= -9.5 | DOMINANT THREAT= 7 ( 9.5 ) | D79 WEIGHTED= 3.8 | THREAT BREADTH= 1 | LOSER ACCEL BREADTH= 1 | THREAT CONCENTRATION= 37.5 % | T LOSS= -3.3 | A LOSS= -6.7 | EVEN LEADER= 2 | EVEN FASTEST= 2 | D EVEN= -0.9 | T EVEN= -1.2 | A EVEN= 2.5 | EVEN ACCEL BREADTH= 2 | A WIN= 2.9 | A EDGE= 9.5 | A EVEN EDGE= 9.2 | DEEP UNDER7%= 68.5 | PREDICTION= 7 | STAKE= 10 | LOSS STREAK= 0 | VETO=
2026-09-10,21:39:05 GMT,UNDER 7 SIGNAL | ID= 50 | DIGIT= 2 | REGIME= WINNERS ADVANCING | PREV REGIME= WARMUP | 0 P= 10 T= 0 A= 0 D= 0 | 1 P= 3.3 T= 5 A= 10 D= 1 | 2 P= 13.3 T= 0 A= 40 D= 10 | 3 P= 6.7 T= 5 A= -10 D= -1.5 | 4 P= 3.3 T= 5 A= 10 D= 1 | 5 P= 3.3 T= 5 A= 10 D= 1 | 6 P= 6.7 T= -5 A= -10 D= -6 | 7 P= 16.7 T= 5 A= -10 D= 3.5 | 8 P= 16.7 T= -10 A= 20 D= 3 | 9 P= 20 T= -10 A= -60 D= -12 | DOMINANT THREAT= 7 ( 3.5 ) | D79 WEIGHTED= 0.2 | THREAT BREADTH= 1 | LOSER ACCEL BREADTH= 1 | THREAT CONCENTRATION= 37.5 % | T LOSS= -5 | A LOSS= -16.7 | EVEN LEADER= 2 | EVEN FASTEST= 2 | D EVEN= 1.3 | T EVEN= 0 | A EVEN= 10 | EVEN ACCEL BREADTH= 2 | A WIN= 7.1 | A EDGE= 23.8 | A EVEN EDGE= 26.7 | DEEP UNDER7%= 68.6 | PREDICTION= 7 | STAKE= 10 | LOSS STREAK= 0 | VETO= NO FRESH 7-9 TRIGGER
2026-09-10,21:39:05 GMT,YOU WON | Total profit: $ -16.31
2026-09-10,21:39:05 GMT,Profit amount: 10.69
2026-09-10,21:39:05 GMT,Bought: Win payout if the last digit of Volatility 10 (1s) Index is strictly lower than 7 after 1 ticks. (ID: 23900761259)
2026-09-10,21:39:05 GMT,UNDER 7 SIGNAL | ID= 49 | DIGIT= 7 | REGIME= WINNERS ADVANCING | PREV REGIME= WARMUP | 0 P= 13.3 T= -5 A= 10 D= 1.5 | 1 P= 3.3 T= 5 A= 10 D= 1 | 2 P= 6.7 T= -5 A= -10 D= -6 | 3 P= 6.7 T= 10 A= 20 D= 7 | 4 P= 6.7 T= 0 A= 20 D= 2.5 | 5 P= 3.3 T= 5 A= 10 D= 1 | 6 P= 6.7 T= -5 A= -10 D= -6 | 7 P= 16.7 T= 5 A= -10 D= 3.5 | 8 P= 16.7 T= -5 A= -10 D= -1 | 9 P= 20 T= -5 A= -30 D= -3.5 | DOMINANT THREAT= 7 ( 3.5 ) | D79 WEIGHTED= 0.7 | THREAT BREADTH= 1 | LOSER ACCEL BREADTH= 0 | THREAT CONCENTRATION= 37.5 % | T LOSS= -1.7 | A LOSS= -16.7 | EVEN LEADER= 4 | EVEN FASTEST= 4 | D EVEN= -2 | T EVEN= -3.7 | A EVEN= 2.5 | EVEN ACCEL BREADTH= 2 | A WIN= 7.1 | A EDGE= 23.8 | A EVEN EDGE= 19.2 | DEEP UNDER7%= 68.5 | PREDICTION= 7 | STAKE= 28.9 | LOSS STREAK= 2 | VETO=
2026-09-10,21:39:05 GMT,LOSS | Next stake: $ 28.9 | Losses in a row: 2
2026-09-10,21:39:05 GMT,Loss amount: -17
2026-09-10,21:39:05 GMT,Bought: Win payout if the last digit of Volatility 10 (1s) Index is strictly lower than 7 after 1 ticks. (ID: 23900708799)
2026-09-10,21:39:05 GMT,UNDER 7 SIGNAL | ID= 31 | DIGIT= 2 | REGIME= WINNERS ADVANCING | PREV REGIME= WARMUP | 0 P= 16.7 T= 10 A= 20 D= 12 | 1 P= 3.3 T= -5 A= 10 D= -3.5 | 2 P= 3.3 T= 5 A= 10 D= 1 | 3 P= 3.3 T= 5 A= 10 D= 1 | 4 P= 13.3 T= 5 A= 10 D= 6 | 5 P= 13.3 T= -5 A= -50 D= -11 | 6 P= 0 T= 0 A= 0 D= -5 | 7 P= 10 T= 0 A= 0 D= 0 | 8 P= 10 T= 0 A= 0 D= 0 | 9 P= 26.7 T= -15 A= -10 D= -0.5 | DOMINANT THREAT= 7 ( 0 ) | D79 WEIGHTED= -0.1 | THREAT BREADTH= 0 | LOSER ACCEL BREADTH= 0 | THREAT CONCENTRATION= 57.1 % | T LOSS= -5 | A LOSS= -3.3 | EVEN LEADER= 0 | EVEN FASTEST= 0 | D EVEN= 3.5 | T EVEN= 5 | A EVEN= 10 | EVEN ACCEL BREADTH= 3 | A WIN= 1.4 | A EDGE= 4.8 | A EVEN EDGE= 13.3 | DEEP UNDER7%= 68.7 | PREDICTION= 7 | STAKE= 17 | LOSS STREAK= 1 | VETO= NO FRESH 7-9 TRIGGER
2026-09-10,21:39:05 GMT,LOSS | Next stake: $ 17 | Losses in a row: 1
2026-09-10,21:39:05 GMT,Loss amount: -10
2026-09-10,21:39:05 GMT,Bought: Win payout if the last digit of Volatility 10 (1s) Index is strictly lower than 7 after 1 ticks. (ID: 23900687939)
2026-09-10,21:39:05 GMT,UNDER 7 SIGNAL | ID= 30 | DIGIT= 9 | REGIME= WINNERS ADVANCING | PREV REGIME= WARMUP | 0 P= 13.3 T= 10 A= -20 D= 2 | 1 P= 3.3 T= -5 A= 10 D= -3.5 | 2 P= 0 T= 0 A= 0 D= -5 | 3 P= 3.3 T= 5 A= 10 D= 1 | 4 P= 20 T= 5 A= 30 D= 13.5 | 5 P= 13.3 T= 5 A= 10 D= 6 | 6 P= 0 T= 0 A= 0 D= -5 | 7 P= 10 T= 0 A= 0 D= 0 | 8 P= 6.7 T= -5 A= -10 D= -6 | 9 P= 30 T= -15 A= -30 D= -3 | DOMINANT THREAT= 7 ( 0 ) | D79 WEIGHTED= -2.1 | THREAT BREADTH= 0 | LOSER ACCEL BREADTH= 0 | THREAT CONCENTRATION= 64.3 % | T LOSS= -6.7 | A LOSS= -13.3 | EVEN LEADER= 4 | EVEN FASTEST= 4 | D EVEN= 1.4 | T EVEN= 3.8 | A EVEN= 2.5 | EVEN ACCEL BREADTH= 1 | A WIN= 5.7 | A EDGE= 19 | A EVEN EDGE= 15.8 | DEEP UNDER7%= 68.7 | PREDICTION= 7 | STAKE= 10 | LOSS STREAK= 0 | VETO=
2026-09-10,21:39:05 GMT,UNDER 7 SIGNAL | ID= 29 | DIGIT= 4 | REGIME= WINNERS ADVANCING | PREV REGIME= WARMUP | 0 P= 13.3 T= 10 A= -20 D= 2 | 1 P= 3.3 T= -5 A= 10 D= -3.5 | 2 P= 0 T= 0 A= 0 D= -5 | 3 P= 3.3 T= 5 A= 10 D= 1 | 4 P= 20 T= 5 A= 30 D= 13.5 | 5 P= 13.3 T= 10 A= 40 D= 14.5 | 6 P= 3.3 T= -5 A= 10 D= -3.5 | 7 P= 10 T= 5 A= -30 D= -4 | 8 P= 6.7 T= -5 A= -10 D= -6 | 9 P= 26.7 T= -20 A= -40 D= -9 | DOMINANT THREAT= 7 ( -4 ) | D79 WEIGHTED= -5.6 | THREAT BREADTH= 1 | LOSER ACCEL BREADTH= 0 | THREAT CONCENTRATION= 61.5 % | T LOSS= -6.7 | A LOSS= -26.7 | EVEN LEADER= 4 | EVEN FASTEST= 4 | D EVEN= 1.8 | T EVEN= 2.5 | A EVEN= 5 | EVEN ACCEL BREADTH= 2 | A WIN= 11.4 | A EDGE= 38.1 | A EVEN EDGE= 31.7 | DEEP UNDER7%= 68.8 | PREDICTION= 7 | STAKE= 10 | LOSS STREAK= 0 | VETO= NO FRESH 7-9 TRIGGER
2026-09-10,21:39:05 GMT,UNDER 7 SIGNAL | ID= 28 | DIGIT= 0 | REGIME= WINNERS ADVANCING | PREV REGIME= WARMUP | 0 P= 13.3 T= 10 A= -20 D= 2 | 1 P= 3.3 T= -5 A= 10 D= -3.5 | 2 P= 0 T= 0 A= 0 D= -5 | 3 P= 3.3 T= 5 A= 10 D= 1 | 4 P= 16.7 T= 0 A= 20 D= 7.5 | 5 P= 13.3 T= 10 A= 40 D= 14.5 | 6 P= 3.3 T= -5 A= 10 D= -3.5 | 7 P= 13.3 T= 0 A= -20 D= -2.5 | 8 P= 6.7 T= -5 A= -10 D= -6 | 9 P= 26.7 T= -10 A= -40 D= -4.5 | DOMINANT THREAT= 7 ( -2.5 ) | D79 WEIGHTED= -3.8 | THREAT BREADTH= 0 | LOSER ACCEL BREADTH= 0 | THREAT CONCENTRATION= 57.1 % | T LOSS= -5 | A LOSS= -23.3 | EVEN LEADER= 4 | EVEN FASTEST= 4 | D EVEN= 0.3 | T EVEN= 1.3 | A EVEN= 2.5 | EVEN ACCEL BREADTH= 2 | A WIN= 10 | A EDGE= 33.3 | A EVEN EDGE= 25.8 | DEEP UNDER7%= 68.8 | PREDICTION= 7 | STAKE= 10 | LOSS STREAK= 0 | VETO= NO FRESH 7-9 TRIGGER
2026-09-10,21:39:05 GMT,UNDER 7 SIGNAL | ID= 27 | DIGIT= 4 | REGIME= WINNERS ADVANCING | PREV REGIME= WARMUP | 0 P= 10 T= 5 A= -30 D= -4 | 1 P= 3.3 T= -5 A= 10 D= -3.5 | 2 P= 0 T= 0 A= 0 D= -5 | 3 P= 3.3 T= 5 A= 10 D= 1 | 4 P= 16.7 T= 0 A= 20 D= 7.5 | 5 P= 13.3 T= 10 A= 40 D= 14.5 | 6 P= 3.3 T= -5 A= 10 D= -3.5 | 7 P= 16.7 T= -5 A= -10 D= -1 | 8 P= 6.7 T= -5 A= -10 D= -6 | 9 P= 26.7 T= 0 A= -40 D= 0 | DOMINANT THREAT= 9 ( 0 ) | D79 WEIGHTED= -1.5 | THREAT BREADTH= 0 | LOSER ACCEL BREADTH= 0 | THREAT CONCENTRATION= 53.3 % | T LOSS= -3.3 | A LOSS= -20 | EVEN LEADER= 4 | EVEN FASTEST= 4 | D EVEN= -1.2 | T EVEN= 0 | A EVEN= 0 | EVEN ACCEL BREADTH= 2 | A WIN= 8.6 | A EDGE= 28.6 | A EVEN EDGE= 20 | DEEP UNDER7%= 68.7 | PREDICTION= 7 | STAKE= 10 | LOSS STREAK= 0 | VETO= NO FRESH 7-9 TRIGGER
2026-09-10,21:39:05 GMT,Welcome back! Your messages have been restored. You are using your Demo account.
2026-09-10,19:24:46 GMT,Bought: (ID: 23898328919)
2026-09-10,19:24:46 GMT,UNDER 7 SIGNAL | ID= 185 | DIGIT= 0 | REGIME= WINNERS ADVANCING | PREV REGIME= WARMUP | 0 P= 10 T= 15 A= 30 D= 13 | 1 P= 3.3 T= 0 A= -20 D= -7.5 | 2 P= 13.3 T= 10 A= -20 D= 2 | 3 P= 3.3 T= -5 A= 10 D= -3.5 | 4 P= 13.3 T= -10 A= 40 D= 5.5 | 5 P= 13.3 T= -10 A= -20 D= -7 | 6 P= 20 T= 5 A= 30 D= 13.5 | 7 P= 10 T= -10 A= 0 D= -4.5 | 8 P= 3.3 T= 5 A= 10 D= 1 | 9 P= 10 T= 0 A= -60 D= -12.5 | DOMINANT THREAT= 8 ( 1 ) | D79 WEIGHTED= -3.3 | THREAT BREADTH= 1 | LOSER ACCEL BREADTH= 1 | THREAT CONCENTRATION= 42.9 % | T LOSS= -1.7 | A LOSS= -16.7 | EVEN LEADER= 6 | EVEN FASTEST= 4 | D EVEN= 8.5 | T EVEN= 5 | A EVEN= 20 | EVEN ACCEL BREADTH= 3 | A WIN= 7.1 | A EDGE= 23.8 | A EVEN EDGE= 36.7 | DEEP UNDER7%= 69.4 | PREDICTION= 7 | STAKE= 17 | LOSS STREAK= 1 | VETO= NO FRESH 7-9 TRIGGER
2026-09-10,19:24:46 GMT,LOSS | Next stake: $ 17 | Losses in a row: 1
2026-09-10,19:24:46 GMT,Loss amount: -10
2026-09-10,19:24:46 GMT,Bought: (ID: 23898242059)
2026-09-10,19:24:46 GMT,UNDER 7 SIGNAL | ID= 174 | DIGIT= 7 | REGIME= WINNERS ADVANCING | PREV REGIME= WARMUP | 0 P= 6.7 T= -5 A= -10 D= -6 | 1 P= 3.3 T= 5 A= 10 D= 1 | 2 P= 6.7 T= 5 A= -10 D= -1.5 | 3 P= 13.3 T= 5 A= 10 D= 6 | 4 P= 16.7 T= 10 A= 20 D= 12 | 5 P= 10 T= 0 A= 0 D= 0 | 6 P= 10 T= -5 A= 30 D= 4 | 7 P= 20 T= -5 A= -30 D= -3.5 | 8 P= 3.3 T= -5 A= 10 D= -3.5 | 9 P= 10 T= -5 A= -30 D= -8.5 | DOMINANT THREAT= 7 ( -3.5 ) | D79 WEIGHTED= -4.5 | THREAT BREADTH= 0 | LOSER ACCEL BREADTH= 1 | THREAT CONCENTRATION= 60 % | T LOSS= -5 | A LOSS= -16.7 | EVEN LEADER= 4 | EVEN FASTEST= 6 | D EVEN= 2.1 | T EVEN= 1.3 | A EVEN= 7.5 | EVEN ACCEL BREADTH= 2 | A WIN= 7.1 | A EDGE= 23.8 | A EVEN EDGE= 24.2 | DEEP UNDER7%= 69.3 | PREDICTION= 7 | STAKE= 10 | LOSS STREAK= 0 | VETO=
2026-09-10,19:24:46 GMT,UNDER 7 SIGNAL | ID= 173 | DIGIT= 4 | REGIME= WINNERS ADVANCING | PREV REGIME= WARMUP | 0 P= 6.7 T= -5 A= -10 D= -6 | 1 P= 3.3 T= 5 A= 10 D= 1 | 2 P= 6.7 T= 5 A= -10 D= -1.5 | 3 P= 13.3 T= 10 A= 40 D= 14.5 | 4 P= 16.7 T= 10 A= 20 D= 12 | 5 P= 13.3 T= -5 A= 10 D= 1.5 | 6 P= 10 T= -5 A= 30 D= 4 | 7 P= 16.7 T= -5 A= -70 D= -13.5 | 8 P= 3.3 T= -5 A= 10 D= -3.5 | 9 P= 10 T= -5 A= -30 D= -8.5 | DOMINANT THREAT= 8 ( -3.5 ) | D79 WEIGHTED= -7 | THREAT BREADTH= 0 | LOSER ACCEL BREADTH= 1 | THREAT CONCENTRATION= 55.6 % | T LOSS= -5 | A LOSS= -30 | EVEN LEADER= 4 | EVEN FASTEST= 6 | D EVEN= 2.1 | T EVEN= 1.3 | A EVEN= 7.5 | EVEN ACCEL BREADTH= 2 | A WIN= 12.9 | A EDGE= 42.9 | A EVEN EDGE= 37.5 | DEEP UNDER7%= 69.4 | PREDICTION= 7 | STAKE= 10 | LOSS STREAK= 0 | VETO= NO FRESH 7-9 TRIGGER
2026-09-10,19:24:46 GMT,UNDER 7 SIGNAL | ID= 172 | DIGIT= 4 | REGIME= WINNERS ADVANCING | PREV REGIME= WARMUP | 0 P= 6.7 T= -5 A= -10 D= -6 | 1 P= 3.3 T= 5 A= 10 D= 1 | 2 P= 6.7 T= 5 A= -10 D= -1.5 | 3 P= 13.3 T= 10 A= 40 D= 14.5 | 4 P= 13.3 T= 5 A= 10 D= 6 | 5 P= 13.3 T= -5 A= 10 D= 1.5 | 6 P= 13.3 T= -5 A= 10 D= 1.5 | 7 P= 16.7 T= 0 A= -40 D= -5 | 8 P= 3.3 T= -5 A= 10 D= -3.5 | 9 P= 10 T= -5 A= -30 D= -8.5 | DOMINANT THREAT= 8 ( -3.5 ) | D79 WEIGHTED= -4.9 | THREAT BREADTH= 0 | LOSER ACCEL BREADTH= 1 | THREAT CONCENTRATION= 55.6 % | T LOSS= -3.3 | A LOSS= -20 | EVEN LEADER= 4 | EVEN FASTEST= 4 | D EVEN= 0 | T EVEN= 0 | A EVEN= 0 | EVEN ACCEL BREADTH= 2 | A WIN= 8.6 | A EDGE= 28.6 | A EVEN EDGE= 20 | DEEP UNDER7%= 69.4 | PREDICTION= 7 | STAKE= 10 | LOSS STREAK= 0 | VETO= NO FRESH 7-9 TRIGGER
2026-09-10,19:24:46 GMT,UNDER 7 SIGNAL | ID= 171 | DIGIT= 5 | REGIME= WINNERS ADVANCING | PREV REGIME= WARMUP | 0 P= 10 T= -10 A= 0 D= -4.5 | 1 P= 3.3 T= 5 A= 10 D= 1 | 2 P= 6.7 T= 10 A= 20 D= 7 | 3 P= 13.3 T= 10 A= 40 D= 14.5 | 4 P= 10 T= 5 A= -30 D= -4 | 5 P= 13.3 T= -5 A= 10 D= 1.5 | 6 P= 13.3 T= -5 A= 10 D= 1.5 | 7 P= 16.7 T= 0 A= -40 D= -5 | 8 P= 3.3 T= -5 A= 10 D= -3.5 | 9 P= 10 T= -5 A= -30 D= -8.5 | DOMINANT THREAT= 8 ( -3.5 ) | D79 WEIGHTED= -4.9 | THREAT BREADTH= 0 | LOSER ACCEL BREADTH= 1 | THREAT CONCENTRATION= 55.6 % | T LOSS= -3.3 | A LOSS= -20 | EVEN LEADER= 2 | EVEN FASTEST= 2 | D EVEN= 0 | T EVEN= 0 | A EVEN= 0 | EVEN ACCEL BREADTH= 2 | A WIN= 8.6 | A EDGE= 28.6 | A EVEN EDGE= 20 | DEEP UNDER7%= 69.4 | PREDICTION= 7 | STAKE= 10 | LOSS STREAK= 0 | VETO= NO FRESH 7-9 TRIGGER
2026-09-10,19:24:46 GMT,UNDER 7 SIGNAL | ID= 170 | DIGIT= 3 | REGIME= WINNERS ADVANCING | PREV REGIME= WARMUP | 0 P= 10 T= -10 A= 0 D= -4.5 | 1 P= 3.3 T= 5 A= 10 D= 1 | 2 P= 6.7 T= 10 A= 20 D= 7 | 3 P= 13.3 T= 15 A= 10 D= 10.5 | 4 P= 10 T= 5 A= -30 D= -4 | 5 P= 10 T= -10 A= 0 D= -4.5 | 6 P= 16.7 T= -10 A= 20 D= 3 | 7 P= 16.7 T= 0 A= -40 D= -5 | 8 P= 3.3 T= -5 A= 10 D= -3.5 | 9 P= 10 T= 0 A= 0 D= 0 | DOMINANT THREAT= 9 ( 0 ) | D79 WEIGHTED= -2 | THREAT BREADTH= 0 | LOSER ACCEL BREADTH= 1 | THREAT CONCENTRATION= 55.6 % | T LOSS= -1.7 | A LOSS= -10 | EVEN LEADER= 2 | EVEN FASTEST= 2 | D EVEN= 0.4 | T EVEN= -1.2 | A EVEN= 2.5 | EVEN ACCEL BREADTH= 2 | A WIN= 4.3 | A EDGE= 14.3 | A EVEN EDGE= 12.5 | DEEP UNDER7%= 69.4 | PREDICTION= 7 | STAKE= 10 | LOSS STREAK= 0 | VETO= NO FRESH 7-9 TRIGGER
2026-09-10,19:24:46 GMT,UNDER 7 SIGNAL | ID= 148 | DIGIT= 6 | REGIME= WINNERS ADVANCING | PREV REGIME= WARMUP | 0 P= 13.3 T= 0 A= 40 D= 10 | 1 P= 6.7 T= 5 A= -10 D= -1.5 | 2 P= 16.7 T= -20 A= 20 D= -1.5 | 3 P= 3.3 T= 0 A= -20 D= -7.5 | 4 P= 10 T= -5 A= -30 D= -8.5 | 5 P= 13.3 T= 10 A= -20 D= 2 | 6 P= 20 T= 15 A= 30 D= 18 | 7 P= 0 T= 0 A= 0 D= -5 | 8 P= 10 T= -10 A= 0 D= -4.5 | 9 P= 6.7 T= 5 A= -10 D= -1.5 | DOMINANT THREAT= 9 ( -1.5 ) | D79 WEIGHTED= -3.1 | THREAT BREADTH= 1 | LOSER ACCEL BREADTH= 0 | THREAT CONCENTRATION= 60 % | T LOSS= -1.7 | A LOSS= -3.3 | EVEN LEADER= 6 | EVEN FASTEST= 0 | D EVEN= 4.5 | T EVEN= -2.5 | A EVEN= 15 | EVEN ACCEL BREADTH= 3 | A WIN= 1.4 | A EDGE= 4.8 | A EVEN EDGE= 18.3 | DEEP UNDER7%= 69.4 | PREDICTION= 7 | STAKE= 10 | LOSS STREAK= 0 | VETO= NO FRESH 7-9 TRIGGER
2026-09-10,19:24:46 GMT,UNDER 7 SIGNAL | ID= 147 | DIGIT= 0 | REGIME= WINNERS ADVANCING | PREV REGIME= WARMUP | 0 P= 13.3 T= 5 A= 10 D= 6 | 1 P= 10 T= 0 A= 0 D= 0 | 2 P= 16.7 T= -20 A= 20 D= -1.5 | 3 P= 3.3 T= 0 A= -20 D= -7.5 | 4 P= 10 T= 0 A= 0 D= 0 | 5 P= 13.3 T= 10 A= -20 D= 2 | 6 P= 16.7 T= 10 A= 20 D= 12 | 7 P= 0 T= 0 A= 0 D= -5 | 8 P= 10 T= -10 A= 0 D= -4.5 | 9 P= 6.7 T= 5 A= -10 D= -1.5 | DOMINANT THREAT= 9 ( -1.5 ) | D79 WEIGHTED= -3.1 | THREAT BREADTH= 1 | LOSER ACCEL BREADTH= 0 | THREAT CONCENTRATION= 60 % | T LOSS= -1.7 | A LOSS= -3.3 | EVEN LEADER= 6 | EVEN FASTEST= 2 | D EVEN= 4.1 | T EVEN= -1.2 | A EVEN= 12.5 | EVEN ACCEL BREADTH= 3 | A WIN= 1.4 | A EDGE= 4.8 | A EVEN EDGE= 15.8 | DEEP UNDER7%= 69.3 | PREDICTION= 7 | STAKE= 10 | LOSS STREAK= 0 | VETO= NO FRESH 7-9 TRIGGER
2026-09-10,19:24:46 GMT,UNDER 7 SIGNAL | ID= 146 | DIGIT= 5 | REGIME= WINNERS ADVANCING | PREV REGIME= WARMUP | 0 P= 10 T= 0 A= 0 D= 0 | 1 P= 13.3 T= 0 A= 40 D= 10 | 2 P= 16.7 T= -15 A= -10 D= -5.5 | 3 P= 3.3 T= 0 A= -20 D= -7.5 | 4 P= 10 T= 0 A= 0 D= 0 | 5 P= 13.3 T= 10 A= -20 D= 2 | 6 P= 16.7 T= 10 A= 20 D= 12 | 7 P= 0 T= 0 A= 0 D= -5 | 8 P= 10 T= -10 A= 0 D= -4.5 | 9 P= 6.7 T= 5 A= -10 D= -1.5 | DOMINANT THREAT= 9 ( -1.5 ) | D79 WEIGHTED= -3.1 | THREAT BREADTH= 1 | LOSER ACCEL BREADTH= 0 | THREAT CONCENTRATION= 60 % | T LOSS= -1.7 | A LOSS= -3.3 | EVEN LEADER= 6 | EVEN FASTEST= 6 | D EVEN= 1.6 | T EVEN= -1.2 | A EVEN= 2.5 | EVEN ACCEL BREADTH= 1 | A WIN= 1.4 | A EDGE= 4.8 | A EVEN EDGE= 5.8 | DEEP UNDER7%= 69.3 | PREDICTION= 7 | STAKE= 10 | LOSS STREAK= 0 | VETO= NO FRESH 7-9 TRIGGER
2026-09-10,19:24:46 GMT,UNDER 7 SIGNAL | ID= 144 | DIGIT= 5 | REGIME= WINNERS ADVANCING | PREV REGIME= WARMUP | 0 P= 10 T= 0 A= 0 D= 0 | 1 P= 13.3 T= 0 A= 40 D= 10 | 2 P= 16.7 T= -15 A= -10 D= -5.5 | 3 P= 3.3 T= 0 A= -20 D= -7.5 | 4 P= 16.7 T= -5 A= 50 D= 11.5 | 5 P= 10 T= 10 A= 0 D= 4.5 | 6 P= 16.7 T= 15 A= -10 D= 8 | 7 P= 0 T= 0 A= 0 D= -5 | 8 P= 10 T= -5 A= -30 D= -8.5 | 9 P= 3.3 T= 0 A= -20 D= -7.5 | DOMINANT THREAT= 7 ( -5 ) | D79 WEIGHTED= -6.4 | THREAT BREADTH= 0 | LOSER ACCEL BREADTH= 0 | THREAT CONCENTRATION= 75 % | T LOSS= -1.7 | A LOSS= -16.7 | EVEN LEADER= 4 | EVEN FASTEST= 4 | D EVEN= 3.5 | T EVEN= -1.2 | A EVEN= 7.5 | EVEN ACCEL BREADTH= 1 | A WIN= 7.1 | A EDGE= 23.8 | A EVEN EDGE= 24.2 | DEEP UNDER7%= 69.3 | PREDICTION= 7 | STAKE= 10 | LOSS STREAK= 0 | VETO= NO FRESH 7-9 TRIGGER
2026-09-10,19:24:46 GMT,UNDER 7 SIGNAL | ID= 143 | DIGIT= 6 | REGIME= WINNERS ADVANCING | PREV REGIME= WARMUP | 0 P= 13.3 T= -5 A= 10 D= 1.5 | 1 P= 13.3 T= 0 A= 40 D= 10 | 2 P= 16.7 T= -10 A= -40 D= -9.5 | 3 P= 3.3 T= 0 A= -20 D= -7.5 | 4 P= 16.7 T= -5 A= 50 D= 11.5 | 5 P= 6.7 T= 5 A= -10 D= -1.5 | 6 P= 16.7 T= 20 A= 20 D= 16.5 | 7 P= 0 T= 0 A= 0 D= -5 | 8 P= 10 T= -5 A= -30 D= -8.5 | 9 P= 3.3 T= 0 A= -20 D= -7.5 | DOMINANT THREAT= 7 ( -5 ) | D79 WEIGHTED= -6.4 | THREAT BREADTH= 0 | LOSER ACCEL BREADTH= 0 | THREAT CONCENTRATION= 75 % | T LOSS= -1.7 | A LOSS= -16.7 | EVEN LEADER= 6 | EVEN FASTEST= 4 | D EVEN= 5 | T EVEN= 0 | A EVEN= 10 | EVEN ACCEL BREADTH= 3 | A WIN= 7.1 | A EDGE= 23.8 | A EVEN EDGE= 26.7 | DEEP UNDER7%= 69.3 | PREDICTION= 7 | STAKE= 10 | LOSS STREAK= 0 | VETO= NO FRESH 7-9 TRIGGER
2026-09-10,19:24:46 GMT,UNDER 7 SIGNAL | ID= 142 | DIGIT= 0 | REGIME= WINNERS ADVANCING | PREV REGIME= WARMUP | 0 P= 13.3 T= 0 A= -20 D= -2.5 | 1 P= 13.3 T= 0 A= 40 D= 10 | 2 P= 16.7 T= -5 A= -10 D= -1 | 3 P= 3.3 T= 0 A= -20 D= -7.5 | 4 P= 20 T= -10 A= 60 D= 13 | 5 P= 6.7 T= 5 A= -10 D= -1.5 | 6 P= 13.3 T= 15 A= 10 D= 10.5 | 7 P= 0 T= 0 A= 0 D= -5 | 8 P= 10 T= -5 A= -30 D= -8.5 | 9 P= 3.3 T= 0 A= -20 D= -7.5 | DOMINANT THREAT= 7 ( -5 ) | D79 WEIGHTED= -6.4 | THREAT BREADTH= 0 | LOSER ACCEL BREADTH= 0 | THREAT CONCENTRATION= 75 % | T LOSS= -1.7 | A LOSS= -16.7 | EVEN LEADER= 4 | EVEN FASTEST= 4 | D EVEN= 5 | T EVEN= 0 | A EVEN= 10 | EVEN ACCEL BREADTH= 2 | A WIN= 7.1 | A EDGE= 23.8 | A EVEN EDGE= 26.7 | DEEP UNDER7%= 69.3 | PREDICTION= 7 | STAKE= 10 | LOSS STREAK= 0 | VETO= NO FRESH 7-9 TRIGGER
2026-09-10,19:24:46 GMT,YOU WON | Total profit: $ 7.39
2026-09-10,19:24:46 GMT,Profit amount: 3.7
2026-09-10,19:24:46 GMT,Bought: (ID: 23898113879)
2026-09-10,19:24:46 GMT,UNDER 7 SIGNAL | ID= 141 | DIGIT= 8 | REGIME= WINNERS ADVANCING | PREV REGIME= WARMUP | 0 P= 13.3 T= -5 A= 10 D= 1.5 | 1 P= 13.3 T= 5 A= 10 D= 6 | 2 P= 13.3 T= 10 A= 40 D= 14.5 | 3 P= 3.3 T= -5 A= 10 D= -3.5 | 4 P= 20 T= -5 A= -30 D= -3.5 | 5 P= 0 T= 0 A= 0 D= -5 | 6 P= 3.3 T= 5 A= 10 D= 1 | 7 P= 13.3 T= -10 A= -20 D= -7 | 8 P= 13.3 T= 5 A= 10 D= 6 | 9 P= 6.7 T= 0 A= -40 D= -10 | DOMINANT THREAT= 8 ( 6 ) | D79 WEIGHTED= -1.1 | THREAT BREADTH= 1 | LOSER ACCEL BREADTH= 1 | THREAT CONCENTRATION= 40 % | T LOSS= -1.7 | A LOSS= -16.7 | EVEN LEADER= 2 | EVEN FASTEST= 2 | D EVEN= 3.4 | T EVEN= 1.3 | A EVEN= 7.5 | EVEN ACCEL BREADTH= 3 | A WIN= 7.1 | A EDGE= 23.8 | A EVEN EDGE= 24.2 | DEEP UNDER7%= 69 | PREDICTION= 7 | STAKE= 10 | LOSS STREAK= 0 | VETO=
2026-09-10,19:24:46 GMT,UNDER 7 SIGNAL | ID= 140 | DIGIT= 6 | REGIME= WINNERS ADVANCING | PREV REGIME= WARMUP | 0 P= 13.3 T= 0 A= -20 D= -2.5 | 1 P= 13.3 T= 5 A= 10 D= 6 | 2 P= 13.3 T= 10 A= 40 D= 14.5 | 3 P= 3.3 T= -5 A= 10 D= -3.5 | 4 P= 20 T= 0 A= 0 D= 5 | 5 P= 0 T= 0 A= 0 D= -5 | 6 P= 3.3 T= 5 A= 10 D= 1 | 7 P= 13.3 T= -10 A= -20 D= -7 | 8 P= 13.3 T= -5 A= 10 D= 1.5 | 9 P= 6.7 T= 0 A= -40 D= -10 | DOMINANT THREAT= 8 ( 1.5 ) | D79 WEIGHTED= -3.3 | THREAT BREADTH= 0 | LOSER ACCEL BREADTH= 1 | THREAT CONCENTRATION= 40 % | T LOSS= -5 | A LOSS= -16.7 | EVEN LEADER= 2 | EVEN FASTEST= 2 | D EVEN= 4.5 | T EVEN= 3.8 | A EVEN= 7.5 | EVEN ACCEL BREADTH= 2 | A WIN= 7.1 | A EDGE= 23.8 | A EVEN EDGE= 24.2 | DEEP UNDER7%= 69 | PREDICTION= 7 | STAKE= 10 | LOSS STREAK= 0 | VETO= NO FRESH 7-9 TRIGGER
2026-09-10,19:24:46 GMT,UNDER 7 SIGNAL | ID= 139 | DIGIT= 2 | REGIME= WINNERS ADVANCING | PREV REGIME= WARMUP | 0 P= 13.3 T= 5 A= -50 D= -6.5 | 1 P= 13.3 T= 5 A= 10 D= 6 | 2 P= 13.3 T= 10 A= 40 D= 14.5 | 3 P= 3.3 T= -5 A= 10 D= -3.5 | 4 P= 20 T= 5 A= 30 D= 13.5 | 5 P= 3.3 T= -5 A= 10 D= -3.5 | 6 P= 0 T= 0 A= 0 D= -5 | 7 P= 13.3 T= -10 A= -20 D= -7 | 8 P= 13.3 T= -5 A= 10 D= 1.5 | 9 P= 6.7 T= 0 A= -40 D= -10 | DOMINANT THREAT= 8 ( 1.5 ) | D79 WEIGHTED= -3.3 | THREAT BREADTH= 0 | LOSER ACCEL BREADTH= 1 | THREAT CONCENTRATION= 40 % | T LOSS= -5 | A LOSS= -16.7 | EVEN LEADER= 2 | EVEN FASTEST= 2 | D EVEN= 4.1 | T EVEN= 5 | A EVEN= 5 | EVEN ACCEL BREADTH= 2 | A WIN= 7.1 | A EDGE= 23.8 | A EVEN EDGE= 21.7 | DEEP UNDER7%= 68.9 | PREDICTION= 7 | STAKE= 10 | LOSS STREAK= 0 | VETO= NO FRESH 7-9 TRIGGER
2026-09-10,19:24:46 GMT,YOU WON | Total profit: $ 3.69
2026-09-10,19:24:46 GMT,Profit amount: 6.29
2026-09-10,19:24:46 GMT,Bought: (ID: 23898066019)
2026-09-10,19:24:46 GMT,UNDER 7 SIGNAL | ID= 138 | DIGIT= 2 | REGIME= WINNERS ADVANCING | PREV REGIME= WARMUP | 0 P= 13.3 T= 0 A= -20 D= -2.5 | 1 P= 20 T= 5 A= 30 D= 13.5 | 2 P= 6.7 T= 5 A= -10 D= -1.5 | 3 P= 3.3 T= 0 A= -20 D= -7.5 | 4 P= 16.7 T= 10 A= 20 D= 12 | 5 P= 3.3 T= -5 A= 10 D= -3.5 | 6 P= 6.7 T= -10 A= 20 D= -2 | 7 P= 13.3 T= 0 A= -20 D= -2.5 | 8 P= 10 T= -5 A= 30 D= 4 | 9 P= 6.7 T= 0 A= -40 D= -10 | DOMINANT THREAT= 8 ( 4 ) | D79 WEIGHTED= -0.7 | THREAT BREADTH= 0 | LOSER ACCEL BREADTH= 1 | THREAT CONCENTRATION= 44.4 % | T LOSS= -1.7 | A LOSS= -10 | EVEN LEADER= 4 | EVEN FASTEST= 4 | D EVEN= 1.5 | T EVEN= 1.3 | A EVEN= 2.5 | EVEN ACCEL BREADTH= 2 | A WIN= 4.3 | A EDGE= 14.3 | A EVEN EDGE= 12.5 | DEEP UNDER7%= 68.9 | PREDICTION= 7 | STAKE= 17 | LOSS STREAK= 1 | VETO= NO FRESH 7-9 TRIGGER
2026-09-10,19:24:46 GMT,LOSS | Next stake: $ 17 | Losses in a row: 1
2026-09-10,19:24:46 GMT,Loss amount: -10
2026-09-10,19:24:46 GMT,Bought: (ID: 23897986359)
2026-09-10,19:24:46 GMT,UNDER 7 SIGNAL | ID= 124 | DIGIT= 7 | REGIME= WINNERS ADVANCING | PREV REGIME= WARMUP | 0 P= 10 T= 10 A= 0 D= 4.5 | 1 P= 16.7 T= 5 A= -10 D= 3.5 | 2 P= 10 T= -5 A= -30 D= -8.5 | 3 P= 3.3 T= 0 A= -20 D= -7.5 | 4 P= 3.3 T= 5 A= 10 D= 1 | 5 P= 13.3 T= -10 A= 40 D= 5.5 | 6 P= 13.3 T= 0 A= 40 D= 10 | 7 P= 16.7 T= 0 A= -40 D= -5 | 8 P= 6.7 T= -10 A= 20 D= -2 | 9 P= 6.7 T= 5 A= -10 D= -1.5 | DOMINANT THREAT= 9 ( -1.5 ) | D79 WEIGHTED= -2.3 | THREAT BREADTH= 1 | LOSER ACCEL BREADTH= 1 | THREAT CONCENTRATION= 55.6 % | T LOSS= -1.7 | A LOSS= -10 | EVEN LEADER= 6 | EVEN FASTEST= 6 | D EVEN= 1.8 | T EVEN= 2.5 | A EVEN= 5 | EVEN ACCEL BREADTH= 2 | A WIN= 4.3 | A EDGE= 14.3 | A EVEN EDGE= 15 | DEEP UNDER7%= 71.6 | PREDICTION= 7 | STAKE= 10 | LOSS STREAK= 0 | VETO=
2026-09-10,19:24:46 GMT,UNDER 7 SIGNAL | ID= 121 | DIGIT= 6 | REGIME= WINNERS ADVANCING | PREV REGIME= WARMUP | 0 P= 10 T= 10 A= 0 D= 4.5 | 1 P= 20 T= 10 A= 0 D= 9.5 | 2 P= 10 T= 0 A= 0 D= 0 | 3 P= 3.3 T= 0 A= -20 D= -7.5 | 4 P= 6.7 T= 0 A= 20 D= 2.5 | 5 P= 13.3 T= -10 A= 40 D= 5.5 | 6 P= 10 T= -5 A= 30 D= 4 | 7 P= 13.3 T= 5 A= -50 D= -6.5 | 8 P= 6.7 T= -5 A= -10 D= -6 | 9 P= 6.7 T= -5 A= -10 D= -6 | DOMINANT THREAT= 8 ( -6 ) | D79 WEIGHTED= -6.1 | THREAT BREADTH= 1 | LOSER ACCEL BREADTH= 0 | THREAT CONCENTRATION= 50 % | T LOSS= -1.7 | A LOSS= -23.3 | EVEN LEADER= 0 | EVEN FASTEST= 6 | D EVEN= 2.8 | T EVEN= 1.3 | A EVEN= 12.5 | EVEN ACCEL BREADTH= 2 | A WIN= 10 | A EDGE= 33.3 | A EVEN EDGE= 35.8 | DEEP UNDER7%= 71.7 | PREDICTION= 7 | STAKE= 10 | LOSS STREAK= 0 | VETO= NO FRESH 7-9 TRIGGER
2026-09-10,19:24:46 GMT,UNDER 7 SIGNAL | ID= 120 | DIGIT= 4 | REGIME= WINNERS ADVANCING | PREV REGIME= WARMUP | 0 P= 10 T= 10 A= 0 D= 4.5 | 1 P= 20 T= 15 A= 30 D= 18 | 2 P= 10 T= 0 A= 0 D= 0 | 3 P= 3.3 T= 0 A= -20 D= -7.5 | 4 P= 6.7 T= 0 A= 20 D= 2.5 | 5 P= 13.3 T= -10 A= 40 D= 5.5 | 6 P= 10 T= -10 A= 0 D= -4.5 | 7 P= 13.3 T= 5 A= -50 D= -6.5 | 8 P= 6.7 T= -5 A= -10 D= -6 | 9 P= 6.7 T= -5 A= -10 D= -6 | DOMINANT THREAT= 8 ( -6 ) | D79 WEIGHTED= -6.1 | THREAT BREADTH= 1 | LOSER ACCEL BREADTH= 0 | THREAT CONCENTRATION= 50 % | T LOSS= -1.7 | A LOSS= -23.3 | EVEN LEADER= 0 | EVEN FASTEST= 4 | D EVEN= 0.6 | T EVEN= 0 | A EVEN= 5 | EVEN ACCEL BREADTH= 1 | A WIN= 10 | A EDGE= 33.3 | A EVEN EDGE= 28.3 | DEEP UNDER7%= 71.7 | PREDICTION= 7 | STAKE= 10 | LOSS STREAK= 0 | VETO= NO FRESH 7-9 TRIGGER
2026-09-10,19:24:46 GMT,UNDER 7 SIGNAL | ID= 119 | DIGIT= 0 | REGIME= WINNERS ADVANCING | PREV REGIME= WARMUP | 0 P= 10 T= 10 A= 0 D= 4.5 | 1 P= 20 T= 15 A= 30 D= 18 | 2 P= 10 T= 5 A= 30 D= 8.5 | 3 P= 3.3 T= 0 A= -20 D= -7.5 | 4 P= 6.7 T= -10 A= 20 D= -2 | 5 P= 13.3 T= -5 A= 10 D= 1.5 | 6 P= 10 T= -10 A= 0 D= -4.5 | 7 P= 13.3 T= 5 A= -50 D= -6.5 | 8 P= 6.7 T= -5 A= -10 D= -6 | 9 P= 6.7 T= -5 A= -10 D= -6 | DOMINANT THREAT= 8 ( -6 ) | D79 WEIGHTED= -6.1 | THREAT BREADTH= 1 | LOSER ACCEL BREADTH= 0 | THREAT CONCENTRATION= 50 % | T LOSS= -1.7 | A LOSS= -23.3 | EVEN LEADER= 2 | EVEN FASTEST= 2 | D EVEN= 1.6 | T EVEN= -1.2 | A EVEN= 12.5 | EVEN ACCEL BREADTH= 2 | A WIN= 10 | A EDGE= 33.3 | A EVEN EDGE= 35.8 | DEEP UNDER7%= 71.7 | PREDICTION= 7 | STAKE= 10 | LOSS STREAK= 0 | VETO= NO FRESH 7-9 TRIGGER
2026-09-10,19:24:46 GMT,YOU WON | Total profit: $ 7.4
2026-09-10,19:24:46 GMT,Profit amount: 3.7
2026-09-10,19:24:46 GMT,Bought: (ID: 23895615719)
2026-09-10,19:24:46 GMT,UNDER 7 SIGNAL | ID= 104 | DIGIT= 9 | REGIME= WINNERS ADVANCING | PREV REGIME= WARMUP | 0 P= 13.3 T= 5 A= 10 D= 6 | 1 P= 3.3 T= -5 A= 10 D= -3.5 | 2 P= 6.7 T= 10 A= 20 D= 7 | 3 P= 6.7 T= 0 A= 20 D= 2.5 | 4 P= 13.3 T= 0 A= -20 D= -2.5 | 5 P= 13.3 T= -5 A= 10 D= 1.5 | 6 P= 3.3 T= 0 A= -20 D= -7.5 | 7 P= 13.3 T= -5 A= 10 D= 1.5 | 8 P= 10 T= -10 A= 0 D= -4.5 | 9 P= 16.7 T= 10 A= -40 D= -0.5 | DOMINANT THREAT= 7 ( 1.5 ) | D79 WEIGHTED= -0.3 | THREAT BREADTH= 1 | LOSER ACCEL BREADTH= 1 | THREAT CONCENTRATION= 41.7 % | T LOSS= -1.7 | A LOSS= -10 | EVEN LEADER= 2 | EVEN FASTEST= 2 | D EVEN= 0.8 | T EVEN= 3.8 | A EVEN= -2.5 | EVEN ACCEL BREADTH= 2 | A WIN= 4.3 | A EDGE= 14.3 | A EVEN EDGE= 7.5 | DEEP UNDER7%= 72.7 | PREDICTION= 7 | STAKE= 10 | LOSS STREAK= 0 | VETO=
2026-09-10,19:24:46 GMT,UNDER 7 SIGNAL | ID= 103 | DIGIT= 0 | REGIME= WINNERS ADVANCING | PREV REGIME= WARMUP | 0 P= 13.3 T= 10 A= -20 D= 2 | 1 P= 3.3 T= -5 A= 10 D= -3.5 | 2 P= 6.7 T= 10 A= 20 D= 7 | 3 P= 6.7 T= 0 A= 20 D= 2.5 | 4 P= 13.3 T= 5 A= 10 D= 6 | 5 P= 13.3 T= -5 A= 10 D= 1.5 | 6 P= 3.3 T= 0 A= -20 D= -7.5 | 7 P= 16.7 T= -10 A= 20 D= 3 | 8 P= 10 T= -10 A= 0 D= -4.5 | 9 P= 13.3 T= 5 A= -50 D= -6.5 | DOMINANT THREAT= 7 ( 3 ) | D79 WEIGHTED= -1.1 | THREAT BREADTH= 1 | LOSER ACCEL BREADTH= 1 | THREAT CONCENTRATION= 41.7 % | T LOSS= -5 | A LOSS= -10 | EVEN LEADER= 2 | EVEN FASTEST= 2 | D EVEN= 1.9 | T EVEN= 6.3 | A EVEN= -2.5 | EVEN ACCEL BREADTH= 2 | A WIN= 4.3 | A EDGE= 14.3 | A EVEN EDGE= 7.5 | DEEP UNDER7%= 72.8 | PREDICTION= 7 | STAKE= 10 | LOSS STREAK= 0 | VETO= NO FRESH 7-9 TRIGGER
2026-09-10,19:24:46 GMT,UNDER 7 SIGNAL | ID= 73 | DIGIT= 5 | REGIME= WINNERS ADVANCING | PREV REGIME= WARMUP | 0 P= 3.3 T= 5 A= 10 D= 1 | 1 P= 6.7 T= -10 A= 20 D= -2 | 2 P= 13.3 T= 0 A= 40 D= 10 | 3 P= 13.3 T= 10 A= -20 D= 2 | 4 P= 10 T= -5 A= 30 D= 4 | 5 P= 16.7 T= 10 A= -40 D= -0.5 | 6 P= 16.7 T= 0 A= -40 D= -5 | 7 P= 6.7 T= -10 A= 20 D= -2 | 8 P= 3.3 T= -5 A= 10 D= -3.5 | 9 P= 10 T= 5 A= -30 D= -4 | DOMINANT THREAT= 7 ( -2 ) | D79 WEIGHTED= -2.8 | THREAT BREADTH= 1 | LOSER ACCEL BREADTH= 2 | THREAT CONCENTRATION= 50 % | T LOSS= -3.3 | A LOSS= 0 | EVEN LEADER= 2 | EVEN FASTEST= 2 | D EVEN= 2.5 | T EVEN= 0 | A EVEN= 10 | EVEN ACCEL BREADTH= 3 | A WIN= 0 | A EDGE= 0 | A EVEN EDGE= 10 | DEEP UNDER7%= 73.3 | PREDICTION= 7 | STAKE= 10 | LOSS STREAK= 0 | VETO= NO FRESH 7-9 TRIGGER
2026-09-10,19:24:46 GMT,UNDER 7 SIGNAL | ID= 72 | DIGIT= 4 | REGIME= WINNERS ADVANCING | PREV REGIME= WARMUP | 0 P= 3.3 T= 5 A= 10 D= 1 | 1 P= 6.7 T= -10 A= 20 D= -2 | 2 P= 16.7 T= -5 A= 50 D= 11.5 | 3 P= 13.3 T= 10 A= -20 D= 2 | 4 P= 10 T= -5 A= 30 D= 4 | 5 P= 13.3 T= 5 A= -50 D= -6.5 | 6 P= 16.7 T= 5 A= -10 D= 3.5 | 7 P= 6.7 T= -5 A= -10 D= -6 | 8 P= 3.3 T= -5 A= 10 D= -3.5 | 9 P= 10 T= 5 A= -30 D= -4 | DOMINANT THREAT= 8 ( -3.5 ) | D79 WEIGHTED= -4.1 | THREAT BREADTH= 1 | LOSER ACCEL BREADTH= 1 | THREAT CONCENTRATION= 50 % | T LOSS= -1.7 | A LOSS= -10 | EVEN LEADER= 2 | EVEN FASTEST= 2 | D EVEN= 5 | T EVEN= 0 | A EVEN= 20 | EVEN ACCEL BREADTH= 3 | A WIN= 4.3 | A EDGE= 14.3 | A EVEN EDGE= 30 | DEEP UNDER7%= 73.3 | PREDICTION= 7 | STAKE= 10 | LOSS STREAK= 0 | VETO= NO FRESH 7-9 TRIGGER
2026-09-10,19:24:46 GMT,UNDER 7 SIGNAL | ID= 71 | DIGIT= 2 | REGIME= WINNERS ADVANCING | PREV REGIME= WARMUP | 0 P= 3.3 T= 5 A= 10 D= 1 | 1 P= 6.7 T= -10 A= 20 D= -2 | 2 P= 16.7 T= -5 A= 50 D= 11.5 | 3 P= 13.3 T= 10 A= -20 D= 2 | 4 P= 6.7 T= -5 A= -10 D= -6 | 5 P= 13.3 T= 5 A= -50 D= -6.5 | 6 P= 16.7 T= 10 A= 20 D= 12 | 7 P= 6.7 T= -5 A= -10 D= -6 | 8 P= 6.7 T= -10 A= 20 D= -2 | 9 P= 10 T= 5 A= -30 D= -4 | DOMINANT THREAT= 8 ( -2 ) | D79 WEIGHTED= -3.4 | THREAT BREADTH= 1 | LOSER ACCEL BREADTH= 1 | THREAT CONCENTRATION= 42.9 % | T LOSS= -3.3 | A LOSS= -6.7 | EVEN LEADER= 6 | EVEN FASTEST= 2 | D EVEN= 4.6 | T EVEN= 1.3 | A EVEN= 17.5 | EVEN ACCEL BREADTH= 3 | A WIN= 2.9 | A EDGE= 9.5 | A EVEN EDGE= 24.2 | DEEP UNDER7%= 73.2 | PREDICTION= 7 | STAKE= 10 | LOSS STREAK= 0 | VETO= NO FRESH 7-9 TRIGGER
2026-09-10,19:24:46 GMT,UNDER 7 SIGNAL | ID= 70 | DIGIT= 5 | REGIME= WINNERS ADVANCING | PREV REGIME= WARMUP | 0 P= 3.3 T= 5 A= 10 D= 1 | 1 P= 10 T= -10 A= 0 D= -4.5 | 2 P= 13.3 T= -10 A= 40 D= 5.5 | 3 P= 13.3 T= 10 A= -20 D= 2 | 4 P= 6.7 T= -5 A= -10 D= -6 | 5 P= 13.3 T= 5 A= -50 D= -6.5 | 6 P= 16.7 T= 10 A= 20 D= 12 | 7 P= 6.7 T= -5 A= -10 D= -6 | 8 P= 6.7 T= -10 A= 20 D= -2 | 9 P= 10 T= 10 A= 0 D= 4.5 | DOMINANT THREAT= 9 ( 4.5 ) | D79 WEIGHTED= 0.4 | THREAT BREADTH= 1 | LOSER ACCEL BREADTH= 1 | THREAT CONCENTRATION= 42.9 % | T LOSS= -1.7 | A LOSS= 3.3 | EVEN LEADER= 6 | EVEN FASTEST= 2 | D EVEN= 3.1 | T EVEN= 0 | A EVEN= 15 | EVEN ACCEL BREADTH= 3 | A WIN= -1.4 | A EDGE= -4.8 | A EVEN EDGE= 11.7 | DEEP UNDER7%= 73.2 | PREDICTION= 7 | STAKE= 10 | LOSS STREAK= 0 | VETO= NO FRESH 7-9 TRIGGER
2026-09-10,19:24:46 GMT,UNDER 7 SIGNAL | ID= 69 | DIGIT= 2 | REGIME= WINNERS ADVANCING | PREV REGIME= WARMUP | 0 P= 3.3 T= 5 A= 10 D= 1 | 1 P= 10 T= -5 A= -30 D= -8.5 | 2 P= 16.7 T= -15 A= 50 D= 7 | 3 P= 13.3 T= 10 A= -20 D= 2 | 4 P= 6.7 T= -5 A= -10 D= -6 | 5 P= 10 T= 5 A= -30 D= -4 | 6 P= 16.7 T= 10 A= 20 D= 12 | 7 P= 6.7 T= -5 A= -10 D= -6 | 8 P= 6.7 T= -10 A= 20 D= -2 | 9 P= 10 T= 10 A= 0 D= 4.5 | DOMINANT THREAT= 9 ( 4.5 ) | D79 WEIGHTED= 0.4 | THREAT BREADTH= 1 | LOSER ACCEL BREADTH= 1 | THREAT CONCENTRATION= 42.9 % | T LOSS= -1.7 | A LOSS= 3.3 | EVEN LEADER= 6 | EVEN FASTEST= 2 | D EVEN= 3.5 | T EVEN= -1.2 | A EVEN= 17.5 | EVEN ACCEL BREADTH= 3 | A WIN= -1.4 | A EDGE= -4.8 | A EVEN EDGE= 14.2 | DEEP UNDER7%= 73.1 | PREDICTION= 7 | STAKE= 10 | LOSS STREAK= 0 | VETO= NO FRESH 7-9 TRIGGER
2026-09-10,19:24:46 GMT,UNDER 7 SIGNAL | ID= 68 | DIGIT= 0 | REGIME= WINNERS ADVANCING | PREV REGIME= WARMUP | 0 P= 3.3 T= 5 A= 10 D= 1 | 1 P= 13.3 T= -10 A= -20 D= -7 | 2 P= 13.3 T= -15 A= 10 D= -3 | 3 P= 13.3 T= 10 A= -20 D= 2 | 4 P= 6.7 T= -5 A= -10 D= -6 | 5 P= 10 T= 5 A= -30 D= -4 | 6 P= 16.7 T= 15 A= 50 D= 20.5 | 7 P= 6.7 T= -5 A= -10 D= -6 | 8 P= 6.7 T= -10 A= 20 D= -2 | 9 P= 10 T= 10 A= 0 D= 4.5 | DOMINANT THREAT= 9 ( 4.5 ) | D79 WEIGHTED= 0.4 | THREAT BREADTH= 1 | LOSER ACCEL BREADTH= 1 | THREAT CONCENTRATION= 42.9 % | T LOSS= -1.7 | A LOSS= 3.3 | EVEN LEADER= 6 | EVEN FASTEST= 6 | D EVEN= 3.1 | T EVEN= 0 | A EVEN= 15 | EVEN ACCEL BREADTH= 3 | A WIN= -1.4 | A EDGE= -4.8 | A EVEN EDGE= 11.7 | DEEP UNDER7%= 73.1 | PREDICTION= 7 | STAKE= 10 | LOSS STREAK= 0 | VETO= NO FRESH 7-9 TRIGGER
2026-09-10,19:24:46 GMT,UNDER 7 SIGNAL | ID= 65 | DIGIT= 6 | REGIME= WINNERS ADVANCING | PREV REGIME= WARMUP | 0 P= 0 T= 0 A= 0 D= -5 | 1 P= 13.3 T= -10 A= -20 D= -7 | 2 P= 13.3 T= -15 A= 10 D= -3 | 3 P= 13.3 T= 5 A= 10 D= 6 | 4 P= 10 T= -5 A= -30 D= -8.5 | 5 P= 10 T= 15 A= 30 D= 13 | 6 P= 20 T= 15 A= 30 D= 18 | 7 P= 6.7 T= 0 A= -40 D= -10 | 8 P= 6.7 T= -10 A= 20 D= -2 | 9 P= 6.7 T= 5 A= -10 D= -1.5 | DOMINANT THREAT= 9 ( -1.5 ) | D79 WEIGHTED= -3.3 | THREAT BREADTH= 1 | LOSER ACCEL BREADTH= 1 | THREAT CONCENTRATION= 33.3 % | T LOSS= -1.7 | A LOSS= -10 | EVEN LEADER= 6 | EVEN FASTEST= 6 | D EVEN= 0.4 | T EVEN= -1.2 | A EVEN= 2.5 | EVEN ACCEL BREADTH= 2 | A WIN= 4.3 | A EDGE= 14.3 | A EVEN EDGE= 12.5 | DEEP UNDER7%= 73.1 | PREDICTION= 7 | STAKE= 10 | LOSS STREAK= 0 | VETO= NO FRESH 7-9 TRIGGER
2026-09-10,19:24:46 GMT,UNDER 7 SIGNAL | ID= 64 | DIGIT= 3 | REGIME= WINNERS ADVANCING | PREV REGIME= WARMUP | 0 P= 0 T= 0 A= 0 D= -5 | 1 P= 13.3 T= -10 A= -20 D= -7 | 2 P= 13.3 T= -10 A= -20 D= -7 | 3 P= 13.3 T= 10 A= 40 D= 14.5 | 4 P= 10 T= -5 A= -30 D= -8.5 | 5 P= 13.3 T= 10 A= 40 D= 14.5 | 6 P= 16.7 T= 10 A= 20 D= 12 | 7 P= 6.7 T= 0 A= -40 D= -10 | 8 P= 6.7 T= -10 A= 20 D= -2 | 9 P= 6.7 T= 5 A= -10 D= -1.5 | DOMINANT THREAT= 9 ( -1.5 ) | D79 WEIGHTED= -3.3 | THREAT BREADTH= 1 | LOSER ACCEL BREADTH= 1 | THREAT CONCENTRATION= 33.3 % | T LOSS= -1.7 | A LOSS= -10 | EVEN LEADER= 6 | EVEN FASTEST= 6 | D EVEN= -2.1 | T EVEN= -1.2 | A EVEN= -7.5 | EVEN ACCEL BREADTH= 1 | A WIN= 4.3 | A EDGE= 14.3 | A EVEN EDGE= 2.5 | DEEP UNDER7%= 73.1 | PREDICTION= 7 | STAKE= 10 | LOSS STREAK= 0 | VETO= NO FRESH 7-9 TRIGGER
2026-09-10,19:24:46 GMT,YOU WON | Total profit: $ 3.7
2026-09-10,19:24:46 GMT,Profit amount: 3.7
2026-09-10,19:24:46 GMT,Bought: (ID: 23894890359)
2026-09-10,19:24:46 GMT,UNDER 7 SIGNAL | ID= 62 | DIGIT= 8 | REGIME= WINNERS ADVANCING | PREV REGIME= WARMUP | 0 P= 10 T= -15 A= 30 D= -0.5 | 1 P= 10 T= 10 A= 0 D= 4.5 | 2 P= 6.7 T= 5 A= -10 D= -1.5 | 3 P= 6.7 T= 0 A= 20 D= 2.5 | 4 P= 10 T= 10 A= 0 D= 4.5 | 5 P= 13.3 T= -5 A= 10 D= 1.5 | 6 P= 23.3 T= 0 A= -20 D= 2.5 | 7 P= 6.7 T= -10 A= 20 D= -2 | 8 P= 6.7 T= 5 A= -10 D= -1.5 | 9 P= 6.7 T= 0 A= -40 D= -10 | DOMINANT THREAT= 8 ( -1.5 ) | D79 WEIGHTED= -3.3 | THREAT BREADTH= 1 | LOSER ACCEL BREADTH= 1 | THREAT CONCENTRATION= 33.3 % | T LOSS= -1.7 | A LOSS= -10 | EVEN LEADER= 4 | EVEN FASTEST= 0 | D EVEN= 1.3 | T EVEN= 0 | A EVEN= 0 | EVEN ACCEL BREADTH= 1 | A WIN= 4.3 | A EDGE= 14.3 | A EVEN EDGE= 10 | DEEP UNDER7%= 72.6 | PREDICTION= 7 | STAKE= 10 | LOSS STREAK= 0 | VETO=
2026-09-10,19:24:46 GMT,UNDER 7 SIGNAL | ID= 61 | DIGIT= 1 | REGIME= WINNERS ADVANCING | PREV REGIME= WARMUP | 0 P= 10 T= -15 A= 30 D= -0.5 | 1 P= 10 T= 15 A= 30 D= 13 | 2 P= 6.7 T= 5 A= -10 D= -1.5 | 3 P= 6.7 T= 0 A= 20 D= 2.5 | 4 P= 10 T= 10 A= 0 D= 4.5 | 5 P= 13.3 T= -5 A= 10 D= 1.5 | 6 P= 23.3 T= 0 A= -20 D= 2.5 | 7 P= 10 T= -10 A= 0 D= -4.5 | 8 P= 3.3 T= 0 A= -20 D= -7.5 | 9 P= 6.7 T= 0 A= -40 D= -10 | DOMINANT THREAT= 7 ( -4.5 ) | D79 WEIGHTED= -6.5 | THREAT BREADTH= 0 | LOSER ACCEL BREADTH= 0 | THREAT CONCENTRATION= 50 % | T LOSS= -3.3 | A LOSS= -20 | EVEN LEADER= 4 | EVEN FASTEST= 0 | D EVEN= 1.3 | T EVEN= 0 | A EVEN= 0 | EVEN ACCEL BREADTH= 1 | A WIN= 8.6 | A EDGE= 28.6 | A EVEN EDGE= 20 | DEEP UNDER7%= 72.6 | PREDICTION= 7 | STAKE= 10 | LOSS STREAK= 0 | VETO= NO FRESH 7-9 TRIGGER
2026-09-10,19:24:46 GMT,UNDER 7 SIGNAL | ID= 56 | DIGIT= 6 | REGIME= WINNERS ADVANCING | PREV REGIME= WARMUP | 0 P= 10 T= -10 A= 0 D= -4.5 | 1 P= 3.3 T= 5 A= 10 D= 1 | 2 P= 3.3 T= 5 A= 10 D= 1 | 3 P= 6.7 T= -5 A= -10 D= -6 | 4 P= 10 T= 5 A= 30 D= 8.5 | 5 P= 13.3 T= -5 A= 10 D= 1.5 | 6 P= 26.7 T= 10 A= -40 D= 4.5 | 7 P= 16.7 T= -15 A= -10 D= -5.5 | 8 P= 3.3 T= 0 A= -20 D= -7.5 | 9 P= 6.7 T= 10 A= 20 D= 7 | DOMINANT THREAT= 9 ( 7 ) | D79 WEIGHTED= 0.4 | THREAT BREADTH= 1 | LOSER ACCEL BREADTH= 1 | THREAT CONCENTRATION= 62.5 % | T LOSS= -1.7 | A LOSS= -3.3 | EVEN LEADER= 4 | EVEN FASTEST= 4 | D EVEN= 2.4 | T EVEN= 2.5 | A EVEN= 0 | EVEN ACCEL BREADTH= 2 | A WIN= 1.4 | A EDGE= 4.8 | A EVEN EDGE= 3.3 | DEEP UNDER7%= 72.4 | PREDICTION= 7 | STAKE= 10 | LOSS STREAK= 0 | VETO= NO FRESH 7-9 TRIGGER
2026-09-10,19:24:46 GMT,UNDER 7 SIGNAL | ID= 38 | DIGIT= 0 | REGIME= WINNERS ADVANCING | PREV REGIME= WARMUP | 0 P= 23.3 T= 10 A= -20 D= 7 | 1 P= 13.3 T= -10 A= -20 D= -7 | 2 P= 6.7 T= -10 A= 20 D= -2 | 3 P= 10 T= 5 A= 30 D= 8.5 | 4 P= 10 T= 5 A= -30 D= -4 | 5 P= 10 T= 5 A= 30 D= 8.5 | 6 P= 6.7 T= 0 A= 20 D= 2.5 | 7 P= 16.7 T= -5 A= -10 D= -1 | 8 P= 0 T= 0 A= 0 D= -5 | 9 P= 3.3 T= 0 A= -20 D= -7.5 | DOMINANT THREAT= 7 ( -1 ) | D79 WEIGHTED= -3.5 | THREAT BREADTH= 0 | LOSER ACCEL BREADTH= 0 | THREAT CONCENTRATION= 83.3 % | T LOSS= -1.7 | A LOSS= -10 | EVEN LEADER= 0 | EVEN FASTEST= 2 | D EVEN= 0.9 | T EVEN= 1.3 | A EVEN= -2.5 | EVEN ACCEL BREADTH= 2 | A WIN= 4.3 | A EDGE= 14.3 | A EVEN EDGE= 7.5 | DEEP UNDER7%= 72.9 | PREDICTION= 7 | STAKE= 10 | LOSS STREAK= 0 | VETO= NO FRESH 7-9 TRIGGER
2026-09-10,19:24:46 GMT,UNDER 7 SIGNAL | ID= 25 | DIGIT= 1 | REGIME= WINNERS ADVANCING | PREV REGIME= WARMUP | 0 P= 16.7 T= 15 A= 50 D= 20.5 | 1 P= 16.7 T= 5 A= -10 D= 3.5 | 2 P= 16.7 T= -15 A= -10 D= -5.5 | 3 P= 6.7 T= 0 A= -40 D= -10 | 4 P= 16.7 T= -5 A= 50 D= 11.5 | 5 P= 10 T= 0 A= 0 D= 0 | 6 P= 3.3 T= 5 A= 10 D= 1 | 7 P= 6.7 T= 0 A= -40 D= -10 | 8 P= 6.7 T= -5 A= -10 D= -6 | 9 P= 0 T= 0 A= 0 D= -5 | DOMINANT THREAT= 9 ( -5 ) | D79 WEIGHTED= -6.3 | THREAT BREADTH= 0 | LOSER ACCEL BREADTH= 0 | THREAT CONCENTRATION= 50 % | T LOSS= -1.7 | A LOSS= -16.7 | EVEN LEADER= 0 | EVEN FASTEST= 0 | D EVEN= 6.9 | T EVEN= 0 | A EVEN= 25 | EVEN ACCEL BREADTH= 3 | A WIN= 7.1 | A EDGE= 23.8 | A EVEN EDGE= 41.7 | DEEP UNDER7%= 73 | PREDICTION= 7 | STAKE= 10 | LOSS STREAK= 0 | VETO= NO FRESH 7-9 TRIGGER
2026-09-10,19:24:46 GMT,UNDER 7 SIGNAL | ID= 24 | DIGIT= 4 | REGIME= WINNERS ADVANCING | PREV REGIME= WARMUP | 0 P= 20 T= 10 A= 60 D= 22 | 1 P= 13.3 T= 5 A= -50 D= -6.5 | 2 P= 16.7 T= -15 A= -10 D= -5.5 | 3 P= 6.7 T= 5 A= -10 D= -1.5 | 4 P= 16.7 T= -5 A= 50 D= 11.5 | 5 P= 10 T= 0 A= 0 D= 0 | 6 P= 3.3 T= 5 A= 10 D= 1 | 7 P= 6.7 T= 0 A= -40 D= -10 | 8 P= 6.7 T= -5 A= -10 D= -6 | 9 P= 0 T= 0 A= 0 D= -5 | DOMINANT THREAT= 9 ( -5 ) | D79 WEIGHTED= -6.3 | THREAT BREADTH= 0 | LOSER ACCEL BREADTH= 0 | THREAT CONCENTRATION= 50 % | T LOSS= -1.7 | A LOSS= -16.7 | EVEN LEADER= 0 | EVEN FASTEST= 0 | D EVEN= 7.3 | T EVEN= -1.2 | A EVEN= 27.5 | EVEN ACCEL BREADTH= 3 | A WIN= 7.1 | A EDGE= 23.8 | A EVEN EDGE= 44.2 | DEEP UNDER7%= 72.9 | PREDICTION= 7 | STAKE= 10 | LOSS STREAK= 0 | VETO= NO FRESH 7-9 TRIGGER
2026-09-10,19:24:46 GMT,UNDER 7 SIGNAL | ID= 23 | DIGIT= 0 | REGIME= WINNERS ADVANCING | PREV REGIME= WARMUP | 0 P= 20 T= 10 A= 60 D= 22 | 1 P= 13.3 T= 10 A= -20 D= 2 | 2 P= 16.7 T= -15 A= -10 D= -5.5 | 3 P= 6.7 T= 5 A= -10 D= -1.5 | 4 P= 16.7 T= -10 A= 20 D= 3 | 5 P= 10 T= 0 A= 0 D= 0 | 6 P= 3.3 T= 5 A= 10 D= 1 | 7 P= 6.7 T= 0 A= -40 D= -10 | 8 P= 6.7 T= -5 A= -10 D= -6 | 9 P= 0 T= 0 A= 0 D= -5 | DOMINANT THREAT= 9 ( -5 ) | D79 WEIGHTED= -6.3 | THREAT BREADTH= 0 | LOSER ACCEL BREADTH= 0 | THREAT CONCENTRATION= 50 % | T LOSS= -1.7 | A LOSS= -16.7 | EVEN LEADER= 0 | EVEN FASTEST= 0 | D EVEN= 5.1 | T EVEN= -2.5 | A EVEN= 20 | EVEN ACCEL BREADTH= 3 | A WIN= 7.1 | A EDGE= 23.8 | A EVEN EDGE= 36.7 | DEEP UNDER7%= 72.9 | PREDICTION= 7 | STAKE= 10 | LOSS STREAK= 0 | VETO= NO FRESH 7-9 TRIGGER
2026-09-10,19:24:46 GMT,UNDER 7 SIGNAL | ID= 22 | DIGIT= 4 | REGIME= WINNERS ADVANCING | PREV REGIME= WARMUP | 0 P= 16.7 T= 5 A= 50 D= 16 | 1 P= 13.3 T= 15 A= 10 D= 10.5 | 2 P= 16.7 T= -15 A= -10 D= -5.5 | 3 P= 6.7 T= 5 A= -10 D= -1.5 | 4 P= 16.7 T= -5 A= -10 D= -1 | 5 P= 10 T= 0 A= 0 D= 0 | 6 P= 3.3 T= 5 A= 10 D= 1 | 7 P= 6.7 T= 0 A= -40 D= -10 | 8 P= 10 T= -10 A= 0 D= -4.5 | 9 P= 0 T= 0 A= 0 D= -5 | DOMINANT THREAT= 8 ( -4.5 ) | D79 WEIGHTED= -5.7 | THREAT BREADTH= 0 | LOSER ACCEL BREADTH= 0 | THREAT CONCENTRATION= 60 % | T LOSS= -3.3 | A LOSS= -13.3 | EVEN LEADER= 0 | EVEN FASTEST= 0 | D EVEN= 2.6 | T EVEN= -2.5 | A EVEN= 10 | EVEN ACCEL BREADTH= 2 | A WIN= 5.7 | A EDGE= 19 | A EVEN EDGE= 23.3 | DEEP UNDER7%= 72.9 | PREDICTION= 7 | STAKE= 10 | LOSS STREAK= 0 | VETO= NO FRESH 7-9 TRIGGER
2026-09-10,19:24:46 GMT,UNDER 7 SIGNAL | ID= 21 | DIGIT= 0 | REGIME= WINNERS ADVANCING | PREV REGIME= WARMUP | 0 P= 16.7 T= 5 A= 50 D= 16 | 1 P= 13.3 T= 15 A= 10 D= 10.5 | 2 P= 16.7 T= -10 A= -40 D= -9.5 | 3 P= 6.7 T= 5 A= -10 D= -1.5 | 4 P= 13.3 T= -10 A= -20 D= -7 | 5 P= 13.3 T= -5 A= 10 D= 1.5 | 6 P= 3.3 T= 5 A= 10 D= 1 | 7 P= 6.7 T= 5 A= -10 D= -1.5 | 8 P= 10 T= -10 A= 0 D= -4.5 | 9 P= 0 T= 0 A= 0 D= -5 | DOMINANT THREAT= 7 ( -1.5 ) | D79 WEIGHTED= -3.1 | THREAT BREADTH= 1 | LOSER ACCEL BREADTH= 0 | THREAT CONCENTRATION= 60 % | T LOSS= -1.7 | A LOSS= -3.3 | EVEN LEADER= 0 | EVEN FASTEST= 0 | D EVEN= 0.1 | T EVEN= -2.5 | A EVEN= 0 | EVEN ACCEL BREADTH= 2 | A WIN= 1.4 | A EDGE= 4.8 | A EVEN EDGE= 3.3 | DEEP UNDER7%= 72.9 | PREDICTION= 7 | STAKE= 10 | LOSS STREAK= 0 | VETO= NO FRESH 7-9 TRIGGER
2026-09-10,19:24:46 GMT,UNDER 7 SIGNAL | ID= 9 | DIGIT= 2 | REGIME= WINNERS ADVANCING | PREV REGIME= WARMUP | 0 P= 6.7 T= 0 A= -40 D= -10 | 1 P= 10 T= 0 A= 0 D= 0 | 2 P= 20 T= 10 A= 60 D= 22 | 3 P= 3.3 T= 5 A= 10 D= 1 | 4 P= 16.7 T= 5 A= -10 D= 3.5 | 5 P= 16.7 T= -5 A= -10 D= -1 | 6 P= 3.3 T= -5 A= 10 D= -3.5 | 7 P= 3.3 T= 0 A= -20 D= -7.5 | 8 P= 13.3 T= 0 A= -20 D= -2.5 | 9 P= 6.7 T= -10 A= 20 D= -2 | DOMINANT THREAT= 9 ( -2 ) | D79 WEIGHTED= -3.2 | THREAT BREADTH= 0 | LOSER ACCEL BREADTH= 1 | THREAT CONCENTRATION= 57.1 % | T LOSS= -3.3 | A LOSS= -6.7 | EVEN LEADER= 2 | EVEN FASTEST= 2 | D EVEN= 3 | T EVEN= 2.5 | A EVEN= 5 | EVEN ACCEL BREADTH= 2 | A WIN= 2.9 | A EDGE= 9.5 | A EVEN EDGE= 11.7 | DEEP UNDER7%= 72.7 | PREDICTION= 7 | STAKE= 10 | LOSS STREAK= 0 | VETO= NO FRESH 7-9 TRIGGER
2026-09-10,19:24:46 GMT,UNDER 7 SIGNAL | ID= 6 | DIGIT= 5 | REGIME= WINNERS ADVANCING | PREV REGIME= WARMUP | 0 P= 13.3 T= -10 A= -20 D= -7 | 1 P= 10 T= 0 A= 0 D= 0 | 2 P= 16.7 T= 5 A= 50 D= 16 | 3 P= 0 T= 0 A= 0 D= -5 | 4 P= 16.7 T= 15 A= -10 D= 8 | 5 P= 16.7 T= 5 A= -10 D= 3.5 | 6 P= 6.7 T= -10 A= 20 D= -2 | 7 P= 3.3 T= 0 A= -20 D= -7.5 | 8 P= 10 T= 0 A= 0 D= 0 | 9 P= 6.7 T= -5 A= -10 D= -6 | DOMINANT THREAT= 8 ( 0 ) | D79 WEIGHTED= -3.3 | THREAT BREADTH= 0 | LOSER ACCEL BREADTH= 0 | THREAT CONCENTRATION= 50 % | T LOSS= -1.7 | A LOSS= -10 | EVEN LEADER= 2 | EVEN FASTEST= 2 | D EVEN= 3.8 | T EVEN= 0 | A EVEN= 10 | EVEN ACCEL BREADTH= 2 | A WIN= 4.3 | A EDGE= 14.3 | A EVEN EDGE= 20 | DEEP UNDER7%= 72.8 | PREDICTION= 7 | STAKE= 10 | LOSS STREAK= 0 | VETO= NO FRESH 7-9 TRIGGER
2026-09-10,19:24:46 GMT,UNDER 7 SIGNAL | ID= 5 | DIGIT= 1 | REGIME= WINNERS ADVANCING | PREV REGIME= WARMUP | 0 P= 16.7 T= -10 A= 20 D= 3 | 1 P= 10 T= 0 A= 0 D= 0 | 2 P= 16.7 T= 5 A= 50 D= 16 | 3 P= 0 T= 0 A= 0 D= -5 | 4 P= 16.7 T= 15 A= -10 D= 8 | 5 P= 13.3 T= 5 A= -50 D= -6.5 | 6 P= 6.7 T= -10 A= 20 D= -2 | 7 P= 3.3 T= 0 A= -20 D= -7.5 | 8 P= 10 T= 0 A= 0 D= 0 | 9 P= 6.7 T= -5 A= -10 D= -6 | DOMINANT THREAT= 8 ( 0 ) | D79 WEIGHTED= -3.3 | THREAT BREADTH= 0 | LOSER ACCEL BREADTH= 0 | THREAT CONCENTRATION= 50 % | T LOSS= -1.7 | A LOSS= -10 | EVEN LEADER= 2 | EVEN FASTEST= 2 | D EVEN= 6.3 | T EVEN= 0 | A EVEN= 20 | EVEN ACCEL BREADTH= 3 | A WIN= 4.3 | A EDGE= 14.3 | A EVEN EDGE= 30 | DEEP UNDER7%= 72.8 | PREDICTION= 7 | STAKE= 10 | LOSS STREAK= 0 | VETO= NO FRESH 7-9 TRIGGER
2026-09-10,19:24:46 GMT,UNDER 7 SIGNAL | ID= 4 | DIGIT= 4 | REGIME= WINNERS ADVANCING | PREV REGIME= WARMUP | 0 P= 20 T= -10 A= 60 D= 13 | 1 P= 6.7 T= -5 A= -10 D= -6 | 2 P= 16.7 T= 10 A= 20 D= 12 | 3 P= 0 T= 0 A= 0 D= -5 | 4 P= 16.7 T= 15 A= -10 D= 8 | 5 P= 13.3 T= 5 A= -50 D= -6.5 | 6 P= 6.7 T= -10 A= 20 D= -2 | 7 P= 3.3 T= 0 A= -20 D= -7.5 | 8 P= 10 T= 0 A= 0 D= 0 | 9 P= 6.7 T= -5 A= -10 D= -6 | DOMINANT THREAT= 8 ( 0 ) | D79 WEIGHTED= -3.3 | THREAT BREADTH= 0 | LOSER ACCEL BREADTH= 0 | THREAT CONCENTRATION= 50 % | T LOSS= -1.7 | A LOSS= -10 | EVEN LEADER= 0 | EVEN FASTEST= 0 | D EVEN= 7.8 | T EVEN= 1.3 | A EVEN= 22.5 | EVEN ACCEL BREADTH= 3 | A WIN= 4.3 | A EDGE= 14.3 | A EVEN EDGE= 32.5 | DEEP UNDER7%= 72.7 | PREDICTION= 7 | STAKE= 10 | LOSS STREAK= 0 | VETO= NO FRESH 7-9 TRIGGER
2026-09-10,19:24:46 GMT,UNDER 7 SIGNAL | ID= 3 | DIGIT= 4 | REGIME= WINNERS ADVANCING | PREV REGIME= WARMUP | 0 P= 20 T= -10 A= 60 D= 13 | 1 P= 6.7 T= -5 A= -10 D= -6 | 2 P= 16.7 T= 15 A= -10 D= 8 | 3 P= 0 T= 0 A= 0 D= -5 | 4 P= 13.3 T= 15 A= 10 D= 10.5 | 5 P= 13.3 T= 5 A= -50 D= -6.5 | 6 P= 6.7 T= -10 A= 20 D= -2 | 7 P= 3.3 T= 0 A= -20 D= -7.5 | 8 P= 10 T= 0 A= 0 D= 0 | 9 P= 10 T= -10 A= 0 D= -4.5 | DOMINANT THREAT= 8 ( 0 ) | D79 WEIGHTED= -2.8 | THREAT BREADTH= 0 | LOSER ACCEL BREADTH= 0 | THREAT CONCENTRATION= 42.9 % | T LOSS= -3.3 | A LOSS= -6.7 | EVEN LEADER= 0 | EVEN FASTEST= 0 | D EVEN= 7.4 | T EVEN= 2.5 | A EVEN= 20 | EVEN ACCEL BREADTH= 3 | A WIN= 2.9 | A EDGE= 9.5 | A EVEN EDGE= 26.7 | DEEP UNDER7%= 72.6 | PREDICTION= 7 | STAKE= 10 | LOSS STREAK= 0 | VETO= NO FRESH 7-9 TRIGGER
2026-09-10,19:24:46 GMT,UNDER 7 SIGNAL | ID= 2 | DIGIT= 2 | REGIME= WINNERS ADVANCING | PREV REGIME= WARMUP | 0 P= 20 T= -10 A= 60 D= 13 | 1 P= 6.7 T= -5 A= -10 D= -6 | 2 P= 16.7 T= 15 A= -10 D= 8 | 3 P= 0 T= 0 A= 0 D= -5 | 4 P= 10 T= 10 A= 0 D= 4.5 | 5 P= 13.3 T= 5 A= -50 D= -6.5 | 6 P= 6.7 T= -10 A= 20 D= -2 | 7 P= 3.3 T= 0 A= -20 D= -7.5 | 8 P= 10 T= 10 A= 0 D= 4.5 | 9 P= 13.3 T= -15 A= 10 D= -3 | DOMINANT THREAT= 8 ( 4.5 ) | D79 WEIGHTED= -0.1 | THREAT BREADTH= 1 | LOSER ACCEL BREADTH= 1 | THREAT CONCENTRATION= 50 % | T LOSS= -1.7 | A LOSS= -3.3 | EVEN LEADER= 0 | EVEN FASTEST= 0 | D EVEN= 5.9 | T EVEN= 1.3 | A EVEN= 17.5 | EVEN ACCEL BREADTH= 2 | A WIN= 1.4 | A EDGE= 4.8 | A EVEN EDGE= 20.8 | DEEP UNDER7%= 72.6 | PREDICTION= 7 | STAKE= 10 | LOSS STREAK= 0 | VETO= NO FRESH 7-9 TRIGGER
2026-09-10,19:24:46 GMT,UNDER 7 SIGNAL | ID= 1 | DIGIT= 2 | REGIME= WINNERS ADVANCING | PREV REGIME= WARMUP | 0 P= 20 T= -10 A= 60 D= 13 | 1 P= 6.7 T= -5 A= -10 D= -6 | 2 P= 13.3 T= 10 A= -20 D= 2 | 3 P= 0 T= 0 A= 0 D= -5 | 4 P= 10 T= 10 A= 0 D= 4.5 | 5 P= 13.3 T= 10 A= -20 D= 2 | 6 P= 6.7 T= -5 A= -10 D= -6 | 7 P= 3.3 T= 0 A= -20 D= -7.5 | 8 P= 10 T= 10 A= 0 D= 4.5 | 9 P= 16.7 T= -20 A= 20 D= -1.5 | DOMINANT THREAT= 8 ( 4.5 ) | D79 WEIGHTED= 0.3 | THREAT BREADTH= 1 | LOSER ACCEL BREADTH= 1 | THREAT CONCENTRATION= 55.6 % | T LOSS= -3.3 | A LOSS= 0 | EVEN LEADER= 0 | EVEN FASTEST= 0 | D EVEN= 3.4 | T EVEN= 1.3 | A EVEN= 7.5 | EVEN ACCEL BREADTH= 1 | A WIN= 0 | A EDGE= 0 | A EVEN EDGE= 7.5 | DEEP UNDER7%= 72.6 | PREDICTION= 7 | STAKE= 10 | LOSS STREAK= 0 | VETO= NO FRESH 7-9 TRIGGER