 Date,Time,Message
2026-09-05,09:26:14 GMT,V6.4 BLOCK - journal-guarded entry/recovery gate failed or signal already used
2026-09-05,09:26:14 GMT,SENTINEL V6 MULTI-WINDOW SCAN >>>
2026-09-05,09:26:14 GMT,V6.4 DIAG | 9 0 6 -0.09999999999999998 0.05714285714285714 0.10000000000000003 -0.13333333333333336 -0.05 -0.7000000000000001 0.05000000000000002 4 4 2 1 0 0 0 1 0 0
2026-09-05,09:26:14 GMT,V6.4 BLOCK - journal-guarded entry/recovery gate failed or signal already used
2026-09-05,09:26:14 GMT,SENTINEL V6 MULTI-WINDOW SCAN >>>
2026-09-05,09:26:14 GMT,V6.4 DIAG | 5 0 8 0 0.028571428571428567 0 -0.06666666666666667 -0.05 0.1 -0.45 5 3 2 0 0 0 0 1 0 0
2026-09-05,09:26:14 GMT,V6.4 BLOCK - journal-guarded entry/recovery gate failed or signal already used
2026-09-05,09:26:14 GMT,SENTINEL V6 MULTI-WINDOW SCAN >>>
2026-09-05,09:26:14 GMT,V6.4 DIAG | 6 0 5 -0.09999999999999998 0 0.10000000000000003 0 -0.1 0.65 -0.45 5 3 2 1 0 0 0 1 0 0
2026-09-05,09:26:14 GMT,V6.4 BLOCK - journal-guarded entry/recovery gate failed or signal already used
2026-09-05,09:26:14 GMT,SENTINEL V6 MULTI-WINDOW SCAN >>>
2026-09-05,09:26:14 GMT,V6.4 DIAG | 2 0 4 -0.050000000000000044 -0.05714285714285714 0.050000000000000044 0.13333333333333336 -0.1 0.65 0.30000000000000004 5 3 2 1 0 0 0 1 0 0
2026-09-05,09:26:14 GMT,V6.4 BLOCK - journal-guarded entry/recovery gate failed or signal already used
2026-09-05,09:26:14 GMT,SENTINEL V6 MULTI-WINDOW SCAN >>>
2026-09-05,09:26:14 GMT,V6.4 DIAG | 4 0 2 -0.050000000000000044 -0.05714285714285714 0.050000000000000044 0.13333333333333336 -0.1 0.65 0.30000000000000004 4 4 3 1 0 0 0 1 0 0
2026-09-05,09:26:14 GMT,V6.4 BLOCK - journal-guarded entry/recovery gate failed or signal already used
2026-09-05,09:26:14 GMT,SENTINEL V6 MULTI-WINDOW SCAN >>>
2026-09-05,09:26:14 GMT,V6.4 DIAG | 8 0 2 -0.050000000000000044 -0.05714285714285714 0.050000000000000044 0.13333333333333336 -0.1 0.65 0.30000000000000004 4 4 3 1 0 0 0 1 0 0
2026-09-05,09:26:14 GMT,V6.4 BLOCK - journal-guarded entry/recovery gate failed or signal already used
2026-09-05,09:26:14 GMT,SENTINEL V6 MULTI-WINDOW SCAN >>>
2026-09-05,09:26:14 GMT,V6.4 DIAG | 8 0 4 -0.09999999999999998 0 0.10000000000000003 0 -0.1 0.15000000000000002 0.05000000000000002 5 3 2 1 0 0 0 1 0 0
2026-09-05,09:26:14 GMT,V6.4 BLOCK - journal-guarded entry/recovery gate failed or signal already used
2026-09-05,09:26:14 GMT,SENTINEL V6 MULTI-WINDOW SCAN >>>
2026-09-05,09:26:14 GMT,V6.4 DIAG | 9 0 5 0 -0.028571428571428567 0 0.06666666666666667 -0.1 0.45 0.05000000000000002 6 2 1 1 0 0 0 1 0 0
2026-09-05,09:26:13 GMT,V6.4 BLOCK - journal-guarded entry/recovery gate failed or signal already used
2026-09-05,09:26:13 GMT,SENTINEL V6 MULTI-WINDOW SCAN >>>
2026-09-05,09:26:13 GMT,V6.4 DIAG | 3 0 8 0.15000000000000002 0 -0.14999999999999997 0 -0.15 0.45 -0.45 6 2 1 1 0 0 0 1 0 0
2026-09-05,09:26:13 GMT,V6.4 BLOCK - journal-guarded entry/recovery gate failed or signal already used
2026-09-05,09:26:13 GMT,SENTINEL V6 MULTI-WINDOW SCAN >>>
2026-09-05,09:26:13 GMT,V6.4 DIAG | 1 0 8 0.15000000000000002 0 -0.14999999999999997 0 -0.15 0.45 -0.45 6 2 1 1 0 0 0 1 0 0
2026-09-05,09:26:13 GMT,V6.4 BLOCK - journal-guarded entry/recovery gate failed or signal already used
2026-09-05,09:26:13 GMT,SENTINEL V6 MULTI-WINDOW SCAN >>>
2026-09-05,09:26:13 GMT,V6.4 DIAG | 3 0 8 0.15000000000000002 0 -0.14999999999999997 0 -0.15 0.45 -0.45 6 2 1 1 0 0 0 1 0 0
2026-09-05,09:26:13 GMT,V6.4 BLOCK - journal-guarded entry/recovery gate failed or signal already used
2026-09-05,09:26:13 GMT,SENTINEL V6 MULTI-WINDOW SCAN >>>
2026-09-05,09:26:13 GMT,V6.4 DIAG | 8 0 7 0.15000000000000002 -0.057142857142857134 -0.14999999999999997 0.13333333333333333 -0.15 0.45 0.35000000000000003 6 2 1 1 0 0 0 1 0 0
2026-09-05,09:26:13 GMT,V6.4 BLOCK - journal-guarded entry/recovery gate failed or signal already used
2026-09-05,09:26:13 GMT,SENTINEL V6 MULTI-WINDOW SCAN >>>
2026-09-05,09:26:13 GMT,V6.4 DIAG | 0 0 8 0.30000000000000004 -0.028571428571428567 -0.30000000000000004 0.06666666666666667 -0.15 -0.05 0.30000000000000004 7 1 0 0 0 0 0 1 0 0
2026-09-05,09:26:13 GMT,V6.4 BLOCK - journal-guarded entry/recovery gate failed or signal already used
2026-09-05,09:26:13 GMT,SENTINEL V6 MULTI-WINDOW SCAN >>>
2026-09-05,09:26:13 GMT,V6.4 DIAG | 5 0 8 0.30000000000000004 -0.028571428571428567 -0.30000000000000004 0.06666666666666667 -0.15 -0.05 0.30000000000000004 7 1 0 0 0 0 0 1 0 0
2026-09-05,09:26:13 GMT,V6.4 BLOCK - journal-guarded entry/recovery gate failed or signal already used
2026-09-05,09:26:13 GMT,SENTINEL V6 MULTI-WINDOW SCAN >>>
2026-09-05,09:26:13 GMT,V6.4 DIAG | 5 0 8 0.15000000000000002 0 -0.14999999999999997 0 -0.15 -0.30000000000000004 0.30000000000000004 7 1 0 1 0 0 0 1 0 0
2026-09-05,09:26:13 GMT,V6.4 BLOCK - journal-guarded entry/recovery gate failed or signal already used
2026-09-05,09:26:13 GMT,SENTINEL V6 MULTI-WINDOW SCAN >>>
2026-09-05,09:26:13 GMT,V6.4 DIAG | 9 0 8 0.20000000000000007 0 -0.2 0 -0.15 -0.30000000000000004 0.25 7 1 0 0 0 0 0 1 0 0
2026-09-05,09:26:13 GMT,V6.4 BLOCK - journal-guarded entry/recovery gate failed or signal already used
2026-09-05,09:26:13 GMT,SENTINEL V6 MULTI-WINDOW SCAN >>>
2026-09-05,09:26:13 GMT,V6.4 DIAG | 4 1 12 0.15000000000000002 0.057142857142857134 -0.14999999999999997 -0.13333333333333333 -0.15 -0.30000000000000004 -0.5 7 1 1 1 1 0 0 1 0 0
2026-09-05,09:26:13 GMT,V6.4 BLOCK - journal-guarded entry/recovery gate failed or signal already used
2026-09-05,09:26:13 GMT,SENTINEL V6 MULTI-WINDOW SCAN >>>
2026-09-05,09:26:13 GMT,V6.4 DIAG | 0 1 12 0.20000000000000007 0.057142857142857134 -0.2 -0.13333333333333333 -0.15 -0.30000000000000004 -0.55 7 1 1 0 0 0 0 1 0 0
2026-09-05,09:26:13 GMT,V6.4 BLOCK - journal-guarded entry/recovery gate failed or signal already used
2026-09-05,09:26:13 GMT,SENTINEL V6 MULTI-WINDOW SCAN >>>
2026-09-05,09:26:13 GMT,V6.4 DIAG | 6 1 11 0.04999999999999993 0.08571428571428572 -0.04999999999999999 -0.2 -0.15 -0.30000000000000004 -0.8 6 2 1 0 0 0 0 1 0 0
2026-09-05,09:26:13 GMT,V6.4 BLOCK - journal-guarded entry/recovery gate failed or signal already used
2026-09-05,09:26:13 GMT,SENTINEL V6 MULTI-WINDOW SCAN >>>
2026-09-05,09:26:13 GMT,V6.4 DIAG | 3 0 9 -0.09999999999999998 0.05714285714285714 0.10000000000000003 -0.13333333333333336 -0.4 0.5 -0.8 6 2 1 1 0 0 0 1 0 0
2026-09-05,09:25:55 GMT,V6.4 BLOCK - journal-guarded entry/recovery gate failed or signal already used
2026-09-05,09:25:55 GMT,SENTINEL V6 MULTI-WINDOW SCAN >>>
2026-09-05,09:25:55 GMT,V6.4 DIAG | 5 0 9 -0.09999999999999998 0.05714285714285714 0.10000000000000003 -0.13333333333333336 -0.4 0.5 -0.8 5 3 1 1 0 0 0 1 0 0
2026-09-05,09:25:55 GMT,V6.4 BLOCK - journal-guarded entry/recovery gate failed or signal already used
2026-09-05,09:25:55 GMT,SENTINEL V6 MULTI-WINDOW SCAN >>>
2026-09-05,09:25:55 GMT,V6.4 DIAG | 2 0 4 -0.050000000000000044 0 0.050000000000000044 0 -0.4 0.5 -0.04999999999999999 4 4 1 1 0 0 0 1 0 0
2026-09-05,09:25:55 GMT,V6.4 BLOCK - journal-guarded entry/recovery gate failed or signal already used
2026-09-05,09:25:55 GMT,SENTINEL V6 MULTI-WINDOW SCAN >>>
2026-09-05,09:25:55 GMT,V6.4 DIAG | 5 0 7 -0.19999999999999996 0.028571428571428574 0.2 -0.06666666666666668 -0.65 0.5 -0.04999999999999999 4 4 1 1 0 0 0 1 0 0
2026-09-05,09:25:55 GMT,V6.4 BLOCK - journal-guarded entry/recovery gate failed or signal already used
2026-09-05,09:25:55 GMT,SENTINEL V6 MULTI-WINDOW SCAN >>>
2026-09-05,09:25:55 GMT,V6.4 DIAG | 8 0 2 -0.35 0 0.35 0 -0.65 0.5 0.5 4 4 1 1 0 0 0 1 0 0
2026-09-05,09:25:55 GMT,V6.4 BLOCK - journal-guarded entry/recovery gate failed or signal already used
2026-09-05,09:25:55 GMT,SENTINEL V6 MULTI-WINDOW SCAN >>>
2026-09-05,09:25:55 GMT,V6.4 DIAG | 1 0 3 -0.19999999999999996 -0.028571428571428574 0.2 0.06666666666666668 0.15000000000000002 0 0.45 4 4 0 0 0 0 0 1 0 0
2026-09-05,09:25:55 GMT,V6.4 BLOCK - journal-guarded entry/recovery gate failed or signal already used
2026-09-05,09:25:55 GMT,SENTINEL V6 MULTI-WINDOW SCAN >>>
2026-09-05,09:25:55 GMT,V6.4 DIAG | 9 0 3 -0.19999999999999996 -0.028571428571428574 0.2 0.06666666666666668 0.15000000000000002 0 0.45 3 5 0 1 0 0 0 1 0 0
2026-09-05,09:25:55 GMT,V6.4 BLOCK - journal-guarded entry/recovery gate failed or signal already used
2026-09-05,09:25:55 GMT,SENTINEL V6 MULTI-WINDOW SCAN >>>
2026-09-05,09:25:55 GMT,V6.4 DIAG | 3 0 4 -0.050000000000000044 0 0.050000000000000044 0 0.15000000000000002 -0.05 -0.04999999999999999 4 4 0 0 0 0 0 1 0 0
2026-09-05,09:25:55 GMT,V6.4 BLOCK - journal-guarded entry/recovery gate failed or signal already used
2026-09-05,09:25:55 GMT,SENTINEL V6 MULTI-WINDOW SCAN >>>
2026-09-05,09:25:55 GMT,V6.4 DIAG | 9 0 4 -0.050000000000000044 -0.05714285714285714 0.050000000000000044 0.13333333333333336 0.9500000000000001 -0.05 -0.04999999999999999 4 4 0 0 0 0 0 1 0 0
2026-09-05,09:25:54 GMT,V6.4 BLOCK - journal-guarded entry/recovery gate failed or signal already used
2026-09-05,09:25:54 GMT,SENTINEL V6 MULTI-WINDOW SCAN >>>
2026-09-05,09:25:54 GMT,V6.4 DIAG | 7 0 5 -0.09999999999999998 -0.05714285714285714 0.10000000000000003 0.13333333333333336 0.7 -0.05 0.25 5 3 0 1 0 0 0 1 0 0
2026-09-05,09:25:54 GMT,V6.4 BLOCK - journal-guarded entry/recovery gate failed or signal already used
2026-09-05,09:25:54 GMT,SENTINEL V6 MULTI-WINDOW SCAN >>>
2026-09-05,09:25:54 GMT,V6.4 DIAG | 4 0 5 0 -0.028571428571428567 0 0.06666666666666667 0.2 -0.05 0.25 6 2 0 0 0 0 0 1 0 0
2026-09-05,09:25:54 GMT,V6.4 BLOCK - journal-guarded entry/recovery gate failed or signal already used
2026-09-05,09:25:54 GMT,SENTINEL V6 MULTI-WINDOW SCAN >>>
2026-09-05,09:25:54 GMT,V6.4 DIAG | 4 0 5 0 -0.028571428571428567 0 0.06666666666666667 0.2 -0.05 0.25 5 3 0 0 0 0 0 1 0 0
2026-09-05,09:25:54 GMT,V6.4 BLOCK - journal-guarded entry/recovery gate failed or signal already used
2026-09-05,09:25:54 GMT,SENTINEL V6 MULTI-WINDOW SCAN >>>
2026-09-05,09:25:54 GMT,V6.4 DIAG | 7 0 5 0 -0.028571428571428567 0 0.06666666666666667 0.2 -0.05 0.25 5 3 0 1 0 0 0 1 0 0
2026-09-05,09:25:54 GMT,V6.4 BLOCK - journal-guarded entry/recovery gate failed or signal already used
2026-09-05,09:25:54 GMT,SENTINEL V6 MULTI-WINDOW SCAN >>>
2026-09-05,09:25:54 GMT,V6.4 DIAG | 9 1 10 -0.050000000000000044 0.028571428571428567 0.04999999999999999 -0.06666666666666667 -0.30000000000000004 -0.05 0 6 2 0 1 0 0 0 1 0 0
2026-09-05,09:25:54 GMT,V6.4 BLOCK - journal-guarded entry/recovery gate failed or signal already used
2026-09-05,09:25:54 GMT,SENTINEL V6 MULTI-WINDOW SCAN >>>
2026-09-05,09:25:54 GMT,V6.4 DIAG | 3 0 8 0.050000000000000044 0 -0.04999999999999999 0 0.5 -0.05 -0.5 7 1 0 0 0 0 0 1 0 0
2026-09-05,09:25:53 GMT,V6.4 BLOCK - journal-guarded entry/recovery gate failed or signal already used
2026-09-05,09:25:53 GMT,SENTINEL V6 MULTI-WINDOW SCAN >>>
2026-09-05,09:25:53 GMT,V6.4 DIAG | 0 0 8 0.050000000000000044 0 -0.04999999999999999 0 0.5 -0.05 -0.5 6 2 0 1 0 0 0 1 0 0
2026-09-05,09:25:53 GMT,V6.4 BLOCK - journal-guarded entry/recovery gate failed or signal already used
2026-09-05,09:25:53 GMT,SENTINEL V6 MULTI-WINDOW SCAN >>>
2026-09-05,09:25:53 GMT,V6.4 DIAG | 0 1 9 -0.10000000000000009 0.028571428571428567 0.09999999999999998 -0.06666666666666667 0.5 -0.05 -0.75 6 2 0 0 0 0 0 1 0 0
2026-09-05,09:25:53 GMT,V6.4 BLOCK - journal-guarded entry/recovery gate failed or signal already used
2026-09-05,09:25:53 GMT,SENTINEL V6 MULTI-WINDOW SCAN >>>
2026-09-05,09:25:53 GMT,V6.4 DIAG | 2 1 9 -0.050000000000000044 0.028571428571428567 0.04999999999999999 -0.06666666666666667 0.45 -0.05 -0.75 6 2 0 0 0 0 0 1 0 0
2026-09-05,09:25:53 GMT,V6.4 BLOCK - journal-guarded entry/recovery gate failed or signal already used
2026-09-05,09:25:53 GMT,SENTINEL V6 MULTI-WINDOW SCAN >>>
2026-09-05,09:25:53 GMT,V6.4 DIAG | 7 0 6 -0.20000000000000007 0 0.2 0 0.45 -0.05 -0.20000000000000004 5 3 0 1 0 0 0 1 0 0
2026-09-05,09:25:53 GMT,V6.4 BLOCK - journal-guarded entry/recovery gate failed or signal already used
2026-09-05,09:25:53 GMT,SENTINEL V6 MULTI-WINDOW SCAN >>>
2026-09-05,09:25:53 GMT,V6.4 DIAG | 4 1 10 -0.10000000000000009 0.028571428571428567 0.09999999999999998 -0.06666666666666667 -0.05 -0.05 -0.20000000000000004 6 2 0 0 0 0 0 1 0 0
2026-09-05,09:25:53 GMT,V6.4 BLOCK - journal-guarded entry/recovery gate failed or signal already used
2026-09-05,09:25:53 GMT,SENTINEL V6 MULTI-WINDOW SCAN >>>
2026-09-05,09:25:53 GMT,V6.4 DIAG | 6 1 10 -0.10000000000000009 0.028571428571428567 0.09999999999999998 -0.06666666666666667 -0.05 -0.05 -0.20000000000000004 5 3 0 0 0 0 0 1 0 0
2026-09-05,09:25:52 GMT,V6.4 DIAG | 2 0 6 -0.10000000000000009 -0.028571428571428567 0.09999999999999998 0.06666666666666667 -0.05 -0.05 0.6 5 3 0 0 0 0 0 1 0 0
2026-09-05,09:25:17 GMT,V6.4 BLOCK - journal-guarded entry/recovery gate failed or signal already used
2026-09-05,09:25:17 GMT,SENTINEL V6 MULTI-WINDOW SCAN >>>
2026-09-05,09:25:17 GMT,V6.4 DIAG | 4 1 12 0.25 0.028571428571428567 -0.24999999999999997 -0.06666666666666667 -0.35000000000000003 -0.15 -0.15 8 0 0 0 1 0 2 1 0 1
2026-09-05,09:25:17 GMT,V6.4 BLOCK - journal-guarded entry/recovery gate failed or signal already used
2026-09-05,09:25:17 GMT,SENTINEL V6 MULTI-WINDOW SCAN >>>
2026-09-05,09:25:17 GMT,V6.4 DIAG | 0 0 12 0.25 0.028571428571428567 -0.24999999999999997 -0.06666666666666667 -0.35000000000000003 -0.15 -0.15 7 1 0 0 1 0 2 1 0 1
2026-09-05,09:25:17 GMT,V6.4 BLOCK - journal-guarded entry/recovery gate failed or signal already used
2026-09-05,09:25:17 GMT,SENTINEL V6 MULTI-WINDOW SCAN >>>
2026-09-05,09:25:17 GMT,V6.4 DIAG | 2 0 12 0.25 0.028571428571428567 -0.24999999999999997 -0.06666666666666667 -0.35000000000000003 -0.15 -0.15 7 1 0 0 1 0 2 0 0 1
2026-09-05,09:25:17 GMT,V6.4 BLOCK - journal-guarded entry/recovery gate failed or signal already used
2026-09-05,09:25:17 GMT,SENTINEL V6 MULTI-WINDOW SCAN >>>
2026-09-05,09:25:17 GMT,V6.4 DIAG | 0 0 12 0.25 0.028571428571428567 -0.24999999999999997 -0.06666666666666667 -0.35000000000000003 -0.15 -0.15 7 1 0 0 1 0 2 0 0 1
2026-09-05,09:25:17 GMT,V6.4 BLOCK - journal-guarded entry/recovery gate failed or signal already used
2026-09-05,09:25:17 GMT,SENTINEL V6 MULTI-WINDOW SCAN >>>
2026-09-05,09:25:17 GMT,V6.4 DIAG | 5 0 8 0.10000000000000009 0 -0.09999999999999998 0 0.45 -0.4 -0.15 7 1 0 0 0 0 2 0 0 1
2026-09-05,09:25:16 GMT,V6.4 BLOCK - journal-guarded entry/recovery gate failed or signal already used
2026-09-05,09:25:16 GMT,SENTINEL V6 MULTI-WINDOW SCAN >>>
2026-09-05,09:25:16 GMT,V6.4 DIAG | 6 0 9 -0.050000000000000044 0.028571428571428567 0.04999999999999999 -0.06666666666666667 0.45 -0.65 -0.15 7 1 0 1 0 0 2 0 0 1
2026-09-05,09:25:16 GMT,V6.4 BLOCK - journal-guarded entry/recovery gate failed or signal already used
2026-09-05,09:25:16 GMT,SENTINEL V6 MULTI-WINDOW SCAN >>>
2026-09-05,09:25:16 GMT,V6.4 DIAG | 1 0 9 0 0.028571428571428567 0 -0.06666666666666667 0.45 -0.7000000000000001 -0.15 6 2 1 0 0 0 2 0 0 1
2026-09-05,09:25:16 GMT,V6.4 BLOCK - journal-guarded entry/recovery gate failed or signal already used
2026-09-05,09:25:16 GMT,SENTINEL V6 MULTI-WINDOW SCAN >>>
2026-09-05,09:25:16 GMT,V6.4 DIAG | 5 0 8 0 0.028571428571428567 0 -0.06666666666666667 0.45 -0.7000000000000001 -0.15 5 3 2 0 0 0 2 0 0 1
2026-09-05,09:25:16 GMT,V6.4 BLOCK - journal-guarded entry/recovery gate failed or signal already used
2026-09-05,09:25:16 GMT,SENTINEL V6 MULTI-WINDOW SCAN >>>
2026-09-05,09:25:16 GMT,V6.4 DIAG | 7 0 9 0.04999999999999993 0.028571428571428567 -0.04999999999999999 -0.06666666666666667 0.45 -0.75 -0.15 5 3 2 0 0 0 2 0 0 1
2026-09-05,09:25:16 GMT,V6.4 BLOCK - journal-guarded entry/recovery gate failed or signal already used
2026-09-05,09:25:16 GMT,SENTINEL V6 MULTI-WINDOW SCAN >>>
2026-09-05,09:25:16 GMT,V6.4 DIAG | 4 0 9 0 0.028571428571428567 0 -0.06666666666666667 -0.05 -0.20000000000000004 -0.15 6 2 2 0 0 0 2 0 0 1
2026-09-05,09:25:16 GMT,V6.4 BLOCK - journal-guarded entry/recovery gate failed or signal already used
2026-09-05,09:25:16 GMT,SENTINEL V6 MULTI-WINDOW SCAN >>>
2026-09-05,09:25:16 GMT,V6.4 DIAG | 2 0 6 0.04999999999999993 -0.028571428571428567 -0.04999999999999999 0.06666666666666667 -0.1 0.6 -0.15 6 2 2 1 0 0 2 0 0 1
2026-09-05,09:25:16 GMT,V6.4 BLOCK - journal-guarded entry/recovery gate failed or signal already used
2026-09-05,09:25:16 GMT,SENTINEL V6 MULTI-WINDOW SCAN >>>
2026-09-05,09:25:16 GMT,V6.4 DIAG | 0 0 5 -0.09999999999999998 0 0.10000000000000003 0 -0.35000000000000003 0.6 -0.15 5 3 3 1 0 0 2 0 0 1
2026-09-05,09:25:16 GMT,V6.4 BLOCK - journal-guarded entry/recovery gate failed or signal already used
2026-09-05,09:25:16 GMT,SENTINEL V6 MULTI-WINDOW SCAN >>>
2026-09-05,09:25:16 GMT,V6.4 DIAG | 2 0 5 -0.09999999999999998 0 0.10000000000000003 0 -0.35000000000000003 0.6 -0.15 5 3 3 1 0 0 2 0 0 1
2026-09-05,09:25:16 GMT,V6.4 BLOCK - journal-guarded entry/recovery gate failed or signal already used
2026-09-05,09:25:16 GMT,SENTINEL V6 MULTI-WINDOW SCAN >>>
2026-09-05,09:25:16 GMT,V6.4 DIAG | 8 0 3 -0.09999999999999998 0 0.10000000000000003 0 -0.35000000000000003 0.6 -0.15 4 4 3 1 0 0 2 0 0 1
2026-09-05,09:25:16 GMT,V6.4 BLOCK - journal-guarded entry/recovery gate failed or signal already used
2026-09-05,09:25:16 GMT,SENTINEL V6 MULTI-WINDOW SCAN >>>
2026-09-05,09:25:16 GMT,V6.4 DIAG | 8 0 5 0 -0.028571428571428567 0 0.06666666666666667 -0.35000000000000003 0.9 -0.15 5 3 2 1 0 0 2 0 0 1
2026-09-05,09:25:16 GMT,V6.4 BLOCK - journal-guarded entry/recovery gate failed or signal already used
2026-09-05,09:25:16 GMT,SENTINEL V6 MULTI-WINDOW SCAN >>>
2026-09-05,09:25:16 GMT,V6.4 DIAG | 1 0 9 0 0.028571428571428567 0 -0.06666666666666667 -0.35000000000000003 0.4 -0.45 6 2 1 1 0 0 2 0 0 1
2026-09-05,09:25:16 GMT,V6.4 BLOCK - journal-guarded entry/recovery gate failed or signal already used
2026-09-05,09:25:16 GMT,SENTINEL V6 MULTI-WINDOW SCAN >>>
2026-09-05,09:25:16 GMT,V6.4 DIAG | 6 0 5 -0.15000000000000002 0 0.15000000000000002 0 0.45 0.4 -0.7000000000000001 6 2 1 1 0 0 2 0 0 1
2026-09-05,09:25:16 GMT,V6.4 BLOCK - journal-guarded entry/recovery gate failed or signal already used
2026-09-05,09:25:16 GMT,SENTINEL V6 MULTI-WINDOW SCAN >>>
2026-09-05,09:25:16 GMT,V6.4 DIAG | 5 0 5 -0.15000000000000002 0 0.15000000000000002 0 0.45 0.4 -0.7000000000000001 5 3 1 1 0 0 2 0 0 1
2026-09-05,09:25:16 GMT,V6.4 BLOCK - journal-guarded entry/recovery gate failed or signal already used
2026-09-05,09:25:16 GMT,SENTINEL V6 MULTI-WINDOW SCAN >>>
2026-09-05,09:25:16 GMT,V6.4 DIAG | 8 0 3 -0.09999999999999998 0 0.10000000000000003 0 0.45 0.35000000000000003 -0.7000000000000001 4 4 1 1 0 0 2 0 0 1
2026-09-05,09:25:16 GMT,V6.4 BLOCK - journal-guarded entry/recovery gate failed or signal already used
2026-09-05,09:25:16 GMT,SENTINEL V6 MULTI-WINDOW SCAN >>>
2026-09-05,09:25:16 GMT,V6.4 DIAG | 4 0 10 0.04999999999999993 0.028571428571428567 -0.04999999999999999 -0.06666666666666667 0.45 -0.2 -0.7000000000000001 5 3 0 0 0 0 2 0 0 1
2026-09-05,09:24:55 GMT,V6.4 BLOCK - journal-guarded entry/recovery gate failed or signal already used
2026-09-05,09:24:55 GMT,SENTINEL V6 MULTI-WINDOW SCAN >>>
2026-09-05,09:24:55 GMT,V6.4 DIAG | 7 0 6 -0.050000000000000044 0 0.050000000000000044 0 0.45 -0.25 -0.15000000000000002 5 3 0 1 0 0 2 0 0 1
2026-09-05,09:24:55 GMT,V6.4 BLOCK - journal-guarded entry/recovery gate failed or signal already used
2026-09-05,09:24:55 GMT,SENTINEL V6 MULTI-WINDOW SCAN >>>
2026-09-05,09:24:55 GMT,V6.4 DIAG | 1 0 7 0.04999999999999993 -0.028571428571428567 -0.04999999999999999 0.06666666666666667 -0.05 -0.25 0.65 6 2 0 0 0 0 2 0 0 1
2026-09-05,09:24:55 GMT,V6.4 BLOCK - journal-guarded entry/recovery gate failed or signal already used
2026-09-05,09:24:55 GMT,SENTINEL V6 MULTI-WINDOW SCAN >>>
2026-09-05,09:24:55 GMT,V6.4 DIAG | 5 0 7 0.04999999999999993 -0.028571428571428567 -0.04999999999999999 0.06666666666666667 -0.05 -0.25 0.65 5 3 0 0 0 0 2 0 0 1
2026-09-05,09:24:55 GMT,V6.4 BLOCK - journal-guarded entry/recovery gate failed or signal already used
2026-09-05,09:24:55 GMT,SENTINEL V6 MULTI-WINDOW SCAN >>>
2026-09-05,09:24:55 GMT,V6.4 DIAG | 1 0 7 0.04999999999999993 -0.028571428571428567 -0.04999999999999999 0.06666666666666667 -0.05 -0.25 0.65 5 3 0 1 0 0 2 0 0 1
2026-09-05,09:24:55 GMT,V6.4 BLOCK - journal-guarded entry/recovery gate failed or signal already used
2026-09-05,09:24:55 GMT,SENTINEL V6 MULTI-WINDOW SCAN >>>
2026-09-05,09:24:55 GMT,V6.4 DIAG | 9 0 8 0.09999999999999998 -0.028571428571428567 -0.10000000000000003 0.06666666666666667 -0.05 -0.25 0.6 5 3 0 1 0 0 2 0 0 1
2026-09-05,09:24:55 GMT,V6.4 BLOCK - journal-guarded entry/recovery gate failed or signal already used
2026-09-05,09:24:55 GMT,SENTINEL V6 MULTI-WINDOW SCAN >>>
2026-09-05,09:24:55 GMT,V6.4 DIAG | 9 0 8 0.20000000000000007 -0.057142857142857134 -0.2 0.13333333333333333 -0.05 -0.25 0.9 6 2 0 0 0 0 2 0 0 1
2026-09-05,09:24:55 GMT,V6.4 BLOCK - journal-guarded entry/recovery gate failed or signal already used
2026-09-05,09:24:55 GMT,SENTINEL V6 MULTI-WINDOW SCAN >>>
2026-09-05,09:24:55 GMT,V6.4 DIAG | 2 0 8 0.15000000000000002 0 -0.14999999999999997 0 -0.05 -0.5 0.4 7 1 0 0 0 0 2 0 0 1
2026-09-05,09:24:55 GMT,V6.4 BLOCK - journal-guarded entry/recovery gate failed or signal already used
2026-09-05,09:24:55 GMT,SENTINEL V6 MULTI-WINDOW SCAN >>>
2026-09-05,09:24:55 GMT,V6.4 DIAG | 2 0 8 0.15000000000000002 0 -0.14999999999999997 0 -0.05 -0.5 0.4 7 1 0 0 0 0 2 0 0 1
2026-09-05,09:24:54 GMT,V6.4 BLOCK - journal-guarded entry/recovery gate failed or signal already used
2026-09-05,09:24:54 GMT,SENTINEL V6 MULTI-WINDOW SCAN >>>
2026-09-05,09:24:54 GMT,V6.4 DIAG | 0 0 9 0 0.028571428571428567 0 -0.06666666666666667 -0.05 -0.75 0.4 6 2 1 0 0 0 2 0 0 1
2026-09-05,09:24:54 GMT,V6.4 BLOCK - journal-guarded entry/recovery gate failed or signal already used
2026-09-05,09:24:54 GMT,SENTINEL V6 MULTI-WINDOW SCAN >>>
2026-09-05,09:24:54 GMT,V6.4 DIAG | 9 0 9 0 0.028571428571428567 0 -0.06666666666666667 -0.05 -0.75 0.4 6 2 1 1 0 0 2 0 0 1
2026-09-05,09:24:54 GMT,V6.4 BLOCK - journal-guarded entry/recovery gate failed or signal already used
2026-09-05,09:24:54 GMT,SENTINEL V6 MULTI-WINDOW SCAN >>>
2026-09-05,09:24:54 GMT,V6.4 DIAG | 2 0 9 0 0.08571428571428572 0 -0.2 -0.30000000000000004 -0.8 -0.1 6 2 2 0 0 0 2 0 0 1
2026-09-05,09:24:54 GMT,V6.4 BLOCK - journal-guarded entry/recovery gate failed or signal already used
2026-09-05,09:24:54 GMT,SENTINEL V6 MULTI-WINDOW SCAN >>>
2026-09-05,09:24:54 GMT,V6.4 DIAG | 0 0 9 0 0.028571428571428567 0 -0.06666666666666667 -0.30000000000000004 0 -0.1 6 2 2 0 0 0 2 0 0 1
2026-09-05,09:24:54 GMT,V6.4 BLOCK - journal-guarded entry/recovery gate failed or signal already used
2026-09-05,09:24:54 GMT,SENTINEL V6 MULTI-WINDOW SCAN >>>
2026-09-05,09:24:54 GMT,V6.4 DIAG | 0 0 9 0 0.028571428571428567 0 -0.06666666666666667 -0.30000000000000004 0 -0.1 5 3 2 0 0 0 2 0 0 1
2026-09-05,09:24:54 GMT,V6.4 BLOCK - journal-guarded entry/recovery gate failed or signal already used
2026-09-05,09:24:54 GMT,SENTINEL V6 MULTI-WINDOW SCAN >>>
2026-09-05,09:24:54 GMT,V6.4 DIAG | 2 0 6 0.04999999999999993 -0.028571428571428567 -0.04999999999999999 0.06666666666666667 -0.35000000000000003 0.8 -0.1 5 3 2 1 0 0 2 0 0 1
2026-09-05,09:24:54 GMT,V6.4 BLOCK - journal-guarded entry/recovery gate failed or signal already used
2026-09-05,09:24:54 GMT,SENTINEL V6 MULTI-WINDOW SCAN >>>
2026-09-05,09:24:54 GMT,V6.4 DIAG | 5 0 6 0.04999999999999993 -0.028571428571428567 -0.04999999999999999 0.06666666666666667 -0.35000000000000003 0.8 -0.1 5 3 2 1 0 0 2 0 0 1
2026-09-05,09:24:54 GMT,V6.4 BLOCK - journal-guarded entry/recovery gate failed or signal already used
2026-09-05,09:24:54 GMT,SENTINEL V6 MULTI-WINDOW SCAN >>>
2026-09-05,09:24:54 GMT,V6.4 DIAG | 8 0 4 -0.09999999999999998 -0.05714285714285714 0.10000000000000003 0.13333333333333336 0.45 0.8 -0.35000000000000003 5 3 2 1 0 0 2 0 0 1
2026-09-05,09:24:54 GMT,V6.4 BLOCK - journal-guarded entry/recovery gate failed or signal already used
2026-09-05,09:24:54 GMT,SENTINEL V6 MULTI-WINDOW SCAN >>>
2026-09-05,09:24:54 GMT,V6.4 DIAG | 0 0 5 0 -0.028571428571428567 0 0.06666666666666667 0.45 0.30000000000000004 -0.35000000000000003 6 2 1 1 0 0 2 0 0 1
2026-09-05,09:24:54 GMT,V6.4 BLOCK - journal-guarded entry/recovery gate failed or signal already used
2026-09-05,09:24:54 GMT,SENTINEL V6 MULTI-WINDOW SCAN >>>
2026-09-05,09:24:54 GMT,V6.4 DIAG | 8 0 5 0 -0.028571428571428567 0 0.06666666666666667 0.45 0.30000000000000004 -0.35000000000000003 5 3 1 1 0 0 2 0 0 1
2026-09-05,09:24:54 GMT,V6.4 BLOCK - journal-guarded entry/recovery gate failed or signal already used
2026-09-05,09:24:54 GMT,SENTINEL V6 MULTI-WINDOW SCAN >>>
2026-09-05,09:24:54 GMT,V6.4 DIAG | 4 0 9 -0.050000000000000044 0.028571428571428567 0.04999999999999999 -0.06666666666666667 0.45 -0.45 -0.35000000000000003 6 2 0 1 0 0 2 0 0 1
2026-09-05,09:24:54 GMT,V6.4 BLOCK - journal-guarded entry/recovery gate failed or signal already used
2026-09-05,09:24:54 GMT,SENTINEL V6 MULTI-WINDOW SCAN >>>
2026-09-05,09:24:54 GMT,V6.4 DIAG | 7 0 9 -0.20000000000000007 0.05714285714285714 0.2 -0.13333333333333336 0.45 -0.7000000000000001 -0.35000000000000003 6 2 0 1 0 0 2 0 0 1
2026-09-05,09:24:54 GMT,V6.4 BLOCK - journal-guarded entry/recovery gate failed or signal already used
2026-09-05,09:24:54 GMT,SENTINEL V6 MULTI-WINDOW SCAN >>>
2026-09-05,09:24:54 GMT,V6.4 DIAG | 1 0 9 -0.25 0.05714285714285714 0.25 -0.13333333333333336 -0.05 -0.95 0.45 6 2 1 1 0 0 2 0 0 1
2026-09-05,09:24:54 GMT,V6.4 BLOCK - journal-guarded entry/recovery gate failed or signal already used
2026-09-05,09:24:54 GMT,SENTINEL V6 MULTI-WINDOW SCAN >>>
2026-09-05,09:24:54 GMT,V6.4 DIAG | 3 0 8 -0.25 0.05714285714285714 0.25 -0.13333333333333336 -0.05 -0.95 0.45 5 3 2 1 0 0 2 0 0 1
2026-09-05,09:24:35 GMT,V6.4 BLOCK - journal-guarded entry/recovery gate failed or signal already used
2026-09-05,09:24:35 GMT,SENTINEL V6 MULTI-WINDOW SCAN >>>
2026-09-05,09:24:35 GMT,V6.4 DIAG | 0 0 6 -0.25 0.05714285714285714 0.25 -0.13333333333333336 -0.05 -0.95 0.45 4 4 3 1 0 0 2 0 0 1
2026-09-05,09:24:35 GMT,V6.4 BLOCK - journal-guarded entry/recovery gate failed or signal already used
2026-09-05,09:24:35 GMT,SENTINEL V6 MULTI-WINDOW SCAN >>>
2026-09-05,09:24:35 GMT,V6.4 DIAG | 6 0 3 -0.20000000000000007 0 0.2 0 -0.1 -0.15000000000000002 0.45 4 4 3 1 0 0 2 0 0 1
2026-09-05,09:24:35 GMT,V6.4 BLOCK - journal-guarded entry/recovery gate failed or signal already used
2026-09-05,09:24:35 GMT,SENTINEL V6 MULTI-WINDOW SCAN >>>
2026-09-05,09:24:35 GMT,V6.4 DIAG | 9 0 2 -0.30000000000000004 -0.028571428571428574 0.3 0.06666666666666668 -0.15 0.65 0.2 4 4 3 1 0 0 2 0 0 1
2026-09-05,09:24:35 GMT,V6.4 BLOCK - journal-guarded entry/recovery gate failed or signal already used
2026-09-05,09:24:35 GMT,SENTINEL V6 MULTI-WINDOW SCAN >>>
2026-09-05,09:24:35 GMT,V6.4 DIAG | 0 0 5 -0.20000000000000007 -0.05714285714285714 0.2 0.13333333333333336 -0.15 1.45 -0.30000000000000004 5 3 3 1 0 0 2 0 0 1
2026-09-05,09:24:35 GMT,V6.4 BLOCK - journal-guarded entry/recovery gate failed or signal already used
2026-09-05,09:24:35 GMT,SENTINEL V6 MULTI-WINDOW SCAN >>>
2026-09-05,09:24:35 GMT,V6.4 DIAG | 0 0 3 -0.20000000000000007 -0.05714285714285714 0.2 0.13333333333333336 -0.15 1.45 -0.30000000000000004 4 4 3 1 0 0 2 0 0 1
2026-09-05,09:24:35 GMT,V6.4 BLOCK - journal-guarded entry/recovery gate failed or signal already used
2026-09-05,09:24:35 GMT,SENTINEL V6 MULTI-WINDOW SCAN >>>
2026-09-05,09:24:35 GMT,V6.4 DIAG | 8 0 3 -0.15000000000000002 -0.05714285714285714 0.15000000000000002 0.13333333333333336 -0.15 1.45 -0.35000000000000003 4 4 3 1 0 0 2 0 0 1
2026-09-05,09:24:35 GMT,V6.4 BLOCK - journal-guarded entry/recovery gate failed or signal already used
2026-09-05,09:24:35 GMT,SENTINEL V6 MULTI-WINDOW SCAN >>>
2026-09-05,09:24:35 GMT,V6.4 DIAG | 8 0 5 0 -0.028571428571428567 0 0.06666666666666667 -0.15 0.9500000000000001 -0.4 5 3 2 1 0 0 2 0 0 1
2026-09-05,09:24:34 GMT,V6.4 BLOCK - journal-guarded entry/recovery gate failed or signal already used
2026-09-05,09:24:34 GMT,SENTINEL V6 MULTI-WINDOW SCAN >>>
2026-09-05,09:24:34 GMT,V6.4 DIAG | 8 0 7 0.10000000000000009 -0.057142857142857134 -0.09999999999999998 0.13333333333333333 -0.15 0.45 0.4 6 2 1 1 0 0 2 0 0 1
2026-09-05,09:24:34 GMT,V6.4 BLOCK - journal-guarded entry/recovery gate failed or signal already used
2026-09-05,09:24:34 GMT,SENTINEL V6 MULTI-WINDOW SCAN >>>
2026-09-05,09:24:34 GMT,V6.4 DIAG | 2 0 8 0.10000000000000009 0 -0.09999999999999998 0 -0.15 -0.30000000000000004 0.35000000000000003 7 1 0 0 0 0 2 0 0 1
2026-09-05,09:24:34 GMT,V6.4 BLOCK - journal-guarded entry/recovery gate failed or signal already used
2026-09-05,09:24:34 GMT,SENTINEL V6 MULTI-WINDOW SCAN >>>
2026-09-05,09:24:34 GMT,V6.4 DIAG | 4 0 8 0.15000000000000002 0 -0.14999999999999997 0 -0.15 -0.35000000000000003 0.35000000000000003 7 1 0 0 0 0 2 1 0 1
2026-09-05,09:24:34 GMT,V6.4 BLOCK - journal-guarded entry/recovery gate failed or signal already used
2026-09-05,09:24:34 GMT,SENTINEL V6 MULTI-WINDOW SCAN >>>
2026-09-05,09:24:34 GMT,V6.4 DIAG | 6 0 8 0.15000000000000002 0 -0.14999999999999997 0 -0.15 -0.35000000000000003 0.35000000000000003 6 2 1 0 0 0 2 0 0 1
2026-09-05,09:24:34 GMT,V6.4 BLOCK - journal-guarded entry/recovery gate failed or signal already used
2026-09-05,09:24:34 GMT,SENTINEL V6 MULTI-WINDOW SCAN >>>
2026-09-05,09:24:34 GMT,V6.4 DIAG | 9 0 10 0.04999999999999993 0.028571428571428567 -0.04999999999999999 -0.06666666666666667 -0.45 -0.35000000000000003 0.35000000000000003 6 2 1 1 0 0 2 0 0 1
2026-09-05,09:24:34 GMT,V6.4 BLOCK - journal-guarded entry/recovery gate failed or signal already used
2026-09-05,09:24:34 GMT,SENTINEL V6 MULTI-WINDOW SCAN >>>
2026-09-05,09:24:34 GMT,V6.4 DIAG | 1 0 12 0.15000000000000002 0.057142857142857134 -0.14999999999999997 -0.13333333333333333 -0.45 -0.35000000000000003 -0.15 7 1 1 1 1 0 2 0 0 1
2026-09-05,09:24:34 GMT,V6.4 BLOCK - journal-guarded entry/recovery gate failed or signal already used
2026-09-05,09:24:34 GMT,SENTINEL V6 MULTI-WINDOW SCAN >>>
2026-09-05,09:24:34 GMT,V6.4 DIAG | 6 0 8 0.20000000000000007 0 -0.2 0 -0.45 0.45 -0.2 6 2 1 1 0 0 2 0 0 1
2026-09-05,09:24:34 GMT,V6.4 BLOCK - journal-guarded entry/recovery gate failed or signal already used
2026-09-05,09:24:34 GMT,SENTINEL V6 MULTI-WINDOW SCAN >>>
2026-09-05,09:24:34 GMT,V6.4 DIAG | 4 0 8 0.20000000000000007 0 -0.2 0 -0.45 0.45 -0.2 6 2 1 1 0 0 2 0 0 1
2026-09-05,09:24:34 GMT,V6.4 BLOCK - journal-guarded entry/recovery gate failed or signal already used
2026-09-05,09:24:34 GMT,SENTINEL V6 MULTI-WINDOW SCAN >>>
2026-09-05,09:24:34 GMT,V6.4 DIAG | 6 0 8 0.20000000000000007 0 -0.2 0 -0.45 0.45 -0.2 6 2 1 1 0 0 2 0 0 1
2026-09-05,09:24:34 GMT,V6.4 BLOCK - journal-guarded entry/recovery gate failed or signal already used
2026-09-05,09:24:34 GMT,SENTINEL V6 MULTI-WINDOW SCAN >>>
2026-09-05,09:24:34 GMT,V6.4 DIAG | 6 0 7 0.20000000000000007 -0.057142857142857134 -0.2 0.13333333333333333 0.35000000000000003 0.45 -0.2 6 2 1 1 0 0 2 0 0 1
2026-09-05,09:24:34 GMT,V6.4 BLOCK - journal-guarded entry/recovery gate failed or signal already used
2026-09-05,09:24:34 GMT,SENTINEL V6 MULTI-WINDOW SCAN >>>
2026-09-05,09:24:34 GMT,V6.4 DIAG | 8 0 7 0.20000000000000007 -0.057142857142857134 -0.2 0.13333333333333333 0.35000000000000003 0.45 -0.2 6 2 1 1 0 0 2 0 0 1
2026-09-05,09:24:34 GMT,V6.4 BLOCK - journal-guarded entry/recovery gate failed or signal already used
2026-09-05,09:24:34 GMT,SENTINEL V6 MULTI-WINDOW SCAN >>>
2026-09-05,09:24:34 GMT,V6.4 DIAG | 4 0 8 0.30000000000000004 -0.028571428571428567 -0.30000000000000004 0.06666666666666667 0.35000000000000003 -0.05 -0.2 7 1 0 0 0 0 2 0 0 1
2026-09-05,09:24:34 GMT,V6.4 BLOCK - journal-guarded entry/recovery gate failed or signal already used
2026-09-05,09:24:34 GMT,SENTINEL V6 MULTI-WINDOW SCAN >>>
2026-09-05,09:24:34 GMT,V6.4 DIAG | 3 0 8 0.30000000000000004 -0.028571428571428567 -0.30000000000000004 0.06666666666666667 0.35000000000000003 -0.05 -0.2 7 1 0 0 0 0 2 0 0 1
2026-09-05,09:24:14 GMT,V6.4 BLOCK - journal-guarded entry/recovery gate failed or signal already used
2026-09-05,09:24:14 GMT,SENTINEL V6 MULTI-WINDOW SCAN >>>
2026-09-05,09:24:14 GMT,V6.4 DIAG | 7 0 8 0.30000000000000004 -0.028571428571428567 -0.30000000000000004 0.06666666666666667 0.35000000000000003 -0.05 -0.2 7 1 0 0 0 0 2 0 0 1
2026-09-05,09:24:14 GMT,V6.4 BLOCK - journal-guarded entry/recovery gate failed or signal already used
2026-09-05,09:24:14 GMT,SENTINEL V6 MULTI-WINDOW SCAN >>>
2026-09-05,09:24:14 GMT,V6.4 DIAG | 3 0 12 0.25 0.028571428571428567 -0.24999999999999997 -0.06666666666666667 -0.4 -0.05 -0.2 8 0 0 0 0 0 2 1 0 1
2026-09-05,09:24:14 GMT,V6.4 BLOCK - journal-guarded entry/recovery gate failed or signal already used
2026-09-05,09:24:14 GMT,SENTINEL V6 MULTI-WINDOW SCAN >>>
2026-09-05,09:24:14 GMT,V6.4 DIAG | 5 0 12 0.10000000000000009 0.057142857142857134 -0.09999999999999998 -0.13333333333333333 -0.65 -0.05 -0.2 8 0 0 0 1 0 2 0 0 1
2026-09-05,09:24:14 GMT,V6.4 BLOCK - journal-guarded entry/recovery gate failed or signal already used
2026-09-05,09:24:14 GMT,SENTINEL V6 MULTI-WINDOW SCAN >>>
2026-09-05,09:24:14 GMT,V6.4 DIAG | 5 0 12 0.10000000000000009 0.057142857142857134 -0.09999999999999998 -0.13333333333333333 -0.65 -0.05 -0.2 7 1 0 0 1 0 2 0 0 1
2026-09-05,09:24:14 GMT,V6.4 BLOCK - journal-guarded entry/recovery gate failed or signal already used
2026-09-05,09:24:14 GMT,SENTINEL V6 MULTI-WINDOW SCAN >>>
2026-09-05,09:24:14 GMT,V6.4 DIAG | 2 0 12 0.15000000000000002 0.057142857142857134 -0.14999999999999997 -0.13333333333333333 -0.65 -0.05 -0.25 6 2 0 0 0 0 2 0 0 1
2026-09-05,09:24:14 GMT,V6.4 BLOCK - journal-guarded entry/recovery gate failed or signal already used
2026-09-05,09:24:14 GMT,SENTINEL V6 MULTI-WINDOW SCAN >>>
2026-09-05,09:24:14 GMT,V6.4 DIAG | 6 0 10 0 0.08571428571428572 0 -0.2 -0.65 -0.05 -0.5 6 2 0 0 0 0 2 0 0 1
2026-09-05,09:24:14 GMT,V6.4 BLOCK - journal-guarded entry/recovery gate failed or signal already used
2026-09-05,09:24:14 GMT,SENTINEL V6 MULTI-WINDOW SCAN >>>
2026-09-05,09:24:14 GMT,V6.4 DIAG | 6 0 9 -0.15000000000000002 0.05714285714285714 0.15000000000000002 -0.13333333333333336 0.15000000000000002 -0.05 -0.75 6 2 0 1 0 0 2 0 0 1
2026-09-05,09:24:14 GMT,V6.4 BLOCK - journal-guarded entry/recovery gate failed or signal already used
2026-09-05,09:24:14 GMT,SENTINEL V6 MULTI-WINDOW SCAN >>>
2026-09-05,09:24:14 GMT,V6.4 DIAG | 2 0 6 -0.09999999999999998 0 0.10000000000000003 0 0.9500000000000001 -0.1 -0.75 5 3 0 1 0 0 2 0 0 1
2026-09-05,09:24:14 GMT,V6.4 BLOCK - journal-guarded entry/recovery gate failed or signal already used
2026-09-05,09:24:14 GMT,SENTINEL V6 MULTI-WINDOW SCAN >>>
2026-09-05,09:24:14 GMT,V6.4 DIAG | 2 0 7 -0.25 0.028571428571428574 0.25 -0.06666666666666668 0.9500000000000001 -0.1 -1 4 4 0 1 0 0 2 0 0 1
2026-09-05,09:24:13 GMT,V6.4 BLOCK - journal-guarded entry/recovery gate failed or signal already used
2026-09-05,09:24:13 GMT,SENTINEL V6 MULTI-WINDOW SCAN >>>
2026-09-05,09:24:13 GMT,V6.4 DIAG | 2 0 6 -0.35 0.05714285714285715 0.35 -0.13333333333333333 0.9 -0.35000000000000003 -1 4 4 0 1 0 0 2 0 0 1
2026-09-05,09:24:13 GMT,V6.4 BLOCK - journal-guarded entry/recovery gate failed or signal already used
2026-09-05,09:24:13 GMT,SENTINEL V6 MULTI-WINDOW SCAN >>>
2026-09-05,09:24:13 GMT,V6.4 DIAG | 7 0 3 -0.35 0 0.35 0 0.9 -0.35000000000000003 -0.20000000000000004 3 5 0 1 0 0 2 0 0 1
2026-09-05,09:24:13 GMT,V6.4 BLOCK - journal-guarded entry/recovery gate failed or signal already used
2026-09-05,09:24:13 GMT,SENTINEL V6 MULTI-WINDOW SCAN >>>
2026-09-05,09:24:13 GMT,V6.4 DIAG | 7 0 2 -0.4 0 0.39999999999999997 0 0.15000000000000002 -0.35000000000000003 0.6 3 5 1 1 0 0 2 0 0 1
2026-09-05,09:24:13 GMT,V6.4 BLOCK - journal-guarded entry/recovery gate failed or signal already used
2026-09-05,09:24:13 GMT,SENTINEL V6 MULTI-WINDOW SCAN >>>
2026-09-05,09:24:13 GMT,V6.4 DIAG | 5 0 7 -0.30000000000000004 0.028571428571428574 0.3 -0.06666666666666668 -0.35000000000000003 -0.35000000000000003 0.6 4 4 1 1 0 0 2 0 0 1
2026-09-05,09:24:13 GMT,V6.4 BLOCK - journal-guarded entry/recovery gate failed or signal already used
2026-09-05,09:24:13 GMT,SENTINEL V6 MULTI-WINDOW SCAN >>>
2026-09-05,09:24:13 GMT,V6.4 DIAG | 2 0 3 -0.4 0 0.39999999999999997 0 -0.35000000000000003 -0.35000000000000003 1.1 3 5 1 1 0 0 2 0 0 1
2026-09-05,09:24:13 GMT,V6.4 BLOCK - journal-guarded entry/recovery gate failed or signal already used
2026-09-05,09:24:13 GMT,SENTINEL V6 MULTI-WINDOW SCAN >>>
2026-09-05,09:24:13 GMT,V6.4 DIAG | 9 0 2 -0.35 -0.05714285714285715 0.35 0.13333333333333333 -0.4 0.45 1.1 3 5 1 1 0 0 2 0 0 1
2026-09-05,09:24:13 GMT,V6.4 BLOCK - journal-guarded entry/recovery gate failed or signal already used
2026-09-05,09:24:13 GMT,SENTINEL V6 MULTI-WINDOW SCAN >>>
2026-09-05,09:24:13 GMT,V6.4 DIAG | 9 0 3 -0.25 -0.028571428571428574 0.25 0.06666666666666668 -0.4 0.45 0.6 3 5 1 1 0 0 2 0 0 1
2026-09-05,09:24:13 GMT,V6.4 BLOCK - journal-guarded entry/recovery gate failed or signal already used
2026-09-05,09:24:13 GMT,SENTINEL V6 MULTI-WINDOW SCAN >>>
2026-09-05,09:24:13 GMT,V6.4 DIAG | 5 0 2 -0.15000000000000002 -0.05714285714285714 0.15000000000000002 0.13333333333333336 0.4 0.45 0.1 4 4 1 1 0 0 2 0 0 1
2026-09-05,09:24:13 GMT,V6.4 BLOCK - journal-guarded entry/recovery gate failed or signal already used
2026-09-05,09:24:13 GMT,SENTINEL V6 MULTI-WINDOW SCAN >>>
2026-09-05,09:24:13 GMT,V6.4 DIAG | 9 0 2 -0.15000000000000002 -0.05714285714285714 0.15000000000000002 0.13333333333333336 0.4 0.45 0.1 4 4 1 1 0 0 2 0 0 1
2026-09-05,09:24:13 GMT,V6.4 BLOCK - journal-guarded entry/recovery gate failed or signal already used
2026-09-05,09:24:13 GMT,SENTINEL V6 MULTI-WINDOW SCAN >>>
2026-09-05,09:24:13 GMT,V6.4 DIAG | 8 0 4 0 -0.08571428571428572 0 0.2 0.4 0.4 0.4 5 3 1 1 0 0 2 0 0 1
2026-09-05,09:24:13 GMT,V6.4 BLOCK - journal-guarded entry/recovery gate failed or signal already used
2026-09-05,09:24:13 GMT,SENTINEL V6 MULTI-WINDOW SCAN >>>
2026-09-05,09:24:13 GMT,V6.4 DIAG | 6 0 7 0.15000000000000002 -0.057142857142857134 -0.14999999999999997 0.13333333333333333 0.35000000000000003 -0.1 0.4 6 2 0 1 0 0 2 0 0 1
2026-09-05,09:24:13 GMT,V6.4 BLOCK - journal-guarded entry/recovery gate failed or signal already used
2026-09-05,09:24:13 GMT,SENTINEL V6 MULTI-WINDOW SCAN >>>
2026-09-05,09:24:13 GMT,V6.4 DIAG | 7 0 7 0.20000000000000007 -0.057142857142857134 -0.2 0.13333333333333333 0.35000000000000003 -0.15 0.4 6 2 0 1 0 0 2 0 0 1
2026-09-05,09:23:55 GMT,V6.4 BLOCK - journal-guarded entry/recovery gate failed or signal already used
2026-09-05,09:23:55 GMT,SENTINEL V6 MULTI-WINDOW SCAN >>>
2026-09-05,09:23:55 GMT,V6.4 DIAG | 4 0 8 0.35 -0.028571428571428567 -0.35 0.06666666666666667 -0.2 -0.15 0.4 7 1 0 1 0 0 2 0 0 1
2026-09-05,09:23:55 GMT,V6.4 BLOCK - journal-guarded entry/recovery gate failed or signal already used
2026-09-05,09:23:55 GMT,SENTINEL V6 MULTI-WINDOW SCAN >>>
2026-09-05,09:23:55 GMT,V6.4 DIAG | 9 0 8 0.4 -0.028571428571428567 -0.4 0.06666666666666667 -0.2 -0.2 0.4 7 1 0 1 0 0 2 0 0 1
2026-09-05,09:23:55 GMT,V6.4 BLOCK - journal-guarded entry/recovery gate failed or signal already used
2026-09-05,09:23:55 GMT,SENTINEL V6 MULTI-WINDOW SCAN >>>
2026-09-05,09:23:55 GMT,V6.4 DIAG | 0 1 9 0.5 0 -0.5 0 -0.2 -0.2 -0.1 8 0 0 0 0 0 2 0 0 1
2026-09-05,09:23:55 GMT,V6.4 BLOCK - journal-guarded entry/recovery gate failed or signal already used
2026-09-05,09:23:55 GMT,SENTINEL V6 MULTI-WINDOW SCAN >>>
2026-09-05,09:23:55 GMT,V6.4 DIAG | 1 0 12 0.4 0.028571428571428567 -0.4 -0.06666666666666667 -0.2 -0.25 -0.35000000000000003 8 0 0 0 1 0 2 1 0 1
2026-09-05,09:23:55 GMT,V6.4 BLOCK - journal-guarded entry/recovery gate failed or signal already used
2026-09-05,09:23:55 GMT,SENTINEL V6 MULTI-WINDOW SCAN >>>
2026-09-05,09:23:55 GMT,V6.4 DIAG | 3 0 12 0.4 0.028571428571428567 -0.4 -0.06666666666666667 -0.2 -0.25 -0.35000000000000003 8 0 0 0 1 0 2 0 0 1
2026-09-05,09:23:55 GMT,V6.4 BLOCK - journal-guarded entry/recovery gate failed or signal already used
2026-09-05,09:23:55 GMT,SENTINEL V6 MULTI-WINDOW SCAN >>>
2026-09-05,09:23:55 GMT,V6.4 DIAG | 6 1 12 0.4 0.028571428571428567 -0.4 -0.06666666666666667 -0.2 -0.25 -0.35000000000000003 7 1 0 0 0 0 2 0 0 1
2026-09-05,09:23:54 GMT,V6.4 BLOCK - journal-guarded entry/recovery gate failed or signal already used
2026-09-05,09:23:54 GMT,SENTINEL V6 MULTI-WINDOW SCAN >>>
2026-09-05,09:23:54 GMT,V6.4 DIAG | 4 0 12 0.25 0.057142857142857134 -0.25 -0.13333333333333333 -0.2 -0.5 -0.35000000000000003 7 1 0 0 1 0 2 1 0 1
2026-09-05,09:23:54 GMT,V6.4 BLOCK - journal-guarded entry/recovery gate failed or signal already used
2026-09-05,09:23:54 GMT,SENTINEL V6 MULTI-WINDOW SCAN >>>
2026-09-05,09:23:54 GMT,V6.4 DIAG | 0 0 12 0.25 0.057142857142857134 -0.25 -0.13333333333333333 -0.2 -0.5 -0.35000000000000003 7 1 0 0 1 0 2 0 0 1
2026-09-05,09:23:54 GMT,V6.4 BLOCK - journal-guarded entry/recovery gate failed or signal already used
2026-09-05,09:23:54 GMT,SENTINEL V6 MULTI-WINDOW SCAN >>>
2026-09-05,09:23:54 GMT,V6.4 DIAG | 4 1 11 0.09999999999999998 0.028571428571428567 -0.10000000000000003 -0.06666666666666667 -0.45 -0.5 0.45 6 2 1 0 1 0 2 0 0 1
2026-09-05,09:23:54 GMT,V6.4 BLOCK - journal-guarded entry/recovery gate failed or signal already used
2026-09-05,09:23:54 GMT,SENTINEL V6 MULTI-WINDOW SCAN >>>
2026-09-05,09:23:54 GMT,V6.4 DIAG | 3 0 11 0.1499999999999999 0.028571428571428567 -0.15000000000000002 -0.06666666666666667 -0.5 -0.5 0.45 6 2 1 0 1 0 2 1 0 1
2026-09-05,09:23:54 GMT,V6.4 BLOCK - journal-guarded entry/recovery gate failed or signal already used
2026-09-05,09:23:54 GMT,SENTINEL V6 MULTI-WINDOW SCAN >>>
2026-09-05,09:23:54 GMT,V6.4 DIAG | 0 0 11 0.1499999999999999 0.028571428571428567 -0.15000000000000002 -0.06666666666666667 -0.5 -0.5 0.45 5 3 1 0 1 0 2 0 0 1
2026-09-05,09:23:54 GMT,V6.4 BLOCK - journal-guarded entry/recovery gate failed or signal already used
2026-09-05,09:23:54 GMT,SENTINEL V6 MULTI-WINDOW SCAN >>>
2026-09-05,09:23:54 GMT,V6.4 DIAG | 1 0 7 0.1499999999999999 -0.028571428571428567 -0.15000000000000002 0.06666666666666667 -0.5 0.30000000000000004 0.45 5 3 1 1 0 0 2 0 0 1
2026-09-05,09:23:54 GMT,V6.4 BLOCK - journal-guarded entry/recovery gate failed or signal already used
2026-09-05,09:23:54 GMT,SENTINEL V6 MULTI-WINDOW SCAN >>>
2026-09-05,09:23:54 GMT,V6.4 DIAG | 9 0 5 0 0 0 0 -0.5 0.30000000000000004 0.2 5 3 1 1 0 0 2 0 0 1
2026-09-05,09:23:54 GMT,V6.4 BLOCK - journal-guarded entry/recovery gate failed or signal already used
2026-09-05,09:23:54 GMT,SENTINEL V6 MULTI-WINDOW SCAN >>>
2026-09-05,09:23:54 GMT,V6.4 DIAG | 5 0 6 0 0 0 0 0 0.30000000000000004 -0.30000000000000004 6 2 1 1 0 0 2 0 0 1
2026-09-05,09:23:54 GMT,V6.4 BLOCK - journal-guarded entry/recovery gate failed or signal already used
2026-09-05,09:23:54 GMT,SENTINEL V6 MULTI-WINDOW SCAN >>>
2026-09-05,09:23:54 GMT,V6.4 DIAG | 4 0 6 0 0 0 0 0 0.30000000000000004 -0.30000000000000004 5 3 1 1 0 0 2 0 0 1
2026-09-05,09:23:54 GMT,V6.4 BLOCK - journal-guarded entry/recovery gate failed or signal already used
2026-09-05,09:23:54 GMT,SENTINEL V6 MULTI-WINDOW SCAN >>>
2026-09-05,09:23:54 GMT,V6.4 DIAG | 8 0 4 0 0 0 0 0 0.30000000000000004 -0.30000000000000004 4 4 1 1 0 0 2 0 0 1
2026-09-05,09:23:54 GMT,V6.4 BLOCK - journal-guarded entry/recovery gate failed or signal already used
2026-09-05,09:23:54 GMT,SENTINEL V6 MULTI-WINDOW SCAN >>>
2026-09-05,09:23:54 GMT,V6.4 DIAG | 4 0 12 0.09999999999999998 0.028571428571428567 -0.10000000000000003 -0.06666666666666667 0 -0.2 -0.30000000000000004 5 3 0 0 1 0 2 0 0 1
2026-09-05,09:23:54 GMT,V6.4 BLOCK - journal-guarded entry/recovery gate failed or signal already used
2026-09-05,09:23:54 GMT,SENTINEL V6 MULTI-WINDOW SCAN >>>
2026-09-05,09:23:54 GMT,V6.4 DIAG | 7 0 6 -0.050000000000000044 0 0.050000000000000044 0 0 -0.45 0.5 5 3 0 1 0 0 2 0 0 1
2026-09-05,09:23:54 GMT,V6.4 BLOCK - journal-guarded entry/recovery gate failed or signal already used
2026-09-05,09:23:54 GMT,SENTINEL V6 MULTI-WINDOW SCAN >>>
2026-09-05,09:23:54 GMT,V6.4 DIAG | 2 0 5 -0.050000000000000044 0 0.050000000000000044 0 0.05000000000000002 -0.5 0.5 6 2 0 1 0 0 2 0 0 1
2026-09-05,09:23:33 GMT,V6.4 BLOCK - journal-guarded entry/recovery gate failed or signal already used
2026-09-05,09:23:33 GMT,SENTINEL V6 MULTI-WINDOW SCAN >>>
2026-09-05,09:23:33 GMT,V6.4 DIAG | 3 0 8 -0.19999999999999996 0.028571428571428574 0.2 -0.06666666666666668 0.05000000000000002 -0.75 0.5 5 3 1 1 0 0 2 0 0 1
2026-09-05,09:23:33 GMT,V6.4 BLOCK - journal-guarded entry/recovery gate failed or signal already used
2026-09-05,09:23:33 GMT,SENTINEL V6 MULTI-WINDOW SCAN >>>
2026-09-05,09:23:33 GMT,V6.4 DIAG | 5 0 6 -0.35 0.05714285714285715 0.35 -0.13333333333333333 -0.20000000000000004 -0.75 0.5 4 4 1 1 0 0 2 0 0 1
2026-09-05,09:23:33 GMT,V6.4 BLOCK - journal-guarded entry/recovery gate failed or signal already used
2026-09-05,09:23:33 GMT,SENTINEL V6 MULTI-WINDOW SCAN >>>
2026-09-05,09:23:33 GMT,V6.4 DIAG | 9 0 5 -0.45 0.08571428571428572 0.44999999999999996 -0.19999999999999998 -0.25 -1 0.5 3 5 2 1 0 0 2 0 0 1
2026-09-05,09:23:33 GMT,V6.4 BLOCK - journal-guarded entry/recovery gate failed or signal already used
2026-09-05,09:23:33 GMT,SENTINEL V6 MULTI-WINDOW SCAN >>>
2026-09-05,09:23:33 GMT,V6.4 DIAG | 7 0 6 -0.29999999999999993 0.05714285714285715 0.3 -0.13333333333333333 -0.25 -0.20000000000000004 -0.05 3 5 2 1 0 0 2 0 0 1
2026-09-05,09:23:33 GMT,V6.4 BLOCK - journal-guarded entry/recovery gate failed or signal already used
2026-09-05,09:23:33 GMT,SENTINEL V6 MULTI-WINDOW SCAN >>>
2026-09-05,09:23:33 GMT,V6.4 DIAG | 0 0 5 -0.29999999999999993 0.05714285714285715 0.3 -0.13333333333333333 0.05000000000000002 -0.4499999999999999 -0.1 3 5 3 1 0 0 2 0 0 1
2026-09-05,09:23:33 GMT,V6.4 BLOCK - journal-guarded entry/recovery gate failed or signal already used
2026-09-05,09:23:33 GMT,SENTINEL V6 MULTI-WINDOW SCAN >>>
2026-09-05,09:23:33 GMT,V6.4 DIAG | 0 0 1 -0.29999999999999993 0 0.3 0 0.05000000000000002 0.35000000000000003 -0.1 3 5 3 1 0 0 2 0 0 1
2026-09-05,09:23:33 GMT,V6.4 BLOCK - journal-guarded entry/recovery gate failed or signal already used
2026-09-05,09:23:33 GMT,SENTINEL V6 MULTI-WINDOW SCAN >>>
2026-09-05,09:23:33 GMT,V6.4 DIAG | 2 0 1 -0.29999999999999993 -0.05714285714285715 0.3 0.13333333333333333 0.8500000000000001 0.35000000000000003 -0.1 2 6 4 1 0 0 2 0 0 1
2026-09-05,09:23:33 GMT,V6.4 BLOCK - journal-guarded entry/recovery gate failed or signal already used
2026-09-05,09:23:33 GMT,SENTINEL V6 MULTI-WINDOW SCAN >>>
2026-09-05,09:23:33 GMT,V6.4 DIAG | 8 0 1 -0.25 -0.11428571428571428 0.25 0.26666666666666666 0.8500000000000001 1.15 -0.15 2 6 4 1 0 0 2 0 0 1
2026-09-05,09:23:33 GMT,V6.4 BLOCK - journal-guarded entry/recovery gate failed or signal already used
2026-09-05,09:23:33 GMT,SENTINEL V6 MULTI-WINDOW SCAN >>>
2026-09-05,09:23:33 GMT,V6.4 DIAG | 7 0 2 -0.15000000000000002 -0.08571428571428572 0.15000000000000002 0.2 0.8500000000000001 0.65 -0.15 3 5 3 1 0 0 2 0 0 1
2026-09-05,09:23:33 GMT,V6.4 BLOCK - journal-guarded entry/recovery gate failed or signal already used
2026-09-05,09:23:33 GMT,SENTINEL V6 MULTI-WINDOW SCAN >>>
2026-09-05,09:23:33 GMT,V6.4 DIAG | 8 0 2 -0.050000000000000044 -0.11428571428571428 0.050000000000000044 0.26666666666666666 0.35000000000000003 1.45 -0.15 4 4 3 1 0 0 2 0 0 1
2026-09-05,09:23:32 GMT,V6.4 BLOCK - journal-guarded entry/recovery gate failed or signal already used
2026-09-05,09:23:32 GMT,SENTINEL V6 MULTI-WINDOW SCAN >>>
2026-09-05,09:23:32 GMT,V6.4 DIAG | 7 0 4 -0.050000000000000044 -0.05714285714285714 0.050000000000000044 0.13333333333333336 0.05000000000000002 0.9500000000000001 -0.15 5 3 2 1 0 0 2 0 0 1
2026-09-05,09:23:32 GMT,V6.4 BLOCK - journal-guarded entry/recovery gate failed or signal already used
2026-09-05,09:23:32 GMT,SENTINEL V6 MULTI-WINDOW SCAN >>>
2026-09-05,09:23:32 GMT,V6.4 DIAG | 8 0 6 0.04999999999999993 -0.028571428571428567 -0.04999999999999999 0.06666666666666667 -0.45 0.9500000000000001 -0.15 6 2 2 1 0 0 2 0 0 1
2026-09-05,09:23:32 GMT,V6.4 BLOCK - journal-guarded entry/recovery gate failed or signal already used
2026-09-05,09:23:32 GMT,SENTINEL V6 MULTI-WINDOW SCAN >>>
2026-09-05,09:23:32 GMT,V6.4 DIAG | 1 0 8 0.15000000000000002 0 -0.14999999999999997 0 -0.45 0.45 -0.15 6 2 1 1 0 0 2 0 0 1
2026-09-05,09:23:32 GMT,V6.4 BLOCK - journal-guarded entry/recovery gate failed or signal already used
2026-09-05,09:23:32 GMT,SENTINEL V6 MULTI-WINDOW SCAN >>>
2026-09-05,09:23:32 GMT,V6.4 DIAG | 8 0 8 0.20000000000000007 0 -0.2 0 -0.45 0.45 -0.2 6 2 1 1 0 0 2 0 0 1
2026-09-05,09:23:32 GMT,V6.4 BLOCK - journal-guarded entry/recovery gate failed or signal already used
2026-09-05,09:23:32 GMT,SENTINEL V6 MULTI-WINDOW SCAN >>>
2026-09-05,09:23:32 GMT,V6.4 DIAG | 3 1 12 0.20000000000000007 0.057142857142857134 -0.2 -0.13333333333333333 -0.7000000000000001 -0.05 -0.25 7 1 0 0 1 0 2 0 0 1
2026-09-05,09:23:32 GMT,V6.4 BLOCK - journal-guarded entry/recovery gate failed or signal already used
2026-09-05,09:23:32 GMT,SENTINEL V6 MULTI-WINDOW SCAN >>>
2026-09-05,09:23:32 GMT,V6.4 DIAG | 5 0 8 0.25 0 -0.25 0 0.1 -0.1 -0.25 7 1 0 0 0 0 2 1 0 1
2026-09-05,09:23:32 GMT,V6.4 BLOCK - journal-guarded entry/recovery gate failed or signal already used
2026-09-05,09:23:32 GMT,SENTINEL V6 MULTI-WINDOW SCAN >>>
2026-09-05,09:23:32 GMT,V6.4 DIAG | 5 0 8 0.25 0 -0.25 0 0.1 -0.1 -0.25 6 2 0 0 0 0 2 1 0 1
2026-09-05,09:23:32 GMT,V6.4 BLOCK - journal-guarded entry/recovery gate failed or signal already used
2026-09-05,09:23:32 GMT,SENTINEL V6 MULTI-WINDOW SCAN >>>
2026-09-05,09:23:32 GMT,V6.4 DIAG | 3 0 8 0.25 0 -0.25 0 0.1 -0.1 -0.25 6 2 0 0 0 0 2 0 0 1
2026-09-05,09:23:32 GMT,V6.4 BLOCK - journal-guarded entry/recovery gate failed or signal already used
2026-09-05,09:23:32 GMT,SENTINEL V6 MULTI-WINDOW SCAN >>>
2026-09-05,09:23:32 GMT,V6.4 DIAG | 2 0 8 0.25 0 -0.25 0 0.1 -0.1 -0.25 6 2 0 0 0 0 2 0 0 1
2026-09-05,09:23:32 GMT,V6.4 BLOCK - journal-guarded entry/recovery gate failed or signal already used
2026-09-05,09:23:32 GMT,SENTINEL V6 MULTI-WINDOW SCAN >>>
2026-09-05,09:23:32 GMT,V6.4 DIAG | 7 0 8 0.1499999999999999 -0.028571428571428567 -0.15000000000000002 0.06666666666666667 0.8500000000000001 -0.35000000000000003 -0.25 6 2 0 1 0 0 2 0 0 1
2026-09-05,09:23:32 GMT,V6.4 BLOCK - journal-guarded entry/recovery gate failed or signal already used
2026-09-05,09:23:32 GMT,SENTINEL V6 MULTI-WINDOW SCAN >>>
2026-09-05,09:23:32 GMT,V6.4 DIAG | 4 0 8 0.30000000000000004 0 -0.3 0 0.30000000000000004 -0.35000000000000003 -0.25 7 1 0 0 0 0 2 1 0 1
2026-09-05,09:23:32 GMT,V6.4 BLOCK - journal-guarded entry/recovery gate failed or signal already used
2026-09-05,09:23:32 GMT,SENTINEL V6 MULTI-WINDOW SCAN >>>
2026-09-05,09:23:32 GMT,V6.4 DIAG | 4 0 8 0.30000000000000004 0 -0.3 0 0.30000000000000004 -0.35000000000000003 -0.25 6 2 1 0 0 0 2 1 0 1
2026-09-05,09:23:13 GMT,V6.4 BLOCK - journal-guarded entry/recovery gate failed or signal already used
2026-09-05,09:23:13 GMT,SENTINEL V6 MULTI-WINDOW SCAN >>>
2026-09-05,09:23:13 GMT,V6.4 DIAG | 6 0 11 0.1499999999999999 0.028571428571428567 -0.15000000000000002 -0.06666666666666667 0.05000000000000002 -0.35000000000000003 -0.25 6 2 1 0 0 0 2 0 0 1
2026-09-05,09:23:13 GMT,V6.4 BLOCK - journal-guarded entry/recovery gate failed or signal already used
2026-09-05,09:23:13 GMT,SENTINEL V6 MULTI-WINDOW SCAN >>>
2026-09-05,09:23:13 GMT,V6.4 DIAG | 7 0 9 0 0.05714285714285714 0 -0.13333333333333336 0.05000000000000002 -0.35000000000000003 -0.5 6 2 1 0 0 0 2 0 0 1
2026-09-05,09:23:13 GMT,V6.4 BLOCK - journal-guarded entry/recovery gate failed or signal already used
2026-09-05,09:23:13 GMT,SENTINEL V6 MULTI-WINDOW SCAN >>>
2026-09-05,09:23:13 GMT,V6.4 DIAG | 2 0 9 -0.050000000000000044 0.05714285714285714 0.050000000000000044 -0.13333333333333336 -0.45 0.45 -0.75 6 2 1 1 0 0 2 0 0 1
2026-09-05,09:23:13 GMT,V6.4 BLOCK - journal-guarded entry/recovery gate failed or signal already used
2026-09-05,09:23:13 GMT,SENTINEL V6 MULTI-WINDOW SCAN >>>
2026-09-05,09:23:13 GMT,V6.4 DIAG | 1 0 9 -0.050000000000000044 0.05714285714285714 0.050000000000000044 -0.13333333333333336 -0.45 0.45 -0.75 5 3 1 1 0 0 2 0 0 1
2026-09-05,09:23:13 GMT,V6.4 BLOCK - journal-guarded entry/recovery gate failed or signal already used
2026-09-05,09:23:13 GMT,SENTINEL V6 MULTI-WINDOW SCAN >>>
2026-09-05,09:23:13 GMT,V6.4 DIAG | 2 0 7 -0.050000000000000044 0.05714285714285714 0.050000000000000044 -0.13333333333333336 -0.45 0.45 -0.75 4 4 1 1 0 0 2 0 0 1
2026-09-05,09:23:13 GMT,V6.4 BLOCK - journal-guarded entry/recovery gate failed or signal already used
2026-09-05,09:23:13 GMT,SENTINEL V6 MULTI-WINDOW SCAN >>>
2026-09-05,09:23:13 GMT,V6.4 DIAG | 0 0 6 -0.19999999999999996 0.028571428571428574 0.2 -0.06666666666666668 0.35000000000000003 0.45 -1 4 4 1 1 0 0 2 0 0 1
2026-09-05,09:23:13 GMT,V6.4 BLOCK - journal-guarded entry/recovery gate failed or signal already used
2026-09-05,09:23:13 GMT,SENTINEL V6 MULTI-WINDOW SCAN >>>
2026-09-05,09:23:13 GMT,V6.4 DIAG | 8 0 3 -0.19999999999999996 -0.028571428571428574 0.2 0.06666666666666668 0.35000000000000003 0.45 -0.20000000000000004 4 4 1 1 0 0 2 0 0 1
2026-09-05,09:23:13 GMT,V6.4 BLOCK - journal-guarded entry/recovery gate failed or signal already used
2026-09-05,09:23:13 GMT,SENTINEL V6 MULTI-WINDOW SCAN >>>
2026-09-05,09:23:13 GMT,V6.4 DIAG | 4 0 3 -0.09999999999999998 -0.05714285714285714 0.10000000000000003 0.13333333333333336 0.35000000000000003 -0.05 0.6 4 4 0 1 0 0 2 0 0 1
2026-09-05,09:23:13 GMT,V6.4 BLOCK - journal-guarded entry/recovery gate failed or signal already used
2026-09-05,09:23:13 GMT,SENTINEL V6 MULTI-WINDOW SCAN >>>
2026-09-05,09:23:13 GMT,V6.4 DIAG | 3 0 3 -0.19999999999999996 -0.028571428571428574 0.2 0.06666666666666668 0.05000000000000002 -0.05 0.6 4 4 0 1 0 0 2 0 0 1
2026-09-05,09:23:12 GMT,V6.4 BLOCK - journal-guarded entry/recovery gate failed or signal already used
2026-09-05,09:23:12 GMT,SENTINEL V6 MULTI-WINDOW SCAN >>>
2026-09-05,09:23:12 GMT,V6.4 DIAG | 7 0 3 -0.19999999999999996 -0.028571428571428574 0.2 0.06666666666666668 0.05000000000000002 -0.05 0.6 4 4 0 1 0 0 2 0 0 1
2026-09-05,09:23:12 GMT,V6.4 BLOCK - journal-guarded entry/recovery gate failed or signal already used
2026-09-05,09:23:12 GMT,SENTINEL V6 MULTI-WINDOW SCAN >>>
2026-09-05,09:23:12 GMT,V6.4 DIAG | 9 0 4 -0.050000000000000044 -0.05714285714285714 0.050000000000000044 0.13333333333333336 -0.45 -0.05 1.3499999999999999 4 4 0 1 0 0 2 0 0 1
2026-09-05,09:23:12 GMT,V6.4 BLOCK - journal-guarded entry/recovery gate failed or signal already used
2026-09-05,09:23:12 GMT,SENTINEL V6 MULTI-WINDOW SCAN >>>
2026-09-05,09:23:12 GMT,V6.4 DIAG | 9 0 6 -0.09999999999999998 0 0.10000000000000003 0 -0.45 -0.05 0.6 5 3 0 1 0 0 2 0 0 1
2026-09-05,09:23:12 GMT,V6.4 BLOCK - journal-guarded entry/recovery gate failed or signal already used
2026-09-05,09:23:12 GMT,SENTINEL V6 MULTI-WINDOW SCAN >>>
2026-09-05,09:23:12 GMT,V6.4 DIAG | 4 0 10 -0.15000000000000002 0.05714285714285714 0.15000000000000002 -0.13333333333333336 -0.45 -0.05 -0.15000000000000002 6 2 0 1 0 0 2 0 0 1
2026-09-05,09:23:12 GMT,V6.4 BLOCK - journal-guarded entry/recovery gate failed or signal already used
2026-09-05,09:23:12 GMT,SENTINEL V6 MULTI-WINDOW SCAN >>>
2026-09-05,09:23:12 GMT,V6.4 DIAG | 3 0 9 -0.25 0.028571428571428574 0.25 -0.06666666666666668 0.35000000000000003 -0.35000000000000003 -0.15000000000000002 5 3 0 1 0 0 2 0 0 1
2026-09-05,09:23:12 GMT,V6.4 BLOCK - journal-guarded entry/recovery gate failed or signal already used
2026-09-05,09:23:12 GMT,SENTINEL V6 MULTI-WINDOW SCAN >>>
2026-09-05,09:23:12 GMT,V6.4 DIAG | 9 0 7 -0.25 0.028571428571428574 0.25 -0.06666666666666668 0.35000000000000003 -0.35000000000000003 -0.15000000000000002 4 4 0 1 0 0 2 0 0 1
2026-09-05,09:23:12 GMT,V6.4 BLOCK - journal-guarded entry/recovery gate failed or signal already used
2026-09-05,09:23:12 GMT,SENTINEL V6 MULTI-WINDOW SCAN >>>
2026-09-05,09:23:12 GMT,V6.4 DIAG | 6 0 7 -0.15000000000000002 0.05714285714285714 0.15000000000000002 -0.13333333333333336 0.35000000000000003 -0.35000000000000003 -0.65 4 4 1 1 0 0 2 0 0 1
2026-09-05,09:23:12 GMT,V6.4 BLOCK - journal-guarded entry/recovery gate failed or signal already used
2026-09-05,09:23:12 GMT,SENTINEL V6 MULTI-WINDOW SCAN >>>
2026-09-05,09:23:12 GMT,V6.4 DIAG | 4 0 3 -0.09999999999999998 0 0.10000000000000003 0 0.35000000000000003 -0.4 0.15000000000000002 4 4 1 1 0 0 2 0 0 1
2026-09-05,09:23:12 GMT,V6.4 BLOCK - journal-guarded entry/recovery gate failed or signal already used
2026-09-05,09:23:12 GMT,SENTINEL V6 MULTI-WINDOW SCAN >>>
2026-09-05,09:23:12 GMT,V6.4 DIAG | 7 0 3 -0.25 -0.028571428571428574 0.25 0.06666666666666668 0.1 -0.4 0.9500000000000001 4 4 1 1 0 0 2 0 0 1
2026-09-05,09:23:12 GMT,V6.4 BLOCK - journal-guarded entry/recovery gate failed or signal already used
2026-09-05,09:23:12 GMT,SENTINEL V6 MULTI-WINDOW SCAN >>>
2026-09-05,09:23:12 GMT,V6.4 DIAG | 1 0 5 -0.30000000000000004 -0.028571428571428574 0.3 0.06666666666666668 -0.65 0.4 0.9500000000000001 5 3 1 1 0 0 2 0 0 1
2026-09-05,09:23:12 GMT,V6.4 BLOCK - journal-guarded entry/recovery gate failed or signal already used
2026-09-05,09:23:12 GMT,SENTINEL V6 MULTI-WINDOW SCAN >>>
2026-09-05,09:23:12 GMT,V6.4 DIAG | 5 0 3 -0.30000000000000004 -0.028571428571428574 0.3 0.06666666666666668 -0.65 0.4 0.9500000000000001 4 4 1 1 0 0 2 0 0 1
2026-09-05,09:22:53 GMT,V6.4 BLOCK - journal-guarded entry/recovery gate failed or signal already used
2026-09-05,09:22:53 GMT,SENTINEL V6 MULTI-WINDOW SCAN >>>
2026-09-05,09:22:53 GMT,V6.4 DIAG | 9 0 3 -0.30000000000000004 -0.028571428571428574 0.3 0.06666666666666668 -0.65 0.4 0.9500000000000001 3 5 1 1 0 0 2 0 0 1
2026-09-05,09:22:53 GMT,V6.4 BLOCK - journal-guarded entry/recovery gate failed or signal already used
2026-09-05,09:22:53 GMT,SENTINEL V6 MULTI-WINDOW SCAN >>>
2026-09-05,09:22:53 GMT,V6.4 DIAG | 9 0 3 -0.20000000000000007 0 0.2 0 -0.65 0.4 0.45 4 4 1 1 0 0 2 0 0 1
2026-09-05,09:22:53 GMT,V6.4 BLOCK - journal-guarded entry/recovery gate failed or signal already used
2026-09-05,09:22:53 GMT,SENTINEL V6 MULTI-WINDOW SCAN >>>
2026-09-05,09:22:53 GMT,V6.4 DIAG | 8 0 5 -0.10000000000000009 -0.028571428571428567 0.09999999999999998 0.06666666666666667 0.15000000000000002 0.4 -0.05 5 3 1 1 0 0 2 0 0 1
2026-09-05,09:22:53 GMT,V6.4 BLOCK - journal-guarded entry/recovery gate failed or signal already used
2026-09-05,09:22:53 GMT,SENTINEL V6 MULTI-WINDOW SCAN >>>
2026-09-05,09:22:53 GMT,V6.4 DIAG | 2 0 8 0.050000000000000044 -0.057142857142857134 -0.04999999999999999 0.13333333333333333 0.9500000000000001 -0.15 -0.05 6 2 0 0 0 0 2 0 0 1
2026-09-05,09:22:53 GMT,V6.4 BLOCK - journal-guarded entry/recovery gate failed or signal already used
2026-09-05,09:22:53 GMT,SENTINEL V6 MULTI-WINDOW SCAN >>>
2026-09-05,09:22:53 GMT,V6.4 DIAG | 4 0 8 0.050000000000000044 -0.057142857142857134 -0.04999999999999999 0.13333333333333333 0.9500000000000001 -0.15 -0.05 6 2 0 0 0 0 2 0 0 1
2026-09-05,09:22:53 GMT,V6.4 BLOCK - journal-guarded entry/recovery gate failed or signal already used
2026-09-05,09:22:53 GMT,SENTINEL V6 MULTI-WINDOW SCAN >>>
2026-09-05,09:22:53 GMT,V6.4 DIAG | 6 0 8 0.050000000000000044 -0.057142857142857134 -0.04999999999999999 0.13333333333333333 0.9500000000000001 -0.15 -0.05 6 2 0 0 0 0 2 0 0 1
2026-09-05,09:22:53 GMT,V6.4 BLOCK - journal-guarded entry/recovery gate failed or signal already used
2026-09-05,09:22:53 GMT,SENTINEL V6 MULTI-WINDOW SCAN >>>
2026-09-05,09:22:53 GMT,V6.4 DIAG | 7 0 8 0.050000000000000044 -0.057142857142857134 -0.04999999999999999 0.13333333333333333 0.9500000000000001 -0.15 -0.05 6 2 0 1 0 0 2 0 0 1
2026-09-05,09:22:53 GMT,V6.4 BLOCK - journal-guarded entry/recovery gate failed or signal already used
2026-09-05,09:22:53 GMT,SENTINEL V6 MULTI-WINDOW SCAN >>>
2026-09-05,09:22:53 GMT,V6.4 DIAG | 7 0 8 0.15000000000000002 -0.028571428571428567 -0.15 0.06666666666666667 0.45 -0.15 -0.05 7 1 0 0 0 0 2 0 0 1
2026-09-05,09:22:53 GMT,V6.4 BLOCK - journal-guarded entry/recovery gate failed or signal already used
2026-09-05,09:22:53 GMT,SENTINEL V6 MULTI-WINDOW SCAN >>>
2026-09-05,09:22:53 GMT,V6.4 DIAG | 2 0 12 0.09999999999999998 0.028571428571428567 -0.1 -0.06666666666666667 -0.30000000000000004 -0.15 -0.05 8 0 0 0 1 0 2 1 0 1
2026-09-05,09:22:53 GMT,V6.4 BLOCK - journal-guarded entry/recovery gate failed or signal already used
2026-09-05,09:22:53 GMT,SENTINEL V6 MULTI-WINDOW SCAN >>>
2026-09-05,09:22:53 GMT,V6.4 DIAG | 1 0 12 0.09999999999999998 0.028571428571428567 -0.1 -0.06666666666666667 -0.30000000000000004 -0.15 -0.05 8 0 0 0 0 0 2 0 0 1
2026-09-05,09:22:52 GMT,V6.4 BLOCK - journal-guarded entry/recovery gate failed or signal already used
2026-09-05,09:22:52 GMT,SENTINEL V6 MULTI-WINDOW SCAN >>>
2026-09-05,09:22:52 GMT,V6.4 DIAG | 5 0 10 -0.04999999999999993 0.057142857142857134 0.05000000000000002 -0.13333333333333333 -0.30000000000000004 -0.15 -0.30000000000000004 7 1 0 1 0 0 2 0 0 1
2026-09-05,09:22:52 GMT,V6.4 BLOCK - journal-guarded entry/recovery gate failed or signal already used
2026-09-05,09:22:52 GMT,SENTINEL V6 MULTI-WINDOW SCAN >>>
2026-09-05,09:22:52 GMT,V6.4 DIAG | 4 0 10 -0.04999999999999993 0.057142857142857134 0.05000000000000002 -0.13333333333333333 -0.30000000000000004 -0.15 -0.30000000000000004 7 1 0 1 0 0 2 0 0 1
2026-09-05,09:22:52 GMT,V6.4 BLOCK - journal-guarded entry/recovery gate failed or signal already used
2026-09-05,09:22:52 GMT,SENTINEL V6 MULTI-WINDOW SCAN >>>
2026-09-05,09:22:52 GMT,V6.4 DIAG | 4 0 10 -0.04999999999999993 0.057142857142857134 0.05000000000000002 -0.13333333333333333 -0.30000000000000004 -0.15 -0.30000000000000004 6 2 0 1 0 0 2 0 0 1
2026-09-05,09:22:52 GMT,V6.4 BLOCK - journal-guarded entry/recovery gate failed or signal already used
2026-09-05,09:22:52 GMT,SENTINEL V6 MULTI-WINDOW SCAN >>>
2026-09-05,09:22:52 GMT,V6.4 DIAG | 4 0 9 -0.20000000000000007 0.028571428571428567 0.19999999999999998 -0.06666666666666667 0.5 -0.4 -0.30000000000000004 6 2 0 1 0 0 2 0 0 1
2026-09-05,09:22:52 GMT,V6.4 BLOCK - journal-guarded entry/recovery gate failed or signal already used
2026-09-05,09:22:52 GMT,SENTINEL V6 MULTI-WINDOW SCAN >>>
2026-09-05,09:22:52 GMT,V6.4 DIAG | 3 0 9 -0.20000000000000007 0.028571428571428567 0.19999999999999998 -0.06666666666666667 0.5 -0.4 -0.30000000000000004 6 2 0 1 0 0 2 0 0 1
2026-09-05,09:22:52 GMT,V6.4 BLOCK - journal-guarded entry/recovery gate failed or signal already used
2026-09-05,09:22:52 GMT,SENTINEL V6 MULTI-WINDOW SCAN >>>
2026-09-05,09:22:52 GMT,V6.4 DIAG | 0 0 5 -0.20000000000000007 -0.028571428571428567 0.19999999999999998 0.06666666666666667 0.5 -0.4 0.5 5 3 1 1 0 0 2 0 0 1
2026-09-05,09:22:52 GMT,V6.4 BLOCK - journal-guarded entry/recovery gate failed or signal already used
2026-09-05,09:22:52 GMT,SENTINEL V6 MULTI-WINDOW SCAN >>>
2026-09-05,09:22:52 GMT,V6.4 DIAG | 6 0 5 -0.35 0 0.35000000000000003 0 0.5 -0.65 0.5 5 3 1 1 0 0 2 0 0 1
2026-09-05,09:22:52 GMT,V6.4 BLOCK - journal-guarded entry/recovery gate failed or signal already used
2026-09-05,09:22:52 GMT,SENTINEL V6 MULTI-WINDOW SCAN >>>
2026-09-05,09:22:52 GMT,V6.4 DIAG | 7 0 5 -0.35 0 0.35000000000000003 0 0.5 -0.65 0.5 5 3 1 1 0 0 2 0 0 1
2026-09-05,09:22:52 GMT,V6.4 BLOCK - journal-guarded entry/recovery gate failed or signal already used
2026-09-05,09:22:52 GMT,SENTINEL V6 MULTI-WINDOW SCAN >>>
2026-09-05,09:22:52 GMT,V6.4 DIAG | 2 0 4 -0.25 -0.028571428571428567 0.25 0.06666666666666667 0 0.15000000000000002 0.5 5 3 2 1 0 0 2 0 0 1
2026-09-05,09:22:52 GMT,V6.4 BLOCK - journal-guarded entry/recovery gate failed or signal already used
2026-09-05,09:22:52 GMT,SENTINEL V6 MULTI-WINDOW SCAN >>>
2026-09-05,09:22:52 GMT,V6.4 DIAG | 9 0 4 -0.25 -0.028571428571428567 0.25 0.06666666666666667 0 0.15000000000000002 0.5 5 3 2 1 0 0 2 0 0 1
2026-09-05,09:22:52 GMT,V6.4 BLOCK - journal-guarded entry/recovery gate failed or signal already used
2026-09-05,09:22:52 GMT,SENTINEL V6 MULTI-WINDOW SCAN >>>
2026-09-05,09:22:52 GMT,V6.4 DIAG | 3 0 5 -0.1499999999999999 0 0.15000000000000002 0 0 0.15000000000000002 0 6 2 2 1 0 0 2 0 0 1
2026-09-05,09:22:33 GMT,V6.4 BLOCK - journal-guarded entry/recovery gate failed or signal already used
2026-09-05,09:22:33 GMT,SENTINEL V6 MULTI-WINDOW SCAN >>>
2026-09-05,09:22:33 GMT,V6.4 DIAG | 6 0 5 -0.1499999999999999 -0.057142857142857134 0.15000000000000002 0.13333333333333333 0 0.9500000000000001 0 6 2 2 1 0 0 2 0 0 1
2026-09-05,09:22:33 GMT,V6.4 BLOCK - journal-guarded entry/recovery gate failed or signal already used
2026-09-05,09:22:33 GMT,SENTINEL V6 MULTI-WINDOW SCAN >>>
2026-09-05,09:22:33 GMT,V6.4 DIAG | 8 0 5 -0.09999999999999998 -0.057142857142857134 0.1 0.13333333333333333 -0.05 0.9500000000000001 0 6 2 2 1 0 0 2 0 0 1
2026-09-05,09:22:33 GMT,V6.4 BLOCK - journal-guarded entry/recovery gate failed or signal already used
2026-09-05,09:22:33 GMT,SENTINEL V6 MULTI-WINDOW SCAN >>>
2026-09-05,09:22:33 GMT,V6.4 DIAG | 2 0 6 -0.09999999999999998 0 0.1 0 -0.05 0.2 -0.05 7 1 1 1 0 0 2 0 0 1
2026-09-05,09:22:33 GMT,V6.4 BLOCK - journal-guarded entry/recovery gate failed or signal already used
2026-09-05,09:22:33 GMT,SENTINEL V6 MULTI-WINDOW SCAN >>>
2026-09-05,09:22:33 GMT,V6.4 DIAG | 5 0 6 -0.04999999999999993 0 0.05000000000000002 0 -0.05 0.2 -0.1 7 1 1 1 0 0 2 0 0 1
2026-09-05,09:22:33 GMT,V6.4 BLOCK - journal-guarded entry/recovery gate failed or signal already used
2026-09-05,09:22:33 GMT,SENTINEL V6 MULTI-WINDOW SCAN >>>
2026-09-05,09:22:33 GMT,V6.4 DIAG | 8 0 5 -0.04999999999999993 0 0.05000000000000002 0 -0.05 0.2 -0.1 6 2 2 1 0 0 2 0 0 1
2026-09-05,09:22:33 GMT,V6.4 BLOCK - journal-guarded entry/recovery gate failed or signal already used
2026-09-05,09:22:33 GMT,SENTINEL V6 MULTI-WINDOW SCAN >>>
2026-09-05,09:22:33 GMT,V6.4 DIAG | 3 0 12 0.050000000000000044 0.028571428571428567 -0.04999999999999999 -0.06666666666666667 -0.05 -0.30000000000000004 -0.1 7 1 1 0 1 0 2 0 0 1
2026-09-05,09:22:33 GMT,V6.4 BLOCK - journal-guarded entry/recovery gate failed or signal already used
2026-09-05,09:22:33 GMT,SENTINEL V6 MULTI-WINDOW SCAN >>>
2026-09-05,09:22:33 GMT,V6.4 DIAG | 2 0 12 0.050000000000000044 0.028571428571428567 -0.04999999999999999 -0.06666666666666667 -0.05 -0.30000000000000004 -0.1 7 1 1 0 1 0 2 0 0 1
2026-09-05,09:22:33 GMT,V6.4 BLOCK - journal-guarded entry/recovery gate failed or signal already used
2026-09-05,09:22:33 GMT,SENTINEL V6 MULTI-WINDOW SCAN >>>
2026-09-05,09:22:33 GMT,V6.4 DIAG | 0 0 8 0.050000000000000044 -0.028571428571428567 -0.04999999999999999 0.06666666666666667 -0.05 0.5 -0.1 7 1 1 1 0 0 2 0 0 1
2026-09-05,09:22:33 GMT,V6.4 BLOCK - journal-guarded entry/recovery gate failed or signal already used
2026-09-05,09:22:33 GMT,SENTINEL V6 MULTI-WINDOW SCAN >>>
2026-09-05,09:22:33 GMT,V6.4 DIAG | 4 0 8 0.050000000000000044 -0.028571428571428567 -0.04999999999999999 0.06666666666666667 -0.05 0.5 -0.1 7 1 1 1 0 0 2 0 0 1
2026-09-05,09:22:32 GMT,V6.4 BLOCK - journal-guarded entry/recovery gate failed or signal already used
2026-09-05,09:22:32 GMT,SENTINEL V6 MULTI-WINDOW SCAN >>>
2026-09-05,09:22:32 GMT,V6.4 DIAG | 3 0 8 0.050000000000000044 -0.028571428571428567 -0.04999999999999999 0.06666666666666667 -0.05 0.5 -0.1 7 1 1 1 0 0 2 0 0 1
2026-09-05,09:22:32 GMT,V6.4 BLOCK - journal-guarded entry/recovery gate failed or signal already used
2026-09-05,09:22:32 GMT,SENTINEL V6 MULTI-WINDOW SCAN >>>
2026-09-05,09:22:32 GMT,V6.4 DIAG | 2 0 8 0.050000000000000044 -0.028571428571428567 -0.04999999999999999 0.06666666666666667 -0.05 0.5 -0.1 7 1 1 1 0 0 2 0 0 1
2026-09-05,09:22:32 GMT,V6.4 BLOCK - journal-guarded entry/recovery gate failed or signal already used
2026-09-05,09:22:32 GMT,SENTINEL V6 MULTI-WINDOW SCAN >>>
2026-09-05,09:22:32 GMT,V6.4 DIAG | 8 0 8 0.050000000000000044 -0.028571428571428567 -0.04999999999999999 0.06666666666666667 -0.05 0.5 -0.1 7 1 1 1 0 0 2 0 0 1
2026-09-05,09:22:32 GMT,V6.4 BLOCK - journal-guarded entry/recovery gate failed or signal already used
2026-09-05,09:22:32 GMT,SENTINEL V6 MULTI-WINDOW SCAN >>>
2026-09-05,09:22:32 GMT,V6.4 DIAG | 5 1 9 0.15000000000000002 0 -0.15 0 -0.05 0 -0.1 8 0 0 0 0 0 2 1 0 1
2026-09-05,09:22:32 GMT,V6.4 BLOCK - journal-guarded entry/recovery gate failed or signal already used
2026-09-05,09:22:32 GMT,SENTINEL V6 MULTI-WINDOW SCAN >>>
2026-09-05,09:22:32 GMT,V6.4 DIAG | 6 1 9 0.15000000000000002 0 -0.15 0 -0.05 0 -0.1 8 0 0 0 0 0 2 1 0 1
2026-09-05,09:22:32 GMT,V6.4 BLOCK - journal-guarded entry/recovery gate failed or signal already used
2026-09-05,09:22:32 GMT,SENTINEL V6 MULTI-WINDOW SCAN >>>
2026-09-05,09:22:32 GMT,V6.4 DIAG | 4 1 9 0.15000000000000002 0 -0.15 0 -0.05 0 -0.1 8 0 0 0 0 0 2 1 0 1
2026-09-05,09:22:32 GMT,V6.4 BLOCK - journal-guarded entry/recovery gate failed or signal already used
2026-09-05,09:22:32 GMT,SENTINEL V6 MULTI-WINDOW SCAN >>>
2026-09-05,09:22:32 GMT,V6.4 DIAG | 0 1 9 0.15000000000000002 0 -0.15 0 -0.05 0 -0.1 8 0 0 0 0 0 2 1 0 1
2026-09-05,09:22:32 GMT,V6.4 BLOCK - journal-guarded entry/recovery gate failed or signal already used
2026-09-05,09:22:32 GMT,SENTINEL V6 MULTI-WINDOW SCAN >>>
2026-09-05,09:22:32 GMT,V6.4 DIAG | 1 1 9 0.15000000000000002 0 -0.15 0 -0.05 0 -0.1 8 0 0 0 0 0 2 1 0 1
2026-09-05,09:22:32 GMT,V6.4 BLOCK - journal-guarded entry/recovery gate failed or signal already used
2026-09-05,09:22:32 GMT,SENTINEL V6 MULTI-WINDOW SCAN >>>
2026-09-05,09:22:32 GMT,V6.4 DIAG | 6 1 9 0.15000000000000002 0 -0.15 0 -0.05 0 -0.1 8 0 0 0 0 0 2 1 0 1
2026-09-05,09:22:32 GMT,V6.4 BLOCK - journal-guarded entry/recovery gate failed or signal already used
2026-09-05,09:22:32 GMT,SENTINEL V6 MULTI-WINDOW SCAN >>>
2026-09-05,09:22:32 GMT,V6.4 DIAG | 1 1 9 0.15000000000000002 0 -0.15 0 -0.05 0 -0.1 8 0 0 0 0 0 2 1 0 1
2026-09-05,09:22:22 GMT,V6.4 BLOCK - journal-guarded entry/recovery gate failed or signal already used
2026-09-05,09:22:22 GMT,SENTINEL V6 MULTI-WINDOW SCAN >>>
2026-09-05,09:22:22 GMT,V6.4 DIAG | 5 0 9 0.15000000000000002 0 -0.15 0 -0.05 0 -0.1 8 0 0 0 0 0 2 1 0 1
2026-09-05,09:22:21 GMT,V6.4 BLOCK - journal-guarded entry/recovery gate failed or signal already used
2026-09-05,09:22:21 GMT,SENTINEL V6 MULTI-WINDOW SCAN >>>
2026-09-05,09:22:21 GMT,V6.4 DIAG | 4 0 9 0.15000000000000002 0 -0.15 0 -0.05 0 -0.1 8 0 0 0 0 0 2 0 0 1
2026-09-05,09:22:21 GMT,V6.4 BLOCK - journal-guarded entry/recovery gate failed or signal already used
2026-09-05,09:22:21 GMT,SENTINEL V6 MULTI-WINDOW SCAN >>>
2026-09-05,09:22:21 GMT,V6.4 DIAG | 2 0 10 0 0.028571428571428567 0 -0.06666666666666667 -0.30000000000000004 0 -0.1 8 0 0 1 0 0 2 0 0 1
2026-09-05,09:22:21 GMT,V6.4 BLOCK - journal-guarded entry/recovery gate failed or signal already used
2026-09-05,09:22:21 GMT,SENTINEL V6 MULTI-WINDOW SCAN >>>
2026-09-05,09:22:21 GMT,V6.4 DIAG | 1 0 10 -0.09999999999999998 0.057142857142857134 0.1 -0.13333333333333333 -0.30000000000000004 0 -0.4 8 0 0 1 0 0 2 0 0 1
2026-09-05,09:22:21 GMT,V6.4 BLOCK - journal-guarded entry/recovery gate failed or signal already used
2026-09-05,09:22:21 GMT,SENTINEL V6 MULTI-WINDOW SCAN >>>
2026-09-05,09:22:21 GMT,V6.4 DIAG | 2 0 10 -0.25 0.08571428571428572 0.25 -0.2 -0.30000000000000004 0 -0.65 7 1 0 1 0 0 2 0 0 1
2026-09-05,09:22:21 GMT,V6.4 BLOCK - journal-guarded entry/recovery gate failed or signal already used
2026-09-05,09:22:21 GMT,SENTINEL V6 MULTI-WINDOW SCAN >>>
2026-09-05,09:22:21 GMT,V6.4 DIAG | 2 0 10 -0.25 0.08571428571428572 0.25 -0.2 -0.30000000000000004 0 -0.65 6 2 0 1 0 0 2 0 0 1
2026-09-05,09:22:21 GMT,V6.4 BLOCK - journal-guarded entry/recovery gate failed or signal already used
2026-09-05,09:22:21 GMT,SENTINEL V6 MULTI-WINDOW SCAN >>>
2026-09-05,09:22:21 GMT,V6.4 DIAG | 1 0 10 -0.25 0.08571428571428572 0.25 -0.2 -0.30000000000000004 0 -0.65 5 3 0 1 0 0 2 0 0 1
2026-09-05,09:22:21 GMT,V6.4 BLOCK - journal-guarded entry/recovery gate failed or signal already used
2026-09-05,09:22:21 GMT,SENTINEL V6 MULTI-WINDOW SCAN >>>
2026-09-05,09:22:21 GMT,V6.4 DIAG | 4 0 9 -0.25 0.028571428571428567 0.25 -0.06666666666666667 0.5 0 -0.65 5 3 0 1 0 0 2 0 0 1
2026-09-05,09:22:21 GMT,V6.4 BLOCK - journal-guarded entry/recovery gate failed or signal already used
2026-09-05,09:22:21 GMT,SENTINEL V6 MULTI-WINDOW SCAN >>>
2026-09-05,09:22:21 GMT,V6.4 DIAG | 2 0 5 -0.25 -0.028571428571428567 0.25 0.06666666666666667 0.5 0 0.15000000000000002 5 3 0 1 0 0 2 0 0 1
2026-09-05,09:22:21 GMT,V6.4 BLOCK - journal-guarded entry/recovery gate failed or signal already used
2026-09-05,09:22:21 GMT,SENTINEL V6 MULTI-WINDOW SCAN >>>
2026-09-05,09:22:21 GMT,V6.4 DIAG | 2 0 5 -0.25 -0.08571428571428572 0.25 0.2 0.5 0 0.9500000000000001 5 3 0 1 0 0 2 0 0 1
2026-09-05,09:22:21 GMT,V6.4 BLOCK - journal-guarded entry/recovery gate failed or signal already used
2026-09-05,09:22:21 GMT,SENTINEL V6 MULTI-WINDOW SCAN >>>
2026-09-05,09:22:21 GMT,V6.4 DIAG | 6 0 5 -0.20000000000000007 -0.08571428571428572 0.19999999999999998 0.2 0.5 -0.05 0.9500000000000001 5 3 0 1 0 0 2 0 0 1
2026-09-05,09:22:12 GMT,V6.4 BLOCK - journal-guarded entry/recovery gate failed or signal already used
2026-09-05,09:22:12 GMT,SENTINEL V6 MULTI-WINDOW SCAN >>>
2026-09-05,09:22:12 GMT,V6.4 DIAG | 7 0 5 -0.15000000000000002 -0.08571428571428572 0.15 0.2 0.5 -0.1 0.9500000000000001 5 3 0 1 0 0 2 0 0 1
2026-09-05,09:22:11 GMT,V6.4 BLOCK - journal-guarded entry/recovery gate failed or signal already used
2026-09-05,09:22:11 GMT,SENTINEL V6 MULTI-WINDOW SCAN >>>
2026-09-05,09:22:11 GMT,V6.4 DIAG | 9 0 6 -0.04999999999999993 -0.057142857142857134 0.05000000000000002 0.13333333333333333 0 -0.1 0.9500000000000001 6 2 0 1 0 0 2 0 0 1
2026-09-05,09:22:11 GMT,V6.4 BLOCK - journal-guarded entry/recovery gate failed or signal already used
2026-09-05,09:22:11 GMT,SENTINEL V6 MULTI-WINDOW SCAN >>>
2026-09-05,09:22:11 GMT,V6.4 DIAG | 9 0 8 0.09999999999999998 -0.028571428571428567 -0.1 0.06666666666666667 -0.05 -0.1 0.45 7 1 0 1 0 0 2 0 0 1
2026-09-05,09:22:11 GMT,V6.4 BLOCK - journal-guarded entry/recovery gate failed or signal already used
2026-09-05,09:22:11 GMT,SENTINEL V6 MULTI-WINDOW SCAN >>>
2026-09-05,09:22:11 GMT,V6.4 DIAG | 0 0 9 0.19999999999999996 0 -0.2 0 -0.05 -0.1 -0.05 8 0 0 0 0 0 2 0 0 1
2026-09-05,09:22:11 GMT,V6.4 BLOCK - journal-guarded entry/recovery gate failed or signal already used
2026-09-05,09:22:11 GMT,SENTINEL V6 MULTI-WINDOW SCAN >>>
2026-09-05,09:22:11 GMT,V6.4 DIAG | 5 0 9 0.25 0 -0.25 0 -0.05 -0.15 -0.05 8 0 0 0 0 0 2 0 0 1
2026-09-05,09:22:11 GMT,V6.4 BLOCK - journal-guarded entry/recovery gate failed or signal already used
2026-09-05,09:22:11 GMT,SENTINEL V6 MULTI-WINDOW SCAN >>>
2026-09-05,09:22:11 GMT,V6.4 DIAG | 2 1 9 0.25 0 -0.25 0 -0.05 -0.15 -0.05 8 0 0 0 0 0 2 0 0 1
2026-09-05,09:22:11 GMT,V6.4 BLOCK - journal-guarded entry/recovery gate failed or signal already used
2026-09-05,09:22:11 GMT,SENTINEL V6 MULTI-WINDOW SCAN >>>
2026-09-05,09:22:11 GMT,V6.4 DIAG | 6 0 9 0.30000000000000004 0 -0.3 0 -0.05 -0.15 -0.1 8 0 0 0 0 0 2 1 0 1
2026-09-05,09:22:11 GMT,V6.4 BLOCK - journal-guarded entry/recovery gate failed or signal already used
2026-09-05,09:22:11 GMT,SENTINEL V6 MULTI-WINDOW SCAN >>>
2026-09-05,09:22:11 GMT,V6.4 DIAG | 5 0 9 0.30000000000000004 0 -0.3 0 -0.05 -0.15 -0.1 8 0 0 0 0 0 2 0 0 1
2026-09-05,09:22:11 GMT,V6.4 BLOCK - journal-guarded entry/recovery gate failed or signal already used
2026-09-05,09:22:11 GMT,SENTINEL V6 MULTI-WINDOW SCAN >>>
2026-09-05,09:22:11 GMT,V6.4 DIAG | 1 1 9 0.30000000000000004 0 -0.3 0 -0.05 -0.15 -0.1 8 0 0 0 0 0 2 0 0 1
2026-09-05,09:22:11 GMT,V6.4 BLOCK - journal-guarded entry/recovery gate failed or signal already used
2026-09-05,09:22:11 GMT,SENTINEL V6 MULTI-WINDOW SCAN >>>
2026-09-05,09:22:11 GMT,V6.4 DIAG | 1 1 9 0.35 0 -0.35 0 -0.05 -0.15 -0.15 8 0 0 0 0 0 2 1 0 1
2026-09-05,09:22:11 GMT,V6.4 BLOCK - journal-guarded entry/recovery gate failed or signal already used
2026-09-05,09:22:11 GMT,SENTINEL V6 MULTI-WINDOW SCAN >>>
2026-09-05,09:22:11 GMT,V6.4 DIAG | 6 1 9 0.35 0 -0.35 0 -0.05 -0.15 -0.15 8 0 0 0 0 0 2 1 0 1
2026-09-05,09:22:01 GMT,V6.4 BLOCK - journal-guarded entry/recovery gate failed or signal already used
2026-09-05,09:22:01 GMT,SENTINEL V6 MULTI-WINDOW SCAN >>>
2026-09-05,09:22:01 GMT,V6.4 DIAG | 4 1 9 0.35 0 -0.35 0 -0.05 -0.15 -0.15 8 0 0 0 0 0 2 1 0 1
2026-09-05,09:22:01 GMT,V6.4 BLOCK - journal-guarded entry/recovery gate failed or signal already used
2026-09-05,09:22:01 GMT,SENTINEL V6 MULTI-WINDOW SCAN >>>
2026-09-05,09:22:01 GMT,V6.4 DIAG | 2 1 12 0.20000000000000007 0.028571428571428567 -0.19999999999999998 -0.06666666666666667 -0.05 -0.15 -0.4 8 0 0 0 1 0 2 1 0 1
2026-09-05,09:22:01 GMT,V6.4 BLOCK - journal-guarded entry/recovery gate failed or signal already used
2026-09-05,09:22:01 GMT,SENTINEL V6 MULTI-WINDOW SCAN >>>
2026-09-05,09:22:01 GMT,V6.4 DIAG | 4 1 12 0.20000000000000007 0.028571428571428567 -0.19999999999999998 -0.06666666666666667 -0.05 -0.15 -0.4 8 0 0 0 1 0 2 1 0 1
2026-09-05,09:22:01 GMT,V6.4 BLOCK - journal-guarded entry/recovery gate failed or signal already used
2026-09-05,09:22:01 GMT,SENTINEL V6 MULTI-WINDOW SCAN >>>
2026-09-05,09:22:01 GMT,V6.4 DIAG | 2 1 12 0.20000000000000007 0.028571428571428567 -0.19999999999999998 -0.06666666666666667 -0.05 -0.15 -0.4 7 1 0 0 1 0 2 1 0 1
2026-09-05,09:22:01 GMT,V6.4 BLOCK - journal-guarded entry/recovery gate failed or signal already used
2026-09-05,09:22:01 GMT,SENTINEL V6 MULTI-WINDOW SCAN >>>
2026-09-05,09:22:01 GMT,V6.4 DIAG | 5 0 12 0.20000000000000007 0.028571428571428567 -0.19999999999999998 -0.06666666666666667 -0.05 -0.15 -0.4 7 1 0 0 1 0 2 1 0 1
2026-09-05,09:22:01 GMT,V6.4 BLOCK - journal-guarded entry/recovery gate failed or signal already used
2026-09-05,09:22:01 GMT,SENTINEL V6 MULTI-WINDOW SCAN >>>
2026-09-05,09:22:01 GMT,V6.4 DIAG | 5 0 12 0.20000000000000007 0.028571428571428567 -0.19999999999999998 -0.06666666666666667 -0.05 -0.15 -0.4 7 1 0 0 1 0 2 0 0 1
2026-09-05,09:22:01 GMT,V6.4 BLOCK - journal-guarded entry/recovery gate failed or signal already used
2026-09-05,09:22:01 GMT,SENTINEL V6 MULTI-WINDOW SCAN >>>
2026-09-05,09:22:01 GMT,V6.4 DIAG | 6 0 8 0.20000000000000007 -0.028571428571428567 -0.19999999999999998 0.06666666666666667 -0.05 -0.15 0.4 7 1 0 0 0 0 2 0 0 1
2026-09-05,09:22:01 GMT,V6.4 BLOCK - journal-guarded entry/recovery gate failed or signal already used
2026-09-05,09:22:01 GMT,SENTINEL V6 MULTI-WINDOW SCAN >>>
2026-09-05,09:22:01 GMT,V6.4 DIAG | 0 0 8 0.25 -0.028571428571428567 -0.24999999999999997 0.06666666666666667 -0.1 -0.15 0.4 7 1 0 0 0 0 2 0 0 1
2026-09-05,09:22:01 GMT,V6.4 BLOCK - journal-guarded entry/recovery gate failed or signal already used
2026-09-05,09:22:01 GMT,SENTINEL V6 MULTI-WINDOW SCAN >>>
2026-09-05,09:22:01 GMT,V6.4 DIAG | 5 0 8 0.15000000000000002 0 -0.14999999999999997 0 -0.1 -0.4 0.35000000000000003 7 1 0 0 0 0 2 0 0 1
2026-09-05,09:21:52 GMT,V6.4 BLOCK - journal-guarded entry/recovery gate failed or signal already used
2026-09-05,09:21:52 GMT,SENTINEL V6 MULTI-WINDOW SCAN >>>
2026-09-05,09:21:52 GMT,V6.4 DIAG | 5 0 9 0 0.028571428571428567 0 -0.06666666666666667 -0.1 -0.65 0.35000000000000003 7 1 0 0 0 0 2 0 0 1
2026-09-05,09:21:51 GMT,V6.4 BLOCK - journal-guarded entry/recovery gate failed or signal already used
2026-09-05,09:21:51 GMT,SENTINEL V6 MULTI-WINDOW SCAN >>>
2026-09-05,09:21:51 GMT,V6.4 DIAG | 9 0 9 0 0.028571428571428567 0 -0.06666666666666667 -0.1 -0.65 0.35000000000000003 6 2 1 1 0 0 2 0 0 1
2026-09-05,09:21:51 GMT,V6.4 BLOCK - journal-guarded entry/recovery gate failed or signal already used
2026-09-05,09:21:51 GMT,SENTINEL V6 MULTI-WINDOW SCAN >>>
2026-09-05,09:21:51 GMT,V6.4 DIAG | 4 0 9 0 0.08571428571428572 0 -0.2 -0.4 -0.65 -0.15 6 2 2 0 0 0 2 0 0 1
2026-09-05,09:21:51 GMT,V6.4 BLOCK - journal-guarded entry/recovery gate failed or signal already used
2026-09-05,09:21:51 GMT,SENTINEL V6 MULTI-WINDOW SCAN >>>
2026-09-05,09:21:51 GMT,V6.4 DIAG | 2 0 9 0 0.08571428571428572 0 -0.2 -0.4 -0.65 -0.15 6 2 2 0 0 0 2 0 0 1
2026-09-05,09:21:51 GMT,V6.4 BLOCK - journal-guarded entry/recovery gate failed or signal already used
2026-09-05,09:21:51 GMT,SENTINEL V6 MULTI-WINDOW SCAN >>>
2026-09-05,09:21:51 GMT,V6.4 DIAG | 5 0 9 -0.15000000000000002 0.05714285714285714 0.15000000000000002 -0.13333333333333336 -0.4 -0.10000000000000003 -0.15 5 3 2 1 0 0 2 0 0 1
2026-09-05,09:21:51 GMT,V6.4 BLOCK - journal-guarded entry/recovery gate failed or signal already used
2026-09-05,09:21:51 GMT,SENTINEL V6 MULTI-WINDOW SCAN >>>
2026-09-05,09:21:51 GMT,V6.4 DIAG | 1 0 5 -0.09999999999999998 0 0.10000000000000003 0 -0.4 0.65 -0.15 5 3 2 1 0 0 2 0 0 1
2026-09-05,09:21:51 GMT,V6.4 BLOCK - journal-guarded entry/recovery gate failed or signal already used
2026-09-05,09:21:51 GMT,SENTINEL V6 MULTI-WINDOW SCAN >>>
2026-09-05,09:21:51 GMT,V6.4 DIAG | 6 0 6 -0.25 0.028571428571428574 0.25 -0.06666666666666668 -0.4 0.65 -0.4 4 4 3 1 0 0 2 0 0 1
2026-09-05,09:21:51 GMT,V6.4 BLOCK - journal-guarded entry/recovery gate failed or signal already used
2026-09-05,09:21:51 GMT,SENTINEL V6 MULTI-WINDOW SCAN >>>
2026-09-05,09:21:51 GMT,V6.4 DIAG | 3 0 2 -0.19999999999999996 -0.028571428571428574 0.2 0.06666666666666668 0.35000000000000003 0.65 -0.4 4 4 3 1 0 0 2 0 0 1
2026-09-05,09:21:51 GMT,V6.4 BLOCK - journal-guarded entry/recovery gate failed or signal already used
2026-09-05,09:21:51 GMT,SENTINEL V6 MULTI-WINDOW SCAN >>>
2026-09-05,09:21:51 GMT,V6.4 DIAG | 8 0 2 -0.19999999999999996 -0.028571428571428574 0.2 0.06666666666666668 0.35000000000000003 0.65 -0.4 3 5 3 1 0 0 2 0 0 1
2026-09-05,09:21:51 GMT,V6.4 BLOCK - journal-guarded entry/recovery gate failed or signal already used
2026-09-05,09:21:51 GMT,SENTINEL V6 MULTI-WINDOW SCAN >>>
2026-09-05,09:21:51 GMT,V6.4 DIAG | 8 0 2 -0.19999999999999996 -0.028571428571428574 0.2 0.06666666666666668 0.30000000000000004 0.9500000000000001 -0.65 4 4 2 1 0 0 2 0 0 1
2026-09-05,09:21:41 GMT,V6.4 BLOCK - journal-guarded entry/recovery gate failed or signal already used
2026-09-05,09:21:41 GMT,SENTINEL V6 MULTI-WINDOW SCAN >>>
2026-09-05,09:21:41 GMT,V6.4 DIAG | 4 0 5 -0.09999999999999998 0 0.10000000000000003 0 0.30000000000000004 0.45 -0.65 5 3 1 1 0 0 2 0 0 1
2026-09-05,09:21:41 GMT,V6.4 BLOCK - journal-guarded entry/recovery gate failed or signal already used
2026-09-05,09:21:41 GMT,SENTINEL V6 MULTI-WINDOW SCAN >>>
2026-09-05,09:21:41 GMT,V6.4 DIAG | 7 0 2 -0.050000000000000044 -0.05714285714285714 0.050000000000000044 0.13333333333333336 0.30000000000000004 0.45 0.1 4 4 1 1 0 0 2 0 0 1
2026-09-05,09:21:41 GMT,V6.4 BLOCK - journal-guarded entry/recovery gate failed or signal already used
2026-09-05,09:21:41 GMT,SENTINEL V6 MULTI-WINDOW SCAN >>>
2026-09-05,09:21:41 GMT,V6.4 DIAG | 4 0 6 0.04999999999999993 -0.028571428571428567 -0.04999999999999999 0.06666666666666667 -0.2 0.45 0.1 5 3 1 1 0 0 2 0 0 1
2026-09-05,09:21:40 GMT,V6.4 BLOCK - journal-guarded entry/recovery gate failed or signal already used
2026-09-05,09:21:40 GMT,SENTINEL V6 MULTI-WINDOW SCAN >>>
2026-09-05,09:21:40 GMT,V6.4 DIAG | 8 0 6 0.04999999999999993 -0.028571428571428567 -0.04999999999999999 0.06666666666666667 -0.2 0.45 0.1 5 3 1 1 0 0 2 0 0 1
2026-09-05,09:21:40 GMT,V6.4 BLOCK - journal-guarded entry/recovery gate failed or signal already used
2026-09-05,09:21:40 GMT,SENTINEL V6 MULTI-WINDOW SCAN >>>
2026-09-05,09:21:40 GMT,V6.4 DIAG | 1 0 8 0.15000000000000002 -0.057142857142857134 -0.14999999999999997 0.13333333333333333 -0.2 -0.05 0.9 6 2 0 0 0 0 2 0 0 1
2026-09-05,09:21:40 GMT,V6.4 BLOCK - journal-guarded entry/recovery gate failed or signal already used
2026-09-05,09:21:40 GMT,SENTINEL V6 MULTI-WINDOW SCAN >>>
2026-09-05,09:21:40 GMT,V6.4 DIAG | 9 0 8 0.15000000000000002 -0.057142857142857134 -0.14999999999999997 0.13333333333333333 -0.2 -0.05 0.9 6 2 0 1 0 0 2 0 0 1
2026-09-05,09:21:40 GMT,V6.4 BLOCK - journal-guarded entry/recovery gate failed or signal already used
2026-09-05,09:21:40 GMT,SENTINEL V6 MULTI-WINDOW SCAN >>>
2026-09-05,09:21:40 GMT,V6.4 DIAG | 5 0 8 0.25 -0.028571428571428567 -0.24999999999999997 0.06666666666666667 -0.2 -0.05 0.4 7 1 0 1 0 0 2 0 0 1
2026-09-05,09:21:40 GMT,V6.4 BLOCK - journal-guarded entry/recovery gate failed or signal already used
2026-09-05,09:21:40 GMT,SENTINEL V6 MULTI-WINDOW SCAN >>>
2026-09-05,09:21:40 GMT,V6.4 DIAG | 4 0 8 0.30000000000000004 -0.028571428571428567 -0.30000000000000004 0.06666666666666667 -0.25 -0.05 0.4 7 1 0 0 0 0 2 0 0 1
2026-09-05,09:21:40 GMT,V6.4 BLOCK - journal-guarded entry/recovery gate failed or signal already used
2026-09-05,09:21:40 GMT,SENTINEL V6 MULTI-WINDOW SCAN >>>
2026-09-05,09:21:40 GMT,V6.4 DIAG | 9 0 8 0.15000000000000002 0 -0.14999999999999997 0 -0.5 -0.05 0.4 7 1 0 0 0 0 2 1 0 1
2026-09-05,09:21:40 GMT,V6.4 BLOCK - journal-guarded entry/recovery gate failed or signal already used
2026-09-05,09:21:40 GMT,SENTINEL V6 MULTI-WINDOW SCAN >>>
2026-09-05,09:21:40 GMT,V6.4 DIAG | 6 1 12 0.10000000000000009 0.057142857142857134 -0.09999999999999998 -0.13333333333333333 -0.5 -0.05 -0.35000000000000003 8 0 0 0 1 0 2 1 0 1
2026-09-05,09:21:40 GMT,V6.4 BLOCK - journal-guarded entry/recovery gate failed or signal already used
2026-09-05,09:21:40 GMT,SENTINEL V6 MULTI-WINDOW SCAN >>>
2026-09-05,09:21:40 GMT,V6.4 DIAG | 0 0 12 0.10000000000000009 0.057142857142857134 -0.09999999999999998 -0.13333333333333333 -0.5 -0.05 -0.35000000000000003 7 1 0 0 1 0 2 1 0 1
2026-09-05,09:21:40 GMT,V6.4 BLOCK - journal-guarded entry/recovery gate failed or signal already used
2026-09-05,09:21:40 GMT,SENTINEL V6 MULTI-WINDOW SCAN >>>
2026-09-05,09:21:40 GMT,V6.4 DIAG | 4 0 12 0.10000000000000009 0.057142857142857134 -0.09999999999999998 -0.13333333333333333 -0.5 -0.05 -0.35000000000000003 6 2 0 0 0 0 2 0 0 1
2026-09-05,09:21:30 GMT,V6.4 BLOCK - journal-guarded entry/recovery gate failed or signal already used
2026-09-05,09:21:30 GMT,SENTINEL V6 MULTI-WINDOW SCAN >>>
2026-09-05,09:21:30 GMT,V6.4 DIAG | 4 0 10 -0.050000000000000044 0.08571428571428572 0.04999999999999999 -0.2 -0.75 -0.05 -0.35000000000000003 6 2 0 1 0 0 2 0 0 1
2026-09-05,09:21:29 GMT,V6.4 BLOCK - journal-guarded entry/recovery gate failed or signal already used
2026-09-05,09:21:29 GMT,SENTINEL V6 MULTI-WINDOW SCAN >>>
2026-09-05,09:21:29 GMT,V6.4 DIAG | 0 0 9 -0.050000000000000044 0.028571428571428567 0.04999999999999999 -0.06666666666666667 0.05000000000000002 -0.05 -0.35000000000000003 6 2 0 1 0 0 2 0 0 1
2026-09-05,09:21:29 GMT,V6.4 BLOCK - journal-guarded entry/recovery gate failed or signal already used
2026-09-05,09:21:29 GMT,SENTINEL V6 MULTI-WINDOW SCAN >>>
2026-09-05,09:21:29 GMT,V6.4 DIAG | 0 0 5 0 -0.028571428571428567 0 0.06666666666666667 0.05000000000000002 -0.1 0.45 5 3 0 1 0 0 2 0 0 1
2026-09-05,09:21:29 GMT,V6.4 BLOCK - journal-guarded entry/recovery gate failed or signal already used
2026-09-05,09:21:29 GMT,SENTINEL V6 MULTI-WINDOW SCAN >>>
2026-09-05,09:21:29 GMT,V6.4 DIAG | 4 0 6 -0.09999999999999998 0 0.10000000000000003 0 0 -0.35000000000000003 0.45 5 3 0 1 0 0 2 0 0 1
2026-09-05,09:21:29 GMT,V6.4 BLOCK - journal-guarded entry/recovery gate failed or signal already used
2026-09-05,09:21:29 GMT,SENTINEL V6 MULTI-WINDOW SCAN >>>
2026-09-05,09:21:29 GMT,V6.4 DIAG | 5 0 6 -0.050000000000000044 0 0.050000000000000044 0 0 -0.4 0.45 5 3 0 1 0 0 2 0 0 1
2026-09-05,09:21:29 GMT,V6.4 BLOCK - journal-guarded entry/recovery gate failed or signal already used
2026-09-05,09:21:29 GMT,SENTINEL V6 MULTI-WINDOW SCAN >>>
2026-09-05,09:21:29 GMT,V6.4 DIAG | 7 0 3 -0.15000000000000002 -0.028571428571428574 0.15000000000000002 0.06666666666666668 0.55 -0.4 0.4 4 4 1 1 0 0 2 0 0 1
2026-09-05,09:21:29 GMT,V6.4 BLOCK - journal-guarded entry/recovery gate failed or signal already used
2026-09-05,09:21:29 GMT,SENTINEL V6 MULTI-WINDOW SCAN >>>
2026-09-05,09:21:29 GMT,V6.4 DIAG | 9 0 5 -0.050000000000000044 0 0.050000000000000044 0 0.05000000000000002 -0.4 0.4 5 3 1 1 0 0 2 0 0 1
2026-09-05,09:21:29 GMT,V6.4 BLOCK - journal-guarded entry/recovery gate failed or signal already used
2026-09-05,09:21:29 GMT,SENTINEL V6 MULTI-WINDOW SCAN >>>
2026-09-05,09:21:29 GMT,V6.4 DIAG | 6 0 10 -0.09999999999999998 0.05714285714285714 0.10000000000000003 -0.13333333333333336 -0.20000000000000004 -0.4 -0.1 5 3 1 1 0 0 2 0 0 1
2026-09-05,09:21:29 GMT,V6.4 BLOCK - journal-guarded entry/recovery gate failed or signal already used
2026-09-05,09:21:29 GMT,SENTINEL V6 MULTI-WINDOW SCAN >>>
2026-09-05,09:21:29 GMT,V6.4 DIAG | 4 0 6 -0.09999999999999998 0 0.10000000000000003 0 -0.20000000000000004 0.4 -0.1 5 3 1 1 0 0 2 0 0 1
2026-09-05,09:21:29 GMT,V6.4 BLOCK - journal-guarded entry/recovery gate failed or signal already used
2026-09-05,09:21:29 GMT,SENTINEL V6 MULTI-WINDOW SCAN >>>
2026-09-05,09:21:29 GMT,V6.4 DIAG | 7 0 7 -0.25 0.028571428571428574 0.25 -0.06666666666666668 -0.20000000000000004 0.4 -0.35000000000000003 4 4 1 1 0 0 2 0 0 1
2026-09-05,09:21:20 GMT,V6.4 BLOCK - journal-guarded entry/recovery gate failed or signal already used
2026-09-05,09:21:20 GMT,SENTINEL V6 MULTI-WINDOW SCAN >>>
2026-09-05,09:21:20 GMT,V6.4 DIAG | 2 0 5 -0.09999999999999998 0 0.10000000000000003 0 0.05000000000000002 0.4 -0.35000000000000003 5 3 1 1 0 0 2 0 0 1
2026-09-05,09:21:20 GMT,V6.4 BLOCK - journal-guarded entry/recovery gate failed or signal already used
2026-09-05,09:21:20 GMT,SENTINEL V6 MULTI-WINDOW SCAN >>>
2026-09-05,09:21:20 GMT,V6.4 DIAG | 4 0 3 -0.09999999999999998 0 0.10000000000000003 0 0.05000000000000002 0.4 -0.35000000000000003 4 4 1 1 0 0 2 0 0 1
2026-09-05,09:21:20 GMT,V6.4 BLOCK - journal-guarded entry/recovery gate failed or signal already used
2026-09-05,09:21:20 GMT,SENTINEL V6 MULTI-WINDOW SCAN >>>
2026-09-05,09:21:20 GMT,V6.4 DIAG | 8 0 3 -0.050000000000000044 -0.05714285714285714 0.050000000000000044 0.13333333333333336 0.8500000000000001 0.4 -0.4 4 4 1 1 0 0 2 0 0 1
2026-09-05,09:21:20 GMT,V6.4 BLOCK - journal-guarded entry/recovery gate failed or signal already used
2026-09-05,09:21:20 GMT,SENTINEL V6 MULTI-WINDOW SCAN >>>
2026-09-05,09:21:20 GMT,V6.4 DIAG | 2 0 8 0.09999999999999998 -0.028571428571428567 -0.10000000000000003 0.06666666666666667 0.8500000000000001 -0.1 -0.45 5 3 0 0 0 0 2 0 0 1
2026-09-05,09:21:20 GMT,V6.4 BLOCK - journal-guarded entry/recovery gate failed or signal already used
2026-09-05,09:21:20 GMT,SENTINEL V6 MULTI-WINDOW SCAN >>>
2026-09-05,09:21:20 GMT,V6.4 DIAG | 7 0 7 0.1499999999999999 -0.08571428571428572 -0.15000000000000002 0.2 0.8500000000000001 -0.15 0.35000000000000003 5 3 0 0 0 0 2 0 0 1
2026-09-05,09:21:20 GMT,V6.4 BLOCK - journal-guarded entry/recovery gate failed or signal already used
2026-09-05,09:21:20 GMT,SENTINEL V6 MULTI-WINDOW SCAN >>>
2026-09-05,09:21:20 GMT,V6.4 DIAG | 3 0 7 0.09999999999999998 -0.028571428571428567 -0.10000000000000003 0.06666666666666667 0.1 -0.15 0.35000000000000003 6 2 0 0 0 0 2 0 0 1
2026-09-05,09:21:20 GMT,V6.4 BLOCK - journal-guarded entry/recovery gate failed or signal already used
2026-09-05,09:21:20 GMT,SENTINEL V6 MULTI-WINDOW SCAN >>>
2026-09-05,09:21:20 GMT,V6.4 DIAG | 7 0 7 0.09999999999999998 -0.028571428571428567 -0.10000000000000003 0.06666666666666667 0.1 -0.15 0.35000000000000003 6 2 0 1 0 0 2 0 0 1
2026-09-05,09:21:20 GMT,V6.4 BLOCK - journal-guarded entry/recovery gate failed or signal already used
2026-09-05,09:21:20 GMT,SENTINEL V6 MULTI-WINDOW SCAN >>>
2026-09-05,09:21:20 GMT,V6.4 DIAG | 0 0 8 0.20000000000000007 0 -0.2 0 -0.4 -0.15 0.35000000000000003 6 2 0 0 0 0 2 0 0 1
2026-09-05,09:21:20 GMT,V6.4 BLOCK - journal-guarded entry/recovery gate failed or signal already used
2026-09-05,09:21:20 GMT,SENTINEL V6 MULTI-WINDOW SCAN >>>
2026-09-05,09:21:20 GMT,V6.4 DIAG | 9 0 8 0.20000000000000007 0 -0.2 0 -0.4 -0.15 0.35000000000000003 6 2 0 1 0 0 2 0 0 1
2026-09-05,09:21:11 GMT,V6.4 BLOCK - journal-guarded entry/recovery gate failed or signal already used
2026-09-05,09:21:11 GMT,SENTINEL V6 MULTI-WINDOW SCAN >>>
2026-09-05,09:21:11 GMT,V6.4 DIAG | 2 0 12 0.30000000000000004 0.028571428571428567 -0.30000000000000004 -0.06666666666666667 -0.4 -0.15 -0.15 7 1 0 0 1 0 2 0 0 1
2026-09-05,09:21:11 GMT,V6.4 BLOCK - journal-guarded entry/recovery gate failed or signal already used
2026-09-05,09:21:11 GMT,SENTINEL V6 MULTI-WINDOW SCAN >>>
2026-09-05,09:21:11 GMT,V6.4 DIAG | 5 0 8 0.30000000000000004 -0.028571428571428567 -0.30000000000000004 0.06666666666666667 0.4 -0.15 -0.15 7 1 0 0 0 0 2 0 0 1
2026-09-05,09:21:10 GMT,V6.4 BLOCK - journal-guarded entry/recovery gate failed or signal already used
2026-09-05,09:21:10 GMT,SENTINEL V6 MULTI-WINDOW SCAN >>>
2026-09-05,09:21:10 GMT,V6.4 DIAG | 2 0 8 0.30000000000000004 -0.028571428571428567 -0.30000000000000004 0.06666666666666667 0.4 -0.15 -0.15 7 1 0 0 0 0 2 0 0 1
2026-09-05,09:21:10 GMT,V6.4 BLOCK - journal-guarded entry/recovery gate failed or signal already used
2026-09-05,09:21:10 GMT,SENTINEL V6 MULTI-WINDOW SCAN >>>
2026-09-05,09:21:10 GMT,V6.4 DIAG | 1 0 8 0.15000000000000002 0 -0.14999999999999997 0 0.4 -0.4 -0.15 7 1 0 0 0 0 2 0 0 1
2026-09-05,09:21:10 GMT,V6.4 BLOCK - journal-guarded entry/recovery gate failed or signal already used
2026-09-05,09:21:10 GMT,SENTINEL V6 MULTI-WINDOW SCAN >>>
2026-09-05,09:21:10 GMT,V6.4 DIAG | 4 0 10 0.04999999999999993 0.028571428571428567 -0.04999999999999999 -0.06666666666666667 0.15000000000000002 -0.4 -0.2 7 1 0 1 0 0 2 0 0 1
2026-09-05,09:21:10 GMT,V6.4 BLOCK - journal-guarded entry/recovery gate failed or signal already used
2026-09-05,09:21:10 GMT,SENTINEL V6 MULTI-WINDOW SCAN >>>
2026-09-05,09:21:10 GMT,V6.4 DIAG | 7 0 9 -0.09999999999999998 0.05714285714285714 0.10000000000000003 -0.13333333333333336 0.15000000000000002 -0.65 -0.2 6 2 1 1 0 0 2 0 0 1
2026-09-05,09:21:10 GMT,V6.4 BLOCK - journal-guarded entry/recovery gate failed or signal already used
2026-09-05,09:21:10 GMT,SENTINEL V6 MULTI-WINDOW SCAN >>>
2026-09-05,09:21:10 GMT,V6.4 DIAG | 3 0 10 -0.09999999999999998 0.11428571428571428 0.10000000000000003 -0.26666666666666666 -0.35000000000000003 -0.65 -0.5 6 2 1 1 0 0 2 0 0 1
2026-09-05,09:21:10 GMT,V6.4 BLOCK - journal-guarded entry/recovery gate failed or signal already used
2026-09-05,09:21:10 GMT,SENTINEL V6 MULTI-WINDOW SCAN >>>
2026-09-05,09:21:10 GMT,V6.4 DIAG | 4 0 9 -0.050000000000000044 0.11428571428571428 0.050000000000000044 -0.26666666666666666 -0.35000000000000003 -0.7000000000000001 -0.5 5 3 2 1 0 0 2 0 0 1
2026-09-05,09:21:10 GMT,V6.4 BLOCK - journal-guarded entry/recovery gate failed or signal already used
2026-09-05,09:21:10 GMT,SENTINEL V6 MULTI-WINDOW SCAN >>>
2026-09-05,09:21:10 GMT,V6.4 DIAG | 2 0 6 -0.050000000000000044 0.05714285714285714 0.050000000000000044 -0.13333333333333336 -0.35000000000000003 0.1 -0.5 4 4 2 1 0 0 2 0 0 1
2026-09-05,09:21:10 GMT,V6.4 BLOCK - journal-guarded entry/recovery gate failed or signal already used
2026-09-05,09:21:10 GMT,SENTINEL V6 MULTI-WINDOW SCAN >>>
2026-09-05,09:21:10 GMT,V6.4 DIAG | 1 0 2 0 0 0 0 0.4 0.1 -0.5 4 4 2 0 0 0 2 0 0 1
2026-09-05,09:20:59 GMT,V6.4 BLOCK - journal-guarded entry/recovery gate failed or signal already used
2026-09-05,09:20:59 GMT,SENTINEL V6 MULTI-WINDOW SCAN >>>
2026-09-05,09:20:59 GMT,V6.4 DIAG | 6 0 2 0 -0.05714285714285714 0 0.13333333333333336 0.4 0.9 -0.5 4 4 2 1 0 0 2 0 0 1
2026-09-05,09:20:59 GMT,V6.4 BLOCK - journal-guarded entry/recovery gate failed or signal already used
2026-09-05,09:20:59 GMT,SENTINEL V6 MULTI-WINDOW SCAN >>>
2026-09-05,09:20:59 GMT,V6.4 DIAG | 5 0 1 -0.15000000000000002 -0.08571428571428572 0.15000000000000002 0.2 0.15000000000000002 0.9 0.30000000000000004 4 4 2 1 0 0 2 0 0 1
2026-09-05,09:20:59 GMT,V6.4 BLOCK - journal-guarded entry/recovery gate failed or signal already used
2026-09-05,09:20:59 GMT,SENTINEL V6 MULTI-WINDOW SCAN >>>
2026-09-05,09:20:59 GMT,V6.4 DIAG | 8 0 1 -0.09999999999999998 -0.08571428571428572 0.09999999999999998 0.2 0.15000000000000002 0.8500000000000001 0.30000000000000004 4 4 2 1 0 0 2 0 0 1
2026-09-05,09:20:59 GMT,V6.4 BLOCK - journal-guarded entry/recovery gate failed or signal already used
2026-09-05,09:20:59 GMT,SENTINEL V6 MULTI-WINDOW SCAN >>>
2026-09-05,09:20:59 GMT,V6.4 DIAG | 7 0 2 -0.15000000000000002 -0.028571428571428574 0.15000000000000002 0.06666666666666668 0.15000000000000002 0.35000000000000003 0.05000000000000002 4 4 1 1 0 0 2 0 0 1
2026-09-05,09:20:58 GMT,V6.4 BLOCK - journal-guarded entry/recovery gate failed or signal already used
2026-09-05,09:20:58 GMT,SENTINEL V6 MULTI-WINDOW SCAN >>>
2026-09-05,09:20:58 GMT,V6.4 DIAG | 8 0 9 -0.19999999999999996 0.028571428571428574 0.2 -0.06666666666666668 -0.35000000000000003 0.35000000000000003 -0.20000000000000004 5 3 1 1 0 0 2 0 0 1
2026-09-05,09:20:58 GMT,V6.4 BLOCK - journal-guarded entry/recovery gate failed or signal already used
2026-09-05,09:20:58 GMT,SENTINEL V6 MULTI-WINDOW SCAN >>>
2026-09-05,09:20:58 GMT,V6.4 DIAG | 9 0 10 -0.25 0.08571428571428572 0.25 -0.2 -0.35000000000000003 -0.4 -0.20000000000000004 5 3 0 1 0 0 2 0 0 1
2026-09-05,09:20:58 GMT,V6.4 BLOCK - journal-guarded entry/recovery gate failed or signal already used
2026-09-05,09:20:58 GMT,SENTINEL V6 MULTI-WINDOW SCAN >>>
2026-09-05,09:20:58 GMT,V6.4 DIAG | 4 0 9 -0.15000000000000002 0.05714285714285714 0.15000000000000002 -0.13333333333333336 0.45 -0.4 -0.7000000000000001 5 3 0 1 0 0 2 0 0 1
2026-09-05,09:20:58 GMT,V6.4 BLOCK - journal-guarded entry/recovery gate failed or signal already used
2026-09-05,09:20:58 GMT,SENTINEL V6 MULTI-WINDOW SCAN >>>
2026-09-05,09:20:58 GMT,V6.4 DIAG | 5 0 7 -0.09999999999999998 0.05714285714285714 0.10000000000000003 -0.13333333333333336 0.45 -0.4 -0.75 4 4 1 1 0 0 2 0 0 1
2026-09-05,09:20:58 GMT,V6.4 BLOCK - journal-guarded entry/recovery gate failed or signal already used
2026-09-05,09:20:58 GMT,SENTINEL V6 MULTI-WINDOW SCAN >>>
2026-09-05,09:20:58 GMT,V6.4 DIAG | 5 0 3 -0.09999999999999998 0 0.10000000000000003 0 0.45 -0.4 0.05000000000000002 4 4 1 1 0 0 2 0 0 1
2026-09-05,09:20:58 GMT,V6.4 BLOCK - journal-guarded entry/recovery gate failed or signal already used
2026-09-05,09:20:58 GMT,SENTINEL V6 MULTI-WINDOW SCAN >>>
2026-09-05,09:20:58 GMT,V6.4 DIAG | 0 0 3 -0.09999999999999998 -0.05714285714285714 0.10000000000000003 0.13333333333333336 0.45 -0.4 0.8500000000000001 4 4 1 1 0 0 2 0 0 1
2026-09-05,09:20:58 GMT,V6.4 BLOCK - journal-guarded entry/recovery gate failed or signal already used
2026-09-05,09:20:58 GMT,SENTINEL V6 MULTI-WINDOW SCAN >>>
2026-09-05,09:20:58 GMT,V6.4 DIAG | 7 0 2 -0.09999999999999998 -0.11428571428571428 0.10000000000000003 0.26666666666666666 0.45 0.4 0.8500000000000001 4 4 1 1 0 0 2 0 0 1
2026-09-05,09:20:58 GMT,V6.4 BLOCK - journal-guarded entry/recovery gate failed or signal already used
2026-09-05,09:20:58 GMT,SENTINEL V6 MULTI-WINDOW SCAN >>>
2026-09-05,09:20:58 GMT,V6.4 DIAG | 2 0 6 0.04999999999999993 -0.08571428571428572 -0.04999999999999999 0.2 -0.05 0.4 0.8 5 3 1 1 0 0 2 0 0 1
2026-09-05,09:20:50 GMT,V6.4 BLOCK - journal-guarded entry/recovery gate failed or signal already used
2026-09-05,09:20:50 GMT,SENTINEL V6 MULTI-WINDOW SCAN >>>
2026-09-05,09:20:50 GMT,V6.4 DIAG | 9 0 6 0.04999999999999993 -0.08571428571428572 -0.04999999999999999 0.2 -0.05 0.4 0.8 5 3 1 1 0 0 2 0 0 1
2026-09-05,09:20:49 GMT,V6.4 BLOCK - journal-guarded entry/recovery gate failed or signal already used
2026-09-05,09:20:49 GMT,SENTINEL V6 MULTI-WINDOW SCAN >>>
2026-09-05,09:20:49 GMT,V6.4 DIAG | 9 0 7 0.15000000000000002 -0.057142857142857134 -0.14999999999999997 0.13333333333333333 -0.05 0.4 0.30000000000000004 6 2 1 1 0 0 2 0 0 1
2026-09-05,09:20:49 GMT,V6.4 BLOCK - journal-guarded entry/recovery gate failed or signal already used
2026-09-05,09:20:49 GMT,SENTINEL V6 MULTI-WINDOW SCAN >>>
2026-09-05,09:20:49 GMT,V6.4 DIAG | 8 0 8 0.10000000000000009 0 -0.09999999999999998 0 -0.05 0.4 -0.45 7 1 1 1 0 0 2 0 0 1
2026-09-05,09:20:49 GMT,V6.4 BLOCK - journal-guarded entry/recovery gate failed or signal already used
2026-09-05,09:20:49 GMT,SENTINEL V6 MULTI-WINDOW SCAN >>>
2026-09-05,09:20:49 GMT,V6.4 DIAG | 5 0 12 0.25 0.028571428571428567 -0.24999999999999997 -0.06666666666666667 -0.1 -0.1 -0.45 8 0 0 0 0 0 2 0 0 1
2026-09-05,09:20:49 GMT,V6.4 BLOCK - journal-guarded entry/recovery gate failed or signal already used
2026-09-05,09:20:49 GMT,SENTINEL V6 MULTI-WINDOW SCAN >>>
2026-09-05,09:20:49 GMT,V6.4 DIAG | 2 0 12 0.10000000000000009 0.057142857142857134 -0.09999999999999998 -0.13333333333333333 -0.1 -0.1 -0.7000000000000001 7 1 0 0 0 0 2 0 0 1
2026-09-05,09:20:49 GMT,V6.4 BLOCK - journal-guarded entry/recovery gate failed or signal already used
2026-09-05,09:20:49 GMT,SENTINEL V6 MULTI-WINDOW SCAN >>>
2026-09-05,09:20:49 GMT,V6.4 DIAG | 2 0 10 -0.050000000000000044 0.08571428571428572 0.04999999999999999 -0.2 -0.1 -0.35000000000000003 -0.7000000000000001 7 1 0 1 0 0 2 0 0 1
2026-09-05,09:20:49 GMT,V6.4 BLOCK - journal-guarded entry/recovery gate failed or signal already used
2026-09-05,09:20:49 GMT,SENTINEL V6 MULTI-WINDOW SCAN >>>
2026-09-05,09:20:49 GMT,V6.4 DIAG | 0 0 10 -0.050000000000000044 0.08571428571428572 0.04999999999999999 -0.2 -0.1 -0.35000000000000003 -0.7000000000000001 6 2 0 1 0 0 2 0 0 1
2026-09-05,09:20:49 GMT,V6.4 BLOCK - journal-guarded entry/recovery gate failed or signal already used
2026-09-05,09:20:49 GMT,SENTINEL V6 MULTI-WINDOW SCAN >>>
2026-09-05,09:20:49 GMT,V6.4 DIAG | 3 0 9 -0.15000000000000002 0.05714285714285714 0.15000000000000002 -0.13333333333333336 -0.35000000000000003 -0.4 0.1 5 3 1 1 0 0 2 0 0 1
2026-09-05,09:20:49 GMT,V6.4 BLOCK - journal-guarded entry/recovery gate failed or signal already used
2026-09-05,09:20:49 GMT,SENTINEL V6 MULTI-WINDOW SCAN >>>
2026-09-05,09:20:49 GMT,V6.4 DIAG | 5 0 9 -0.15000000000000002 0.05714285714285714 0.15000000000000002 -0.13333333333333336 -0.35000000000000003 -0.4 0.1 5 3 1 1 0 0 2 0 0 1
2026-09-05,09:20:38 GMT,V6.4 BLOCK - journal-guarded entry/recovery gate failed or signal already used
2026-09-05,09:20:38 GMT,SENTINEL V6 MULTI-WINDOW SCAN >>>
2026-09-05,09:20:38 GMT,V6.4 DIAG | 4 0 4 -0.09999999999999998 0 0.10000000000000003 0 -0.4 -0.4 0.9 4 4 1 1 0 0 2 0 0 1
2026-09-05,09:20:38 GMT,V6.4 BLOCK - journal-guarded entry/recovery gate failed or signal already used
2026-09-05,09:20:38 GMT,SENTINEL V6 MULTI-WINDOW SCAN >>>
2026-09-05,09:20:38 GMT,V6.4 DIAG | 4 0 3 -0.25 -0.028571428571428574 0.25 0.06666666666666668 -0.4 0.15000000000000002 0.9 4 4 1 1 0 0 2 0 0 1
2026-09-05,09:20:38 GMT,V6.4 BLOCK - journal-guarded entry/recovery gate failed or signal already used
2026-09-05,09:20:38 GMT,SENTINEL V6 MULTI-WINDOW SCAN >>>
2026-09-05,09:20:38 GMT,V6.4 DIAG | 9 0 3 -0.25 -0.028571428571428574 0.25 0.06666666666666668 -0.4 0.15000000000000002 0.9 4 4 1 1 0 0 2 0 0 1
2026-09-05,09:20:38 GMT,V6.4 BLOCK - journal-guarded entry/recovery gate failed or signal already used
2026-09-05,09:20:38 GMT,SENTINEL V6 MULTI-WINDOW SCAN >>>
2026-09-05,09:20:38 GMT,V6.4 DIAG | 5 0 1 -0.09999999999999998 -0.05714285714285714 0.10000000000000003 0.13333333333333336 0.4 0.15000000000000002 0.35000000000000003 4 4 2 1 0 0 2 0 0 1
2026-09-05,09:20:38 GMT,V6.4 BLOCK - journal-guarded entry/recovery gate failed or signal already used
2026-09-05,09:20:38 GMT,SENTINEL V6 MULTI-WINDOW SCAN >>>
2026-09-05,09:20:38 GMT,V6.4 DIAG | 9 0 1 -0.09999999999999998 -0.05714285714285714 0.10000000000000003 0.13333333333333336 0.4 0.15000000000000002 0.35000000000000003 4 4 2 1 0 0 2 0 0 1
2026-09-05,09:20:37 GMT,V6.4 BLOCK - journal-guarded entry/recovery gate failed or signal already used
2026-09-05,09:20:37 GMT,SENTINEL V6 MULTI-WINDOW SCAN >>>
2026-09-05,09:20:37 GMT,V6.4 DIAG | 8 0 4 0 -0.028571428571428567 0 0.06666666666666667 0.4 0.15000000000000002 -0.15 5 3 2 1 0 0 2 0 0 1
2026-09-05,09:20:37 GMT,V6.4 BLOCK - journal-guarded entry/recovery gate failed or signal already used
2026-09-05,09:20:37 GMT,SENTINEL V6 MULTI-WINDOW SCAN >>>
2026-09-05,09:20:37 GMT,V6.4 DIAG | 5 0 5 0 -0.028571428571428567 0 0.06666666666666667 0.35000000000000003 0.45 -0.4 6 2 1 1 0 0 2 0 0 1
2026-09-05,09:20:37 GMT,V6.4 BLOCK - journal-guarded entry/recovery gate failed or signal already used
2026-09-05,09:20:37 GMT,SENTINEL V6 MULTI-WINDOW SCAN >>>
2026-09-05,09:20:37 GMT,V6.4 DIAG | 7 0 5 0 -0.028571428571428567 0 0.06666666666666667 0.35000000000000003 0.45 -0.4 6 2 1 1 0 0 2 0 0 1
2026-09-05,09:20:37 GMT,V6.4 BLOCK - journal-guarded entry/recovery gate failed or signal already used
2026-09-05,09:20:37 GMT,SENTINEL V6 MULTI-WINDOW SCAN >>>
2026-09-05,09:20:37 GMT,V6.4 DIAG | 6 0 8 0.10000000000000009 0 -0.09999999999999998 0 -0.15 0.45 -0.4 6 2 1 1 0 0 2 0 0 1
2026-09-05,09:20:37 GMT,V6.4 BLOCK - journal-guarded entry/recovery gate failed or signal already used
2026-09-05,09:20:37 GMT,SENTINEL V6 MULTI-WINDOW SCAN >>>
2026-09-05,09:20:37 GMT,V6.4 DIAG | 6 0 8 0.10000000000000009 0 -0.09999999999999998 0 -0.15 0.45 -0.4 6 2 1 1 0 0 2 0 0 1
2026-09-05,09:20:37 GMT,V6.4 BLOCK - journal-guarded entry/recovery gate failed or signal already used
2026-09-05,09:20:37 GMT,SENTINEL V6 MULTI-WINDOW SCAN >>>
2026-09-05,09:20:37 GMT,V6.4 DIAG | 8 0 9 -0.050000000000000044 0.028571428571428567 0.04999999999999999 -0.06666666666666667 -0.15 0.45 -0.65 6 2 1 1 0 0 2 0 0 1
2026-09-05,09:20:37 GMT,V6.4 BLOCK - journal-guarded entry/recovery gate failed or signal already used
2026-09-05,09:20:37 GMT,SENTINEL V6 MULTI-WINDOW SCAN >>>
2026-09-05,09:20:37 GMT,V6.4 DIAG | 3 0 8 0.050000000000000044 0 -0.04999999999999999 0 -0.15 -0.05 0.15000000000000002 7 1 0 0 0 0 2 0 0 1
2026-09-05,09:20:28 GMT,V6.4 BLOCK - journal-guarded entry/recovery gate failed or signal already used
2026-09-05,09:20:28 GMT,SENTINEL V6 MULTI-WINDOW SCAN >>>
2026-09-05,09:20:28 GMT,V6.4 DIAG | 4 0 8 0.050000000000000044 0 -0.04999999999999999 0 -0.15 -0.05 0.15000000000000002 6 2 0 0 0 0 2 0 0 1
2026-09-05,09:20:28 GMT,V6.4 BLOCK - journal-guarded entry/recovery gate failed or signal already used
2026-09-05,09:20:28 GMT,SENTINEL V6 MULTI-WINDOW SCAN >>>
2026-09-05,09:20:28 GMT,V6.4 DIAG | 4 0 8 0.050000000000000044 0 -0.04999999999999999 0 -0.15 -0.05 0.15000000000000002 6 2 0 1 0 0 2 0 0 1
2026-09-05,09:20:28 GMT,V6.4 BLOCK - journal-guarded entry/recovery gate failed or signal already used
2026-09-05,09:20:28 GMT,SENTINEL V6 MULTI-WINDOW SCAN >>>
2026-09-05,09:20:28 GMT,V6.4 DIAG | 3 0 9 -0.050000000000000044 0.028571428571428567 0.04999999999999999 -0.06666666666666667 -0.45 -0.05 0.15000000000000002 6 2 0 1 0 0 2 0 0 1
2026-09-05,09:20:28 GMT,V6.4 BLOCK - journal-guarded entry/recovery gate failed or signal already used
2026-09-05,09:20:28 GMT,SENTINEL V6 MULTI-WINDOW SCAN >>>
2026-09-05,09:20:28 GMT,V6.4 DIAG | 9 0 6 -0.050000000000000044 -0.028571428571428567 0.04999999999999999 0.06666666666666667 -0.45 -0.05 0.9500000000000001 6 2 0 1 0 0 2 0 0 1
2026-09-05,09:20:27 GMT,V6.4 BLOCK - journal-guarded entry/recovery gate failed or signal already used
2026-09-05,09:20:27 GMT,SENTINEL V6 MULTI-WINDOW SCAN >>>
2026-09-05,09:20:27 GMT,V6.4 DIAG | 0 0 8 0.050000000000000044 0 -0.04999999999999999 0 -0.45 -0.05 0.45 6 2 0 0 0 0 2 0 0 1
2026-09-05,09:20:27 GMT,V6.4 BLOCK - journal-guarded entry/recovery gate failed or signal already used
2026-09-05,09:20:27 GMT,SENTINEL V6 MULTI-WINDOW SCAN >>>
2026-09-05,09:20:27 GMT,V6.4 DIAG | 0 0 8 0.050000000000000044 0 -0.04999999999999999 0 -0.45 -0.05 0.45 6 2 0 1 0 0 2 0 0 1
2026-09-05,09:20:27 GMT,V6.4 BLOCK - journal-guarded entry/recovery gate failed or signal already used
2026-09-05,09:20:27 GMT,SENTINEL V6 MULTI-WINDOW SCAN >>>
2026-09-05,09:20:27 GMT,V6.4 DIAG | 2 0 9 -0.10000000000000009 0.028571428571428567 0.09999999999999998 -0.06666666666666667 -0.45 -0.30000000000000004 0.45 6 2 0 1 0 0 2 0 0 1
2026-09-05,09:20:27 GMT,V6.4 BLOCK - journal-guarded entry/recovery gate failed or signal already used
2026-09-05,09:20:27 GMT,SENTINEL V6 MULTI-WINDOW SCAN >>>
2026-09-05,09:20:27 GMT,V6.4 DIAG | 9 0 5 -0.10000000000000009 -0.028571428571428567 0.09999999999999998 0.06666666666666667 0.35000000000000003 -0.30000000000000004 0.45 6 2 0 1 0 0 2 0 0 1
2026-09-05,09:20:27 GMT,V6.4 BLOCK - journal-guarded entry/recovery gate failed or signal already used
2026-09-05,09:20:27 GMT,SENTINEL V6 MULTI-WINDOW SCAN >>>
2026-09-05,09:20:27 GMT,V6.4 DIAG | 0 0 9 -0.15000000000000002 0.028571428571428567 0.15 -0.06666666666666667 0.1 -0.30000000000000004 -0.05 6 2 1 1 0 0 2 0 0 1
2026-09-05,09:20:27 GMT,V6.4 BLOCK - journal-guarded entry/recovery gate failed or signal already used
2026-09-05,09:20:27 GMT,SENTINEL V6 MULTI-WINDOW SCAN >>>
2026-09-05,09:20:27 GMT,V6.4 DIAG | 3 0 9 -0.10000000000000009 0.028571428571428567 0.09999999999999998 -0.06666666666666667 0.1 -0.30000000000000004 -0.1 6 2 1 1 0 0 2 0 0 1
2026-09-05,09:20:18 GMT,V6.4 BLOCK - journal-guarded entry/recovery gate failed or signal already used
2026-09-05,09:20:18 GMT,SENTINEL V6 MULTI-WINDOW SCAN >>>
2026-09-05,09:20:18 GMT,V6.4 DIAG | 2 0 9 -0.050000000000000044 0.028571428571428567 0.04999999999999999 -0.06666666666666667 0.1 -0.35000000000000003 -0.1 5 3 1 1 0 0 2 0 0 1
2026-09-05,09:20:18 GMT,V6.4 BLOCK - journal-guarded entry/recovery gate failed or signal already used
2026-09-05,09:20:18 GMT,SENTINEL V6 MULTI-WINDOW SCAN >>>
2026-09-05,09:20:18 GMT,V6.4 DIAG | 7 0 5 -0.15000000000000002 0 0.15000000000000002 0 0.1 0.4 -0.35000000000000003 5 3 1 1 0 0 2 0 0 1
2026-09-05,09:20:18 GMT,V6.4 BLOCK - journal-guarded entry/recovery gate failed or signal already used
2026-09-05,09:20:18 GMT,SENTINEL V6 MULTI-WINDOW SCAN >>>
2026-09-05,09:20:18 GMT,V6.4 DIAG | 1 0 9 -0.050000000000000044 0.028571428571428567 0.04999999999999999 -0.06666666666666667 -0.4 0.4 -0.35000000000000003 6 2 1 1 0 0 2 0 0 1
2026-09-05,09:20:18 GMT,V6.4 BLOCK - journal-guarded entry/recovery gate failed or signal already used
2026-09-05,09:20:18 GMT,SENTINEL V6 MULTI-WINDOW SCAN >>>
2026-09-05,09:20:18 GMT,V6.4 DIAG | 2 0 5 0 -0.028571428571428567 0 0.06666666666666667 0.4 0.35000000000000003 -0.35000000000000003 5 3 1 1 0 0 2 0 0 1
2026-09-05,09:20:18 GMT,V6.4 BLOCK - journal-guarded entry/recovery gate failed or signal already used
2026-09-05,09:20:18 GMT,SENTINEL V6 MULTI-WINDOW SCAN >>>
2026-09-05,09:20:18 GMT,V6.4 DIAG | 0 0 5 -0.15000000000000002 0 0.15000000000000002 0 0.15000000000000002 0.35000000000000003 -0.35000000000000003 5 3 1 1 0 0 2 0 0 1
2026-09-05,09:20:17 GMT,V6.4 BLOCK - journal-guarded entry/recovery gate failed or signal already used
2026-09-05,09:20:17 GMT,SENTINEL V6 MULTI-WINDOW SCAN >>>
2026-09-05,09:20:17 GMT,V6.4 DIAG | 8 0 5 -0.09999999999999998 0 0.10000000000000003 0 0.15000000000000002 0.35000000000000003 -0.4 5 3 1 1 0 0 2 0 0 1
2026-09-05,09:20:17 GMT,V6.4 BLOCK - journal-guarded entry/recovery gate failed or signal already used
2026-09-05,09:20:17 GMT,SENTINEL V6 MULTI-WINDOW SCAN >>>
2026-09-05,09:20:17 GMT,V6.4 DIAG | 5 0 5 0 -0.028571428571428567 0 0.06666666666666667 0.15000000000000002 -0.15 0.4 5 3 0 0 0 0 2 0 0 1
2026-09-05,09:20:17 GMT,V6.4 BLOCK - journal-guarded entry/recovery gate failed or signal already used
2026-09-05,09:20:17 GMT,SENTINEL V6 MULTI-WINDOW SCAN >>>
2026-09-05,09:20:17 GMT,V6.4 DIAG | 7 0 6 0.04999999999999993 -0.028571428571428567 -0.04999999999999999 0.06666666666666667 0.15000000000000002 -0.2 0.4 5 3 0 1 0 0 2 0 0 1
2026-09-05,09:20:17 GMT,V6.4 BLOCK - journal-guarded entry/recovery gate failed or signal already used
2026-09-05,09:20:17 GMT,SENTINEL V6 MULTI-WINDOW SCAN >>>
2026-09-05,09:20:17 GMT,V6.4 DIAG | 6 0 8 0.20000000000000007 0 -0.2 0 -0.35000000000000003 -0.25 0.4 6 2 0 0 0 0 2 0 0 1
2026-09-05,09:20:17 GMT,V6.4 BLOCK - journal-guarded entry/recovery gate failed or signal already used
2026-09-05,09:20:17 GMT,SENTINEL V6 MULTI-WINDOW SCAN >>>
2026-09-05,09:20:17 GMT,V6.4 DIAG | 5 0 7 0.20000000000000007 -0.057142857142857134 -0.2 0.13333333333333333 0.45 -0.25 0.4 6 2 0 0 0 0 2 0 0 1
2026-09-05,09:20:07 GMT,V6.4 BLOCK - journal-guarded entry/recovery gate failed or signal already used
2026-09-05,09:20:07 GMT,SENTINEL V6 MULTI-WINDOW SCAN >>>
2026-09-05,09:20:07 GMT,V6.4 DIAG | 9 0 7 0.20000000000000007 -0.057142857142857134 -0.2 0.13333333333333333 0.45 -0.25 0.4 6 2 0 1 0 0 2 0 0 1
2026-09-05,09:20:07 GMT,V6.4 BLOCK - journal-guarded entry/recovery gate failed or signal already used
2026-09-05,09:20:07 GMT,SENTINEL V6 MULTI-WINDOW SCAN >>>
2026-09-05,09:20:07 GMT,V6.4 DIAG | 5 0 8 0.30000000000000004 -0.028571428571428567 -0.30000000000000004 0.06666666666666667 0.45 -0.25 -0.1 7 1 0 0 0 0 2 0 0 1
2026-09-05,09:20:06 GMT,V6.4 BLOCK - journal-guarded entry/recovery gate failed or signal already used
2026-09-05,09:20:06 GMT,SENTINEL V6 MULTI-WINDOW SCAN >>>
2026-09-05,09:20:06 GMT,V6.4 DIAG | 5 0 8 0.15000000000000002 0 -0.14999999999999997 0 0.2 -0.25 -0.1 7 1 0 1 0 0 2 0 0 1
2026-09-05,09:20:06 GMT,V6.4 BLOCK - journal-guarded entry/recovery gate failed or signal already used
2026-09-05,09:20:06 GMT,SENTINEL V6 MULTI-WINDOW SCAN >>>
2026-09-05,09:20:06 GMT,V6.4 DIAG | 7 0 8 0.20000000000000007 0 -0.2 0 0.15000000000000002 -0.25 -0.1 7 1 0 1 0 0 2 0 0 1
2026-09-05,09:20:06 GMT,V6.4 BLOCK - journal-guarded entry/recovery gate failed or signal already used
2026-09-05,09:20:06 GMT,SENTINEL V6 MULTI-WINDOW SCAN >>>
2026-09-05,09:20:06 GMT,V6.4 DIAG | 0 0 12 0.30000000000000004 0.028571428571428567 -0.30000000000000004 -0.06666666666666667 -0.35000000000000003 -0.25 -0.1 7 1 0 0 1 0 2 0 0 1
2026-09-05,09:20:06 GMT,V6.4 BLOCK - journal-guarded entry/recovery gate failed or signal already used
2026-09-05,09:20:06 GMT,SENTINEL V6 MULTI-WINDOW SCAN >>>
2026-09-05,09:20:06 GMT,V6.4 DIAG | 1 0 12 0.30000000000000004 0.028571428571428567 -0.30000000000000004 -0.06666666666666667 -0.35000000000000003 -0.25 -0.1 7 1 0 0 1 0 2 0 0 1
2026-09-05,09:20:06 GMT,V6.4 BLOCK - journal-guarded entry/recovery gate failed or signal already used
2026-09-05,09:20:06 GMT,SENTINEL V6 MULTI-WINDOW SCAN >>>
2026-09-05,09:20:06 GMT,V6.4 DIAG | 0 0 12 0.35 0.028571428571428567 -0.35 -0.06666666666666667 -0.35000000000000003 -0.3 -0.1 7 1 0 0 1 0 2 0 0 1
2026-09-05,09:20:05 GMT,V6.4 BLOCK - journal-guarded entry/recovery gate failed or signal already used
2026-09-05,09:20:05 GMT,SENTINEL V6 MULTI-WINDOW SCAN >>>
2026-09-05,09:20:05 GMT,V6.4 DIAG | 1 0 8 0.35 -0.028571428571428567 -0.35 0.06666666666666667 0.45 -0.3 -0.1 7 1 0 0 0 0 2 0 0 1
2026-09-05,09:20:05 GMT,V6.4 BLOCK - journal-guarded entry/recovery gate failed or signal already used
2026-09-05,09:20:05 GMT,SENTINEL V6 MULTI-WINDOW SCAN >>>
2026-09-05,09:20:05 GMT,V6.4 DIAG | 5 0 8 0.35 -0.028571428571428567 -0.35 0.06666666666666667 0.45 -0.3 -0.1 7 1 0 0 0 0 2 0 0 1
2026-09-05,09:20:05 GMT,V6.4 BLOCK - journal-guarded entry/recovery gate failed or signal already used
2026-09-05,09:20:05 GMT,SENTINEL V6 MULTI-WINDOW SCAN >>>
2026-09-05,09:20:05 GMT,V6.4 DIAG | 6 0 8 0.20000000000000007 0 -0.2 0 0.45 -0.3 -0.35000000000000003 7 1 0 0 0 0 2 0 0 1
2026-09-05,09:20:05 GMT,V6.4 BLOCK - journal-guarded entry/recovery gate failed or signal already used
2026-09-05,09:20:05 GMT,SENTINEL V6 MULTI-WINDOW SCAN >>>
2026-09-05,09:20:05 GMT,V6.4 DIAG | 3 0 10 0.04999999999999993 0.028571428571428567 -0.04999999999999999 -0.06666666666666667 0.45 -0.55 -0.35000000000000003 7 1 0 1 0 0 2 0 0 1
2026-09-05,09:20:05 GMT,V6.4 BLOCK - journal-guarded entry/recovery gate failed or signal already used
2026-09-05,09:20:05 GMT,SENTINEL V6 MULTI-WINDOW SCAN >>>
2026-09-05,09:20:05 GMT,V6.4 DIAG | 7 0 9 -0.09999999999999998 0.05714285714285714 0.10000000000000003 -0.13333333333333336 0.45 -0.8 -0.35000000000000003 6 2 0 1 0 0 2 0 0 1
2026-09-05,09:19:58 GMT,V6.4 BLOCK - journal-guarded entry/recovery gate failed or signal already used
2026-09-05,09:19:58 GMT,SENTINEL V6 MULTI-WINDOW SCAN >>>
2026-09-05,09:19:58 GMT,V6.4 DIAG | 2 0 10 0 0.08571428571428572 0 -0.2 -0.05 -0.8 -0.35000000000000003 6 2 1 1 0 0 2 0 0 1
2026-09-05,09:19:57 GMT,V6.4 BLOCK - journal-guarded entry/recovery gate failed or signal already used
2026-09-05,09:19:57 GMT,SENTINEL V6 MULTI-WINDOW SCAN >>>
2026-09-05,09:19:57 GMT,V6.4 DIAG | 4 0 9 -0.09999999999999998 0.11428571428571428 0.10000000000000003 -0.26666666666666666 -0.1 -1.05 -0.35000000000000003 5 3 2 1 0 0 2 0 0 1
2026-09-05,09:19:57 GMT,V6.4 BLOCK - journal-guarded entry/recovery gate failed or signal already used
2026-09-05,09:19:57 GMT,SENTINEL V6 MULTI-WINDOW SCAN >>>
2026-09-05,09:19:57 GMT,V6.4 DIAG | 2 0 8 -0.09999999999999998 0.05714285714285714 0.10000000000000003 -0.13333333333333336 -0.1 -1.05 0.45 5 3 2 1 0 0 2 0 0 1
2026-09-05,09:19:57 GMT,V6.4 BLOCK - journal-guarded entry/recovery gate failed or signal already used
2026-09-05,09:19:57 GMT,SENTINEL V6 MULTI-WINDOW SCAN >>>
2026-09-05,09:19:57 GMT,V6.4 DIAG | 5 0 6 -0.25 0.028571428571428574 0.25 -0.06666666666666668 -0.1 -0.25 0.2 4 4 3 1 0 0 2 0 0 1
2026-09-05,09:19:57 GMT,V6.4 BLOCK - journal-guarded entry/recovery gate failed or signal already used
2026-09-05,09:19:57 GMT,SENTINEL V6 MULTI-WINDOW SCAN >>>
2026-09-05,09:19:57 GMT,V6.4 DIAG | 5 0 2 -0.25 -0.028571428571428574 0.25 0.06666666666666668 -0.1 0.55 0.2 4 4 3 1 0 0 2 0 0 1
2026-09-05,09:19:56 GMT,V6.4 BLOCK - journal-guarded entry/recovery gate failed or signal already used
2026-09-05,09:19:56 GMT,SENTINEL V6 MULTI-WINDOW SCAN >>>
2026-09-05,09:19:56 GMT,V6.4 DIAG | 1 0 1 -0.35 0 0.35 0 -0.1 0.25 0.2 3 5 3 1 0 0 2 0 0 1
2026-09-05,09:19:56 GMT,V6.4 BLOCK - journal-guarded entry/recovery gate failed or signal already used
2026-09-05,09:19:56 GMT,SENTINEL V6 MULTI-WINDOW SCAN >>>
2026-09-05,09:19:56 GMT,V6.4 DIAG | 9 0 1 -0.5 -0.02857142857142857 0.49999999999999994 0.06666666666666665 -0.1 0.7999999999999999 0.2 3 5 3 1 0 0 2 0 0 1
2026-09-05,09:19:56 GMT,V6.4 BLOCK - journal-guarded entry/recovery gate failed or signal already used
2026-09-05,09:19:56 GMT,SENTINEL V6 MULTI-WINDOW SCAN >>>
2026-09-05,09:19:56 GMT,V6.4 DIAG | 8 0 2 -0.35 0 0.35 0 -0.1 0.7999999999999999 -0.35000000000000003 3 5 4 1 0 0 2 0 0 1
2026-09-05,09:19:56 GMT,V6.4 BLOCK - journal-guarded entry/recovery gate failed or signal already used
2026-09-05,09:19:56 GMT,SENTINEL V6 MULTI-WINDOW SCAN >>>
2026-09-05,09:19:56 GMT,V6.4 DIAG | 8 0 2 -0.25 -0.028571428571428574 0.25 0.06666666666666668 -0.1 0.30000000000000004 0.45 3 5 4 1 0 0 2 0 0 1
2026-09-05,09:19:46 GMT,V6.4 BLOCK - journal-guarded entry/recovery gate failed or signal already used
2026-09-05,09:19:46 GMT,SENTINEL V6 MULTI-WINDOW SCAN >>>
2026-09-05,09:19:46 GMT,V6.4 DIAG | 4 0 3 -0.15000000000000002 0 0.15000000000000002 0 -0.1 -0.20000000000000004 0.45 4 4 3 1 0 0 2 0 0 1
2026-09-05,09:19:46 GMT,V6.4 BLOCK - journal-guarded entry/recovery gate failed or signal already used
2026-09-05,09:19:46 GMT,SENTINEL V6 MULTI-WINDOW SCAN >>>
2026-09-05,09:19:46 GMT,V6.4 DIAG | 8 0 2 -0.15000000000000002 -0.05714285714285714 0.15000000000000002 0.13333333333333336 -0.1 0.6 0.45 4 4 3 1 0 0 2 0 0 1
2026-09-05,09:19:46 GMT,V6.4 BLOCK - journal-guarded entry/recovery gate failed or signal already used
2026-09-05,09:19:46 GMT,SENTINEL V6 MULTI-WINDOW SCAN >>>
2026-09-05,09:19:46 GMT,V6.4 DIAG | 5 0 4 -0.20000000000000007 -0.05714285714285714 0.2 0.13333333333333336 -0.35000000000000003 0.9 0.45 5 3 2 1 0 0 2 0 0 1
2026-09-05,09:19:46 GMT,V6.4 BLOCK - journal-guarded entry/recovery gate failed or signal already used
2026-09-05,09:19:46 GMT,SENTINEL V6 MULTI-WINDOW SCAN >>>
2026-09-05,09:19:46 GMT,V6.4 DIAG | 9 0 4 -0.15000000000000002 -0.05714285714285714 0.15000000000000002 0.13333333333333336 -0.35000000000000003 0.9 0.4 5 3 2 1 0 0 2 0 0 1
2026-09-05,09:19:45 GMT,V6.4 BLOCK - journal-guarded entry/recovery gate failed or signal already used
2026-09-05,09:19:45 GMT,SENTINEL V6 MULTI-WINDOW SCAN >>>
2026-09-05,09:19:45 GMT,V6.4 DIAG | 0 0 5 -0.050000000000000044 -0.028571428571428567 0.04999999999999999 0.06666666666666667 -0.35000000000000003 0.9 -0.1 5 3 2 1 0 0 2 0 0 1
2026-09-05,09:19:45 GMT,V6.4 BLOCK - journal-guarded entry/recovery gate failed or signal already used
2026-09-05,09:19:45 GMT,SENTINEL V6 MULTI-WINDOW SCAN >>>
2026-09-05,09:19:45 GMT,V6.4 DIAG | 8 0 5 -0.15000000000000002 0 0.15000000000000002 0 -0.35000000000000003 0.65 -0.15 5 3 2 1 0 0 2 0 0 1
2026-09-05,09:19:45 GMT,V6.4 BLOCK - journal-guarded entry/recovery gate failed or signal already used
2026-09-05,09:19:45 GMT,SENTINEL V6 MULTI-WINDOW SCAN >>>
2026-09-05,09:19:45 GMT,V6.4 DIAG | 8 0 9 -0.050000000000000044 0.028571428571428567 0.04999999999999999 -0.06666666666666667 -0.35000000000000003 0.15000000000000002 -0.15 6 2 1 1 0 0 2 0 0 1
2026-09-05,09:19:45 GMT,V6.4 BLOCK - journal-guarded entry/recovery gate failed or signal already used
2026-09-05,09:19:45 GMT,SENTINEL V6 MULTI-WINDOW SCAN >>>
2026-09-05,09:19:45 GMT,V6.4 DIAG | 0 0 8 0.050000000000000044 0 -0.04999999999999999 0 0.45 -0.35000000000000003 -0.15 6 2 1 0 0 0 2 0 0 1
2026-09-05,09:19:44 GMT,V6.4 BLOCK - journal-guarded entry/recovery gate failed or signal already used
2026-09-05,09:19:44 GMT,SENTINEL V6 MULTI-WINDOW SCAN >>>
2026-09-05,09:19:44 GMT,V6.4 DIAG | 2 0 8 0.050000000000000044 0 -0.04999999999999999 0 0.45 -0.35000000000000003 -0.15 6 2 1 0 0 0 2 0 0 1
2026-09-05,09:19:44 GMT,V6.4 BLOCK - journal-guarded entry/recovery gate failed or signal already used
2026-09-05,09:19:44 GMT,SENTINEL V6 MULTI-WINDOW SCAN >>>
2026-09-05,09:19:44 GMT,V6.4 DIAG | 6 0 8 0.050000000000000044 0 -0.04999999999999999 0 0.45 -0.35000000000000003 -0.15 6 2 1 0 0 0 2 0 0 1
2026-09-05,09:19:44 GMT,V6.4 BLOCK - journal-guarded entry/recovery gate failed or signal already used
2026-09-05,09:19:44 GMT,SENTINEL V6 MULTI-WINDOW SCAN >>>
2026-09-05,09:19:44 GMT,V6.4 DIAG | 5 0 7 0.050000000000000044 -0.057142857142857134 -0.04999999999999999 0.13333333333333333 0.45 0.45 -0.15 6 2 1 1 0 0 2 0 0 1
2026-09-05,09:19:44 GMT,V6.4 BLOCK - journal-guarded entry/recovery gate failed or signal already used
2026-09-05,09:19:44 GMT,SENTINEL V6 MULTI-WINDOW SCAN >>>
2026-09-05,09:19:44 GMT,V6.4 DIAG | 7 0 7 0.050000000000000044 -0.057142857142857134 -0.04999999999999999 0.13333333333333333 0.45 0.45 -0.15 6 2 1 1 0 0 2 0 0 1
2026-09-05,09:19:36 GMT,V6.4 BLOCK - journal-guarded entry/recovery gate failed or signal already used
2026-09-05,09:19:36 GMT,SENTINEL V6 MULTI-WINDOW SCAN >>>
2026-09-05,09:19:36 GMT,V6.4 DIAG | 3 0 6 0 0 0 0 -0.30000000000000004 0.45 -0.15 7 1 1 1 0 0 2 0 0 1
2026-09-05,09:19:36 GMT,V6.4 BLOCK - journal-guarded entry/recovery gate failed or signal already used
2026-09-05,09:19:36 GMT,SENTINEL V6 MULTI-WINDOW SCAN >>>
2026-09-05,09:19:36 GMT,V6.4 DIAG | 2 0 6 0 0 0 0 -0.30000000000000004 0.45 -0.15 7 1 1 1 0 0 2 0 0 1
2026-09-05,09:19:35 GMT,V6.4 BLOCK - journal-guarded entry/recovery gate failed or signal already used
2026-09-05,09:19:35 GMT,SENTINEL V6 MULTI-WINDOW SCAN >>>
2026-09-05,09:19:35 GMT,V6.4 DIAG | 8 0 6 0 0 0 0 -0.30000000000000004 0.45 -0.15 6 2 1 1 0 0 2 0 0 1
2026-09-05,09:19:35 GMT,V6.4 BLOCK - journal-guarded entry/recovery gate failed or signal already used
2026-09-05,09:19:35 GMT,SENTINEL V6 MULTI-WINDOW SCAN >>>
2026-09-05,09:19:35 GMT,V6.4 DIAG | 4 0 12 0.15000000000000002 0.028571428571428567 -0.15 -0.06666666666666667 -0.35000000000000003 -0.05 -0.15 7 1 0 0 0 0 2 0 0 1
2026-09-05,09:19:35 GMT,V6.4 BLOCK - journal-guarded entry/recovery gate failed or signal already used
2026-09-05,09:19:35 GMT,SENTINEL V6 MULTI-WINDOW SCAN >>>
2026-09-05,09:19:35 GMT,V6.4 DIAG | 3 0 10 0 0.057142857142857134 0 -0.13333333333333333 -0.35000000000000003 -0.30000000000000004 -0.15 7 1 0 0 0 0 2 0 0 1
2026-09-05,09:19:34 GMT,V6.4 BLOCK - journal-guarded entry/recovery gate failed or signal already used
2026-09-05,09:19:34 GMT,SENTINEL V6 MULTI-WINDOW SCAN >>>
2026-09-05,09:19:34 GMT,V6.4 DIAG | 5 0 6 0 0 0 0 0.45 -0.30000000000000004 -0.15 7 1 0 1 0 0 2 0 0 1
2026-09-05,09:19:34 GMT,V6.4 BLOCK - journal-guarded entry/recovery gate failed or signal already used
2026-09-05,09:19:34 GMT,SENTINEL V6 MULTI-WINDOW SCAN >>>
2026-09-05,09:19:34 GMT,V6.4 DIAG | 2 0 9 -0.15000000000000002 0.028571428571428567 0.15 -0.06666666666666667 0.45 -0.30000000000000004 -0.4 6 2 1 1 0 0 2 0 0 1
2026-09-05,09:19:34 GMT,V6.4 BLOCK - journal-guarded entry/recovery gate failed or signal already used
2026-09-05,09:19:34 GMT,SENTINEL V6 MULTI-WINDOW SCAN >>>
2026-09-05,09:19:34 GMT,V6.4 DIAG | 5 0 9 -0.15000000000000002 0.028571428571428567 0.15 -0.06666666666666667 0.45 -0.30000000000000004 -0.4 6 2 1 1 0 0 2 0 0 1
2026-09-05,09:19:33 GMT,V6.4 BLOCK - journal-guarded entry/recovery gate failed or signal already used
2026-09-05,09:19:33 GMT,SENTINEL V6 MULTI-WINDOW SCAN >>>
2026-09-05,09:19:33 GMT,V6.4 DIAG | 6 0 9 -0.15000000000000002 0.028571428571428567 0.15 -0.06666666666666667 0.45 -0.30000000000000004 -0.4 5 3 1 1 0 0 2 0 0 1
2026-09-05,09:19:33 GMT,V6.4 BLOCK - journal-guarded entry/recovery gate failed or signal already used
2026-09-05,09:19:33 GMT,SENTINEL V6 MULTI-WINDOW SCAN >>>
2026-09-05,09:19:33 GMT,V6.4 DIAG | 7 0 5 -0.15000000000000002 -0.028571428571428567 0.15 0.06666666666666667 0.45 0.5 -0.4 5 3 1 1 0 0 2 0 0 1
2026-09-05,09:19:33 GMT,V6.4 BLOCK - journal-guarded entry/recovery gate failed or signal already used
2026-09-05,09:19:33 GMT,SENTINEL V6 MULTI-WINDOW SCAN >>>
2026-09-05,09:19:33 GMT,V6.4 DIAG | 0 0 6 0 0 0 0 -0.05 0.5 -0.45 6 2 1 1 0 0 2 0 0 1
2026-09-05,09:19:27 GMT,V6.4 BLOCK - journal-guarded entry/recovery gate failed or signal already used
2026-09-05,09:19:27 GMT,SENTINEL V6 MULTI-WINDOW SCAN >>>
2026-09-05,09:19:27 GMT,V6.4 DIAG | 3 0 5 -0.15000000000000002 -0.028571428571428567 0.15 0.06666666666666667 -0.05 0.5 0.1 6 2 1 1 0 0 2 0 0 1
2026-09-05,09:19:27 GMT,V6.4 BLOCK - journal-guarded entry/recovery gate failed or signal already used
2026-09-05,09:19:27 GMT,SENTINEL V6 MULTI-WINDOW SCAN >>>
2026-09-05,09:19:27 GMT,V6.4 DIAG | 1 0 5 -0.10000000000000009 -0.028571428571428567 0.09999999999999998 0.06666666666666667 -0.05 0.45 0.1 6 2 1 1 0 0 2 0 0 1
2026-09-05,09:19:26 GMT,V6.4 BLOCK - journal-guarded entry/recovery gate failed or signal already used
2026-09-05,09:19:26 GMT,SENTINEL V6 MULTI-WINDOW SCAN >>>
2026-09-05,09:19:26 GMT,V6.4 DIAG | 8 0 6 -0.25 0 0.25 0 -0.05 0.45 -0.15000000000000002 5 3 1 1 0 0 2 0 0 1
2026-09-05,09:19:26 GMT,V6.4 BLOCK - journal-guarded entry/recovery gate failed or signal already used
2026-09-05,09:19:26 GMT,SENTINEL V6 MULTI-WINDOW SCAN >>>
2026-09-05,09:19:26 GMT,V6.4 DIAG | 4 0 10 -0.10000000000000009 0.028571428571428567 0.09999999999999998 -0.06666666666666667 -0.05 -0.05 -0.20000000000000004 6 2 0 1 0 0 2 0 0 1
2026-09-05,09:19:25 GMT,V6.4 BLOCK - journal-guarded entry/recovery gate failed or signal already used
2026-09-05,09:19:25 GMT,SENTINEL V6 MULTI-WINDOW SCAN >>>
2026-09-05,09:19:25 GMT,V6.4 DIAG | 9 0 10 -0.10000000000000009 0.028571428571428567 0.09999999999999998 -0.06666666666666667 -0.05 -0.05 -0.20000000000000004 5 3 0 1 0 0 2 0 0 1
2026-09-05,09:19:25 GMT,V6.4 BLOCK - journal-guarded entry/recovery gate failed or signal already used
2026-09-05,09:19:25 GMT,SENTINEL V6 MULTI-WINDOW SCAN >>>
2026-09-05,09:19:25 GMT,V6.4 DIAG | 6 0 8 0.050000000000000044 0 -0.04999999999999999 0 -0.1 -0.05 0.1 6 2 0 0 0 0 2 0 0 1
2026-09-05,09:19:24 GMT,V6.4 BLOCK - journal-guarded entry/recovery gate failed or signal already used
2026-09-05,09:19:24 GMT,SENTINEL V6 MULTI-WINDOW SCAN >>>
2026-09-05,09:19:24 GMT,V6.4 DIAG | 4 0 8 0.10000000000000009 0 -0.09999999999999998 0 -0.1 -0.05 0.05000000000000002 6 2 0 0 0 0 2 0 0 1
2026-09-05,09:19:24 GMT,V6.4 BLOCK - journal-guarded entry/recovery gate failed or signal already used
2026-09-05,09:19:24 GMT,SENTINEL V6 MULTI-WINDOW SCAN >>>
2026-09-05,09:19:24 GMT,V6.4 DIAG | 2 0 8 0.10000000000000009 -0.057142857142857134 -0.09999999999999998 0.13333333333333333 -0.1 -0.05 0.8500000000000001 6 2 0 0 0 0 2 0 0 1
2026-09-05,09:19:23 GMT,V6.4 BLOCK - journal-guarded entry/recovery gate failed or signal already used
2026-09-05,09:19:23 GMT,SENTINEL V6 MULTI-WINDOW SCAN >>>
2026-09-05,09:19:23 GMT,V6.4 DIAG | 3 0 8 0.10000000000000009 -0.057142857142857134 -0.09999999999999998 0.13333333333333333 -0.1 -0.05 0.8500000000000001 6 2 0 0 0 0 2 0 0 1
2026-09-05,09:19:23 GMT,V6.4 BLOCK - journal-guarded entry/recovery gate failed or signal already used
2026-09-05,09:19:23 GMT,SENTINEL V6 MULTI-WINDOW SCAN >>>
2026-09-05,09:19:23 GMT,V6.4 DIAG | 9 0 8 0.15000000000000002 -0.057142857142857134 -0.14999999999999997 0.13333333333333333 -0.1 -0.05 0.8 6 2 0 1 0 0 2 0 0 1
2026-09-05,09:19:17 GMT,Profit amount: 2.55
2026-09-05,09:19:17 GMT,V6.4 DIAG | 2 0 8 0.25 -0.028571428571428567 -0.24999999999999997 0.06666666666666667 -0.1 -0.05 0.30000000000000004 7 1 0 0 0 0 1 0 0 1
2026-09-05,09:19:17 GMT,V6.4 DIAG | 9 0 8 0.25 -0.028571428571428567 -0.24999999999999997 0.06666666666666667 -0.1 -0.05 0.30000000000000004 7 1 0 0 0 0 1 0 0 1
2026-09-05,09:19:16 GMT,V6.4 DIAG | 2 0 12 0.20000000000000007 0.028571428571428567 -0.19999999999999998 -0.06666666666666667 -0.35000000000000003 -0.05 -0.2 8 0 0 0 1 0 1 0 0 1
2026-09-05,09:19:16 GMT,V6.4 DIAG | 6 0 12 0.25 0.028571428571428567 -0.24999999999999997 -0.06666666666666667 -0.35000000000000003 -0.1 -0.2 8 0 0 1 1 0 1 0 0 1
2026-09-05,09:19:16 GMT,Bought: (ID: 22573143319)
2026-09-05,09:19:14 GMT,SENTINEL V6 MULTI-WINDOW SCAN >>>
2026-09-05,09:19:14 GMT,V6.4 DIAG | 4 0 12 0.30000000000000004 0.028571428571428567 -0.30000000000000004 -0.06666666666666667 -0.35000000000000003 -0.15 -0.2 7 1 0 0 1 1 1 0 1 0
2026-09-05,09:19:14 GMT,V6.4 BLOCK - journal-guarded entry/recovery gate failed or signal already used
2026-09-05,09:19:14 GMT,SENTINEL V6 MULTI-WINDOW SCAN >>>
2026-09-05,09:19:14 GMT,V6.4 DIAG | 4 0 8 0.30000000000000004 -0.028571428571428567 -0.30000000000000004 0.06666666666666667 0.45 -0.15 -0.2 7 1 0 0 0 0 1 0 0 0
2026-09-05,09:19:14 GMT,V6.4 BLOCK - journal-guarded entry/recovery gate failed or signal already used
2026-09-05,09:19:14 GMT,SENTINEL V6 MULTI-WINDOW SCAN >>>
2026-09-05,09:19:14 GMT,V6.4 DIAG | 6 0 8 0.35 -0.028571428571428567 -0.35 0.06666666666666667 0.4 -0.15 -0.2 7 1 0 0 0 0 1 0 0 0
2026-09-05,09:19:06 GMT,V6.4 BLOCK - journal-guarded entry/recovery gate failed or signal already used
2026-09-05,09:19:06 GMT,SENTINEL V6 MULTI-WINDOW SCAN >>>
2026-09-05,09:19:06 GMT,V6.4 DIAG | 0 0 8 0.20000000000000007 0 -0.2 0 0.4 -0.15 -0.45 7 1 0 0 0 0 1 0 0 0
2026-09-05,09:19:06 GMT,V6.4 BLOCK - journal-guarded entry/recovery gate failed or signal already used
2026-09-05,09:19:06 GMT,SENTINEL V6 MULTI-WINDOW SCAN >>>
2026-09-05,09:19:06 GMT,V6.4 DIAG | 3 0 8 0.20000000000000007 0 -0.2 0 0.4 -0.15 -0.45 7 1 0 0 0 0 1 0 0 0
2026-09-05,09:19:06 GMT,V6.4 BLOCK - journal-guarded entry/recovery gate failed or signal already used
2026-09-05,09:19:06 GMT,SENTINEL V6 MULTI-WINDOW SCAN >>>
2026-09-05,09:19:06 GMT,V6.4 DIAG | 7 1 10 0.04999999999999993 0.028571428571428567 -0.04999999999999999 -0.06666666666666667 0.4 -0.4 -0.45 6 2 0 1 0 0 1 0 0 0
2026-09-05,09:19:05 GMT,V6.4 BLOCK - journal-guarded entry/recovery gate failed or signal already used
2026-09-05,09:19:05 GMT,SENTINEL V6 MULTI-WINDOW SCAN >>>
2026-09-05,09:19:05 GMT,V6.4 DIAG | 2 1 12 0.20000000000000007 0.057142857142857134 -0.2 -0.13333333333333333 -0.15 -0.4 -0.45 7 1 0 0 0 0 1 1 0 0
2026-09-05,09:19:05 GMT,V6.4 BLOCK - journal-guarded entry/recovery gate failed or signal already used
2026-09-05,09:19:05 GMT,SENTINEL V6 MULTI-WINDOW SCAN >>>
2026-09-05,09:19:05 GMT,V6.4 DIAG | 5 0 12 0.09999999999999998 0.08571428571428572 -0.10000000000000003 -0.2 -0.15 -0.4 -0.75 6 2 1 0 1 0 1 1 0 0
2026-09-05,09:19:05 GMT,V6.4 BLOCK - journal-guarded entry/recovery gate failed or signal already used
2026-09-05,09:19:05 GMT,SENTINEL V6 MULTI-WINDOW SCAN >>>
2026-09-05,09:19:05 GMT,V6.4 DIAG | 0 0 11 0.09999999999999998 0.028571428571428567 -0.10000000000000003 -0.06666666666666667 -0.15 -0.4 0.05000000000000002 6 2 1 0 0 0 1 0 0 0
2026-09-05,09:19:05 GMT,V6.4 BLOCK - journal-guarded entry/recovery gate failed or signal already used
2026-09-05,09:19:05 GMT,SENTINEL V6 MULTI-WINDOW SCAN >>>
2026-09-05,09:19:05 GMT,V6.4 DIAG | 3 0 9 -0.050000000000000044 0.05714285714285714 0.050000000000000044 -0.13333333333333336 -0.4 -0.4 0.05000000000000002 5 3 1 0 0 0 1 0 0 0
2026-09-05,09:19:04 GMT,V6.4 BLOCK - journal-guarded entry/recovery gate failed or signal already used
2026-09-05,09:19:04 GMT,SENTINEL V6 MULTI-WINDOW SCAN >>>
2026-09-05,09:19:04 GMT,V6.4 DIAG | 4 0 9 -0.19999999999999996 0.028571428571428574 0.2 -0.06666666666666668 -0.4 0.4 -0.20000000000000004 5 3 1 1 0 0 1 0 0 0
2026-09-05,09:19:04 GMT,V6.4 BLOCK - journal-guarded entry/recovery gate failed or signal already used
2026-09-05,09:19:04 GMT,SENTINEL V6 MULTI-WINDOW SCAN >>>
2026-09-05,09:19:04 GMT,V6.4 DIAG | 1 0 7 -0.15000000000000002 0.028571428571428574 0.15000000000000002 -0.06666666666666668 -0.4 0.4 -0.25 4 4 1 1 0 0 1 0 0 0
2026-09-05,09:19:04 GMT,V6.4 BLOCK - journal-guarded entry/recovery gate failed or signal already used
2026-09-05,09:19:04 GMT,SENTINEL V6 MULTI-WINDOW SCAN >>>
2026-09-05,09:19:04 GMT,V6.4 DIAG | 9 0 3 -0.09999999999999998 -0.028571428571428574 0.09999999999999998 0.06666666666666668 -0.4 0.4 0.5 3 5 1 1 0 0 1 0 0 0
2026-09-05,09:18:57 GMT,V6.4 BLOCK - journal-guarded entry/recovery gate failed or signal already used
2026-09-05,09:18:57 GMT,SENTINEL V6 MULTI-WINDOW SCAN >>>
2026-09-05,09:18:57 GMT,V6.4 DIAG | 6 0 7 -0.09999999999999998 0.028571428571428574 0.09999999999999998 -0.06666666666666668 -0.4 0.4 -0.30000000000000004 4 4 1 1 0 0 1 0 0 0
2026-09-05,09:18:56 GMT,V6.4 BLOCK - journal-guarded entry/recovery gate failed or signal already used
2026-09-05,09:18:56 GMT,SENTINEL V6 MULTI-WINDOW SCAN >>>
2026-09-05,09:18:56 GMT,V6.4 DIAG | 8 0 3 -0.09999999999999998 -0.028571428571428574 0.09999999999999998 0.06666666666666668 0.4 0.4 -0.30000000000000004 4 4 1 1 0 0 1 0 0 0
2026-09-05,09:18:56 GMT,V6.4 BLOCK - journal-guarded entry/recovery gate failed or signal already used
2026-09-05,09:18:56 GMT,SENTINEL V6 MULTI-WINDOW SCAN >>>
2026-09-05,09:18:56 GMT,V6.4 DIAG | 0 0 3 0 -0.05714285714285714 0 0.13333333333333336 0.4 -0.1 0.5 4 4 0 0 0 0 1 0 0 0
2026-09-05,09:18:56 GMT,V6.4 BLOCK - journal-guarded entry/recovery gate failed or signal already used
2026-09-05,09:18:56 GMT,SENTINEL V6 MULTI-WINDOW SCAN >>>
2026-09-05,09:18:56 GMT,V6.4 DIAG | 9 0 3 0 -0.05714285714285714 0 0.13333333333333336 0.4 -0.1 0.5 4 4 0 1 0 0 1 0 0 0
2026-09-05,09:18:55 GMT,V6.4 BLOCK - journal-guarded entry/recovery gate failed or signal already used
2026-09-05,09:18:55 GMT,SENTINEL V6 MULTI-WINDOW SCAN >>>
2026-09-05,09:18:55 GMT,V6.4 DIAG | 5 0 6 -0.050000000000000044 0 0.050000000000000044 0 0.4 -0.35000000000000003 0 5 3 0 0 0 0 1 0 0 0
2026-09-05,09:18:55 GMT,V6.4 BLOCK - journal-guarded entry/recovery gate failed or signal already used
2026-09-05,09:18:55 GMT,SENTINEL V6 MULTI-WINDOW SCAN >>>
2026-09-05,09:18:55 GMT,V6.4 DIAG | 7 0 5 -0.050000000000000044 -0.05714285714285714 0.050000000000000044 0.13333333333333336 0.4 -0.35000000000000003 0.8 5 3 0 1 0 0 1 0 0 0
2026-09-05,09:18:55 GMT,V6.4 BLOCK - journal-guarded entry/recovery gate failed or signal already used
2026-09-05,09:18:55 GMT,SENTINEL V6 MULTI-WINDOW SCAN >>>
2026-09-05,09:18:55 GMT,V6.4 DIAG | 9 0 6 -0.09999999999999998 0 0.10000000000000003 0 -0.1 -0.6000000000000001 0.8 5 3 1 1 0 0 1 0 0 0
2026-09-05,09:18:54 GMT,V6.4 BLOCK - journal-guarded entry/recovery gate failed or signal already used
2026-09-05,09:18:54 GMT,SENTINEL V6 MULTI-WINDOW SCAN >>>
2026-09-05,09:18:54 GMT,V6.4 DIAG | 4 0 10 0.04999999999999993 0.028571428571428567 -0.04999999999999999 -0.06666666666666667 -0.15 -0.6000000000000001 0.30000000000000004 6 2 1 0 0 0 1 0 0 0
2026-09-05,09:18:54 GMT,V6.4 BLOCK - journal-guarded entry/recovery gate failed or signal already used
2026-09-05,09:18:54 GMT,SENTINEL V6 MULTI-WINDOW SCAN >>>
2026-09-05,09:18:54 GMT,V6.4 DIAG | 4 0 9 0.04999999999999993 0.028571428571428567 -0.04999999999999999 -0.06666666666666667 -0.15 -0.6000000000000001 0.30000000000000004 5 3 2 0 0 0 1 0 0 0
2026-09-05,09:18:54 GMT,V6.4 BLOCK - journal-guarded entry/recovery gate failed or signal already used
2026-09-05,09:18:54 GMT,SENTINEL V6 MULTI-WINDOW SCAN >>>
2026-09-05,09:18:54 GMT,V6.4 DIAG | 9 0 4 -0.09999999999999998 0 0.10000000000000003 0 -0.4 0.2 0.30000000000000004 5 3 2 1 0 0 1 0 0 0
2026-09-05,09:18:46 GMT,V6.4 BLOCK - journal-guarded entry/recovery gate failed or signal already used
2026-09-05,09:18:46 GMT,SENTINEL V6 MULTI-WINDOW SCAN >>>
2026-09-05,09:18:46 GMT,V6.4 DIAG | 0 0 8 0 0.028571428571428567 0 -0.06666666666666667 -0.4 0.2 -0.2 6 2 2 1 0 0 1 0 0 0
2026-09-05,09:18:46 GMT,V6.4 BLOCK - journal-guarded entry/recovery gate failed or signal already used
2026-09-05,09:18:46 GMT,SENTINEL V6 MULTI-WINDOW SCAN >>>
2026-09-05,09:18:46 GMT,V6.4 DIAG | 2 0 5 0 -0.028571428571428567 0 0.06666666666666667 -0.4 1 -0.2 5 3 2 1 0 0 1 0 0 0
2026-09-05,09:18:45 GMT,V6.4 BLOCK - journal-guarded entry/recovery gate failed or signal already used
2026-09-05,09:18:45 GMT,SENTINEL V6 MULTI-WINDOW SCAN >>>
2026-09-05,09:18:45 GMT,V6.4 DIAG | 3 0 5 0 -0.028571428571428567 0 0.06666666666666667 -0.4 1 -0.2 5 3 2 1 0 0 1 0 0 0
2026-09-05,09:18:45 GMT,V6.4 BLOCK - journal-guarded entry/recovery gate failed or signal already used
2026-09-05,09:18:45 GMT,SENTINEL V6 MULTI-WINDOW SCAN >>>
2026-09-05,09:18:45 GMT,V6.4 DIAG | 8 0 5 -0.15000000000000002 0 0.15000000000000002 0 -0.65 1 -0.2 5 3 2 1 0 0 1 0 0 0
2026-09-05,09:18:45 GMT,V6.4 BLOCK - journal-guarded entry/recovery gate failed or signal already used
2026-09-05,09:18:45 GMT,SENTINEL V6 MULTI-WINDOW SCAN >>>
2026-09-05,09:18:45 GMT,V6.4 DIAG | 0 0 5 -0.20000000000000007 0 0.2 0 0.15000000000000002 0.5 -0.45 6 2 1 1 0 0 1 0 0 0
2026-09-05,09:18:44 GMT,V6.4 BLOCK - journal-guarded entry/recovery gate failed or signal already used
2026-09-05,09:18:44 GMT,SENTINEL V6 MULTI-WINDOW SCAN >>>
2026-09-05,09:18:44 GMT,V6.4 DIAG | 8 0 5 -0.20000000000000007 0 0.2 0 0.15000000000000002 0.5 -0.45 5 3 1 1 0 0 1 0 0 0
2026-09-05,09:18:44 GMT,V6.4 BLOCK - journal-guarded entry/recovery gate failed or signal already used
2026-09-05,09:18:44 GMT,SENTINEL V6 MULTI-WINDOW SCAN >>>
2026-09-05,09:18:44 GMT,V6.4 DIAG | 5 0 9 -0.050000000000000044 0.028571428571428567 0.04999999999999999 -0.06666666666666667 0.15000000000000002 -0.05 -0.45 5 3 0 0 0 0 1 0 0 0
2026-09-05,09:18:44 GMT,V6.4 BLOCK - journal-guarded entry/recovery gate failed or signal already used
2026-09-05,09:18:44 GMT,SENTINEL V6 MULTI-WINDOW SCAN >>>
2026-09-05,09:18:44 GMT,V6.4 DIAG | 2 0 9 -0.050000000000000044 0.028571428571428567 0.04999999999999999 -0.06666666666666667 0.15000000000000002 -0.05 -0.45 5 3 0 0 0 0 1 0 0 0
2026-09-05,09:18:43 GMT,V6.4 BLOCK - journal-guarded entry/recovery gate failed or signal already used
2026-09-05,09:18:43 GMT,SENTINEL V6 MULTI-WINDOW SCAN >>>
2026-09-05,09:18:43 GMT,V6.4 DIAG | 7 0 6 -0.15000000000000002 0 0.15000000000000002 0 0.9 -0.05 -0.7000000000000001 5 3 0 0 0 0 1 0 0 0
2026-09-05,09:18:43 GMT,V6.4 BLOCK - journal-guarded entry/recovery gate failed or signal already used
2026-09-05,09:18:43 GMT,SENTINEL V6 MULTI-WINDOW SCAN >>>
2026-09-05,09:18:43 GMT,V6.4 DIAG | 3 0 6 -0.20000000000000007 0 0.2 0 0.4 -0.05 -0.15000000000000002 6 2 0 1 0 0 1 0 0 0
2026-09-05,09:18:43 GMT,V6.4 BLOCK - journal-guarded entry/recovery gate failed or signal already used
2026-09-05,09:18:43 GMT,SENTINEL V6 MULTI-WINDOW SCAN >>>
2026-09-05,09:18:43 GMT,V6.4 DIAG | 1 0 9 -0.35 0.028571428571428574 0.35 -0.06666666666666668 0.4 -0.05 -0.3999999999999999 5 3 0 0 0 0 1 0 0 0
2026-09-05,09:18:40 GMT,V6.4 BLOCK - journal-guarded entry/recovery gate failed or signal already used
2026-09-05,09:18:40 GMT,SENTINEL V6 MULTI-WINDOW SCAN >>>
2026-09-05,09:18:40 GMT,V6.4 DIAG | 1 0 7 -0.35 0.028571428571428574 0.35 -0.06666666666666668 0.4 -0.05 -0.3999999999999999 4 4 0 0 0 0 1 0 0 0
2026-09-05,09:18:39 GMT,V6.4 BLOCK - journal-guarded entry/recovery gate failed or signal already used
2026-09-05,09:18:39 GMT,SENTINEL V6 MULTI-WINDOW SCAN >>>
2026-09-05,09:18:39 GMT,V6.4 DIAG | 7 0 7 -0.30000000000000004 0.028571428571428574 0.3 -0.06666666666666668 0.4 -0.1 -0.3999999999999999 3 5 0 1 0 0 1 0 0 0
2026-09-05,09:18:39 GMT,V6.4 BLOCK - journal-guarded entry/recovery gate failed or signal already used
2026-09-05,09:18:39 GMT,SENTINEL V6 MULTI-WINDOW SCAN >>>
2026-09-05,09:18:39 GMT,V6.4 DIAG | 9 0 4 -0.20000000000000007 0 0.2 0 -0.1 -0.1 0.4 4 4 0 1 0 0 1 0 0 0
2026-09-05,09:18:38 GMT,V6.4 BLOCK - journal-guarded entry/recovery gate failed or signal already used
2026-09-05,09:18:38 GMT,SENTINEL V6 MULTI-WINDOW SCAN >>>
2026-09-05,09:18:38 GMT,V6.4 DIAG | 6 0 6 -0.050000000000000044 -0.028571428571428567 0.04999999999999999 0.06666666666666667 -0.1 -0.15 0.7 5 3 0 0 0 0 1 0 0 0
2026-09-05,09:18:38 GMT,V6.4 BLOCK - journal-guarded entry/recovery gate failed or signal already used
2026-09-05,09:18:38 GMT,SENTINEL V6 MULTI-WINDOW SCAN >>>
2026-09-05,09:18:38 GMT,V6.4 DIAG | 4 0 6 -0.050000000000000044 -0.08571428571428572 0.04999999999999999 0.2 -0.1 -0.15 1.5 5 3 0 0 0 0 1 0 0 0
2026-09-05,09:18:37 GMT,Loss amount: -5
2026-09-05,09:18:37 GMT,V6.4 DIAG | 6 0 6 -0.050000000000000044 -0.08571428571428572 0.04999999999999999 0.2 -0.1 -0.15 1.5 5 3 0 1 0 0 0 1 0 0
2026-09-05,09:18:37 GMT,V6.4 DIAG | 9 0 6 -0.20000000000000007 -0.05714285714285714 0.2 0.13333333333333336 -0.35000000000000003 -0.15 1.5 5 3 0 1 0 0 0 1 0 0
2026-09-05,09:18:35 GMT,V6.4 DIAG | 9 0 6 -0.10000000000000009 -0.028571428571428567 0.09999999999999998 0.06666666666666667 -0.35000000000000003 -0.15 1 6 2 0 1 0 0 0 1 0 0
2026-09-05,09:18:35 GMT,Bought: (ID: 22573024779)
2026-09-05,09:18:26 GMT,SENTINEL V6 MULTI-WINDOW SCAN >>>
2026-09-05,09:18:26 GMT,V6.4 DIAG | 1 1 12 0.09999999999999998 0.028571428571428567 -0.1 -0.06666666666666667 -0.35000000000000003 -0.15 0 7 1 0 0 1 1 0 1 0 0
2026-09-05,09:18:26 GMT,V6.4 BLOCK - journal-guarded entry/recovery gate failed or signal already used
2026-09-05,09:18:26 GMT,SENTINEL V6 MULTI-WINDOW SCAN >>>
2026-09-05,09:18:26 GMT,V6.4 DIAG | 4 0 8 0.09999999999999998 -0.028571428571428567 -0.1 0.06666666666666667 0.45 -0.15 0 7 1 0 0 0 0 0 1 0 0
2026-09-05,09:18:25 GMT,V6.4 BLOCK - journal-guarded entry/recovery gate failed or signal already used
2026-09-05,09:18:25 GMT,SENTINEL V6 MULTI-WINDOW SCAN >>>
2026-09-05,09:18:25 GMT,V6.4 DIAG | 0 0 8 0.09999999999999998 -0.028571428571428567 -0.1 0.06666666666666667 0.45 -0.15 0 7 1 0 0 0 0 0 1 0 0
2026-09-05,09:18:25 GMT,V6.4 BLOCK - journal-guarded entry/recovery gate failed or signal already used
2026-09-05,09:18:25 GMT,SENTINEL V6 MULTI-WINDOW SCAN >>>
2026-09-05,09:18:25 GMT,V6.4 DIAG | 6 0 8 0.09999999999999998 -0.028571428571428567 -0.1 0.06666666666666667 0.45 -0.15 0 7 1 0 0 0 0 0 1 0 0
2026-09-05,09:18:25 GMT,V6.4 BLOCK - journal-guarded entry/recovery gate failed or signal already used
2026-09-05,09:18:25 GMT,SENTINEL V6 MULTI-WINDOW SCAN >>>
2026-09-05,09:18:25 GMT,V6.4 DIAG | 4 0 8 0.15000000000000002 -0.028571428571428567 -0.15 0.06666666666666667 0.45 -0.2 0 7 1 0 0 0 0 0 1 0 0
2026-09-05,09:18:24 GMT,V6.4 BLOCK - journal-guarded entry/recovery gate failed or signal already used
2026-09-05,09:18:24 GMT,SENTINEL V6 MULTI-WINDOW SCAN >>>
2026-09-05,09:18:24 GMT,V6.4 DIAG | 7 0 6 0 0 0 0 0.45 -0.45 0 7 1 0 1 0 0 0 1 0 0
2026-09-05,09:18:24 GMT,V6.4 BLOCK - journal-guarded entry/recovery gate failed or signal already used
2026-09-05,09:18:24 GMT,SENTINEL V6 MULTI-WINDOW SCAN >>>
2026-09-05,09:18:24 GMT,V6.4 DIAG | 2 1 12 0.09999999999999998 0.028571428571428567 -0.1 -0.06666666666666667 -0.05 -0.45 0 8 0 0 0 0 0 0 1 0 0
2026-09-05,09:18:23 GMT,V6.4 BLOCK - journal-guarded entry/recovery gate failed or signal already used
2026-09-05,09:18:23 GMT,SENTINEL V6 MULTI-WINDOW SCAN >>>
2026-09-05,09:18:23 GMT,V6.4 DIAG | 0 1 10 -0.04999999999999993 0.057142857142857134 0.05000000000000002 -0.13333333333333333 -0.30000000000000004 -0.45 0 7 1 1 1 0 0 0 1 0 0
2026-09-05,09:18:23 GMT,V6.4 BLOCK - journal-guarded entry/recovery gate failed or signal already used
2026-09-05,09:18:23 GMT,SENTINEL V6 MULTI-WINDOW SCAN >>>
2026-09-05,09:18:23 GMT,V6.4 DIAG | 6 1 10 0 0.057142857142857134 0 -0.13333333333333333 -0.30000000000000004 -0.5 0 7 1 1 0 0 0 0 1 0 0
2026-09-05,09:18:23 GMT,V6.4 BLOCK - journal-guarded entry/recovery gate failed or signal already used
2026-09-05,09:18:23 GMT,SENTINEL V6 MULTI-WINDOW SCAN >>>
2026-09-05,09:18:23 GMT,V6.4 DIAG | 3 1 10 0 0.057142857142857134 0 -0.13333333333333333 -0.30000000000000004 -0.5 0 6 2 1 0 0 0 0 1 0 0
2026-09-05,09:18:17 GMT,V6.4 BLOCK - journal-guarded entry/recovery gate failed or signal already used
2026-09-05,09:18:17 GMT,SENTINEL V6 MULTI-WINDOW SCAN >>>
2026-09-05,09:18:17 GMT,V6.4 DIAG | 1 0 6 0 0 0 0 -0.30000000000000004 0.30000000000000004 0 6 2 1 1 0 0 0 1 0 0
2026-09-05,09:18:17 GMT,V6.4 BLOCK - journal-guarded entry/recovery gate failed or signal already used
2026-09-05,09:18:17 GMT,SENTINEL V6 MULTI-WINDOW SCAN >>>
2026-09-05,09:18:17 GMT,V6.4 DIAG | 4 1 9 -0.15000000000000002 0.028571428571428567 0.15 -0.06666666666666667 -0.30000000000000004 0.05000000000000002 0 6 2 1 1 0 0 0 1 0 0
2026-09-05,09:18:16 GMT,V6.4 BLOCK - journal-guarded entry/recovery gate failed or signal already used
2026-09-05,09:18:16 GMT,SENTINEL V6 MULTI-WINDOW SCAN >>>
2026-09-05,09:18:16 GMT,V6.4 DIAG | 0 0 5 -0.10000000000000009 -0.028571428571428567 0.09999999999999998 0.06666666666666667 0.5 0.05000000000000002 -0.05 6 2 1 1 0 0 0 1 0 0
2026-09-05,09:18:16 GMT,V6.4 BLOCK - journal-guarded entry/recovery gate failed or signal already used
2026-09-05,09:18:16 GMT,SENTINEL V6 MULTI-WINDOW SCAN >>>
2026-09-05,09:18:16 GMT,V6.4 DIAG | 6 0 5 -0.25 0 0.25 0 0.5 -0.20000000000000004 -0.05 5 3 2 0 0 0 0 1 0 0
2026-09-05,09:18:15 GMT,V6.4 BLOCK - journal-guarded entry/recovery gate failed or signal already used
2026-09-05,09:18:15 GMT,SENTINEL V6 MULTI-WINDOW SCAN >>>
2026-09-05,09:18:15 GMT,V6.4 DIAG | 8 0 5 -0.25 0 0.25 0 0.5 -0.20000000000000004 -0.05 5 3 2 1 0 0 0 1 0 0
2026-09-05,09:18:15 GMT,V6.4 BLOCK - journal-guarded entry/recovery gate failed or signal already used
2026-09-05,09:18:15 GMT,SENTINEL V6 MULTI-WINDOW SCAN >>>
2026-09-05,09:18:15 GMT,V6.4 DIAG | 3 0 8 -0.15000000000000002 0.028571428571428567 0.15 -0.06666666666666667 0.5 -0.7000000000000001 -0.05 5 3 2 0 0 0 0 1 0 0
2026-09-05,09:18:14 GMT,V6.4 BLOCK - journal-guarded entry/recovery gate failed or signal already used
2026-09-05,09:18:14 GMT,SENTINEL V6 MULTI-WINDOW SCAN >>>
2026-09-05,09:18:14 GMT,V6.4 DIAG | 7 0 4 -0.15000000000000002 -0.028571428571428567 0.15 0.06666666666666667 0.5 0.1 -0.05 5 3 2 1 0 0 0 1 0 0
2026-09-05,09:18:14 GMT,V6.4 BLOCK - journal-guarded entry/recovery gate failed or signal already used
2026-09-05,09:18:14 GMT,SENTINEL V6 MULTI-WINDOW SCAN >>>
2026-09-05,09:18:14 GMT,V6.4 DIAG | 4 0 5 -0.04999999999999993 0 0.05000000000000002 0 0 0.1 -0.05 6 2 2 1 0 0 0 1 0 0
2026-09-05,09:18:13 GMT,V6.4 BLOCK - journal-guarded entry/recovery gate failed or signal already used
2026-09-05,09:18:13 GMT,SENTINEL V6 MULTI-WINDOW SCAN >>>
2026-09-05,09:18:13 GMT,V6.4 DIAG | 4 0 5 0 -0.057142857142857134 0 0.13333333333333333 0 0.8500000000000001 -0.05 6 2 2 1 0 0 0 1 0 0
2026-09-05,09:18:13 GMT,V6.4 BLOCK - journal-guarded entry/recovery gate failed or signal already used
2026-09-05,09:18:13 GMT,SENTINEL V6 MULTI-WINDOW SCAN >>>
2026-09-05,09:18:13 GMT,V6.4 DIAG | 1 0 5 0 -0.057142857142857134 0 0.13333333333333333 0 0.8500000000000001 -0.05 6 2 2 1 0 0 0 1 0 0
2026-09-05,09:18:10 GMT,V6.4 BLOCK - journal-guarded entry/recovery gate failed or signal already used
2026-09-05,09:18:10 GMT,SENTINEL V6 MULTI-WINDOW SCAN >>>
2026-09-05,09:18:10 GMT,V6.4 DIAG | 8 0 5 0 -0.057142857142857134 0 0.13333333333333333 0 0.8500000000000001 -0.05 6 2 2 1 0 0 0 1 0 0
2026-09-05,09:18:10 GMT,V6.4 BLOCK - journal-guarded entry/recovery gate failed or signal already used
2026-09-05,09:18:10 GMT,SENTINEL V6 MULTI-WINDOW SCAN >>>
2026-09-05,09:18:10 GMT,V6.4 DIAG | 2 0 8 0.09999999999999998 -0.028571428571428567 -0.1 0.06666666666666667 0 0.35000000000000003 -0.05 7 1 1 1 0 0 0 1 0 0
2026-09-05,09:18:09 GMT,V6.4 BLOCK - journal-guarded entry/recovery gate failed or signal already used
2026-09-05,09:18:09 GMT,SENTINEL V6 MULTI-WINDOW SCAN >>>
2026-09-05,09:18:09 GMT,V6.4 DIAG | 8 0 8 0.09999999999999998 -0.028571428571428567 -0.1 0.06666666666666667 0 0.35000000000000003 -0.05 7 1 1 1 0 0 0 1 0 0
2026-09-05,09:18:09 GMT,V6.4 BLOCK - journal-guarded entry/recovery gate failed or signal already used
2026-09-05,09:18:09 GMT,SENTINEL V6 MULTI-WINDOW SCAN >>>
2026-09-05,09:18:09 GMT,V6.4 DIAG | 6 1 9 0.25 0 -0.25 0 0 -0.15 -0.1 8 0 0 0 0 0 0 1 0 0
2026-09-05,09:18:08 GMT,Profit amount: 2.02
2026-09-05,09:18:08 GMT,V6.4 DIAG | 0 1 12 0.09999999999999998 0.028571428571428567 -0.1 -0.06666666666666667 0 -0.4 -0.1 8 0 0 0 1 1 0 1 0 0
2026-09-05,09:18:07 GMT,V6.4 DIAG | 5 1 12 0.09999999999999998 0.028571428571428567 -0.1 -0.06666666666666667 0 -0.4 -0.1 8 0 0 0 1 1 0 1 0 0
2026-09-05,09:18:06 GMT,V6.4 DIAG | 3 1 12 0.09999999999999998 0.028571428571428567 -0.1 -0.06666666666666667 0 -0.4 -0.1 7 1 1 0 1 1 0 1 0 0
2026-09-05,09:18:06 GMT,V6.4 DIAG | 2 1 12 0.09999999999999998 0.028571428571428567 -0.1 -0.06666666666666667 0 -0.4 -0.1 7 1 1 1 1 0 0 1 0 0
2026-09-05,09:17:57 GMT,Bought: (ID: 22572950679)
2026-09-05,09:17:36 GMT,SENTINEL V6 MULTI-WINDOW SCAN >>>
2026-09-05,09:17:36 GMT,V6.4 DIAG | 1 1 12 0.25 0.028571428571428567 -0.24999999999999997 -0.06666666666666667 0 -0.5 -0.15 7 1 1 0 1 1 0 1 0 0
2026-09-05,09:17:36 GMT,V6.4 BLOCK - journal-guarded entry/recovery gate failed or signal already used
2026-09-05,09:17:36 GMT,SENTINEL V6 MULTI-WINDOW SCAN >>>
2026-09-05,09:17:36 GMT,V6.4 DIAG | 1 0 8 0.15000000000000002 0 -0.14999999999999997 0 0 0.30000000000000004 -0.45 7 1 1 1 0 0 0 1 0 0
2026-09-05,09:17:35 GMT,V6.4 BLOCK - journal-guarded entry/recovery gate failed or signal already used
2026-09-05,09:17:35 GMT,SENTINEL V6 MULTI-WINDOW SCAN >>>
2026-09-05,09:17:35 GMT,V6.4 DIAG | 6 0 8 0.15000000000000002 0 -0.14999999999999997 0 0 0.30000000000000004 -0.45 7 1 1 1 0 0 0 1 0 0
2026-09-05,09:17:35 GMT,V6.4 BLOCK - journal-guarded entry/recovery gate failed or signal already used
2026-09-05,09:17:35 GMT,SENTINEL V6 MULTI-WINDOW SCAN >>>
2026-09-05,09:17:35 GMT,V6.4 DIAG | 6 0 8 0.20000000000000007 0 -0.2 0 -0.05 0.30000000000000004 -0.45 6 2 1 1 0 0 0 1 0 0
2026-09-05,09:17:35 GMT,V6.4 BLOCK - journal-guarded entry/recovery gate failed or signal already used
2026-09-05,09:17:35 GMT,SENTINEL V6 MULTI-WINDOW SCAN >>>
2026-09-05,09:17:35 GMT,V6.4 DIAG | 3 0 8 0.25 0 -0.25 0 -0.05 0.30000000000000004 -0.5 6 2 1 1 0 0 0 1 0 0
2026-09-05,09:17:35 GMT,V6.4 BLOCK - journal-guarded entry/recovery gate failed or signal already used
2026-09-05,09:17:35 GMT,SENTINEL V6 MULTI-WINDOW SCAN >>>
2026-09-05,09:17:35 GMT,V6.4 DIAG | 8 0 8 0.25 0 -0.25 0 -0.05 0.30000000000000004 -0.5 6 2 1 1 0 0 0 1 0 0
2026-09-05,09:17:35 GMT,V6.4 BLOCK - journal-guarded entry/recovery gate failed or signal already used
2026-09-05,09:17:35 GMT,SENTINEL V6 MULTI-WINDOW SCAN >>>
2026-09-05,09:17:35 GMT,V6.4 DIAG | 1 0 8 0.20000000000000007 0 -0.2 0 -0.05 -0.45 0.30000000000000004 7 1 0 0 0 0 0 1 0 0
2026-09-05,09:17:35 GMT,V6.4 BLOCK - journal-guarded entry/recovery gate failed or signal already used
2026-09-05,09:17:35 GMT,SENTINEL V6 MULTI-WINDOW SCAN >>>
2026-09-05,09:17:35 GMT,V6.4 DIAG | 5 0 8 0.25 0 -0.25 0 -0.1 -0.45 0.30000000000000004 7 1 0 0 0 0 0 1 0 0
2026-09-05,09:17:35 GMT,V6.4 BLOCK - journal-guarded entry/recovery gate failed or signal already used
2026-09-05,09:17:35 GMT,SENTINEL V6 MULTI-WINDOW SCAN >>>
2026-09-05,09:17:35 GMT,V6.4 DIAG | 6 0 8 0.25 0 -0.25 0 -0.1 -0.45 0.30000000000000004 6 2 1 0 0 0 0 1 0 0
2026-09-05,09:17:35 GMT,V6.4 BLOCK - journal-guarded entry/recovery gate failed or signal already used
2026-09-05,09:17:35 GMT,SENTINEL V6 MULTI-WINDOW SCAN >>>
2026-09-05,09:17:35 GMT,V6.4 DIAG | 3 0 8 0.30000000000000004 0 -0.3 0 -0.1 -0.45 0.25 6 2 1 0 0 0 0 1 0 0
2026-09-05,09:17:35 GMT,V6.4 BLOCK - journal-guarded entry/recovery gate failed or signal already used
2026-09-05,09:17:35 GMT,SENTINEL V6 MULTI-WINDOW SCAN >>>
2026-09-05,09:17:35 GMT,V6.4 DIAG | 9 1 11 0.19999999999999996 0.028571428571428567 -0.2 -0.06666666666666667 -0.1 -0.7000000000000001 0.20000000000000004 6 2 1 1 1 0 0 1 0 0
2026-09-05,09:17:35 GMT,V6.4 BLOCK - journal-guarded entry/recovery gate failed or signal already used
2026-09-05,09:17:35 GMT,SENTINEL V6 MULTI-WINDOW SCAN >>>
2026-09-05,09:17:35 GMT,V6.4 DIAG | 6 0 8 0.30000000000000004 0 -0.3 0 -0.1 0.1 -0.3 7 1 1 0 0 0 0 1 0 0
2026-09-05,09:17:35 GMT,V6.4 BLOCK - journal-guarded entry/recovery gate failed or signal already used
2026-09-05,09:17:35 GMT,SENTINEL V6 MULTI-WINDOW SCAN >>>
2026-09-05,09:17:35 GMT,V6.4 DIAG | 0 0 7 0.30000000000000004 0 -0.3 0 -0.1 0.1 -0.3 6 2 2 0 0 0 0 1 0 0
2026-09-05,09:17:35 GMT,V6.4 BLOCK - journal-guarded entry/recovery gate failed or signal already used
2026-09-05,09:17:35 GMT,SENTINEL V6 MULTI-WINDOW SCAN >>>
2026-09-05,09:17:35 GMT,V6.4 DIAG | 4 0 11 0.1499999999999999 0.028571428571428567 -0.15000000000000002 -0.06666666666666667 -0.1 -0.15000000000000002 -0.3 6 2 2 0 0 0 0 1 0 0
2026-09-05,09:17:35 GMT,V6.4 BLOCK - journal-guarded entry/recovery gate failed or signal already used
2026-09-05,09:17:35 GMT,SENTINEL V6 MULTI-WINDOW SCAN >>>
2026-09-05,09:17:35 GMT,V6.4 DIAG | 2 0 10 0.04999999999999993 0.05714285714285714 -0.04999999999999999 -0.13333333333333336 -0.1 -0.15000000000000002 -0.6 6 2 2 0 0 0 0 1 0 0
2026-09-05,09:17:35 GMT,V6.4 BLOCK - journal-guarded entry/recovery gate failed or signal already used
2026-09-05,09:17:35 GMT,SENTINEL V6 MULTI-WINDOW SCAN >>>
2026-09-05,09:17:35 GMT,V6.4 DIAG | 8 0 7 0.09999999999999998 0 -0.09999999999999998 0 -0.15 0.65 -0.6 5 3 3 1 0 0 0 1 0 0
2026-09-05,09:17:35 GMT,V6.4 BLOCK - journal-guarded entry/recovery gate failed or signal already used
2026-09-05,09:17:35 GMT,SENTINEL V6 MULTI-WINDOW SCAN >>>
2026-09-05,09:17:35 GMT,V6.4 DIAG | 4 0 11 0.09999999999999998 0.05714285714285714 -0.09999999999999998 -0.13333333333333336 -0.15 -0.10000000000000003 -0.65 5 3 2 0 1 0 0 1 0 0
2026-09-05,09:17:16 GMT,V6.4 BLOCK - journal-guarded entry/recovery gate failed or signal already used
2026-09-05,09:17:16 GMT,SENTINEL V6 MULTI-WINDOW SCAN >>>
2026-09-05,09:17:16 GMT,V6.4 DIAG | 3 0 11 0.09999999999999998 0.05714285714285714 -0.09999999999999998 -0.13333333333333336 -0.15 -0.10000000000000003 -0.65 5 3 2 0 1 0 0 1 0 0
2026-09-05,09:17:16 GMT,V6.4 BLOCK - journal-guarded entry/recovery gate failed or signal already used
2026-09-05,09:17:16 GMT,SENTINEL V6 MULTI-WINDOW SCAN >>>
2026-09-05,09:17:16 GMT,V6.4 DIAG | 4 0 5 0.09999999999999998 0 -0.09999999999999998 0 -0.15 0.7 -0.65 4 4 3 1 0 0 0 1 0 0
2026-09-05,09:17:16 GMT,V6.4 BLOCK - journal-guarded entry/recovery gate failed or signal already used
2026-09-05,09:17:16 GMT,SENTINEL V6 MULTI-WINDOW SCAN >>>
2026-09-05,09:17:16 GMT,V6.4 DIAG | 8 0 4 0.14999999999999997 -0.05714285714285714 -0.15000000000000002 0.13333333333333336 -0.15 0.65 0.15000000000000005 4 4 3 1 0 0 0 1 0 0
2026-09-05,09:17:16 GMT,V6.4 BLOCK - journal-guarded entry/recovery gate failed or signal already used
2026-09-05,09:17:16 GMT,SENTINEL V6 MULTI-WINDOW SCAN >>>
2026-09-05,09:17:16 GMT,V6.4 DIAG | 4 0 7 0.09999999999999998 0 -0.09999999999999998 0 -0.15 0.15000000000000002 -0.09999999999999998 5 3 2 1 0 0 0 1 0 0
2026-09-05,09:17:16 GMT,V6.4 BLOCK - journal-guarded entry/recovery gate failed or signal already used
2026-09-05,09:17:16 GMT,SENTINEL V6 MULTI-WINDOW SCAN >>>
2026-09-05,09:17:16 GMT,V6.4 DIAG | 3 0 5 0 -0.028571428571428574 0 0.06666666666666668 -0.15 0.9 -0.35000000000000003 5 3 2 1 0 0 0 1 0 0
2026-09-05,09:17:15 GMT,V6.4 BLOCK - journal-guarded entry/recovery gate failed or signal already used
2026-09-05,09:17:15 GMT,SENTINEL V6 MULTI-WINDOW SCAN >>>
2026-09-05,09:17:15 GMT,V6.4 DIAG | 8 0 3 0 -0.028571428571428574 0 0.06666666666666668 -0.15 0.9 -0.35000000000000003 4 4 2 1 0 0 0 1 0 0
2026-09-05,09:17:15 GMT,V6.4 BLOCK - journal-guarded entry/recovery gate failed or signal already used
2026-09-05,09:17:15 GMT,SENTINEL V6 MULTI-WINDOW SCAN >>>
2026-09-05,09:17:15 GMT,V6.4 DIAG | 9 0 7 0 0.028571428571428574 0 -0.06666666666666668 -0.4 0.4 -0.4 4 4 1 1 0 0 0 1 0 0
2026-09-05,09:17:15 GMT,V6.4 BLOCK - journal-guarded entry/recovery gate failed or signal already used
2026-09-05,09:17:15 GMT,SENTINEL V6 MULTI-WINDOW SCAN >>>
2026-09-05,09:17:15 GMT,V6.4 DIAG | 5 0 9 -0.050000000000000044 0.08571428571428572 0.04999999999999999 -0.2 -0.4 0.4 -1.15 5 3 1 1 0 0 0 1 0 0
2026-09-05,09:17:15 GMT,V6.4 BLOCK - journal-guarded entry/recovery gate failed or signal already used
2026-09-05,09:17:15 GMT,SENTINEL V6 MULTI-WINDOW SCAN >>>
2026-09-05,09:17:15 GMT,V6.4 DIAG | 8 0 7 -0.050000000000000044 0.028571428571428574 0.04999999999999999 -0.06666666666666668 -0.4 0.4 -0.35000000000000003 4 4 1 1 0 0 0 1 0 0
2026-09-05,09:17:15 GMT,V6.4 BLOCK - journal-guarded entry/recovery gate failed or signal already used
2026-09-05,09:17:15 GMT,SENTINEL V6 MULTI-WINDOW SCAN >>>
2026-09-05,09:17:15 GMT,V6.4 DIAG | 3 0 6 0.09999999999999998 0 -0.09999999999999998 0 -0.45 -0.1 0.45 4 4 0 0 0 0 0 1 0 0
2026-09-05,09:17:15 GMT,V6.4 BLOCK - journal-guarded entry/recovery gate failed or signal already used
2026-09-05,09:17:15 GMT,SENTINEL V6 MULTI-WINDOW SCAN >>>
2026-09-05,09:17:15 GMT,V6.4 DIAG | 3 0 7 0 0.028571428571428574 0 -0.06666666666666668 -0.75 -0.1 0.45 4 4 0 0 0 0 0 1 0 0
2026-09-05,09:17:15 GMT,V6.4 BLOCK - journal-guarded entry/recovery gate failed or signal already used
2026-09-05,09:17:15 GMT,SENTINEL V6 MULTI-WINDOW SCAN >>>
2026-09-05,09:17:15 GMT,V6.4 DIAG | 4 0 3 0 -0.028571428571428574 0 0.06666666666666668 0.05000000000000002 -0.1 0.45 4 4 0 0 0 0 0 1 0 0
2026-09-05,09:17:15 GMT,V6.4 BLOCK - journal-guarded entry/recovery gate failed or signal already used
2026-09-05,09:17:15 GMT,SENTINEL V6 MULTI-WINDOW SCAN >>>
2026-09-05,09:17:15 GMT,V6.4 DIAG | 9 0 2 -0.09999999999999998 -0.05714285714285715 0.09999999999999998 0.13333333333333333 0.05000000000000002 -0.1 0.95 3 5 0 1 0 0 0 1 0 0
2026-09-05,09:17:15 GMT,V6.4 BLOCK - journal-guarded entry/recovery gate failed or signal already used
2026-09-05,09:17:15 GMT,SENTINEL V6 MULTI-WINDOW SCAN >>>
2026-09-05,09:17:15 GMT,V6.4 DIAG | 9 0 2 -0.09999999999999998 0 0.09999999999999998 0 0.05000000000000002 -0.1 0.15000000000000002 4 4 0 1 0 0 0 1 0 0
2026-09-05,09:17:15 GMT,V6.4 BLOCK - journal-guarded entry/recovery gate failed or signal already used
2026-09-05,09:17:15 GMT,SENTINEL V6 MULTI-WINDOW SCAN >>>
2026-09-05,09:17:15 GMT,V6.4 DIAG | 5 0 7 0 0.028571428571428574 0 -0.06666666666666668 0.05000000000000002 -0.1 -0.35000000000000003 4 4 0 0 0 0 0 1 0 0
2026-09-05,09:17:15 GMT,V6.4 BLOCK - journal-guarded entry/recovery gate failed or signal already used
2026-09-05,09:17:15 GMT,SENTINEL V6 MULTI-WINDOW SCAN >>>
2026-09-05,09:17:15 GMT,V6.4 DIAG | 7 0 4 0 -0.028571428571428574 0 0.06666666666666668 0.8500000000000001 -0.1 -0.35000000000000003 3 5 0 1 0 0 0 1 0 0
2026-09-05,09:17:15 GMT,V6.4 BLOCK - journal-guarded entry/recovery gate failed or signal already used
2026-09-05,09:17:15 GMT,SENTINEL V6 MULTI-WINDOW SCAN >>>
2026-09-05,09:17:15 GMT,V6.4 DIAG | 9 0 6 0.09999999999999998 0 -0.09999999999999998 0 0.35000000000000003 -0.1 -0.35000000000000003 4 4 0 0 0 0 0 1 0 0
2026-09-05,09:17:15 GMT,V6.4 BLOCK - journal-guarded entry/recovery gate failed or signal already used
2026-09-05,09:17:15 GMT,SENTINEL V6 MULTI-WINDOW SCAN >>>
2026-09-05,09:17:15 GMT,V6.4 DIAG | 2 0 7 0.04999999999999993 0 -0.04999999999999999 0 0.35000000000000003 -0.1 -0.30000000000000004 5 3 0 0 0 0 0 1 0 0
2026-09-05,09:17:15 GMT,V6.4 BLOCK - journal-guarded entry/recovery gate failed or signal already used
2026-09-05,09:17:15 GMT,SENTINEL V6 MULTI-WINDOW SCAN >>>
2026-09-05,09:17:15 GMT,V6.4 DIAG | 2 0 5 -0.050000000000000044 -0.028571428571428574 0.04999999999999999 0.06666666666666668 0.1 -0.1 0.45 5 3 0 1 0 0 0 1 0 0
2026-09-05,09:16:58 GMT,V6.4 BLOCK - journal-guarded entry/recovery gate failed or signal already used
2026-09-05,09:16:58 GMT,SENTINEL V6 MULTI-WINDOW SCAN >>>
2026-09-05,09:16:58 GMT,V6.4 DIAG | 7 0 2 -0.15000000000000002 0 0.14999999999999997 0 0.05000000000000002 -0.1 0.2 4 4 0 1 0 0 0 1 0 0
2026-09-05,09:16:58 GMT,V6.4 BLOCK - journal-guarded entry/recovery gate failed or signal already used
2026-09-05,09:16:58 GMT,SENTINEL V6 MULTI-WINDOW SCAN >>>
2026-09-05,09:16:58 GMT,V6.4 DIAG | 0 0 7 -0.050000000000000044 0.028571428571428574 0.04999999999999999 -0.06666666666666668 -0.45 -0.1 0.2 4 4 0 0 0 0 0 1 0 0
2026-09-05,09:16:58 GMT,V6.4 BLOCK - journal-guarded entry/recovery gate failed or signal already used
2026-09-05,09:16:58 GMT,SENTINEL V6 MULTI-WINDOW SCAN >>>
2026-09-05,09:16:58 GMT,V6.4 DIAG | 9 0 7 -0.050000000000000044 0.028571428571428574 0.04999999999999999 -0.06666666666666668 -0.45 -0.1 0.2 3 5 0 0 0 0 0 1 0 0
2026-09-05,09:16:58 GMT,V6.4 BLOCK - journal-guarded entry/recovery gate failed or signal already used
2026-09-05,09:16:58 GMT,SENTINEL V6 MULTI-WINDOW SCAN >>>
2026-09-05,09:16:58 GMT,V6.4 DIAG | 9 0 7 -0.050000000000000044 0.028571428571428574 0.04999999999999999 -0.06666666666666668 -0.45 -0.4 0.5 4 4 0 1 0 0 0 1 0 0
2026-09-05,09:16:58 GMT,V6.4 BLOCK - journal-guarded entry/recovery gate failed or signal already used
2026-09-05,09:16:58 GMT,SENTINEL V6 MULTI-WINDOW SCAN >>>
2026-09-05,09:16:58 GMT,V6.4 DIAG | 2 0 7 0.04999999999999993 0 -0.04999999999999999 0 0.35000000000000003 -0.4 0 5 3 0 0 0 0 0 1 0 0
2026-09-05,09:16:57 GMT,V6.4 BLOCK - journal-guarded entry/recovery gate failed or signal already used
2026-09-05,09:16:57 GMT,SENTINEL V6 MULTI-WINDOW SCAN >>>
2026-09-05,09:16:57 GMT,V6.4 DIAG | 5 0 3 -0.09999999999999998 -0.028571428571428574 0.09999999999999998 0.06666666666666668 0.35000000000000003 -0.65 0.8 4 4 1 0 0 0 0 1 0 0
2026-09-05,09:16:57 GMT,V6.4 BLOCK - journal-guarded entry/recovery gate failed or signal already used
2026-09-05,09:16:57 GMT,SENTINEL V6 MULTI-WINDOW SCAN >>>
2026-09-05,09:16:57 GMT,V6.4 DIAG | 4 0 3 -0.050000000000000044 -0.028571428571428574 0.04999999999999999 0.06666666666666668 0.30000000000000004 -0.65 0.8 4 4 1 1 0 0 0 1 0 0
2026-09-05,09:16:57 GMT,V6.4 BLOCK - journal-guarded entry/recovery gate failed or signal already used
2026-09-05,09:16:57 GMT,SENTINEL V6 MULTI-WINDOW SCAN >>>
2026-09-05,09:16:57 GMT,V6.4 DIAG | 9 0 1 -0.15000000000000002 0 0.14999999999999997 0 0.30000000000000004 -0.65 0.5 3 5 2 1 0 0 0 1 0 0
2026-09-05,09:16:57 GMT,V6.4 BLOCK - journal-guarded entry/recovery gate failed or signal already used
2026-09-05,09:16:57 GMT,SENTINEL V6 MULTI-WINDOW SCAN >>>
2026-09-05,09:16:57 GMT,V6.4 DIAG | 7 0 2 -0.050000000000000044 -0.028571428571428574 0.04999999999999999 0.06666666666666668 0.30000000000000004 0.15000000000000002 0 4 4 2 1 0 0 0 1 0 0
2026-09-05,09:16:57 GMT,V6.4 BLOCK - journal-guarded entry/recovery gate failed or signal already used
2026-09-05,09:16:57 GMT,SENTINEL V6 MULTI-WINDOW SCAN >>>
2026-09-05,09:16:57 GMT,V6.4 DIAG | 9 0 4 0.04999999999999993 0 -0.04999999999999999 0 -0.2 0.15000000000000002 0 4 4 2 1 0 0 0 1 0 0
2026-09-05,09:16:57 GMT,V6.4 BLOCK - journal-guarded entry/recovery gate failed or signal already used
2026-09-05,09:16:57 GMT,SENTINEL V6 MULTI-WINDOW SCAN >>>
2026-09-05,09:16:57 GMT,V6.4 DIAG | 5 0 5 0 0 0 0 -0.45 0.9500000000000001 -0.5 5 3 2 1 0 0 0 1 0 0
2026-09-05,09:16:57 GMT,V6.4 BLOCK - journal-guarded entry/recovery gate failed or signal already used
2026-09-05,09:16:57 GMT,SENTINEL V6 MULTI-WINDOW SCAN >>>
2026-09-05,09:16:57 GMT,V6.4 DIAG | 2 0 8 -0.09999999999999998 0.028571428571428574 0.09999999999999998 -0.06666666666666668 -0.75 0.9500000000000001 -0.5 5 3 2 1 0 0 0 1 0 0
2026-09-05,09:16:57 GMT,V6.4 BLOCK - journal-guarded entry/recovery gate failed or signal already used
2026-09-05,09:16:57 GMT,SENTINEL V6 MULTI-WINDOW SCAN >>>
2026-09-05,09:16:57 GMT,V6.4 DIAG | 8 0 2 -0.09999999999999998 -0.028571428571428574 0.09999999999999998 0.06666666666666668 -0.75 0.9500000000000001 0.30000000000000004 4 4 2 1 0 0 0 1 0 0
2026-09-05,09:16:57 GMT,V6.4 BLOCK - journal-guarded entry/recovery gate failed or signal already used
2026-09-05,09:16:57 GMT,SENTINEL V6 MULTI-WINDOW SCAN >>>
2026-09-05,09:16:57 GMT,V6.4 DIAG | 2 0 6 -0.15000000000000002 0.028571428571428574 0.15000000000000002 -0.06666666666666668 -0.75 0.45 0.05000000000000002 4 4 1 1 0 0 0 1 0 0
2026-09-05,09:16:57 GMT,V6.4 BLOCK - journal-guarded entry/recovery gate failed or signal already used
2026-09-05,09:16:57 GMT,SENTINEL V6 MULTI-WINDOW SCAN >>>
2026-09-05,09:16:57 GMT,V6.4 DIAG | 8 0 6 -0.29999999999999993 0.05714285714285715 0.3 -0.13333333333333333 -0.75 0.45 -0.20000000000000004 4 4 1 1 0 0 0 1 0 0
2026-09-05,09:16:57 GMT,V6.4 BLOCK - journal-guarded entry/recovery gate failed or signal already used
2026-09-05,09:16:57 GMT,SENTINEL V6 MULTI-WINDOW SCAN >>>
2026-09-05,09:16:57 GMT,V6.4 DIAG | 0 0 7 -0.19999999999999996 0.028571428571428574 0.2 -0.06666666666666668 0.05000000000000002 -0.05 -0.20000000000000004 4 4 0 0 0 0 0 1 0 0
2026-09-05,09:16:57 GMT,V6.4 BLOCK - journal-guarded entry/recovery gate failed or signal already used
2026-09-05,09:16:57 GMT,SENTINEL V6 MULTI-WINDOW SCAN >>>
2026-09-05,09:16:57 GMT,V6.4 DIAG | 9 0 4 -0.19999999999999996 -0.028571428571428574 0.2 0.06666666666666668 0.8500000000000001 -0.05 -0.20000000000000004 3 5 0 1 0 0 0 1 0 0
2026-09-05,09:16:57 GMT,V6.4 BLOCK - journal-guarded entry/recovery gate failed or signal already used
2026-09-05,09:16:57 GMT,SENTINEL V6 MULTI-WINDOW SCAN >>>
2026-09-05,09:16:57 GMT,V6.4 DIAG | 2 0 4 -0.050000000000000044 0 0.050000000000000044 0 0.8500000000000001 -0.1 -0.7000000000000001 4 4 0 1 0 0 0 1 0 0
2026-09-05,09:16:47 GMT,V6.4 BLOCK - journal-guarded entry/recovery gate failed or signal already used
2026-09-05,09:16:47 GMT,SENTINEL V6 MULTI-WINDOW SCAN >>>
2026-09-05,09:16:47 GMT,V6.4 DIAG | 3 0 3 0 -0.05714285714285714 0 0.13333333333333336 0.8 -0.1 0.1 4 4 0 0 0 0 0 1 0 0
2026-09-05,09:16:47 GMT,V6.4 BLOCK - journal-guarded entry/recovery gate failed or signal already used
2026-09-05,09:16:47 GMT,SENTINEL V6 MULTI-WINDOW SCAN >>>
2026-09-05,09:16:47 GMT,V6.4 DIAG | 7 0 3 -0.15000000000000002 -0.08571428571428572 0.15000000000000002 0.2 0.8 -0.1 0.65 4 4 0 1 0 0 0 1 0 0
2026-09-05,09:16:47 GMT,V6.4 BLOCK - journal-guarded entry/recovery gate failed or signal already used
2026-09-05,09:16:47 GMT,SENTINEL V6 MULTI-WINDOW SCAN >>>
2026-09-05,09:16:47 GMT,V6.4 DIAG | 7 0 5 -0.19999999999999996 -0.028571428571428574 0.2 0.06666666666666668 0.05000000000000002 -0.1 0.65 5 3 0 1 0 0 0 1 0 0
2026-09-05,09:16:47 GMT,V6.4 BLOCK - journal-guarded entry/recovery gate failed or signal already used
2026-09-05,09:16:47 GMT,SENTINEL V6 MULTI-WINDOW SCAN >>>
2026-09-05,09:16:47 GMT,V6.4 DIAG | 4 0 6 -0.09999999999999998 0 0.10000000000000003 0 -0.45 -0.1 0.65 5 3 0 0 0 0 0 1 0 0
2026-09-05,09:16:46 GMT,V6.4 BLOCK - journal-guarded entry/recovery gate failed or signal already used
2026-09-05,09:16:46 GMT,SENTINEL V6 MULTI-WINDOW SCAN >>>
2026-09-05,09:16:46 GMT,V6.4 DIAG | 9 0 4 -0.09999999999999998 0 0.10000000000000003 0 -0.45 -0.1 0.65 4 4 0 1 0 0 0 1 0 0
2026-09-05,09:16:46 GMT,V6.4 BLOCK - journal-guarded entry/recovery gate failed or signal already used
2026-09-05,09:16:46 GMT,SENTINEL V6 MULTI-WINDOW SCAN >>>
2026-09-05,09:16:46 GMT,V6.4 DIAG | 9 1 9 -0.15000000000000002 0.05714285714285714 0.15000000000000002 -0.13333333333333336 -0.45 -0.35000000000000003 0.15000000000000002 5 3 0 1 0 0 0 1 0 0
2026-09-05,09:16:46 GMT,V6.4 BLOCK - journal-guarded entry/recovery gate failed or signal already used
2026-09-05,09:16:46 GMT,SENTINEL V6 MULTI-WINDOW SCAN >>>
2026-09-05,09:16:46 GMT,V6.4 DIAG | 6 1 9 -0.050000000000000044 0.028571428571428567 0.04999999999999999 -0.06666666666666667 -0.45 -0.35000000000000003 0.45 6 2 0 0 0 0 0 1 0 0
2026-09-05,09:16:46 GMT,V6.4 BLOCK - journal-guarded entry/recovery gate failed or signal already used
2026-09-05,09:16:46 GMT,SENTINEL V6 MULTI-WINDOW SCAN >>>
2026-09-05,09:16:46 GMT,V6.4 DIAG | 4 0 5 -0.050000000000000044 -0.028571428571428567 0.04999999999999999 0.06666666666666667 0.35000000000000003 -0.35000000000000003 0.45 5 3 1 1 0 0 0 1 0 0
2026-09-05,09:16:46 GMT,V6.4 BLOCK - journal-guarded entry/recovery gate failed or signal already used
2026-09-05,09:16:46 GMT,SENTINEL V6 MULTI-WINDOW SCAN >>>
2026-09-05,09:16:46 GMT,V6.4 DIAG | 0 0 5 -0.20000000000000007 0 0.2 0 0.1 -0.35000000000000003 0.45 5 3 1 1 0 0 0 1 0 0
2026-09-05,09:16:46 GMT,V6.4 BLOCK - journal-guarded entry/recovery gate failed or signal already used
2026-09-05,09:16:46 GMT,SENTINEL V6 MULTI-WINDOW SCAN >>>
2026-09-05,09:16:46 GMT,V6.4 DIAG | 4 0 8 -0.35 0.028571428571428574 0.35 -0.06666666666666668 0.1 -0.35000000000000003 0.2 5 3 1 0 0 0 0 1 0 0
2026-09-05,09:16:46 GMT,V6.4 BLOCK - journal-guarded entry/recovery gate failed or signal already used
2026-09-05,09:16:46 GMT,SENTINEL V6 MULTI-WINDOW SCAN >>>
2026-09-05,09:16:46 GMT,V6.4 DIAG | 9 0 2 -0.35 -0.028571428571428574 0.35 0.06666666666666668 0.1 0.45 0.2 4 4 1 1 0 0 0 1 0 0
2026-09-05,09:16:45 GMT,V6.4 BLOCK - journal-guarded entry/recovery gate failed or signal already used
2026-09-05,09:16:45 GMT,SENTINEL V6 MULTI-WINDOW SCAN >>>
2026-09-05,09:16:45 GMT,V6.4 DIAG | 7 0 3 -0.25 0 0.25 0 0.1 0.45 -0.30000000000000004 4 4 1 1 0 0 0 1 0 0
2026-09-05,09:16:45 GMT,V6.4 DIAG | 3 0 9 -0.15000000000000002 0.028571428571428567 0.15 -0.06666666666666667 -0.4 0.45 -0.30000000000000004 5 3 1 1 0 0 0 1 0 0
2026-09-05,09:14:46 GMT,Welcome back! Your messages have been restored. You are using your Demo account.
2026-09-05,06:18:44 GMT,V6.4 BLOCK - journal-guarded entry/recovery gate failed or signal already used
2026-09-05,06:18:44 GMT,SENTINEL V6 MULTI-WINDOW SCAN >>>
2026-09-05,06:18:44 GMT,V6.4 DIAG | 1 0 8 0.1499999999999999 -0.028571428571428567 -0.15000000000000002 0.06666666666666667 0.65 -0.15 -0.25 5 3 0 0 0 0 2 0 0 1
2026-09-05,06:18:44 GMT,V6.4 BLOCK - journal-guarded entry/recovery gate failed or signal already used
2026-09-05,06:18:44 GMT,SENTINEL V6 MULTI-WINDOW SCAN >>>
2026-09-05,06:18:44 GMT,V6.4 DIAG | 7 0 7 0.04999999999999993 0 -0.04999999999999999 0 0.65 -0.15 -0.55 5 3 0 1 0 0 2 0 0 1
2026-09-05,06:18:44 GMT,V6.4 BLOCK - journal-guarded entry/recovery gate failed or signal already used
2026-09-05,06:18:44 GMT,SENTINEL V6 MULTI-WINDOW SCAN >>>
2026-09-05,06:18:44 GMT,V6.4 DIAG | 2 0 8 0.1499999999999999 -0.028571428571428567 -0.15000000000000002 0.06666666666666667 0.9500000000000001 -0.15 -0.55 6 2 0 0 0 0 2 0 0 1
2026-09-05,06:18:44 GMT,V6.4 BLOCK - journal-guarded entry/recovery gate failed or signal already used
2026-09-05,06:18:44 GMT,SENTINEL V6 MULTI-WINDOW SCAN >>>
2026-09-05,06:18:44 GMT,V6.4 DIAG | 6 0 7 0.04999999999999993 0 -0.04999999999999999 0 0.9500000000000001 -0.45 -0.55 5 3 0 1 0 0 2 0 0 1
2026-09-05,06:18:44 GMT,V6.4 BLOCK - journal-guarded entry/recovery gate failed or signal already used
2026-09-05,06:18:44 GMT,SENTINEL V6 MULTI-WINDOW SCAN >>>
2026-09-05,06:18:44 GMT,V6.4 DIAG | 7 0 9 -0.09999999999999998 0.028571428571428574 0.09999999999999998 -0.06666666666666668 0.9500000000000001 -0.7000000000000001 -0.55 5 3 0 1 0 0 2 0 0 1
2026-09-05,06:18:44 GMT,V6.4 BLOCK - journal-guarded entry/recovery gate failed or signal already used
2026-09-05,06:18:44 GMT,SENTINEL V6 MULTI-WINDOW SCAN >>>
2026-09-05,06:18:44 GMT,V6.4 DIAG | 2 0 10 0.04999999999999993 0.05714285714285714 -0.04999999999999999 -0.13333333333333336 0.45 -0.7000000000000001 -0.6 5 3 1 0 0 0 2 0 0 1
2026-09-05,06:18:44 GMT,V6.4 BLOCK - journal-guarded entry/recovery gate failed or signal already used
2026-09-05,06:18:44 GMT,SENTINEL V6 MULTI-WINDOW SCAN >>>
2026-09-05,06:18:44 GMT,V6.4 DIAG | 7 0 3 0.04999999999999993 0 -0.04999999999999999 0 0.45 -0.7000000000000001 0.20000000000000004 4 4 2 1 0 0 2 0 0 1
2026-09-05,06:18:44 GMT,V6.4 BLOCK - journal-guarded entry/recovery gate failed or signal already used
2026-09-05,06:18:44 GMT,SENTINEL V6 MULTI-WINDOW SCAN >>>
2026-09-05,06:18:44 GMT,V6.4 DIAG | 2 0 10 0.1499999999999999 0.028571428571428567 -0.15000000000000002 -0.06666666666666667 -0.05 -0.7000000000000001 0.20000000000000004 5 3 2 0 1 0 2 0 0 1
2026-09-05,06:18:44 GMT,V6.4 BLOCK - journal-guarded entry/recovery gate failed or signal already used
2026-09-05,06:18:44 GMT,SENTINEL V6 MULTI-WINDOW SCAN >>>
2026-09-05,06:18:44 GMT,V6.4 DIAG | 5 0 5 0 0 0 0 -0.05 -0.15000000000000002 0.20000000000000004 5 3 2 0 0 0 2 0 0 1
2026-09-05,06:18:44 GMT,V6.4 BLOCK - journal-guarded entry/recovery gate failed or signal already used
2026-09-05,06:18:44 GMT,SENTINEL V6 MULTI-WINDOW SCAN >>>
2026-09-05,06:18:44 GMT,V6.4 DIAG | 4 0 4 0 -0.05714285714285714 0 0.13333333333333336 -0.05 0.65 0.20000000000000004 5 3 2 1 0 0 2 0 0 1
2026-09-05,06:18:44 GMT,V6.4 BLOCK - journal-guarded entry/recovery gate failed or signal already used
2026-09-05,06:18:44 GMT,SENTINEL V6 MULTI-WINDOW SCAN >>>
2026-09-05,06:18:44 GMT,V6.4 DIAG | 9 0 3 -0.15000000000000002 -0.028571428571428574 0.15000000000000002 0.06666666666666668 -0.05 0.65 -0.04999999999999999 4 4 3 1 0 0 2 0 0 1
2026-09-05,06:18:44 GMT,V6.4 BLOCK - journal-guarded entry/recovery gate failed or signal already used
2026-09-05,06:18:44 GMT,SENTINEL V6 MULTI-WINDOW SCAN >>>
2026-09-05,06:18:44 GMT,V6.4 DIAG | 4 0 8 -0.15000000000000002 0.028571428571428574 0.15000000000000002 -0.06666666666666668 -0.35000000000000003 0.65 -0.55 5 3 3 1 0 0 2 0 0 1
2026-09-05,06:18:44 GMT,V6.4 BLOCK - journal-guarded entry/recovery gate failed or signal already used
2026-09-05,06:18:44 GMT,SENTINEL V6 MULTI-WINDOW SCAN >>>
2026-09-05,06:18:44 GMT,V6.4 DIAG | 8 0 6 -0.15000000000000002 0.028571428571428574 0.15000000000000002 -0.06666666666666668 -0.35000000000000003 0.65 -0.55 4 4 3 1 0 0 2 0 0 1
2026-09-05,06:18:44 GMT,V6.4 BLOCK - journal-guarded entry/recovery gate failed or signal already used
2026-09-05,06:18:44 GMT,SENTINEL V6 MULTI-WINDOW SCAN >>>
2026-09-05,06:18:44 GMT,V6.4 DIAG | 8 0 3 0 0 0 0 -0.35000000000000003 0.9500000000000001 -0.6 4 4 2 1 0 0 2 0 0 1
2026-09-05,06:18:44 GMT,V6.4 BLOCK - journal-guarded entry/recovery gate failed or signal already used
2026-09-05,06:18:44 GMT,SENTINEL V6 MULTI-WINDOW SCAN >>>
2026-09-05,06:18:44 GMT,V6.4 DIAG | 2 0 9 -0.050000000000000044 0.05714285714285714 0.050000000000000044 -0.13333333333333336 -0.35000000000000003 0.45 -0.8500000000000001 5 3 1 1 0 0 2 0 0 1
2026-09-05,06:18:44 GMT,V6.4 BLOCK - journal-guarded entry/recovery gate failed or signal already used
2026-09-05,06:18:44 GMT,SENTINEL V6 MULTI-WINDOW SCAN >>>
2026-09-05,06:18:44 GMT,V6.4 DIAG | 6 0 9 -0.19999999999999996 0.028571428571428574 0.2 -0.06666666666666668 -0.35000000000000003 0.45 -0.30000000000000004 5 3 1 1 0 0 2 0 0 1
2026-09-05,06:18:44 GMT,V6.4 BLOCK - journal-guarded entry/recovery gate failed or signal already used
2026-09-05,06:18:44 GMT,SENTINEL V6 MULTI-WINDOW SCAN >>>
2026-09-05,06:18:44 GMT,V6.4 DIAG | 2 0 3 -0.15000000000000002 -0.028571428571428574 0.15000000000000002 0.06666666666666668 0.45 0.4 -0.30000000000000004 4 4 1 1 0 0 2 0 0 1
2026-09-05,06:18:44 GMT,V6.4 BLOCK - journal-guarded entry/recovery gate failed or signal already used
2026-09-05,06:18:44 GMT,SENTINEL V6 MULTI-WINDOW SCAN >>>
2026-09-05,06:18:44 GMT,V6.4 DIAG | 8 0 2 -0.25 0 0.25 0 0.4 0.4 -0.5499999999999999 3 5 1 1 0 0 2 0 0 1
2026-09-05,06:18:44 GMT,V6.4 BLOCK - journal-guarded entry/recovery gate failed or signal already used
2026-09-05,06:18:44 GMT,SENTINEL V6 MULTI-WINDOW SCAN >>>
2026-09-05,06:18:44 GMT,V6.4 DIAG | 0 0 7 -0.15000000000000002 0.028571428571428574 0.15000000000000002 -0.06666666666666668 0.4 -0.1 -0.5499999999999999 4 4 0 1 0 0 2 0 0 1
2026-09-05,06:18:44 GMT,V6.4 BLOCK - journal-guarded entry/recovery gate failed or signal already used
2026-09-05,06:18:44 GMT,SENTINEL V6 MULTI-WINDOW SCAN >>>
2026-09-05,06:18:44 GMT,V6.4 DIAG | 9 0 3 -0.15000000000000002 -0.028571428571428574 0.15000000000000002 0.06666666666666668 0.4 -0.1 0.25 3 5 0 1 0 0 2 0 0 1
2026-09-05,06:18:44 GMT,V6.4 BLOCK - journal-guarded entry/recovery gate failed or signal already used
2026-09-05,06:18:44 GMT,SENTINEL V6 MULTI-WINDOW SCAN >>>
2026-09-05,06:18:44 GMT,V6.4 DIAG | 7 0 3 0 -0.05714285714285714 0 0.13333333333333336 0.35000000000000003 -0.1 0.55 4 4 0 1 0 0 2 0 0 1
2026-09-05,06:18:44 GMT,V6.4 BLOCK - journal-guarded entry/recovery gate failed or signal already used
2026-09-05,06:18:44 GMT,SENTINEL V6 MULTI-WINDOW SCAN >>>
2026-09-05,06:18:44 GMT,V6.4 DIAG | 6 0 6 -0.050000000000000044 0 0.050000000000000044 0 -0.15 -0.1 0.30000000000000004 5 3 0 1 0 0 2 0 0 1
2026-09-05,06:18:44 GMT,V6.4 BLOCK - journal-guarded entry/recovery gate failed or signal already used
2026-09-05,06:18:44 GMT,SENTINEL V6 MULTI-WINDOW SCAN >>>
2026-09-05,06:18:44 GMT,V6.4 DIAG | 2 0 6 -0.050000000000000044 -0.05714285714285714 0.050000000000000044 0.13333333333333336 -0.15 -0.1 1.1 5 3 0 1 0 0 2 0 0 1
2026-09-05,06:18:44 GMT,V6.4 BLOCK - journal-guarded entry/recovery gate failed or signal already used
2026-09-05,06:18:44 GMT,SENTINEL V6 MULTI-WINDOW SCAN >>>
2026-09-05,06:18:44 GMT,V6.4 DIAG | 9 0 4 -0.15000000000000002 -0.028571428571428574 0.15000000000000002 0.06666666666666668 -0.15 -0.35000000000000003 1.0499999999999998 4 4 0 1 0 0 2 0 0 1
2026-09-05,06:18:44 GMT,V6.4 BLOCK - journal-guarded entry/recovery gate failed or signal already used
2026-09-05,06:18:44 GMT,SENTINEL V6 MULTI-WINDOW SCAN >>>
2026-09-05,06:18:44 GMT,V6.4 DIAG | 9 0 6 -0.050000000000000044 0 0.050000000000000044 0 -0.15 -0.35000000000000003 0.55 5 3 0 1 0 0 2 0 0 1
2026-09-05,06:18:44 GMT,V6.4 BLOCK - journal-guarded entry/recovery gate failed or signal already used
2026-09-05,06:18:44 GMT,SENTINEL V6 MULTI-WINDOW SCAN >>>
2026-09-05,06:18:44 GMT,V6.4 DIAG | 0 0 10 -0.050000000000000044 0.05714285714285714 0.050000000000000044 -0.13333333333333336 -0.15 -0.35000000000000003 -0.25 5 3 1 1 0 0 2 0 0 1
2026-09-05,06:18:44 GMT,V6.4 BLOCK - journal-guarded entry/recovery gate failed or signal already used
2026-09-05,06:18:44 GMT,SENTINEL V6 MULTI-WINDOW SCAN >>>
2026-09-05,06:18:44 GMT,V6.4 DIAG | 9 0 6 -0.050000000000000044 0 0.050000000000000044 0 -0.15 -0.35000000000000003 0.55 5 3 1 1 0 0 2 0 0 1
2026-09-05,06:18:44 GMT,V6.4 BLOCK - journal-guarded entry/recovery gate failed or signal already used
2026-09-05,06:18:44 GMT,SENTINEL V6 MULTI-WINDOW SCAN >>>
2026-09-05,06:18:44 GMT,V6.4 DIAG | 4 0 10 0.04999999999999993 0.028571428571428567 -0.04999999999999999 -0.06666666666666667 -0.15 -0.35000000000000003 0.05000000000000002 5 3 1 0 0 0 2 0 0 1
2026-09-05,06:18:44 GMT,V6.4 BLOCK - journal-guarded entry/recovery gate failed or signal already used
2026-09-05,06:18:44 GMT,SENTINEL V6 MULTI-WINDOW SCAN >>>
2026-09-05,06:18:44 GMT,V6.4 DIAG | 2 0 6 0.04999999999999993 -0.028571428571428567 -0.04999999999999999 0.06666666666666667 -0.15 0.45 0.05000000000000002 5 3 1 1 0 0 2 0 0 1
2026-09-05,06:18:44 GMT,V6.4 BLOCK - journal-guarded entry/recovery gate failed or signal already used
2026-09-05,06:18:44 GMT,SENTINEL V6 MULTI-WINDOW SCAN >>>
2026-09-05,06:18:44 GMT,V6.4 DIAG | 4 0 7 0.09999999999999998 -0.028571428571428567 -0.10000000000000003 0.06666666666666667 -0.2 0.45 0.05000000000000002 5 3 1 1 0 0 2 0 0 1
2026-09-05,06:18:44 GMT,V6.4 BLOCK - journal-guarded entry/recovery gate failed or signal already used
2026-09-05,06:18:44 GMT,SENTINEL V6 MULTI-WINDOW SCAN >>>
2026-09-05,06:18:44 GMT,V6.4 DIAG | 9 0 7 0.09999999999999998 -0.08571428571428572 -0.10000000000000003 0.2 -0.2 0.45 0.8500000000000001 5 3 1 1 0 0 2 0 0 1
2026-09-05,06:18:44 GMT,V6.4 BLOCK - journal-guarded entry/recovery gate failed or signal already used
2026-09-05,06:18:44 GMT,SENTINEL V6 MULTI-WINDOW SCAN >>>
2026-09-05,06:18:44 GMT,V6.4 DIAG | 0 0 6 0.04999999999999993 -0.028571428571428567 -0.04999999999999999 0.06666666666666667 -0.45 0.45 0.35000000000000003 6 2 1 1 0 0 2 0 0 1
2026-09-05,06:18:44 GMT,V6.4 BLOCK - journal-guarded entry/recovery gate failed or signal already used
2026-09-05,06:18:44 GMT,SENTINEL V6 MULTI-WINDOW SCAN >>>
2026-09-05,06:18:44 GMT,V6.4 DIAG | 8 0 7 0.09999999999999998 -0.028571428571428567 -0.10000000000000003 0.06666666666666667 -0.45 0.45 0.30000000000000004 6 2 1 1 0 0 2 0 0 1
2026-09-05,06:18:44 GMT,V6.4 BLOCK - journal-guarded entry/recovery gate failed or signal already used
2026-09-05,06:18:44 GMT,SENTINEL V6 MULTI-WINDOW SCAN >>>
2026-09-05,06:18:44 GMT,V6.4 DIAG | 5 0 10 0.04999999999999993 0.028571428571428567 -0.04999999999999999 -0.06666666666666667 -0.45 -0.05 0.05000000000000002 6 2 0 0 0 0 2 0 0 1
2026-09-05,06:18:44 GMT,V6.4 BLOCK - journal-guarded entry/recovery gate failed or signal already used
2026-09-05,06:18:44 GMT,SENTINEL V6 MULTI-WINDOW SCAN >>>
2026-09-05,06:18:44 GMT,V6.4 DIAG | 9 0 10 0.04999999999999993 0.028571428571428567 -0.04999999999999999 -0.06666666666666667 -0.45 -0.05 0.05000000000000002 6 2 0 1 0 0 2 0 0 1
2026-09-05,06:18:44 GMT,V6.4 BLOCK - journal-guarded entry/recovery gate failed or signal already used
2026-09-05,06:18:44 GMT,SENTINEL V6 MULTI-WINDOW SCAN >>>
2026-09-05,06:18:44 GMT,V6.4 DIAG | 1 0 12 0.15000000000000002 0.057142857142857134 -0.14999999999999997 -0.13333333333333333 -0.45 -0.05 -0.45 6 2 0 0 1 0 2 0 0 1
2026-09-05,06:18:44 GMT,V6.4 BLOCK - journal-guarded entry/recovery gate failed or signal already used
2026-09-05,06:18:44 GMT,SENTINEL V6 MULTI-WINDOW SCAN >>>
2026-09-05,06:18:44 GMT,V6.4 DIAG | 1 0 10 0.04999999999999993 0.028571428571428567 -0.04999999999999999 -0.06666666666666667 0.35000000000000003 -0.35000000000000003 -0.45 6 2 0 1 0 0 2 0 0 1
2026-09-05,06:18:44 GMT,V6.4 BLOCK - journal-guarded entry/recovery gate failed or signal already used
2026-09-05,06:18:44 GMT,SENTINEL V6 MULTI-WINDOW SCAN >>>
2026-09-05,06:18:44 GMT,V6.4 DIAG | 5 0 9 -0.09999999999999998 0.05714285714285714 0.10000000000000003 -0.13333333333333336 0.1 -0.35000000000000003 -0.45 6 2 0 1 0 0 2 0 0 1
2026-09-05,06:18:44 GMT,V6.4 BLOCK - journal-guarded entry/recovery gate failed or signal already used
2026-09-05,06:18:44 GMT,SENTINEL V6 MULTI-WINDOW SCAN >>>
2026-09-05,06:18:44 GMT,V6.4 DIAG | 3 0 5 -0.050000000000000044 0 0.050000000000000044 0 0.1 -0.35000000000000003 0.30000000000000004 5 3 1 1 0 0 2 0 0 1
2026-09-05,06:18:44 GMT,V6.4 BLOCK - journal-guarded entry/recovery gate failed or signal already used
2026-09-05,06:18:44 GMT,SENTINEL V6 MULTI-WINDOW SCAN >>>
2026-09-05,06:18:44 GMT,V6.4 DIAG | 0 0 3 0 0 0 0 0.05000000000000002 -0.35000000000000003 0.30000000000000004 4 4 1 1 0 0 2 0 0 1
2026-09-05,06:18:44 GMT,V6.4 BLOCK - journal-guarded entry/recovery gate failed or signal already used
2026-09-05,06:18:44 GMT,SENTINEL V6 MULTI-WINDOW SCAN >>>
2026-09-05,06:18:44 GMT,V6.4 DIAG | 7 0 7 -0.15000000000000002 0.028571428571428574 0.15000000000000002 -0.06666666666666668 -0.20000000000000004 -0.35000000000000003 0.30000000000000004 4 4 1 1 0 0 2 0 0 1
2026-09-05,06:18:44 GMT,V6.4 BLOCK - journal-guarded entry/recovery gate failed or signal already used
2026-09-05,06:18:44 GMT,SENTINEL V6 MULTI-WINDOW SCAN >>>
2026-09-05,06:18:44 GMT,V6.4 DIAG | 0 0 5 0 0 0 0 -0.7000000000000001 0.4 0.30000000000000004 5 3 1 1 0 0 2 0 0 1
2026-09-05,06:18:44 GMT,V6.4 BLOCK - journal-guarded entry/recovery gate failed or signal already used
2026-09-05,06:18:44 GMT,SENTINEL V6 MULTI-WINDOW SCAN >>>
2026-09-05,06:18:44 GMT,V6.4 DIAG | 9 0 2 0 -0.05714285714285714 0 0.13333333333333336 0.1 0.4 0.30000000000000004 4 4 1 1 0 0 2 0 0 1
2026-09-05,06:18:44 GMT,V6.4 BLOCK - journal-guarded entry/recovery gate failed or signal already used
2026-09-05,06:18:44 GMT,SENTINEL V6 MULTI-WINDOW SCAN >>>
2026-09-05,06:18:44 GMT,V6.4 DIAG | 3 0 5 -0.050000000000000044 0 0.050000000000000044 0 0.1 0.4 -0.45 5 3 1 1 0 0 2 0 0 1
2026-09-05,06:18:44 GMT,V6.4 BLOCK - journal-guarded entry/recovery gate failed or signal already used
2026-09-05,06:18:44 GMT,SENTINEL V6 MULTI-WINDOW SCAN >>>
2026-09-05,06:18:44 GMT,V6.4 DIAG | 1 0 5 -0.050000000000000044 0 0.050000000000000044 0 0.1 0.4 -0.45 5 3 1 1 0 0 2 0 0 1
2026-09-05,06:18:44 GMT,V6.4 BLOCK - journal-guarded entry/recovery gate failed or signal already used
2026-09-05,06:18:44 GMT,SENTINEL V6 MULTI-WINDOW SCAN >>>
2026-09-05,06:18:44 GMT,V6.4 DIAG | 8 0 3 -0.19999999999999996 -0.028571428571428574 0.2 0.06666666666666668 0.9 0.4 -0.7000000000000001 4 4 1 1 0 0 2 0 0 1
2026-09-05,06:18:44 GMT,V6.4 BLOCK - journal-guarded entry/recovery gate failed or signal already used
2026-09-05,06:18:44 GMT,SENTINEL V6 MULTI-WINDOW SCAN >>>
2026-09-05,06:18:44 GMT,V6.4 DIAG | 7 0 6 -0.09999999999999998 0 0.10000000000000003 0 0.9 -0.1 -0.7000000000000001 5 3 0 1 0 0 2 0 0 1
2026-09-05,06:18:44 GMT,V6.4 BLOCK - journal-guarded entry/recovery gate failed or signal already used
2026-09-05,06:18:44 GMT,SENTINEL V6 MULTI-WINDOW SCAN >>>
2026-09-05,06:18:44 GMT,V6.4 DIAG | 2 0 9 0 0.028571428571428567 0 -0.06666666666666667 0.4 -0.1 -0.7000000000000001 5 3 0 0 0 0 2 0 0 1
2026-09-05,06:18:44 GMT,V6.4 BLOCK - journal-guarded entry/recovery gate failed or signal already used
2026-09-05,06:18:44 GMT,SENTINEL V6 MULTI-WINDOW SCAN >>>
2026-09-05,06:18:44 GMT,V6.4 DIAG | 6 0 5 0 -0.028571428571428567 0 0.06666666666666667 0.4 -0.1 0.1 5 3 0 1 0 0 2 0 0 1
2026-09-05,06:18:44 GMT,V6.4 BLOCK - journal-guarded entry/recovery gate failed or signal already used
2026-09-05,06:18:44 GMT,SENTINEL V6 MULTI-WINDOW SCAN >>>
2026-09-05,06:18:44 GMT,V6.4 DIAG | 7 0 5 -0.15000000000000002 0 0.15000000000000002 0 0.15000000000000002 -0.1 0.1 5 3 0 1 0 0 2 0 0 1
2026-09-05,06:18:44 GMT,V6.4 BLOCK - journal-guarded entry/recovery gate failed or signal already used
2026-09-05,06:18:44 GMT,SENTINEL V6 MULTI-WINDOW SCAN >>>
2026-09-05,06:18:44 GMT,V6.4 DIAG | 1 0 6 0 -0.028571428571428567 0 0.06666666666666667 -0.4 -0.1 0.9 6 2 0 0 0 0 2 0 0 1
2026-09-05,06:18:44 GMT,V6.4 BLOCK - journal-guarded entry/recovery gate failed or signal already used
2026-09-05,06:18:44 GMT,SENTINEL V6 MULTI-WINDOW SCAN >>>
2026-09-05,06:18:44 GMT,V6.4 DIAG | 0 0 6 0 -0.028571428571428567 0 0.06666666666666667 -0.4 -0.1 0.9 5 3 0 1 0 0 2 0 0 1
2026-09-05,06:18:44 GMT,V6.4 BLOCK - journal-guarded entry/recovery gate failed or signal already used
2026-09-05,06:18:44 GMT,SENTINEL V6 MULTI-WINDOW SCAN >>>
2026-09-05,06:18:44 GMT,V6.4 DIAG | 9 0 6 -0.15000000000000002 0 0.15000000000000002 0 -0.4 -0.1 0.65 5 3 0 1 0 0 2 0 0 1
2026-09-05,06:18:44 GMT,V6.4 BLOCK - journal-guarded entry/recovery gate failed or signal already used
2026-09-05,06:18:44 GMT,SENTINEL V6 MULTI-WINDOW SCAN >>>
2026-09-05,06:18:44 GMT,V6.4 DIAG | 3 0 9 -0.050000000000000044 0.028571428571428567 0.04999999999999999 -0.06666666666666667 -0.4 -0.1 0.15000000000000002 6 2 0 1 0 0 2 0 0 1
2026-09-05,06:18:44 GMT,V6.4 BLOCK - journal-guarded entry/recovery gate failed or signal already used
2026-09-05,06:18:44 GMT,SENTINEL V6 MULTI-WINDOW SCAN >>>
2026-09-05,06:18:44 GMT,V6.4 DIAG | 9 0 5 -0.050000000000000044 -0.028571428571428567 0.04999999999999999 0.06666666666666667 0.4 -0.1 0.15000000000000002 5 3 0 1 0 0 2 0 0 1
2026-09-05,06:18:44 GMT,V6.4 BLOCK - journal-guarded entry/recovery gate failed or signal already used
2026-09-05,06:18:44 GMT,SENTINEL V6 MULTI-WINDOW SCAN >>>
2026-09-05,06:18:44 GMT,V6.4 DIAG | 6 0 8 0.050000000000000044 0 -0.04999999999999999 0 0.4 -0.1 -0.35000000000000003 6 2 0 1 0 0 2 0 0 1
2026-09-05,06:18:44 GMT,V6.4 BLOCK - journal-guarded entry/recovery gate failed or signal already used
2026-09-05,06:18:44 GMT,SENTINEL V6 MULTI-WINDOW SCAN >>>
2026-09-05,06:18:44 GMT,V6.4 DIAG | 0 0 9 -0.10000000000000009 0.028571428571428567 0.09999999999999998 -0.06666666666666667 0.4 -0.35000000000000003 -0.35000000000000003 6 2 0 1 0 0 2 0 0 1
2026-09-05,06:18:44 GMT,V6.4 BLOCK - journal-guarded entry/recovery gate failed or signal already used
2026-09-05,06:18:44 GMT,SENTINEL V6 MULTI-WINDOW SCAN >>>
2026-09-05,06:18:44 GMT,V6.4 DIAG | 4 0 5 -0.050000000000000044 -0.028571428571428567 0.04999999999999999 0.06666666666666667 0.4 -0.35000000000000003 0.4 6 2 0 1 0 0 2 0 0 1
2026-09-05,06:18:44 GMT,V6.4 BLOCK - journal-guarded entry/recovery gate failed or signal already used
2026-09-05,06:18:44 GMT,SENTINEL V6 MULTI-WINDOW SCAN >>>
2026-09-05,06:18:44 GMT,V6.4 DIAG | 7 0 5 -0.20000000000000007 0 0.2 0 0.4 -0.35000000000000003 0.15000000000000002 5 3 1 1 0 0 2 0 0 1
2026-09-05,06:18:44 GMT,V6.4 BLOCK - journal-guarded entry/recovery gate failed or signal already used
2026-09-05,06:18:44 GMT,SENTINEL V6 MULTI-WINDOW SCAN >>>
2026-09-05,06:18:44 GMT,V6.4 DIAG | 5 0 9 -0.25 0.05714285714285714 0.25 -0.13333333333333336 -0.35000000000000003 -0.35000000000000003 0.15000000000000002 6 2 1 1 0 0 2 0 0 1
2026-09-05,06:18:44 GMT,V6.4 BLOCK - journal-guarded entry/recovery gate failed or signal already used
2026-09-05,06:18:44 GMT,SENTINEL V6 MULTI-WINDOW SCAN >>>
2026-09-05,06:18:44 GMT,V6.4 DIAG | 3 0 9 -0.25 0.05714285714285714 0.25 -0.13333333333333336 -0.35000000000000003 -0.35000000000000003 0.15000000000000002 5 3 1 1 0 0 2 0 0 1
2026-09-05,06:18:44 GMT,V6.4 BLOCK - journal-guarded entry/recovery gate failed or signal already used
2026-09-05,06:18:44 GMT,SENTINEL V6 MULTI-WINDOW SCAN >>>
2026-09-05,06:18:44 GMT,V6.4 DIAG | 9 0 6 -0.4 0.028571428571428574 0.4 -0.06666666666666668 -0.35000000000000003 0.2 0.15000000000000002 4 4 1 1 0 0 2 0 0 1
2026-09-05,06:18:44 GMT,V6.4 BLOCK - journal-guarded entry/recovery gate failed or signal already used
2026-09-05,06:18:44 GMT,SENTINEL V6 MULTI-WINDOW SCAN >>>
2026-09-05,06:18:44 GMT,V6.4 DIAG | 5 0 9 -0.30000000000000004 0.05714285714285714 0.30000000000000004 -0.13333333333333336 -0.35000000000000003 0.2 -0.35000000000000003 5 3 1 1 0 0 2 0 0 1
2026-09-05,06:18:44 GMT,V6.4 BLOCK - journal-guarded entry/recovery gate failed or signal already used
2026-09-05,06:18:44 GMT,SENTINEL V6 MULTI-WINDOW SCAN >>>
2026-09-05,06:18:44 GMT,V6.4 DIAG | 5 0 2 -0.30000000000000004 0 0.30000000000000004 0 -0.35000000000000003 0.2 0.45 4 4 2 1 0 0 2 0 0 1
2026-09-05,06:18:44 GMT,V6.4 BLOCK - journal-guarded entry/recovery gate failed or signal already used
2026-09-05,06:18:44 GMT,SENTINEL V6 MULTI-WINDOW SCAN >>>
2026-09-05,06:18:44 GMT,V6.4 DIAG | 6 0 1 -0.25 -0.05714285714285714 0.25 0.13333333333333336 0.45 0.15000000000000002 0.45 4 4 2 1 0 0 2 0 0 1
2026-09-05,06:18:44 GMT,V6.4 BLOCK - journal-guarded entry/recovery gate failed or signal already used
2026-09-05,06:18:44 GMT,SENTINEL V6 MULTI-WINDOW SCAN >>>
2026-09-05,06:18:44 GMT,V6.4 DIAG | 8 0 1 -0.25 -0.05714285714285714 0.25 0.13333333333333336 0.45 0.15000000000000002 0.45 4 4 2 1 0 0 2 0 0 1
2026-09-05,06:18:44 GMT,V6.4 BLOCK - journal-guarded entry/recovery gate failed or signal already used
2026-09-05,06:18:44 GMT,SENTINEL V6 MULTI-WINDOW SCAN >>>
2026-09-05,06:18:44 GMT,V6.4 DIAG | 2 0 4 -0.15000000000000002 -0.08571428571428572 0.15 0.2 0.45 0.45 0.45 5 3 1 1 0 0 2 0 0 1
2026-09-05,06:18:44 GMT,V6.4 BLOCK - journal-guarded entry/recovery gate failed or signal already used
2026-09-05,06:18:44 GMT,SENTINEL V6 MULTI-WINDOW SCAN >>>
2026-09-05,06:18:44 GMT,V6.4 DIAG | 9 0 4 -0.15000000000000002 -0.08571428571428572 0.15 0.2 0.45 0.45 0.45 5 3 1 1 0 0 2 0 0 1
2026-09-05,06:18:44 GMT,V6.4 BLOCK - journal-guarded entry/recovery gate failed or signal already used
2026-09-05,06:18:44 GMT,SENTINEL V6 MULTI-WINDOW SCAN >>>
2026-09-05,06:18:44 GMT,V6.4 DIAG | 7 0 5 -0.04999999999999993 -0.057142857142857134 0.05000000000000002 0.13333333333333333 0.45 0.45 -0.05 6 2 1 1 0 0 2 0 0 1
2026-09-05,06:18:44 GMT,V6.4 BLOCK - journal-guarded entry/recovery gate failed or signal already used
2026-09-05,06:18:44 GMT,SENTINEL V6 MULTI-WINDOW SCAN >>>
2026-09-05,06:18:44 GMT,V6.4 DIAG | 0 0 8 0.09999999999999998 -0.028571428571428567 -0.1 0.06666666666666667 -0.05 0.4 -0.05 7 1 1 1 0 0 2 0 0 1
2026-09-05,06:18:44 GMT,V6.4 BLOCK - journal-guarded entry/recovery gate failed or signal already used
2026-09-05,06:18:44 GMT,SENTINEL V6 MULTI-WINDOW SCAN >>>
2026-09-05,06:18:44 GMT,V6.4 DIAG | 8 0 6 -0.04999999999999993 0 0.05000000000000002 0 -0.30000000000000004 0.4 -0.05 7 1 1 1 0 0 2 0 0 1
2026-09-05,06:18:44 GMT,V6.4 BLOCK - journal-guarded entry/recovery gate failed or signal already used
2026-09-05,06:18:44 GMT,SENTINEL V6 MULTI-WINDOW SCAN >>>
2026-09-05,06:18:44 GMT,V6.4 DIAG | 2 0 12 0.050000000000000044 0.028571428571428567 -0.04999999999999999 -0.06666666666666667 -0.30000000000000004 -0.1 -0.05 8 0 0 0 1 0 2 0 0 1
2026-09-05,06:18:44 GMT,V6.4 BLOCK - journal-guarded entry/recovery gate failed or signal already used
2026-09-05,06:18:44 GMT,SENTINEL V6 MULTI-WINDOW SCAN >>>
2026-09-05,06:18:44 GMT,V6.4 DIAG | 1 0 12 0.050000000000000044 0.028571428571428567 -0.04999999999999999 -0.06666666666666667 -0.30000000000000004 -0.1 -0.05 7 1 0 0 1 0 2 0 0 1
2026-09-05,06:18:44 GMT,V6.4 BLOCK - journal-guarded entry/recovery gate failed or signal already used
2026-09-05,06:18:44 GMT,SENTINEL V6 MULTI-WINDOW SCAN >>>
2026-09-05,06:18:44 GMT,V6.4 DIAG | 0 0 12 0.050000000000000044 0.028571428571428567 -0.04999999999999999 -0.06666666666666667 -0.30000000000000004 -0.1 -0.05 7 1 0 0 1 0 2 0 0 1
2026-09-05,06:18:44 GMT,V6.4 BLOCK - journal-guarded entry/recovery gate failed or signal already used
2026-09-05,06:18:44 GMT,SENTINEL V6 MULTI-WINDOW SCAN >>>
2026-09-05,06:18:44 GMT,V6.4 DIAG | 3 0 12 0.050000000000000044 0.028571428571428567 -0.04999999999999999 -0.06666666666666667 -0.30000000000000004 -0.1 -0.05 7 1 0 0 1 0 2 0 0 1
2026-09-05,06:18:44 GMT,V6.4 BLOCK - journal-guarded entry/recovery gate failed or signal already used
2026-09-05,06:18:44 GMT,SENTINEL V6 MULTI-WINDOW SCAN >>>
2026-09-05,06:18:44 GMT,V6.4 DIAG | 5 0 8 0.050000000000000044 -0.028571428571428567 -0.04999999999999999 0.06666666666666667 0.5 -0.1 -0.05 7 1 0 0 0 0 2 0 0 1
2026-09-05,06:18:44 GMT,V6.4 BLOCK - journal-guarded entry/recovery gate failed or signal already used
2026-09-05,06:18:44 GMT,SENTINEL V6 MULTI-WINDOW SCAN >>>
2026-09-05,06:18:44 GMT,V6.4 DIAG | 5 0 8 0.050000000000000044 -0.028571428571428567 -0.04999999999999999 0.06666666666666667 0.5 -0.1 -0.05 7 1 0 1 0 0 2 0 0 1
2026-09-05,06:18:44 GMT,V6.4 BLOCK - journal-guarded entry/recovery gate failed or signal already used
2026-09-05,06:18:44 GMT,SENTINEL V6 MULTI-WINDOW SCAN >>>
2026-09-05,06:18:44 GMT,V6.4 DIAG | 6 0 6 -0.04999999999999993 0 0.05000000000000002 0 0.5 -0.1 -0.35000000000000003 7 1 0 1 0 0 2 0 0 1
2026-09-05,06:18:44 GMT,V6.4 BLOCK - journal-guarded entry/recovery gate failed or signal already used
2026-09-05,06:18:44 GMT,SENTINEL V6 MULTI-WINDOW SCAN >>>
2026-09-05,06:18:44 GMT,V6.4 DIAG | 6 0 6 -0.04999999999999993 0 0.05000000000000002 0 0.5 -0.1 -0.35000000000000003 7 1 0 1 0 0 2 0 0 1
2026-09-05,06:18:44 GMT,V6.4 BLOCK - journal-guarded entry/recovery gate failed or signal already used
2026-09-05,06:18:44 GMT,SENTINEL V6 MULTI-WINDOW SCAN >>>
2026-09-05,06:18:44 GMT,V6.4 DIAG | 7 0 6 -0.04999999999999993 0 0.05000000000000002 0 0.5 -0.1 -0.35000000000000003 6 2 0 1 0 0 2 0 0 1
2026-09-05,06:18:44 GMT,V6.4 BLOCK - journal-guarded entry/recovery gate failed or signal already used
2026-09-05,06:18:44 GMT,SENTINEL V6 MULTI-WINDOW SCAN >>>
2026-09-05,06:18:44 GMT,V6.4 DIAG | 2 0 12 0.050000000000000044 0.028571428571428567 -0.04999999999999999 -0.06666666666666667 0 -0.1 -0.35000000000000003 7 1 0 0 1 0 2 0 0 1
2026-09-05,06:18:44 GMT,V6.4 BLOCK - journal-guarded entry/recovery gate failed or signal already used
2026-09-05,06:18:44 GMT,SENTINEL V6 MULTI-WINDOW SCAN >>>
2026-09-05,06:18:44 GMT,V6.4 DIAG | 4 0 12 0.050000000000000044 0.028571428571428567 -0.04999999999999999 -0.06666666666666667 0 -0.1 -0.35000000000000003 7 1 0 0 1 0 2 0 0 1
2026-09-05,06:18:44 GMT,V6.4 BLOCK - journal-guarded entry/recovery gate failed or signal already used
2026-09-05,06:18:44 GMT,SENTINEL V6 MULTI-WINDOW SCAN >>>
2026-09-05,06:18:44 GMT,V6.4 DIAG | 0 0 8 0.050000000000000044 -0.028571428571428567 -0.04999999999999999 0.06666666666666667 0 -0.1 0.45 7 1 0 0 0 0 2 0 0 1
2026-09-05,06:18:44 GMT,V6.4 BLOCK - journal-guarded entry/recovery gate failed or signal already used
2026-09-05,06:18:44 GMT,SENTINEL V6 MULTI-WINDOW SCAN >>>
2026-09-05,06:18:44 GMT,V6.4 DIAG | 5 0 8 0.050000000000000044 -0.028571428571428567 -0.04999999999999999 0.06666666666666667 0 -0.1 0.45 7 1 0 1 0 0 2 0 0 1
2026-09-05,06:18:44 GMT,V6.4 BLOCK - journal-guarded entry/recovery gate failed or signal already used
2026-09-05,06:18:44 GMT,SENTINEL V6 MULTI-WINDOW SCAN >>>
2026-09-05,06:18:44 GMT,V6.4 DIAG | 1 0 6 -0.09999999999999998 0 0.1 0 0 -0.35000000000000003 0.45 7 1 0 1 0 0 2 0 0 1
2026-09-05,06:18:44 GMT,V6.4 BLOCK - journal-guarded entry/recovery gate failed or signal already used
2026-09-05,06:18:44 GMT,SENTINEL V6 MULTI-WINDOW SCAN >>>
2026-09-05,06:18:44 GMT,V6.4 DIAG | 4 0 6 -0.04999999999999993 0 0.05000000000000002 0 0 -0.35000000000000003 0.4 7 1 0 1 0 0 2 0 0 1
2026-09-05,06:18:44 GMT,V6.4 BLOCK - journal-guarded entry/recovery gate failed or signal already used
2026-09-05,06:18:44 GMT,SENTINEL V6 MULTI-WINDOW SCAN >>>
2026-09-05,06:18:44 GMT,V6.4 DIAG | 9 0 6 -0.04999999999999993 0 0.05000000000000002 0 0 -0.35000000000000003 0.4 6 2 1 1 0 0 2 0 0 1
2026-09-05,06:18:44 GMT,V6.4 BLOCK - journal-guarded entry/recovery gate failed or signal already used
2026-09-05,06:18:44 GMT,SENTINEL V6 MULTI-WINDOW SCAN >>>
2026-09-05,06:18:44 GMT,V6.4 DIAG | 5 0 12 0.09999999999999998 0.028571428571428567 -0.1 -0.06666666666666667 -0.05 -0.35000000000000003 -0.1 7 1 1 0 1 0 2 1 0 1
2026-09-05,06:18:44 GMT,V6.4 BLOCK - journal-guarded entry/recovery gate failed or signal already used
2026-09-05,06:18:44 GMT,SENTINEL V6 MULTI-WINDOW SCAN >>>
2026-09-05,06:18:44 GMT,V6.4 DIAG | 1 0 12 0.09999999999999998 0.028571428571428567 -0.1 -0.06666666666666667 -0.05 -0.35000000000000003 -0.1 7 1 1 0 1 0 2 0 0 1
2026-09-05,06:18:44 GMT,V6.4 BLOCK - journal-guarded entry/recovery gate failed or signal already used
2026-09-05,06:18:44 GMT,SENTINEL V6 MULTI-WINDOW SCAN >>>
2026-09-05,06:18:44 GMT,V6.4 DIAG | 0 0 6 -0.04999999999999993 0 0.05000000000000002 0 -0.05 0.2 -0.1 7 1 1 1 0 0 2 0 0 1
2026-09-05,06:18:44 GMT,V6.4 BLOCK - journal-guarded entry/recovery gate failed or signal already used
2026-09-05,06:18:44 GMT,SENTINEL V6 MULTI-WINDOW SCAN >>>
2026-09-05,06:18:44 GMT,V6.4 DIAG | 0 0 6 -0.04999999999999993 0 0.05000000000000002 0 -0.05 0.2 -0.1 7 1 1 1 0 0 2 0 0 1
2026-09-05,06:18:44 GMT,V6.4 BLOCK - journal-guarded entry/recovery gate failed or signal already used
2026-09-05,06:18:44 GMT,SENTINEL V6 MULTI-WINDOW SCAN >>>
2026-09-05,06:18:44 GMT,V6.4 DIAG | 6 0 5 0 0 0 0 -0.1 0.2 -0.1 6 2 2 1 0 0 2 0 0 1
2026-09-05,06:18:44 GMT,V6.4 BLOCK - journal-guarded entry/recovery gate failed or signal already used
2026-09-05,06:18:44 GMT,SENTINEL V6 MULTI-WINDOW SCAN >>>
2026-09-05,06:18:44 GMT,V6.4 DIAG | 4 0 5 0 0 0 0 -0.1 0.2 -0.1 6 2 2 1 0 0 2 0 0 1
2026-09-05,06:18:44 GMT,V6.4 BLOCK - journal-guarded entry/recovery gate failed or signal already used
2026-09-05,06:18:44 GMT,SENTINEL V6 MULTI-WINDOW SCAN >>>
2026-09-05,06:18:44 GMT,V6.4 DIAG | 8 0 5 0 0 0 0 -0.1 0.2 -0.1 6 2 2 1 0 0 2 0 0 1
2026-09-05,06:18:44 GMT,V6.4 BLOCK - journal-guarded entry/recovery gate failed or signal already used
2026-09-05,06:18:44 GMT,SENTINEL V6 MULTI-WINDOW SCAN >>>
2026-09-05,06:18:44 GMT,V6.4 DIAG | 3 0 8 0.09999999999999998 -0.028571428571428567 -0.1 0.06666666666666667 -0.1 0.5 -0.1 7 1 1 1 0 0 2 0 0 1
2026-09-05,06:18:44 GMT,V6.4 BLOCK - journal-guarded entry/recovery gate failed or signal already used
2026-09-05,06:18:44 GMT,SENTINEL V6 MULTI-WINDOW SCAN >>>
2026-09-05,06:18:44 GMT,V6.4 DIAG | 5 0 8 0.09999999999999998 -0.028571428571428567 -0.1 0.06666666666666667 -0.1 0.5 -0.1 7 1 1 1 0 0 2 0 0 1
2026-09-05,06:18:44 GMT,V6.4 BLOCK - journal-guarded entry/recovery gate failed or signal already used
2026-09-05,06:18:44 GMT,SENTINEL V6 MULTI-WINDOW SCAN >>>
2026-09-05,06:18:44 GMT,V6.4 DIAG | 4 0 8 0.15000000000000002 -0.028571428571428567 -0.15 0.06666666666666667 -0.1 0.5 -0.15 7 1 1 1 0 0 2 0 0 1
2026-09-05,06:18:44 GMT,V6.4 BLOCK - journal-guarded entry/recovery gate failed or signal already used
2026-09-05,06:18:44 GMT,SENTINEL V6 MULTI-WINDOW SCAN >>>
2026-09-05,06:18:44 GMT,V6.4 DIAG | 5 0 6 0 0 0 0 -0.1 0.5 -0.4 7 1 1 1 0 0 2 0 0 1
2026-09-05,06:18:44 GMT,V6.4 BLOCK - journal-guarded entry/recovery gate failed or signal already used
2026-09-05,06:18:44 GMT,SENTINEL V6 MULTI-WINDOW SCAN >>>
2026-09-05,06:18:44 GMT,V6.4 DIAG | 8 0 6 0 0 0 0 -0.1 0.5 -0.4 7 1 1 1 0 0 2 0 0 1
2026-09-05,06:18:44 GMT,V6.4 BLOCK - journal-guarded entry/recovery gate failed or signal already used
2026-09-05,06:18:44 GMT,SENTINEL V6 MULTI-WINDOW SCAN >>>
2026-09-05,06:18:44 GMT,V6.4 DIAG | 6 1 12 0.09999999999999998 0.028571428571428567 -0.1 -0.06666666666666667 -0.1 0 -0.4 7 1 0 0 1 0 2 1 0 1
2026-09-05,06:18:44 GMT,V6.4 BLOCK - journal-guarded entry/recovery gate failed or signal already used
2026-09-05,06:18:44 GMT,SENTINEL V6 MULTI-WINDOW SCAN >>>
2026-09-05,06:18:44 GMT,V6.4 DIAG | 3 0 12 0.09999999999999998 0.028571428571428567 -0.1 -0.06666666666666667 -0.1 0 -0.4 7 1 0 0 1 0 2 1 0 1
2026-09-05,06:18:44 GMT,V6.4 BLOCK - journal-guarded entry/recovery gate failed or signal already used
2026-09-05,06:18:44 GMT,SENTINEL V6 MULTI-WINDOW SCAN >>>
2026-09-05,06:18:44 GMT,V6.4 DIAG | 0 0 12 0.09999999999999998 0.028571428571428567 -0.1 -0.06666666666666667 -0.1 0 -0.4 7 1 0 0 1 0 2 0 0 1
2026-09-05,06:18:44 GMT,V6.4 BLOCK - journal-guarded entry/recovery gate failed or signal already used
2026-09-05,06:18:44 GMT,SENTINEL V6 MULTI-WINDOW SCAN >>>
2026-09-05,06:18:44 GMT,V6.4 DIAG | 1 0 8 0.09999999999999998 -0.028571428571428567 -0.1 0.06666666666666667 -0.1 0 0.4 7 1 0 0 0 0 2 0 0 1
2026-09-05,06:18:44 GMT,V6.4 BLOCK - journal-guarded entry/recovery gate failed or signal already used
2026-09-05,06:18:44 GMT,SENTINEL V6 MULTI-WINDOW SCAN >>>
2026-09-05,06:18:44 GMT,V6.4 DIAG | 1 0 8 0.09999999999999998 -0.028571428571428567 -0.1 0.06666666666666667 -0.1 0 0.4 7 1 0 0 0 0 2 0 0 1
2026-09-05,06:18:44 GMT,V6.4 BLOCK - journal-guarded entry/recovery gate failed or signal already used
2026-09-05,06:18:44 GMT,SENTINEL V6 MULTI-WINDOW SCAN >>>
2026-09-05,06:18:44 GMT,V6.4 DIAG | 4 0 8 0.09999999999999998 -0.028571428571428567 -0.1 0.06666666666666667 -0.1 0 0.4 7 1 0 0 0 0 2 0 0 1
2026-09-05,06:18:44 GMT,V6.4 BLOCK - journal-guarded entry/recovery gate failed or signal already used
2026-09-05,06:18:44 GMT,SENTINEL V6 MULTI-WINDOW SCAN >>>
2026-09-05,06:18:44 GMT,V6.4 DIAG | 3 0 6 0 0 0 0 -0.1 0 0.1 7 1 0 0 0 0 2 0 0 1
2026-09-05,06:18:44 GMT,V6.4 BLOCK - journal-guarded entry/recovery gate failed or signal already used
2026-09-05,06:18:44 GMT,SENTINEL V6 MULTI-WINDOW SCAN >>>
2026-09-05,06:18:44 GMT,V6.4 DIAG | 9 0 8 0.050000000000000044 0 -0.04999999999999999 0 -0.1 -0.05 0.1 7 1 0 1 0 0 2 0 0 1
2026-09-05,06:18:44 GMT,V6.4 BLOCK - journal-guarded entry/recovery gate failed or signal already used
2026-09-05,06:18:44 GMT,SENTINEL V6 MULTI-WINDOW SCAN >>>
2026-09-05,06:18:44 GMT,V6.4 DIAG | 6 0 12 0.050000000000000044 0.057142857142857134 -0.04999999999999999 -0.13333333333333333 -0.4 -0.05 -0.4 7 1 0 0 1 0 2 0 0 1
2026-09-05,06:18:44 GMT,V6.4 BLOCK - journal-guarded entry/recovery gate failed or signal already used
2026-09-05,06:18:44 GMT,SENTINEL V6 MULTI-WINDOW SCAN >>>
2026-09-05,06:18:44 GMT,V6.4 DIAG | 3 0 12 0.050000000000000044 0.057142857142857134 -0.04999999999999999 -0.13333333333333333 -0.4 -0.05 -0.4 7 1 0 0 1 0 2 0 0 1
2026-09-05,06:18:44 GMT,V6.4 BLOCK - journal-guarded entry/recovery gate failed or signal already used
2026-09-05,06:18:44 GMT,SENTINEL V6 MULTI-WINDOW SCAN >>>
2026-09-05,06:18:44 GMT,V6.4 DIAG | 1 0 12 0.050000000000000044 0.057142857142857134 -0.04999999999999999 -0.13333333333333333 -0.4 -0.05 -0.4 6 2 0 0 1 0 2 0 0 1
2026-09-05,06:18:44 GMT,V6.4 BLOCK - journal-guarded entry/recovery gate failed or signal already used
2026-09-05,06:18:44 GMT,SENTINEL V6 MULTI-WINDOW SCAN >>>
2026-09-05,06:18:44 GMT,V6.4 DIAG | 5 0 8 0.10000000000000009 0 -0.09999999999999998 0 -0.4 -0.05 0.35000000000000003 6 2 0 0 0 0 2 0 0 1
2026-09-05,06:18:44 GMT,V6.4 BLOCK - journal-guarded entry/recovery gate failed or signal already used
2026-09-05,06:18:44 GMT,SENTINEL V6 MULTI-WINDOW SCAN >>>
2026-09-05,06:18:44 GMT,V6.4 DIAG | 4 0 9 -0.050000000000000044 0.028571428571428567 0.04999999999999999 -0.06666666666666667 -0.65 -0.05 0.35000000000000003 6 2 0 1 0 0 2 0 0 1
2026-09-05,06:18:44 GMT,V6.4 BLOCK - journal-guarded entry/recovery gate failed or signal already used
2026-09-05,06:18:44 GMT,SENTINEL V6 MULTI-WINDOW SCAN >>>
2026-09-05,06:18:44 GMT,V6.4 DIAG | 2 0 5 -0.050000000000000044 -0.028571428571428567 0.04999999999999999 0.06666666666666667 0.15000000000000002 -0.05 0.35000000000000003 6 2 0 1 0 0 2 0 0 1
2026-09-05,06:18:44 GMT,V6.4 BLOCK - journal-guarded entry/recovery gate failed or signal already used
2026-09-05,06:18:44 GMT,SENTINEL V6 MULTI-WINDOW SCAN >>>
2026-09-05,06:18:44 GMT,V6.4 DIAG | 4 0 5 -0.050000000000000044 -0.028571428571428567 0.04999999999999999 0.06666666666666667 0.15000000000000002 -0.05 0.35000000000000003 5 3 0 1 0 0 2 0 0 1
2026-09-05,06:18:44 GMT,V6.4 BLOCK - journal-guarded entry/recovery gate failed or signal already used
2026-09-05,06:18:44 GMT,SENTINEL V6 MULTI-WINDOW SCAN >>>
2026-09-05,06:18:44 GMT,V6.4 DIAG | 9 0 5 -0.050000000000000044 -0.028571428571428567 0.04999999999999999 0.06666666666666667 0.15000000000000002 -0.05 0.35000000000000003 5 3 0 1 0 0 2 0 0 1
2026-09-05,06:18:44 GMT,V6.4 BLOCK - journal-guarded entry/recovery gate failed or signal already used
2026-09-05,06:18:44 GMT,SENTINEL V6 MULTI-WINDOW SCAN >>>
2026-09-05,06:18:44 GMT,V6.4 DIAG | 1 0 8 0.050000000000000044 0 -0.04999999999999999 0 0.15000000000000002 -0.05 -0.15 6 2 0 0 0 0 2 0 0 1
2026-09-05,06:18:44 GMT,V6.4 BLOCK - journal-guarded entry/recovery gate failed or signal already used
2026-09-05,06:18:44 GMT,SENTINEL V6 MULTI-WINDOW SCAN >>>
2026-09-05,06:18:44 GMT,V6.4 DIAG | 7 0 6 -0.10000000000000009 -0.028571428571428567 0.09999999999999998 0.06666666666666667 0.9500000000000001 -0.05 -0.4 6 2 0 1 0 0 2 0 0 1
2026-09-05,06:18:44 GMT,V6.4 BLOCK - journal-guarded entry/recovery gate failed or signal already used
2026-09-05,06:18:44 GMT,SENTINEL V6 MULTI-WINDOW SCAN >>>
2026-09-05,06:18:44 GMT,V6.4 DIAG | 6 0 8 0.050000000000000044 0 -0.04999999999999999 0 0.4 -0.05 -0.4 7 1 0 0 0 0 2 0 0 1
2026-09-05,06:18:44 GMT,V6.4 BLOCK - journal-guarded entry/recovery gate failed or signal already used
2026-09-05,06:18:44 GMT,SENTINEL V6 MULTI-WINDOW SCAN >>>
2026-09-05,06:18:44 GMT,V6.4 DIAG | 2 0 8 0.050000000000000044 0 -0.04999999999999999 0 0.4 -0.05 -0.4 6 2 0 0 0 0 2 0 0 1
2026-09-05,06:18:44 GMT,V6.4 BLOCK - journal-guarded entry/recovery gate failed or signal already used
2026-09-05,06:18:44 GMT,SENTINEL V6 MULTI-WINDOW SCAN >>>
2026-09-05,06:18:44 GMT,V6.4 DIAG | 3 0 8 0.10000000000000009 0 -0.09999999999999998 0 0.4 -0.1 -0.4 6 2 0 0 0 0 2 0 0 1
2026-09-05,06:18:44 GMT,V6.4 BLOCK - journal-guarded entry/recovery gate failed or signal already used
2026-09-05,06:18:44 GMT,SENTINEL V6 MULTI-WINDOW SCAN >>>
2026-09-05,06:18:44 GMT,V6.4 DIAG | 7 0 8 0.10000000000000009 0 -0.09999999999999998 0 0.4 -0.1 -0.4 6 2 0 1 0 0 2 0 0 1
2026-09-05,06:18:44 GMT,V6.4 BLOCK - journal-guarded entry/recovery gate failed or signal already used
2026-09-05,06:18:44 GMT,SENTINEL V6 MULTI-WINDOW SCAN >>>
2026-09-05,06:18:44 GMT,V6.4 DIAG | 3 0 8 0.25 -0.028571428571428567 -0.24999999999999997 0.06666666666666667 -0.1 -0.15 0.4 7 1 0 0 0 0 2 0 0 1
2026-09-05,06:18:44 GMT,V6.4 BLOCK - journal-guarded entry/recovery gate failed or signal already used
2026-09-05,06:18:44 GMT,SENTINEL V6 MULTI-WINDOW SCAN >>>
2026-09-05,06:18:44 GMT,V6.4 DIAG | 3 0 8 0.25 -0.028571428571428567 -0.24999999999999997 0.06666666666666667 -0.1 -0.15 0.4 7 1 0 1 0 0 2 0 0 1
2026-09-05,06:18:44 GMT,V6.4 BLOCK - journal-guarded entry/recovery gate failed or signal already used
2026-09-05,06:18:44 GMT,SENTINEL V6 MULTI-WINDOW SCAN >>>
2026-09-05,06:18:44 GMT,V6.4 DIAG | 6 0 8 0.30000000000000004 -0.028571428571428567 -0.30000000000000004 0.06666666666666667 -0.15 -0.15 0.4 7 1 0 0 0 0 2 0 0 1
2026-09-05,06:18:44 GMT,V6.4 BLOCK - journal-guarded entry/recovery gate failed or signal already used
2026-09-05,06:18:44 GMT,SENTINEL V6 MULTI-WINDOW SCAN >>>
2026-09-05,06:18:44 GMT,V6.4 DIAG | 1 0 8 0.30000000000000004 -0.028571428571428567 -0.30000000000000004 0.06666666666666667 -0.15 -0.15 0.4 7 1 0 0 0 0 2 0 0 1
2026-09-05,06:18:44 GMT,V6.4 BLOCK - journal-guarded entry/recovery gate failed or signal already used
2026-09-05,06:18:44 GMT,SENTINEL V6 MULTI-WINDOW SCAN >>>
2026-09-05,06:18:44 GMT,V6.4 DIAG | 9 0 8 0.15000000000000002 0 -0.14999999999999997 0 -0.15 -0.15 0.15000000000000002 7 1 0 0 0 0 2 0 0 1
2026-09-05,06:18:44 GMT,V6.4 BLOCK - journal-guarded entry/recovery gate failed or signal already used
2026-09-05,06:18:44 GMT,SENTINEL V6 MULTI-WINDOW SCAN >>>
2026-09-05,06:18:44 GMT,V6.4 DIAG | 3 0 12 0.10000000000000009 0.057142857142857134 -0.09999999999999998 -0.13333333333333333 -0.15 -0.4 -0.35000000000000003 8 0 0 0 0 0 2 0 0 1
2026-09-05,06:18:44 GMT,V6.4 BLOCK - journal-guarded entry/recovery gate failed or signal already used
2026-09-05,06:18:44 GMT,SENTINEL V6 MULTI-WINDOW SCAN >>>
2026-09-05,06:18:44 GMT,V6.4 DIAG | 5 0 10 -0.050000000000000044 0.08571428571428572 0.04999999999999999 -0.2 -0.4 -0.4 -0.35000000000000003 7 1 0 1 0 0 2 0 0 1
2026-09-05,06:18:44 GMT,V6.4 BLOCK - journal-guarded entry/recovery gate failed or signal already used
2026-09-05,06:18:44 GMT,SENTINEL V6 MULTI-WINDOW SCAN >>>
2026-09-05,06:18:44 GMT,V6.4 DIAG | 5 0 10 0 0.08571428571428572 0 -0.2 -0.4 -0.4 -0.4 6 2 1 0 0 0 2 0 0 1
2026-09-05,06:18:44 GMT,V6.4 BLOCK - journal-guarded entry/recovery gate failed or signal already used
2026-09-05,06:18:44 GMT,SENTINEL V6 MULTI-WINDOW SCAN >>>
2026-09-05,06:18:44 GMT,V6.4 DIAG | 6 0 11 0.04999999999999993 0.08571428571428572 -0.04999999999999999 -0.2 -0.4 -0.45 -0.4 5 3 1 0 0 0 2 0 0 1
2026-09-05,06:18:44 GMT,V6.4 BLOCK - journal-guarded entry/recovery gate failed or signal already used
2026-09-05,06:18:44 GMT,SENTINEL V6 MULTI-WINDOW SCAN >>>
2026-09-05,06:18:44 GMT,V6.4 DIAG | 6 0 9 -0.09999999999999998 0.05714285714285714 0.10000000000000003 -0.13333333333333336 -0.4 -0.45 0.15000000000000002 5 3 1 1 0 0 2 0 0 1
2026-09-05,06:18:44 GMT,V6.4 BLOCK - journal-guarded entry/recovery gate failed or signal already used
2026-09-05,06:18:44 GMT,SENTINEL V6 MULTI-WINDOW SCAN >>>
2026-09-05,06:18:44 GMT,V6.4 DIAG | 0 0 5 -0.09999999999999998 0 0.10000000000000003 0 -0.4 0.35000000000000003 0.15000000000000002 5 3 1 1 0 0 2 0 0 1
2026-09-05,06:18:44 GMT,V6.4 BLOCK - journal-guarded entry/recovery gate failed or signal already used
2026-09-05,06:18:44 GMT,SENTINEL V6 MULTI-WINDOW SCAN >>>
2026-09-05,06:18:44 GMT,V6.4 DIAG | 2 0 2 -0.09999999999999998 -0.05714285714285714 0.10000000000000003 0.13333333333333336 0.4 0.35000000000000003 0.15000000000000002 4 4 1 1 0 0 2 0 0 1
2026-09-05,06:18:44 GMT,V6.4 BLOCK - journal-guarded entry/recovery gate failed or signal already used
2026-09-05,06:18:44 GMT,SENTINEL V6 MULTI-WINDOW SCAN >>>
2026-09-05,06:18:44 GMT,V6.4 DIAG | 3 0 2 -0.09999999999999998 -0.05714285714285714 0.10000000000000003 0.13333333333333336 0.4 0.35000000000000003 0.15000000000000002 4 4 1 1 0 0 2 0 0 1
2026-09-05,06:18:44 GMT,V6.4 BLOCK - journal-guarded entry/recovery gate failed or signal already used
2026-09-05,06:18:44 GMT,SENTINEL V6 MULTI-WINDOW SCAN >>>
2026-09-05,06:18:44 GMT,V6.4 DIAG | 9 0 2 -0.09999999999999998 -0.05714285714285714 0.10000000000000003 0.13333333333333336 0.4 0.35000000000000003 0.15000000000000002 4 4 1 1 0 0 2 0 0 1
2026-09-05,06:18:44 GMT,V6.4 BLOCK - journal-guarded entry/recovery gate failed or signal already used
2026-09-05,06:18:44 GMT,SENTINEL V6 MULTI-WINDOW SCAN >>>
2026-09-05,06:18:44 GMT,V6.4 DIAG | 8 0 4 0 -0.08571428571428572 0 0.2 0.4 0.35000000000000003 0.45 5 3 1 1 0 0 2 0 0 1
2026-09-05,06:18:44 GMT,V6.4 BLOCK - journal-guarded entry/recovery gate failed or signal already used
2026-09-05,06:18:44 GMT,SENTINEL V6 MULTI-WINDOW SCAN >>>
2026-09-05,06:18:44 GMT,V6.4 DIAG | 7 0 7 0.15000000000000002 -0.057142857142857134 -0.14999999999999997 0.13333333333333333 0.4 -0.15 0.4 6 2 0 0 0 0 2 0 0 1
2026-09-05,06:18:44 GMT,V6.4 BLOCK - journal-guarded entry/recovery gate failed or signal already used
2026-09-05,06:18:44 GMT,SENTINEL V6 MULTI-WINDOW SCAN >>>
2026-09-05,06:18:44 GMT,V6.4 DIAG | 4 0 8 0.10000000000000009 0 -0.09999999999999998 0 -0.35000000000000003 -0.15 0.4 7 1 0 0 0 0 2 0 0 1
2026-09-05,06:18:44 GMT,V6.4 BLOCK - journal-guarded entry/recovery gate failed or signal already used
2026-09-05,06:18:44 GMT,SENTINEL V6 MULTI-WINDOW SCAN >>>
2026-09-05,06:18:44 GMT,V6.4 DIAG | 0 0 8 0.15000000000000002 0 -0.14999999999999997 0 -0.4 -0.15 0.4 7 1 0 0 0 0 2 0 0 1
2026-09-05,06:18:44 GMT,V6.4 BLOCK - journal-guarded entry/recovery gate failed or signal already used
2026-09-05,06:18:44 GMT,SENTINEL V6 MULTI-WINDOW SCAN >>>
2026-09-05,06:18:44 GMT,V6.4 DIAG | 9 0 10 0.04999999999999993 0.028571428571428567 -0.04999999999999999 -0.06666666666666667 -0.4 -0.45 0.4 6 2 0 1 0 0 2 0 0 1
2026-09-05,06:18:44 GMT,V6.4 BLOCK - journal-guarded entry/recovery gate failed or signal already used
2026-09-05,06:18:44 GMT,SENTINEL V6 MULTI-WINDOW SCAN >>>
2026-09-05,06:18:44 GMT,V6.4 DIAG | 1 0 12 0.15000000000000002 0.057142857142857134 -0.14999999999999997 -0.13333333333333333 -0.4 -0.45 -0.1 7 1 0 0 0 0 2 0 0 1
2026-09-05,06:18:44 GMT,V6.4 BLOCK - journal-guarded entry/recovery gate failed or signal already used
2026-09-05,06:18:44 GMT,SENTINEL V6 MULTI-WINDOW SCAN >>>
2026-09-05,06:18:44 GMT,V6.4 DIAG | 3 0 10 0 0.08571428571428572 0 -0.2 -0.4 -0.7000000000000001 -0.1 6 2 1 0 0 0 2 0 0 1
2026-09-05,06:18:44 GMT,V6.4 BLOCK - journal-guarded entry/recovery gate failed or signal already used
2026-09-05,06:18:44 GMT,SENTINEL V6 MULTI-WINDOW SCAN >>>
2026-09-05,06:18:44 GMT,V6.4 DIAG | 0 0 9 0 0.028571428571428567 0 -0.06666666666666667 0.4 -0.7000000000000001 -0.1 6 2 1 1 0 0 2 0 0 1
2026-09-05,06:18:44 GMT,V6.4 BLOCK - journal-guarded entry/recovery gate failed or signal already used
2026-09-05,06:18:44 GMT,SENTINEL V6 MULTI-WINDOW SCAN >>>
2026-09-05,06:18:44 GMT,V6.4 DIAG | 0 0 8 -0.15000000000000002 0.05714285714285714 0.15000000000000002 -0.13333333333333336 0.15000000000000002 -0.7000000000000001 -0.1 5 3 2 1 0 0 2 0 0 1
2026-09-05,06:18:44 GMT,V6.4 BLOCK - journal-guarded entry/recovery gate failed or signal already used
2026-09-05,06:18:44 GMT,SENTINEL V6 MULTI-WINDOW SCAN >>>
2026-09-05,06:18:44 GMT,V6.4 DIAG | 1 0 4 -0.15000000000000002 0 0.15000000000000002 0 0.15000000000000002 0.1 -0.1 5 3 2 1 0 0 2 0 0 1
2026-09-05,06:18:44 GMT,V6.4 BLOCK - journal-guarded entry/recovery gate failed or signal already used
2026-09-05,06:18:44 GMT,SENTINEL V6 MULTI-WINDOW SCAN >>>
2026-09-05,06:18:44 GMT,V6.4 DIAG | 5 0 2 -0.15000000000000002 0 0.15000000000000002 0 0.15000000000000002 0.1 -0.1 4 4 2 1 0 0 2 0 0 1
2026-09-05,06:18:44 GMT,V6.4 BLOCK - journal-guarded entry/recovery gate failed or signal already used
2026-09-05,06:18:44 GMT,SENTINEL V6 MULTI-WINDOW SCAN >>>
2026-09-05,06:18:44 GMT,V6.4 DIAG | 7 0 2 -0.15000000000000002 -0.05714285714285714 0.15000000000000002 0.13333333333333336 0.15000000000000002 0.9 -0.1 4 4 2 1 0 0 2 0 0 1
2026-09-05,06:18:44 GMT,V6.4 BLOCK - journal-guarded entry/recovery gate failed or signal already used
2026-09-05,06:18:44 GMT,SENTINEL V6 MULTI-WINDOW SCAN >>>
2026-09-05,06:18:44 GMT,V6.4 DIAG | 5 0 5 -0.050000000000000044 -0.028571428571428567 0.04999999999999999 0.06666666666666667 -0.35000000000000003 0.9 -0.1 5 3 2 1 0 0 2 0 0 1
2026-09-05,06:18:44 GMT,V6.4 BLOCK - journal-guarded entry/recovery gate failed or signal already used
2026-09-05,06:18:44 GMT,SENTINEL V6 MULTI-WINDOW SCAN >>>
2026-09-05,06:18:44 GMT,V6.4 DIAG | 8 0 4 -0.15000000000000002 -0.05714285714285714 0.15000000000000002 0.13333333333333336 0.45 0.8500000000000001 -0.35000000000000003 5 3 2 1 0 0 2 0 0 1
2026-09-05,06:18:44 GMT,V6.4 BLOCK - journal-guarded entry/recovery gate failed or signal already used
2026-09-05,06:18:44 GMT,SENTINEL V6 MULTI-WINDOW SCAN >>>
2026-09-05,06:18:44 GMT,V6.4 DIAG | 0 0 5 -0.20000000000000007 0 0.2 0 0.45 0.1 -0.35000000000000003 6 2 1 1 0 0 2 0 0 1
2026-09-05,06:18:44 GMT,V6.4 BLOCK - journal-guarded entry/recovery gate failed or signal already used
2026-09-05,06:18:44 GMT,SENTINEL V6 MULTI-WINDOW SCAN >>>
2026-09-05,06:18:44 GMT,V6.4 DIAG | 8 0 5 -0.15000000000000002 0 0.15000000000000002 0 0.45 0.1 -0.4 5 3 1 1 0 0 2 0 0 1
2026-09-05,06:18:44 GMT,V6.4 BLOCK - journal-guarded entry/recovery gate failed or signal already used
2026-09-05,06:18:44 GMT,SENTINEL V6 MULTI-WINDOW SCAN >>>
2026-09-05,06:18:44 GMT,V6.4 DIAG | 5 0 9 -0.050000000000000044 0.028571428571428567 0.04999999999999999 -0.06666666666666667 0.45 -0.4 -0.4 5 3 1 1 0 0 2 0 0 1
2026-09-05,06:18:44 GMT,V6.4 BLOCK - journal-guarded entry/recovery gate failed or signal already used
2026-09-05,06:18:44 GMT,SENTINEL V6 MULTI-WINDOW SCAN >>>
2026-09-05,06:18:44 GMT,V6.4 DIAG | 7 0 9 0 0.028571428571428567 0 -0.06666666666666667 0.45 -0.45 -0.4 5 3 1 1 0 0 2 0 0 1
2026-09-05,06:18:44 GMT,V6.4 BLOCK - journal-guarded entry/recovery gate failed or signal already used
2026-09-05,06:18:44 GMT,SENTINEL V6 MULTI-WINDOW SCAN >>>
2026-09-05,06:18:44 GMT,V6.4 DIAG | 6 0 8 0.10000000000000009 0 -0.09999999999999998 0 -0.05 -0.45 0.4 6 2 1 0 0 0 2 0 0 1
2026-09-05,06:18:44 GMT,V6.4 BLOCK - journal-guarded entry/recovery gate failed or signal already used
2026-09-05,06:18:44 GMT,SENTINEL V6 MULTI-WINDOW SCAN >>>
2026-09-05,06:18:44 GMT,V6.4 DIAG | 1 0 7 0.10000000000000009 -0.057142857142857134 -0.09999999999999998 0.13333333333333333 -0.05 0.35000000000000003 0.4 6 2 1 1 0 0 2 0 0 1
2026-09-05,06:18:44 GMT,V6.4 BLOCK - journal-guarded entry/recovery gate failed or signal already used
2026-09-05,06:18:44 GMT,SENTINEL V6 MULTI-WINDOW SCAN >>>
2026-09-05,06:18:44 GMT,V6.4 DIAG | 2 0 7 0.10000000000000009 -0.057142857142857134 -0.09999999999999998 0.13333333333333333 -0.05 0.35000000000000003 0.4 6 2 1 1 0 0 2 0 0 1
2026-09-05,06:18:44 GMT,V6.4 BLOCK - journal-guarded entry/recovery gate failed or signal already used
2026-09-05,06:18:44 GMT,SENTINEL V6 MULTI-WINDOW SCAN >>>
2026-09-05,06:18:44 GMT,V6.4 DIAG | 1 0 5 -0.050000000000000044 -0.028571428571428567 0.04999999999999999 0.06666666666666667 -0.05 0.35000000000000003 0.15000000000000002 6 2 1 1 0 0 2 0 0 1
2026-09-05,06:18:44 GMT,V6.4 BLOCK - journal-guarded entry/recovery gate failed or signal already used
2026-09-05,06:18:44 GMT,SENTINEL V6 MULTI-WINDOW SCAN >>>
2026-09-05,06:18:44 GMT,V6.4 DIAG | 9 0 5 -0.050000000000000044 -0.028571428571428567 0.04999999999999999 0.06666666666666667 -0.05 0.35000000000000003 0.15000000000000002 6 2 1 1 0 0 2 0 0 1
2026-09-05,06:18:44 GMT,V6.4 BLOCK - journal-guarded entry/recovery gate failed or signal already used
2026-09-05,06:18:44 GMT,SENTINEL V6 MULTI-WINDOW SCAN >>>
2026-09-05,06:18:44 GMT,V6.4 DIAG | 8 0 9 -0.10000000000000009 0.028571428571428567 0.09999999999999998 -0.06666666666666667 -0.30000000000000004 0.35000000000000003 -0.35000000000000003 6 2 1 1 0 0 2 0 0 1
2026-09-05,06:18:44 GMT,V6.4 BLOCK - journal-guarded entry/recovery gate failed or signal already used
2026-09-05,06:18:44 GMT,SENTINEL V6 MULTI-WINDOW SCAN >>>
2026-09-05,06:18:44 GMT,V6.4 DIAG | 5 0 10 -0.15000000000000002 0.08571428571428572 0.15 -0.2 -0.30000000000000004 -0.4 -0.35000000000000003 7 1 0 1 0 0 2 0 0 1
2026-09-05,06:18:44 GMT,V6.4 BLOCK - journal-guarded entry/recovery gate failed or signal already used
2026-09-05,06:18:44 GMT,SENTINEL V6 MULTI-WINDOW SCAN >>>
2026-09-05,06:18:44 GMT,V6.4 DIAG | 1 0 10 -0.10000000000000009 0.08571428571428572 0.09999999999999998 -0.2 -0.30000000000000004 -0.4 -0.4 6 2 0 1 0 0 2 0 0 1
2026-09-05,06:18:44 GMT,V6.4 BLOCK - journal-guarded entry/recovery gate failed or signal already used
2026-09-05,06:18:44 GMT,SENTINEL V6 MULTI-WINDOW SCAN >>>
2026-09-05,06:18:44 GMT,V6.4 DIAG | 2 0 9 -0.10000000000000009 0.028571428571428567 0.09999999999999998 -0.06666666666666667 -0.30000000000000004 -0.4 0.4 5 3 1 1 0 0 2 0 0 1
2026-09-05,06:18:44 GMT,V6.4 BLOCK - journal-guarded entry/recovery gate failed or signal already used
2026-09-05,06:18:44 GMT,SENTINEL V6 MULTI-WINDOW SCAN >>>
2026-09-05,06:18:44 GMT,V6.4 DIAG | 2 0 9 -0.10000000000000009 0.028571428571428567 0.09999999999999998 -0.06666666666666667 -0.30000000000000004 -0.4 0.4 5 3 1 1 0 0 2 0 0 1
2026-09-05,06:18:44 GMT,V6.4 BLOCK - journal-guarded entry/recovery gate failed or signal already used
2026-09-05,06:18:44 GMT,SENTINEL V6 MULTI-WINDOW SCAN >>>
2026-09-05,06:18:44 GMT,V6.4 DIAG | 3 0 5 -0.10000000000000009 -0.028571428571428567 0.09999999999999998 0.06666666666666667 0.5 -0.4 0.4 5 3 1 1 0 0 2 0 0 1
2026-09-05,06:18:44 GMT,V6.4 BLOCK - journal-guarded entry/recovery gate failed or signal already used
2026-09-05,06:18:44 GMT,SENTINEL V6 MULTI-WINDOW SCAN >>>
2026-09-05,06:18:44 GMT,V6.4 DIAG | 3 0 4 -0.10000000000000009 -0.08571428571428572 0.09999999999999998 0.2 0.5 0.4 0.4 5 3 1 1 0 0 2 0 0 1
2026-09-05,06:18:44 GMT,V6.4 BLOCK - journal-guarded entry/recovery gate failed or signal already used
2026-09-05,06:18:44 GMT,SENTINEL V6 MULTI-WINDOW SCAN >>>
2026-09-05,06:18:44 GMT,V6.4 DIAG | 9 0 4 -0.10000000000000009 -0.08571428571428572 0.09999999999999998 0.2 0.5 0.4 0.4 5 3 1 1 0 0 2 0 0 1
2026-09-05,06:18:44 GMT,V6.4 BLOCK - journal-guarded entry/recovery gate failed or signal already used
2026-09-05,06:18:44 GMT,SENTINEL V6 MULTI-WINDOW SCAN >>>
2026-09-05,06:18:44 GMT,V6.4 DIAG | 4 0 5 0 -0.057142857142857134 0 0.13333333333333333 0.5 0.4 -0.1 6 2 1 1 0 0 2 0 0 1
2026-09-05,06:18:44 GMT,V6.4 BLOCK - journal-guarded entry/recovery gate failed or signal already used
2026-09-05,06:18:44 GMT,SENTINEL V6 MULTI-WINDOW SCAN >>>
2026-09-05,06:18:44 GMT,V6.4 DIAG | 7 0 5 0 -0.057142857142857134 0 0.13333333333333333 0.5 0.4 -0.1 6 2 1 1 0 0 2 0 0 1
2026-09-05,06:18:44 GMT,V6.4 BLOCK - journal-guarded entry/recovery gate failed or signal already used
2026-09-05,06:18:44 GMT,SENTINEL V6 MULTI-WINDOW SCAN >>>
2026-09-05,06:18:44 GMT,V6.4 DIAG | 8 0 6 0 0 0 0 -0.05 0.15000000000000002 -0.1 7 1 1 1 0 0 2 0 0 1
2026-09-05,06:18:44 GMT,V6.4 BLOCK - journal-guarded entry/recovery gate failed or signal already used
2026-09-05,06:18:44 GMT,SENTINEL V6 MULTI-WINDOW SCAN >>>
2026-09-05,06:18:44 GMT,V6.4 DIAG | 4 0 12 0.09999999999999998 0.028571428571428567 -0.1 -0.06666666666666667 -0.05 -0.35000000000000003 -0.1 8 0 0 0 0 0 2 0 0 1
2026-09-05,06:18:44 GMT,V6.4 BLOCK - journal-guarded entry/recovery gate failed or signal already used
2026-09-05,06:18:44 GMT,SENTINEL V6 MULTI-WINDOW SCAN >>>
2026-09-05,06:18:44 GMT,V6.4 DIAG | 1 0 10 0 0.057142857142857134 0 -0.13333333333333333 -0.05 -0.35000000000000003 -0.4 7 1 1 0 0 0 2 0 0 1
2026-09-05,06:18:44 GMT,V6.4 BLOCK - journal-guarded entry/recovery gate failed or signal already used
2026-09-05,06:18:44 GMT,SENTINEL V6 MULTI-WINDOW SCAN >>>
2026-09-05,06:18:44 GMT,V6.4 DIAG | 4 0 10 0 0.057142857142857134 0 -0.13333333333333333 -0.05 -0.35000000000000003 -0.4 7 1 1 1 0 0 2 0 0 1
2026-09-05,06:18:44 GMT,V6.4 BLOCK - journal-guarded entry/recovery gate failed or signal already used
2026-09-05,06:18:44 GMT,SENTINEL V6 MULTI-WINDOW SCAN >>>
2026-09-05,06:18:44 GMT,V6.4 DIAG | 3 0 10 -0.15000000000000002 0.08571428571428572 0.15 -0.2 -0.05 -0.6000000000000001 -0.4 6 2 1 1 0 0 2 0 0 1
2026-09-05,06:18:44 GMT,V6.4 BLOCK - journal-guarded entry/recovery gate failed or signal already used
2026-09-05,06:18:44 GMT,SENTINEL V6 MULTI-WINDOW SCAN >>>
2026-09-05,06:18:44 GMT,V6.4 DIAG | 2 0 9 -0.15000000000000002 0.028571428571428567 0.15 -0.06666666666666667 -0.05 0.2 -0.4 6 2 1 1 0 0 2 0 0 1
2026-09-05,06:18:44 GMT,V6.4 BLOCK - journal-guarded entry/recovery gate failed or signal already used
2026-09-05,06:18:44 GMT,SENTINEL V6 MULTI-WINDOW SCAN >>>
2026-09-05,06:18:44 GMT,V6.4 DIAG | 1 0 8 -0.15000000000000002 0.028571428571428567 0.15 -0.06666666666666667 -0.05 0.2 -0.4 5 3 2 1 0 0 2 0 0 1
2026-09-05,06:18:44 GMT,V6.4 BLOCK - journal-guarded entry/recovery gate failed or signal already used
2026-09-05,06:18:44 GMT,SENTINEL V6 MULTI-WINDOW SCAN >>>
2026-09-05,06:18:44 GMT,V6.4 DIAG | 5 0 4 -0.15000000000000002 -0.028571428571428567 0.15 0.06666666666666667 -0.05 0.2 0.4 5 3 2 1 0 0 2 0 0 1
2026-09-05,06:18:44 GMT,V6.4 BLOCK - journal-guarded entry/recovery gate failed or signal already used
2026-09-05,06:18:44 GMT,SENTINEL V6 MULTI-WINDOW SCAN >>>
2026-09-05,06:18:44 GMT,V6.4 DIAG | 0 0 4 -0.15000000000000002 -0.028571428571428567 0.15 0.06666666666666667 -0.05 0.2 0.4 5 3 2 1 0 0 2 0 0 1
2026-09-05,06:18:44 GMT,V6.4 BLOCK - journal-guarded entry/recovery gate failed or signal already used
2026-09-05,06:18:44 GMT,SENTINEL V6 MULTI-WINDOW SCAN >>>
2026-09-05,06:18:44 GMT,V6.4 DIAG | 8 0 4 -0.15000000000000002 -0.08571428571428572 0.15 0.2 -0.05 1 0.4 5 3 2 1 0 0 2 0 0 1
2026-09-05,06:18:44 GMT,V6.4 BLOCK - journal-guarded entry/recovery gate failed or signal already used
2026-09-05,06:18:44 GMT,SENTINEL V6 MULTI-WINDOW SCAN >>>
2026-09-05,06:18:44 GMT,V6.4 DIAG | 5 0 5 -0.04999999999999993 -0.057142857142857134 0.05000000000000002 0.13333333333333333 -0.05 0.5 0.4 6 2 1 1 0 0 2 0 0 1
2026-09-05,06:18:44 GMT,V6.4 BLOCK - journal-guarded entry/recovery gate failed or signal already used
2026-09-05,06:18:44 GMT,SENTINEL V6 MULTI-WINDOW SCAN >>>
2026-09-05,06:18:44 GMT,V6.4 DIAG | 9 0 5 0 -0.057142857142857134 0 0.13333333333333333 -0.05 0.5 0.35000000000000003 6 2 1 1 0 0 2 0 0 1
2026-09-05,06:18:44 GMT,V6.4 BLOCK - journal-guarded entry/recovery gate failed or signal already used
2026-09-05,06:18:44 GMT,SENTINEL V6 MULTI-WINDOW SCAN >>>
2026-09-05,06:18:44 GMT,V6.4 DIAG | 6 0 6 -0.04999999999999993 0 0.05000000000000002 0 -0.05 0.5 -0.4 7 1 1 1 0 0 2 0 0 1
2026-09-05,06:13:22 GMT,V6.4 BLOCK - journal-guarded entry/recovery gate failed or signal already used
2026-09-05,06:13:22 GMT,SENTINEL V6 MULTI-WINDOW SCAN >>>
2026-09-05,06:13:22 GMT,V6.4 DIAG | 8 0 6 -0.04999999999999993 0 0.05000000000000002 0 -0.05 0.5 -0.4 7 1 1 1 0 0 2 0 0 1
2026-09-05,06:13:22 GMT,V6.4 BLOCK - journal-guarded entry/recovery gate failed or signal already used
2026-09-05,06:13:22 GMT,SENTINEL V6 MULTI-WINDOW SCAN >>>
2026-09-05,06:13:22 GMT,V6.4 DIAG | 1 0 12 0.09999999999999998 0.028571428571428567 -0.1 -0.06666666666666667 -0.1 0 -0.4 7 1 0 0 1 0 2 0 0 1
2026-09-05,06:13:22 GMT,V6.4 BLOCK - journal-guarded entry/recovery gate failed or signal already used
2026-09-05,06:13:22 GMT,SENTINEL V6 MULTI-WINDOW SCAN >>>
2026-09-05,06:13:22 GMT,V6.4 DIAG | 2 0 12 0.09999999999999998 0.028571428571428567 -0.1 -0.06666666666666667 -0.1 0 -0.4 7 1 0 0 1 0 2 0 0 1
2026-09-05,06:13:22 GMT,V6.4 BLOCK - journal-guarded entry/recovery gate failed or signal already used
2026-09-05,06:13:22 GMT,SENTINEL V6 MULTI-WINDOW SCAN >>>
2026-09-05,06:13:22 GMT,V6.4 DIAG | 4 0 12 0.15000000000000002 0.028571428571428567 -0.15 -0.06666666666666667 -0.1 -0.05 -0.4 7 1 0 0 1 0 2 0 0 1
2026-09-05,06:13:21 GMT,V6.4 BLOCK - journal-guarded entry/recovery gate failed or signal already used
2026-09-05,06:13:21 GMT,SENTINEL V6 MULTI-WINDOW SCAN >>>
2026-09-05,06:13:21 GMT,V6.4 DIAG | 0 0 8 0.20000000000000007 -0.028571428571428567 -0.19999999999999998 0.06666666666666667 -0.1 -0.1 0.4 7 1 0 0 0 0 2 0 0 1
2026-09-05,06:13:21 GMT,V6.4 BLOCK - journal-guarded entry/recovery gate failed or signal already used
2026-09-05,06:13:21 GMT,SENTINEL V6 MULTI-WINDOW SCAN >>>
2026-09-05,06:13:21 GMT,V6.4 DIAG | 0 0 8 0.20000000000000007 -0.028571428571428567 -0.19999999999999998 0.06666666666666667 -0.1 -0.1 0.4 7 1 0 0 0 0 2 0 0 1
2026-09-05,06:13:21 GMT,V6.4 BLOCK - journal-guarded entry/recovery gate failed or signal already used
2026-09-05,06:13:21 GMT,SENTINEL V6 MULTI-WINDOW SCAN >>>
2026-09-05,06:13:21 GMT,V6.4 DIAG | 3 0 8 0.20000000000000007 -0.028571428571428567 -0.19999999999999998 0.06666666666666667 -0.1 -0.1 0.4 7 1 0 0 0 0 2 0 0 1
2026-09-05,06:13:21 GMT,V6.4 BLOCK - journal-guarded entry/recovery gate failed or signal already used
2026-09-05,06:13:21 GMT,SENTINEL V6 MULTI-WINDOW SCAN >>>
2026-09-05,06:13:21 GMT,V6.4 DIAG | 3 0 8 0.10000000000000009 0 -0.09999999999999998 0 -0.35000000000000003 -0.1 0.35000000000000003 7 1 0 0 0 0 2 1 0 1
2026-09-05,06:13:21 GMT,V6.4 BLOCK - journal-guarded entry/recovery gate failed or signal already used
2026-09-05,06:13:21 GMT,SENTINEL V6 MULTI-WINDOW SCAN >>>
2026-09-05,06:13:21 GMT,V6.4 DIAG | 9 0 8 0.10000000000000009 0 -0.09999999999999998 0 -0.35000000000000003 -0.1 0.35000000000000003 7 1 0 0 0 0 2 1 0 1
2026-09-05,06:13:21 GMT,V6.4 BLOCK - journal-guarded entry/recovery gate failed or signal already used
2026-09-05,06:13:21 GMT,SENTINEL V6 MULTI-WINDOW SCAN >>>
2026-09-05,06:13:21 GMT,V6.4 DIAG | 3 1 12 0.10000000000000009 0.057142857142857134 -0.09999999999999998 -0.13333333333333333 -0.4 -0.1 -0.4 7 1 0 0 1 0 2 1 0 1
2026-09-05,06:13:21 GMT,V6.4 BLOCK - journal-guarded entry/recovery gate failed or signal already used
2026-09-05,06:13:21 GMT,SENTINEL V6 MULTI-WINDOW SCAN >>>
2026-09-05,06:13:21 GMT,V6.4 DIAG | 2 0 12 0.10000000000000009 0.057142857142857134 -0.09999999999999998 -0.13333333333333333 -0.4 -0.1 -0.4 7 1 0 0 1 0 2 1 0 1
2026-09-05,06:13:21 GMT,V6.4 BLOCK - journal-guarded entry/recovery gate failed or signal already used
2026-09-05,06:13:21 GMT,SENTINEL V6 MULTI-WINDOW SCAN >>>
2026-09-05,06:13:21 GMT,V6.4 DIAG | 3 0 12 0.10000000000000009 0.057142857142857134 -0.09999999999999998 -0.13333333333333333 -0.4 -0.1 -0.4 6 2 0 0 1 0 2 0 0 1
2026-09-05,06:13:21 GMT,V6.4 BLOCK - journal-guarded entry/recovery gate failed or signal already used
2026-09-05,06:13:21 GMT,SENTINEL V6 MULTI-WINDOW SCAN >>>
2026-09-05,06:13:21 GMT,V6.4 DIAG | 4 0 8 0.10000000000000009 0 -0.09999999999999998 0 0.4 -0.1 -0.4 6 2 0 0 0 0 2 0 0 1
2026-09-05,06:13:21 GMT,V6.4 BLOCK - journal-guarded entry/recovery gate failed or signal already used
2026-09-05,06:13:21 GMT,SENTINEL V6 MULTI-WINDOW SCAN >>>
2026-09-05,06:13:21 GMT,V6.4 DIAG | 2 0 8 0.15000000000000002 0 -0.14999999999999997 0 0.4 -0.15 -0.4 6 2 0 0 0 0 2 0 0 1
2026-09-05,06:13:21 GMT,V6.4 BLOCK - journal-guarded entry/recovery gate failed or signal already used
2026-09-05,06:13:21 GMT,SENTINEL V6 MULTI-WINDOW SCAN >>>
2026-09-05,06:13:21 GMT,V6.4 DIAG | 3 0 7 0.15000000000000002 -0.057142857142857134 -0.14999999999999997 0.13333333333333333 0.4 -0.15 0.4 6 2 0 1 0 0 2 0 0 1
2026-09-05,06:13:21 GMT,V6.4 BLOCK - journal-guarded entry/recovery gate failed or signal already used
2026-09-05,06:13:21 GMT,SENTINEL V6 MULTI-WINDOW SCAN >>>
2026-09-05,06:13:21 GMT,V6.4 DIAG | 3 0 7 0.20000000000000007 -0.057142857142857134 -0.2 0.13333333333333333 0.4 -0.15 0.35000000000000003 6 2 0 0 0 0 2 0 0 1
2026-09-05,06:13:21 GMT,V6.4 BLOCK - journal-guarded entry/recovery gate failed or signal already used
2026-09-05,06:13:21 GMT,SENTINEL V6 MULTI-WINDOW SCAN >>>
2026-09-05,06:13:21 GMT,V6.4 DIAG | 7 0 7 0.25 -0.057142857142857134 -0.25 0.13333333333333333 0.4 -0.2 0.35000000000000003 6 2 0 1 0 0 2 0 0 1
2026-09-05,06:13:21 GMT,V6.4 BLOCK - journal-guarded entry/recovery gate failed or signal already used
2026-09-05,06:13:21 GMT,SENTINEL V6 MULTI-WINDOW SCAN >>>
2026-09-05,06:13:21 GMT,V6.4 DIAG | 4 0 8 0.35 -0.028571428571428567 -0.35 0.06666666666666667 -0.1 -0.2 0.35000000000000003 7 1 0 0 0 0 2 0 0 1
2026-09-05,06:13:21 GMT,V6.4 BLOCK - journal-guarded entry/recovery gate failed or signal already used
2026-09-05,06:13:21 GMT,SENTINEL V6 MULTI-WINDOW SCAN >>>
2026-09-05,06:13:21 GMT,V6.4 DIAG | 9 0 8 0.20000000000000007 0 -0.2 0 -0.1 -0.2 0.1 7 1 0 1 0 0 2 0 0 1
2026-09-05,06:13:21 GMT,V6.4 BLOCK - journal-guarded entry/recovery gate failed or signal already used
2026-09-05,06:13:21 GMT,SENTINEL V6 MULTI-WINDOW SCAN >>>
2026-09-05,06:13:21 GMT,V6.4 DIAG | 0 1 12 0.30000000000000004 0.028571428571428567 -0.30000000000000004 -0.06666666666666667 -0.1 -0.2 -0.4 8 0 0 0 1 0 2 1 0 1
2026-09-05,06:13:21 GMT,V6.4 BLOCK - journal-guarded entry/recovery gate failed or signal already used
2026-09-05,06:13:21 GMT,SENTINEL V6 MULTI-WINDOW SCAN >>>
2026-09-05,06:13:21 GMT,V6.4 DIAG | 6 0 12 0.30000000000000004 0.028571428571428567 -0.30000000000000004 -0.06666666666666667 -0.1 -0.2 -0.4 7 1 0 0 0 0 2 1 0 1
2026-09-05,06:13:21 GMT,V6.4 BLOCK - journal-guarded entry/recovery gate failed or signal already used
2026-09-05,06:13:21 GMT,SENTINEL V6 MULTI-WINDOW SCAN >>>
2026-09-05,06:13:21 GMT,V6.4 DIAG | 4 0 12 0.15000000000000002 0.057142857142857134 -0.14999999999999997 -0.13333333333333333 -0.35000000000000003 -0.2 -0.4 7 1 0 0 1 0 2 0 0 1
2026-09-05,06:13:21 GMT,V6.4 BLOCK - journal-guarded entry/recovery gate failed or signal already used
2026-09-05,06:13:21 GMT,SENTINEL V6 MULTI-WINDOW SCAN >>>
2026-09-05,06:13:21 GMT,V6.4 DIAG | 0 0 12 0.15000000000000002 0.057142857142857134 -0.14999999999999997 -0.13333333333333333 -0.35000000000000003 -0.2 -0.4 7 1 0 0 1 0 2 0 0 1
2026-09-05,06:13:21 GMT,V6.4 BLOCK - journal-guarded entry/recovery gate failed or signal already used
2026-09-05,06:13:21 GMT,SENTINEL V6 MULTI-WINDOW SCAN >>>
2026-09-05,06:13:21 GMT,V6.4 DIAG | 3 0 9 0 0.028571428571428567 0 -0.06666666666666667 -0.35000000000000003 -0.45 0.4 6 2 0 1 0 0 2 0 0 1
2026-09-05,06:13:21 GMT,V6.4 BLOCK - journal-guarded entry/recovery gate failed or signal already used
2026-09-05,06:13:21 GMT,SENTINEL V6 MULTI-WINDOW SCAN >>>
2026-09-05,06:13:21 GMT,V6.4 DIAG | 2 0 9 -0.15000000000000002 0.05714285714285714 0.15000000000000002 -0.13333333333333336 -0.35000000000000003 -0.7000000000000001 0.4 6 2 0 1 0 0 2 0 0 1
2026-09-05,06:13:21 GMT,V6.4 BLOCK - journal-guarded entry/recovery gate failed or signal already used
2026-09-05,06:13:21 GMT,SENTINEL V6 MULTI-WINDOW SCAN >>>
2026-09-05,06:13:21 GMT,V6.4 DIAG | 2 0 9 -0.15000000000000002 0.05714285714285714 0.15000000000000002 -0.13333333333333336 -0.35000000000000003 -0.7000000000000001 0.4 5 3 1 1 0 0 2 0 0 1
2026-09-05,06:13:21 GMT,V6.4 BLOCK - journal-guarded entry/recovery gate failed or signal already used
2026-09-05,06:13:21 GMT,SENTINEL V6 MULTI-WINDOW SCAN >>>
2026-09-05,06:13:21 GMT,V6.4 DIAG | 5 0 2 -0.15000000000000002 0 0.15000000000000002 0 0.45 -0.7000000000000001 0.4 4 4 2 1 0 0 2 0 0 1
2026-09-05,06:13:21 GMT,V6.4 BLOCK - journal-guarded entry/recovery gate failed or signal already used
2026-09-05,06:13:21 GMT,SENTINEL V6 MULTI-WINDOW SCAN >>>
2026-09-05,06:13:21 GMT,V6.4 DIAG | 9 0 5 -0.25 0.028571428571428574 0.25 -0.06666666666666668 0.4 -0.7000000000000001 0.15000000000000002 4 4 2 1 0 0 2 0 0 1
2026-09-05,06:13:21 GMT,V6.4 BLOCK - journal-guarded entry/recovery gate failed or signal already used
2026-09-05,06:13:21 GMT,SENTINEL V6 MULTI-WINDOW SCAN >>>
2026-09-05,06:13:21 GMT,V6.4 DIAG | 6 0 4 -0.15000000000000002 0 0.15000000000000002 0 0.4 0.1 -0.35000000000000003 5 3 2 1 0 0 2 0 0 1
2026-09-05,06:13:21 GMT,V6.4 BLOCK - journal-guarded entry/recovery gate failed or signal already used
2026-09-05,06:13:21 GMT,SENTINEL V6 MULTI-WINDOW SCAN >>>
2026-09-05,06:13:21 GMT,V6.4 DIAG | 0 0 2 -0.30000000000000004 -0.028571428571428574 0.3 0.06666666666666668 0.15000000000000002 0.9 -0.35000000000000003 4 4 2 1 0 0 2 0 0 1
2026-09-05,06:13:21 GMT,V6.4 BLOCK - journal-guarded entry/recovery gate failed or signal already used
2026-09-05,06:13:21 GMT,SENTINEL V6 MULTI-WINDOW SCAN >>>
2026-09-05,06:13:21 GMT,V6.4 DIAG | 7 0 2 -0.25 -0.028571428571428574 0.25 0.06666666666666668 0.15000000000000002 0.8500000000000001 -0.35000000000000003 4 4 2 1 0 0 2 0 0 1
2026-09-05,06:13:21 GMT,V6.4 BLOCK - journal-guarded entry/recovery gate failed or signal already used
2026-09-05,06:13:21 GMT,SENTINEL V6 MULTI-WINDOW SCAN >>>
2026-09-05,06:13:21 GMT,V6.4 DIAG | 6 0 3 -0.15000000000000002 0 0.15000000000000002 0 -0.35000000000000003 0.8500000000000001 -0.35000000000000003 4 4 2 1 0 0 2 0 0 1
2026-09-05,06:13:21 GMT,V6.4 BLOCK - journal-guarded entry/recovery gate failed or signal already used
2026-09-05,06:13:21 GMT,SENTINEL V6 MULTI-WINDOW SCAN >>>
2026-09-05,06:13:21 GMT,V6.4 DIAG | 8 0 2 -0.15000000000000002 -0.05714285714285714 0.15000000000000002 0.13333333333333336 -0.35000000000000003 0.8500000000000001 0.45 4 4 2 1 0 0 2 0 0 1
2026-09-05,06:13:21 GMT,V6.4 BLOCK - journal-guarded entry/recovery gate failed or signal already used
2026-09-05,06:13:21 GMT,SENTINEL V6 MULTI-WINDOW SCAN >>>
2026-09-05,06:13:21 GMT,V6.4 DIAG | 8 0 5 -0.20000000000000007 0 0.2 0 -0.35000000000000003 0.1 0.45 5 3 1 1 0 0 2 0 0 1
2026-09-05,06:13:21 GMT,V6.4 BLOCK - journal-guarded entry/recovery gate failed or signal already used
2026-09-05,06:13:21 GMT,SENTINEL V6 MULTI-WINDOW SCAN >>>
2026-09-05,06:13:21 GMT,V6.4 DIAG | 1 0 5 -0.10000000000000009 -0.028571428571428567 0.09999999999999998 0.06666666666666667 0.45 -0.4 0.45 6 2 0 1 0 0 2 0 0 1
2026-09-05,06:13:21 GMT,V6.4 BLOCK - journal-guarded entry/recovery gate failed or signal already used
2026-09-05,06:13:21 GMT,SENTINEL V6 MULTI-WINDOW SCAN >>>
2026-09-05,06:13:21 GMT,V6.4 DIAG | 1 0 5 -0.25 0 0.25 0 0.45 -0.4 0.2 5 3 1 1 0 0 2 0 0 1
2026-09-05,06:13:21 GMT,V6.4 BLOCK - journal-guarded entry/recovery gate failed or signal already used
2026-09-05,06:13:21 GMT,SENTINEL V6 MULTI-WINDOW SCAN >>>
2026-09-05,06:13:21 GMT,V6.4 DIAG | 9 0 8 -0.35 0.028571428571428574 0.35 -0.06666666666666668 0.45 -0.7000000000000001 0.2 5 3 1 1 0 0 2 0 0 1
2026-09-05,06:13:21 GMT,V6.4 BLOCK - journal-guarded entry/recovery gate failed or signal already used
2026-09-05,06:13:21 GMT,SENTINEL V6 MULTI-WINDOW SCAN >>>
2026-09-05,06:13:21 GMT,V6.4 DIAG | 1 0 9 -0.25 0.05714285714285714 0.25 -0.13333333333333336 0.45 -0.7000000000000001 -0.30000000000000004 5 3 1 1 0 0 2 0 0 1
2026-09-05,06:13:21 GMT,V6.4 BLOCK - journal-guarded entry/recovery gate failed or signal already used
2026-09-05,06:13:21 GMT,SENTINEL V6 MULTI-WINDOW SCAN >>>
2026-09-05,06:13:21 GMT,V6.4 DIAG | 7 0 2 -0.25 0 0.25 0 0.45 0.1 -0.30000000000000004 4 4 2 1 0 0 2 0 0 1
2026-09-05,06:13:21 GMT,V6.4 BLOCK - journal-guarded entry/recovery gate failed or signal already used
2026-09-05,06:13:21 GMT,SENTINEL V6 MULTI-WINDOW SCAN >>>
2026-09-05,06:13:21 GMT,V6.4 DIAG | 1 0 8 -0.10000000000000009 0.028571428571428567 0.09999999999999998 -0.06666666666666667 -0.05 0.1 -0.35000000000000003 5 3 2 1 0 0 2 0 0 1
2026-09-05,06:13:21 GMT,V6.4 BLOCK - journal-guarded entry/recovery gate failed or signal already used
2026-09-05,06:13:21 GMT,SENTINEL V6 MULTI-WINDOW SCAN >>>
2026-09-05,06:13:21 GMT,V6.4 DIAG | 3 0 4 -0.10000000000000009 -0.028571428571428567 0.09999999999999998 0.06666666666666667 -0.05 0.1 0.45 5 3 2 1 0 0 2 0 0 1
2026-09-05,06:13:21 GMT,V6.4 BLOCK - journal-guarded entry/recovery gate failed or signal already used
2026-09-05,06:13:21 GMT,SENTINEL V6 MULTI-WINDOW SCAN >>>
2026-09-05,06:13:21 GMT,V6.4 DIAG | 2 0 4 -0.10000000000000009 -0.08571428571428572 0.09999999999999998 0.2 -0.05 0.9 0.45 5 3 2 1 0 0 2 0 0 1
2026-09-05,06:13:21 GMT,V6.4 BLOCK - journal-guarded entry/recovery gate failed or signal already used
2026-09-05,06:13:21 GMT,SENTINEL V6 MULTI-WINDOW SCAN >>>
2026-09-05,06:13:21 GMT,V6.4 DIAG | 8 0 4 -0.10000000000000009 -0.08571428571428572 0.09999999999999998 0.2 -0.05 0.9 0.45 5 3 2 1 0 0 2 0 0 1
2026-09-05,06:13:21 GMT,V6.4 BLOCK - journal-guarded entry/recovery gate failed or signal already used
2026-09-05,06:13:21 GMT,SENTINEL V6 MULTI-WINDOW SCAN >>>
2026-09-05,06:13:21 GMT,V6.4 DIAG | 5 0 7 0.050000000000000044 -0.057142857142857134 -0.04999999999999999 0.13333333333333333 -0.05 0.35000000000000003 0.45 6 2 1 1 0 0 2 0 0 1
2026-09-05,06:13:21 GMT,V6.4 BLOCK - journal-guarded entry/recovery gate failed or signal already used
2026-09-05,06:13:21 GMT,SENTINEL V6 MULTI-WINDOW SCAN >>>
2026-09-05,06:13:21 GMT,V6.4 DIAG | 9 0 7 0.050000000000000044 -0.057142857142857134 -0.04999999999999999 0.13333333333333333 -0.05 0.35000000000000003 0.45 6 2 1 1 0 0 2 0 0 1
2026-09-05,06:13:21 GMT,V6.4 BLOCK - journal-guarded entry/recovery gate failed or signal already used
2026-09-05,06:13:21 GMT,SENTINEL V6 MULTI-WINDOW SCAN >>>
2026-09-05,06:13:21 GMT,V6.4 DIAG | 8 0 8 0.15000000000000002 -0.028571428571428567 -0.15 0.06666666666666667 -0.05 0.35000000000000003 -0.05 7 1 1 1 0 0 2 0 0 1
2026-09-05,06:13:21 GMT,V6.4 BLOCK - journal-guarded entry/recovery gate failed or signal already used
2026-09-05,06:13:21 GMT,SENTINEL V6 MULTI-WINDOW SCAN >>>
2026-09-05,06:13:21 GMT,V6.4 DIAG | 1 1 9 0.25 0 -0.25 0 -0.05 -0.15 -0.05 8 0 0 0 0 0 2 1 0 1
2026-09-05,06:13:21 GMT,V6.4 BLOCK - journal-guarded entry/recovery gate failed or signal already used
2026-09-05,06:13:21 GMT,SENTINEL V6 MULTI-WINDOW SCAN >>>
2026-09-05,06:13:21 GMT,V6.4 DIAG | 3 0 12 0.09999999999999998 0.028571428571428567 -0.1 -0.06666666666666667 -0.30000000000000004 -0.15 -0.05 8 0 0 0 1 0 2 1 0 1
2026-09-05,06:13:21 GMT,V6.4 BLOCK - journal-guarded entry/recovery gate failed or signal already used
2026-09-05,06:13:21 GMT,SENTINEL V6 MULTI-WINDOW SCAN >>>
2026-09-05,06:13:21 GMT,V6.4 DIAG | 1 0 12 0.09999999999999998 0.028571428571428567 -0.1 -0.06666666666666667 -0.30000000000000004 -0.15 -0.05 8 0 0 0 1 0 2 0 0 1
2026-09-05,06:13:21 GMT,V6.4 BLOCK - journal-guarded entry/recovery gate failed or signal already used
2026-09-05,06:13:21 GMT,SENTINEL V6 MULTI-WINDOW SCAN >>>
2026-09-05,06:13:21 GMT,V6.4 DIAG | 4 0 12 0.09999999999999998 0.028571428571428567 -0.1 -0.06666666666666667 -0.30000000000000004 -0.15 -0.05 7 1 0 0 0 0 2 0 0 1
2026-09-05,06:13:21 GMT,V6.4 BLOCK - journal-guarded entry/recovery gate failed or signal already used
2026-09-05,06:13:21 GMT,SENTINEL V6 MULTI-WINDOW SCAN >>>
2026-09-05,06:13:21 GMT,V6.4 DIAG | 2 0 10 -0.04999999999999993 0.057142857142857134 0.05000000000000002 -0.13333333333333333 -0.30000000000000004 -0.4 -0.05 7 1 0 1 0 0 2 0 0 1
2026-09-05,06:13:21 GMT,V6.4 BLOCK - journal-guarded entry/recovery gate failed or signal already used
2026-09-05,06:13:21 GMT,SENTINEL V6 MULTI-WINDOW SCAN >>>
2026-09-05,06:13:21 GMT,V6.4 DIAG | 2 0 10 -0.04999999999999993 0.057142857142857134 0.05000000000000002 -0.13333333333333333 -0.30000000000000004 -0.4 -0.05 7 1 0 1 0 0 2 0 0 1
2026-09-05,06:13:21 GMT,V6.4 BLOCK - journal-guarded entry/recovery gate failed or signal already used
2026-09-05,06:13:21 GMT,SENTINEL V6 MULTI-WINDOW SCAN >>>
2026-09-05,06:13:21 GMT,V6.4 DIAG | 6 0 6 -0.04999999999999993 0 0.05000000000000002 0 0.5 -0.4 -0.05 6 2 1 1 0 0 2 0 0 1
2026-09-05,06:13:21 GMT,V6.4 BLOCK - journal-guarded entry/recovery gate failed or signal already used
2026-09-05,06:13:21 GMT,SENTINEL V6 MULTI-WINDOW SCAN >>>
2026-09-05,06:13:21 GMT,V6.4 DIAG | 2 0 6 0 0 0 0 0.5 -0.4 -0.1 6 2 1 0 0 0 2 0 0 1
2026-09-05,06:13:21 GMT,V6.4 BLOCK - journal-guarded entry/recovery gate failed or signal already used
2026-09-05,06:13:21 GMT,SENTINEL V6 MULTI-WINDOW SCAN >>>
2026-09-05,06:13:21 GMT,V6.4 DIAG | 1 0 6 0 0 0 0 0.5 -0.4 -0.1 6 2 1 0 0 0 2 0 0 1
2026-09-05,06:13:21 GMT,V6.4 BLOCK - journal-guarded entry/recovery gate failed or signal already used
2026-09-05,06:13:21 GMT,SENTINEL V6 MULTI-WINDOW SCAN >>>
2026-09-05,06:13:21 GMT,V6.4 DIAG | 3 0 5 0 -0.057142857142857134 0 0.13333333333333333 0.5 0.4 -0.1 6 2 1 1 0 0 2 0 0 1
2026-09-05,06:13:21 GMT,V6.4 BLOCK - journal-guarded entry/recovery gate failed or signal already used
2026-09-05,06:13:21 GMT,SENTINEL V6 MULTI-WINDOW SCAN >>>
2026-09-05,06:13:21 GMT,V6.4 DIAG | 7 0 5 -0.15000000000000002 -0.028571428571428567 0.15 0.06666666666666667 0.5 0.15000000000000002 -0.1 6 2 1 1 0 0 2 0 0 1
2026-09-05,06:13:21 GMT,V6.4 BLOCK - journal-guarded entry/recovery gate failed or signal already used
2026-09-05,06:13:21 GMT,SENTINEL V6 MULTI-WINDOW SCAN >>>
2026-09-05,06:13:21 GMT,V6.4 DIAG | 4 0 6 0 0 0 0 0 0.15000000000000002 -0.15 7 1 1 1 0 0 2 0 0 1
2026-09-05,06:13:21 GMT,V6.4 BLOCK - journal-guarded entry/recovery gate failed or signal already used
2026-09-05,06:13:21 GMT,SENTINEL V6 MULTI-WINDOW SCAN >>>
2026-09-05,06:13:21 GMT,V6.4 DIAG | 3 0 5 0 0 0 0 0 0.15000000000000002 -0.15 6 2 2 1 0 0 2 0 0 1
2026-09-05,06:13:21 GMT,V6.4 BLOCK - journal-guarded entry/recovery gate failed or signal already used
2026-09-05,06:13:21 GMT,SENTINEL V6 MULTI-WINDOW SCAN >>>
2026-09-05,06:13:21 GMT,V6.4 DIAG | 8 0 8 -0.10000000000000009 0.028571428571428567 0.09999999999999998 -0.06666666666666667 0 0.15000000000000002 -0.45 6 2 2 1 0 0 2 0 0 1
2026-09-05,06:13:21 GMT,V6.4 BLOCK - journal-guarded entry/recovery gate failed or signal already used
2026-09-05,06:13:21 GMT,SENTINEL V6 MULTI-WINDOW SCAN >>>
2026-09-05,06:13:21 GMT,V6.4 DIAG | 4 0 10 0 0.057142857142857134 0 -0.13333333333333333 0 -0.35000000000000003 -0.45 7 1 1 0 0 0 2 0 0 1
2026-09-05,06:13:21 GMT,V6.4 BLOCK - journal-guarded entry/recovery gate failed or signal already used
2026-09-05,06:13:21 GMT,SENTINEL V6 MULTI-WINDOW SCAN >>>
2026-09-05,06:13:21 GMT,V6.4 DIAG | 6 0 8 0.050000000000000044 0 -0.04999999999999999 0 0 0.45 -0.5 6 2 1 1 0 0 2 0 0 1
2026-09-05,06:13:21 GMT,V6.4 BLOCK - journal-guarded entry/recovery gate failed or signal already used
2026-09-05,06:13:21 GMT,SENTINEL V6 MULTI-WINDOW SCAN >>>
2026-09-05,06:13:21 GMT,V6.4 DIAG | 5 0 8 0.050000000000000044 0 -0.04999999999999999 0 0 0.45 -0.5 6 2 1 1 0 0 2 0 0 1
2026-09-05,06:13:21 GMT,V6.4 BLOCK - journal-guarded entry/recovery gate failed or signal already used
2026-09-05,06:13:21 GMT,SENTINEL V6 MULTI-WINDOW SCAN >>>
2026-09-05,06:13:21 GMT,V6.4 DIAG | 2 0 9 -0.10000000000000009 0.028571428571428567 0.09999999999999998 -0.06666666666666667 0 0.2 -0.5 6 2 1 1 0 0 2 0 0 1
2026-09-05,06:13:21 GMT,V6.4 BLOCK - journal-guarded entry/recovery gate failed or signal already used
2026-09-05,06:13:21 GMT,SENTINEL V6 MULTI-WINDOW SCAN >>>
2026-09-05,06:13:21 GMT,V6.4 DIAG | 4 0 5 -0.10000000000000009 -0.028571428571428567 0.09999999999999998 0.06666666666666667 0 0.2 0.30000000000000004 6 2 1 1 0 0 2 0 0 1
2026-09-05,06:13:21 GMT,V6.4 BLOCK - journal-guarded entry/recovery gate failed or signal already used
2026-09-05,06:13:21 GMT,SENTINEL V6 MULTI-WINDOW SCAN >>>
2026-09-05,06:13:21 GMT,V6.4 DIAG | 8 0 4 -0.10000000000000009 -0.028571428571428567 0.09999999999999998 0.06666666666666667 0 0.2 0.30000000000000004 5 3 2 1 0 0 2 0 0 1
2026-09-05,06:13:21 GMT,V6.4 BLOCK - journal-guarded entry/recovery gate failed or signal already used
2026-09-05,06:13:21 GMT,SENTINEL V6 MULTI-WINDOW SCAN >>>
2026-09-05,06:13:21 GMT,V6.4 DIAG | 1 0 8 0.050000000000000044 0 -0.04999999999999999 0 0 -0.35000000000000003 0.30000000000000004 6 2 1 0 0 0 2 0 0 1
2026-09-05,06:13:21 GMT,V6.4 BLOCK - journal-guarded entry/recovery gate failed or signal already used
2026-09-05,06:13:21 GMT,SENTINEL V6 MULTI-WINDOW SCAN >>>
2026-09-05,06:13:21 GMT,V6.4 DIAG | 1 0 8 0.050000000000000044 0 -0.04999999999999999 0 0 -0.35000000000000003 0.30000000000000004 6 2 1 0 0 0 2 0 0 1
2026-09-05,06:13:21 GMT,V6.4 BLOCK - journal-guarded entry/recovery gate failed or signal already used
2026-09-05,06:13:21 GMT,SENTINEL V6 MULTI-WINDOW SCAN >>>
2026-09-05,06:13:21 GMT,V6.4 DIAG | 9 0 7 0.10000000000000009 -0.057142857142857134 -0.09999999999999998 0.13333333333333333 -0.05 0.45 0.30000000000000004 6 2 1 1 0 0 2 0 0 1
2026-09-05,06:13:21 GMT,V6.4 BLOCK - journal-guarded entry/recovery gate failed or signal already used
2026-09-05,06:13:21 GMT,SENTINEL V6 MULTI-WINDOW SCAN >>>
2026-09-05,06:13:21 GMT,V6.4 DIAG | 1 0 8 0.20000000000000007 -0.028571428571428567 -0.19999999999999998 0.06666666666666667 -0.05 0.45 -0.2 7 1 1 1 0 0 2 0 0 1
2026-09-05,06:13:21 GMT,V6.4 BLOCK - journal-guarded entry/recovery gate failed or signal already used
2026-09-05,06:13:21 GMT,SENTINEL V6 MULTI-WINDOW SCAN >>>
2026-09-05,06:13:21 GMT,V6.4 DIAG | 6 0 8 0.25 -0.028571428571428567 -0.24999999999999997 0.06666666666666667 -0.05 0.4 -0.2 7 1 1 1 0 0 2 0 0 1
2026-09-05,06:13:21 GMT,V6.4 BLOCK - journal-guarded entry/recovery gate failed or signal already used
2026-09-05,06:13:21 GMT,SENTINEL V6 MULTI-WINDOW SCAN >>>
2026-09-05,06:13:21 GMT,V6.4 DIAG | 5 0 8 0.25 -0.028571428571428567 -0.24999999999999997 0.06666666666666667 -0.05 0.4 -0.2 7 1 1 1 0 0 2 0 0 1
2026-09-05,06:13:21 GMT,V6.4 BLOCK - journal-guarded entry/recovery gate failed or signal already used
2026-09-05,06:13:21 GMT,SENTINEL V6 MULTI-WINDOW SCAN >>>
2026-09-05,06:13:21 GMT,V6.4 DIAG | 8 0 8 0.25 -0.028571428571428567 -0.24999999999999997 0.06666666666666667 -0.05 0.4 -0.2 7 1 1 1 0 0 2 0 0 1
2026-09-05,06:13:21 GMT,V6.4 BLOCK - journal-guarded entry/recovery gate failed or signal already used
2026-09-05,06:13:21 GMT,SENTINEL V6 MULTI-WINDOW SCAN >>>
2026-09-05,06:13:21 GMT,V6.4 DIAG | 1 0 12 0.20000000000000007 0.028571428571428567 -0.19999999999999998 -0.06666666666666667 -0.05 -0.1 -0.45 8 0 0 0 1 0 2 0 0 1
2026-09-05,06:13:21 GMT,V6.4 BLOCK - journal-guarded entry/recovery gate failed or signal already used
2026-09-05,06:13:21 GMT,SENTINEL V6 MULTI-WINDOW SCAN >>>
2026-09-05,06:13:21 GMT,V6.4 DIAG | 2 0 12 0.25 0.028571428571428567 -0.24999999999999997 -0.06666666666666667 -0.05 -0.15 -0.45 8 0 0 1 1 0 2 0 0 1
2026-09-05,06:13:21 GMT,V6.4 BLOCK - journal-guarded entry/recovery gate failed or signal already used
2026-09-05,06:13:21 GMT,SENTINEL V6 MULTI-WINDOW SCAN >>>
2026-09-05,06:13:21 GMT,V6.4 DIAG | 4 1 12 0.30000000000000004 0.028571428571428567 -0.30000000000000004 -0.06666666666666667 -0.1 -0.15 -0.45 7 1 0 0 1 0 2 0 0 1
2026-09-05,06:13:21 GMT,V6.4 BLOCK - journal-guarded entry/recovery gate failed or signal already used
2026-09-05,06:13:21 GMT,SENTINEL V6 MULTI-WINDOW SCAN >>>
2026-09-05,06:13:21 GMT,V6.4 DIAG | 5 1 12 0.35 0.028571428571428567 -0.35 -0.06666666666666667 -0.1 -0.15 -0.5 7 1 0 0 0 0 2 1 0 1
2026-09-05,06:13:21 GMT,V6.4 BLOCK - journal-guarded entry/recovery gate failed or signal already used
2026-09-05,06:13:21 GMT,SENTINEL V6 MULTI-WINDOW SCAN >>>
2026-09-05,06:13:21 GMT,V6.4 DIAG | 4 1 12 0.20000000000000007 0.057142857142857134 -0.2 -0.13333333333333333 -0.1 -0.15 -0.75 7 1 0 0 1 0 2 1 0 1
2026-09-05,06:13:21 GMT,V6.4 BLOCK - journal-guarded entry/recovery gate failed or signal already used
2026-09-05,06:13:21 GMT,SENTINEL V6 MULTI-WINDOW SCAN >>>
2026-09-05,06:13:21 GMT,V6.4 DIAG | 3 0 8 0.20000000000000007 0 -0.2 0 -0.1 -0.15 0.05000000000000002 7 1 0 0 0 0 2 1 0 1
2026-09-05,06:13:21 GMT,V6.4 BLOCK - journal-guarded entry/recovery gate failed or signal already used
2026-09-05,06:13:21 GMT,SENTINEL V6 MULTI-WINDOW SCAN >>>
2026-09-05,06:13:21 GMT,V6.4 DIAG | 2 0 12 0.09999999999999998 0.028571428571428567 -0.10000000000000003 -0.06666666666666667 -0.15 -0.15 -0.20000000000000004 6 2 0 0 1 0 2 1 0 1
2026-09-05,06:13:21 GMT,V6.4 BLOCK - journal-guarded entry/recovery gate failed or signal already used
2026-09-05,06:13:21 GMT,SENTINEL V6 MULTI-WINDOW SCAN >>>
2026-09-05,06:13:21 GMT,V6.4 DIAG | 6 0 12 0.09999999999999998 0.028571428571428567 -0.10000000000000003 -0.06666666666666667 -0.15 -0.15 -0.20000000000000004 6 2 0 0 0 0 2 0 0 1
2026-09-05,06:13:21 GMT,V6.4 BLOCK - journal-guarded entry/recovery gate failed or signal already used
2026-09-05,06:13:21 GMT,SENTINEL V6 MULTI-WINDOW SCAN >>>
2026-09-05,06:13:21 GMT,V6.4 DIAG | 0 0 10 -0.050000000000000044 0.05714285714285714 0.050000000000000044 -0.13333333333333336 -0.15 -0.15 -0.4499999999999999 5 3 0 1 0 0 2 0 0 1
2026-09-05,06:13:21 GMT,V6.4 BLOCK - journal-guarded entry/recovery gate failed or signal already used
2026-09-05,06:13:21 GMT,SENTINEL V6 MULTI-WINDOW SCAN >>>
2026-09-05,06:13:21 GMT,V6.4 DIAG | 9 0 6 -0.050000000000000044 0 0.050000000000000044 0 -0.15 -0.15 0.35000000000000003 5 3 0 1 0 0 2 0 0 1
2026-09-05,06:13:21 GMT,V6.4 BLOCK - journal-guarded entry/recovery gate failed or signal already used
2026-09-05,06:13:21 GMT,SENTINEL V6 MULTI-WINDOW SCAN >>>
2026-09-05,06:13:21 GMT,V6.4 DIAG | 0 0 11 0.04999999999999993 0.028571428571428567 -0.04999999999999999 -0.06666666666666667 -0.15 -0.15 -0.15000000000000002 5 3 0 0 0 0 2 0 0 1
2026-09-05,06:13:21 GMT,V6.4 BLOCK - journal-guarded entry/recovery gate failed or signal already used
2026-09-05,06:13:21 GMT,SENTINEL V6 MULTI-WINDOW SCAN >>>
2026-09-05,06:13:21 GMT,V6.4 DIAG | 6 0 7 0.04999999999999993 -0.028571428571428567 -0.04999999999999999 0.06666666666666667 -0.15 -0.15 0.65 5 3 0 1 0 0 2 0 0 1
2026-09-05,06:13:21 GMT,V6.4 BLOCK - journal-guarded entry/recovery gate failed or signal already used
2026-09-05,06:13:21 GMT,SENTINEL V6 MULTI-WINDOW SCAN >>>
2026-09-05,06:13:21 GMT,V6.4 DIAG | 1 0 8 0.09999999999999998 -0.028571428571428567 -0.10000000000000003 0.06666666666666667 -0.2 -0.15 0.65 5 3 0 0 0 0 2 0 0 1
2026-09-05,06:13:21 GMT,V6.4 BLOCK - journal-guarded entry/recovery gate failed or signal already used
2026-09-05,06:13:21 GMT,SENTINEL V6 MULTI-WINDOW SCAN >>>
2026-09-05,06:13:21 GMT,V6.4 DIAG | 9 0 6 -0.050000000000000044 -0.05714285714285714 0.050000000000000044 0.13333333333333336 -0.2 -0.4 1.45 5 3 0 1 0 0 2 0 0 1
2026-09-05,06:13:21 GMT,V6.4 BLOCK - journal-guarded entry/recovery gate failed or signal already used
2026-09-05,06:13:21 GMT,SENTINEL V6 MULTI-WINDOW SCAN >>>
2026-09-05,06:13:21 GMT,V6.4 DIAG | 1 0 8 0.09999999999999998 -0.028571428571428567 -0.10000000000000003 0.06666666666666667 -0.2 -0.45 0.9500000000000001 6 2 0 0 0 0 2 0 0 1
2026-09-05,06:13:21 GMT,V6.4 BLOCK - journal-guarded entry/recovery gate failed or signal already used
2026-09-05,06:13:21 GMT,SENTINEL V6 MULTI-WINDOW SCAN >>>
2026-09-05,06:13:21 GMT,V6.4 DIAG | 9 0 6 0 0 0 0 -0.45 -0.45 0.9 5 3 1 1 0 0 2 0 0 1
2026-09-05,06:13:21 GMT,V6.4 BLOCK - journal-guarded entry/recovery gate failed or signal already used
2026-09-05,06:13:21 GMT,SENTINEL V6 MULTI-WINDOW SCAN >>>
2026-09-05,06:13:21 GMT,V6.4 DIAG | 1 0 11 0.1499999999999999 0.028571428571428567 -0.15000000000000002 -0.06666666666666667 -0.5 -0.45 0.4 6 2 1 0 0 0 2 0 0 1
2026-09-05,06:13:21 GMT,V6.4 BLOCK - journal-guarded entry/recovery gate failed or signal already used
2026-09-05,06:13:21 GMT,SENTINEL V6 MULTI-WINDOW SCAN >>>
2026-09-05,06:13:21 GMT,V6.4 DIAG | 9 0 10 0.04999999999999993 0.05714285714285714 -0.04999999999999999 -0.13333333333333336 -0.5 -0.75 0.4 5 3 1 1 0 0 2 0 0 1
2026-09-05,06:13:21 GMT,V6.4 BLOCK - journal-guarded entry/recovery gate failed or signal already used
2026-09-05,06:13:21 GMT,SENTINEL V6 MULTI-WINDOW SCAN >>>
2026-09-05,06:13:21 GMT,V6.4 DIAG | 5 0 11 0.1499999999999999 0.028571428571428567 -0.15000000000000002 -0.06666666666666667 -0.5 0.05000000000000002 -0.1 6 2 1 0 1 0 2 0 0 1
2026-09-05,06:13:21 GMT,V6.4 BLOCK - journal-guarded entry/recovery gate failed or signal already used
2026-09-05,06:13:21 GMT,SENTINEL V6 MULTI-WINDOW SCAN >>>
2026-09-05,06:13:21 GMT,V6.4 DIAG | 1 0 10 0.1499999999999999 0.028571428571428567 -0.15000000000000002 -0.06666666666666667 -0.5 0.05000000000000002 -0.1 5 3 2 0 1 0 2 0 0 1
2026-09-05,06:13:21 GMT,V6.4 BLOCK - journal-guarded entry/recovery gate failed or signal already used
2026-09-05,06:13:21 GMT,SENTINEL V6 MULTI-WINDOW SCAN >>>
2026-09-05,06:13:21 GMT,V6.4 DIAG | 1 0 6 0.1499999999999999 -0.028571428571428567 -0.15000000000000002 0.06666666666666667 0.30000000000000004 0.05000000000000002 -0.1 5 3 2 0 0 0 2 0 0 1
2026-09-05,06:13:21 GMT,V6.4 BLOCK - journal-guarded entry/recovery gate failed or signal already used
2026-09-05,06:13:21 GMT,SENTINEL V6 MULTI-WINDOW SCAN >>>
2026-09-05,06:13:21 GMT,V6.4 DIAG | 5 0 5 0 0 0 0 0.30000000000000004 -0.20000000000000004 -0.1 5 3 2 0 0 0 2 0 0 1
2026-09-05,06:13:21 GMT,V6.4 BLOCK - journal-guarded entry/recovery gate failed or signal already used
2026-09-05,06:13:21 GMT,SENTINEL V6 MULTI-WINDOW SCAN >>>
2026-09-05,06:13:21 GMT,V6.4 DIAG | 8 0 4 -0.15000000000000002 -0.028571428571428574 0.15000000000000002 0.06666666666666668 0.05000000000000002 0.6 -0.1 5 3 2 1 0 0 2 0 0 1
2026-09-05,06:13:21 GMT,V6.4 BLOCK - journal-guarded entry/recovery gate failed or signal already used
2026-09-05,06:13:21 GMT,SENTINEL V6 MULTI-WINDOW SCAN >>>
2026-09-05,06:13:21 GMT,V6.4 DIAG | 6 0 7 -0.19999999999999996 0.028571428571428574 0.2 -0.06666666666666668 0.05000000000000002 0.1 -0.35000000000000003 5 3 2 1 0 0 2 0 0 1
2026-09-05,06:13:21 GMT,V6.4 BLOCK - journal-guarded entry/recovery gate failed or signal already used
2026-09-05,06:13:21 GMT,SENTINEL V6 MULTI-WINDOW SCAN >>>
2026-09-05,06:13:21 GMT,V6.4 DIAG | 7 0 5 -0.19999999999999996 0.028571428571428574 0.2 -0.06666666666666668 0.05000000000000002 0.1 -0.35000000000000003 4 4 2 1 0 0 2 0 0 1
2026-09-05,06:13:21 GMT,V6.4 BLOCK - journal-guarded entry/recovery gate failed or signal already used
2026-09-05,06:13:21 GMT,SENTINEL V6 MULTI-WINDOW SCAN >>>
2026-09-05,06:13:21 GMT,V6.4 DIAG | 1 0 6 -0.09999999999999998 0.05714285714285714 0.10000000000000003 -0.13333333333333336 -0.45 0.1 -0.35000000000000003 4 4 2 1 0 0 2 0 0 1
2026-09-05,06:13:21 GMT,V6.4 BLOCK - journal-guarded entry/recovery gate failed or signal already used
2026-09-05,06:13:21 GMT,SENTINEL V6 MULTI-WINDOW SCAN >>>
2026-09-05,06:13:21 GMT,V6.4 DIAG | 8 0 6 -0.19999999999999996 0.028571428571428574 0.2 -0.06666666666666668 -0.7000000000000001 0.8500000000000001 -0.35000000000000003 4 4 2 1 0 0 2 0 0 1
2026-09-05,06:13:21 GMT,V6.4 BLOCK - journal-guarded entry/recovery gate failed or signal already used
2026-09-05,06:13:21 GMT,SENTINEL V6 MULTI-WINDOW SCAN >>>
2026-09-05,06:13:21 GMT,V6.4 DIAG | 5 0 5 -0.09999999999999998 0 0.10000000000000003 0 0.1 0.35000000000000003 -0.35000000000000003 5 3 1 1 0 0 2 0 0 1
2026-09-05,06:13:21 GMT,V6.4 BLOCK - journal-guarded entry/recovery gate failed or signal already used
2026-09-05,06:13:21 GMT,SENTINEL V6 MULTI-WINDOW SCAN >>>
2026-09-05,06:13:21 GMT,V6.4 DIAG | 0 0 2 -0.09999999999999998 -0.05714285714285714 0.10000000000000003 0.13333333333333336 0.1 0.35000000000000003 0.45 4 4 1 1 0 0 2 0 0 1
2026-09-05,06:13:21 GMT,V6.4 BLOCK - journal-guarded entry/recovery gate failed or signal already used
2026-09-05,06:13:21 GMT,SENTINEL V6 MULTI-WINDOW SCAN >>>
2026-09-05,06:13:21 GMT,V6.4 DIAG | 4 0 2 -0.09999999999999998 -0.05714285714285714 0.10000000000000003 0.13333333333333336 0.1 0.35000000000000003 0.45 4 4 1 1 0 0 2 0 0 1
2026-09-05,06:13:21 GMT,V6.4 BLOCK - journal-guarded entry/recovery gate failed or signal already used
2026-09-05,06:13:21 GMT,SENTINEL V6 MULTI-WINDOW SCAN >>>
2026-09-05,06:13:21 GMT,V6.4 DIAG | 8 0 2 -0.050000000000000044 -0.05714285714285714 0.050000000000000044 0.13333333333333336 0.1 0.30000000000000004 0.45 4 4 1 1 0 0 2 0 0 1
2026-09-05,06:13:21 GMT,V6.4 BLOCK - journal-guarded entry/recovery gate failed or signal already used
2026-09-05,06:13:21 GMT,SENTINEL V6 MULTI-WINDOW SCAN >>>
2026-09-05,06:13:21 GMT,V6.4 DIAG | 7 0 6 0.04999999999999993 -0.08571428571428572 -0.04999999999999999 0.2 0.9 -0.2 0.45 5 3 0 1 0 0 2 0 0 1
2026-09-05,06:13:21 GMT,V6.4 BLOCK - journal-guarded entry/recovery gate failed or signal already used
2026-09-05,06:13:21 GMT,SENTINEL V6 MULTI-WINDOW SCAN >>>
2026-09-05,06:13:21 GMT,V6.4 DIAG | 9 0 5 0 -0.028571428571428567 0 0.06666666666666667 0.15000000000000002 -0.2 0.45 6 2 0 1 0 0 2 0 0 1
2026-09-05,06:13:21 GMT,V6.4 BLOCK - journal-guarded entry/recovery gate failed or signal already used
2026-09-05,06:13:21 GMT,SENTINEL V6 MULTI-WINDOW SCAN >>>
2026-09-05,06:13:21 GMT,V6.4 DIAG | 6 0 8 0.10000000000000009 0 -0.09999999999999998 0 0.15000000000000002 -0.2 -0.05 7 1 0 0 0 0 2 0 0 1
2026-09-05,06:13:21 GMT,V6.4 BLOCK - journal-guarded entry/recovery gate failed or signal already used
2026-09-05,06:13:21 GMT,SENTINEL V6 MULTI-WINDOW SCAN >>>
2026-09-05,06:13:21 GMT,V6.4 DIAG | 3 0 9 0 0.028571428571428567 0 -0.06666666666666667 0.1 -0.45 -0.05 6 2 0 1 0 0 2 0 0 1
2026-09-05,06:13:21 GMT,V6.4 BLOCK - journal-guarded entry/recovery gate failed or signal already used
2026-09-05,06:13:21 GMT,SENTINEL V6 MULTI-WINDOW SCAN >>>
2026-09-05,06:13:21 GMT,V6.4 DIAG | 7 0 9 -0.09999999999999998 0.05714285714285714 0.10000000000000003 -0.13333333333333336 0.1 -0.45 -0.35000000000000003 6 2 0 1 0 0 2 0 0 1
2026-09-05,06:13:21 GMT,V6.4 BLOCK - journal-guarded entry/recovery gate failed or signal already used
2026-09-05,06:13:21 GMT,SENTINEL V6 MULTI-WINDOW SCAN >>>
2026-09-05,06:13:21 GMT,V6.4 DIAG | 1 0 10 -0.15000000000000002 0.11428571428571428 0.15000000000000002 -0.26666666666666666 -0.65 -0.45 -0.35000000000000003 6 2 1 1 0 0 2 0 0 1
2026-09-05,06:13:21 GMT,V6.4 BLOCK - journal-guarded entry/recovery gate failed or signal already used
2026-09-05,06:13:21 GMT,SENTINEL V6 MULTI-WINDOW SCAN >>>
2026-09-05,06:13:21 GMT,V6.4 DIAG | 5 0 9 -0.30000000000000004 0.08571428571428572 0.3 -0.2 0.15000000000000002 -0.7000000000000001 -0.35000000000000003 5 3 1 1 0 0 2 0 0 1
2026-09-05,06:13:21 GMT,V6.4 BLOCK - journal-guarded entry/recovery gate failed or signal already used
2026-09-05,06:13:21 GMT,SENTINEL V6 MULTI-WINDOW SCAN >>>
2026-09-05,06:13:21 GMT,V6.4 DIAG | 1 0 7 -0.25 0.08571428571428572 0.25 -0.2 0.15000000000000002 -0.7000000000000001 -0.4 4 4 1 1 0 0 2 0 0 1
2026-09-05,06:13:21 GMT,V6.4 BLOCK - journal-guarded entry/recovery gate failed or signal already used
2026-09-05,06:13:21 GMT,SENTINEL V6 MULTI-WINDOW SCAN >>>
2026-09-05,06:13:21 GMT,V6.4 DIAG | 0 0 5 -0.25 0.028571428571428574 0.25 -0.06666666666666668 0.15000000000000002 0.1 -0.4 3 5 2 1 0 0 2 0 0 1
2026-09-05,06:13:21 GMT,V6.4 BLOCK - journal-guarded entry/recovery gate failed or signal already used
2026-09-05,06:13:21 GMT,SENTINEL V6 MULTI-WINDOW SCAN >>>
2026-09-05,06:13:21 GMT,V6.4 DIAG | 1 0 1 -0.19999999999999996 -0.028571428571428574 0.2 0.06666666666666668 0.1 0.1 0.4 3 5 2 1 0 0 2 0 0 1
2026-09-05,06:13:21 GMT,V6.4 BLOCK - journal-guarded entry/recovery gate failed or signal already used
2026-09-05,06:13:21 GMT,SENTINEL V6 MULTI-WINDOW SCAN >>>
2026-09-05,06:13:21 GMT,V6.4 DIAG | 7 0 1 -0.19999999999999996 -0.08571428571428572 0.2 0.2 0.9 0.1 0.4 3 5 2 1 0 0 2 0 0 1
2026-09-05,06:13:21 GMT,V6.4 BLOCK - journal-guarded entry/recovery gate failed or signal already used
2026-09-05,06:13:21 GMT,SENTINEL V6 MULTI-WINDOW SCAN >>>
2026-09-05,06:13:21 GMT,V6.4 DIAG | 6 0 1 -0.09999999999999998 -0.11428571428571428 0.10000000000000003 0.26666666666666666 0.4 0.9 0.4 4 4 2 1 0 0 2 0 0 1
2026-09-05,06:13:21 GMT,V6.4 BLOCK - journal-guarded entry/recovery gate failed or signal already used
2026-09-05,06:13:21 GMT,SENTINEL V6 MULTI-WINDOW SCAN >>>
2026-09-05,06:13:21 GMT,V6.4 DIAG | 8 0 1 -0.050000000000000044 -0.11428571428571428 0.050000000000000044 0.26666666666666666 0.4 0.9 0.35000000000000003 4 4 2 1 0 0 2 0 0 1
2026-09-05,06:13:21 GMT,V6.4 BLOCK - journal-guarded entry/recovery gate failed or signal already used
2026-09-05,06:13:21 GMT,SENTINEL V6 MULTI-WINDOW SCAN >>>
2026-09-05,06:13:21 GMT,V6.4 DIAG | 9 0 5 0.04999999999999993 -0.08571428571428572 -0.04999999999999999 0.2 0.4 0.4 0.35000000000000003 5 3 1 1 0 0 2 0 0 1
2026-09-05,06:13:21 GMT,V6.4 BLOCK - journal-guarded entry/recovery gate failed or signal already used
2026-09-05,06:13:21 GMT,SENTINEL V6 MULTI-WINDOW SCAN >>>
2026-09-05,06:13:21 GMT,V6.4 DIAG | 7 0 7 0.15000000000000002 -0.057142857142857134 -0.14999999999999997 0.13333333333333333 0.4 0.4 -0.15 6 2 1 1 0 0 2 0 0 1
2026-09-05,06:13:21 GMT,V6.4 BLOCK - journal-guarded entry/recovery gate failed or signal already used
2026-09-05,06:13:21 GMT,SENTINEL V6 MULTI-WINDOW SCAN >>>
2026-09-05,06:13:21 GMT,V6.4 DIAG | 8 0 8 0.10000000000000009 0 -0.09999999999999998 0 -0.1 0.15000000000000002 -0.15 7 1 1 1 0 0 2 0 0 1
2026-09-05,06:13:21 GMT,V6.4 BLOCK - journal-guarded entry/recovery gate failed or signal already used
2026-09-05,06:13:21 GMT,SENTINEL V6 MULTI-WINDOW SCAN >>>
2026-09-05,06:13:21 GMT,V6.4 DIAG | 3 0 12 0.25 0.028571428571428567 -0.24999999999999997 -0.06666666666666667 -0.1 -0.35000000000000003 -0.2 8 0 0 0 1 0 2 1 0 1
2026-09-05,06:13:21 GMT,V6.4 BLOCK - journal-guarded entry/recovery gate failed or signal already used
2026-09-05,06:13:21 GMT,SENTINEL V6 MULTI-WINDOW SCAN >>>
2026-09-05,06:13:21 GMT,V6.4 DIAG | 6 0 12 0.25 0.028571428571428567 -0.24999999999999997 -0.06666666666666667 -0.1 -0.35000000000000003 -0.2 7 1 1 0 1 0 2 0 0 1
2026-09-05,06:13:21 GMT,V6.4 BLOCK - journal-guarded entry/recovery gate failed or signal already used
2026-09-05,06:13:21 GMT,SENTINEL V6 MULTI-WINDOW SCAN >>>
2026-09-05,06:13:21 GMT,V6.4 DIAG | 6 0 12 0.25 0.028571428571428567 -0.24999999999999997 -0.06666666666666667 -0.1 -0.35000000000000003 -0.2 7 1 1 0 0 0 2 0 0 1
2026-09-05,06:13:21 GMT,V6.4 BLOCK - journal-guarded entry/recovery gate failed or signal already used
2026-09-05,06:13:21 GMT,SENTINEL V6 MULTI-WINDOW SCAN >>>
2026-09-05,06:13:21 GMT,V6.4 DIAG | 5 0 12 0.10000000000000009 0.057142857142857134 -0.09999999999999998 -0.13333333333333333 -0.1 -0.6000000000000001 -0.2 7 1 1 0 1 0 2 0 0 1
2026-09-05,06:13:21 GMT,V6.4 BLOCK - journal-guarded entry/recovery gate failed or signal already used
2026-09-05,06:13:21 GMT,SENTINEL V6 MULTI-WINDOW SCAN >>>
2026-09-05,06:13:21 GMT,V6.4 DIAG | 1 0 8 0.10000000000000009 0 -0.09999999999999998 0 -0.1 0.2 -0.2 7 1 1 1 0 0 2 0 0 1
2026-09-05,06:13:21 GMT,V6.4 BLOCK - journal-guarded entry/recovery gate failed or signal already used
2026-09-05,06:13:21 GMT,SENTINEL V6 MULTI-WINDOW SCAN >>>
2026-09-05,06:13:21 GMT,V6.4 DIAG | 4 0 7 0.10000000000000009 0 -0.09999999999999998 0 -0.1 0.2 -0.2 6 2 2 1 0 0 2 0 0 1
2026-09-05,06:13:21 GMT,V6.4 BLOCK - journal-guarded entry/recovery gate failed or signal already used
2026-09-05,06:13:21 GMT,SENTINEL V6 MULTI-WINDOW SCAN >>>
2026-09-05,06:13:21 GMT,V6.4 DIAG | 4 0 7 0.10000000000000009 0 -0.09999999999999998 0 -0.1 0.2 -0.2 6 2 2 1 0 0 2 0 0 1
2026-09-05,06:13:21 GMT,V6.4 BLOCK - journal-guarded entry/recovery gate failed or signal already used
2026-09-05,06:13:21 GMT,SENTINEL V6 MULTI-WINDOW SCAN >>>
2026-09-05,06:13:21 GMT,V6.4 DIAG | 1 0 8 -0.050000000000000044 0.028571428571428567 0.04999999999999999 -0.06666666666666667 -0.35000000000000003 0.2 -0.2 6 2 2 1 0 0 2 0 0 1
2026-09-05,06:13:21 GMT,V6.4 BLOCK - journal-guarded entry/recovery gate failed or signal already used
2026-09-05,06:13:21 GMT,SENTINEL V6 MULTI-WINDOW SCAN >>>
2026-09-05,06:13:21 GMT,V6.4 DIAG | 8 0 5 -0.20000000000000007 0 0.2 0 -0.35000000000000003 1 -0.45 6 2 2 1 0 0 2 0 0 1
2026-09-05,06:13:21 GMT,V6.4 BLOCK - journal-guarded entry/recovery gate failed or signal already used
2026-09-05,06:13:21 GMT,SENTINEL V6 MULTI-WINDOW SCAN >>>
2026-09-05,06:13:21 GMT,V6.4 DIAG | 0 0 9 -0.10000000000000009 0.028571428571428567 0.09999999999999998 -0.06666666666666667 -0.35000000000000003 0.5 -0.45 6 2 1 1 0 0 2 0 0 1
2026-09-05,06:13:21 GMT,V6.4 BLOCK - journal-guarded entry/recovery gate failed or signal already used
2026-09-05,06:13:21 GMT,SENTINEL V6 MULTI-WINDOW SCAN >>>
2026-09-05,06:13:21 GMT,V6.4 DIAG | 0 0 9 -0.050000000000000044 0.028571428571428567 0.04999999999999999 -0.06666666666666667 -0.35000000000000003 0.5 -0.5 5 3 1 1 0 0 2 0 0 1
2026-09-05,06:13:21 GMT,V6.4 BLOCK - journal-guarded entry/recovery gate failed or signal already used
2026-09-05,06:13:21 GMT,SENTINEL V6 MULTI-WINDOW SCAN >>>
2026-09-05,06:13:21 GMT,V6.4 DIAG | 3 0 9 -0.20000000000000007 0.05714285714285714 0.2 -0.13333333333333336 -0.35000000000000003 0.5 -0.75 5 3 1 1 0 0 2 0 0 1
2026-09-05,06:13:21 GMT,V6.4 BLOCK - journal-guarded entry/recovery gate failed or signal already used
2026-09-05,06:13:21 GMT,SENTINEL V6 MULTI-WINDOW SCAN >>>
2026-09-05,06:13:21 GMT,V6.4 DIAG | 8 0 5 -0.20000000000000007 0 0.2 0 0.45 0.5 -0.75 5 3 1 1 0 0 2 0 0 1
2026-09-05,06:13:21 GMT,V6.4 BLOCK - journal-guarded entry/recovery gate failed or signal already used
2026-09-05,06:13:21 GMT,SENTINEL V6 MULTI-WINDOW SCAN >>>
2026-09-05,06:13:21 GMT,V6.4 DIAG | 5 0 6 -0.20000000000000007 0 0.2 0 0.2 0 0 5 3 0 1 0 0 2 0 0 1
2026-09-05,06:13:21 GMT,V6.4 BLOCK - journal-guarded entry/recovery gate failed or signal already used
2026-09-05,06:13:21 GMT,SENTINEL V6 MULTI-WINDOW SCAN >>>
2026-09-05,06:13:21 GMT,V6.4 DIAG | 4 0 6 -0.20000000000000007 0 0.2 0 0.2 0 0 5 3 0 1 0 0 2 0 0 1
2026-09-05,06:13:21 GMT,V6.4 BLOCK - journal-guarded entry/recovery gate failed or signal already used
2026-09-05,06:13:21 GMT,SENTINEL V6 MULTI-WINDOW SCAN >>>
2026-09-05,06:13:21 GMT,V6.4 DIAG | 3 0 4 -0.20000000000000007 0 0.2 0 0.2 0 0 4 4 0 1 0 0 2 0 0 1
2026-09-05,06:13:21 GMT,V6.4 BLOCK - journal-guarded entry/recovery gate failed or signal already used
2026-09-05,06:13:21 GMT,SENTINEL V6 MULTI-WINDOW SCAN >>>
2026-09-05,06:13:21 GMT,V6.4 DIAG | 7 0 3 -0.35 -0.028571428571428574 0.35 0.06666666666666668 0.2 0 0.55 4 4 0 1 0 0 2 0 0 1
2026-09-05,06:13:21 GMT,V6.4 BLOCK - journal-guarded entry/recovery gate failed or signal already used
2026-09-05,06:13:21 GMT,SENTINEL V6 MULTI-WINDOW SCAN >>>
2026-09-05,06:13:21 GMT,V6.4 DIAG | 9 0 6 -0.20000000000000007 0 0.2 0 -0.30000000000000004 0 0.5 5 3 0 1 0 0 2 0 0 1
2026-09-05,06:13:21 GMT,V6.4 BLOCK - journal-guarded entry/recovery gate failed or signal already used
2026-09-05,06:13:21 GMT,SENTINEL V6 MULTI-WINDOW SCAN >>>
2026-09-05,06:13:21 GMT,V6.4 DIAG | 0 0 6 -0.10000000000000009 -0.028571428571428567 0.09999999999999998 0.06666666666666667 0.5 0 0 5 3 0 1 0 0 2 0 0 1
2026-09-05,06:13:21 GMT,V6.4 BLOCK - journal-guarded entry/recovery gate failed or signal already used
2026-09-05,06:13:21 GMT,SENTINEL V6 MULTI-WINDOW SCAN >>>
2026-09-05,06:13:21 GMT,V6.4 DIAG | 4 0 6 -0.10000000000000009 -0.028571428571428567 0.09999999999999998 0.06666666666666667 0.5 0 0 5 3 0 1 0 0 2 0 0 1
2026-09-05,06:13:21 GMT,V6.4 BLOCK - journal-guarded entry/recovery gate failed or signal already used
2026-09-05,06:13:21 GMT,SENTINEL V6 MULTI-WINDOW SCAN >>>
2026-09-05,06:13:21 GMT,V6.4 DIAG | 9 0 6 -0.25 0 0.25 0 0.5 0 -0.25 5 3 0 1 0 0 2 0 0 1
2026-09-05,06:13:21 GMT,V6.4 BLOCK - journal-guarded entry/recovery gate failed or signal already used
2026-09-05,06:13:21 GMT,SENTINEL V6 MULTI-WINDOW SCAN >>>
2026-09-05,06:13:21 GMT,V6.4 DIAG | 6 0 5 -0.10000000000000009 -0.028571428571428567 0.09999999999999998 0.06666666666666667 0.45 0 0.05000000000000002 6 2 0 1 0 0 2 0 0 1
2026-09-05,06:13:21 GMT,V6.4 BLOCK - journal-guarded entry/recovery gate failed or signal already used
2026-09-05,06:13:21 GMT,SENTINEL V6 MULTI-WINDOW SCAN >>>
2026-09-05,06:13:21 GMT,V6.4 DIAG | 7 0 5 -0.050000000000000044 -0.028571428571428567 0.04999999999999999 0.06666666666666667 0.45 -0.05 0.05000000000000002 5 3 0 1 0 0 2 0 0 1
2026-09-05,06:13:21 GMT,V6.4 BLOCK - journal-guarded entry/recovery gate failed or signal already used
2026-09-05,06:13:21 GMT,SENTINEL V6 MULTI-WINDOW SCAN >>>
2026-09-05,06:13:21 GMT,V6.4 DIAG | 5 0 8 0.050000000000000044 0 -0.04999999999999999 0 -0.05 -0.05 0.05000000000000002 6 2 0 0 0 0 2 0 0 1
2026-09-05,06:13:21 GMT,V6.4 BLOCK - journal-guarded entry/recovery gate failed or signal already used
2026-09-05,06:13:21 GMT,SENTINEL V6 MULTI-WINDOW SCAN >>>
2026-09-05,06:13:21 GMT,V6.4 DIAG | 1 0 9 0.10000000000000009 0 -0.09999999999999998 0 -0.05 -0.05 0 6 2 0 0 0 0 2 0 0 1
2026-09-05,06:13:21 GMT,V6.4 BLOCK - journal-guarded entry/recovery gate failed or signal already used
2026-09-05,06:13:21 GMT,SENTINEL V6 MULTI-WINDOW SCAN >>>
2026-09-05,06:13:21 GMT,V6.4 DIAG | 9 0 8 0.10000000000000009 -0.057142857142857134 -0.09999999999999998 0.13333333333333333 -0.05 -0.05 0.8 6 2 0 1 0 0 2 0 0 1
2026-09-05,06:13:21 GMT,V6.4 BLOCK - journal-guarded entry/recovery gate failed or signal already used
2026-09-05,06:13:21 GMT,SENTINEL V6 MULTI-WINDOW SCAN >>>
2026-09-05,06:13:21 GMT,V6.4 DIAG | 4 0 8 0.20000000000000007 -0.028571428571428567 -0.19999999999999998 0.06666666666666667 -0.05 -0.05 0.30000000000000004 7 1 0 0 0 0 2 0 0 1
2026-09-05,06:13:21 GMT,V6.4 BLOCK - journal-guarded entry/recovery gate failed or signal already used
2026-09-05,06:13:21 GMT,SENTINEL V6 MULTI-WINDOW SCAN >>>
2026-09-05,06:13:21 GMT,V6.4 DIAG | 0 0 8 0.20000000000000007 -0.028571428571428567 -0.19999999999999998 0.06666666666666667 -0.05 -0.05 0.30000000000000004 7 1 0 0 0 0 2 0 0 1
2026-09-05,06:13:21 GMT,V6.4 BLOCK - journal-guarded entry/recovery gate failed or signal already used
2026-09-05,06:13:21 GMT,SENTINEL V6 MULTI-WINDOW SCAN >>>
2026-09-05,06:13:21 GMT,V6.4 DIAG | 2 0 8 0.20000000000000007 -0.028571428571428567 -0.19999999999999998 0.06666666666666667 -0.05 -0.05 0.30000000000000004 7 1 0 0 0 0 2 0 0 1
2026-09-05,06:13:21 GMT,V6.4 BLOCK - journal-guarded entry/recovery gate failed or signal already used
2026-09-05,06:13:21 GMT,SENTINEL V6 MULTI-WINDOW SCAN >>>
2026-09-05,06:13:21 GMT,V6.4 DIAG | 9 0 8 0.20000000000000007 -0.028571428571428567 -0.19999999999999998 0.06666666666666667 -0.05 -0.05 0.30000000000000004 7 1 0 0 0 0 2 0 0 1
2026-09-05,06:13:21 GMT,V6.4 BLOCK - journal-guarded entry/recovery gate failed or signal already used
2026-09-05,06:13:21 GMT,SENTINEL V6 MULTI-WINDOW SCAN >>>
2026-09-05,06:13:21 GMT,V6.4 DIAG | 4 0 12 0.15000000000000002 0.028571428571428567 -0.15 -0.06666666666666667 -0.05 -0.05 -0.45 8 0 0 0 1 0 2 0 0 1
2026-09-05,06:13:21 GMT,V6.4 BLOCK - journal-guarded entry/recovery gate failed or signal already used
2026-09-05,06:13:21 GMT,SENTINEL V6 MULTI-WINDOW SCAN >>>
2026-09-05,06:13:21 GMT,V6.4 DIAG | 4 0 12 0.15000000000000002 0.028571428571428567 -0.15 -0.06666666666666667 -0.05 -0.05 -0.45 8 0 0 0 1 0 2 0 0 1
2026-09-05,06:13:21 GMT,V6.4 BLOCK - journal-guarded entry/recovery gate failed or signal already used
2026-09-05,06:13:21 GMT,SENTINEL V6 MULTI-WINDOW SCAN >>>
2026-09-05,06:13:21 GMT,V6.4 DIAG | 1 0 12 0.20000000000000007 0.028571428571428567 -0.19999999999999998 -0.06666666666666667 -0.05 -0.1 -0.45 7 1 0 0 0 0 2 0 0 1
2026-09-05,06:13:21 GMT,V6.4 BLOCK - journal-guarded entry/recovery gate failed or signal already used
2026-09-05,06:13:21 GMT,SENTINEL V6 MULTI-WINDOW SCAN >>>
2026-09-05,06:13:21 GMT,V6.4 DIAG | 2 0 12 0.050000000000000044 0.057142857142857134 -0.04999999999999999 -0.13333333333333333 -0.05 -0.1 -0.7000000000000001 7 1 0 0 1 0 2 0 0 1
2026-09-05,06:13:21 GMT,V6.4 BLOCK - journal-guarded entry/recovery gate failed or signal already used
2026-09-05,06:13:21 GMT,SENTINEL V6 MULTI-WINDOW SCAN >>>
2026-09-05,06:13:21 GMT,V6.4 DIAG | 0 1 12 0.10000000000000009 0.057142857142857134 -0.09999999999999998 -0.13333333333333333 -0.05 -0.15 -0.7000000000000001 7 1 0 0 1 0 2 0 0 1
2026-09-05,06:13:21 GMT,V6.4 BLOCK - journal-guarded entry/recovery gate failed or signal already used
2026-09-05,06:13:21 GMT,SENTINEL V6 MULTI-WINDOW SCAN >>>
2026-09-05,06:13:21 GMT,V6.4 DIAG | 4 0 8 0.15000000000000002 0 -0.14999999999999997 0 -0.1 -0.15 0.1 6 2 0 0 0 0 2 1 0 1
2026-09-05,06:13:21 GMT,V6.4 BLOCK - journal-guarded entry/recovery gate failed or signal already used
2026-09-05,06:13:21 GMT,SENTINEL V6 MULTI-WINDOW SCAN >>>
2026-09-05,06:13:21 GMT,V6.4 DIAG | 6 0 8 0.15000000000000002 0 -0.14999999999999997 0 -0.1 -0.15 0.1 6 2 0 0 0 0 2 0 0 1
2026-09-05,06:13:21 GMT,V6.4 BLOCK - journal-guarded entry/recovery gate failed or signal already used
2026-09-05,06:13:21 GMT,SENTINEL V6 MULTI-WINDOW SCAN >>>
2026-09-05,06:13:21 GMT,V6.4 DIAG | 2 0 10 0 0.028571428571428567 0 -0.06666666666666667 -0.1 -0.15 -0.15000000000000002 6 2 0 0 0 0 2 0 0 1
2026-09-05,06:13:21 GMT,V6.4 BLOCK - journal-guarded entry/recovery gate failed or signal already used
2026-09-05,06:13:21 GMT,SENTINEL V6 MULTI-WINDOW SCAN >>>
2026-09-05,06:13:21 GMT,V6.4 DIAG | 5 0 7 0.04999999999999993 -0.028571428571428567 -0.04999999999999999 0.06666666666666667 -0.15 -0.15 0.65 6 2 0 1 0 0 2 0 0 1
2026-09-05,06:13:21 GMT,V6.4 BLOCK - journal-guarded entry/recovery gate failed or signal already used
2026-09-05,06:13:21 GMT,SENTINEL V6 MULTI-WINDOW SCAN >>>
2026-09-05,06:13:21 GMT,V6.4 DIAG | 9 0 8 0.09999999999999998 -0.028571428571428567 -0.10000000000000003 0.06666666666666667 -0.15 -0.15 0.6 5 3 0 1 0 0 2 0 0 1
2026-09-05,06:13:21 GMT,V6.4 BLOCK - journal-guarded entry/recovery gate failed or signal already used
2026-09-05,06:13:21 GMT,SENTINEL V6 MULTI-WINDOW SCAN >>>
2026-09-05,06:13:21 GMT,V6.4 DIAG | 5 0 8 0.20000000000000007 0 -0.2 0 -0.15 -0.15 0.1 6 2 0 0 0 0 2 0 0 1
2026-09-05,06:13:21 GMT,V6.4 BLOCK - journal-guarded entry/recovery gate failed or signal already used
2026-09-05,06:13:21 GMT,SENTINEL V6 MULTI-WINDOW SCAN >>>
2026-09-05,06:13:21 GMT,V6.4 DIAG | 1 0 10 0.04999999999999993 0.028571428571428567 -0.04999999999999999 -0.06666666666666667 -0.4 -0.15 0.1 6 2 0 0 0 0 2 0 0 1
2026-09-05,06:13:21 GMT,V6.4 BLOCK - journal-guarded entry/recovery gate failed or signal already used
2026-09-05,06:13:21 GMT,SENTINEL V6 MULTI-WINDOW SCAN >>>
2026-09-05,06:13:21 GMT,V6.4 DIAG | 9 0 6 -0.050000000000000044 0 0.050000000000000044 0 -0.4 -0.4 0.8500000000000001 6 2 0 1 0 0 2 0 0 1
2026-09-05,06:13:21 GMT,V6.4 BLOCK - journal-guarded entry/recovery gate failed or signal already used
2026-09-05,06:13:21 GMT,SENTINEL V6 MULTI-WINDOW SCAN >>>
2026-09-05,06:13:21 GMT,V6.4 DIAG | 5 0 10 0.04999999999999993 0.028571428571428567 -0.04999999999999999 -0.06666666666666667 -0.4 -0.4 0.35000000000000003 6 2 0 1 0 0 2 0 0 1
2026-09-05,06:13:21 GMT,V6.4 BLOCK - journal-guarded entry/recovery gate failed or signal already used
2026-09-05,06:13:21 GMT,SENTINEL V6 MULTI-WINDOW SCAN >>>
2026-09-05,06:13:21 GMT,V6.4 DIAG | 5 0 9 -0.09999999999999998 0.05714285714285714 0.10000000000000003 -0.13333333333333336 -0.4 -0.4 0.1 5 3 1 1 0 0 2 0 0 1
2026-09-05,06:13:21 GMT,V6.4 BLOCK - journal-guarded entry/recovery gate failed or signal already used
2026-09-05,06:13:21 GMT,SENTINEL V6 MULTI-WINDOW SCAN >>>
2026-09-05,06:13:21 GMT,V6.4 DIAG | 5 0 9 -0.09999999999999998 0.05714285714285714 0.10000000000000003 -0.13333333333333336 -0.4 -0.4 0.1 5 3 1 1 0 0 2 0 0 1
2026-09-05,06:13:21 GMT,V6.4 BLOCK - journal-guarded entry/recovery gate failed or signal already used
2026-09-05,06:13:21 GMT,SENTINEL V6 MULTI-WINDOW SCAN >>>
2026-09-05,06:13:21 GMT,V6.4 DIAG | 9 0 3 -0.09999999999999998 0 0.10000000000000003 0 0.4 -0.4 0.1 4 4 1 1 0 0 2 0 0 1
2026-09-05,06:13:21 GMT,V6.4 BLOCK - journal-guarded entry/recovery gate failed or signal already used
2026-09-05,06:13:21 GMT,SENTINEL V6 MULTI-WINDOW SCAN >>>
2026-09-05,06:13:21 GMT,V6.4 DIAG | 1 0 5 0 -0.028571428571428567 0 0.06666666666666667 0.4 0.4 -0.4 5 3 1 1 0 0 2 0 0 1
2026-09-05,06:13:21 GMT,V6.4 BLOCK - journal-guarded entry/recovery gate failed or signal already used
2026-09-05,06:13:21 GMT,SENTINEL V6 MULTI-WINDOW SCAN >>>
2026-09-05,06:13:21 GMT,V6.4 DIAG | 4 0 6 0.04999999999999993 -0.028571428571428567 -0.04999999999999999 0.06666666666666667 0.4 0.4 -0.45 5 3 1 1 0 0 2 0 0 1
2026-09-05,06:13:21 GMT,V6.4 BLOCK - journal-guarded entry/recovery gate failed or signal already used
2026-09-05,06:13:21 GMT,SENTINEL V6 MULTI-WINDOW SCAN >>>
2026-09-05,06:13:21 GMT,V6.4 DIAG | 4 0 5 0.04999999999999993 -0.08571428571428572 -0.04999999999999999 0.2 0.4 0.4 0.35000000000000003 5 3 1 1 0 0 2 0 0 1
2026-09-05,06:13:21 GMT,V6.4 BLOCK - journal-guarded entry/recovery gate failed or signal already used
2026-09-05,06:13:21 GMT,SENTINEL V6 MULTI-WINDOW SCAN >>>
2026-09-05,06:13:21 GMT,V6.4 DIAG | 7 0 5 0.04999999999999993 -0.08571428571428572 -0.04999999999999999 0.2 0.4 0.4 0.35000000000000003 5 3 1 1 0 0 2 0 0 1
2026-09-05,06:13:21 GMT,V6.4 BLOCK - journal-guarded entry/recovery gate failed or signal already used
2026-09-05,06:13:21 GMT,SENTINEL V6 MULTI-WINDOW SCAN >>>
2026-09-05,06:13:21 GMT,V6.4 DIAG | 8 0 7 0.15000000000000002 -0.057142857142857134 -0.14999999999999997 0.13333333333333333 -0.1 0.4 0.35000000000000003 6 2 1 1 0 0 2 0 0 1
2026-09-05,06:13:21 GMT,V6.4 BLOCK - journal-guarded entry/recovery gate failed or signal already used
2026-09-05,06:13:21 GMT,SENTINEL V6 MULTI-WINDOW SCAN >>>
2026-09-05,06:13:21 GMT,V6.4 DIAG | 5 0 8 0.10000000000000009 0 -0.09999999999999998 0 -0.1 -0.35000000000000003 0.35000000000000003 7 1 0 0 0 0 2 0 0 1
2026-09-05,06:13:21 GMT,V6.4 BLOCK - journal-guarded entry/recovery gate failed or signal already used
2026-09-05,06:13:21 GMT,SENTINEL V6 MULTI-WINDOW SCAN >>>
2026-09-05,06:13:21 GMT,V6.4 DIAG | 9 0 8 0.10000000000000009 0 -0.09999999999999998 0 -0.1 -0.35000000000000003 0.35000000000000003 7 1 0 0 0 0 2 0 0 1
2026-09-05,06:13:21 GMT,V6.4 BLOCK - journal-guarded entry/recovery gate failed or signal already used
2026-09-05,06:13:21 GMT,SENTINEL V6 MULTI-WINDOW SCAN >>>
2026-09-05,06:13:21 GMT,V6.4 DIAG | 0 0 12 0.050000000000000044 0.057142857142857134 -0.04999999999999999 -0.13333333333333333 -0.1 -0.6000000000000001 -0.15 7 1 1 1 0 0 2 0 0 1
2026-09-05,06:13:21 GMT,V6.4 BLOCK - journal-guarded entry/recovery gate failed or signal already used
2026-09-05,06:13:21 GMT,SENTINEL V6 MULTI-WINDOW SCAN >>>
2026-09-05,06:13:21 GMT,V6.4 DIAG | 4 0 10 -0.10000000000000009 0.08571428571428572 0.09999999999999998 -0.2 -0.35000000000000003 -0.6000000000000001 -0.15 7 1 1 1 0 0 2 0 0 1
2026-09-05,06:13:21 GMT,V6.4 BLOCK - journal-guarded entry/recovery gate failed or signal already used
2026-09-05,06:13:21 GMT,SENTINEL V6 MULTI-WINDOW SCAN >>>
2026-09-05,06:13:21 GMT,V6.4 DIAG | 3 0 9 -0.10000000000000009 0.08571428571428572 0.09999999999999998 -0.2 -0.35000000000000003 -0.6000000000000001 -0.15 6 2 2 1 0 0 2 0 0 1
2026-09-05,06:13:21 GMT,V6.4 BLOCK - journal-guarded entry/recovery gate failed or signal already used
2026-09-05,06:13:21 GMT,SENTINEL V6 MULTI-WINDOW SCAN >>>
2026-09-05,06:13:21 GMT,V6.4 DIAG | 1 0 8 -0.10000000000000009 0.028571428571428567 0.09999999999999998 -0.06666666666666667 -0.35000000000000003 0.2 -0.15 5 3 2 1 0 0 2 0 0 1
2026-09-05,06:13:21 GMT,V6.4 BLOCK - journal-guarded entry/recovery gate failed or signal already used
2026-09-05,06:13:21 GMT,SENTINEL V6 MULTI-WINDOW SCAN >>>
2026-09-05,06:13:21 GMT,V6.4 DIAG | 3 0 8 -0.25 0.05714285714285714 0.25 -0.13333333333333336 -0.6000000000000001 0.2 -0.15 5 3 2 1 0 0 2 0 0 1
2026-09-05,06:13:21 GMT,V6.4 BLOCK - journal-guarded entry/recovery gate failed or signal already used
2026-09-05,06:13:21 GMT,SENTINEL V6 MULTI-WINDOW SCAN >>>
2026-09-05,06:13:21 GMT,V6.4 DIAG | 4 0 8 -0.4 0.028571428571428574 0.4 -0.06666666666666668 -0.6000000000000001 1 -0.4 5 3 2 1 0 0 2 0 0 1
2026-09-05,06:13:21 GMT,V6.4 BLOCK - journal-guarded entry/recovery gate failed or signal already used
2026-09-05,06:13:21 GMT,SENTINEL V6 MULTI-WINDOW SCAN >>>
2026-09-05,06:13:21 GMT,V6.4 DIAG | 5 0 2 -0.4 -0.028571428571428574 0.4 0.06666666666666668 0.2 1 -0.4 4 4 2 1 0 0 2 0 0 1
2026-09-05,06:13:21 GMT,V6.4 BLOCK - journal-guarded entry/recovery gate failed or signal already used
2026-09-05,06:13:21 GMT,SENTINEL V6 MULTI-WINDOW SCAN >>>
2026-09-05,06:13:21 GMT,V6.4 DIAG | 8 0 2 -0.4 -0.028571428571428574 0.4 0.06666666666666668 0.2 1 -0.4 3 5 2 1 0 0 2 0 0 1
2026-09-05,06:13:21 GMT,V6.4 BLOCK - journal-guarded entry/recovery gate failed or signal already used
2026-09-05,06:13:21 GMT,SENTINEL V6 MULTI-WINDOW SCAN >>>
2026-09-05,06:13:21 GMT,V6.4 DIAG | 3 0 6 -0.44999999999999996 0.028571428571428574 0.45 -0.06666666666666668 0.2 0.5 -0.65 4 4 1 1 0 0 2 0 0 1
2026-09-05,06:13:21 GMT,V6.4 BLOCK - journal-guarded entry/recovery gate failed or signal already used
2026-09-05,06:13:21 GMT,SENTINEL V6 MULTI-WINDOW SCAN >>>
2026-09-05,06:13:21 GMT,V6.4 DIAG | 8 0 3 -0.44999999999999996 -0.028571428571428574 0.45 0.06666666666666668 1 0.5 -0.65 4 4 1 1 0 0 2 0 0 1
2026-09-05,06:13:21 GMT,V6.4 BLOCK - journal-guarded entry/recovery gate failed or signal already used
2026-09-05,06:13:21 GMT,SENTINEL V6 MULTI-WINDOW SCAN >>>
2026-09-05,06:13:21 GMT,V6.4 DIAG | 7 0 3 -0.30000000000000004 -0.05714285714285714 0.30000000000000004 0.13333333333333336 1 0 0.1 4 4 0 1 0 0 2 0 0 1
2026-09-05,06:13:21 GMT,V6.4 BLOCK - journal-guarded entry/recovery gate failed or signal already used
2026-09-05,06:13:21 GMT,SENTINEL V6 MULTI-WINDOW SCAN >>>
2026-09-05,06:13:21 GMT,V6.4 DIAG | 2 0 5 -0.20000000000000007 -0.028571428571428567 0.19999999999999998 0.06666666666666667 0.5 0 0.1 5 3 0 1 0 0 2 0 0 1
2026-09-05,06:13:21 GMT,V6.4 BLOCK - journal-guarded entry/recovery gate failed or signal already used
2026-09-05,06:13:21 GMT,SENTINEL V6 MULTI-WINDOW SCAN >>>
2026-09-05,06:13:21 GMT,V6.4 DIAG | 0 0 5 -0.20000000000000007 -0.028571428571428567 0.19999999999999998 0.06666666666666667 0.5 0 0.1 5 3 0 1 0 0 2 0 0 1
2026-09-05,06:13:21 GMT,V6.4 BLOCK - journal-guarded entry/recovery gate failed or signal already used
2026-09-05,06:13:21 GMT,SENTINEL V6 MULTI-WINDOW SCAN >>>
2026-09-05,06:13:21 GMT,V6.4 DIAG | 7 0 5 -0.20000000000000007 -0.08571428571428572 0.19999999999999998 0.2 0.5 0 0.9 5 3 0 1 0 0 2 0 0 1
2026-09-05,06:13:21 GMT,V6.4 BLOCK - journal-guarded entry/recovery gate failed or signal already used
2026-09-05,06:13:21 GMT,SENTINEL V6 MULTI-WINDOW SCAN >>>
2026-09-05,06:13:21 GMT,V6.4 DIAG | 9 0 6 -0.25 -0.028571428571428567 0.25 0.06666666666666667 0 0 0.65 6 2 0 1 0 0 2 0 0 1
2026-09-05,06:13:21 GMT,V6.4 BLOCK - journal-guarded entry/recovery gate failed or signal already used
2026-09-05,06:13:21 GMT,SENTINEL V6 MULTI-WINDOW SCAN >>>
2026-09-05,06:13:21 GMT,V6.4 DIAG | 5 0 6 -0.1499999999999999 0 0.15000000000000002 0 0 0 0.15000000000000002 7 1 0 1 0 0 2 0 0 1
2026-09-05,06:13:21 GMT,V6.4 BLOCK - journal-guarded entry/recovery gate failed or signal already used
2026-09-05,06:13:21 GMT,SENTINEL V6 MULTI-WINDOW SCAN >>>
2026-09-05,06:13:21 GMT,V6.4 DIAG | 6 0 6 -0.09999999999999998 0 0.1 0 0 -0.05 0.15000000000000002 6 2 0 1 0 0 2 0 0 1
2026-09-05,06:13:21 GMT,V6.4 BLOCK - journal-guarded entry/recovery gate failed or signal already used
2026-09-05,06:13:21 GMT,SENTINEL V6 MULTI-WINDOW SCAN >>>
2026-09-05,06:13:21 GMT,V6.4 DIAG | 9 0 6 -0.04999999999999993 0 0.05000000000000002 0 0 -0.1 0.15000000000000002 6 2 0 1 0 0 2 0 0 1
2026-09-05,06:13:21 GMT,V6.4 BLOCK - journal-guarded entry/recovery gate failed or signal already used
2026-09-05,06:13:21 GMT,SENTINEL V6 MULTI-WINDOW SCAN >>>
2026-09-05,06:13:21 GMT,V6.4 DIAG | 1 0 12 0.09999999999999998 0.028571428571428567 -0.1 -0.06666666666666667 0 -0.1 -0.4 7 1 0 0 1 0 2 0 0 1
2026-09-05,06:13:21 GMT,V6.4 BLOCK - journal-guarded entry/recovery gate failed or signal already used
2026-09-05,06:13:21 GMT,SENTINEL V6 MULTI-WINDOW SCAN >>>
2026-09-05,06:13:21 GMT,V6.4 DIAG | 6 0 8 0.15000000000000002 -0.028571428571428567 -0.15 0.06666666666666667 -0.05 -0.1 0.4 7 1 0 0 0 0 2 0 0 1
2026-09-05,06:13:21 GMT,V6.4 BLOCK - journal-guarded entry/recovery gate failed or signal already used
2026-09-05,06:13:21 GMT,SENTINEL V6 MULTI-WINDOW SCAN >>>
2026-09-05,06:13:21 GMT,V6.4 DIAG | 0 0 8 0.15000000000000002 -0.028571428571428567 -0.15 0.06666666666666667 -0.05 -0.1 0.4 7 1 0 0 0 0 2 0 0 1
2026-09-05,06:13:21 GMT,V6.4 BLOCK - journal-guarded entry/recovery gate failed or signal already used
2026-09-05,06:13:21 GMT,SENTINEL V6 MULTI-WINDOW SCAN >>>
2026-09-05,06:13:21 GMT,V6.4 DIAG | 5 0 8 0.15000000000000002 -0.028571428571428567 -0.15 0.06666666666666667 -0.05 -0.1 0.4 7 1 0 0 0 0 2 0 0 1
2026-09-05,06:13:21 GMT,V6.4 BLOCK - journal-guarded entry/recovery gate failed or signal already used
2026-09-05,06:13:21 GMT,SENTINEL V6 MULTI-WINDOW SCAN >>>
2026-09-05,06:13:21 GMT,V6.4 DIAG | 4 0 8 0.15000000000000002 -0.028571428571428567 -0.15 0.06666666666666667 -0.05 -0.1 0.4 7 1 0 0 0 0 2 0 0 1
2026-09-05,06:13:21 GMT,V6.4 BLOCK - journal-guarded entry/recovery gate failed or signal already used
2026-09-05,06:13:21 GMT,SENTINEL V6 MULTI-WINDOW SCAN >>>
2026-09-05,06:13:21 GMT,V6.4 DIAG | 9 0 8 0.20000000000000007 -0.028571428571428567 -0.19999999999999998 0.06666666666666667 -0.05 -0.15 0.4 7 1 0 1 0 0 2 0 0 1
2026-09-05,06:13:21 GMT,V6.4 BLOCK - journal-guarded entry/recovery gate failed or signal already used
2026-09-05,06:13:21 GMT,SENTINEL V6 MULTI-WINDOW SCAN >>>
2026-09-05,06:13:21 GMT,V6.4 DIAG | 2 0 9 0.30000000000000004 0 -0.3 0 -0.05 -0.15 -0.1 8 0 0 0 0 0 2 0 0 1
2026-09-05,06:13:21 GMT,V6.4 BLOCK - journal-guarded entry/recovery gate failed or signal already used
2026-09-05,06:13:21 GMT,SENTINEL V6 MULTI-WINDOW SCAN >>>
2026-09-05,06:13:21 GMT,V6.4 DIAG | 3 0 9 0.30000000000000004 0 -0.3 0 -0.05 -0.15 -0.1 8 0 0 0 0 0 2 0 0 1
2026-09-05,06:13:21 GMT,V6.4 BLOCK - journal-guarded entry/recovery gate failed or signal already used
2026-09-05,06:13:21 GMT,SENTINEL V6 MULTI-WINDOW SCAN >>>
2026-09-05,06:13:21 GMT,V6.4 DIAG | 6 1 9 0.35 0 -0.35 0 -0.1 -0.15 -0.1 8 0 0 1 0 0 2 0 0 1
2026-09-05,06:13:21 GMT,V6.4 BLOCK - journal-guarded entry/recovery gate failed or signal already used
2026-09-05,06:13:21 GMT,SENTINEL V6 MULTI-WINDOW SCAN >>>
2026-09-05,06:13:21 GMT,V6.4 DIAG | 1 1 9 0.4 0 -0.4 0 -0.1 -0.2 -0.1 8 0 0 0 0 0 2 1 0 1
2026-09-05,06:13:21 GMT,V6.4 BLOCK - journal-guarded entry/recovery gate failed or signal already used
2026-09-05,06:13:21 GMT,SENTINEL V6 MULTI-WINDOW SCAN >>>
2026-09-05,06:13:21 GMT,V6.4 DIAG | 2 0 9 0.4 0 -0.4 0 -0.1 -0.2 -0.1 8 0 0 0 0 0 2 1 0 1
2026-09-05,06:13:21 GMT,V6.4 BLOCK - journal-guarded entry/recovery gate failed or signal already used
2026-09-05,06:13:21 GMT,SENTINEL V6 MULTI-WINDOW SCAN >>>
2026-09-05,06:13:21 GMT,V6.4 DIAG | 5 0 9 0.4 0 -0.4 0 -0.1 -0.2 -0.1 8 0 0 0 0 0 2 0 0 1
2026-09-05,06:13:21 GMT,V6.4 BLOCK - journal-guarded entry/recovery gate failed or signal already used
2026-09-05,06:13:21 GMT,SENTINEL V6 MULTI-WINDOW SCAN >>>
2026-09-05,06:13:21 GMT,V6.4 DIAG | 1 0 12 0.25 0.028571428571428567 -0.24999999999999997 -0.06666666666666667 -0.1 -0.2 -0.35000000000000003 8 0 0 1 1 0 2 0 0 1
2026-09-05,06:13:21 GMT,V6.4 BLOCK - journal-guarded entry/recovery gate failed or signal already used
2026-09-05,06:13:21 GMT,SENTINEL V6 MULTI-WINDOW SCAN >>>
2026-09-05,06:13:21 GMT,V6.4 DIAG | 4 0 12 0.30000000000000004 0.028571428571428567 -0.30000000000000004 -0.06666666666666667 -0.15 -0.2 -0.35000000000000003 8 0 0 0 1 0 2 0 0 1
2026-09-05,06:13:21 GMT,V6.4 BLOCK - journal-guarded entry/recovery gate failed or signal already used
2026-09-05,06:13:21 GMT,SENTINEL V6 MULTI-WINDOW SCAN >>>
2026-09-05,06:13:21 GMT,V6.4 DIAG | 3 0 12 0.35 0.028571428571428567 -0.35 -0.06666666666666667 -0.2 -0.2 -0.35000000000000003 7 1 0 0 1 0 2 0 0 1
2026-09-05,06:13:21 GMT,V6.4 BLOCK - journal-guarded entry/recovery gate failed or signal already used
2026-09-05,06:13:21 GMT,SENTINEL V6 MULTI-WINDOW SCAN >>>
2026-09-05,06:13:21 GMT,V6.4 DIAG | 4 0 12 0.35 0.028571428571428567 -0.35 -0.06666666666666667 -0.2 -0.2 -0.35000000000000003 7 1 0 1 1 0 2 0 0 1
2026-09-05,06:13:21 GMT,V6.4 BLOCK - journal-guarded entry/recovery gate failed or signal already used
2026-09-05,06:13:21 GMT,SENTINEL V6 MULTI-WINDOW SCAN >>>
2026-09-05,06:13:21 GMT,V6.4 DIAG | 4 0 12 0.4 0.028571428571428567 -0.4 -0.06666666666666667 -0.2 -0.2 -0.4 7 1 0 0 1 0 2 0 0 1
2026-09-05,06:13:21 GMT,V6.4 BLOCK - journal-guarded entry/recovery gate failed or signal already used
2026-09-05,06:13:21 GMT,SENTINEL V6 MULTI-WINDOW SCAN >>>
2026-09-05,06:13:21 GMT,V6.4 DIAG | 2 0 8 0.4 -0.028571428571428567 -0.4 0.06666666666666667 -0.2 -0.2 0.4 7 1 0 0 0 0 2 0 0 1
2026-09-05,06:13:21 GMT,V6.4 BLOCK - journal-guarded entry/recovery gate failed or signal already used
2026-09-05,06:13:21 GMT,SENTINEL V6 MULTI-WINDOW SCAN >>>
2026-09-05,06:13:21 GMT,V6.4 DIAG | 2 0 8 0.30000000000000004 0 -0.3 0 -0.25 -0.45 0.4 7 1 0 0 0 0 2 0 0 1
2026-09-05,06:13:21 GMT,V6.4 BLOCK - journal-guarded entry/recovery gate failed or signal already used
2026-09-05,06:13:21 GMT,SENTINEL V6 MULTI-WINDOW SCAN >>>
2026-09-05,06:13:21 GMT,V6.4 DIAG | 5 0 11 0.19999999999999996 0.028571428571428567 -0.2 -0.06666666666666667 -0.25 -0.75 0.4 7 1 0 0 0 0 2 0 0 1
2026-09-05,06:13:21 GMT,V6.4 BLOCK - journal-guarded entry/recovery gate failed or signal already used
2026-09-05,06:13:21 GMT,SENTINEL V6 MULTI-WINDOW SCAN >>>
2026-09-05,06:13:21 GMT,V6.4 DIAG | 0 0 10 0.04999999999999993 0.05714285714285714 -0.04999999999999999 -0.13333333333333336 -0.25 -0.75 0.15000000000000002 6 2 1 1 0 0 2 0 0 1
2026-09-05,06:13:21 GMT,V6.4 BLOCK - journal-guarded entry/recovery gate failed or signal already used
2026-09-05,06:13:21 GMT,SENTINEL V6 MULTI-WINDOW SCAN >>>
2026-09-05,06:13:21 GMT,V6.4 DIAG | 9 0 8 -0.09999999999999998 0.08571428571428572 0.09999999999999998 -0.2 -0.5 -0.75 0.15000000000000002 5 3 2 1 0 0 2 0 0 1
2026-09-05,06:13:21 GMT,V6.4 BLOCK - journal-guarded entry/recovery gate failed or signal already used
2026-09-05,06:13:21 GMT,SENTINEL V6 MULTI-WINDOW SCAN >>>
2026-09-05,06:13:21 GMT,V6.4 DIAG | 4 0 9 0 0.11428571428571428 0 -0.26666666666666666 -0.5 -0.75 -0.35000000000000003 5 3 2 0 0 0 2 0 0 1
2026-09-05,06:13:21 GMT,V6.4 BLOCK - journal-guarded entry/recovery gate failed or signal already used
2026-09-05,06:13:21 GMT,SENTINEL V6 MULTI-WINDOW SCAN >>>
2026-09-05,06:13:21 GMT,V6.4 DIAG | 2 0 6 0 0.05714285714285714 0 -0.13333333333333336 -0.5 0.05000000000000002 -0.35000000000000003 4 4 2 0 0 0 2 0 0 1
2026-09-05,06:13:21 GMT,V6.4 BLOCK - journal-guarded entry/recovery gate failed or signal already used
2026-09-05,06:13:21 GMT,SENTINEL V6 MULTI-WINDOW SCAN >>>
2026-09-05,06:13:21 GMT,V6.4 DIAG | 6 0 3 0 0 0 0 -0.5 0.8500000000000001 -0.35000000000000003 4 4 2 1 0 0 2 0 0 1
2026-09-05,06:13:21 GMT,V6.4 BLOCK - journal-guarded entry/recovery gate failed or signal already used
2026-09-05,06:13:21 GMT,SENTINEL V6 MULTI-WINDOW SCAN >>>
2026-09-05,06:13:21 GMT,V6.4 DIAG | 6 0 2 -0.09999999999999998 -0.028571428571428574 0.09999999999999998 0.06666666666666668 -0.5 0.6 0.4 4 4 2 1 0 0 2 0 0 1
2026-09-05,06:13:21 GMT,V6.4 BLOCK - journal-guarded entry/recovery gate failed or signal already used
2026-09-05,06:13:21 GMT,SENTINEL V6 MULTI-WINDOW SCAN >>>
2026-09-05,06:13:21 GMT,V6.4 DIAG | 2 0 1 -0.050000000000000044 -0.08571428571428572 0.04999999999999999 0.2 0.30000000000000004 0.6 0.35000000000000003 4 4 2 1 0 0 2 0 0 1
2026-09-05,06:13:21 GMT,V6.4 BLOCK - journal-guarded entry/recovery gate failed or signal already used
2026-09-05,06:13:21 GMT,SENTINEL V6 MULTI-WINDOW SCAN >>>
2026-09-05,06:13:21 GMT,V6.4 DIAG | 8 0 1 0 -0.08571428571428572 0 0.2 0.30000000000000004 0.55 0.35000000000000003 3 5 3 1 0 0 2 0 0 1
2026-09-05,06:13:21 GMT,V6.4 BLOCK - journal-guarded entry/recovery gate failed or signal already used
2026-09-05,06:13:21 GMT,SENTINEL V6 MULTI-WINDOW SCAN >>>
2026-09-05,06:13:21 GMT,V6.4 DIAG | 8 0 1 -0.050000000000000044 -0.028571428571428574 0.04999999999999999 0.06666666666666668 0.05000000000000002 0.05000000000000002 0.35000000000000003 4 4 2 1 0 0 2 0 0 1
2026-09-05,06:13:21 GMT,V6.4 BLOCK - journal-guarded entry/recovery gate failed or signal already used
2026-09-05,06:13:21 GMT,SENTINEL V6 MULTI-WINDOW SCAN >>>
2026-09-05,06:13:21 GMT,V6.4 DIAG | 9 0 8 -0.050000000000000044 0.028571428571428574 0.04999999999999999 -0.06666666666666668 0.05000000000000002 -0.75 0.35000000000000003 5 3 1 1 0 0 2 0 0 1
2026-09-05,06:13:21 GMT,V6.4 BLOCK - journal-guarded entry/recovery gate failed or signal already used
2026-09-05,06:13:21 GMT,SENTINEL V6 MULTI-WINDOW SCAN >>>
2026-09-05,06:13:21 GMT,V6.4 DIAG | 7 0 6 0.04999999999999993 0 -0.04999999999999999 0 0.05000000000000002 0.05000000000000002 -0.15 5 3 1 1 0 0 2 0 0 1
2026-09-05,06:13:21 GMT,V6.4 BLOCK - journal-guarded entry/recovery gate failed or signal already used
2026-09-05,06:13:21 GMT,SENTINEL V6 MULTI-WINDOW SCAN >>>
2026-09-05,06:13:21 GMT,V6.4 DIAG | 6 0 10 0.1499999999999999 0.028571428571428567 -0.15000000000000002 -0.06666666666666667 -0.45 0.05000000000000002 -0.15 5 3 2 0 1 0 2 0 0 1
2026-09-05,06:13:21 GMT,V6.4 BLOCK - journal-guarded entry/recovery gate failed or signal already used
2026-09-05,06:13:21 GMT,SENTINEL V6 MULTI-WINDOW SCAN >>>
2026-09-05,06:13:21 GMT,V6.4 DIAG | 3 0 11 0.19999999999999996 0.028571428571428567 -0.2 -0.06666666666666667 -0.45 0 -0.15 5 3 2 0 1 0 2 0 0 1
2026-09-05,06:13:21 GMT,V6.4 BLOCK - journal-guarded entry/recovery gate failed or signal already used
2026-09-05,06:13:21 GMT,SENTINEL V6 MULTI-WINDOW SCAN >>>
2026-09-05,06:13:21 GMT,V6.4 DIAG | 5 0 6 0.04999999999999993 0 -0.04999999999999999 0 0.1 0 -0.15 5 3 2 0 0 0 2 0 0 1
2026-09-05,06:13:21 GMT,V6.4 BLOCK - journal-guarded entry/recovery gate failed or signal already used
2026-09-05,06:13:21 GMT,SENTINEL V6 MULTI-WINDOW SCAN >>>
2026-09-05,06:13:21 GMT,V6.4 DIAG | 8 0 5 -0.050000000000000044 -0.028571428571428574 0.04999999999999999 0.06666666666666668 -0.15000000000000002 0.8 -0.2 5 3 2 1 0 0 2 0 0 1
2026-09-05,06:13:21 GMT,V6.4 BLOCK - journal-guarded entry/recovery gate failed or signal already used
2026-09-05,06:13:21 GMT,SENTINEL V6 MULTI-WINDOW SCAN >>>
2026-09-05,06:13:21 GMT,V6.4 DIAG | 1 0 7 0.04999999999999993 0 -0.04999999999999999 0 -0.15000000000000002 0.30000000000000004 -0.2 5 3 1 1 0 0 2 0 0 1
2026-09-05,06:13:21 GMT,V6.4 BLOCK - journal-guarded entry/recovery gate failed or signal already used
2026-09-05,06:13:21 GMT,SENTINEL V6 MULTI-WINDOW SCAN >>>
2026-09-05,06:13:21 GMT,V6.4 DIAG | 4 0 7 -0.09999999999999998 0.028571428571428574 0.09999999999999998 -0.06666666666666668 -0.15000000000000002 0.30000000000000004 -0.45 4 4 1 1 0 0 2 0 0 1
2026-09-05,06:13:21 GMT,V6.4 BLOCK - journal-guarded entry/recovery gate failed or signal already used
2026-09-05,06:13:21 GMT,SENTINEL V6 MULTI-WINDOW SCAN >>>
2026-09-05,06:13:21 GMT,V6.4 DIAG | 7 0 7 -0.09999999999999998 0.028571428571428574 0.09999999999999998 -0.06666666666666668 -0.15000000000000002 0.30000000000000004 -0.45 4 4 1 1 0 0 2 0 0 1
2026-09-05,06:13:21 GMT,V6.4 BLOCK - journal-guarded entry/recovery gate failed or signal already used
2026-09-05,06:13:21 GMT,SENTINEL V6 MULTI-WINDOW SCAN >>>
2026-09-05,06:13:21 GMT,V6.4 DIAG | 8 0 7 -0.09999999999999998 0.028571428571428574 0.09999999999999998 -0.06666666666666668 -0.15000000000000002 0.30000000000000004 -0.45 4 4 1 1 0 0 2 0 0 1
2026-09-05,06:13:21 GMT,V6.4 BLOCK - journal-guarded entry/recovery gate failed or signal already used
2026-09-05,06:13:21 GMT,SENTINEL V6 MULTI-WINDOW SCAN >>>
2026-09-05,06:13:21 GMT,V6.4 DIAG | 6 0 9 -0.15000000000000002 0.028571428571428574 0.15000000000000002 -0.06666666666666668 0.65 -0.45 -0.45 5 3 0 1 0 0 2 0 0 1
2026-09-05,06:13:21 GMT,V6.4 BLOCK - journal-guarded entry/recovery gate failed or signal already used
2026-09-05,06:13:21 GMT,SENTINEL V6 MULTI-WINDOW SCAN >>>
2026-09-05,06:13:21 GMT,V6.4 DIAG | 2 0 7 -0.15000000000000002 0.028571428571428574 0.15000000000000002 -0.06666666666666668 0.65 -0.45 -0.45 4 4 0 1 0 0 2 0 0 1
2026-09-05,06:13:21 GMT,V6.4 BLOCK - journal-guarded entry/recovery gate failed or signal already used
2026-09-05,06:13:21 GMT,SENTINEL V6 MULTI-WINDOW SCAN >>>
2026-09-05,06:13:21 GMT,V6.4 DIAG | 4 0 3 -0.15000000000000002 -0.028571428571428574 0.15000000000000002 0.06666666666666668 0.65 -0.45 0.35000000000000003 3 5 1 1 0 0 2 0 0 1
2026-09-05,06:13:21 GMT,V6.4 BLOCK - journal-guarded entry/recovery gate failed or signal already used
2026-09-05,06:13:21 GMT,SENTINEL V6 MULTI-WINDOW SCAN >>>
2026-09-05,06:13:21 GMT,V6.4 DIAG | 7 0 3 -0.15000000000000002 -0.028571428571428574 0.15000000000000002 0.06666666666666668 0.65 -0.45 0.35000000000000003 3 5 1 1 0 0 2 0 0 1
2026-09-05,06:13:21 GMT,V6.4 BLOCK - journal-guarded entry/recovery gate failed or signal already used
2026-09-05,06:13:21 GMT,SENTINEL V6 MULTI-WINDOW SCAN >>>
2026-09-05,06:13:21 GMT,V6.4 DIAG | 7 0 3 -0.050000000000000044 -0.05714285714285714 0.050000000000000044 0.13333333333333336 0.9500000000000001 -0.45 0.35000000000000003 4 4 1 1 0 0 2 0 0 1
2026-09-05,06:13:21 GMT,V6.4 BLOCK - journal-guarded entry/recovery gate failed or signal already used
2026-09-05,06:13:21 GMT,SENTINEL V6 MULTI-WINDOW SCAN >>>
2026-09-05,06:13:21 GMT,V6.4 DIAG | 2 0 6 0.09999999999999998 -0.08571428571428572 -0.10000000000000003 0.2 0.45 0.30000000000000004 0.35000000000000003 5 3 1 1 0 0 2 0 0 1
2026-09-05,06:13:21 GMT,V6.4 BLOCK - journal-guarded entry/recovery gate failed or signal already used
2026-09-05,06:13:21 GMT,SENTINEL V6 MULTI-WINDOW SCAN >>>
2026-09-05,06:13:21 GMT,V6.4 DIAG | 9 0 4 -0.050000000000000044 -0.05714285714285714 0.050000000000000044 0.13333333333333336 0.45 0.30000000000000004 0.1 5 3 1 1 0 0 2 0 0 1
2026-09-05,06:13:21 GMT,V6.4 BLOCK - journal-guarded entry/recovery gate failed or signal already used
2026-09-05,06:13:21 GMT,SENTINEL V6 MULTI-WINDOW SCAN >>>
2026-09-05,06:13:21 GMT,V6.4 DIAG | 0 0 5 -0.050000000000000044 0 0.050000000000000044 0 0.45 0.30000000000000004 -0.7000000000000001 6 2 1 1 0 0 2 0 0 1
2026-09-05,06:13:21 GMT,V6.4 BLOCK - journal-guarded entry/recovery gate failed or signal already used
2026-09-05,06:13:21 GMT,SENTINEL V6 MULTI-WINDOW SCAN >>>
2026-09-05,06:13:21 GMT,V6.4 DIAG | 7 0 8 -0.19999999999999996 0.028571428571428574 0.2 -0.06666666666666668 0.45 0.05000000000000002 -0.7000000000000001 5 3 1 1 0 0 2 0 0 1
2026-09-05,06:13:21 GMT,V6.4 BLOCK - journal-guarded entry/recovery gate failed or signal already used
2026-09-05,06:13:21 GMT,SENTINEL V6 MULTI-WINDOW SCAN >>>
2026-09-05,06:13:21 GMT,V6.4 DIAG | 8 0 9 -0.09999999999999998 0.05714285714285714 0.10000000000000003 -0.13333333333333336 -0.05 0.05000000000000002 -0.7000000000000001 5 3 1 1 0 0 2 0 0 1
2026-09-05,06:13:21 GMT,V6.4 BLOCK - journal-guarded entry/recovery gate failed or signal already used
2026-09-05,06:13:21 GMT,SENTINEL V6 MULTI-WINDOW SCAN >>>
2026-09-05,06:13:21 GMT,V6.4 DIAG | 0 0 10 -0.15000000000000002 0.11428571428571428 0.15000000000000002 -0.26666666666666666 -0.05 -0.7000000000000001 -0.7000000000000001 5 3 1 1 0 0 2 0 0 1
2026-09-05,06:13:21 GMT,V6.4 BLOCK - journal-guarded entry/recovery gate failed or signal already used
2026-09-05,06:13:21 GMT,SENTINEL V6 MULTI-WINDOW SCAN >>>
2026-09-05,06:13:21 GMT,V6.4 DIAG | 4 0 9 -0.15000000000000002 0.05714285714285714 0.15000000000000002 -0.13333333333333336 -0.05 -0.7000000000000001 0.1 5 3 1 1 0 0 2 0 0 1
2026-09-05,06:13:21 GMT,V6.4 BLOCK - journal-guarded entry/recovery gate failed or signal already used
2026-09-05,06:13:21 GMT,SENTINEL V6 MULTI-WINDOW SCAN >>>
2026-09-05,06:13:21 GMT,V6.4 DIAG | 0 0 3 -0.15000000000000002 0 0.15000000000000002 0 -0.05 -0.7000000000000001 0.9 4 4 2 1 0 0 2 0 0 1
2026-09-05,06:13:21 GMT,V6.4 BLOCK - journal-guarded entry/recovery gate failed or signal already used
2026-09-05,06:13:21 GMT,SENTINEL V6 MULTI-WINDOW SCAN >>>
2026-09-05,06:13:21 GMT,V6.4 DIAG | 4 0 3 -0.30000000000000004 -0.028571428571428574 0.3 0.06666666666666668 -0.05 -0.15000000000000002 0.9 4 4 2 1 0 0 2 0 0 1
2026-09-05,06:13:21 GMT,V6.4 BLOCK - journal-guarded entry/recovery gate failed or signal already used
2026-09-05,06:13:21 GMT,SENTINEL V6 MULTI-WINDOW SCAN >>>
2026-09-05,06:13:21 GMT,V6.4 DIAG | 6 0 3 -0.25 -0.028571428571428574 0.25 0.06666666666666668 -0.1 -0.15000000000000002 0.9 4 4 2 1 0 0 2 0 0 1
2026-09-05,06:13:21 GMT,V6.4 BLOCK - journal-guarded entry/recovery gate failed or signal already used
2026-09-05,06:13:21 GMT,SENTINEL V6 MULTI-WINDOW SCAN >>>
2026-09-05,06:13:21 GMT,V6.4 DIAG | 9 0 1 -0.4 -0.05714285714285715 0.39999999999999997 0.13333333333333333 -0.1 0.65 0.65 3 5 3 1 0 0 2 0 0 1
2026-09-05,06:13:21 GMT,V6.4 BLOCK - journal-guarded entry/recovery gate failed or signal already used
2026-09-05,06:13:21 GMT,SENTINEL V6 MULTI-WINDOW SCAN >>>
2026-09-05,06:13:21 GMT,V6.4 DIAG | 9 0 2 -0.30000000000000004 -0.028571428571428574 0.3 0.06666666666666668 -0.1 0.65 0.15000000000000002 4 4 3 1 0 0 2 0 0 1
2026-09-05,06:13:21 GMT,V6.4 BLOCK - journal-guarded entry/recovery gate failed or signal already used
2026-09-05,06:13:21 GMT,SENTINEL V6 MULTI-WINDOW SCAN >>>
2026-09-05,06:13:21 GMT,V6.4 DIAG | 8 0 3 -0.20000000000000007 0 0.2 0 -0.1 0.65 -0.35000000000000003 4 4 3 1 0 0 2 0 0 1
2026-09-05,06:13:21 GMT,V6.4 BLOCK - journal-guarded entry/recovery gate failed or signal already used
2026-09-05,06:13:21 GMT,SENTINEL V6 MULTI-WINDOW SCAN >>>
2026-09-05,06:13:21 GMT,V6.4 DIAG | 1 0 5 -0.050000000000000044 -0.028571428571428567 0.04999999999999999 0.06666666666666667 -0.1 0.9500000000000001 -0.4 5 3 2 1 0 0 2 0 0 1
2026-09-05,06:13:21 GMT,V6.4 BLOCK - journal-guarded entry/recovery gate failed or signal already used
2026-09-05,06:13:21 GMT,SENTINEL V6 MULTI-WINDOW SCAN >>>
2026-09-05,06:13:21 GMT,V6.4 DIAG | 8 0 5 -0.20000000000000007 0 0.2 0 -0.35000000000000003 0.9500000000000001 -0.4 5 3 2 1 0 0 2 0 0 1
2026-09-05,06:13:21 GMT,V6.4 BLOCK - journal-guarded entry/recovery gate failed or signal already used
2026-09-05,06:13:21 GMT,SENTINEL V6 MULTI-WINDOW SCAN >>>
2026-09-05,06:13:21 GMT,V6.4 DIAG | 2 0 5 -0.10000000000000009 -0.028571428571428567 0.09999999999999998 0.06666666666666667 -0.35000000000000003 0.45 0.4 6 2 1 1 0 0 2 0 0 1
2026-09-05,06:13:21 GMT,V6.4 BLOCK - journal-guarded entry/recovery gate failed or signal already used
2026-09-05,06:13:21 GMT,SENTINEL V6 MULTI-WINDOW SCAN >>>
2026-09-05,06:13:21 GMT,V6.4 DIAG | 2 0 5 -0.050000000000000044 -0.028571428571428567 0.04999999999999999 0.06666666666666667 -0.4 0.45 0.4 5 3 1 1 0 0 2 0 0 1
2026-09-05,06:13:21 GMT,V6.4 BLOCK - journal-guarded entry/recovery gate failed or signal already used
2026-09-05,06:13:21 GMT,SENTINEL V6 MULTI-WINDOW SCAN >>>
2026-09-05,06:13:21 GMT,V6.4 DIAG | 8 0 5 -0.050000000000000044 -0.028571428571428567 0.04999999999999999 0.06666666666666667 -0.4 0.45 0.4 5 3 1 1 0 0 2 0 0 1
2026-09-05,06:13:21 GMT,V6.4 BLOCK - journal-guarded entry/recovery gate failed or signal already used
2026-09-05,06:13:21 GMT,SENTINEL V6 MULTI-WINDOW SCAN >>>
2026-09-05,06:13:21 GMT,V6.4 DIAG | 5 0 8 0.050000000000000044 0 -0.04999999999999999 0 -0.4 -0.05 0.4 6 2 0 0 0 0 2 0 0 1
2026-09-05,06:13:21 GMT,V6.4 BLOCK - journal-guarded entry/recovery gate failed or signal already used
2026-09-05,06:13:21 GMT,SENTINEL V6 MULTI-WINDOW SCAN >>>
2026-09-05,06:13:21 GMT,V6.4 DIAG | 9 0 7 0.050000000000000044 -0.057142857142857134 -0.04999999999999999 0.13333333333333333 0.4 -0.05 0.4 6 2 0 1 0 0 2 0 0 1
2026-09-05,06:13:21 GMT,V6.4 BLOCK - journal-guarded entry/recovery gate failed or signal already used
2026-09-05,06:13:21 GMT,SENTINEL V6 MULTI-WINDOW SCAN >>>
2026-09-05,06:13:21 GMT,V6.4 DIAG | 6 0 6 0 0 0 0 0.4 -0.30000000000000004 -0.1 7 1 0 0 0 0 2 0 0 1
2026-09-05,06:13:21 GMT,V6.4 BLOCK - journal-guarded entry/recovery gate failed or signal already used
2026-09-05,06:13:21 GMT,SENTINEL V6 MULTI-WINDOW SCAN >>>
2026-09-05,06:13:21 GMT,V6.4 DIAG | 3 0 8 0.050000000000000044 0 -0.04999999999999999 0 0.4 -0.30000000000000004 -0.15 7 1 0 1 0 0 2 0 0 1
2026-09-05,06:13:21 GMT,V6.4 BLOCK - journal-guarded entry/recovery gate failed or signal already used
2026-09-05,06:13:21 GMT,SENTINEL V6 MULTI-WINDOW SCAN >>>
2026-09-05,06:13:21 GMT,V6.4 DIAG | 1 0 9 -0.050000000000000044 0.028571428571428567 0.04999999999999999 -0.06666666666666667 0.35000000000000003 -0.30000000000000004 -0.4 6 2 1 1 0 0 2 0 0 1
2026-09-05,06:13:21 GMT,V6.4 BLOCK - journal-guarded entry/recovery gate failed or signal already used
2026-09-05,06:13:21 GMT,SENTINEL V6 MULTI-WINDOW SCAN >>>
2026-09-05,06:13:21 GMT,V6.4 DIAG | 7 0 9 -0.050000000000000044 0.028571428571428567 0.04999999999999999 -0.06666666666666667 0.35000000000000003 -0.30000000000000004 -0.4 6 2 1 1 0 0 2 0 0 1
2026-09-05,06:13:21 GMT,V6.4 BLOCK - journal-guarded entry/recovery gate failed or signal already used
2026-09-05,06:13:21 GMT,SENTINEL V6 MULTI-WINDOW SCAN >>>
2026-09-05,06:13:21 GMT,V6.4 DIAG | 5 0 12 0.050000000000000044 0.057142857142857134 -0.04999999999999999 -0.13333333333333333 -0.15 -0.30000000000000004 -0.4 6 2 1 0 1 0 2 0 0 1
2026-09-05,06:13:21 GMT,V6.4 BLOCK - journal-guarded entry/recovery gate failed or signal already used
2026-09-05,06:13:21 GMT,SENTINEL V6 MULTI-WINDOW SCAN >>>
2026-09-05,06:13:21 GMT,V6.4 DIAG | 6 0 8 0.050000000000000044 0 -0.04999999999999999 0 -0.15 0.5 -0.4 6 2 1 1 0 0 2 0 0 1
2026-09-05,06:13:21 GMT,V6.4 BLOCK - journal-guarded entry/recovery gate failed or signal already used
2026-09-05,06:13:21 GMT,SENTINEL V6 MULTI-WINDOW SCAN >>>
2026-09-05,06:13:21 GMT,V6.4 DIAG | 3 0 8 0.050000000000000044 0 -0.04999999999999999 0 -0.15 0.5 -0.4 6 2 1 1 0 0 2 0 0 1
2026-09-05,06:13:21 GMT,V6.4 BLOCK - journal-guarded entry/recovery gate failed or signal already used
2026-09-05,06:13:21 GMT,SENTINEL V6 MULTI-WINDOW SCAN >>>
2026-09-05,06:13:21 GMT,V6.4 DIAG | 6 0 7 0.050000000000000044 -0.057142857142857134 -0.04999999999999999 0.13333333333333333 -0.15 0.5 0.4 6 2 1 1 0 0 2 0 0 1
2026-09-05,06:13:21 GMT,V6.4 BLOCK - journal-guarded entry/recovery gate failed or signal already used
2026-09-05,06:13:21 GMT,SENTINEL V6 MULTI-WINDOW SCAN >>>
2026-09-05,06:13:21 GMT,V6.4 DIAG | 0 0 7 0.050000000000000044 -0.057142857142857134 -0.04999999999999999 0.13333333333333333 -0.15 0.5 0.4 6 2 1 1 0 0 2 0 0 1
2026-09-05,06:13:21 GMT,V6.4 BLOCK - journal-guarded entry/recovery gate failed or signal already used
2026-09-05,06:13:21 GMT,SENTINEL V6 MULTI-WINDOW SCAN >>>
2026-09-05,06:13:21 GMT,V6.4 DIAG | 8 0 5 -0.050000000000000044 -0.028571428571428567 0.04999999999999999 0.06666666666666667 -0.4 0.45 0.4 6 2 1 1 0 0 2 0 0 1
2026-09-05,06:13:21 GMT,V6.4 BLOCK - journal-guarded entry/recovery gate failed or signal already used
2026-09-05,06:13:21 GMT,SENTINEL V6 MULTI-WINDOW SCAN >>>
2026-09-05,06:13:21 GMT,V6.4 DIAG | 4 0 8 0.050000000000000044 0 -0.04999999999999999 0 -0.4 -0.05 0.4 7 1 0 0 0 0 2 0 0 1
2026-09-05,06:13:21 GMT,V6.4 BLOCK - journal-guarded entry/recovery gate failed or signal already used
2026-09-05,06:13:21 GMT,SENTINEL V6 MULTI-WINDOW SCAN >>>
2026-09-05,06:13:21 GMT,V6.4 DIAG | 9 0 8 0.10000000000000009 0 -0.09999999999999998 0 -0.45 -0.05 0.4 6 2 0 1 0 0 2 0 0 1
2026-09-05,06:13:21 GMT,V6.4 BLOCK - journal-guarded entry/recovery gate failed or signal already used
2026-09-05,06:13:21 GMT,SENTINEL V6 MULTI-WINDOW SCAN >>>
2026-09-05,06:13:21 GMT,V6.4 DIAG | 5 0 12 0.20000000000000007 0.028571428571428567 -0.19999999999999998 -0.06666666666666667 -0.45 -0.05 -0.1 7 1 0 0 0 0 2 0 0 1
2026-09-05,06:13:21 GMT,V6.4 BLOCK - journal-guarded entry/recovery gate failed or signal already used
2026-09-05,06:13:21 GMT,SENTINEL V6 MULTI-WINDOW SCAN >>>
2026-09-05,06:13:21 GMT,V6.4 DIAG | 3 0 12 0.050000000000000044 0.057142857142857134 -0.04999999999999999 -0.13333333333333333 -0.45 -0.05 -0.35000000000000003 7 1 0 0 1 0 2 0 0 1
2026-09-05,06:13:21 GMT,V6.4 BLOCK - journal-guarded entry/recovery gate failed or signal already used
2026-09-05,06:13:21 GMT,SENTINEL V6 MULTI-WINDOW SCAN >>>
2026-09-05,06:13:21 GMT,V6.4 DIAG | 4 0 8 0.050000000000000044 0 -0.04999999999999999 0 0.35000000000000003 -0.05 -0.35000000000000003 7 1 0 0 0 0 2 0 0 1
2026-09-05,06:13:21 GMT,V6.4 BLOCK - journal-guarded entry/recovery gate failed or signal already used
2026-09-05,06:13:21 GMT,SENTINEL V6 MULTI-WINDOW SCAN >>>
2026-09-05,06:13:21 GMT,V6.4 DIAG | 0 0 8 0.050000000000000044 0 -0.04999999999999999 0 0.35000000000000003 -0.05 -0.35000000000000003 6 2 0 1 0 0 2 0 0 1
2026-09-05,06:13:21 GMT,V6.4 BLOCK - journal-guarded entry/recovery gate failed or signal already used
2026-09-05,06:13:21 GMT,SENTINEL V6 MULTI-WINDOW SCAN >>>
2026-09-05,06:13:21 GMT,V6.4 DIAG | 4 0 9 -0.10000000000000009 0.028571428571428567 0.09999999999999998 -0.06666666666666667 0.1 -0.05 -0.35000000000000003 6 2 0 1 0 0 2 0 0 1
2026-09-05,06:13:21 GMT,V6.4 BLOCK - journal-guarded entry/recovery gate failed or signal already used
2026-09-05,06:13:21 GMT,SENTINEL V6 MULTI-WINDOW SCAN >>>
2026-09-05,06:13:21 GMT,V6.4 DIAG | 3 0 9 -0.050000000000000044 0.028571428571428567 0.04999999999999999 -0.06666666666666667 0.1 -0.05 -0.4 6 2 0 1 0 0 2 0 0 1
2026-09-05,06:13:21 GMT,V6.4 BLOCK - journal-guarded entry/recovery gate failed or signal already used
2026-09-05,06:13:21 GMT,SENTINEL V6 MULTI-WINDOW SCAN >>>
2026-09-05,06:13:21 GMT,V6.4 DIAG | 7 0 5 -0.050000000000000044 -0.028571428571428567 0.04999999999999999 0.06666666666666667 0.1 -0.05 0.4 5 3 0 1 0 0 2 0 0 1
2026-09-05,06:13:21 GMT,V6.4 BLOCK - journal-guarded entry/recovery gate failed or signal already used
2026-09-05,06:13:21 GMT,SENTINEL V6 MULTI-WINDOW SCAN >>>
2026-09-05,06:13:21 GMT,V6.4 DIAG | 4 0 8 0.10000000000000009 0 -0.09999999999999998 0 -0.4 -0.05 0.35000000000000003 6 2 0 0 0 0 2 1 0 1
2026-09-05,06:13:21 GMT,V6.4 BLOCK - journal-guarded entry/recovery gate failed or signal already used
2026-09-05,06:13:21 GMT,SENTINEL V6 MULTI-WINDOW SCAN >>>
2026-09-05,06:13:21 GMT,V6.4 DIAG | 1 0 8 0.10000000000000009 0 -0.09999999999999998 0 -0.4 -0.05 0.35000000000000003 6 2 0 0 0 0 2 0 0 1
2026-09-05,06:13:21 GMT,V6.4 BLOCK - journal-guarded entry/recovery gate failed or signal already used
2026-09-05,06:13:21 GMT,SENTINEL V6 MULTI-WINDOW SCAN >>>
2026-09-05,06:13:21 GMT,V6.4 DIAG | 5 0 5 0 -0.028571428571428567 0 0.06666666666666667 0.35000000000000003 -0.05 0.1 6 2 0 1 0 0 2 0 0 1
2026-09-05,06:13:21 GMT,V6.4 BLOCK - journal-guarded entry/recovery gate failed or signal already used
2026-09-05,06:13:21 GMT,SENTINEL V6 MULTI-WINDOW SCAN >>>
2026-09-05,06:13:21 GMT,V6.4 DIAG | 9 0 5 -0.15000000000000002 0 0.15000000000000002 0 0.1 -0.05 0.1 6 2 0 1 0 0 2 0 0 1
2026-09-05,06:13:21 GMT,V6.4 BLOCK - journal-guarded entry/recovery gate failed or signal already used
2026-09-05,06:13:21 GMT,SENTINEL V6 MULTI-WINDOW SCAN >>>
2026-09-05,06:13:21 GMT,V6.4 DIAG | 1 0 9 0 0.028571428571428567 0 -0.06666666666666667 0.1 -0.05 -0.45 6 2 0 0 0 0 2 0 0 1
2026-09-05,06:13:21 GMT,V6.4 BLOCK - journal-guarded entry/recovery gate failed or signal already used
2026-09-05,06:13:21 GMT,SENTINEL V6 MULTI-WINDOW SCAN >>>
2026-09-05,06:13:21 GMT,V6.4 DIAG | 2 0 9 0 0.028571428571428567 0 -0.06666666666666667 0.1 -0.05 -0.45 5 3 0 0 0 0 2 0 0 1
2026-09-05,06:13:21 GMT,V6.4 BLOCK - journal-guarded entry/recovery gate failed or signal already used
2026-09-05,06:13:21 GMT,SENTINEL V6 MULTI-WINDOW SCAN >>>
2026-09-05,06:13:21 GMT,V6.4 DIAG | 7 0 9 0 0.028571428571428567 0 -0.06666666666666667 0.1 -0.05 -0.45 5 3 0 1 0 0 2 0 0 1
2026-09-05,06:13:21 GMT,V6.4 BLOCK - journal-guarded entry/recovery gate failed or signal already used
2026-09-05,06:13:21 GMT,SENTINEL V6 MULTI-WINDOW SCAN >>>
2026-09-05,06:13:21 GMT,V6.4 DIAG | 0 0 8 0.10000000000000009 0 -0.09999999999999998 0 -0.4 -0.05 0.35000000000000003 6 2 0 0 0 0 2 0 0 1
2026-09-05,06:13:21 GMT,V6.4 BLOCK - journal-guarded entry/recovery gate failed or signal already used
2026-09-05,06:13:21 GMT,SENTINEL V6 MULTI-WINDOW SCAN >>>
2026-09-05,06:13:21 GMT,V6.4 DIAG | 3 0 7 0.15000000000000002 -0.057142857142857134 -0.14999999999999997 0.13333333333333333 0.4 -0.05 0.30000000000000004 6 2 0 0 0 0 2 0 0 1
2026-09-05,06:13:21 GMT,V6.4 BLOCK - journal-guarded entry/recovery gate failed or signal already used
2026-09-05,06:13:21 GMT,SENTINEL V6 MULTI-WINDOW SCAN >>>
2026-09-05,06:13:21 GMT,V6.4 DIAG | 5 0 7 0.15000000000000002 -0.057142857142857134 -0.14999999999999997 0.13333333333333333 0.4 -0.05 0.30000000000000004 6 2 0 0 0 0 2 0 0 1
2026-09-05,06:13:21 GMT,V6.4 BLOCK - journal-guarded entry/recovery gate failed or signal already used
2026-09-05,06:13:21 GMT,SENTINEL V6 MULTI-WINDOW SCAN >>>
2026-09-05,06:13:21 GMT,V6.4 DIAG | 4 0 5 0 -0.028571428571428567 0 0.06666666666666667 0.4 -0.30000000000000004 0.30000000000000004 6 2 0 0 0 0 2 0 0 1
2026-09-05,06:13:21 GMT,V6.4 BLOCK - journal-guarded entry/recovery gate failed or signal already used
2026-09-05,06:13:21 GMT,SENTINEL V6 MULTI-WINDOW SCAN >>>
2026-09-05,06:13:21 GMT,V6.4 DIAG | 9 0 5 0 -0.028571428571428567 0 0.06666666666666667 0.4 -0.30000000000000004 0.30000000000000004 6 2 0 1 0 0 2 0 0 1
2026-09-05,06:13:21 GMT,V6.4 BLOCK - journal-guarded entry/recovery gate failed or signal already used
2026-09-05,06:13:21 GMT,SENTINEL V6 MULTI-WINDOW SCAN >>>
2026-09-05,06:13:21 GMT,V6.4 DIAG | 7 0 9 -0.050000000000000044 0.028571428571428567 0.04999999999999999 -0.06666666666666667 0.15000000000000002 -0.30000000000000004 -0.2 6 2 1 1 0 0 2 0 0 1
2026-09-05,06:13:21 GMT,V6.4 BLOCK - journal-guarded entry/recovery gate failed or signal already used
2026-09-05,06:13:21 GMT,SENTINEL V6 MULTI-WINDOW SCAN >>>
2026-09-05,06:13:21 GMT,V6.4 DIAG | 6 0 12 0.050000000000000044 0.057142857142857134 -0.04999999999999999 -0.13333333333333333 -0.35000000000000003 -0.30000000000000004 -0.2 7 1 1 0 1 0 2 0 0 1
2026-09-05,06:13:21 GMT,V6.4 BLOCK - journal-guarded entry/recovery gate failed or signal already used
2026-09-05,06:13:21 GMT,SENTINEL V6 MULTI-WINDOW SCAN >>>
2026-09-05,06:13:21 GMT,V6.4 DIAG | 2 0 12 0.050000000000000044 0.057142857142857134 -0.04999999999999999 -0.13333333333333333 -0.35000000000000003 -0.30000000000000004 -0.2 6 2 1 0 1 0 2 0 0 1
2026-09-05,06:13:21 GMT,V6.4 BLOCK - journal-guarded entry/recovery gate failed or signal already used
2026-09-05,06:13:21 GMT,SENTINEL V6 MULTI-WINDOW SCAN >>>
2026-09-05,06:13:21 GMT,V6.4 DIAG | 2 0 8 0.050000000000000044 0 -0.04999999999999999 0 -0.35000000000000003 0.5 -0.2 6 2 1 1 0 0 2 0 0 1
2026-09-05,06:13:21 GMT,V6.4 BLOCK - journal-guarded entry/recovery gate failed or signal already used
2026-09-05,06:13:21 GMT,SENTINEL V6 MULTI-WINDOW SCAN >>>
2026-09-05,06:13:21 GMT,V6.4 DIAG | 3 0 8 0.10000000000000009 0 -0.09999999999999998 0 -0.4 0.5 -0.2 6 2 1 1 0 0 2 0 0 1
2026-09-05,06:13:21 GMT,V6.4 BLOCK - journal-guarded entry/recovery gate failed or signal already used
2026-09-05,06:13:21 GMT,SENTINEL V6 MULTI-WINDOW SCAN >>>
2026-09-05,06:13:21 GMT,V6.4 DIAG | 5 0 7 0.15000000000000002 -0.057142857142857134 -0.14999999999999997 0.13333333333333333 0.35000000000000003 0.5 -0.2 6 2 1 1 0 0 2 0 0 1
2026-09-05,06:13:21 GMT,V6.4 BLOCK - journal-guarded entry/recovery gate failed or signal already used
2026-09-05,06:13:21 GMT,SENTINEL V6 MULTI-WINDOW SCAN >>>
2026-09-05,06:13:21 GMT,V6.4 DIAG | 5 0 5 0 -0.028571428571428567 0 0.06666666666666667 0.35000000000000003 0.5 -0.45 6 2 1 1 0 0 2 0 0 1
2026-09-05,06:13:21 GMT,V6.4 BLOCK - journal-guarded entry/recovery gate failed or signal already used
2026-09-05,06:13:21 GMT,SENTINEL V6 MULTI-WINDOW SCAN >>>
2026-09-05,06:13:21 GMT,V6.4 DIAG | 8 0 5 0 -0.028571428571428567 0 0.06666666666666667 0.35000000000000003 0.5 -0.45 6 2 1 1 0 0 2 0 0 1
2026-09-05,06:13:21 GMT,V6.4 BLOCK - journal-guarded entry/recovery gate failed or signal already used
2026-09-05,06:13:21 GMT,SENTINEL V6 MULTI-WINDOW SCAN >>>
2026-09-05,06:13:21 GMT,V6.4 DIAG | 2 0 9 0 0.028571428571428567 0 -0.06666666666666667 0.35000000000000003 0 -0.75 6 2 0 0 0 0 2 0 0 1
2026-09-05,06:13:21 GMT,V6.4 BLOCK - journal-guarded entry/recovery gate failed or signal already used
2026-09-05,06:13:21 GMT,SENTINEL V6 MULTI-WINDOW SCAN >>>
2026-09-05,06:13:21 GMT,V6.4 DIAG | 7 0 9 0 0.028571428571428567 0 -0.06666666666666667 0.35000000000000003 0 -0.75 6 2 0 1 0 0 2 0 0 1
2026-09-05,06:13:21 GMT,V6.4 BLOCK - journal-guarded entry/recovery gate failed or signal already used
2026-09-05,06:13:21 GMT,SENTINEL V6 MULTI-WINDOW SCAN >>>
2026-09-05,06:13:21 GMT,V6.4 DIAG | 5 0 10 -0.050000000000000044 0.08571428571428572 0.04999999999999999 -0.2 -0.4 0 -0.75 6 2 0 1 0 0 2 0 0 1
2026-09-05,06:13:21 GMT,V6.4 BLOCK - journal-guarded entry/recovery gate failed or signal already used
2026-09-05,06:13:21 GMT,SENTINEL V6 MULTI-WINDOW SCAN >>>
2026-09-05,06:13:21 GMT,V6.4 DIAG | 3 0 9 -0.050000000000000044 0.028571428571428567 0.04999999999999999 -0.06666666666666667 -0.4 0 0.05000000000000002 6 2 0 1 0 0 2 0 0 1
2026-09-05,06:13:21 GMT,V6.4 BLOCK - journal-guarded entry/recovery gate failed or signal already used
2026-09-05,06:13:21 GMT,SENTINEL V6 MULTI-WINDOW SCAN >>>
2026-09-05,06:13:21 GMT,V6.4 DIAG | 6 0 10 -0.20000000000000007 0.05714285714285714 0.2 -0.13333333333333336 -0.4 0 -0.20000000000000004 5 3 0 1 0 0 2 0 0 1
2026-09-05,06:13:21 GMT,V6.4 BLOCK - journal-guarded entry/recovery gate failed or signal already used
2026-09-05,06:13:21 GMT,SENTINEL V6 MULTI-WINDOW SCAN >>>
2026-09-05,06:13:21 GMT,V6.4 DIAG | 3 0 6 -0.15000000000000002 0 0.15000000000000002 0 -0.45 0 0.6 5 3 0 1 0 0 2 0 0 1
2026-09-05,06:13:21 GMT,V6.4 BLOCK - journal-guarded entry/recovery gate failed or signal already used
2026-09-05,06:13:21 GMT,SENTINEL V6 MULTI-WINDOW SCAN >>>
2026-09-05,06:13:21 GMT,V6.4 DIAG | 1 0 4 -0.15000000000000002 0 0.15000000000000002 0 -0.45 0 0.6 4 4 0 1 0 0 2 0 0 1
2026-09-05,06:13:21 GMT,V6.4 BLOCK - journal-guarded entry/recovery gate failed or signal already used
2026-09-05,06:13:21 GMT,SENTINEL V6 MULTI-WINDOW SCAN >>>
2026-09-05,06:13:21 GMT,V6.4 DIAG | 9 0 3 -0.15000000000000002 -0.05714285714285714 0.15000000000000002 0.13333333333333336 0.35000000000000003 0 0.6 4 4 0 1 0 0 2 0 0 1
2026-09-05,06:13:21 GMT,V6.4 BLOCK - journal-guarded entry/recovery gate failed or signal already used
2026-09-05,06:13:21 GMT,SENTINEL V6 MULTI-WINDOW SCAN >>>
2026-09-05,06:13:21 GMT,V6.4 DIAG | 0 0 6 -0.20000000000000007 0 0.2 0 0.35000000000000003 0 -0.15000000000000002 5 3 0 1 0 0 2 0 0 1
2026-09-05,06:13:21 GMT,V6.4 BLOCK - journal-guarded entry/recovery gate failed or signal already used
2026-09-05,06:13:21 GMT,SENTINEL V6 MULTI-WINDOW SCAN >>>
2026-09-05,06:13:21 GMT,V6.4 DIAG | 9 0 5 -0.20000000000000007 -0.05714285714285714 0.2 0.13333333333333336 0.35000000000000003 0 0.65 5 3 0 1 0 0 2 0 0 1
2026-09-05,06:13:21 GMT,V6.4 BLOCK - journal-guarded entry/recovery gate failed or signal already used
2026-09-05,06:13:21 GMT,SENTINEL V6 MULTI-WINDOW SCAN >>>
2026-09-05,06:13:21 GMT,V6.4 DIAG | 0 0 5 -0.050000000000000044 -0.028571428571428567 0.04999999999999999 0.06666666666666667 0.30000000000000004 0 0.15000000000000002 5 3 0 1 0 0 2 0 0 1
2026-09-05,06:13:21 GMT,V6.4 BLOCK - journal-guarded entry/recovery gate failed or signal already used
2026-09-05,06:13:21 GMT,SENTINEL V6 MULTI-WINDOW SCAN >>>
2026-09-05,06:13:21 GMT,V6.4 DIAG | 7 0 5 -0.050000000000000044 -0.028571428571428567 0.04999999999999999 0.06666666666666667 0.30000000000000004 0 0.15000000000000002 5 3 0 1 0 0 2 0 0 1
2026-09-05,06:13:21 GMT,V6.4 BLOCK - journal-guarded entry/recovery gate failed or signal already used
2026-09-05,06:13:21 GMT,SENTINEL V6 MULTI-WINDOW SCAN >>>
2026-09-05,06:13:21 GMT,V6.4 DIAG | 5 0 8 0.10000000000000009 0 -0.09999999999999998 0 -0.2 0 0.1 6 2 0 0 0 0 2 0 0 1
2026-09-05,06:13:21 GMT,V6.4 BLOCK - journal-guarded entry/recovery gate failed or signal already used
2026-09-05,06:13:21 GMT,SENTINEL V6 MULTI-WINDOW SCAN >>>
2026-09-05,06:13:21 GMT,V6.4 DIAG | 9 0 8 0.15000000000000002 -0.057142857142857134 -0.14999999999999997 0.13333333333333333 -0.25 0 0.9 6 2 0 1 0 0 2 0 0 1
2026-09-05,06:13:21 GMT,V6.4 BLOCK - journal-guarded entry/recovery gate failed or signal already used
2026-09-05,06:13:21 GMT,SENTINEL V6 MULTI-WINDOW SCAN >>>
2026-09-05,06:13:21 GMT,V6.4 DIAG | 2 0 8 0.25 -0.028571428571428567 -0.24999999999999997 0.06666666666666667 -0.25 0 0.4 7 1 0 0 0 0 2 0 0 1
2026-09-05,06:13:21 GMT,V6.4 BLOCK - journal-guarded entry/recovery gate failed or signal already used
2026-09-05,06:13:21 GMT,SENTINEL V6 MULTI-WINDOW SCAN >>>
2026-09-05,06:13:21 GMT,V6.4 DIAG | 6 0 8 0.25 -0.028571428571428567 -0.24999999999999997 0.06666666666666667 -0.25 0 0.4 7 1 0 0 0 0 2 0 0 1
2026-09-05,06:13:21 GMT,V6.4 BLOCK - journal-guarded entry/recovery gate failed or signal already used
2026-09-05,06:13:21 GMT,SENTINEL V6 MULTI-WINDOW SCAN >>>
2026-09-05,06:13:21 GMT,V6.4 DIAG | 2 0 8 0.10000000000000009 0 -0.09999999999999998 0 -0.5 0 0.4 7 1 0 0 0 0 2 0 0 1
2026-09-05,06:13:21 GMT,V6.4 BLOCK - journal-guarded entry/recovery gate failed or signal already used
2026-09-05,06:13:21 GMT,SENTINEL V6 MULTI-WINDOW SCAN >>>
2026-09-05,06:13:21 GMT,V6.4 DIAG | 9 0 9 -0.050000000000000044 0.028571428571428567 0.04999999999999999 -0.06666666666666667 -0.75 0 0.4 7 1 0 1 0 0 2 0 0 1
2026-09-05,06:13:21 GMT,V6.4 BLOCK - journal-guarded entry/recovery gate failed or signal already used
2026-09-05,06:13:21 GMT,SENTINEL V6 MULTI-WINDOW SCAN >>>
2026-09-05,06:13:21 GMT,V6.4 DIAG | 2 0 12 0.050000000000000044 0.057142857142857134 -0.04999999999999999 -0.13333333333333333 -0.75 0 -0.1 7 1 0 0 1 0 2 0 0 1
2026-09-05,06:13:21 GMT,V6.4 BLOCK - journal-guarded entry/recovery gate failed or signal already used
2026-09-05,06:13:21 GMT,SENTINEL V6 MULTI-WINDOW SCAN >>>
2026-09-05,06:13:21 GMT,V6.4 DIAG | 5 0 12 0.050000000000000044 0.057142857142857134 -0.04999999999999999 -0.13333333333333333 -0.75 0 -0.1 6 2 0 1 0 0 2 0 0 1
2026-09-05,06:13:21 GMT,V6.4 BLOCK - journal-guarded entry/recovery gate failed or signal already used
2026-09-05,06:13:21 GMT,SENTINEL V6 MULTI-WINDOW SCAN >>>
2026-09-05,06:13:21 GMT,V6.4 DIAG | 1 0 10 -0.050000000000000044 0.08571428571428572 0.04999999999999999 -0.2 -0.75 -0.05 -0.35000000000000003 6 2 0 1 0 0 2 0 0 1
2026-09-05,06:13:21 GMT,V6.4 BLOCK - journal-guarded entry/recovery gate failed or signal already used
2026-09-05,06:13:21 GMT,SENTINEL V6 MULTI-WINDOW SCAN >>>
2026-09-05,06:13:21 GMT,V6.4 DIAG | 6 0 9 -0.050000000000000044 0.028571428571428567 0.04999999999999999 -0.06666666666666667 0.05000000000000002 -0.05 -0.35000000000000003 6 2 0 1 0 0 2 0 0 1
2026-09-05,06:13:21 GMT,V6.4 BLOCK - journal-guarded entry/recovery gate failed or signal already used
2026-09-05,06:13:21 GMT,SENTINEL V6 MULTI-WINDOW SCAN >>>
2026-09-05,06:13:21 GMT,V6.4 DIAG | 3 0 6 -0.050000000000000044 -0.028571428571428567 0.04999999999999999 0.06666666666666667 0.8500000000000001 -0.05 -0.35000000000000003 5 3 0 1 0 0 2 0 0 1
2026-09-05,06:13:21 GMT,V6.4 BLOCK - journal-guarded entry/recovery gate failed or signal already used
2026-09-05,06:13:21 GMT,SENTINEL V6 MULTI-WINDOW SCAN >>>
2026-09-05,06:13:21 GMT,V6.4 DIAG | 5 0 6 0 -0.028571428571428567 0 0.06666666666666667 0.8500000000000001 -0.05 -0.4 5 3 0 0 0 0 2 0 0 1
2026-09-05,06:13:21 GMT,V6.4 BLOCK - journal-guarded entry/recovery gate failed or signal already used
2026-09-05,06:13:21 GMT,SENTINEL V6 MULTI-WINDOW SCAN >>>
2026-09-05,06:13:21 GMT,V6.4 DIAG | 0 0 6 0 -0.028571428571428567 0 0.06666666666666667 0.8500000000000001 -0.05 -0.4 5 3 0 0 0 0 2 0 0 1
2026-09-05,06:13:21 GMT,V6.4 BLOCK - journal-guarded entry/recovery gate failed or signal already used
2026-09-05,06:13:21 GMT,SENTINEL V6 MULTI-WINDOW SCAN >>>
2026-09-05,06:13:21 GMT,V6.4 DIAG | 7 0 5 -0.15000000000000002 -0.05714285714285714 0.15000000000000002 0.13333333333333336 0.6 -0.05 0.4 5 3 0 1 0 0 2 0 0 1
2026-09-05,06:13:21 GMT,V6.4 BLOCK - journal-guarded entry/recovery gate failed or signal already used
2026-09-05,06:13:21 GMT,SENTINEL V6 MULTI-WINDOW SCAN >>>
2026-09-05,06:13:21 GMT,V6.4 DIAG | 7 0 5 0 -0.028571428571428567 0 0.06666666666666667 0.05000000000000002 -0.05 0.4 6 2 0 1 0 0 2 0 0 1
2026-09-05,06:13:21 GMT,V6.4 BLOCK - journal-guarded entry/recovery gate failed or signal already used
2026-09-05,06:13:21 GMT,SENTINEL V6 MULTI-WINDOW SCAN >>>
2026-09-05,06:13:21 GMT,V6.4 DIAG | 0 0 8 0.10000000000000009 0 -0.09999999999999998 0 -0.45 -0.05 0.4 6 2 0 0 0 0 2 0 0 1
2026-09-05,06:08:12 GMT,V6.4 BLOCK - journal-guarded entry/recovery gate failed or signal already used
2026-09-05,06:08:12 GMT,SENTINEL V6 MULTI-WINDOW SCAN >>>
2026-09-05,06:08:12 GMT,V6.4 DIAG | 4 0 8 0.10000000000000009 0 -0.09999999999999998 0 -0.45 -0.05 0.4 6 2 0 0 0 0 2 0 0 1
2026-09-05,06:08:12 GMT,V6.4 BLOCK - journal-guarded entry/recovery gate failed or signal already used
2026-09-05,06:08:12 GMT,SENTINEL V6 MULTI-WINDOW SCAN >>>
2026-09-05,06:08:12 GMT,V6.4 DIAG | 9 0 8 0.15000000000000002 0 -0.14999999999999997 0 -0.5 -0.05 0.4 6 2 0 0 0 0 2 1 0 1
2026-09-05,06:08:12 GMT,V6.4 BLOCK - journal-guarded entry/recovery gate failed or signal already used
2026-09-05,06:08:12 GMT,SENTINEL V6 MULTI-WINDOW SCAN >>>
2026-09-05,06:08:12 GMT,V6.4 DIAG | 4 0 8 0.10000000000000009 0 -0.09999999999999998 0 0.05000000000000002 -0.05 -0.1 7 1 0 0 0 0 2 1 0 1
2026-09-05,06:08:11 GMT,V6.4 BLOCK - journal-guarded entry/recovery gate failed or signal already used
2026-09-05,06:08:11 GMT,SENTINEL V6 MULTI-WINDOW SCAN >>>
2026-09-05,06:08:11 GMT,V6.4 DIAG | 6 0 8 0.10000000000000009 0 -0.09999999999999998 0 0.05000000000000002 -0.05 -0.1 7 1 0 0 0 0 2 0 0 1
2026-09-05,06:08:11 GMT,V6.4 BLOCK - journal-guarded entry/recovery gate failed or signal already used
2026-09-05,06:08:11 GMT,SENTINEL V6 MULTI-WINDOW SCAN >>>
2026-09-05,06:08:11 GMT,V6.4 DIAG | 5 0 9 -0.050000000000000044 0.028571428571428567 0.04999999999999999 -0.06666666666666667 0.05000000000000002 -0.05 -0.35000000000000003 6 2 0 1 0 0 2 0 0 1
2026-09-05,06:08:11 GMT,V6.4 BLOCK - journal-guarded entry/recovery gate failed or signal already used
2026-09-05,06:08:11 GMT,SENTINEL V6 MULTI-WINDOW SCAN >>>
2026-09-05,06:08:11 GMT,V6.4 DIAG | 0 0 10 -0.20000000000000007 0.05714285714285714 0.2 -0.13333333333333336 -0.20000000000000004 -0.05 -0.35000000000000003 6 2 0 1 0 0 2 0 0 1
2026-09-05,06:08:11 GMT,V6.4 BLOCK - journal-guarded entry/recovery gate failed or signal already used
2026-09-05,06:08:11 GMT,SENTINEL V6 MULTI-WINDOW SCAN >>>
2026-09-05,06:08:11 GMT,V6.4 DIAG | 7 0 10 -0.20000000000000007 0.05714285714285714 0.2 -0.13333333333333336 -0.20000000000000004 -0.05 -0.35000000000000003 5 3 0 1 0 0 2 0 0 1
2026-09-05,06:08:11 GMT,V6.4 BLOCK - journal-guarded entry/recovery gate failed or signal already used
2026-09-05,06:08:11 GMT,SENTINEL V6 MULTI-WINDOW SCAN >>>
2026-09-05,06:08:11 GMT,V6.4 DIAG | 0 0 9 -0.10000000000000009 0.028571428571428567 0.09999999999999998 -0.06666666666666667 0.1 -0.05 -0.35000000000000003 5 3 0 1 0 0 2 0 0 1
2026-09-05,06:08:11 GMT,V6.4 BLOCK - journal-guarded entry/recovery gate failed or signal already used
2026-09-05,06:08:11 GMT,SENTINEL V6 MULTI-WINDOW SCAN >>>
2026-09-05,06:08:11 GMT,V6.4 DIAG | 6 0 9 -0.10000000000000009 0.028571428571428567 0.09999999999999998 -0.06666666666666667 0.1 -0.05 -0.35000000000000003 5 3 0 1 0 0 2 0 0 1
2026-09-05,06:08:11 GMT,V6.4 BLOCK - journal-guarded entry/recovery gate failed or signal already used
2026-09-05,06:08:11 GMT,SENTINEL V6 MULTI-WINDOW SCAN >>>
2026-09-05,06:08:11 GMT,V6.4 DIAG | 3 0 5 -0.050000000000000044 -0.028571428571428567 0.04999999999999999 0.06666666666666667 0.1 -0.1 0.45 5 3 0 1 0 0 2 0 0 1
2026-09-05,06:08:11 GMT,V6.4 BLOCK - journal-guarded entry/recovery gate failed or signal already used
2026-09-05,06:08:11 GMT,SENTINEL V6 MULTI-WINDOW SCAN >>>
2026-09-05,06:08:11 GMT,V6.4 DIAG | 6 0 5 -0.050000000000000044 -0.08571428571428572 0.04999999999999999 0.2 0.9 -0.1 0.45 5 3 0 1 0 0 2 0 0 1
2026-09-05,06:08:11 GMT,V6.4 BLOCK - journal-guarded entry/recovery gate failed or signal already used
2026-09-05,06:08:11 GMT,SENTINEL V6 MULTI-WINDOW SCAN >>>
2026-09-05,06:08:11 GMT,V6.4 DIAG | 7 0 5 -0.050000000000000044 -0.08571428571428572 0.04999999999999999 0.2 0.9 -0.1 0.45 5 3 0 1 0 0 2 0 0 1
2026-09-05,06:08:11 GMT,V6.4 BLOCK - journal-guarded entry/recovery gate failed or signal already used
2026-09-05,06:08:11 GMT,SENTINEL V6 MULTI-WINDOW SCAN >>>
2026-09-05,06:08:11 GMT,V6.4 DIAG | 0 0 5 -0.10000000000000009 -0.028571428571428567 0.09999999999999998 0.06666666666666667 0.4 -0.35000000000000003 0.45 6 2 0 1 0 0 2 0 0 1
2026-09-05,06:08:11 GMT,V6.4 BLOCK - journal-guarded entry/recovery gate failed or signal already used
2026-09-05,06:08:11 GMT,SENTINEL V6 MULTI-WINDOW SCAN >>>
2026-09-05,06:08:11 GMT,V6.4 DIAG | 9 0 5 -0.10000000000000009 -0.028571428571428567 0.09999999999999998 0.06666666666666667 0.4 -0.35000000000000003 0.45 6 2 0 1 0 0 2 0 0 1
2026-09-05,06:08:11 GMT,V6.4 BLOCK - journal-guarded entry/recovery gate failed or signal already used
2026-09-05,06:08:11 GMT,SENTINEL V6 MULTI-WINDOW SCAN >>>
2026-09-05,06:08:11 GMT,V6.4 DIAG | 7 0 8 0.050000000000000044 0 -0.04999999999999999 0 0.35000000000000003 -0.35000000000000003 -0.05 6 2 1 1 0 0 2 0 0 1
2026-09-05,06:08:11 GMT,V6.4 BLOCK - journal-guarded entry/recovery gate failed or signal already used
2026-09-05,06:08:11 GMT,SENTINEL V6 MULTI-WINDOW SCAN >>>
2026-09-05,06:08:11 GMT,V6.4 DIAG | 3 0 10 0 0.057142857142857134 0 -0.13333333333333333 -0.15 -0.35000000000000003 -0.30000000000000004 7 1 1 0 0 0 2 0 0 1
2026-09-05,06:08:11 GMT,V6.4 BLOCK - journal-guarded entry/recovery gate failed or signal already used
2026-09-05,06:08:11 GMT,SENTINEL V6 MULTI-WINDOW SCAN >>>
2026-09-05,06:08:11 GMT,V6.4 DIAG | 4 0 10 0 0.057142857142857134 0 -0.13333333333333333 -0.15 -0.35000000000000003 -0.30000000000000004 7 1 1 0 0 0 2 0 0 1
2026-09-05,06:08:11 GMT,V6.4 BLOCK - journal-guarded entry/recovery gate failed or signal already used
2026-09-05,06:08:11 GMT,SENTINEL V6 MULTI-WINDOW SCAN >>>
2026-09-05,06:08:11 GMT,V6.4 DIAG | 0 0 6 0 0 0 0 -0.15 0.45 -0.30000000000000004 6 2 1 1 0 0 2 0 0 1
2026-09-05,06:08:11 GMT,V6.4 BLOCK - journal-guarded entry/recovery gate failed or signal already used
2026-09-05,06:08:11 GMT,SENTINEL V6 MULTI-WINDOW SCAN >>>
2026-09-05,06:08:11 GMT,V6.4 DIAG | 3 0 9 -0.10000000000000009 0.028571428571428567 0.09999999999999998 -0.06666666666666667 -0.45 0.45 -0.30000000000000004 6 2 1 1 0 0 2 0 0 1
2026-09-05,06:08:11 GMT,V6.4 BLOCK - journal-guarded entry/recovery gate failed or signal already used
2026-09-05,06:08:11 GMT,SENTINEL V6 MULTI-WINDOW SCAN >>>
2026-09-05,06:08:11 GMT,V6.4 DIAG | 1 0 9 -0.050000000000000044 0.028571428571428567 0.04999999999999999 -0.06666666666666667 -0.45 0.4 -0.30000000000000004 6 2 1 1 0 0 2 0 0 1
2026-09-05,06:08:11 GMT,V6.4 BLOCK - journal-guarded entry/recovery gate failed or signal already used
2026-09-05,06:08:11 GMT,SENTINEL V6 MULTI-WINDOW SCAN >>>
2026-09-05,06:08:11 GMT,V6.4 DIAG | 3 0 5 -0.050000000000000044 -0.028571428571428567 0.04999999999999999 0.06666666666666667 -0.45 0.4 0.5 5 3 1 1 0 0 2 0 0 1
2026-09-05,06:08:11 GMT,V6.4 BLOCK - journal-guarded entry/recovery gate failed or signal already used
2026-09-05,06:08:11 GMT,SENTINEL V6 MULTI-WINDOW SCAN >>>
2026-09-05,06:08:11 GMT,V6.4 DIAG | 8 0 5 -0.20000000000000007 0 0.2 0 -0.7000000000000001 0.4 0.5 5 3 1 1 0 0 2 0 0 1
2026-09-05,06:08:11 GMT,V6.4 BLOCK - journal-guarded entry/recovery gate failed or signal already used
2026-09-05,06:08:11 GMT,SENTINEL V6 MULTI-WINDOW SCAN >>>
2026-09-05,06:08:11 GMT,V6.4 DIAG | 2 0 9 -0.10000000000000009 0.028571428571428567 0.09999999999999998 -0.06666666666666667 -0.7000000000000001 -0.1 0.5 6 2 0 1 0 0 2 0 0 1
2026-09-05,06:08:11 GMT,V6.4 BLOCK - journal-guarded entry/recovery gate failed or signal already used
2026-09-05,06:08:11 GMT,SENTINEL V6 MULTI-WINDOW SCAN >>>
2026-09-05,06:08:11 GMT,V6.4 DIAG | 3 0 5 -0.10000000000000009 -0.028571428571428567 0.09999999999999998 0.06666666666666667 0.1 -0.1 0.5 5 3 0 1 0 0 2 0 0 1
2026-09-05,06:08:11 GMT,V6.4 BLOCK - journal-guarded entry/recovery gate failed or signal already used
2026-09-05,06:08:11 GMT,SENTINEL V6 MULTI-WINDOW SCAN >>>
2026-09-05,06:08:11 GMT,V6.4 DIAG | 9 0 5 -0.10000000000000009 -0.028571428571428567 0.09999999999999998 0.06666666666666667 0.1 -0.1 0.5 5 3 0 1 0 0 2 0 0 1
2026-09-05,06:08:11 GMT,V6.4 BLOCK - journal-guarded entry/recovery gate failed or signal already used
2026-09-05,06:08:11 GMT,SENTINEL V6 MULTI-WINDOW SCAN >>>
2026-09-05,06:08:11 GMT,V6.4 DIAG | 3 0 8 0.050000000000000044 0 -0.04999999999999999 0 0.05000000000000002 -0.1 0 6 2 0 0 0 0 2 0 0 1
2026-09-05,06:08:11 GMT,V6.4 BLOCK - journal-guarded entry/recovery gate failed or signal already used
2026-09-05,06:08:11 GMT,SENTINEL V6 MULTI-WINDOW SCAN >>>
2026-09-05,06:08:11 GMT,V6.4 DIAG | 5 0 8 0.10000000000000009 -0.057142857142857134 -0.09999999999999998 0.13333333333333333 0.8500000000000001 -0.1 -0.05 6 2 0 0 0 0 2 0 0 1
2026-09-05,06:08:11 GMT,V6.4 BLOCK - journal-guarded entry/recovery gate failed or signal already used
2026-09-05,06:08:11 GMT,SENTINEL V6 MULTI-WINDOW SCAN >>>
2026-09-05,06:08:11 GMT,V6.4 DIAG | 7 0 8 0.10000000000000009 -0.057142857142857134 -0.09999999999999998 0.13333333333333333 0.8500000000000001 -0.1 -0.05 6 2 0 1 0 0 2 0 0 1
2026-09-05,06:08:11 GMT,V6.4 BLOCK - journal-guarded entry/recovery gate failed or signal already used
2026-09-05,06:08:11 GMT,SENTINEL V6 MULTI-WINDOW SCAN >>>
2026-09-05,06:08:11 GMT,V6.4 DIAG | 0 0 8 0.20000000000000007 -0.028571428571428567 -0.19999999999999998 0.06666666666666667 0.35000000000000003 -0.1 -0.05 7 1 0 0 0 0 2 0 0 1
2026-09-05,06:08:11 GMT,V6.4 BLOCK - journal-guarded entry/recovery gate failed or signal already used
2026-09-05,06:08:11 GMT,SENTINEL V6 MULTI-WINDOW SCAN >>>
2026-09-05,06:08:11 GMT,V6.4 DIAG | 1 0 8 0.10000000000000009 0 -0.09999999999999998 0 0.35000000000000003 -0.35000000000000003 -0.1 7 1 0 0 0 0 2 0 0 1
2026-09-05,06:08:11 GMT,V6.4 BLOCK - journal-guarded entry/recovery gate failed or signal already used
2026-09-05,06:08:11 GMT,SENTINEL V6 MULTI-WINDOW SCAN >>>
2026-09-05,06:08:11 GMT,V6.4 DIAG | 7 0 8 0.10000000000000009 0 -0.09999999999999998 0 0.35000000000000003 -0.35000000000000003 -0.1 7 1 0 1 0 0 2 0 0 1
2026-09-05,06:08:11 GMT,V6.4 BLOCK - journal-guarded entry/recovery gate failed or signal already used
2026-09-05,06:08:11 GMT,SENTINEL V6 MULTI-WINDOW SCAN >>>
2026-09-05,06:08:11 GMT,V6.4 DIAG | 3 1 12 0.20000000000000007 0.028571428571428567 -0.19999999999999998 -0.06666666666666667 -0.15 -0.35000000000000003 -0.1 7 1 1 0 1 0 2 1 0 1
2026-09-05,06:08:11 GMT,V6.4 BLOCK - journal-guarded entry/recovery gate failed or signal already used
2026-09-05,06:08:11 GMT,SENTINEL V6 MULTI-WINDOW SCAN >>>
2026-09-05,06:08:11 GMT,V6.4 DIAG | 3 0 12 0.20000000000000007 0.028571428571428567 -0.19999999999999998 -0.06666666666666667 -0.15 -0.35000000000000003 -0.1 7 1 1 0 1 0 2 1 0 1
2026-09-05,06:08:11 GMT,V6.4 BLOCK - journal-guarded entry/recovery gate failed or signal already used
2026-09-05,06:08:11 GMT,SENTINEL V6 MULTI-WINDOW SCAN >>>
2026-09-05,06:08:11 GMT,V6.4 DIAG | 5 0 12 0.20000000000000007 0.028571428571428567 -0.19999999999999998 -0.06666666666666667 -0.15 -0.35000000000000003 -0.1 7 1 1 0 1 0 2 0 0 1
2026-09-05,06:08:11 GMT,V6.4 BLOCK - journal-guarded entry/recovery gate failed or signal already used
2026-09-05,06:08:11 GMT,SENTINEL V6 MULTI-WINDOW SCAN >>>
2026-09-05,06:08:11 GMT,V6.4 DIAG | 0 0 8 0.050000000000000044 0 -0.04999999999999999 0 -0.4 0.45 -0.1 7 1 1 1 0 0 2 0 0 1
2026-09-05,06:08:11 GMT,V6.4 BLOCK - journal-guarded entry/recovery gate failed or signal already used
2026-09-05,06:08:11 GMT,SENTINEL V6 MULTI-WINDOW SCAN >>>
2026-09-05,06:08:11 GMT,V6.4 DIAG | 2 0 8 0.050000000000000044 0 -0.04999999999999999 0 -0.4 0.45 -0.1 7 1 1 1 0 0 2 0 0 1
2026-09-05,06:08:11 GMT,V6.4 BLOCK - journal-guarded entry/recovery gate failed or signal already used
2026-09-05,06:08:11 GMT,SENTINEL V6 MULTI-WINDOW SCAN >>>
2026-09-05,06:08:11 GMT,V6.4 DIAG | 6 0 8 0.050000000000000044 0 -0.04999999999999999 0 -0.4 0.45 -0.1 6 2 1 1 0 0 2 0 0 1
2026-09-05,06:08:11 GMT,V6.4 BLOCK - journal-guarded entry/recovery gate failed or signal already used
2026-09-05,06:08:11 GMT,SENTINEL V6 MULTI-WINDOW SCAN >>>
2026-09-05,06:08:11 GMT,V6.4 DIAG | 1 0 8 0.10000000000000009 0 -0.09999999999999998 0 -0.4 0.4 -0.1 6 2 1 1 0 0 2 0 0 1
2026-09-05,06:08:11 GMT,V6.4 BLOCK - journal-guarded entry/recovery gate failed or signal already used
2026-09-05,06:08:11 GMT,SENTINEL V6 MULTI-WINDOW SCAN >>>
2026-09-05,06:08:11 GMT,V6.4 DIAG | 8 0 9 -0.050000000000000044 0.028571428571428567 0.04999999999999999 -0.06666666666666667 -0.65 0.4 -0.1 6 2 1 1 0 0 2 0 0 1
2026-09-05,06:08:11 GMT,V6.4 BLOCK - journal-guarded entry/recovery gate failed or signal already used
2026-09-05,06:08:11 GMT,SENTINEL V6 MULTI-WINDOW SCAN >>>
2026-09-05,06:08:11 GMT,V6.4 DIAG | 5 0 9 -0.050000000000000044 0.028571428571428567 0.04999999999999999 -0.06666666666666667 0.1 -0.35000000000000003 -0.1 7 1 0 1 0 0 2 0 0 1
2026-09-05,06:08:11 GMT,V6.4 BLOCK - journal-guarded entry/recovery gate failed or signal already used
2026-09-05,06:08:11 GMT,SENTINEL V6 MULTI-WINDOW SCAN >>>
2026-09-05,06:08:11 GMT,V6.4 DIAG | 6 0 9 -0.050000000000000044 0.028571428571428567 0.04999999999999999 -0.06666666666666667 0.1 -0.35000000000000003 -0.1 6 2 0 1 0 0 2 0 0 1
2026-09-05,06:08:11 GMT,V6.4 BLOCK - journal-guarded entry/recovery gate failed or signal already used
2026-09-05,06:08:11 GMT,SENTINEL V6 MULTI-WINDOW SCAN >>>
2026-09-05,06:08:11 GMT,V6.4 DIAG | 3 0 9 -0.050000000000000044 0.028571428571428567 0.04999999999999999 -0.06666666666666667 0.1 -0.35000000000000003 -0.1 5 3 1 1 0 0 2 0 0 1
2026-09-05,06:08:11 GMT,V6.4 BLOCK - journal-guarded entry/recovery gate failed or signal already used
2026-09-05,06:08:11 GMT,SENTINEL V6 MULTI-WINDOW SCAN >>>
2026-09-05,06:08:11 GMT,V6.4 DIAG | 0 0 9 0 0.028571428571428567 0 -0.06666666666666667 0.1 -0.35000000000000003 -0.15 5 3 1 0 0 0 2 0 0 1
2026-09-05,06:08:11 GMT,V6.4 BLOCK - journal-guarded entry/recovery gate failed or signal already used
2026-09-05,06:08:11 GMT,SENTINEL V6 MULTI-WINDOW SCAN >>>
2026-09-05,06:08:11 GMT,V6.4 DIAG | 7 0 6 0 -0.028571428571428567 0 0.06666666666666667 0.9 -0.35000000000000003 -0.15 5 3 1 1 0 0 2 0 0 1
2026-09-05,06:08:11 GMT,V6.4 BLOCK - journal-guarded entry/recovery gate failed or signal already used
2026-09-05,06:08:11 GMT,SENTINEL V6 MULTI-WINDOW SCAN >>>
2026-09-05,06:08:11 GMT,V6.4 DIAG | 6 0 7 0.10000000000000009 -0.057142857142857134 -0.09999999999999998 0.13333333333333333 0.4 0.45 -0.15 6 2 1 1 0 0 2 0 0 1
2026-09-05,06:08:11 GMT,V6.4 BLOCK - journal-guarded entry/recovery gate failed or signal already used
2026-09-05,06:08:11 GMT,SENTINEL V6 MULTI-WINDOW SCAN >>>
2026-09-05,06:08:11 GMT,V6.4 DIAG | 3 0 5 -0.050000000000000044 -0.028571428571428567 0.04999999999999999 0.06666666666666667 0.15000000000000002 0.45 -0.15 6 2 1 1 0 0 2 0 0 1
2026-09-05,06:08:11 GMT,V6.4 BLOCK - journal-guarded entry/recovery gate failed or signal already used
2026-09-05,06:08:11 GMT,SENTINEL V6 MULTI-WINDOW SCAN >>>
2026-09-05,06:08:11 GMT,V6.4 DIAG | 1 0 5 -0.15000000000000002 0 0.15000000000000002 0 0.15000000000000002 0.4 -0.4 6 2 1 1 0 0 2 0 0 1
2026-09-05,06:08:11 GMT,V6.4 BLOCK - journal-guarded entry/recovery gate failed or signal already used
2026-09-05,06:08:11 GMT,SENTINEL V6 MULTI-WINDOW SCAN >>>
2026-09-05,06:08:11 GMT,V6.4 DIAG | 7 0 5 -0.15000000000000002 0 0.15000000000000002 0 0.15000000000000002 0.4 -0.4 5 3 1 1 0 0 2 0 0 1
2026-09-05,06:08:11 GMT,V6.4 BLOCK - journal-guarded entry/recovery gate failed or signal already used
2026-09-05,06:08:11 GMT,SENTINEL V6 MULTI-WINDOW SCAN >>>
2026-09-05,06:08:11 GMT,V6.4 DIAG | 8 0 9 -0.050000000000000044 0.028571428571428567 0.04999999999999999 -0.06666666666666667 -0.35000000000000003 0.4 -0.4 5 3 1 1 0 0 2 0 0 1
2026-09-05,06:08:11 GMT,V6.4 BLOCK - journal-guarded entry/recovery gate failed or signal already used
2026-09-05,06:08:11 GMT,SENTINEL V6 MULTI-WINDOW SCAN >>>
2026-09-05,06:08:11 GMT,V6.4 DIAG | 1 0 10 -0.10000000000000009 0.08571428571428572 0.09999999999999998 -0.2 -0.35000000000000003 -0.1 -0.65 6 2 0 1 0 0 2 0 0 1
2026-09-05,06:08:11 GMT,V6.4 BLOCK - journal-guarded entry/recovery gate failed or signal already used
2026-09-05,06:08:11 GMT,SENTINEL V6 MULTI-WINDOW SCAN >>>
2026-09-05,06:08:11 GMT,V6.4 DIAG | 3 0 9 -0.050000000000000044 0.028571428571428567 0.04999999999999999 -0.06666666666666667 0.45 -0.15 -0.65 6 2 0 1 0 0 2 0 0 1
2026-09-05,06:08:11 GMT,V6.4 BLOCK - journal-guarded entry/recovery gate failed or signal already used
2026-09-05,06:08:11 GMT,SENTINEL V6 MULTI-WINDOW SCAN >>>
2026-09-05,06:08:11 GMT,V6.4 DIAG | 6 0 5 -0.050000000000000044 -0.028571428571428567 0.04999999999999999 0.06666666666666667 0.45 -0.15 0.15000000000000002 5 3 0 1 0 0 2 0 0 1
2026-09-05,06:08:11 GMT,V6.4 BLOCK - journal-guarded entry/recovery gate failed or signal already used
2026-09-05,06:08:11 GMT,SENTINEL V6 MULTI-WINDOW SCAN >>>
2026-09-05,06:08:11 GMT,V6.4 DIAG | 5 0 5 0 -0.028571428571428567 0 0.06666666666666667 0.45 -0.15 0.1 5 3 0 0 0 0 2 0 0 1
2026-09-05,06:08:11 GMT,V6.4 BLOCK - journal-guarded entry/recovery gate failed or signal already used
2026-09-05,06:08:11 GMT,SENTINEL V6 MULTI-WINDOW SCAN >>>
2026-09-05,06:08:11 GMT,V6.4 DIAG | 1 0 6 0.04999999999999993 -0.028571428571428567 -0.04999999999999999 0.06666666666666667 0.45 -0.15 0.05000000000000002 5 3 0 0 0 0 2 0 0 1
2026-09-05,06:08:11 GMT,V6.4 BLOCK - journal-guarded entry/recovery gate failed or signal already used
2026-09-05,06:08:11 GMT,SENTINEL V6 MULTI-WINDOW SCAN >>>
2026-09-05,06:08:11 GMT,V6.4 DIAG | 7 0 6 0.04999999999999993 -0.08571428571428572 -0.04999999999999999 0.2 0.45 -0.15 0.8500000000000001 5 3 0 1 0 0 2 0 0 1
2026-09-05,06:08:11 GMT,V6.4 BLOCK - journal-guarded entry/recovery gate failed or signal already used
2026-09-05,06:08:11 GMT,SENTINEL V6 MULTI-WINDOW SCAN >>>
2026-09-05,06:08:11 GMT,V6.4 DIAG | 9 0 8 0.15000000000000002 -0.057142857142857134 -0.14999999999999997 0.13333333333333333 -0.05 -0.15 0.8500000000000001 6 2 0 1 0 0 2 0 0 1
2026-09-05,06:08:11 GMT,V6.4 BLOCK - journal-guarded entry/recovery gate failed or signal already used
2026-09-05,06:08:11 GMT,SENTINEL V6 MULTI-WINDOW SCAN >>>
2026-09-05,06:08:11 GMT,V6.4 DIAG | 1 0 8 0.30000000000000004 -0.028571428571428567 -0.30000000000000004 0.06666666666666667 -0.05 -0.2 0.35000000000000003 7 1 0 0 0 0 2 0 0 1
2026-09-05,06:08:11 GMT,V6.4 BLOCK - journal-guarded entry/recovery gate failed or signal already used
2026-09-05,06:08:11 GMT,SENTINEL V6 MULTI-WINDOW SCAN >>>
2026-09-05,06:08:11 GMT,V6.4 DIAG | 5 0 8 0.20000000000000007 0 -0.2 0 -0.05 -0.45 0.30000000000000004 7 1 0 0 0 0 2 1 0 1
2026-09-05,06:08:11 GMT,V6.4 BLOCK - journal-guarded entry/recovery gate failed or signal already used
2026-09-05,06:08:11 GMT,SENTINEL V6 MULTI-WINDOW SCAN >>>
2026-09-05,06:08:11 GMT,V6.4 DIAG | 9 0 8 0.20000000000000007 0 -0.2 0 -0.05 -0.45 0.30000000000000004 7 1 0 0 0 0 2 0 0 1
2026-09-05,06:08:11 GMT,V6.4 BLOCK - journal-guarded entry/recovery gate failed or signal already used
2026-09-05,06:08:11 GMT,SENTINEL V6 MULTI-WINDOW SCAN >>>
2026-09-05,06:08:11 GMT,V6.4 DIAG | 1 1 12 0.15000000000000002 0.057142857142857134 -0.14999999999999997 -0.13333333333333333 -0.30000000000000004 -0.45 -0.2 7 1 1 1 1 0 2 0 0 1
2026-09-05,06:08:11 GMT,V6.4 BLOCK - journal-guarded entry/recovery gate failed or signal already used
2026-09-05,06:08:11 GMT,SENTINEL V6 MULTI-WINDOW SCAN >>>
2026-09-05,06:08:11 GMT,V6.4 DIAG | 6 0 12 0.20000000000000007 0.057142857142857134 -0.2 -0.13333333333333333 -0.30000000000000004 -0.45 -0.25 7 1 1 0 1 0 2 1 0 1
2026-09-05,06:08:11 GMT,V6.4 BLOCK - journal-guarded entry/recovery gate failed or signal already used
2026-09-05,06:08:11 GMT,SENTINEL V6 MULTI-WINDOW SCAN >>>
2026-09-05,06:08:11 GMT,V6.4 DIAG | 5 0 12 0.20000000000000007 0.057142857142857134 -0.2 -0.13333333333333333 -0.30000000000000004 -0.45 -0.25 6 2 1 0 1 0 2 0 0 1
2026-09-05,06:08:11 GMT,V6.4 BLOCK - journal-guarded entry/recovery gate failed or signal already used
2026-09-05,06:08:11 GMT,SENTINEL V6 MULTI-WINDOW SCAN >>>
2026-09-05,06:08:11 GMT,V6.4 DIAG | 3 0 10 0.04999999999999993 0.028571428571428567 -0.04999999999999999 -0.06666666666666667 -0.30000000000000004 0.35000000000000003 -0.5 6 2 1 1 0 0 2 0 0 1
2026-09-05,06:08:11 GMT,V6.4 BLOCK - journal-guarded entry/recovery gate failed or signal already used
2026-09-05,06:08:11 GMT,SENTINEL V6 MULTI-WINDOW SCAN >>>
2026-09-05,06:08:11 GMT,V6.4 DIAG | 0 0 11 0.09999999999999998 0.028571428571428567 -0.10000000000000003 -0.06666666666666667 -0.35000000000000003 0.35000000000000003 -0.5 6 2 1 1 1 0 2 0 0 1
2026-09-05,06:08:11 GMT,V6.4 BLOCK - journal-guarded entry/recovery gate failed or signal already used
2026-09-05,06:08:11 GMT,SENTINEL V6 MULTI-WINDOW SCAN >>>
2026-09-05,06:08:11 GMT,V6.4 DIAG | 4 0 7 0.1499999999999999 -0.028571428571428567 -0.15000000000000002 0.06666666666666667 0.4 0.35000000000000003 -0.5 5 3 1 1 0 0 2 0 0 1
2026-09-05,06:08:11 GMT,V6.4 BLOCK - journal-guarded entry/recovery gate failed or signal already used
2026-09-05,06:08:11 GMT,SENTINEL V6 MULTI-WINDOW SCAN >>>
2026-09-05,06:08:11 GMT,V6.4 DIAG | 3 0 7 0.19999999999999996 -0.028571428571428567 -0.2 0.06666666666666667 0.35000000000000003 0.35000000000000003 -0.5 5 3 1 1 0 0 2 0 0 1
2026-09-05,06:08:11 GMT,V6.4 BLOCK - journal-guarded entry/recovery gate failed or signal already used
2026-09-05,06:08:11 GMT,SENTINEL V6 MULTI-WINDOW SCAN >>>
2026-09-05,06:08:11 GMT,V6.4 DIAG | 8 0 6 0.04999999999999993 0 -0.04999999999999999 0 0.35000000000000003 0.1 -0.5 5 3 1 1 0 0 2 0 0 1
2026-09-05,06:08:11 GMT,V6.4 BLOCK - journal-guarded entry/recovery gate failed or signal already used
2026-09-05,06:08:11 GMT,SENTINEL V6 MULTI-WINDOW SCAN >>>
2026-09-05,06:08:11 GMT,V6.4 DIAG | 5 0 7 0.1499999999999999 -0.028571428571428567 -0.15000000000000002 0.06666666666666667 0.35000000000000003 -0.4 0.30000000000000004 6 2 0 0 0 0 2 0 0 1
2026-09-05,06:08:11 GMT,V6.4 BLOCK - journal-guarded entry/recovery gate failed or signal already used
2026-09-05,06:08:11 GMT,SENTINEL V6 MULTI-WINDOW SCAN >>>
2026-09-05,06:08:11 GMT,V6.4 DIAG | 7 0 7 0.1499999999999999 -0.028571428571428567 -0.15000000000000002 0.06666666666666667 0.35000000000000003 -0.4 0.30000000000000004 5 3 1 1 0 0 2 0 0 1
2026-09-05,06:08:11 GMT,V6.4 BLOCK - journal-guarded entry/recovery gate failed or signal already used
2026-09-05,06:08:11 GMT,SENTINEL V6 MULTI-WINDOW SCAN >>>
2026-09-05,06:08:11 GMT,V6.4 DIAG | 5 0 8 0.25 0 -0.25 0 -0.15 -0.4 0.30000000000000004 6 2 1 0 0 0 2 0 0 1
2026-09-05,06:08:11 GMT,V6.4 BLOCK - journal-guarded entry/recovery gate failed or signal already used
2026-09-05,06:08:11 GMT,SENTINEL V6 MULTI-WINDOW SCAN >>>
2026-09-05,06:08:11 GMT,V6.4 DIAG | 4 0 11 0.09999999999999998 0.028571428571428567 -0.10000000000000003 -0.06666666666666667 -0.15 -0.65 0.30000000000000004 6 2 1 0 1 0 2 0 0 1
2026-09-05,06:08:11 GMT,V6.4 BLOCK - journal-guarded entry/recovery gate failed or signal already used
2026-09-05,06:08:11 GMT,SENTINEL V6 MULTI-WINDOW SCAN >>>
2026-09-05,06:08:11 GMT,V6.4 DIAG | 9 0 7 0.09999999999999998 -0.028571428571428567 -0.10000000000000003 0.06666666666666667 -0.15 0.15000000000000002 0.30000000000000004 6 2 1 1 0 0 2 0 0 1
2026-09-05,06:08:11 GMT,V6.4 BLOCK - journal-guarded entry/recovery gate failed or signal already used
2026-09-05,06:08:11 GMT,SENTINEL V6 MULTI-WINDOW SCAN >>>
2026-09-05,06:08:11 GMT,V6.4 DIAG | 3 0 9 0.04999999999999993 0.028571428571428567 -0.04999999999999999 -0.06666666666666667 -0.15 0.15000000000000002 -0.45 6 2 2 1 0 0 2 0 0 1
2026-09-05,06:08:11 GMT,V6.4 BLOCK - journal-guarded entry/recovery gate failed or signal already used
2026-09-05,06:08:11 GMT,SENTINEL V6 MULTI-WINDOW SCAN >>>
2026-09-05,06:08:11 GMT,V6.4 DIAG | 6 0 8 -0.09999999999999998 0.05714285714285714 0.10000000000000003 -0.13333333333333336 -0.15 0.15000000000000002 -0.7000000000000001 6 2 2 1 0 0 2 0 0 1
2026-09-05,06:08:11 GMT,V6.4 BLOCK - journal-guarded entry/recovery gate failed or signal already used
2026-09-05,06:08:11 GMT,SENTINEL V6 MULTI-WINDOW SCAN >>>
2026-09-05,06:08:11 GMT,V6.4 DIAG | 4 0 8 -0.050000000000000044 0.05714285714285714 0.050000000000000044 -0.13333333333333336 -0.15 0.1 -0.7000000000000001 5 3 2 1 0 0 2 0 0 1
2026-09-05,06:08:11 GMT,V6.4 BLOCK - journal-guarded entry/recovery gate failed or signal already used
2026-09-05,06:08:11 GMT,SENTINEL V6 MULTI-WINDOW SCAN >>>
2026-09-05,06:08:11 GMT,V6.4 DIAG | 8 0 3 -0.050000000000000044 0 0.050000000000000044 0 -0.15 0.9 -0.7000000000000001 4 4 2 1 0 0 2 0 0 1
2026-09-05,06:08:11 GMT,V6.4 BLOCK - journal-guarded entry/recovery gate failed or signal already used
2026-09-05,06:08:11 GMT,SENTINEL V6 MULTI-WINDOW SCAN >>>
2026-09-05,06:08:11 GMT,V6.4 DIAG | 1 0 9 -0.09999999999999998 0.05714285714285714 0.10000000000000003 -0.13333333333333336 -0.15 0.15000000000000002 -0.7000000000000001 5 3 1 1 0 0 2 0 0 1
2026-09-05,06:08:11 GMT,V6.4 BLOCK - journal-guarded entry/recovery gate failed or signal already used
2026-09-05,06:08:11 GMT,SENTINEL V6 MULTI-WINDOW SCAN >>>
2026-09-05,06:08:11 GMT,V6.4 DIAG | 6 0 9 -0.25 0.028571428571428574 0.25 -0.06666666666666668 -0.15 0.15000000000000002 -0.15000000000000002 5 3 1 1 0 0 2 0 0 1
2026-09-05,06:08:11 GMT,V6.4 BLOCK - journal-guarded entry/recovery gate failed or signal already used
2026-09-05,06:08:11 GMT,SENTINEL V6 MULTI-WINDOW SCAN >>>
2026-09-05,06:08:11 GMT,V6.4 DIAG | 2 0 2 -0.25 -0.028571428571428574 0.25 0.06666666666666668 -0.15 0.15000000000000002 0.65 4 4 2 1 0 0 2 0 0 1
2026-09-05,06:08:11 GMT,V6.4 BLOCK - journal-guarded entry/recovery gate failed or signal already used
2026-09-05,06:08:11 GMT,SENTINEL V6 MULTI-WINDOW SCAN >>>
2026-09-05,06:08:11 GMT,V6.4 DIAG | 8 0 2 -0.19999999999999996 -0.028571428571428574 0.2 0.06666666666666668 -0.2 0.15000000000000002 0.65 3 5 2 1 0 0 2 0 0 1
2026-09-05,06:08:11 GMT,V6.4 BLOCK - journal-guarded entry/recovery gate failed or signal already used
2026-09-05,06:08:11 GMT,SENTINEL V6 MULTI-WINDOW SCAN >>>
2026-09-05,06:08:11 GMT,V6.4 DIAG | 0 0 7 -0.25 0.028571428571428574 0.25 -0.06666666666666668 -0.2 -0.35000000000000003 0.4 4 4 1 1 0 0 2 0 0 1
2026-09-05,06:08:11 GMT,V6.4 BLOCK - journal-guarded entry/recovery gate failed or signal already used
2026-09-05,06:08:11 GMT,SENTINEL V6 MULTI-WINDOW SCAN >>>
2026-09-05,06:08:11 GMT,V6.4 DIAG | 9 0 3 -0.25 -0.028571428571428574 0.25 0.06666666666666668 -0.2 0.45 0.4 4 4 1 1 0 0 2 0 0 1
2026-09-05,06:08:11 GMT,V6.4 BLOCK - journal-guarded entry/recovery gate failed or signal already used
2026-09-05,06:08:11 GMT,SENTINEL V6 MULTI-WINDOW SCAN >>>
2026-09-05,06:08:11 GMT,V6.4 DIAG | 9 0 3 -0.15000000000000002 -0.05714285714285714 0.15000000000000002 0.13333333333333336 -0.2 0.45 0.7 4 4 1 1 0 0 2 0 0 1
2026-09-05,06:08:11 GMT,V6.4 BLOCK - journal-guarded entry/recovery gate failed or signal already used
2026-09-05,06:08:11 GMT,SENTINEL V6 MULTI-WINDOW SCAN >>>
2026-09-05,06:08:11 GMT,V6.4 DIAG | 6 0 5 -0.20000000000000007 0 0.2 0 -0.45 0.45 0.2 5 3 1 1 0 0 2 0 0 1
2026-09-05,06:08:11 GMT,V6.4 BLOCK - journal-guarded entry/recovery gate failed or signal already used
2026-09-05,06:08:11 GMT,SENTINEL V6 MULTI-WINDOW SCAN >>>
2026-09-05,06:08:11 GMT,V6.4 DIAG | 4 0 8 -0.30000000000000004 0.028571428571428574 0.3 -0.06666666666666668 -0.7000000000000001 0.4 0.2 5 3 1 1 0 0 2 0 0 1
2026-09-05,06:08:11 GMT,V6.4 BLOCK - journal-guarded entry/recovery gate failed or signal already used
2026-09-05,06:08:11 GMT,SENTINEL V6 MULTI-WINDOW SCAN >>>
2026-09-05,06:08:11 GMT,V6.4 DIAG | 8 0 2 -0.44999999999999996 0 0.44999999999999996 0 -0.95 0.4 1 4 4 1 1 0 0 2 0 0 1
2026-09-05,06:08:11 GMT,V6.4 BLOCK - journal-guarded entry/recovery gate failed or signal already used
2026-09-05,06:08:11 GMT,SENTINEL V6 MULTI-WINDOW SCAN >>>
2026-09-05,06:08:11 GMT,V6.4 DIAG | 9 0 7 -0.30000000000000004 0.028571428571428574 0.3 -0.06666666666666668 -0.95 -0.15 1 4 4 0 1 0 0 2 0 0 1
2026-09-05,06:08:11 GMT,V6.4 BLOCK - journal-guarded entry/recovery gate failed or signal already used
2026-09-05,06:08:11 GMT,SENTINEL V6 MULTI-WINDOW SCAN >>>
2026-09-05,06:08:11 GMT,V6.4 DIAG | 2 0 7 -0.20000000000000007 0.05714285714285714 0.2 -0.13333333333333336 -0.95 -0.15 0.5 4 4 0 1 0 0 2 0 0 1
2026-09-05,06:08:11 GMT,V6.4 BLOCK - journal-guarded entry/recovery gate failed or signal already used
2026-09-05,06:08:11 GMT,SENTINEL V6 MULTI-WINDOW SCAN >>>
2026-09-05,06:08:11 GMT,V6.4 DIAG | 1 0 4 -0.20000000000000007 0 0.2 0 -0.15000000000000002 -0.15 0.5 4 4 0 1 0 0 2 0 0 1
2026-09-05,06:08:11 GMT,V6.4 BLOCK - journal-guarded entry/recovery gate failed or signal already used
2026-09-05,06:08:11 GMT,SENTINEL V6 MULTI-WINDOW SCAN >>>
2026-09-05,06:08:11 GMT,V6.4 DIAG | 9 0 3 -0.15000000000000002 -0.05714285714285714 0.15000000000000002 0.13333333333333336 0.65 -0.2 0.5 4 4 0 1 0 0 2 0 0 1
2026-09-05,06:08:11 GMT,V6.4 BLOCK - journal-guarded entry/recovery gate failed or signal already used
2026-09-05,06:08:11 GMT,SENTINEL V6 MULTI-WINDOW SCAN >>>
2026-09-05,06:08:11 GMT,V6.4 DIAG | 5 0 6 -0.050000000000000044 -0.08571428571428572 0.04999999999999999 0.2 1.45 -0.2 0 5 3 0 1 0 0 2 0 0 1
2026-09-05,06:08:11 GMT,V6.4 BLOCK - journal-guarded entry/recovery gate failed or signal already used
2026-09-05,06:08:11 GMT,SENTINEL V6 MULTI-WINDOW SCAN >>>
2026-09-05,06:08:11 GMT,V6.4 DIAG | 1 0 6 -0.050000000000000044 -0.08571428571428572 0.04999999999999999 0.2 1.45 -0.2 0 5 3 0 1 0 0 2 0 0 1
2026-09-05,06:08:11 GMT,V6.4 BLOCK - journal-guarded entry/recovery gate failed or signal already used
2026-09-05,06:08:11 GMT,SENTINEL V6 MULTI-WINDOW SCAN >>>
2026-09-05,06:08:11 GMT,V6.4 DIAG | 7 0 6 0 -0.08571428571428572 0 0.2 1.4 -0.2 0 5 3 0 1 0 0 2 0 0 1
2026-09-05,06:08:11 GMT,V6.4 BLOCK - journal-guarded entry/recovery gate failed or signal already used
2026-09-05,06:08:11 GMT,SENTINEL V6 MULTI-WINDOW SCAN >>>
2026-09-05,06:08:11 GMT,V6.4 DIAG | 7 0 8 0.15000000000000002 -0.057142857142857134 -0.14999999999999997 0.13333333333333333 0.9 -0.2 -0.05 6 2 0 0 0 0 2 0 0 1
2026-09-05,06:08:11 GMT,V6.4 BLOCK - journal-guarded entry/recovery gate failed or signal already used
2026-09-05,06:08:11 GMT,SENTINEL V6 MULTI-WINDOW SCAN >>>
2026-09-05,06:08:11 GMT,V6.4 DIAG | 7 0 8 0.10000000000000009 0 -0.09999999999999998 0 0.4 -0.45 -0.05 7 1 0 1 0 0 2 0 0 1
2026-09-05,06:08:11 GMT,V6.4 BLOCK - journal-guarded entry/recovery gate failed or signal already used
2026-09-05,06:08:11 GMT,SENTINEL V6 MULTI-WINDOW SCAN >>>
2026-09-05,06:08:11 GMT,V6.4 DIAG | 5 0 12 0.25 0.028571428571428567 -0.24999999999999997 -0.06666666666666667 -0.1 -0.45 -0.1 8 0 0 1 1 0 2 0 0 1
2026-09-05,06:08:11 GMT,V6.4 BLOCK - journal-guarded entry/recovery gate failed or signal already used
2026-09-05,06:08:11 GMT,SENTINEL V6 MULTI-WINDOW SCAN >>>
2026-09-05,06:08:11 GMT,V6.4 DIAG | 2 1 12 0.30000000000000004 0.028571428571428567 -0.30000000000000004 -0.06666666666666667 -0.15 -0.45 -0.1 7 1 1 0 1 0 2 0 0 1
2026-09-05,06:08:11 GMT,V6.4 BLOCK - journal-guarded entry/recovery gate failed or signal already used
2026-09-05,06:08:11 GMT,SENTINEL V6 MULTI-WINDOW SCAN >>>
2026-09-05,06:08:11 GMT,V6.4 DIAG | 5 0 12 0.35 0.028571428571428567 -0.35 -0.06666666666666667 -0.15 -0.45 -0.15 7 1 1 0 1 0 2 1 0 1
2026-09-05,06:08:11 GMT,V6.4 BLOCK - journal-guarded entry/recovery gate failed or signal already used
2026-09-05,06:08:11 GMT,SENTINEL V6 MULTI-WINDOW SCAN >>>
2026-09-05,06:08:11 GMT,V6.4 DIAG | 6 0 12 0.35 0.028571428571428567 -0.35 -0.06666666666666667 -0.15 -0.45 -0.15 7 1 1 0 1 0 2 0 0 1
2026-09-05,06:08:11 GMT,V6.4 BLOCK - journal-guarded entry/recovery gate failed or signal already used
2026-09-05,06:08:11 GMT,SENTINEL V6 MULTI-WINDOW SCAN >>>
2026-09-05,06:08:11 GMT,V6.4 DIAG | 2 0 8 0.20000000000000007 0 -0.2 0 -0.4 0.35000000000000003 -0.15 7 1 1 1 0 0 2 0 0 1
2026-09-05,06:08:11 GMT,V6.4 BLOCK - journal-guarded entry/recovery gate failed or signal already used
2026-09-05,06:08:11 GMT,SENTINEL V6 MULTI-WINDOW SCAN >>>
2026-09-05,06:08:11 GMT,V6.4 DIAG | 4 0 8 0.20000000000000007 0 -0.2 0 -0.4 0.35000000000000003 -0.15 7 1 1 1 0 0 2 0 0 1
2026-09-05,06:08:11 GMT,V6.4 BLOCK - journal-guarded entry/recovery gate failed or signal already used
2026-09-05,06:08:11 GMT,SENTINEL V6 MULTI-WINDOW SCAN >>>
2026-09-05,06:08:11 GMT,V6.4 DIAG | 1 0 8 0.20000000000000007 0 -0.2 0 -0.4 0.35000000000000003 -0.15 6 2 1 1 0 0 2 0 0 1
2026-09-05,06:08:11 GMT,V6.4 BLOCK - journal-guarded entry/recovery gate failed or signal already used
2026-09-05,06:08:11 GMT,SENTINEL V6 MULTI-WINDOW SCAN >>>
2026-09-05,06:08:11 GMT,V6.4 DIAG | 0 0 8 0.20000000000000007 0 -0.2 0 -0.4 0.35000000000000003 -0.15 6 2 1 1 0 0 2 0 0 1
2026-09-05,06:08:11 GMT,V6.4 BLOCK - journal-guarded entry/recovery gate failed or signal already used
2026-09-05,06:08:11 GMT,SENTINEL V6 MULTI-WINDOW SCAN >>>
2026-09-05,06:08:11 GMT,V6.4 DIAG | 8 0 8 0.20000000000000007 0 -0.2 0 -0.4 0.35000000000000003 -0.15 6 2 1 1 0 0 2 0 0 1
2026-09-05,06:08:11 GMT,V6.4 BLOCK - journal-guarded entry/recovery gate failed or signal already used
2026-09-05,06:08:11 GMT,SENTINEL V6 MULTI-WINDOW SCAN >>>
2026-09-05,06:08:11 GMT,V6.4 DIAG | 3 0 8 0.20000000000000007 0 -0.2 0 0.4 -0.45 -0.15 7 1 0 0 0 0 2 0 0 1
2026-09-05,06:08:11 GMT,V6.4 BLOCK - journal-guarded entry/recovery gate failed or signal already used
2026-09-05,06:08:11 GMT,SENTINEL V6 MULTI-WINDOW SCAN >>>
2026-09-05,06:08:11 GMT,V6.4 DIAG | 1 0 8 0.20000000000000007 0 -0.2 0 0.4 -0.45 -0.15 7 1 0 0 0 0 2 0 0 1
2026-09-05,06:08:11 GMT,V6.4 BLOCK - journal-guarded entry/recovery gate failed or signal already used
2026-09-05,06:08:11 GMT,SENTINEL V6 MULTI-WINDOW SCAN >>>
2026-09-05,06:08:11 GMT,V6.4 DIAG | 6 0 11 0.09999999999999998 0.028571428571428567 -0.10000000000000003 -0.06666666666666667 0.4 -0.75 -0.15 6 2 1 0 1 0 2 0 0 1
2026-09-05,06:08:11 GMT,V6.4 BLOCK - journal-guarded entry/recovery gate failed or signal already used
2026-09-05,06:08:11 GMT,SENTINEL V6 MULTI-WINDOW SCAN >>>
2026-09-05,06:08:11 GMT,V6.4 DIAG | 5 0 11 0.09999999999999998 0.028571428571428567 -0.10000000000000003 -0.06666666666666667 0.4 -0.75 -0.15 6 2 1 0 1 0 2 0 0 1
2026-09-05,06:08:11 GMT,V6.4 BLOCK - journal-guarded entry/recovery gate failed or signal already used
2026-09-05,06:08:11 GMT,SENTINEL V6 MULTI-WINDOW SCAN >>>
2026-09-05,06:08:11 GMT,V6.4 DIAG | 7 0 10 0.1499999999999999 0.028571428571428567 -0.15000000000000002 -0.06666666666666667 0.35000000000000003 -0.75 -0.15 5 3 2 0 1 0 2 0 0 1
2026-09-05,06:08:11 GMT,V6.4 BLOCK - journal-guarded entry/recovery gate failed or signal already used
2026-09-05,06:08:11 GMT,SENTINEL V6 MULTI-WINDOW SCAN >>>
2026-09-05,06:08:11 GMT,V6.4 DIAG | 1 0 11 0.09999999999999998 0.028571428571428567 -0.10000000000000003 -0.06666666666666667 -0.15 -0.20000000000000004 -0.15 6 2 2 0 1 0 2 0 0 1
2026-09-05,06:08:11 GMT,V6.4 BLOCK - journal-guarded entry/recovery gate failed or signal already used
2026-09-05,06:08:11 GMT,SENTINEL V6 MULTI-WINDOW SCAN >>>
2026-09-05,06:08:11 GMT,V6.4 DIAG | 0 0 11 0.1499999999999999 0.028571428571428567 -0.15000000000000002 -0.06666666666666667 -0.15 -0.20000000000000004 -0.2 6 2 2 0 1 0 2 0 0 1
2026-09-05,06:08:11 GMT,V6.4 BLOCK - journal-guarded entry/recovery gate failed or signal already used
2026-09-05,06:08:11 GMT,SENTINEL V6 MULTI-WINDOW SCAN >>>
2026-09-05,06:08:11 GMT,V6.4 DIAG | 0 0 7 0.1499999999999999 -0.028571428571428567 -0.15000000000000002 0.06666666666666667 -0.15 0.6 -0.2 5 3 3 1 0 0 2 0 0 1
2026-09-05,06:08:11 GMT,V6.4 BLOCK - journal-guarded entry/recovery gate failed or signal already used
2026-09-05,06:08:11 GMT,SENTINEL V6 MULTI-WINDOW SCAN >>>
2026-09-05,06:08:11 GMT,V6.4 DIAG | 4 0 6 0.04999999999999993 0 -0.04999999999999999 0 -0.4 0.6 -0.25 5 3 3 1 0 0 2 0 0 1
2026-09-05,06:08:11 GMT,V6.4 BLOCK - journal-guarded entry/recovery gate failed or signal already used
2026-09-05,06:08:11 GMT,SENTINEL V6 MULTI-WINDOW SCAN >>>
2026-09-05,06:08:11 GMT,V6.4 DIAG | 8 0 8 -0.09999999999999998 0.028571428571428574 0.09999999999999998 -0.06666666666666668 -0.4 0.6 -0.5 5 3 3 1 0 0 2 0 0 1
2026-09-05,06:08:11 GMT,V6.4 BLOCK - journal-guarded entry/recovery gate failed or signal already used
2026-09-05,06:08:11 GMT,SENTINEL V6 MULTI-WINDOW SCAN >>>
2026-09-05,06:08:11 GMT,V6.4 DIAG | 6 0 6 0.04999999999999993 0 -0.04999999999999999 0 -0.4 0.8500000000000001 -0.5 5 3 2 1 0 0 2 0 0 1
2026-09-05,06:08:11 GMT,V6.4 BLOCK - journal-guarded entry/recovery gate failed or signal already used
2026-09-05,06:08:11 GMT,SENTINEL V6 MULTI-WINDOW SCAN >>>
2026-09-05,06:08:11 GMT,V6.4 DIAG | 8 0 6 -0.050000000000000044 0.028571428571428574 0.04999999999999999 -0.06666666666666668 -0.45 0.8500000000000001 -0.75 4 4 2 1 0 0 2 0 0 1
2026-09-05,06:08:11 GMT,V6.4 BLOCK - journal-guarded entry/recovery gate failed or signal already used
2026-09-05,06:08:11 GMT,SENTINEL V6 MULTI-WINDOW SCAN >>>
2026-09-05,06:08:11 GMT,V6.4 DIAG | 0 0 9 -0.050000000000000044 0.08571428571428572 0.04999999999999999 -0.2 -0.7000000000000001 0.35000000000000003 -0.8 5 3 1 1 0 0 2 0 0 1
2026-09-05,06:08:11 GMT,V6.4 BLOCK - journal-guarded entry/recovery gate failed or signal already used
2026-09-05,06:08:11 GMT,SENTINEL V6 MULTI-WINDOW SCAN >>>
2026-09-05,06:08:11 GMT,V6.4 DIAG | 1 0 5 -0.19999999999999996 0.05714285714285715 0.19999999999999996 -0.13333333333333333 0.1 0.35000000000000003 -1.05 4 4 1 1 0 0 2 0 0 1
2026-09-05,06:08:11 GMT,V6.4 BLOCK - journal-guarded entry/recovery gate failed or signal already used
2026-09-05,06:08:11 GMT,SENTINEL V6 MULTI-WINDOW SCAN >>>
2026-09-05,06:08:11 GMT,V6.4 DIAG | 8 0 2 -0.15000000000000002 0 0.14999999999999997 0 0.1 0.35000000000000003 -0.30000000000000004 3 5 1 1 0 0 2 0 0 1
2026-09-05,06:08:11 GMT,V6.4 BLOCK - journal-guarded entry/recovery gate failed or signal already used
2026-09-05,06:08:11 GMT,SENTINEL V6 MULTI-WINDOW SCAN >>>
2026-09-05,06:08:11 GMT,V6.4 DIAG | 0 0 7 -0.050000000000000044 0.028571428571428574 0.04999999999999999 -0.06666666666666668 0.1 -0.15 -0.30000000000000004 3 5 0 1 0 0 2 0 0 1
2026-09-05,06:08:11 GMT,V6.4 BLOCK - journal-guarded entry/recovery gate failed or signal already used
2026-09-05,06:08:11 GMT,SENTINEL V6 MULTI-WINDOW SCAN >>>
2026-09-05,06:08:11 GMT,V6.4 DIAG | 3 0 3 0 -0.028571428571428574 0 0.06666666666666668 0.05000000000000002 -0.15 0.5 3 5 0 0 0 0 2 0 0 1
2026-09-05,06:08:11 GMT,V6.4 BLOCK - journal-guarded entry/recovery gate failed or signal already used
2026-09-05,06:08:11 GMT,SENTINEL V6 MULTI-WINDOW SCAN >>>
2026-09-05,06:08:11 GMT,V6.4 DIAG | 7 0 3 0 -0.08571428571428572 0 0.2 0.8500000000000001 -0.15 0.5 3 5 0 1 0 0 2 0 0 1
2026-09-05,06:08:11 GMT,V6.4 BLOCK - journal-guarded entry/recovery gate failed or signal already used
2026-09-05,06:08:11 GMT,SENTINEL V6 MULTI-WINDOW SCAN >>>
2026-09-05,06:08:11 GMT,V6.4 DIAG | 9 0 5 0.09999999999999998 -0.11428571428571428 -0.09999999999999998 0.26666666666666666 0.35000000000000003 -0.15 1.2999999999999998 4 4 0 1 0 0 2 0 0 1
2026-09-05,06:08:11 GMT,V6.4 BLOCK - journal-guarded entry/recovery gate failed or signal already used
2026-09-05,06:08:11 GMT,SENTINEL V6 MULTI-WINDOW SCAN >>>
2026-09-05,06:08:11 GMT,V6.4 DIAG | 1 0 7 0.19999999999999996 -0.08571428571428572 -0.2 0.2 0.35000000000000003 -0.15 0.8 5 3 0 0 0 0 2 0 0 1
2026-09-05,06:08:11 GMT,V6.4 BLOCK - journal-guarded entry/recovery gate failed or signal already used
2026-09-05,06:08:11 GMT,SENTINEL V6 MULTI-WINDOW SCAN >>>
2026-09-05,06:08:11 GMT,V6.4 DIAG | 9 0 6 0.04999999999999993 -0.05714285714285714 -0.04999999999999999 0.13333333333333336 0.35000000000000003 -0.4 0.8 5 3 0 1 0 0 2 0 0 1
2026-09-05,06:08:11 GMT,V6.4 BLOCK - journal-guarded entry/recovery gate failed or signal already used
2026-09-05,06:08:11 GMT,SENTINEL V6 MULTI-WINDOW SCAN >>>
2026-09-05,06:08:11 GMT,V6.4 DIAG | 7 0 7 0.19999999999999996 -0.028571428571428567 -0.2 0.06666666666666667 0.35000000000000003 -0.4 0.25 6 2 0 0 0 0 2 0 0 1
2026-09-05,06:08:11 GMT,V6.4 BLOCK - journal-guarded entry/recovery gate failed or signal already used
2026-09-05,06:08:11 GMT,SENTINEL V6 MULTI-WINDOW SCAN >>>
2026-09-05,06:08:11 GMT,V6.4 DIAG | 9 1 11 0.1499999999999999 0.028571428571428567 -0.15000000000000002 -0.06666666666666667 -0.15 -0.65 0.25 6 2 1 1 0 0 2 0 0 1
2026-09-05,06:08:11 GMT,V6.4 BLOCK - journal-guarded entry/recovery gate failed or signal already used
2026-09-05,06:08:11 GMT,SENTINEL V6 MULTI-WINDOW SCAN >>>
2026-09-05,06:08:11 GMT,V6.4 DIAG | 0 0 12 0.25 0.057142857142857134 -0.25 -0.13333333333333333 -0.15 -0.65 -0.25 7 1 1 0 0 0 2 1 0 1
2026-09-05,06:08:11 GMT,V6.4 BLOCK - journal-guarded entry/recovery gate failed or signal already used
2026-09-05,06:08:11 GMT,SENTINEL V6 MULTI-WINDOW SCAN >>>
2026-09-05,06:08:11 GMT,V6.4 DIAG | 1 0 11 0.09999999999999998 0.08571428571428572 -0.10000000000000003 -0.2 -0.4 -0.65 -0.25 6 2 2 0 1 0 2 0 0 1
2026-09-05,06:08:11 GMT,V6.4 BLOCK - journal-guarded entry/recovery gate failed or signal already used
2026-09-05,06:08:11 GMT,SENTINEL V6 MULTI-WINDOW SCAN >>>
2026-09-05,06:08:11 GMT,V6.4 DIAG | 2 0 10 0.09999999999999998 0.028571428571428567 -0.10000000000000003 -0.06666666666666667 -0.4 0.15000000000000002 -0.25 6 2 2 1 0 0 2 0 0 1
2026-09-05,06:08:11 GMT,V6.4 BLOCK - journal-guarded entry/recovery gate failed or signal already used
2026-09-05,06:08:11 GMT,SENTINEL V6 MULTI-WINDOW SCAN >>>
2026-09-05,06:08:11 GMT,V6.4 DIAG | 1 0 8 0 0.05714285714285714 0 -0.13333333333333336 -0.45 0.15000000000000002 -0.5 5 3 2 1 0 0 2 0 0 1
2026-09-05,06:08:11 GMT,V6.4 BLOCK - journal-guarded entry/recovery gate failed or signal already used
2026-09-05,06:08:11 GMT,SENTINEL V6 MULTI-WINDOW SCAN >>>
2026-09-05,06:08:11 GMT,V6.4 DIAG | 2 0 5 0 0 0 0 -0.45 0.9500000000000001 -0.5 5 3 2 1 0 0 2 0 0 1
2026-09-05,06:08:11 GMT,V6.4 BLOCK - journal-guarded entry/recovery gate failed or signal already used
2026-09-05,06:08:11 GMT,SENTINEL V6 MULTI-WINDOW SCAN >>>
2026-09-05,06:08:11 GMT,V6.4 DIAG | 5 0 6 -0.15000000000000002 0.028571428571428574 0.15000000000000002 -0.06666666666666668 -0.45 0.9500000000000001 -0.75 4 4 2 1 0 0 2 0 0 1
2026-09-05,06:08:11 GMT,V6.4 BLOCK - journal-guarded entry/recovery gate failed or signal already used
2026-09-05,06:08:11 GMT,SENTINEL V6 MULTI-WINDOW SCAN >>>
2026-09-05,06:08:11 GMT,V6.4 DIAG | 8 0 2 -0.15000000000000002 -0.028571428571428574 0.15000000000000002 0.06666666666666668 0.35000000000000003 0.9500000000000001 -0.75 4 4 2 1 0 0 2 0 0 1
2026-09-05,06:08:11 GMT,V6.4 BLOCK - journal-guarded entry/recovery gate failed or signal already used
2026-09-05,06:08:11 GMT,SENTINEL V6 MULTI-WINDOW SCAN >>>
2026-09-05,06:08:11 GMT,V6.4 DIAG | 5 0 6 -0.15000000000000002 0.028571428571428574 0.15000000000000002 -0.06666666666666668 0.35000000000000003 0.2 -0.8 4 4 1 1 0 0 2 0 0 1
2026-09-05,06:08:11 GMT,V6.4 BLOCK - journal-guarded entry/recovery gate failed or signal already used
2026-09-05,06:08:11 GMT,SENTINEL V6 MULTI-WINDOW SCAN >>>
2026-09-05,06:08:11 GMT,V6.4 DIAG | 8 0 2 -0.25 0 0.25 0 0.1 0.2 -0.04999999999999999 4 4 1 1 0 0 2 0 0 1
2026-09-05,06:08:11 GMT,V6.4 BLOCK - journal-guarded entry/recovery gate failed or signal already used
2026-09-05,06:08:11 GMT,SENTINEL V6 MULTI-WINDOW SCAN >>>
2026-09-05,06:08:11 GMT,V6.4 DIAG | 1 0 6 -0.29999999999999993 0.05714285714285715 0.3 -0.13333333333333333 0.1 -0.30000000000000004 -0.30000000000000004 4 4 1 1 0 0 2 0 0 1
2026-09-05,06:08:11 GMT,V6.4 BLOCK - journal-guarded entry/recovery gate failed or signal already used
2026-09-05,06:08:11 GMT,SENTINEL V6 MULTI-WINDOW SCAN >>>
2026-09-05,06:08:11 GMT,V6.4 DIAG | 7 0 2 -0.29999999999999993 0 0.3 0 0.1 -0.30000000000000004 0.5 3 5 1 1 0 0 2 0 0 1
2026-09-05,06:08:11 GMT,V6.4 BLOCK - journal-guarded entry/recovery gate failed or signal already used
2026-09-05,06:08:11 GMT,SENTINEL V6 MULTI-WINDOW SCAN >>>
2026-09-05,06:08:11 GMT,V6.4 DIAG | 4 0 6 -0.29999999999999993 0.05714285714285715 0.3 -0.13333333333333333 -0.4 -0.35000000000000003 0.25 3 5 1 1 0 0 2 0 0 1
2026-09-05,06:08:11 GMT,V6.4 BLOCK - journal-guarded entry/recovery gate failed or signal already used
2026-09-05,06:08:11 GMT,SENTINEL V6 MULTI-WINDOW SCAN >>>
2026-09-05,06:08:11 GMT,V6.4 DIAG | 9 0 2 -0.29999999999999993 0 0.3 0 -0.4 0.45 0.25 3 5 1 1 0 0 2 0 0 1
2026-09-05,06:08:11 GMT,V6.4 BLOCK - journal-guarded entry/recovery gate failed or signal already used
2026-09-05,06:08:11 GMT,SENTINEL V6 MULTI-WINDOW SCAN >>>
2026-09-05,06:08:11 GMT,V6.4 DIAG | 6 0 2 -0.35 0 0.35 0 0.15000000000000002 0.45 -0.25 3 5 1 1 0 0 2 0 0 1
2026-09-05,06:08:11 GMT,V6.4 BLOCK - journal-guarded entry/recovery gate failed or signal already used
2026-09-05,06:08:11 GMT,SENTINEL V6 MULTI-WINDOW SCAN >>>
2026-09-05,06:08:11 GMT,V6.4 DIAG | 9 0 1 -0.29999999999999993 -0.05714285714285715 0.3 0.13333333333333333 0.15000000000000002 0.45 0.5 3 5 1 1 0 0 2 0 0 1
2026-09-05,06:08:11 GMT,V6.4 BLOCK - journal-guarded entry/recovery gate failed or signal already used
2026-09-05,06:08:11 GMT,SENTINEL V6 MULTI-WINDOW SCAN >>>
2026-09-05,06:08:11 GMT,V6.4 DIAG | 2 0 3 -0.15000000000000002 -0.028571428571428574 0.15000000000000002 0.06666666666666668 0.1 0.45 0 3 5 1 1 0 0 2 0 0 1
2026-09-05,06:08:11 GMT,V6.4 BLOCK - journal-guarded entry/recovery gate failed or signal already used
2026-09-05,06:08:11 GMT,SENTINEL V6 MULTI-WINDOW SCAN >>>
2026-09-05,06:08:11 GMT,V6.4 DIAG | 8 0 2 -0.15000000000000002 -0.08571428571428572 0.15000000000000002 0.2 0.1 0.45 0.8 3 5 1 1 0 0 2 0 0 1
2026-09-05,06:08:11 GMT,V6.4 BLOCK - journal-guarded entry/recovery gate failed or signal already used
2026-09-05,06:08:11 GMT,SENTINEL V6 MULTI-WINDOW SCAN >>>
2026-09-05,06:08:11 GMT,V6.4 DIAG | 7 0 3 -0.050000000000000044 -0.05714285714285714 0.050000000000000044 0.13333333333333336 0.1 -0.05 0.8 4 4 0 1 0 0 2 0 0 1
2026-09-05,06:08:11 GMT,V6.4 BLOCK - journal-guarded entry/recovery gate failed or signal already used
2026-09-05,06:08:11 GMT,SENTINEL V6 MULTI-WINDOW SCAN >>>
2026-09-05,06:08:11 GMT,V6.4 DIAG | 9 0 5 -0.09999999999999998 -0.05714285714285714 0.10000000000000003 0.13333333333333336 0.4 -0.05 0.55 5 3 0 1 0 0 2 0 0 1
2026-09-05,06:08:11 GMT,V6.4 BLOCK - journal-guarded entry/recovery gate failed or signal already used
2026-09-05,06:08:11 GMT,SENTINEL V6 MULTI-WINDOW SCAN >>>
2026-09-05,06:08:11 GMT,V6.4 DIAG | 3 0 5 0 -0.028571428571428567 0 0.06666666666666667 0.4 -0.05 0.05000000000000002 6 2 0 0 0 0 2 0 0 1
2026-09-05,06:08:11 GMT,V6.4 BLOCK - journal-guarded entry/recovery gate failed or signal already used
2026-09-05,06:08:11 GMT,SENTINEL V6 MULTI-WINDOW SCAN >>>
2026-09-05,06:08:11 GMT,V6.4 DIAG | 9 0 5 0 -0.028571428571428567 0 0.06666666666666667 0.4 -0.05 0.05000000000000002 5 3 0 1 0 0 2 0 0 1
2026-09-05,06:08:11 GMT,V6.4 BLOCK - journal-guarded entry/recovery gate failed or signal already used
2026-09-05,06:08:11 GMT,SENTINEL V6 MULTI-WINDOW SCAN >>>
2026-09-05,06:08:11 GMT,V6.4 DIAG | 5 0 8 0.15000000000000002 0 -0.14999999999999997 0 0.4 -0.1 -0.45 6 2 0 1 0 0 2 0 0 1
2026-09-05,06:08:11 GMT,V6.4 BLOCK - journal-guarded entry/recovery gate failed or signal already used
2026-09-05,06:08:11 GMT,SENTINEL V6 MULTI-WINDOW SCAN >>>
2026-09-05,06:08:11 GMT,V6.4 DIAG | 7 0 8 0.20000000000000007 0 -0.2 0 0.35000000000000003 -0.1 -0.45 6 2 0 0 0 0 2 0 0 1
2026-09-05,06:08:11 GMT,V6.4 BLOCK - journal-guarded entry/recovery gate failed or signal already used
2026-09-05,06:08:11 GMT,SENTINEL V6 MULTI-WINDOW SCAN >>>
2026-09-05,06:08:11 GMT,V6.4 DIAG | 6 0 8 0.15000000000000002 0 -0.14999999999999997 0 -0.4 -0.1 0.35000000000000003 7 1 0 1 0 0 2 0 0 1
2026-09-05,06:08:11 GMT,V6.4 BLOCK - journal-guarded entry/recovery gate failed or signal already used
2026-09-05,06:08:11 GMT,SENTINEL V6 MULTI-WINDOW SCAN >>>
2026-09-05,06:08:11 GMT,V6.4 DIAG | 6 0 8 0.20000000000000007 0 -0.2 0 -0.45 -0.1 0.35000000000000003 7 1 0 0 0 0 2 0 0 1
2026-09-05,06:08:11 GMT,V6.4 BLOCK - journal-guarded entry/recovery gate failed or signal already used
2026-09-05,06:08:11 GMT,SENTINEL V6 MULTI-WINDOW SCAN >>>
2026-09-05,06:08:11 GMT,V6.4 DIAG | 5 0 8 0.25 0 -0.25 0 -0.45 -0.1 0.30000000000000004 6 2 0 0 0 0 2 1 0 1
2026-09-05,06:08:11 GMT,V6.4 BLOCK - journal-guarded entry/recovery gate failed or signal already used
2026-09-05,06:08:11 GMT,SENTINEL V6 MULTI-WINDOW SCAN >>>
2026-09-05,06:08:11 GMT,V6.4 DIAG | 3 0 8 0.25 0 -0.25 0 -0.45 -0.1 0.30000000000000004 6 2 0 0 0 0 2 0 0 1
2026-09-05,06:08:11 GMT,V6.4 BLOCK - journal-guarded entry/recovery gate failed or signal already used
2026-09-05,06:08:11 GMT,SENTINEL V6 MULTI-WINDOW SCAN >>>
2026-09-05,06:08:11 GMT,V6.4 DIAG | 9 1 11 0.09999999999999998 0.028571428571428567 -0.10000000000000003 -0.06666666666666667 -0.45 -0.1 0.05000000000000002 6 2 0 0 1 0 2 0 0 1
2026-09-05,06:08:11 GMT,V6.4 BLOCK - journal-guarded entry/recovery gate failed or signal already used
2026-09-05,06:08:11 GMT,SENTINEL V6 MULTI-WINDOW SCAN >>>
2026-09-05,06:08:11 GMT,V6.4 DIAG | 5 0 11 0.09999999999999998 0.028571428571428567 -0.10000000000000003 -0.06666666666666667 0.35000000000000003 -0.15 -0.7000000000000001 7 1 0 0 1 0 2 1 0 1
2026-09-05,06:08:11 GMT,V6.4 BLOCK - journal-guarded entry/recovery gate failed or signal already used
2026-09-05,06:08:11 GMT,SENTINEL V6 MULTI-WINDOW SCAN >>>
2026-09-05,06:08:11 GMT,V6.4 DIAG | 2 0 11 0.09999999999999998 0.028571428571428567 -0.10000000000000003 -0.06666666666666667 0.35000000000000003 -0.15 -0.7000000000000001 6 2 0 0 1 0 2 0 0 1
2026-09-05,06:08:11 GMT,V6.4 BLOCK - journal-guarded entry/recovery gate failed or signal already used
2026-09-05,06:08:11 GMT,SENTINEL V6 MULTI-WINDOW SCAN >>>
2026-09-05,06:08:11 GMT,V6.4 DIAG | 0 0 11 0.09999999999999998 0.028571428571428567 -0.10000000000000003 -0.06666666666666667 0.35000000000000003 -0.15 -0.7000000000000001 5 3 0 0 0 0 2 0 0 1
2026-09-05,06:08:11 GMT,V6.4 BLOCK - journal-guarded entry/recovery gate failed or signal already used
2026-09-05,06:08:11 GMT,SENTINEL V6 MULTI-WINDOW SCAN >>>
2026-09-05,06:08:11 GMT,V6.4 DIAG | 0 0 9 0 0.05714285714285714 0 -0.13333333333333336 0.35000000000000003 -0.45 -0.7000000000000001 5 3 0 0 0 0 2 0 0 1
2026-09-05,06:08:11 GMT,V6.4 BLOCK - journal-guarded entry/recovery gate failed or signal already used
2026-09-05,06:08:11 GMT,SENTINEL V6 MULTI-WINDOW SCAN >>>
2026-09-05,06:08:11 GMT,V6.4 DIAG | 7 0 5 0 0 0 0 0.35000000000000003 -0.45 0.1 5 3 0 1 0 0 2 0 0 1
2026-09-05,06:08:11 GMT,V6.4 BLOCK - journal-guarded entry/recovery gate failed or signal already used
2026-09-05,06:08:11 GMT,SENTINEL V6 MULTI-WINDOW SCAN >>>
2026-09-05,06:08:11 GMT,V6.4 DIAG | 2 0 8 0.09999999999999998 -0.028571428571428567 -0.10000000000000003 0.06666666666666667 -0.15 -0.45 0.9 5 3 1 0 0 0 2 0 0 1
2026-09-05,06:08:11 GMT,V6.4 BLOCK - journal-guarded entry/recovery gate failed or signal already used
2026-09-05,06:08:11 GMT,SENTINEL V6 MULTI-WINDOW SCAN >>>
2026-09-05,06:08:11 GMT,V6.4 DIAG | 0 0 6 0 0 0 0 -0.15 -0.45 0.6 5 3 1 1 0 0 2 0 0 1
2026-09-05,06:08:11 GMT,V6.4 BLOCK - journal-guarded entry/recovery gate failed or signal already used
2026-09-05,06:08:11 GMT,SENTINEL V6 MULTI-WINDOW SCAN >>>
2026-09-05,06:08:11 GMT,V6.4 DIAG | 5 0 9 -0.09999999999999998 0.028571428571428574 0.09999999999999998 -0.06666666666666668 -0.45 -0.45 0.6 5 3 1 1 0 0 2 0 0 1
2026-09-05,06:08:11 GMT,V6.4 BLOCK - journal-guarded entry/recovery gate failed or signal already used
2026-09-05,06:08:11 GMT,SENTINEL V6 MULTI-WINDOW SCAN >>>
2026-09-05,06:08:11 GMT,V6.4 DIAG | 9 0 3 -0.09999999999999998 -0.028571428571428574 0.09999999999999998 0.06666666666666668 -0.45 0.35000000000000003 0.6 4 4 1 1 0 0 2 0 0 1
2026-09-05,06:08:11 GMT,V6.4 BLOCK - journal-guarded entry/recovery gate failed or signal already used
2026-09-05,06:08:11 GMT,SENTINEL V6 MULTI-WINDOW SCAN >>>
2026-09-05,06:08:11 GMT,V6.4 DIAG | 9 0 3 0 0 0 0 -0.45 0.35000000000000003 0.1 4 4 1 1 0 0 2 0 0 1
2026-09-05,06:08:11 GMT,V6.4 BLOCK - journal-guarded entry/recovery gate failed or signal already used
2026-09-05,06:08:11 GMT,SENTINEL V6 MULTI-WINDOW SCAN >>>
2026-09-05,06:08:11 GMT,V6.4 DIAG | 2 0 11 0.09999999999999998 0.028571428571428567 -0.10000000000000003 -0.06666666666666667 -0.45 0.35000000000000003 -0.4 5 3 1 1 1 0 2 0 0 1
2026-09-05,06:08:11 GMT,V6.4 BLOCK - journal-guarded entry/recovery gate failed or signal already used
2026-09-05,06:08:11 GMT,SENTINEL V6 MULTI-WINDOW SCAN >>>
2026-09-05,06:08:11 GMT,V6.4 DIAG | 4 0 7 0.09999999999999998 -0.028571428571428567 -0.10000000000000003 0.06666666666666667 -0.45 0.35000000000000003 0.4 5 3 1 1 0 0 2 0 0 1
2026-09-05,06:08:11 GMT,V6.4 BLOCK - journal-guarded entry/recovery gate failed or signal already used
2026-09-05,06:08:11 GMT,SENTINEL V6 MULTI-WINDOW SCAN >>>
2026-09-05,06:08:11 GMT,V6.4 DIAG | 8 0 6 0.09999999999999998 -0.08571428571428572 -0.10000000000000003 0.2 0.35000000000000003 0.35000000000000003 0.4 5 3 1 1 0 0 2 0 0 1
2026-09-05,06:08:11 GMT,V6.4 BLOCK - journal-guarded entry/recovery gate failed or signal already used
2026-09-05,06:08:11 GMT,SENTINEL V6 MULTI-WINDOW SCAN >>>
2026-09-05,06:08:11 GMT,V6.4 DIAG | 6 0 6 0.04999999999999993 -0.028571428571428567 -0.04999999999999999 0.06666666666666667 0.35000000000000003 -0.4 0.4 6 2 0 1 0 0 2 0 0 1
2026-09-05,06:08:11 GMT,V6.4 BLOCK - journal-guarded entry/recovery gate failed or signal already used
2026-09-05,06:08:11 GMT,SENTINEL V6 MULTI-WINDOW SCAN >>>
2026-09-05,06:08:11 GMT,V6.4 DIAG | 6 0 5 -0.09999999999999998 0 0.10000000000000003 0 0.1 -0.4 0.4 6 2 0 1 0 0 2 0 0 1
2026-09-05,06:08:11 GMT,V6.4 BLOCK - journal-guarded entry/recovery gate failed or signal already used
2026-09-05,06:08:11 GMT,SENTINEL V6 MULTI-WINDOW SCAN >>>
2026-09-05,06:08:11 GMT,V6.4 DIAG | 9 0 5 -0.09999999999999998 0 0.10000000000000003 0 0.1 -0.4 0.4 5 3 1 1 0 0 2 0 0 1
2026-09-05,06:08:11 GMT,V6.4 BLOCK - journal-guarded entry/recovery gate failed or signal already used
2026-09-05,06:08:11 GMT,SENTINEL V6 MULTI-WINDOW SCAN >>>
2026-09-05,06:08:11 GMT,V6.4 DIAG | 7 0 10 -0.15000000000000002 0.05714285714285714 0.15000000000000002 -0.13333333333333336 -0.15000000000000002 -0.4 -0.1 5 3 1 1 0 0 2 0 0 1
2026-09-05,06:08:11 GMT,V6.4 BLOCK - journal-guarded entry/recovery gate failed or signal already used
2026-09-05,06:08:11 GMT,SENTINEL V6 MULTI-WINDOW SCAN >>>
2026-09-05,06:08:11 GMT,V6.4 DIAG | 0 0 10 -0.20000000000000007 0.11428571428571428 0.2 -0.26666666666666666 -0.65 -0.4 -0.35000000000000003 6 2 1 1 0 0 2 0 0 1
2026-09-05,06:08:11 GMT,V6.4 BLOCK - journal-guarded entry/recovery gate failed or signal already used
2026-09-05,06:08:11 GMT,SENTINEL V6 MULTI-WINDOW SCAN >>>
2026-09-05,06:08:11 GMT,V6.4 DIAG | 1 0 9 -0.20000000000000007 0.05714285714285714 0.2 -0.13333333333333336 -0.65 0.4 -0.35000000000000003 5 3 1 1 0 0 2 0 0 1
2026-09-05,06:08:11 GMT,V6.4 BLOCK - journal-guarded entry/recovery gate failed or signal already used
2026-09-05,06:08:11 GMT,SENTINEL V6 MULTI-WINDOW SCAN >>>
2026-09-05,06:08:11 GMT,V6.4 DIAG | 0 0 3 -0.20000000000000007 0 0.2 0 0.15000000000000002 0.4 -0.35000000000000003 4 4 1 1 0 0 2 0 0 1
2026-09-05,06:08:11 GMT,V6.4 BLOCK - journal-guarded entry/recovery gate failed or signal already used
2026-09-05,06:08:11 GMT,SENTINEL V6 MULTI-WINDOW SCAN >>>
2026-09-05,06:08:11 GMT,V6.4 DIAG | 0 0 6 -0.30000000000000004 0.028571428571428574 0.3 -0.06666666666666668 0.1 0.15000000000000002 -0.35000000000000003 4 4 1 1 0 0 2 0 0 1
2026-09-05,06:08:11 GMT,V6.4 BLOCK - journal-guarded entry/recovery gate failed or signal already used
2026-09-05,06:08:11 GMT,SENTINEL V6 MULTI-WINDOW SCAN >>>
2026-09-05,06:08:11 GMT,V6.4 DIAG | 2 0 3 -0.25 -0.028571428571428574 0.25 0.06666666666666668 0.9 0.1 -0.35000000000000003 4 4 1 1 0 0 2 0 0 1
2026-09-05,06:08:11 GMT,V6.4 BLOCK - journal-guarded entry/recovery gate failed or signal already used
2026-09-05,06:08:11 GMT,SENTINEL V6 MULTI-WINDOW SCAN >>>
2026-09-05,06:08:11 GMT,V6.4 DIAG | 8 0 1 -0.19999999999999996 -0.08571428571428572 0.2 0.2 0.9 0.05000000000000002 0.45 3 5 2 1 0 0 2 0 0 1
2026-09-05,06:08:11 GMT,V6.4 BLOCK - journal-guarded entry/recovery gate failed or signal already used
2026-09-05,06:08:11 GMT,SENTINEL V6 MULTI-WINDOW SCAN >>>
2026-09-05,06:08:11 GMT,V6.4 DIAG | 7 0 3 -0.25 -0.028571428571428574 0.25 0.06666666666666668 0.9 -0.7000000000000001 0.45 4 4 1 1 0 0 2 0 0 1
2026-09-05,06:08:11 GMT,V6.4 BLOCK - journal-guarded entry/recovery gate failed or signal already used
2026-09-05,06:08:11 GMT,SENTINEL V6 MULTI-WINDOW SCAN >>>
2026-09-05,06:08:11 GMT,V6.4 DIAG | 3 0 5 -0.15000000000000002 0 0.15000000000000002 0 0.4 -0.7000000000000001 0.45 5 3 1 1 0 0 2 0 0 1
2026-09-05,06:08:11 GMT,V6.4 BLOCK - journal-guarded entry/recovery gate failed or signal already used
2026-09-05,06:08:11 GMT,SENTINEL V6 MULTI-WINDOW SCAN >>>
2026-09-05,06:08:11 GMT,V6.4 DIAG | 7 0 1 -0.15000000000000002 -0.05714285714285714 0.15000000000000002 0.13333333333333336 0.4 0.1 0.45 4 4 2 1 0 0 2 0 0 1
2026-09-05,06:08:11 GMT,V6.4 BLOCK - journal-guarded entry/recovery gate failed or signal already used
2026-09-05,06:08:11 GMT,SENTINEL V6 MULTI-WINDOW SCAN >>>
2026-09-05,06:08:11 GMT,V6.4 DIAG | 9 0 4 -0.20000000000000007 0 0.2 0 -0.1 0.1 0.2 5 3 2 1 0 0 2 0 0 1
2026-09-05,06:08:11 GMT,V6.4 BLOCK - journal-guarded entry/recovery gate failed or signal already used
2026-09-05,06:08:11 GMT,SENTINEL V6 MULTI-WINDOW SCAN >>>
2026-09-05,06:08:11 GMT,V6.4 DIAG | 1 0 8 -0.25 0.05714285714285714 0.25 -0.13333333333333336 -0.35000000000000003 0.1 -0.30000000000000004 6 2 2 1 0 0 2 0 0 1
2026-09-05,06:08:11 GMT,V6.4 BLOCK - journal-guarded entry/recovery gate failed or signal already used
2026-09-05,06:08:11 GMT,SENTINEL V6 MULTI-WINDOW SCAN >>>
2026-09-05,06:08:11 GMT,V6.4 DIAG | 6 0 5 -0.25 0 0.25 0 -0.35000000000000003 0.9 -0.30000000000000004 5 3 2 1 0 0 2 0 0 1
2026-09-05,06:08:11 GMT,V6.4 BLOCK - journal-guarded entry/recovery gate failed or signal already used
2026-09-05,06:08:11 GMT,SENTINEL V6 MULTI-WINDOW SCAN >>>
2026-09-05,06:08:11 GMT,V6.4 DIAG | 8 0 3 -0.25 0 0.25 0 -0.35000000000000003 0.9 -0.30000000000000004 4 4 2 1 0 0 2 0 0 1
2026-09-05,06:08:11 GMT,V6.4 BLOCK - journal-guarded entry/recovery gate failed or signal already used
2026-09-05,06:08:11 GMT,SENTINEL V6 MULTI-WINDOW SCAN >>>
2026-09-05,06:08:11 GMT,V6.4 DIAG | 0 0 9 -0.15000000000000002 0.028571428571428567 0.15 -0.06666666666666667 -0.35000000000000003 0.4 -0.30000000000000004 5 3 1 1 0 0 2 0 0 1
2026-09-05,06:08:11 GMT,V6.4 BLOCK - journal-guarded entry/recovery gate failed or signal already used
2026-09-05,06:08:11 GMT,SENTINEL V6 MULTI-WINDOW SCAN >>>
2026-09-05,06:08:11 GMT,V6.4 DIAG | 6 0 5 -0.15000000000000002 -0.028571428571428567 0.15 0.06666666666666667 -0.35000000000000003 0.4 0.5 5 3 1 1 0 0 2 0 0 1
2026-09-05,06:08:11 GMT,V6.4 BLOCK - journal-guarded entry/recovery gate failed or signal already used
2026-09-05,06:08:11 GMT,SENTINEL V6 MULTI-WINDOW SCAN >>>
2026-09-05,06:08:11 GMT,V6.4 DIAG | 8 0 4 -0.10000000000000009 -0.08571428571428572 0.09999999999999998 0.2 0.4 0.4 0.5 5 3 1 1 0 0 2 0 0 1
2026-09-05,06:08:11 GMT,V6.4 BLOCK - journal-guarded entry/recovery gate failed or signal already used
2026-09-05,06:08:11 GMT,SENTINEL V6 MULTI-WINDOW SCAN >>>
2026-09-05,06:08:11 GMT,V6.4 DIAG | 4 0 7 0.050000000000000044 -0.057142857142857134 -0.04999999999999999 0.13333333333333333 0.35000000000000003 -0.1 0.5 6 2 0 0 0 0 2 0 0 1
2026-09-05,06:08:11 GMT,V6.4 BLOCK - journal-guarded entry/recovery gate failed or signal already used
2026-09-05,06:08:11 GMT,SENTINEL V6 MULTI-WINDOW SCAN >>>
2026-09-05,06:08:11 GMT,V6.4 DIAG | 6 0 7 0.10000000000000009 -0.057142857142857134 -0.09999999999999998 0.13333333333333333 0.35000000000000003 -0.1 0.45 6 2 0 0 0 0 2 0 0 1
2026-09-05,06:08:11 GMT,V6.4 BLOCK - journal-guarded entry/recovery gate failed or signal already used
2026-09-05,06:08:11 GMT,SENTINEL V6 MULTI-WINDOW SCAN >>>
2026-09-05,06:08:11 GMT,V6.4 DIAG | 9 0 7 0.15000000000000002 -0.057142857142857134 -0.14999999999999997 0.13333333333333333 0.35000000000000003 -0.1 0.4 6 2 0 1 0 0 2 0 0 1
2026-09-05,06:08:11 GMT,V6.4 BLOCK - journal-guarded entry/recovery gate failed or signal already used
2026-09-05,06:08:11 GMT,SENTINEL V6 MULTI-WINDOW SCAN >>>
2026-09-05,06:08:11 GMT,V6.4 DIAG | 7 0 8 0.25 -0.028571428571428567 -0.24999999999999997 0.06666666666666667 0.35000000000000003 -0.1 -0.1 7 1 0 1 0 0 2 0 0 1
2026-09-05,06:08:11 GMT,V6.4 BLOCK - journal-guarded entry/recovery gate failed or signal already used
2026-09-05,06:08:11 GMT,SENTINEL V6 MULTI-WINDOW SCAN >>>
2026-09-05,06:08:11 GMT,V6.4 DIAG | 0 0 9 0.35 0 -0.35 0 -0.15 -0.1 -0.1 8 0 0 0 0 0 2 0 0 1
2026-09-05,06:08:11 GMT,V6.4 BLOCK - journal-guarded entry/recovery gate failed or signal already used
2026-09-05,06:08:11 GMT,SENTINEL V6 MULTI-WINDOW SCAN >>>
2026-09-05,06:08:11 GMT,V6.4 DIAG | 5 0 9 0.35 0 -0.35 0 -0.15 -0.1 -0.1 8 0 0 1 0 0 2 0 0 1
2026-09-05,06:08:11 GMT,V6.4 BLOCK - journal-guarded entry/recovery gate failed or signal already used
2026-09-05,06:08:11 GMT,SENTINEL V6 MULTI-WINDOW SCAN >>>
2026-09-05,06:08:11 GMT,V6.4 DIAG | 6 0 9 0.4 0 -0.4 0 -0.2 -0.1 -0.1 8 0 0 0 0 0 2 0 0 1
2026-09-05,06:08:11 GMT,V6.4 BLOCK - journal-guarded entry/recovery gate failed or signal already used
2026-09-05,06:08:11 GMT,SENTINEL V6 MULTI-WINDOW SCAN >>>
2026-09-05,06:08:11 GMT,V6.4 DIAG | 4 0 12 0.30000000000000004 0.028571428571428567 -0.30000000000000004 -0.06666666666666667 -0.5 -0.1 -0.1 8 0 0 0 0 0 2 0 0 1
2026-09-05,06:08:11 GMT,V6.4 BLOCK - journal-guarded entry/recovery gate failed or signal already used
2026-09-05,06:08:11 GMT,SENTINEL V6 MULTI-WINDOW SCAN >>>
2026-09-05,06:08:11 GMT,V6.4 DIAG | 3 0 12 0.20000000000000007 0.057142857142857134 -0.2 -0.13333333333333333 -0.5 -0.4 -0.1 8 0 0 0 0 0 2 0 0 1
2026-09-05,06:08:11 GMT,V6.4 BLOCK - journal-guarded entry/recovery gate failed or signal already used
2026-09-05,06:08:11 GMT,SENTINEL V6 MULTI-WINDOW SCAN >>>
2026-09-05,06:08:11 GMT,V6.4 DIAG | 2 1 12 0.09999999999999998 0.08571428571428572 -0.10000000000000003 -0.2 -0.5 -0.7000000000000001 -0.1 7 1 0 0 1 0 2 0 0 1
2026-09-05,06:08:11 GMT,V6.4 BLOCK - journal-guarded entry/recovery gate failed or signal already used
2026-09-05,06:08:11 GMT,SENTINEL V6 MULTI-WINDOW SCAN >>>
2026-09-05,06:08:11 GMT,V6.4 DIAG | 4 1 12 0.1499999999999999 0.08571428571428572 -0.15000000000000002 -0.2 -0.55 -0.7000000000000001 -0.1 6 2 1 0 1 0 2 1 0 1
2026-09-05,06:08:11 GMT,V6.4 BLOCK - journal-guarded entry/recovery gate failed or signal already used
2026-09-05,06:08:11 GMT,SENTINEL V6 MULTI-WINDOW SCAN >>>
2026-09-05,06:08:11 GMT,V6.4 DIAG | 0 0 11 0.1499999999999999 0.08571428571428572 -0.15000000000000002 -0.2 -0.55 -0.7000000000000001 -0.1 5 3 2 0 1 0 2 1 0 1
2026-09-05,06:08:11 GMT,V6.4 BLOCK - journal-guarded entry/recovery gate failed or signal already used
2026-09-05,06:08:11 GMT,SENTINEL V6 MULTI-WINDOW SCAN >>>
2026-09-05,06:08:11 GMT,V6.4 DIAG | 1 0 10 0.1499999999999999 0.028571428571428567 -0.15000000000000002 -0.06666666666666667 0.25 -0.7000000000000001 -0.1 5 3 2 0 1 0 2 0 0 1
2026-09-05,06:08:11 GMT,V6.4 BLOCK - journal-guarded entry/recovery gate failed or signal already used
2026-09-05,06:08:11 GMT,SENTINEL V6 MULTI-WINDOW SCAN >>>
2026-09-05,06:08:11 GMT,V6.4 DIAG | 1 0 6 0.1499999999999999 -0.028571428571428567 -0.15000000000000002 0.06666666666666667 0.25 0.1 -0.1 5 3 2 0 0 0 2 0 0 1
2026-09-05,06:08:11 GMT,V6.4 BLOCK - journal-guarded entry/recovery gate failed or signal already used
2026-09-05,06:08:11 GMT,SENTINEL V6 MULTI-WINDOW SCAN >>>
2026-09-05,06:08:11 GMT,V6.4 DIAG | 1 0 6 0.1499999999999999 -0.08571428571428572 -0.15000000000000002 0.2 0.25 0.9 -0.1 5 3 2 1 0 0 2 0 0 1
2026-09-05,06:08:11 GMT,V6.4 BLOCK - journal-guarded entry/recovery gate failed or signal already used
2026-09-05,06:08:11 GMT,SENTINEL V6 MULTI-WINDOW SCAN >>>
2026-09-05,06:08:11 GMT,V6.4 DIAG | 1 0 6 0.1499999999999999 -0.08571428571428572 -0.15000000000000002 0.2 0.25 0.9 -0.1 5 3 2 1 0 0 2 0 0 1
2026-09-05,06:08:11 GMT,V6.4 BLOCK - journal-guarded entry/recovery gate failed or signal already used
2026-09-05,06:08:11 GMT,SENTINEL V6 MULTI-WINDOW SCAN >>>
2026-09-05,06:08:11 GMT,V6.4 DIAG | 7 0 6 0.1499999999999999 -0.08571428571428572 -0.15000000000000002 0.2 0.25 0.9 -0.1 5 3 2 1 0 0 2 0 0 1
2026-09-05,06:08:11 GMT,V6.4 BLOCK - journal-guarded entry/recovery gate failed or signal already used
2026-09-05,06:08:11 GMT,SENTINEL V6 MULTI-WINDOW SCAN >>>
2026-09-05,06:08:11 GMT,V6.4 DIAG | 8 0 7 0.25 -0.057142857142857134 -0.25 0.13333333333333333 -0.25 0.9 -0.1 6 2 2 1 0 0 2 0 0 1
2026-09-05,06:08:11 GMT,V6.4 BLOCK - journal-guarded entry/recovery gate failed or signal already used
2026-09-05,06:08:11 GMT,SENTINEL V6 MULTI-WINDOW SCAN >>>
2026-09-05,06:08:11 GMT,V6.4 DIAG | 8 0 8 0.35 -0.028571428571428567 -0.35 0.06666666666666667 -0.25 0.4 -0.1 7 1 1 1 0 0 2 0 0 1
2026-09-05,06:08:11 GMT,V6.4 BLOCK - journal-guarded entry/recovery gate failed or signal already used
2026-09-05,06:08:11 GMT,SENTINEL V6 MULTI-WINDOW SCAN >>>
2026-09-05,06:08:11 GMT,V6.4 DIAG | 1 0 12 0.30000000000000004 0.028571428571428567 -0.30000000000000004 -0.06666666666666667 -0.5 -0.1 -0.1 8 0 0 0 0 0 2 1 0 1
2026-09-05,06:08:11 GMT,V6.4 BLOCK - journal-guarded entry/recovery gate failed or signal already used
2026-09-05,06:08:11 GMT,SENTINEL V6 MULTI-WINDOW SCAN >>>
2026-09-05,06:08:11 GMT,V6.4 DIAG | 2 0 12 0.15000000000000002 0.057142857142857134 -0.14999999999999997 -0.13333333333333333 -0.75 -0.1 -0.1 8 0 0 0 0 0 2 0 0 1
2026-09-05,06:08:11 GMT,V6.4 BLOCK - journal-guarded entry/recovery gate failed or signal already used
2026-09-05,06:08:11 GMT,SENTINEL V6 MULTI-WINDOW SCAN >>>
2026-09-05,06:08:11 GMT,V6.4 DIAG | 1 0 10 0 0.08571428571428572 0 -0.2 -0.75 -0.1 -0.35000000000000003 7 1 0 1 0 0 2 0 0 1
2026-09-05,06:08:11 GMT,V6.4 BLOCK - journal-guarded entry/recovery gate failed or signal already used
2026-09-05,06:08:11 GMT,SENTINEL V6 MULTI-WINDOW SCAN >>>
2026-09-05,06:08:11 GMT,V6.4 DIAG | 1 0 10 -0.15000000000000002 0.11428571428571428 0.15000000000000002 -0.26666666666666666 -0.75 -0.1 -0.6000000000000001 6 2 0 1 0 0 2 0 0 1
2026-09-05,06:08:11 GMT,V6.4 BLOCK - journal-guarded entry/recovery gate failed or signal already used
2026-09-05,06:08:11 GMT,SENTINEL V6 MULTI-WINDOW SCAN >>>
2026-09-05,06:08:11 GMT,V6.4 DIAG | 1 0 10 -0.15000000000000002 0.11428571428571428 0.15000000000000002 -0.26666666666666666 -0.75 -0.1 -0.6000000000000001 5 3 0 1 0 0 2 0 0 1
2026-09-05,06:08:11 GMT,V6.4 BLOCK - journal-guarded entry/recovery gate failed or signal already used
2026-09-05,06:08:11 GMT,SENTINEL V6 MULTI-WINDOW SCAN >>>
2026-09-05,06:08:11 GMT,V6.4 DIAG | 0 0 8 -0.09999999999999998 0.05714285714285714 0.10000000000000003 -0.13333333333333336 0 -0.1 -0.6000000000000001 4 4 0 1 0 0 2 0 0 1
2026-09-05,06:08:11 GMT,V6.4 BLOCK - journal-guarded entry/recovery gate failed or signal already used
2026-09-05,06:08:11 GMT,SENTINEL V6 MULTI-WINDOW SCAN >>>
2026-09-05,06:08:11 GMT,V6.4 DIAG | 1 0 4 -0.09999999999999998 0 0.10000000000000003 0 0.8 -0.1 -0.6000000000000001 4 4 0 1 0 0 2 0 0 1
2026-09-05,06:08:11 GMT,V6.4 BLOCK - journal-guarded entry/recovery gate failed or signal already used
2026-09-05,06:08:11 GMT,SENTINEL V6 MULTI-WINDOW SCAN >>>
2026-09-05,06:08:11 GMT,V6.4 DIAG | 0 0 3 -0.25 -0.028571428571428574 0.25 0.06666666666666668 0.55 -0.1 0.2 4 4 0 1 0 0 2 0 0 1
2026-09-05,06:08:11 GMT,V6.4 BLOCK - journal-guarded entry/recovery gate failed or signal already used
2026-09-05,06:08:11 GMT,SENTINEL V6 MULTI-WINDOW SCAN >>>
2026-09-05,06:08:11 GMT,V6.4 DIAG | 1 0 2 -0.35 -0.05714285714285715 0.35 0.13333333333333333 0.30000000000000004 -0.1 0.9500000000000001 4 4 0 1 0 0 2 0 0 1
2026-09-05,06:08:11 GMT,V6.4 BLOCK - journal-guarded entry/recovery gate failed or signal already used
2026-09-05,06:08:11 GMT,SENTINEL V6 MULTI-WINDOW SCAN >>>
2026-09-05,06:08:11 GMT,V6.4 DIAG | 7 0 2 -0.5 -0.02857142857142857 0.49999999999999994 0.06666666666666665 0.30000000000000004 -0.35000000000000003 0.9500000000000001 3 5 0 1 0 0 2 0 0 1
2026-09-05,06:08:11 GMT,V6.4 BLOCK - journal-guarded entry/recovery gate failed or signal already used
2026-09-05,06:08:11 GMT,SENTINEL V6 MULTI-WINDOW SCAN >>>
2026-09-05,06:08:11 GMT,V6.4 DIAG | 7 0 6 -0.55 0.02857142857142857 0.5499999999999999 -0.06666666666666665 -0.20000000000000004 -0.6000000000000001 0.9500000000000001 3 5 0 1 0 0 2 0 0 1
2026-09-05,06:08:11 GMT,V6.4 BLOCK - journal-guarded entry/recovery gate failed or signal already used
2026-09-05,06:08:11 GMT,SENTINEL V6 MULTI-WINDOW SCAN >>>
2026-09-05,06:08:11 GMT,V6.4 DIAG | 9 0 6 -0.55 0.08571428571428572 0.5499999999999999 -0.19999999999999998 -0.95 -0.6000000000000001 0.9 3 5 1 1 0 0 2 0 0 1
2026-09-05,06:08:11 GMT,V6.4 BLOCK - journal-guarded entry/recovery gate failed or signal already used
2026-09-05,06:08:11 GMT,SENTINEL V6 MULTI-WINDOW SCAN >>>
2026-09-05,06:08:11 GMT,V6.4 DIAG | 9 0 5 -0.4 0.05714285714285715 0.39999999999999997 -0.13333333333333333 -0.15000000000000002 -0.6000000000000001 0.35000000000000003 3 5 2 1 0 0 2 0 0 1
2026-09-05,06:08:11 GMT,V6.4 BLOCK - journal-guarded entry/recovery gate failed or signal already used
2026-09-05,06:08:11 GMT,SENTINEL V6 MULTI-WINDOW SCAN >>>
2026-09-05,06:08:11 GMT,V6.4 DIAG | 1 0 6 -0.30000000000000004 0.028571428571428574 0.3 -0.06666666666666668 0.65 -0.6000000000000001 -0.15 3 5 2 1 0 0 2 0 0 1
2026-09-05,06:08:11 GMT,V6.4 BLOCK - journal-guarded entry/recovery gate failed or signal already used
2026-09-05,06:08:11 GMT,SENTINEL V6 MULTI-WINDOW SCAN >>>
2026-09-05,06:08:11 GMT,V6.4 DIAG | 1 0 2 -0.30000000000000004 -0.028571428571428574 0.3 0.06666666666666668 0.65 0.2 -0.15 3 5 2 1 0 0 2 0 0 1
2026-09-05,06:08:11 GMT,V6.4 BLOCK - journal-guarded entry/recovery gate failed or signal already used
2026-09-05,06:08:11 GMT,SENTINEL V6 MULTI-WINDOW SCAN >>>
2026-09-05,06:08:11 GMT,V6.4 DIAG | 1 0 2 -0.30000000000000004 -0.08571428571428572 0.3 0.2 0.65 1 -0.15 3 5 2 1 0 0 2 0 0 1
2026-09-05,06:08:11 GMT,V6.4 BLOCK - journal-guarded entry/recovery gate failed or signal already used
2026-09-05,06:08:11 GMT,SENTINEL V6 MULTI-WINDOW SCAN >>>
2026-09-05,06:08:11 GMT,V6.4 DIAG | 7 0 2 -0.25 -0.14285714285714285 0.25 0.3333333333333333 1.45 1 -0.2 3 5 2 1 0 0 2 0 0 1
2026-09-05,06:08:11 GMT,V6.4 BLOCK - journal-guarded entry/recovery gate failed or signal already used
2026-09-05,06:08:11 GMT,SENTINEL V6 MULTI-WINDOW SCAN >>>
2026-09-05,06:08:11 GMT,V6.4 DIAG | 7 0 2 -0.09999999999999998 -0.11428571428571428 0.10000000000000003 0.26666666666666666 0.9 1 -0.2 4 4 2 1 0 0 2 0 0 1
2026-09-05,06:08:11 GMT,V6.4 BLOCK - journal-guarded entry/recovery gate failed or signal already used
2026-09-05,06:08:11 GMT,SENTINEL V6 MULTI-WINDOW SCAN >>>
2026-09-05,06:08:11 GMT,V6.4 DIAG | 8 0 4 0 -0.08571428571428572 0 0.2 0.4 1 -0.2 5 3 2 1 0 0 2 0 0 1
2026-09-05,06:08:11 GMT,V6.4 BLOCK - journal-guarded entry/recovery gate failed or signal already used
2026-09-05,06:08:11 GMT,SENTINEL V6 MULTI-WINDOW SCAN >>>
2026-09-05,06:08:11 GMT,V6.4 DIAG | 8 0 7 0.10000000000000009 -0.057142857142857134 -0.09999999999999998 0.13333333333333333 0.4 0.5 -0.2 6 2 1 1 0 0 2 0 0 1
2026-09-05,06:08:11 GMT,V6.4 BLOCK - journal-guarded entry/recovery gate failed or signal already used
2026-09-05,06:08:11 GMT,SENTINEL V6 MULTI-WINDOW SCAN >>>
2026-09-05,06:08:11 GMT,V6.4 DIAG | 7 0 8 0.20000000000000007 -0.028571428571428567 -0.19999999999999998 0.06666666666666667 0.4 0 -0.2 7 1 0 1 0 0 2 0 0 1
2026-09-05,06:08:11 GMT,V6.4 BLOCK - journal-guarded entry/recovery gate failed or signal already used
2026-09-05,06:08:11 GMT,SENTINEL V6 MULTI-WINDOW SCAN >>>
2026-09-05,06:08:11 GMT,V6.4 DIAG | 6 0 9 0.30000000000000004 0 -0.3 0 -0.1 0 -0.2 8 0 0 0 0 0 2 0 0 1
2026-09-05,06:08:11 GMT,V6.4 BLOCK - journal-guarded entry/recovery gate failed or signal already used
2026-09-05,06:08:11 GMT,SENTINEL V6 MULTI-WINDOW SCAN >>>
2026-09-05,06:08:11 GMT,V6.4 DIAG | 3 0 9 0.30000000000000004 0 -0.3 0 -0.1 0 -0.2 8 0 0 0 0 0 2 0 0 1
2026-09-05,06:08:11 GMT,V6.4 BLOCK - journal-guarded entry/recovery gate failed or signal already used
2026-09-05,06:08:11 GMT,SENTINEL V6 MULTI-WINDOW SCAN >>>
2026-09-05,06:08:11 GMT,V6.4 DIAG | 5 1 9 0.35 0 -0.35 0 -0.1 0 -0.25 8 0 0 1 0 0 2 0 0 1
2026-09-05,06:08:11 GMT,V6.4 BLOCK - journal-guarded entry/recovery gate failed or signal already used
2026-09-05,06:08:11 GMT,SENTINEL V6 MULTI-WINDOW SCAN >>>
2026-09-05,06:08:11 GMT,V6.4 DIAG | 0 0 9 0.4 0 -0.4 0 -0.1 0 -0.3 8 0 0 0 0 0 2 1 0 1
2026-09-05,06:08:11 GMT,V6.4 BLOCK - journal-guarded entry/recovery gate failed or signal already used
2026-09-05,06:08:11 GMT,SENTINEL V6 MULTI-WINDOW SCAN >>>
2026-09-05,06:08:11 GMT,V6.4 DIAG | 2 0 12 0.25 0.028571428571428567 -0.24999999999999997 -0.06666666666666667 -0.35000000000000003 0 -0.3 8 0 0 0 1 0 2 0 0 1
2026-09-05,06:08:11 GMT,V6.4 BLOCK - journal-guarded entry/recovery gate failed or signal already used
2026-09-05,06:08:11 GMT,SENTINEL V6 MULTI-WINDOW SCAN >>>
2026-09-05,06:08:11 GMT,V6.4 DIAG | 3 1 12 0.25 0.028571428571428567 -0.24999999999999997 -0.06666666666666667 -0.35000000000000003 0 -0.3 8 0 0 1 1 0 2 0 0 1
2026-09-05,06:08:11 GMT,V6.4 BLOCK - journal-guarded entry/recovery gate failed or signal already used
2026-09-05,06:08:11 GMT,SENTINEL V6 MULTI-WINDOW SCAN >>>
2026-09-05,06:08:11 GMT,V6.4 DIAG | 1 0 12 0.30000000000000004 0.028571428571428567 -0.30000000000000004 -0.06666666666666667 -0.4 0 -0.3 7 1 0 0 0 0 2 1 0 1
2026-09-05,06:08:11 GMT,V6.4 BLOCK - journal-guarded entry/recovery gate failed or signal already used
2026-09-05,06:08:11 GMT,SENTINEL V6 MULTI-WINDOW SCAN >>>
2026-09-05,06:08:11 GMT,V6.4 DIAG | 1 0 12 0.15000000000000002 0.057142857142857134 -0.14999999999999997 -0.13333333333333333 -0.4 0 -0.55 7 1 0 0 1 0 2 0 0 1
2026-09-05,06:08:11 GMT,V6.4 BLOCK - journal-guarded entry/recovery gate failed or signal already used
2026-09-05,06:08:11 GMT,SENTINEL V6 MULTI-WINDOW SCAN >>>
2026-09-05,06:08:11 GMT,V6.4 DIAG | 0 0 12 0.15000000000000002 0.057142857142857134 -0.14999999999999997 -0.13333333333333333 -0.4 0 -0.55 7 1 0 1 1 0 2 0 0 1
2026-09-05,06:08:11 GMT,V6.4 BLOCK - journal-guarded entry/recovery gate failed or signal already used
2026-09-05,06:08:11 GMT,SENTINEL V6 MULTI-WINDOW SCAN >>>
2026-09-05,06:08:11 GMT,V6.4 DIAG | 4 0 8 0.20000000000000007 0 -0.2 0 0.4 -0.05 -0.55 6 2 0 0 0 0 2 0 0 1
2026-09-05,06:08:11 GMT,V6.4 BLOCK - journal-guarded entry/recovery gate failed or signal already used
2026-09-05,06:08:11 GMT,SENTINEL V6 MULTI-WINDOW SCAN >>>
2026-09-05,06:08:11 GMT,V6.4 DIAG | 5 0 10 0.04999999999999993 0.028571428571428567 -0.04999999999999999 -0.06666666666666667 0.4 -0.05 -0.8 6 2 0 1 0 0 2 0 0 1
2026-09-05,06:08:11 GMT,V6.4 BLOCK - journal-guarded entry/recovery gate failed or signal already used
2026-09-05,06:08:11 GMT,SENTINEL V6 MULTI-WINDOW SCAN >>>
2026-09-05,06:08:11 GMT,V6.4 DIAG | 1 0 9 -0.050000000000000044 0.05714285714285714 0.050000000000000044 -0.13333333333333336 0.4 -0.05 -1.1 6 2 0 1 0 0 2 0 0 1
2026-09-05,06:08:11 GMT,V6.4 BLOCK - journal-guarded entry/recovery gate failed or signal already used
2026-09-05,06:08:11 GMT,SENTINEL V6 MULTI-WINDOW SCAN >>>
2026-09-05,06:08:11 GMT,V6.4 DIAG | 2 0 6 -0.050000000000000044 0 0.050000000000000044 0 0.4 -0.05 -0.30000000000000004 5 3 0 1 0 0 2 0 0 1
2026-09-05,06:08:11 GMT,V6.4 BLOCK - journal-guarded entry/recovery gate failed or signal already used
2026-09-05,06:08:11 GMT,SENTINEL V6 MULTI-WINDOW SCAN >>>
2026-09-05,06:08:11 GMT,V6.4 DIAG | 7 0 4 -0.050000000000000044 0 0.050000000000000044 0 0.4 -0.05 -0.30000000000000004 4 4 0 1 0 0 2 0 0 1
2026-09-05,06:08:11 GMT,V6.4 BLOCK - journal-guarded entry/recovery gate failed or signal already used
2026-09-05,06:08:11 GMT,SENTINEL V6 MULTI-WINDOW SCAN >>>
2026-09-05,06:08:11 GMT,V6.4 DIAG | 1 0 11 0.04999999999999993 0.028571428571428567 -0.04999999999999999 -0.06666666666666667 -0.1 -0.05 -0.30000000000000004 5 3 0 0 0 0 2 0 0 1
2026-09-05,06:08:11 GMT,V6.4 BLOCK - journal-guarded entry/recovery gate failed or signal already used
2026-09-05,06:08:11 GMT,SENTINEL V6 MULTI-WINDOW SCAN >>>
2026-09-05,06:08:11 GMT,V6.4 DIAG | 6 0 6 -0.09999999999999998 0 0.10000000000000003 0 -0.1 -0.05 0.25 5 3 0 1 0 0 2 0 0 1
2026-09-05,06:08:11 GMT,V6.4 BLOCK - journal-guarded entry/recovery gate failed or signal already used
2026-09-05,06:08:11 GMT,SENTINEL V6 MULTI-WINDOW SCAN >>>
2026-09-05,06:08:11 GMT,V6.4 DIAG | 9 0 6 -0.25 -0.028571428571428574 0.25 0.06666666666666668 -0.35000000000000003 -0.05 1.0499999999999998 5 3 0 1 0 0 2 0 0 1
2026-09-05,06:08:11 GMT,V6.4 BLOCK - journal-guarded entry/recovery gate failed or signal already used
2026-09-05,06:08:11 GMT,SENTINEL V6 MULTI-WINDOW SCAN >>>
2026-09-05,06:08:11 GMT,V6.4 DIAG | 6 0 6 -0.09999999999999998 0 0.10000000000000003 0 -0.35000000000000003 -0.1 0.55 5 3 0 1 0 0 2 0 0 1
2026-09-05,06:08:11 GMT,V6.4 BLOCK - journal-guarded entry/recovery gate failed or signal already used
2026-09-05,06:08:11 GMT,SENTINEL V6 MULTI-WINDOW SCAN >>>
2026-09-05,06:08:11 GMT,V6.4 DIAG | 0 0 4 -0.09999999999999998 0 0.10000000000000003 0 -0.35000000000000003 -0.1 0.55 4 4 0 1 0 0 2 0 0 1
2026-09-05,06:08:11 GMT,V6.4 BLOCK - journal-guarded entry/recovery gate failed or signal already used
2026-09-05,06:08:11 GMT,SENTINEL V6 MULTI-WINDOW SCAN >>>
2026-09-05,06:08:11 GMT,V6.4 DIAG | 9 0 4 -0.050000000000000044 0 0.050000000000000044 0 -0.4 -0.1 0.55 4 4 0 1 0 0 2 0 0 1
2026-09-05,06:08:11 GMT,V6.4 BLOCK - journal-guarded entry/recovery gate failed or signal already used
2026-09-05,06:08:11 GMT,SENTINEL V6 MULTI-WINDOW SCAN >>>
2026-09-05,06:08:11 GMT,V6.4 DIAG | 9 0 7 0.04999999999999993 -0.028571428571428567 -0.04999999999999999 0.06666666666666667 -0.4 -0.1 0.8500000000000001 5 3 0 1 0 0 2 0 0 1
2026-09-05,06:08:11 GMT,V6.4 BLOCK - journal-guarded entry/recovery gate failed or signal already used
2026-09-05,06:08:11 GMT,SENTINEL V6 MULTI-WINDOW SCAN >>>
2026-09-05,06:08:11 GMT,V6.4 DIAG | 0 0 7 0.15000000000000002 -0.057142857142857134 -0.14999999999999997 0.13333333333333333 0.4 -0.1 0.35000000000000003 6 2 0 0 0 0 2 0 0 1
2026-09-05,06:08:11 GMT,V6.4 BLOCK - journal-guarded entry/recovery gate failed or signal already used
2026-09-05,06:08:11 GMT,SENTINEL V6 MULTI-WINDOW SCAN >>>
2026-09-05,06:08:11 GMT,V6.4 DIAG | 3 0 5 0 -0.028571428571428567 0 0.06666666666666667 0.4 -0.1 0.1 6 2 0 1 0 0 2 0 0 1
2026-09-05,06:08:11 GMT,V6.4 BLOCK - journal-guarded entry/recovery gate failed or signal already used
2026-09-05,06:08:11 GMT,SENTINEL V6 MULTI-WINDOW SCAN >>>
2026-09-05,06:08:11 GMT,V6.4 DIAG | 1 0 6 -0.15000000000000002 0 0.15000000000000002 0 0.4 -0.1 -0.15000000000000002 6 2 0 1 0 0 2 0 0 1
2026-09-05,06:08:11 GMT,V6.4 BLOCK - journal-guarded entry/recovery gate failed or signal already used
2026-09-05,06:08:11 GMT,SENTINEL V6 MULTI-WINDOW SCAN >>>
2026-09-05,06:08:11 GMT,V6.4 DIAG | 9 0 6 -0.15000000000000002 0 0.15000000000000002 0 0.4 -0.1 -0.15000000000000002 5 3 0 1 0 0 2 0 0 1
2026-09-05,06:08:11 GMT,V6.4 BLOCK - journal-guarded entry/recovery gate failed or signal already used
2026-09-05,06:08:11 GMT,SENTINEL V6 MULTI-WINDOW SCAN >>>
2026-09-05,06:08:11 GMT,V6.4 DIAG | 7 0 9 0 0.028571428571428567 0 -0.06666666666666667 0.4 -0.1 -0.7000000000000001 5 3 0 1 0 0 2 0 0 1
2026-09-05,06:08:11 GMT,V6.4 BLOCK - journal-guarded entry/recovery gate failed or signal already used
2026-09-05,06:08:11 GMT,SENTINEL V6 MULTI-WINDOW SCAN >>>
2026-09-05,06:08:11 GMT,V6.4 DIAG | 0 0 10 -0.050000000000000044 0.08571428571428572 0.04999999999999999 -0.2 -0.35000000000000003 -0.1 -0.7000000000000001 6 2 0 1 0 0 2 0 0 1
2026-09-05,06:08:11 GMT,V6.4 BLOCK - journal-guarded entry/recovery gate failed or signal already used
2026-09-05,06:08:11 GMT,SENTINEL V6 MULTI-WINDOW SCAN >>>
2026-09-05,06:08:11 GMT,V6.4 DIAG | 3 0 9 0 0.028571428571428567 0 -0.06666666666666667 -0.35000000000000003 -0.15 0.1 6 2 0 0 0 0 2 0 0 1
2026-09-05,06:08:11 GMT,V6.4 BLOCK - journal-guarded entry/recovery gate failed or signal already used
2026-09-05,06:08:11 GMT,SENTINEL V6 MULTI-WINDOW SCAN >>>
2026-09-05,06:08:11 GMT,V6.4 DIAG | 4 0 7 0.04999999999999993 -0.028571428571428567 -0.04999999999999999 0.06666666666666667 -0.35000000000000003 -0.2 0.9 5 3 0 1 0 0 2 0 0 1
2026-09-05,06:08:11 GMT,V6.4 BLOCK - journal-guarded entry/recovery gate failed or signal already used
2026-09-05,06:08:11 GMT,SENTINEL V6 MULTI-WINDOW SCAN >>>
2026-09-05,06:08:11 GMT,V6.4 DIAG | 3 0 6 -0.050000000000000044 0 0.050000000000000044 0 -0.35000000000000003 -0.5 0.9 5 3 0 1 0 0 2 0 0 1
2026-09-05,06:08:11 GMT,V6.4 BLOCK - journal-guarded entry/recovery gate failed or signal already used
2026-09-05,06:08:11 GMT,SENTINEL V6 MULTI-WINDOW SCAN >>>
2026-09-05,06:08:11 GMT,V6.4 DIAG | 2 0 6 -0.050000000000000044 0 0.050000000000000044 0 -0.35000000000000003 -0.5 0.9 5 3 0 1 0 0 2 0 0 1
2026-09-05,06:08:11 GMT,V6.4 BLOCK - journal-guarded entry/recovery gate failed or signal already used
2026-09-05,06:08:11 GMT,SENTINEL V6 MULTI-WINDOW SCAN >>>
2026-09-05,06:08:11 GMT,V6.4 DIAG | 9 0 3 -0.19999999999999996 -0.028571428571428574 0.2 0.06666666666666668 0.45 -0.5 0.65 4 4 1 1 0 0 2 0 0 1
2026-09-05,06:08:11 GMT,V6.4 BLOCK - journal-guarded entry/recovery gate failed or signal already used
2026-09-05,06:08:11 GMT,SENTINEL V6 MULTI-WINDOW SCAN >>>
2026-09-05,06:08:11 GMT,V6.4 DIAG | 9 0 5 -0.09999999999999998 0 0.10000000000000003 0 0.45 -0.5 0.15000000000000002 5 3 1 1 0 0 2 0 0 1
2026-09-05,06:08:11 GMT,V6.4 BLOCK - journal-guarded entry/recovery gate failed or signal already used
2026-09-05,06:08:11 GMT,SENTINEL V6 MULTI-WINDOW SCAN >>>
2026-09-05,06:08:11 GMT,V6.4 DIAG | 5 0 9 0 0.028571428571428567 0 -0.06666666666666667 0.45 -0.5 -0.35000000000000003 5 3 1 0 0 0 2 0 0 1
2026-09-05,06:08:11 GMT,V6.4 BLOCK - journal-guarded entry/recovery gate failed or signal already used
2026-09-05,06:08:11 GMT,SENTINEL V6 MULTI-WINDOW SCAN >>>
2026-09-05,06:08:11 GMT,V6.4 DIAG | 4 0 6 0.04999999999999993 -0.028571428571428567 -0.04999999999999999 0.06666666666666667 0.4 0.30000000000000004 -0.35000000000000003 5 3 1 1 0 0 2 0 0 1
2026-09-05,06:08:11 GMT,V6.4 BLOCK - journal-guarded entry/recovery gate failed or signal already used
2026-09-05,06:08:11 GMT,SENTINEL V6 MULTI-WINDOW SCAN >>>
2026-09-05,06:08:11 GMT,V6.4 DIAG | 7 0 6 0.04999999999999993 -0.028571428571428567 -0.04999999999999999 0.06666666666666667 0.4 0.30000000000000004 -0.35000000000000003 5 3 1 1 0 0 2 0 0 1
2026-09-05,06:08:11 GMT,V6.4 BLOCK - journal-guarded entry/recovery gate failed or signal already used
2026-09-05,06:08:11 GMT,SENTINEL V6 MULTI-WINDOW SCAN >>>
2026-09-05,06:08:11 GMT,V6.4 DIAG | 6 0 7 0.20000000000000007 -0.057142857142857134 -0.2 0.13333333333333333 -0.15 0.30000000000000004 0.45 6 2 1 1 0 0 2 0 0 1
2026-09-05,06:08:11 GMT,V6.4 BLOCK - journal-guarded entry/recovery gate failed or signal already used
2026-09-05,06:08:11 GMT,SENTINEL V6 MULTI-WINDOW SCAN >>>
2026-09-05,06:08:11 GMT,V6.4 DIAG | 2 0 6 0.04999999999999993 -0.028571428571428567 -0.04999999999999999 0.06666666666666667 -0.15 0.05000000000000002 0.45 6 2 1 1 0 0 2 0 0 1
2026-09-05,06:08:11 GMT,V6.4 BLOCK - journal-guarded entry/recovery gate failed or signal already used
2026-09-05,06:08:11 GMT,SENTINEL V6 MULTI-WINDOW SCAN >>>
2026-09-05,06:08:11 GMT,V6.4 DIAG | 8 0 7 0.09999999999999998 -0.028571428571428567 -0.10000000000000003 0.06666666666666667 -0.15 0.05000000000000002 0.4 6 2 1 0 0 0 2 0 0 1
2026-09-05,06:08:11 GMT,V6.4 BLOCK - journal-guarded entry/recovery gate failed or signal already used
2026-09-05,06:08:11 GMT,SENTINEL V6 MULTI-WINDOW SCAN >>>
2026-09-05,06:08:11 GMT,V6.4 DIAG | 4 0 10 0.04999999999999993 0.028571428571428567 -0.04999999999999999 -0.06666666666666667 -0.4 -0.45 0.4 6 2 1 0 0 0 2 0 0 1
2026-09-05,06:08:11 GMT,V6.4 BLOCK - journal-guarded entry/recovery gate failed or signal already used
2026-09-05,06:08:11 GMT,SENTINEL V6 MULTI-WINDOW SCAN >>>
2026-09-05,06:08:11 GMT,V6.4 DIAG | 9 0 10 0.04999999999999993 0.028571428571428567 -0.04999999999999999 -0.06666666666666667 -0.4 -0.45 0.4 6 2 1 1 0 0 2 0 0 1
2026-09-05,06:08:11 GMT,V6.4 BLOCK - journal-guarded entry/recovery gate failed or signal already used
2026-09-05,06:08:11 GMT,SENTINEL V6 MULTI-WINDOW SCAN >>>
2026-09-05,06:08:11 GMT,V6.4 DIAG | 1 0 12 0.20000000000000007 0.057142857142857134 -0.2 -0.13333333333333333 -0.45 -0.45 -0.1 6 2 1 0 1 0 2 0 0 1
2026-09-05,06:08:11 GMT,V6.4 BLOCK - journal-guarded entry/recovery gate failed or signal already used
2026-09-05,06:08:11 GMT,SENTINEL V6 MULTI-WINDOW SCAN >>>
2026-09-05,06:08:11 GMT,V6.4 DIAG | 1 0 8 0.20000000000000007 0 -0.2 0 -0.45 0.35000000000000003 -0.1 6 2 1 1 0 0 2 0 0 1
2026-09-05,06:08:11 GMT,V6.4 BLOCK - journal-guarded entry/recovery gate failed or signal already used
2026-09-05,06:08:11 GMT,SENTINEL V6 MULTI-WINDOW SCAN >>>
2026-09-05,06:08:11 GMT,V6.4 DIAG | 2 0 8 0.20000000000000007 0 -0.2 0 -0.45 0.35000000000000003 -0.1 6 2 1 1 0 0 2 0 0 1
2026-09-05,06:08:11 GMT,V6.4 BLOCK - journal-guarded entry/recovery gate failed or signal already used
2026-09-05,06:08:11 GMT,SENTINEL V6 MULTI-WINDOW SCAN >>>
2026-09-05,06:08:11 GMT,V6.4 DIAG | 2 0 7 0.20000000000000007 -0.057142857142857134 -0.2 0.13333333333333333 0.35000000000000003 0.35000000000000003 -0.1 6 2 1 1 0 0 2 0 0 1
2026-09-05,06:08:11 GMT,V6.4 BLOCK - journal-guarded entry/recovery gate failed or signal already used
2026-09-05,06:08:11 GMT,SENTINEL V6 MULTI-WINDOW SCAN >>>
2026-09-05,06:08:11 GMT,V6.4 DIAG | 5 0 6 0.04999999999999993 -0.028571428571428567 -0.04999999999999999 0.06666666666666667 0.35000000000000003 0.35000000000000003 -0.35000000000000003 6 2 1 1 0 0 2 0 0 1
2026-09-05,06:08:11 GMT,V6.4 BLOCK - journal-guarded entry/recovery gate failed or signal already used
2026-09-05,06:08:11 GMT,SENTINEL V6 MULTI-WINDOW SCAN >>>
2026-09-05,06:08:11 GMT,V6.4 DIAG | 8 0 6 0.04999999999999993 -0.028571428571428567 -0.04999999999999999 0.06666666666666667 0.35000000000000003 0.35000000000000003 -0.35000000000000003 6 2 1 1 0 0 2 0 0 1
2026-09-05,06:08:11 GMT,V6.4 BLOCK - journal-guarded entry/recovery gate failed or signal already used
2026-09-05,06:08:11 GMT,SENTINEL V6 MULTI-WINDOW SCAN >>>
2026-09-05,06:08:11 GMT,V6.4 DIAG | 4 0 9 0 0.028571428571428567 0 -0.06666666666666667 0.35000000000000003 -0.4 -0.35000000000000003 6 2 0 1 0 0 2 0 0 1
2026-09-05,06:08:11 GMT,V6.4 BLOCK - journal-guarded entry/recovery gate failed or signal already used
2026-09-05,06:08:11 GMT,SENTINEL V6 MULTI-WINDOW SCAN >>>
2026-09-05,06:08:11 GMT,V6.4 DIAG | 7 0 9 -0.15000000000000002 0.05714285714285714 0.15000000000000002 -0.13333333333333336 0.35000000000000003 -0.65 -0.35000000000000003 6 2 0 1 0 0 2 0 0 1
2026-09-05,06:08:11 GMT,V6.4 BLOCK - journal-guarded entry/recovery gate failed or signal already used
2026-09-05,06:08:11 GMT,SENTINEL V6 MULTI-WINDOW SCAN >>>
2026-09-05,06:08:11 GMT,V6.4 DIAG | 4 0 10 -0.20000000000000007 0.11428571428571428 0.2 -0.26666666666666666 -0.15 -0.8999999999999999 -0.35000000000000003 6 2 1 1 0 0 2 0 0 1
2026-09-05,06:08:11 GMT,V6.4 BLOCK - journal-guarded entry/recovery gate failed or signal already used
2026-09-05,06:08:11 GMT,SENTINEL V6 MULTI-WINDOW SCAN >>>
2026-09-05,06:08:11 GMT,V6.4 DIAG | 1 0 8 -0.15000000000000002 0.05714285714285714 0.15000000000000002 -0.13333333333333336 -0.15 -0.8999999999999999 0.4 5 3 2 1 0 0 2 0 0 1
2026-09-05,06:08:11 GMT,V6.4 BLOCK - journal-guarded entry/recovery gate failed or signal already used
2026-09-05,06:08:11 GMT,SENTINEL V6 MULTI-WINDOW SCAN >>>
2026-09-05,06:08:11 GMT,V6.4 DIAG | 3 0 6 -0.15000000000000002 0.05714285714285714 0.15000000000000002 -0.13333333333333336 -0.15 -0.8999999999999999 0.4 4 4 3 1 0 0 2 0 0 1
2026-09-05,06:08:11 GMT,V6.4 BLOCK - journal-guarded entry/recovery gate failed or signal already used
2026-09-05,06:08:11 GMT,SENTINEL V6 MULTI-WINDOW SCAN >>>
2026-09-05,06:08:11 GMT,V6.4 DIAG | 0 0 3 -0.15000000000000002 0 0.15000000000000002 0 -0.15 -0.10000000000000003 0.4 4 4 3 1 0 0 2 0 0 1
2026-09-05,06:08:11 GMT,V6.4 BLOCK - journal-guarded entry/recovery gate failed or signal already used
2026-09-05,06:08:11 GMT,SENTINEL V6 MULTI-WINDOW SCAN >>>
2026-09-05,06:08:11 GMT,V6.4 DIAG | 3 0 2 -0.15000000000000002 -0.05714285714285714 0.15000000000000002 0.13333333333333336 -0.15 0.7 0.4 4 4 3 1 0 0 2 0 0 1
2026-09-05,06:08:11 GMT,V6.4 BLOCK - journal-guarded entry/recovery gate failed or signal already used
2026-09-05,06:08:11 GMT,SENTINEL V6 MULTI-WINDOW SCAN >>>
2026-09-05,06:08:11 GMT,V6.4 DIAG | 9 0 2 -0.25 -0.08571428571428572 0.25 0.2 -0.45 1.5 0.4 4 4 3 1 0 0 2 0 0 1
2026-09-05,06:08:11 GMT,V6.4 BLOCK - journal-guarded entry/recovery gate failed or signal already used
2026-09-05,06:08:11 GMT,SENTINEL V6 MULTI-WINDOW SCAN >>>
2026-09-05,06:08:11 GMT,V6.4 DIAG | 1 0 5 -0.15000000000000002 -0.05714285714285714 0.15000000000000002 0.13333333333333336 -0.45 1.5 -0.1 5 3 3 1 0 0 2 0 0 1
2026-09-05,06:08:11 GMT,V6.4 BLOCK - journal-guarded entry/recovery gate failed or signal already used
2026-09-05,06:08:11 GMT,SENTINEL V6 MULTI-WINDOW SCAN >>>
2026-09-05,06:08:11 GMT,V6.4 DIAG | 8 0 3 -0.30000000000000004 -0.028571428571428574 0.3 0.06666666666666668 -0.7000000000000001 1.5 -0.1 4 4 3 1 0 0 2 0 0 1
2026-09-05,06:08:11 GMT,V6.4 BLOCK - journal-guarded entry/recovery gate failed or signal already used
2026-09-05,06:08:11 GMT,SENTINEL V6 MULTI-WINDOW SCAN >>>
2026-09-05,06:08:11 GMT,V6.4 DIAG | 8 0 5 -0.20000000000000007 0 0.2 0 -0.7000000000000001 1 -0.1 5 3 2 1 0 0 2 0 0 1
2026-09-05,06:08:11 GMT,V6.4 BLOCK - journal-guarded entry/recovery gate failed or signal already used
2026-09-05,06:08:11 GMT,SENTINEL V6 MULTI-WINDOW SCAN >>>
2026-09-05,06:08:11 GMT,V6.4 DIAG | 8 0 9 -0.20000000000000007 0.05714285714285714 0.2 -0.13333333333333336 -0.75 0.5 -0.35000000000000003 5 3 1 1 0 0 2 0 0 1
2026-09-05,06:08:11 GMT,V6.4 BLOCK - journal-guarded entry/recovery gate failed or signal already used
2026-09-05,06:08:11 GMT,SENTINEL V6 MULTI-WINDOW SCAN >>>
2026-09-05,06:08:11 GMT,V6.4 DIAG | 4 0 9 -0.10000000000000009 0.028571428571428567 0.09999999999999998 -0.06666666666666667 0.05000000000000002 0 -0.35000000000000003 6 2 0 1 0 0 2 0 0 1
2026-09-05,06:08:11 GMT,V6.4 BLOCK - journal-guarded entry/recovery gate failed or signal already used
2026-09-05,06:08:11 GMT,SENTINEL V6 MULTI-WINDOW SCAN >>>
2026-09-05,06:08:11 GMT,V6.4 DIAG | 3 0 9 -0.10000000000000009 0.028571428571428567 0.09999999999999998 -0.06666666666666667 0.05000000000000002 0 -0.35000000000000003 5 3 0 1 0 0 2 0 0 1
2026-09-05,06:08:11 GMT,V6.4 BLOCK - journal-guarded entry/recovery gate failed or signal already used
2026-09-05,06:08:11 GMT,SENTINEL V6 MULTI-WINDOW SCAN >>>
2026-09-05,06:08:11 GMT,V6.4 DIAG | 5 0 6 -0.25 0 0.25 0 0.6 0 -0.35000000000000003 5 3 0 1 0 0 2 0 0 1
2026-09-05,06:08:11 GMT,V6.4 BLOCK - journal-guarded entry/recovery gate failed or signal already used
2026-09-05,06:08:11 GMT,SENTINEL V6 MULTI-WINDOW SCAN >>>
2026-09-05,06:08:11 GMT,V6.4 DIAG | 4 0 6 -0.25 0 0.25 0 0.6 0 -0.35000000000000003 5 3 0 1 0 0 2 0 0 1
2026-09-05,06:08:11 GMT,V6.4 BLOCK - journal-guarded entry/recovery gate failed or signal already used
2026-09-05,06:08:11 GMT,SENTINEL V6 MULTI-WINDOW SCAN >>>
2026-09-05,06:08:11 GMT,V6.4 DIAG | 7 0 3 -0.25 -0.05714285714285714 0.25 0.13333333333333336 0.6 0 0.45 4 4 0 1 0 0 2 0 0 1
2026-09-05,06:08:11 GMT,V6.4 BLOCK - journal-guarded entry/recovery gate failed or signal already used
2026-09-05,06:08:11 GMT,SENTINEL V6 MULTI-WINDOW SCAN >>>
2026-09-05,06:08:11 GMT,V6.4 DIAG | 5 0 5 -0.15000000000000002 -0.028571428571428567 0.15 0.06666666666666667 0.1 0 0.45 5 3 0 1 0 0 2 0 0 1
2026-09-05,06:08:11 GMT,V6.4 BLOCK - journal-guarded entry/recovery gate failed or signal already used
2026-09-05,06:08:11 GMT,SENTINEL V6 MULTI-WINDOW SCAN >>>
2026-09-05,06:08:11 GMT,V6.4 DIAG | 7 0 5 -0.15000000000000002 -0.028571428571428567 0.15 0.06666666666666667 0.1 0 0.45 5 3 0 1 0 0 2 0 0 1
2026-09-05,06:08:11 GMT,V6.4 BLOCK - journal-guarded entry/recovery gate failed or signal already used
2026-09-05,06:08:11 GMT,SENTINEL V6 MULTI-WINDOW SCAN >>>
2026-09-05,06:08:11 GMT,V6.4 DIAG | 4 0 5 -0.04999999999999993 -0.057142857142857134 0.05000000000000002 0.13333333333333333 0.4 0 0.45 6 2 0 1 0 0 2 0 0 1
2026-09-05,06:08:11 GMT,V6.4 BLOCK - journal-guarded entry/recovery gate failed or signal already used
2026-09-05,06:08:11 GMT,SENTINEL V6 MULTI-WINDOW SCAN >>>
2026-09-05,06:08:11 GMT,V6.4 DIAG | 9 0 5 -0.04999999999999993 -0.057142857142857134 0.05000000000000002 0.13333333333333333 0.4 0 0.45 6 2 0 1 0 0 2 0 0 1
2026-09-05,06:08:11 GMT,V6.4 BLOCK - journal-guarded entry/recovery gate failed or signal already used
2026-09-05,06:08:11 GMT,SENTINEL V6 MULTI-WINDOW SCAN >>>
2026-09-05,06:08:11 GMT,V6.4 DIAG | 0 0 8 0.09999999999999998 -0.028571428571428567 -0.1 0.06666666666666667 0.35000000000000003 0 -0.05 7 1 0 0 0 0 2 0 0 1
2026-09-05,06:08:11 GMT,V6.4 BLOCK - journal-guarded entry/recovery gate failed or signal already used
2026-09-05,06:08:11 GMT,SENTINEL V6 MULTI-WINDOW SCAN >>>
2026-09-05,06:08:11 GMT,V6.4 DIAG | 4 0 8 0.09999999999999998 -0.028571428571428567 -0.1 0.06666666666666667 0.35000000000000003 0 -0.05 7 1 0 0 0 0 2 0 0 1
2026-09-05,06:08:11 GMT,V6.4 BLOCK - journal-guarded entry/recovery gate failed or signal already used
2026-09-05,06:08:11 GMT,SENTINEL V6 MULTI-WINDOW SCAN >>>
2026-09-05,06:08:11 GMT,V6.4 DIAG | 7 0 6 -0.04999999999999993 0 0.05000000000000002 0 0.35000000000000003 0 -0.30000000000000004 7 1 0 1 0 0 2 0 0 1
2026-09-05,06:08:11 GMT,V6.4 BLOCK - journal-guarded entry/recovery gate failed or signal already used
2026-09-05,06:08:11 GMT,SENTINEL V6 MULTI-WINDOW SCAN >>>
2026-09-05,06:08:11 GMT,V6.4 DIAG | 1 0 12 0.050000000000000044 0.028571428571428567 -0.04999999999999999 -0.06666666666666667 -0.15 0 -0.30000000000000004 8 0 0 0 1 0 2 0 0 1
2026-09-05,06:08:11 GMT,V6.4 BLOCK - journal-guarded entry/recovery gate failed or signal already used
2026-09-05,06:08:11 GMT,SENTINEL V6 MULTI-WINDOW SCAN >>>
2026-09-05,06:08:11 GMT,V6.4 DIAG | 5 0 12 0.050000000000000044 0.028571428571428567 -0.04999999999999999 -0.06666666666666667 -0.15 0 -0.30000000000000004 7 1 0 0 1 0 2 0 0 1
2026-09-05,06:08:11 GMT,V6.4 BLOCK - journal-guarded entry/recovery gate failed or signal already used
2026-09-05,06:08:11 GMT,SENTINEL V6 MULTI-WINDOW SCAN >>>
2026-09-05,06:08:11 GMT,V6.4 DIAG | 2 0 12 0.050000000000000044 0.028571428571428567 -0.04999999999999999 -0.06666666666666667 -0.15 0 -0.30000000000000004 7 1 0 1 0 0 2 0 0 1
2026-09-05,06:08:11 GMT,V6.4 BLOCK - journal-guarded entry/recovery gate failed or signal already used
2026-09-05,06:08:11 GMT,SENTINEL V6 MULTI-WINDOW SCAN >>>
2026-09-05,06:08:11 GMT,V6.4 DIAG | 1 0 10 -0.09999999999999998 0.057142857142857134 0.1 -0.13333333333333333 -0.4 0 -0.30000000000000004 7 1 0 1 0 0 2 0 0 1
2026-09-05,06:08:11 GMT,V6.4 BLOCK - journal-guarded entry/recovery gate failed or signal already used
2026-09-05,06:08:11 GMT,SENTINEL V6 MULTI-WINDOW SCAN >>>
2026-09-05,06:08:11 GMT,V6.4 DIAG | 4 0 6 -0.04999999999999993 0 0.05000000000000002 0 -0.45 0 0.5 7 1 0 1 0 0 2 0 0 1
2026-09-05,06:08:11 GMT,V6.4 BLOCK - journal-guarded entry/recovery gate failed or signal already used
2026-09-05,06:08:11 GMT,SENTINEL V6 MULTI-WINDOW SCAN >>>
2026-09-05,06:08:11 GMT,V6.4 DIAG | 5 0 6 -0.04999999999999993 0 0.05000000000000002 0 -0.45 0 0.5 6 2 0 1 0 0 2 0 0 1
2026-09-05,06:08:11 GMT,V6.4 BLOCK - journal-guarded entry/recovery gate failed or signal already used
2026-09-05,06:08:11 GMT,SENTINEL V6 MULTI-WINDOW SCAN >>>
2026-09-05,06:08:11 GMT,V6.4 DIAG | 1 0 6 -0.04999999999999993 0 0.05000000000000002 0 -0.45 0 0.5 6 2 0 1 0 0 2 0 0 1
2026-09-05,06:08:11 GMT,V6.4 BLOCK - journal-guarded entry/recovery gate failed or signal already used
2026-09-05,06:08:11 GMT,SENTINEL V6 MULTI-WINDOW SCAN >>>
2026-09-05,06:08:11 GMT,V6.4 DIAG | 0 0 9 -0.15000000000000002 0.028571428571428567 0.15 -0.06666666666666667 -0.75 0 0.5 6 2 0 1 0 0 2 0 0 1
2026-09-05,06:08:11 GMT,V6.4 BLOCK - journal-guarded entry/recovery gate failed or signal already used
2026-09-05,06:08:11 GMT,SENTINEL V6 MULTI-WINDOW SCAN >>>
2026-09-05,06:08:11 GMT,V6.4 DIAG | 9 0 5 -0.15000000000000002 -0.028571428571428567 0.15 0.06666666666666667 0.05000000000000002 0 0.5 6 2 0 1 0 0 2 0 0 1
2026-09-05,06:08:11 GMT,V6.4 BLOCK - journal-guarded entry/recovery gate failed or signal already used
2026-09-05,06:08:11 GMT,SENTINEL V6 MULTI-WINDOW SCAN >>>
2026-09-05,06:08:11 GMT,V6.4 DIAG | 2 0 6 0 0 0 0 0.05000000000000002 -0.05 0 6 2 0 0 0 0 2 0 0 1
2026-09-05,06:08:11 GMT,V6.4 BLOCK - journal-guarded entry/recovery gate failed or signal already used
2026-09-05,06:08:11 GMT,SENTINEL V6 MULTI-WINDOW SCAN >>>
2026-09-05,06:08:11 GMT,V6.4 DIAG | 6 0 6 0 0 0 0 0.05000000000000002 -0.05 0 6 2 0 0 0 0 2 0 0 1
2026-09-05,06:03:11 GMT,V6.4 BLOCK - journal-guarded entry/recovery gate failed or signal already used
2026-09-05,06:03:11 GMT,SENTINEL V6 MULTI-WINDOW SCAN >>>
2026-09-05,06:03:11 GMT,V6.4 DIAG | 0 0 6 0 0 0 0 0.05000000000000002 -0.05 0 6 2 0 0 0 0 2 0 0 1
2026-09-05,06:03:11 GMT,V6.4 BLOCK - journal-guarded entry/recovery gate failed or signal already used
2026-09-05,06:03:11 GMT,SENTINEL V6 MULTI-WINDOW SCAN >>>
2026-09-05,06:03:11 GMT,V6.4 DIAG | 7 0 6 0 -0.057142857142857134 0 0.13333333333333333 0.8500000000000001 -0.05 0 6 2 0 1 0 0 2 0 0 1
2026-09-05,06:03:11 GMT,V6.4 BLOCK - journal-guarded entry/recovery gate failed or signal already used
2026-09-05,06:03:11 GMT,SENTINEL V6 MULTI-WINDOW SCAN >>>
2026-09-05,06:03:11 GMT,V6.4 DIAG | 0 0 8 0.15000000000000002 -0.028571428571428567 -0.15 0.06666666666666667 0.35000000000000003 -0.1 0 7 1 0 0 0 0 2 0 0 1
2026-09-05,06:03:11 GMT,V6.4 BLOCK - journal-guarded entry/recovery gate failed or signal already used
2026-09-05,06:03:11 GMT,SENTINEL V6 MULTI-WINDOW SCAN >>>
2026-09-05,06:03:11 GMT,V6.4 DIAG | 4 0 8 0.15000000000000002 -0.028571428571428567 -0.15 0.06666666666666667 0.35000000000000003 -0.1 0 7 1 0 0 0 0 2 0 0 1
2026-09-05,06:03:11 GMT,V6.4 BLOCK - journal-guarded entry/recovery gate failed or signal already used
2026-09-05,06:03:11 GMT,SENTINEL V6 MULTI-WINDOW SCAN >>>
2026-09-05,06:03:11 GMT,V6.4 DIAG | 6 0 8 0.15000000000000002 -0.028571428571428567 -0.15 0.06666666666666667 0.35000000000000003 -0.1 0 7 1 0 0 0 0 2 0 0 1
2026-09-05,06:03:10 GMT,V6.4 BLOCK - journal-guarded entry/recovery gate failed or signal already used
2026-09-05,06:03:10 GMT,SENTINEL V6 MULTI-WINDOW SCAN >>>
2026-09-05,06:03:10 GMT,V6.4 DIAG | 7 0 8 0.15000000000000002 -0.028571428571428567 -0.15 0.06666666666666667 0.35000000000000003 -0.1 0 7 1 0 0 0 0 2 0 0 1
2026-09-05,06:03:10 GMT,V6.4 BLOCK - journal-guarded entry/recovery gate failed or signal already used
2026-09-05,06:03:10 GMT,SENTINEL V6 MULTI-WINDOW SCAN >>>
2026-09-05,06:03:10 GMT,V6.4 DIAG | 1 0 12 0.09999999999999998 0.028571428571428567 -0.1 -0.06666666666666667 -0.4 -0.1 0 8 0 0 0 1 0 2 0 0 1
2026-09-05,06:03:10 GMT,V6.4 BLOCK - journal-guarded entry/recovery gate failed or signal already used
2026-09-05,06:03:10 GMT,SENTINEL V6 MULTI-WINDOW SCAN >>>
2026-09-05,06:03:10 GMT,V6.4 DIAG | 6 1 12 0.15000000000000002 0.028571428571428567 -0.15 -0.06666666666666667 -0.4 -0.15 0 8 0 0 0 1 0 2 0 0 1
2026-09-05,06:03:10 GMT,V6.4 BLOCK - journal-guarded entry/recovery gate failed or signal already used
2026-09-05,06:03:10 GMT,SENTINEL V6 MULTI-WINDOW SCAN >>>
2026-09-05,06:03:10 GMT,V6.4 DIAG | 1 0 12 0.20000000000000007 0.028571428571428567 -0.19999999999999998 -0.06666666666666667 -0.4 -0.2 0 7 1 0 0 1 0 2 1 0 1
2026-09-05,06:03:10 GMT,V6.4 BLOCK - journal-guarded entry/recovery gate failed or signal already used
2026-09-05,06:03:10 GMT,SENTINEL V6 MULTI-WINDOW SCAN >>>
2026-09-05,06:03:10 GMT,V6.4 DIAG | 4 0 12 0.20000000000000007 0.028571428571428567 -0.19999999999999998 -0.06666666666666667 -0.4 -0.2 0 7 1 0 0 1 0 2 0 0 1
2026-09-05,06:03:10 GMT,V6.4 BLOCK - journal-guarded entry/recovery gate failed or signal already used
2026-09-05,06:03:10 GMT,SENTINEL V6 MULTI-WINDOW SCAN >>>
2026-09-05,06:03:10 GMT,V6.4 DIAG | 5 0 12 0.20000000000000007 0.028571428571428567 -0.19999999999999998 -0.06666666666666667 -0.4 -0.2 0 7 1 0 0 1 0 2 0 0 1
2026-09-05,06:03:10 GMT,V6.4 BLOCK - journal-guarded entry/recovery gate failed or signal already used
2026-09-05,06:03:10 GMT,SENTINEL V6 MULTI-WINDOW SCAN >>>
2026-09-05,06:03:10 GMT,V6.4 DIAG | 2 0 8 0.25 -0.028571428571428567 -0.24999999999999997 0.06666666666666667 0.35000000000000003 -0.2 0 7 1 0 1 0 0 2 0 0 1
2026-09-05,06:03:10 GMT,V6.4 BLOCK - journal-guarded entry/recovery gate failed or signal already used
2026-09-05,06:03:10 GMT,SENTINEL V6 MULTI-WINDOW SCAN >>>
2026-09-05,06:03:10 GMT,V6.4 DIAG | 6 0 8 0.30000000000000004 -0.028571428571428567 -0.30000000000000004 0.06666666666666667 0.30000000000000004 -0.2 0 7 1 0 0 0 0 2 0 0 1
2026-09-05,06:03:10 GMT,V6.4 BLOCK - journal-guarded entry/recovery gate failed or signal already used
2026-09-05,06:03:10 GMT,SENTINEL V6 MULTI-WINDOW SCAN >>>
2026-09-05,06:03:10 GMT,V6.4 DIAG | 6 0 8 0.15000000000000002 0 -0.14999999999999997 0 0.05000000000000002 -0.2 0 7 1 0 0 0 0 2 1 0 1
2026-09-05,06:03:10 GMT,V6.4 BLOCK - journal-guarded entry/recovery gate failed or signal already used
2026-09-05,06:03:10 GMT,SENTINEL V6 MULTI-WINDOW SCAN >>>
2026-09-05,06:03:10 GMT,V6.4 DIAG | 3 0 8 0.15000000000000002 0 -0.14999999999999997 0 0.05000000000000002 -0.2 0 7 1 0 0 0 0 2 1 0 1
2026-09-05,06:03:10 GMT,V6.4 BLOCK - journal-guarded entry/recovery gate failed or signal already used
2026-09-05,06:03:10 GMT,SENTINEL V6 MULTI-WINDOW SCAN >>>
2026-09-05,06:03:10 GMT,V6.4 DIAG | 7 0 8 0.15000000000000002 0 -0.14999999999999997 0 0.05000000000000002 -0.2 0 6 2 0 0 0 0 2 1 0 1
2026-09-05,06:03:10 GMT,V6.4 BLOCK - journal-guarded entry/recovery gate failed or signal already used
2026-09-05,06:03:10 GMT,SENTINEL V6 MULTI-WINDOW SCAN >>>
2026-09-05,06:03:10 GMT,V6.4 DIAG | 5 0 12 0.10000000000000009 0.057142857142857134 -0.09999999999999998 -0.13333333333333333 -0.7000000000000001 -0.2 0 7 1 0 0 1 0 2 0 0 1
2026-09-05,06:03:10 GMT,V6.4 BLOCK - journal-guarded entry/recovery gate failed or signal already used
2026-09-05,06:03:10 GMT,SENTINEL V6 MULTI-WINDOW SCAN >>>
2026-09-05,06:03:10 GMT,V6.4 DIAG | 3 0 12 0.10000000000000009 0.057142857142857134 -0.09999999999999998 -0.13333333333333333 -0.7000000000000001 -0.2 0 7 1 0 0 1 0 2 0 0 1
2026-09-05,06:03:10 GMT,V6.4 BLOCK - journal-guarded entry/recovery gate failed or signal already used
2026-09-05,06:03:10 GMT,SENTINEL V6 MULTI-WINDOW SCAN >>>
2026-09-05,06:03:10 GMT,V6.4 DIAG | 1 0 9 -0.050000000000000044 0.028571428571428567 0.04999999999999999 -0.06666666666666667 0.1 -0.45 0 6 2 0 1 0 0 2 0 0 1
2026-09-05,06:03:10 GMT,V6.4 BLOCK - journal-guarded entry/recovery gate failed or signal already used
2026-09-05,06:03:10 GMT,SENTINEL V6 MULTI-WINDOW SCAN >>>
2026-09-05,06:03:10 GMT,V6.4 DIAG | 2 0 9 -0.050000000000000044 0.028571428571428567 0.04999999999999999 -0.06666666666666667 0.1 -0.45 0 6 2 0 1 0 0 2 0 0 1
2026-09-05,06:03:10 GMT,V6.4 BLOCK - journal-guarded entry/recovery gate failed or signal already used
2026-09-05,06:03:10 GMT,SENTINEL V6 MULTI-WINDOW SCAN >>>
2026-09-05,06:03:10 GMT,V6.4 DIAG | 2 0 9 0 0.028571428571428567 0 -0.06666666666666667 0.1 -0.45 -0.05 5 3 1 0 0 0 2 0 0 1
2026-09-05,06:03:10 GMT,V6.4 BLOCK - journal-guarded entry/recovery gate failed or signal already used
2026-09-05,06:03:10 GMT,SENTINEL V6 MULTI-WINDOW SCAN >>>
2026-09-05,06:03:10 GMT,V6.4 DIAG | 4 0 7 0.04999999999999993 -0.028571428571428567 -0.04999999999999999 0.06666666666666667 0.9 -0.45 -0.1 5 3 1 1 0 0 2 0 0 1
2026-09-05,06:03:10 GMT,V6.4 BLOCK - journal-guarded entry/recovery gate failed or signal already used
2026-09-05,06:03:10 GMT,SENTINEL V6 MULTI-WINDOW SCAN >>>
2026-09-05,06:03:10 GMT,V6.4 DIAG | 7 0 6 -0.09999999999999998 0 0.10000000000000003 0 0.9 -0.7000000000000001 -0.1 5 3 1 1 0 0 2 0 0 1
2026-09-05,06:03:10 GMT,V6.4 BLOCK - journal-guarded entry/recovery gate failed or signal already used
2026-09-05,06:03:10 GMT,SENTINEL V6 MULTI-WINDOW SCAN >>>
2026-09-05,06:03:10 GMT,V6.4 DIAG | 0 0 5 0 -0.028571428571428567 0 0.06666666666666667 0.4 0.1 -0.1 6 2 1 0 0 0 2 0 0 1
2026-09-05,06:03:10 GMT,V6.4 BLOCK - journal-guarded entry/recovery gate failed or signal already used
2026-09-05,06:03:10 GMT,SENTINEL V6 MULTI-WINDOW SCAN >>>
2026-09-05,06:03:10 GMT,V6.4 DIAG | 0 0 4 0 -0.028571428571428567 0 0.06666666666666667 0.4 0.1 -0.1 5 3 2 0 0 0 2 0 0 1
2026-09-05,06:03:10 GMT,V6.4 BLOCK - journal-guarded entry/recovery gate failed or signal already used
2026-09-05,06:03:10 GMT,SENTINEL V6 MULTI-WINDOW SCAN >>>
2026-09-05,06:03:10 GMT,V6.4 DIAG | 7 0 4 0 -0.028571428571428567 0 0.06666666666666667 0.4 0.1 -0.1 5 3 2 1 0 0 2 0 0 1
2026-09-05,06:03:10 GMT,V6.4 BLOCK - journal-guarded entry/recovery gate failed or signal already used
2026-09-05,06:03:10 GMT,SENTINEL V6 MULTI-WINDOW SCAN >>>
2026-09-05,06:03:10 GMT,V6.4 DIAG | 3 0 7 0.15000000000000002 0 -0.14999999999999997 0 -0.1 0.05000000000000002 -0.1 6 2 2 0 0 0 2 0 0 1
2026-09-05,06:03:10 GMT,V6.4 BLOCK - journal-guarded entry/recovery gate failed or signal already used
2026-09-05,06:03:10 GMT,SENTINEL V6 MULTI-WINDOW SCAN >>>
2026-09-05,06:03:10 GMT,V6.4 DIAG | 8 0 5 0 -0.028571428571428567 0 0.06666666666666667 -0.1 0.6 -0.1 6 2 2 1 0 0 2 0 0 1
2026-09-05,06:03:10 GMT,V6.4 BLOCK - journal-guarded entry/recovery gate failed or signal already used
2026-09-05,06:03:10 GMT,SENTINEL V6 MULTI-WINDOW SCAN >>>
2026-09-05,06:03:10 GMT,V6.4 DIAG | 3 0 10 -0.050000000000000044 0.028571428571428567 0.04999999999999999 -0.06666666666666667 -0.1 -0.15000000000000002 -0.1 7 1 1 1 0 0 2 0 0 1
2026-09-05,06:03:10 GMT,V6.4 BLOCK - journal-guarded entry/recovery gate failed or signal already used
2026-09-05,06:03:10 GMT,SENTINEL V6 MULTI-WINDOW SCAN >>>
2026-09-05,06:03:10 GMT,V6.4 DIAG | 3 0 9 -0.050000000000000044 0.028571428571428567 0.04999999999999999 -0.06666666666666667 -0.1 -0.15000000000000002 -0.1 6 2 2 1 0 0 2 0 0 1
2026-09-05,06:03:10 GMT,V6.4 BLOCK - journal-guarded entry/recovery gate failed or signal already used
2026-09-05,06:03:10 GMT,SENTINEL V6 MULTI-WINDOW SCAN >>>
2026-09-05,06:03:10 GMT,V6.4 DIAG | 6 0 9 -0.050000000000000044 0.028571428571428567 0.04999999999999999 -0.06666666666666667 -0.1 -0.15000000000000002 -0.1 5 3 3 1 0 0 2 0 0 1
2026-09-05,06:03:10 GMT,V6.4 BLOCK - journal-guarded entry/recovery gate failed or signal already used
2026-09-05,06:03:10 GMT,SENTINEL V6 MULTI-WINDOW SCAN >>>
2026-09-05,06:03:10 GMT,V6.4 DIAG | 8 0 9 -0.20000000000000007 0.05714285714285714 0.2 -0.13333333333333336 -0.35000000000000003 -0.15000000000000002 -0.1 5 3 3 1 0 0 2 0 0 1
2026-09-05,06:03:10 GMT,V6.4 BLOCK - journal-guarded entry/recovery gate failed or signal already used
2026-09-05,06:03:10 GMT,SENTINEL V6 MULTI-WINDOW SCAN >>>
2026-09-05,06:03:10 GMT,V6.4 DIAG | 6 0 8 -0.20000000000000007 0.05714285714285714 0.2 -0.13333333333333336 -0.65 0.15000000000000002 -0.1 6 2 2 1 0 0 2 0 0 1
2026-09-05,06:03:10 GMT,V6.4 BLOCK - journal-guarded entry/recovery gate failed or signal already used
2026-09-05,06:03:10 GMT,SENTINEL V6 MULTI-WINDOW SCAN >>>
2026-09-05,06:03:10 GMT,V6.4 DIAG | 4 0 5 -0.20000000000000007 0 0.2 0 -0.65 0.9500000000000001 -0.1 5 3 2 1 0 0 2 0 0 1
2026-09-05,06:03:10 GMT,V6.4 BLOCK - journal-guarded entry/recovery gate failed or signal already used
2026-09-05,06:03:10 GMT,SENTINEL V6 MULTI-WINDOW SCAN >>>
2026-09-05,06:03:10 GMT,V6.4 DIAG | 3 0 3 -0.20000000000000007 0 0.2 0 -0.65 0.9500000000000001 -0.1 4 4 2 1 0 0 2 0 0 1
2026-09-05,06:03:10 GMT,V6.4 BLOCK - journal-guarded entry/recovery gate failed or signal already used
2026-09-05,06:03:10 GMT,SENTINEL V6 MULTI-WINDOW SCAN >>>
2026-09-05,06:03:10 GMT,V6.4 DIAG | 0 0 3 -0.20000000000000007 0 0.2 0 -0.65 0.9500000000000001 -0.1 4 4 2 1 0 0 2 0 0 1
2026-09-05,06:03:10 GMT,V6.4 BLOCK - journal-guarded entry/recovery gate failed or signal already used
2026-09-05,06:03:10 GMT,SENTINEL V6 MULTI-WINDOW SCAN >>>
2026-09-05,06:03:10 GMT,V6.4 DIAG | 8 0 2 -0.20000000000000007 -0.05714285714285714 0.2 0.13333333333333336 0.15000000000000002 0.9500000000000001 -0.1 4 4 2 1 0 0 2 0 0 1
2026-09-05,06:03:10 GMT,V6.4 BLOCK - journal-guarded entry/recovery gate failed or signal already used
2026-09-05,06:03:10 GMT,SENTINEL V6 MULTI-WINDOW SCAN >>>
2026-09-05,06:03:10 GMT,V6.4 DIAG | 8 0 5 -0.050000000000000044 -0.08571428571428572 0.04999999999999999 0.2 0.9 0.45 -0.1 5 3 1 1 0 0 2 0 0 1
2026-09-05,06:03:10 GMT,V6.4 BLOCK - journal-guarded entry/recovery gate failed or signal already used
2026-09-05,06:03:10 GMT,SENTINEL V6 MULTI-WINDOW SCAN >>>
2026-09-05,06:03:10 GMT,V6.4 DIAG | 2 0 8 0.10000000000000009 -0.057142857142857134 -0.09999999999999998 0.13333333333333333 0.9 -0.05 -0.15 6 2 0 0 0 0 2 0 0 1
2026-09-05,06:03:10 GMT,V6.4 BLOCK - journal-guarded entry/recovery gate failed or signal already used
2026-09-05,06:03:10 GMT,SENTINEL V6 MULTI-WINDOW SCAN >>>
2026-09-05,06:03:10 GMT,V6.4 DIAG | 0 0 8 0.15000000000000002 -0.057142857142857134 -0.14999999999999997 0.13333333333333333 0.8500000000000001 -0.05 -0.15 6 2 0 0 0 0 2 0 0 1
2026-09-05,06:03:10 GMT,V6.4 BLOCK - journal-guarded entry/recovery gate failed or signal already used
2026-09-05,06:03:10 GMT,SENTINEL V6 MULTI-WINDOW SCAN >>>
2026-09-05,06:03:10 GMT,V6.4 DIAG | 7 0 6 0 -0.028571428571428567 0 0.06666666666666667 0.8500000000000001 -0.05 -0.4 6 2 0 1 0 0 2 0 0 1
2026-09-05,06:03:10 GMT,V6.4 BLOCK - journal-guarded entry/recovery gate failed or signal already used
2026-09-05,06:03:10 GMT,SENTINEL V6 MULTI-WINDOW SCAN >>>
2026-09-05,06:03:10 GMT,V6.4 DIAG | 7 1 9 0 0.028571428571428567 0 -0.06666666666666667 0.30000000000000004 -0.05 -0.65 7 1 0 1 0 0 2 0 0 1
2026-09-05,06:03:10 GMT,V6.4 BLOCK - journal-guarded entry/recovery gate failed or signal already used
2026-09-05,06:03:10 GMT,SENTINEL V6 MULTI-WINDOW SCAN >>>
2026-09-05,06:03:10 GMT,V6.4 DIAG | 5 1 12 0.10000000000000009 0.057142857142857134 -0.09999999999999998 -0.13333333333333333 -0.2 -0.05 -0.65 7 1 0 0 1 0 2 1 0 1
2026-09-05,06:03:10 GMT,V6.4 BLOCK - journal-guarded entry/recovery gate failed or signal already used
2026-09-05,06:03:10 GMT,SENTINEL V6 MULTI-WINDOW SCAN >>>
2026-09-05,06:03:10 GMT,V6.4 DIAG | 1 0 12 0.10000000000000009 0.057142857142857134 -0.09999999999999998 -0.13333333333333333 -0.2 -0.05 -0.65 6 2 0 0 1 0 2 1 0 1
2026-09-05,06:03:10 GMT,V6.4 BLOCK - journal-guarded entry/recovery gate failed or signal already used
2026-09-05,06:03:10 GMT,SENTINEL V6 MULTI-WINDOW SCAN >>>
2026-09-05,06:03:10 GMT,V6.4 DIAG | 3 0 12 0.10000000000000009 0.057142857142857134 -0.09999999999999998 -0.13333333333333333 -0.2 -0.05 -0.65 6 2 0 0 1 0 2 0 0 1
2026-09-05,06:03:10 GMT,V6.4 BLOCK - journal-guarded entry/recovery gate failed or signal already used
2026-09-05,06:03:10 GMT,SENTINEL V6 MULTI-WINDOW SCAN >>>
2026-09-05,06:03:10 GMT,V6.4 DIAG | 5 0 8 0.10000000000000009 0 -0.09999999999999998 0 -0.2 -0.05 0.15000000000000002 6 2 0 0 0 0 2 0 0 1
2026-09-05,06:03:10 GMT,V6.4 BLOCK - journal-guarded entry/recovery gate failed or signal already used
2026-09-05,06:03:10 GMT,SENTINEL V6 MULTI-WINDOW SCAN >>>
2026-09-05,06:03:10 GMT,V6.4 DIAG | 4 0 6 -0.050000000000000044 -0.028571428571428567 0.04999999999999999 0.06666666666666667 -0.2 -0.30000000000000004 0.9500000000000001 6 2 0 1 0 0 2 0 0 1
2026-09-05,06:03:10 GMT,V6.4 BLOCK - journal-guarded entry/recovery gate failed or signal already used
2026-09-05,06:03:10 GMT,SENTINEL V6 MULTI-WINDOW SCAN >>>
2026-09-05,06:03:10 GMT,V6.4 DIAG | 6 0 6 -0.050000000000000044 -0.028571428571428567 0.04999999999999999 0.06666666666666667 -0.2 -0.30000000000000004 0.9500000000000001 6 2 0 1 0 0 2 0 0 1
2026-09-05,06:03:10 GMT,V6.4 BLOCK - journal-guarded entry/recovery gate failed or signal already used
2026-09-05,06:03:10 GMT,SENTINEL V6 MULTI-WINDOW SCAN >>>
2026-09-05,06:03:10 GMT,V6.4 DIAG | 4 0 6 -0.050000000000000044 -0.028571428571428567 0.04999999999999999 0.06666666666666667 -0.2 -0.30000000000000004 0.9500000000000001 5 3 1 1 0 0 2 0 0 1
2026-09-05,06:03:10 GMT,V6.4 BLOCK - journal-guarded entry/recovery gate failed or signal already used
2026-09-05,06:03:10 GMT,SENTINEL V6 MULTI-WINDOW SCAN >>>
2026-09-05,06:03:10 GMT,V6.4 DIAG | 9 0 6 0 -0.028571428571428567 0 0.06666666666666667 -0.25 -0.30000000000000004 0.9500000000000001 5 3 1 1 0 0 2 0 0 1
2026-09-05,06:03:10 GMT,V6.4 BLOCK - journal-guarded entry/recovery gate failed or signal already used
2026-09-05,06:03:10 GMT,SENTINEL V6 MULTI-WINDOW SCAN >>>
2026-09-05,06:03:10 GMT,V6.4 DIAG | 9 0 8 0.10000000000000009 0 -0.09999999999999998 0 -0.25 -0.30000000000000004 0.45 6 2 1 1 0 0 2 0 0 1
2026-09-05,06:03:10 GMT,V6.4 BLOCK - journal-guarded entry/recovery gate failed or signal already used
2026-09-05,06:03:10 GMT,SENTINEL V6 MULTI-WINDOW SCAN >>>
2026-09-05,06:03:10 GMT,V6.4 DIAG | 4 0 8 0.20000000000000007 -0.028571428571428567 -0.19999999999999998 0.06666666666666667 -0.25 0.5 -0.05 7 1 1 1 0 0 2 0 0 1
2026-09-05,06:03:10 GMT,V6.4 BLOCK - journal-guarded entry/recovery gate failed or signal already used
2026-09-05,06:03:10 GMT,SENTINEL V6 MULTI-WINDOW SCAN >>>
2026-09-05,06:03:10 GMT,V6.4 DIAG | 5 0 8 0.050000000000000044 0 -0.04999999999999999 0 -0.5 0.5 -0.05 7 1 1 1 0 0 2 0 0 1
2026-09-05,06:03:10 GMT,V6.4 BLOCK - journal-guarded entry/recovery gate failed or signal already used
2026-09-05,06:03:10 GMT,SENTINEL V6 MULTI-WINDOW SCAN >>>
2026-09-05,06:03:10 GMT,V6.4 DIAG | 3 0 8 0.050000000000000044 0 -0.04999999999999999 0 -0.5 0.5 -0.05 7 1 1 1 0 0 2 0 0 1
2026-09-05,06:03:10 GMT,V6.4 BLOCK - journal-guarded entry/recovery gate failed or signal already used
2026-09-05,06:03:10 GMT,SENTINEL V6 MULTI-WINDOW SCAN >>>
2026-09-05,06:03:10 GMT,V6.4 DIAG | 0 0 8 0.050000000000000044 0 -0.04999999999999999 0 -0.5 0.5 -0.05 6 2 1 1 0 0 2 0 0 1
2026-09-05,06:03:10 GMT,V6.4 BLOCK - journal-guarded entry/recovery gate failed or signal already used
2026-09-05,06:03:10 GMT,SENTINEL V6 MULTI-WINDOW SCAN >>>
2026-09-05,06:03:10 GMT,V6.4 DIAG | 8 0 8 0.050000000000000044 0 -0.04999999999999999 0 -0.5 0.5 -0.05 6 2 1 1 0 0 2 0 0 1
2026-09-05,06:03:10 GMT,V6.4 BLOCK - journal-guarded entry/recovery gate failed or signal already used
2026-09-05,06:03:10 GMT,SENTINEL V6 MULTI-WINDOW SCAN >>>
2026-09-05,06:03:10 GMT,V6.4 DIAG | 6 0 12 0.15000000000000002 0.028571428571428567 -0.15 -0.06666666666666667 -0.5 0 -0.05 7 1 0 0 1 0 2 0 0 1
2026-09-05,06:03:10 GMT,V6.4 BLOCK - journal-guarded entry/recovery gate failed or signal already used
2026-09-05,06:03:10 GMT,SENTINEL V6 MULTI-WINDOW SCAN >>>
2026-09-05,06:03:10 GMT,V6.4 DIAG | 3 0 6 0 0 0 0 0.05000000000000002 0 -0.05 7 1 0 1 0 0 2 0 0 1
2026-09-05,06:03:10 GMT,V6.4 BLOCK - journal-guarded entry/recovery gate failed or signal already used
2026-09-05,06:03:10 GMT,SENTINEL V6 MULTI-WINDOW SCAN >>>
2026-09-05,06:03:10 GMT,V6.4 DIAG | 6 0 9 -0.15000000000000002 0.028571428571428567 0.15 -0.06666666666666667 0.05000000000000002 0 -0.30000000000000004 7 1 0 1 0 0 2 0 0 1
2026-09-05,06:03:10 GMT,V6.4 BLOCK - journal-guarded entry/recovery gate failed or signal already used
2026-09-05,06:03:10 GMT,SENTINEL V6 MULTI-WINDOW SCAN >>>
2026-09-05,06:03:10 GMT,V6.4 DIAG | 3 0 10 -0.30000000000000004 0.05714285714285714 0.30000000000000004 -0.13333333333333336 -0.20000000000000004 0 -0.30000000000000004 6 2 0 1 0 0 2 0 0 1
2026-09-05,06:03:10 GMT,V6.4 BLOCK - journal-guarded entry/recovery gate failed or signal already used
2026-09-05,06:03:10 GMT,SENTINEL V6 MULTI-WINDOW SCAN >>>
2026-09-05,06:03:10 GMT,V6.4 DIAG | 0 0 10 -0.30000000000000004 0.05714285714285714 0.30000000000000004 -0.13333333333333336 -0.20000000000000004 0 -0.30000000000000004 5 3 0 1 0 0 2 0 0 1
2026-09-05,06:03:10 GMT,V6.4 BLOCK - journal-guarded entry/recovery gate failed or signal already used
2026-09-05,06:03:10 GMT,SENTINEL V6 MULTI-WINDOW SCAN >>>
2026-09-05,06:03:10 GMT,V6.4 DIAG | 7 0 8 -0.4 0.08571428571428572 0.4 -0.2 -0.4499999999999999 -0.05 -0.30000000000000004 4 4 0 1 0 0 2 0 0 1
2026-09-05,06:03:10 GMT,V6.4 BLOCK - journal-guarded entry/recovery gate failed or signal already used
2026-09-05,06:03:10 GMT,SENTINEL V6 MULTI-WINDOW SCAN >>>
2026-09-05,06:03:10 GMT,V6.4 DIAG | 3 0 10 -0.30000000000000004 0.05714285714285714 0.30000000000000004 -0.13333333333333336 -0.15000000000000002 -0.05 -0.30000000000000004 5 3 0 1 0 0 2 0 0 1
2026-09-05,06:03:10 GMT,V6.4 BLOCK - journal-guarded entry/recovery gate failed or signal already used
2026-09-05,06:03:10 GMT,SENTINEL V6 MULTI-WINDOW SCAN >>>
2026-09-05,06:03:10 GMT,V6.4 DIAG | 6 0 4 -0.30000000000000004 0 0.30000000000000004 0 -0.15000000000000002 -0.05 0.5 4 4 0 1 0 0 2 0 0 1
2026-09-05,06:03:10 GMT,V6.4 BLOCK - journal-guarded entry/recovery gate failed or signal already used
2026-09-05,06:03:10 GMT,SENTINEL V6 MULTI-WINDOW SCAN >>>
2026-09-05,06:03:10 GMT,V6.4 DIAG | 1 0 3 -0.25 -0.05714285714285714 0.25 0.13333333333333336 0.65 -0.05 0.45 4 4 0 1 0 0 2 0 0 1
2026-09-05,06:03:10 GMT,V6.4 BLOCK - journal-guarded entry/recovery gate failed or signal already used
2026-09-05,06:03:10 GMT,SENTINEL V6 MULTI-WINDOW SCAN >>>
2026-09-05,06:03:10 GMT,V6.4 DIAG | 5 0 3 -0.20000000000000007 -0.05714285714285714 0.2 0.13333333333333336 0.65 -0.1 0.45 4 4 0 1 0 0 2 0 0 1
2026-09-05,06:03:10 GMT,V6.4 BLOCK - journal-guarded entry/recovery gate failed or signal already used
2026-09-05,06:03:10 GMT,SENTINEL V6 MULTI-WINDOW SCAN >>>
2026-09-05,06:03:10 GMT,V6.4 DIAG | 7 0 3 -0.15000000000000002 -0.11428571428571428 0.15000000000000002 0.26666666666666666 1.4 -0.1 0.45 4 4 0 1 0 0 2 0 0 1
2026-09-05,06:03:10 GMT,V6.4 BLOCK - journal-guarded entry/recovery gate failed or signal already used
2026-09-05,06:03:10 GMT,SENTINEL V6 MULTI-WINDOW SCAN >>>
2026-09-05,06:03:10 GMT,V6.4 DIAG | 9 0 5 0 -0.08571428571428572 0 0.2 0.9 -0.1 0.4 5 3 0 1 0 0 2 0 0 1
2026-09-05,06:03:10 GMT,V6.4 BLOCK - journal-guarded entry/recovery gate failed or signal already used
2026-09-05,06:03:10 GMT,SENTINEL V6 MULTI-WINDOW SCAN >>>
2026-09-05,06:03:10 GMT,V6.4 DIAG | 7 0 8 0.10000000000000009 -0.057142857142857134 -0.09999999999999998 0.13333333333333333 0.9 -0.1 -0.1 6 2 0 0 0 0 2 0 0 1
2026-09-05,06:03:10 GMT,V6.4 BLOCK - journal-guarded entry/recovery gate failed or signal already used
2026-09-05,06:03:10 GMT,SENTINEL V6 MULTI-WINDOW SCAN >>>
2026-09-05,06:03:10 GMT,V6.4 DIAG | 3 0 8 0.10000000000000009 0 -0.09999999999999998 0 0.15000000000000002 -0.1 -0.15 7 1 0 0 0 0 2 0 0 1
2026-09-05,06:03:10 GMT,V6.4 BLOCK - journal-guarded entry/recovery gate failed or signal already used
2026-09-05,06:03:10 GMT,SENTINEL V6 MULTI-WINDOW SCAN >>>
2026-09-05,06:03:10 GMT,V6.4 DIAG | 7 0 8 0.15000000000000002 0 -0.14999999999999997 0 0.15000000000000002 -0.15 -0.15 7 1 0 1 0 0 2 0 0 1
2026-09-05,06:03:10 GMT,V6.4 BLOCK - journal-guarded entry/recovery gate failed or signal already used
2026-09-05,06:03:10 GMT,SENTINEL V6 MULTI-WINDOW SCAN >>>
2026-09-05,06:03:10 GMT,V6.4 DIAG | 3 1 12 0.25 0.028571428571428567 -0.24999999999999997 -0.06666666666666667 -0.35000000000000003 -0.15 -0.15 7 1 0 1 1 0 2 0 0 1
2026-09-05,06:03:10 GMT,V6.4 BLOCK - journal-guarded entry/recovery gate failed or signal already used
2026-09-05,06:03:10 GMT,SENTINEL V6 MULTI-WINDOW SCAN >>>
2026-09-05,06:03:10 GMT,V6.4 DIAG | 6 0 12 0.30000000000000004 0.028571428571428567 -0.30000000000000004 -0.06666666666666667 -0.35000000000000003 -0.2 -0.15 7 1 0 0 1 0 2 1 0 1
2026-09-05,06:03:10 GMT,V6.4 BLOCK - journal-guarded entry/recovery gate failed or signal already used
2026-09-05,06:03:10 GMT,SENTINEL V6 MULTI-WINDOW SCAN >>>
2026-09-05,06:03:10 GMT,V6.4 DIAG | 4 0 12 0.30000000000000004 0.028571428571428567 -0.30000000000000004 -0.06666666666666667 -0.35000000000000003 -0.2 -0.15 7 1 0 0 1 0 2 0 0 1
2026-09-05,06:03:10 GMT,V6.4 BLOCK - journal-guarded entry/recovery gate failed or signal already used
2026-09-05,06:03:10 GMT,SENTINEL V6 MULTI-WINDOW SCAN >>>
2026-09-05,06:03:10 GMT,V6.4 DIAG | 3 0 8 0.30000000000000004 -0.028571428571428567 -0.30000000000000004 0.06666666666666667 0.45 -0.2 -0.15 7 1 0 0 0 0 2 0 0 1
2026-09-05,06:03:10 GMT,V6.4 BLOCK - journal-guarded entry/recovery gate failed or signal already used
2026-09-05,06:03:10 GMT,SENTINEL V6 MULTI-WINDOW SCAN >>>
2026-09-05,06:03:10 GMT,V6.4 DIAG | 4 0 8 0.35 -0.028571428571428567 -0.35 0.06666666666666667 0.45 -0.25 -0.15 7 1 0 0 0 0 2 0 0 1
2026-09-05,06:03:10 GMT,V6.4 BLOCK - journal-guarded entry/recovery gate failed or signal already used
2026-09-05,06:03:10 GMT,SENTINEL V6 MULTI-WINDOW SCAN >>>
2026-09-05,06:03:10 GMT,V6.4 DIAG | 2 0 8 0.35 -0.028571428571428567 -0.35 0.06666666666666667 0.45 -0.25 -0.15 7 1 0 1 0 0 2 0 0 1
2026-09-05,06:03:10 GMT,V6.4 BLOCK - journal-guarded entry/recovery gate failed or signal already used
2026-09-05,06:03:10 GMT,SENTINEL V6 MULTI-WINDOW SCAN >>>
2026-09-05,06:03:10 GMT,V6.4 DIAG | 0 0 8 0.4 -0.028571428571428567 -0.4 0.06666666666666667 0.45 -0.25 -0.2 7 1 0 0 0 0 2 0 0 1
2026-09-05,06:03:10 GMT,V6.4 BLOCK - journal-guarded entry/recovery gate failed or signal already used
2026-09-05,06:03:10 GMT,SENTINEL V6 MULTI-WINDOW SCAN >>>
2026-09-05,06:03:10 GMT,V6.4 DIAG | 7 0 8 0.4 -0.028571428571428567 -0.4 0.06666666666666667 0.45 -0.25 -0.2 7 1 0 1 0 0 2 0 0 1
2026-09-05,06:03:10 GMT,V6.4 BLOCK - journal-guarded entry/recovery gate failed or signal already used
2026-09-05,06:03:10 GMT,SENTINEL V6 MULTI-WINDOW SCAN >>>
2026-09-05,06:03:10 GMT,V6.4 DIAG | 1 0 9 0.5 0 -0.5 0 -0.05 -0.25 -0.2 8 0 0 1 0 0 2 0 0 1
2026-09-05,06:03:10 GMT,V6.4 BLOCK - journal-guarded entry/recovery gate failed or signal already used
2026-09-05,06:03:10 GMT,SENTINEL V6 MULTI-WINDOW SCAN >>>
2026-09-05,06:03:10 GMT,V6.4 DIAG | 4 0 9 0.55 0 -0.55 0 -0.05 -0.25 -0.25 8 0 0 0 0 0 2 0 0 1
2026-09-05,06:03:10 GMT,V6.4 BLOCK - journal-guarded entry/recovery gate failed or signal already used
2026-09-05,06:03:10 GMT,SENTINEL V6 MULTI-WINDOW SCAN >>>
2026-09-05,06:03:10 GMT,V6.4 DIAG | 4 0 12 0.4 0.028571428571428567 -0.4 -0.06666666666666667 -0.05 -0.5 -0.25 8 0 0 0 1 0 2 0 0 1
2026-09-05,06:03:10 GMT,V6.4 BLOCK - journal-guarded entry/recovery gate failed or signal already used
2026-09-05,06:03:10 GMT,SENTINEL V6 MULTI-WINDOW SCAN >>>
2026-09-05,06:03:10 GMT,V6.4 DIAG | 0 0 12 0.4 0.028571428571428567 -0.4 -0.06666666666666667 -0.05 -0.5 -0.25 8 0 0 1 1 0 2 0 0 1
2026-09-05,06:03:10 GMT,V6.4 BLOCK - journal-guarded entry/recovery gate failed or signal already used
2026-09-05,06:03:10 GMT,SENTINEL V6 MULTI-WINDOW SCAN >>>
2026-09-05,06:03:10 GMT,V6.4 DIAG | 3 0 12 0.45 0.028571428571428567 -0.45000000000000007 -0.06666666666666667 -0.1 -0.5 -0.25 7 1 1 0 0 0 2 0 0 1
2026-09-05,06:03:10 GMT,V6.4 BLOCK - journal-guarded entry/recovery gate failed or signal already used
2026-09-05,06:03:10 GMT,SENTINEL V6 MULTI-WINDOW SCAN >>>
2026-09-05,06:03:10 GMT,V6.4 DIAG | 0 0 12 0.30000000000000004 0.057142857142857134 -0.3 -0.13333333333333333 -0.1 -0.5 -0.5 7 1 1 0 0 0 2 0 0 1
2026-09-05,06:03:10 GMT,V6.4 BLOCK - journal-guarded entry/recovery gate failed or signal already used
2026-09-05,06:03:10 GMT,SENTINEL V6 MULTI-WINDOW SCAN >>>
2026-09-05,06:03:10 GMT,V6.4 DIAG | 4 0 12 0.19999999999999996 0.08571428571428572 -0.2 -0.2 -0.1 -0.75 -0.55 7 1 1 0 1 0 2 0 0 1
2026-09-05,06:03:10 GMT,V6.4 BLOCK - journal-guarded entry/recovery gate failed or signal already used
2026-09-05,06:03:10 GMT,SENTINEL V6 MULTI-WINDOW SCAN >>>
2026-09-05,06:03:10 GMT,V6.4 DIAG | 0 0 10 0.04999999999999993 0.05714285714285714 -0.04999999999999999 -0.13333333333333336 -0.35000000000000003 0.05000000000000002 -0.55 6 2 1 1 0 0 2 0 0 1
2026-09-05,06:03:10 GMT,V6.4 BLOCK - journal-guarded entry/recovery gate failed or signal already used
2026-09-05,06:03:10 GMT,SENTINEL V6 MULTI-WINDOW SCAN >>>
2026-09-05,06:03:10 GMT,V6.4 DIAG | 3 0 8 -0.050000000000000044 0.08571428571428572 0.04999999999999999 -0.2 -0.4 0.05000000000000002 -0.8 5 3 2 1 0 0 2 0 0 1
2026-09-05,06:03:10 GMT,V6.4 BLOCK - journal-guarded entry/recovery gate failed or signal already used
2026-09-05,06:03:10 GMT,SENTINEL V6 MULTI-WINDOW SCAN >>>
2026-09-05,06:03:10 GMT,V6.4 DIAG | 0 0 6 -0.050000000000000044 0.08571428571428572 0.04999999999999999 -0.2 -0.4 0.05000000000000002 -0.8 4 4 2 1 0 0 2 0 0 1
2026-09-05,06:03:10 GMT,V6.4 BLOCK - journal-guarded entry/recovery gate failed or signal already used
2026-09-05,06:03:10 GMT,SENTINEL V6 MULTI-WINDOW SCAN >>>
2026-09-05,06:03:10 GMT,V6.4 DIAG | 0 0 5 -0.19999999999999996 0.05714285714285715 0.19999999999999996 -0.13333333333333333 -0.4 0.05000000000000002 -0.25 3 5 2 1 0 0 2 0 0 1
2026-09-05,06:03:10 GMT,V6.4 BLOCK - journal-guarded entry/recovery gate failed or signal already used
2026-09-05,06:03:10 GMT,SENTINEL V6 MULTI-WINDOW SCAN >>>
2026-09-05,06:03:10 GMT,V6.4 DIAG | 8 0 5 -0.35000000000000003 0.02857142857142857 0.35 -0.06666666666666665 -0.4 0.6 -0.25 3 5 2 1 0 0 2 0 0 1
2026-09-05,06:03:10 GMT,V6.4 BLOCK - journal-guarded entry/recovery gate failed or signal already used
2026-09-05,06:03:10 GMT,SENTINEL V6 MULTI-WINDOW SCAN >>>
2026-09-05,06:03:10 GMT,V6.4 DIAG | 5 0 2 -0.25 0 0.25 0 0.4 0.1 -0.25 3 5 1 1 0 0 2 0 0 1
2026-09-05,06:03:10 GMT,V6.4 BLOCK - journal-guarded entry/recovery gate failed or signal already used
2026-09-05,06:03:10 GMT,SENTINEL V6 MULTI-WINDOW SCAN >>>
2026-09-05,06:03:10 GMT,V6.4 DIAG | 3 0 1 -0.35000000000000003 -0.02857142857142857 0.35 0.06666666666666665 0.4 -0.15000000000000002 0.5 2 6 2 1 0 0 2 0 0 1
2026-09-05,06:03:10 GMT,V6.4 BLOCK - journal-guarded entry/recovery gate failed or signal already used
2026-09-05,06:03:10 GMT,SENTINEL V6 MULTI-WINDOW SCAN >>>
2026-09-05,06:03:10 GMT,V6.4 DIAG | 9 0 1 -0.3 -0.02857142857142857 0.29999999999999993 0.06666666666666665 0.35000000000000003 -0.15000000000000002 0.5 2 6 2 1 0 0 2 0 0 1
2026-09-05,06:03:10 GMT,V6.4 BLOCK - journal-guarded entry/recovery gate failed or signal already used
2026-09-05,06:03:10 GMT,SENTINEL V6 MULTI-WINDOW SCAN >>>
2026-09-05,06:03:10 GMT,V6.4 DIAG | 8 0 1 -0.15000000000000002 -0.05714285714285715 0.14999999999999997 0.13333333333333333 0.35000000000000003 -0.20000000000000004 0.8 2 6 3 1 0 0 2 0 0 1
2026-09-05,06:03:10 GMT,V6.4 BLOCK - journal-guarded entry/recovery gate failed or signal already used
2026-09-05,06:03:10 GMT,SENTINEL V6 MULTI-WINDOW SCAN >>>
2026-09-05,06:03:10 GMT,V6.4 DIAG | 7 0 1 -0.15000000000000002 -0.05714285714285715 0.14999999999999997 0.13333333333333333 0.35000000000000003 -0.15000000000000002 0.75 3 5 2 1 0 0 2 0 0 1
2026-09-05,06:03:10 GMT,V6.4 BLOCK - journal-guarded entry/recovery gate failed or signal already used
2026-09-05,06:03:10 GMT,SENTINEL V6 MULTI-WINDOW SCAN >>>
2026-09-05,06:03:10 GMT,V6.4 DIAG | 9 0 3 0 -0.028571428571428574 0 0.06666666666666668 -0.2 -0.15000000000000002 0.75 4 4 2 0 0 0 2 0 0 1
2026-09-05,06:03:10 GMT,V6.4 BLOCK - journal-guarded entry/recovery gate failed or signal already used
2026-09-05,06:03:10 GMT,SENTINEL V6 MULTI-WINDOW SCAN >>>
2026-09-05,06:03:10 GMT,V6.4 DIAG | 3 0 3 -0.050000000000000044 -0.028571428571428574 0.04999999999999999 0.06666666666666668 -0.2 0.65 0 4 4 3 1 0 0 2 0 0 1
2026-09-05,06:03:10 GMT,V6.4 BLOCK - journal-guarded entry/recovery gate failed or signal already used
2026-09-05,06:03:10 GMT,SENTINEL V6 MULTI-WINDOW SCAN >>>
2026-09-05,06:03:10 GMT,V6.4 DIAG | 9 0 3 -0.050000000000000044 -0.028571428571428574 0.04999999999999999 0.06666666666666668 -0.2 0.65 0 4 4 3 1 0 0 2 0 0 1
2026-09-05,06:03:10 GMT,V6.4 BLOCK - journal-guarded entry/recovery gate failed or signal already used
2026-09-05,06:03:10 GMT,SENTINEL V6 MULTI-WINDOW SCAN >>>
2026-09-05,06:03:10 GMT,V6.4 DIAG | 8 0 4 0.04999999999999993 0 -0.04999999999999999 0 -0.2 0.65 -0.5 4 4 3 1 0 0 2 0 0 1
2026-09-05,06:03:10 GMT,V6.4 BLOCK - journal-guarded entry/recovery gate failed or signal already used
2026-09-05,06:03:10 GMT,SENTINEL V6 MULTI-WINDOW SCAN >>>
2026-09-05,06:03:10 GMT,V6.4 DIAG | 3 0 6 0.04999999999999993 0 -0.04999999999999999 0 -0.25 0.9500000000000001 -0.75 5 3 2 1 0 0 2 0 0 1
2026-09-05,06:03:10 GMT,V6.4 BLOCK - journal-guarded entry/recovery gate failed or signal already used
2026-09-05,06:03:10 GMT,SENTINEL V6 MULTI-WINDOW SCAN >>>
2026-09-05,06:03:10 GMT,V6.4 DIAG | 8 0 6 0.04999999999999993 0 -0.04999999999999999 0 -0.25 0.9500000000000001 -0.75 5 3 2 1 0 0 2 0 0 1
2026-09-05,06:03:10 GMT,V6.4 BLOCK - journal-guarded entry/recovery gate failed or signal already used
2026-09-05,06:03:10 GMT,SENTINEL V6 MULTI-WINDOW SCAN >>>
2026-09-05,06:03:10 GMT,V6.4 DIAG | 4 0 7 0.1499999999999999 -0.028571428571428567 -0.15000000000000002 0.06666666666666667 -0.25 0.45 0.05000000000000002 5 3 1 1 0 0 2 0 0 1
2026-09-05,06:03:10 GMT,V6.4 BLOCK - journal-guarded entry/recovery gate failed or signal already used
2026-09-05,06:03:10 GMT,SENTINEL V6 MULTI-WINDOW SCAN >>>
2026-09-05,06:03:10 GMT,V6.4 DIAG | 2 0 5 0 0 0 0 -0.5 0.45 0.05000000000000002 5 3 1 1 0 0 2 0 0 1
2026-09-05,06:03:10 GMT,V6.4 BLOCK - journal-guarded entry/recovery gate failed or signal already used
2026-09-05,06:03:10 GMT,SENTINEL V6 MULTI-WINDOW SCAN >>>
2026-09-05,06:03:10 GMT,V6.4 DIAG | 8 0 7 0.04999999999999993 0 -0.04999999999999999 0 -0.5 0.45 0 5 3 1 1 0 0 2 0 0 1
2026-09-05,06:03:10 GMT,V6.4 BLOCK - journal-guarded entry/recovery gate failed or signal already used
2026-09-05,06:03:10 GMT,SENTINEL V6 MULTI-WINDOW SCAN >>>
2026-09-05,06:03:10 GMT,V6.4 DIAG | 2 0 6 0 0 0 0 -0.5 -0.05 0.55 5 3 0 0 0 0 2 0 0 1
2026-09-05,06:03:10 GMT,V6.4 BLOCK - journal-guarded entry/recovery gate failed or signal already used
2026-09-05,06:03:10 GMT,SENTINEL V6 MULTI-WINDOW SCAN >>>
2026-09-05,06:03:10 GMT,V6.4 DIAG | 9 0 6 0 0 0 0 -0.5 -0.05 0.55 5 3 0 1 0 0 2 0 0 1
2026-09-05,06:03:10 GMT,V6.4 BLOCK - journal-guarded entry/recovery gate failed or signal already used
2026-09-05,06:03:10 GMT,SENTINEL V6 MULTI-WINDOW SCAN >>>
2026-09-05,06:03:10 GMT,V6.4 DIAG | 5 0 9 -0.050000000000000044 0.05714285714285714 0.050000000000000044 -0.13333333333333336 -0.75 -0.05 0.05000000000000002 5 3 0 1 0 0 2 0 0 1
2026-09-05,06:03:10 GMT,V6.4 BLOCK - journal-guarded entry/recovery gate failed or signal already used
2026-09-05,06:03:10 GMT,SENTINEL V6 MULTI-WINDOW SCAN >>>
2026-09-05,06:03:10 GMT,V6.4 DIAG | 5 0 5 0 0 0 0 0.05000000000000002 -0.1 0.05000000000000002 5 3 0 0 0 0 2 0 0 1
2026-09-05,06:03:10 GMT,V6.4 BLOCK - journal-guarded entry/recovery gate failed or signal already used
2026-09-05,06:03:10 GMT,SENTINEL V6 MULTI-WINDOW SCAN >>>
2026-09-05,06:03:10 GMT,V6.4 DIAG | 9 0 3 0 0 0 0 0.05000000000000002 -0.1 0.05000000000000002 4 4 0 1 0 0 2 0 0 1
2026-09-05,06:03:10 GMT,V6.4 BLOCK - journal-guarded entry/recovery gate failed or signal already used
2026-09-05,06:03:10 GMT,SENTINEL V6 MULTI-WINDOW SCAN >>>
2026-09-05,06:03:10 GMT,V6.4 DIAG | 6 0 8 0.1499999999999999 -0.028571428571428567 -0.15000000000000002 0.06666666666666667 0 -0.1 0.35000000000000003 5 3 0 0 0 0 2 0 0 1
2026-09-05,06:03:10 GMT,V6.4 BLOCK - journal-guarded entry/recovery gate failed or signal already used
2026-09-05,06:03:10 GMT,SENTINEL V6 MULTI-WINDOW SCAN >>>
2026-09-05,06:03:10 GMT,V6.4 DIAG | 6 0 8 0.1499999999999999 -0.028571428571428567 -0.15000000000000002 0.06666666666666667 0 -0.1 0.35000000000000003 5 3 0 0 0 0 2 0 0 1
2026-09-05,06:03:10 GMT,V6.4 BLOCK - journal-guarded entry/recovery gate failed or signal already used
2026-09-05,06:03:10 GMT,SENTINEL V6 MULTI-WINDOW SCAN >>>
2026-09-05,06:03:10 GMT,V6.4 DIAG | 7 0 5 0 -0.05714285714285714 0 0.13333333333333336 0.8 -0.1 0.1 5 3 0 1 0 0 2 0 0 1
2026-09-05,06:03:10 GMT,V6.4 BLOCK - journal-guarded entry/recovery gate failed or signal already used
2026-09-05,06:03:10 GMT,SENTINEL V6 MULTI-WINDOW SCAN >>>
2026-09-05,06:03:10 GMT,V6.4 DIAG | 3 0 5 -0.050000000000000044 0 0.050000000000000044 0 0.05000000000000002 -0.1 0.1 6 2 0 1 0 0 2 0 0 1
2026-09-05,06:03:10 GMT,V6.4 BLOCK - journal-guarded entry/recovery gate failed or signal already used
2026-09-05,06:03:10 GMT,SENTINEL V6 MULTI-WINDOW SCAN >>>
2026-09-05,06:03:10 GMT,V6.4 DIAG | 9 0 8 -0.19999999999999996 0.028571428571428574 0.2 -0.06666666666666668 0.05000000000000002 -0.35000000000000003 0.1 5 3 0 1 0 0 2 0 0 1
2026-09-05,06:03:10 GMT,V6.4 BLOCK - journal-guarded entry/recovery gate failed or signal already used
2026-09-05,06:03:10 GMT,SENTINEL V6 MULTI-WINDOW SCAN >>>
2026-09-05,06:03:10 GMT,V6.4 DIAG | 1 0 9 -0.25 0.08571428571428572 0.25 -0.2 0.05000000000000002 -0.35000000000000003 -0.65 5 3 0 1 0 0 2 0 0 1
2026-09-05,06:03:10 GMT,V6.4 BLOCK - journal-guarded entry/recovery gate failed or signal already used
2026-09-05,06:03:10 GMT,SENTINEL V6 MULTI-WINDOW SCAN >>>
2026-09-05,06:03:10 GMT,V6.4 DIAG | 7 0 7 -0.4 0.11428571428571428 0.39999999999999997 -0.26666666666666666 -0.20000000000000004 -0.35000000000000003 -0.65 4 4 1 1 0 0 2 0 0 1
2026-09-05,06:03:10 GMT,V6.4 BLOCK - journal-guarded entry/recovery gate failed or signal already used
2026-09-05,06:03:10 GMT,SENTINEL V6 MULTI-WINDOW SCAN >>>
2026-09-05,06:03:10 GMT,V6.4 DIAG | 3 0 7 -0.30000000000000004 0.08571428571428572 0.3 -0.2 -0.7000000000000001 -0.35000000000000003 0.15000000000000002 4 4 1 1 0 0 2 0 0 1
2026-09-05,06:03:10 GMT,V6.4 BLOCK - journal-guarded entry/recovery gate failed or signal already used
2026-09-05,06:03:10 GMT,SENTINEL V6 MULTI-WINDOW SCAN >>>
2026-09-05,06:03:10 GMT,V6.4 DIAG | 3 0 6 -0.25 0.028571428571428574 0.25 -0.06666666666666668 0.1 -0.35000000000000003 0.1 3 5 1 1 0 0 2 0 0 1
2026-09-05,06:03:10 GMT,V6.4 BLOCK - journal-guarded entry/recovery gate failed or signal already used
2026-09-05,06:03:10 GMT,SENTINEL V6 MULTI-WINDOW SCAN >>>
2026-09-05,06:03:10 GMT,V6.4 DIAG | 2 0 2 -0.25 -0.028571428571428574 0.25 0.06666666666666668 0.1 0.45 0.1 3 5 1 1 0 0 2 0 0 1
2026-09-05,06:03:10 GMT,V6.4 BLOCK - journal-guarded entry/recovery gate failed or signal already used
2026-09-05,06:03:10 GMT,SENTINEL V6 MULTI-WINDOW SCAN >>>
2026-09-05,06:03:10 GMT,V6.4 DIAG | 4 0 2 -0.4 -0.05714285714285715 0.39999999999999997 0.13333333333333333 -0.15000000000000002 0.45 0.9 3 5 1 1 0 0 2 0 0 1
2026-09-05,06:03:10 GMT,V6.4 BLOCK - journal-guarded entry/recovery gate failed or signal already used
2026-09-05,06:03:10 GMT,SENTINEL V6 MULTI-WINDOW SCAN >>>
2026-09-05,06:03:10 GMT,V6.4 DIAG | 9 0 1 -0.4 -0.11428571428571428 0.39999999999999997 0.26666666666666666 0.65 0.45 0.9 3 5 1 1 0 0 2 0 0 1
2026-09-05,06:03:10 GMT,V6.4 BLOCK - journal-guarded entry/recovery gate failed or signal already used
2026-09-05,06:03:10 GMT,SENTINEL V6 MULTI-WINDOW SCAN >>>
2026-09-05,06:03:10 GMT,V6.4 DIAG | 7 0 2 -0.30000000000000004 -0.08571428571428572 0.3 0.2 0.65 0.45 0.4 3 5 1 1 0 0 2 0 0 1
2026-09-05,06:03:10 GMT,V6.4 BLOCK - journal-guarded entry/recovery gate failed or signal already used
2026-09-05,06:03:10 GMT,SENTINEL V6 MULTI-WINDOW SCAN >>>
2026-09-05,06:03:10 GMT,V6.4 DIAG | 8 0 2 -0.20000000000000007 -0.05714285714285714 0.2 0.13333333333333336 0.15000000000000002 0.45 0.4 4 4 1 1 0 0 2 0 0 1
2026-09-05,06:03:10 GMT,V6.4 BLOCK - journal-guarded entry/recovery gate failed or signal already used
2026-09-05,06:03:10 GMT,SENTINEL V6 MULTI-WINDOW SCAN >>>
2026-09-05,06:03:10 GMT,V6.4 DIAG | 9 0 5 -0.25 0 0.25 0 0.15000000000000002 -0.05 0.15000000000000002 5 3 0 1 0 0 2 0 0 1
2026-09-05,06:03:10 GMT,V6.4 BLOCK - journal-guarded entry/recovery gate failed or signal already used
2026-09-05,06:03:10 GMT,SENTINEL V6 MULTI-WINDOW SCAN >>>
2026-09-05,06:03:10 GMT,V6.4 DIAG | 7 0 6 -0.15000000000000002 -0.028571428571428567 0.15 0.06666666666666667 0.9500000000000001 -0.05 -0.35000000000000003 6 2 0 1 0 0 2 0 0 1
2026-09-05,06:03:10 GMT,V6.4 BLOCK - journal-guarded entry/recovery gate failed or signal already used
2026-09-05,06:03:10 GMT,SENTINEL V6 MULTI-WINDOW SCAN >>>
2026-09-05,06:03:10 GMT,V6.4 DIAG | 4 0 6 -0.04999999999999993 0 0.05000000000000002 0 0.45 -0.05 -0.35000000000000003 6 2 0 1 0 0 2 0 0 1
2026-09-05,06:03:10 GMT,V6.4 BLOCK - journal-guarded entry/recovery gate failed or signal already used
2026-09-05,06:03:10 GMT,SENTINEL V6 MULTI-WINDOW SCAN >>>
2026-09-05,06:03:10 GMT,V6.4 DIAG | 4 0 6 -0.04999999999999993 0 0.05000000000000002 0 0.45 -0.05 -0.35000000000000003 6 2 0 1 0 0 2 0 0 1
2026-09-05,06:03:10 GMT,V6.4 BLOCK - journal-guarded entry/recovery gate failed or signal already used
2026-09-05,06:03:10 GMT,SENTINEL V6 MULTI-WINDOW SCAN >>>
2026-09-05,06:03:10 GMT,V6.4 DIAG | 4 0 9 -0.15000000000000002 0.028571428571428567 0.15 -0.06666666666666667 0.45 -0.30000000000000004 -0.4 6 2 0 1 0 0 2 0 0 1
2026-09-05,06:03:10 GMT,V6.4 BLOCK - journal-guarded entry/recovery gate failed or signal already used
2026-09-05,06:03:10 GMT,SENTINEL V6 MULTI-WINDOW SCAN >>>
2026-09-05,06:03:10 GMT,V6.4 DIAG | 7 0 5 -0.10000000000000009 -0.028571428571428567 0.09999999999999998 0.06666666666666667 0.45 -0.30000000000000004 0.35000000000000003 6 2 0 1 0 0 2 0 0 1
2026-09-05,06:03:10 GMT,V6.4 BLOCK - journal-guarded entry/recovery gate failed or signal already used
2026-09-05,06:03:10 GMT,SENTINEL V6 MULTI-WINDOW SCAN >>>
2026-09-05,06:03:10 GMT,V6.4 DIAG | 4 0 9 -0.15000000000000002 0.028571428571428567 0.15 -0.06666666666666667 -0.30000000000000004 -0.30000000000000004 0.35000000000000003 6 2 1 1 0 0 2 0 0 1
2026-09-05,06:03:10 GMT,V6.4 BLOCK - journal-guarded entry/recovery gate failed or signal already used
2026-09-05,06:03:10 GMT,SENTINEL V6 MULTI-WINDOW SCAN >>>
2026-09-05,06:03:10 GMT,V6.4 DIAG | 6 0 9 -0.15000000000000002 0.028571428571428567 0.15 -0.06666666666666667 -0.30000000000000004 -0.30000000000000004 0.35000000000000003 6 2 1 1 0 0 2 0 0 1
2026-09-05,06:03:10 GMT,V6.4 BLOCK - journal-guarded entry/recovery gate failed or signal already used
2026-09-05,06:03:10 GMT,SENTINEL V6 MULTI-WINDOW SCAN >>>
2026-09-05,06:03:10 GMT,V6.4 DIAG | 1 0 9 -0.15000000000000002 0.028571428571428567 0.15 -0.06666666666666667 -0.30000000000000004 -0.30000000000000004 0.35000000000000003 5 3 1 1 0 0 2 0 0 1
2026-09-05,06:03:10 GMT,V6.4 BLOCK - journal-guarded entry/recovery gate failed or signal already used
2026-09-05,06:03:10 GMT,SENTINEL V6 MULTI-WINDOW SCAN >>>
2026-09-05,06:03:10 GMT,V6.4 DIAG | 9 0 5 -0.15000000000000002 -0.028571428571428567 0.15 0.06666666666666667 -0.30000000000000004 0.5 0.35000000000000003 5 3 1 1 0 0 2 0 0 1
2026-09-05,06:03:10 GMT,V6.4 BLOCK - journal-guarded entry/recovery gate failed or signal already used
2026-09-05,06:03:10 GMT,SENTINEL V6 MULTI-WINDOW SCAN >>>
2026-09-05,06:03:10 GMT,V6.4 DIAG | 5 0 6 -0.04999999999999993 0 0.05000000000000002 0 -0.30000000000000004 0.5 -0.15 6 2 1 1 0 0 2 0 0 1
2026-09-05,06:03:10 GMT,V6.4 BLOCK - journal-guarded entry/recovery gate failed or signal already used
2026-09-05,06:03:10 GMT,SENTINEL V6 MULTI-WINDOW SCAN >>>
2026-09-05,06:03:10 GMT,V6.4 DIAG | 2 0 5 -0.04999999999999993 -0.057142857142857134 0.05000000000000002 0.13333333333333333 0.5 0.5 -0.15 6 2 1 1 0 0 2 0 0 1
2026-09-05,06:03:10 GMT,V6.4 BLOCK - journal-guarded entry/recovery gate failed or signal already used
2026-09-05,06:03:10 GMT,SENTINEL V6 MULTI-WINDOW SCAN >>>
2026-09-05,06:03:10 GMT,V6.4 DIAG | 1 0 5 -0.04999999999999993 -0.057142857142857134 0.05000000000000002 0.13333333333333333 0.5 0.5 -0.15 6 2 1 1 0 0 2 0 0 1
2026-09-05,06:03:10 GMT,V6.4 BLOCK - journal-guarded entry/recovery gate failed or signal already used
2026-09-05,06:03:10 GMT,SENTINEL V6 MULTI-WINDOW SCAN >>>
2026-09-05,06:03:10 GMT,V6.4 DIAG | 8 0 5 -0.04999999999999993 -0.057142857142857134 0.05000000000000002 0.13333333333333333 0.5 0.5 -0.15 6 2 1 1 0 0 2 0 0 1
2026-09-05,06:03:10 GMT,V6.4 BLOCK - journal-guarded entry/recovery gate failed or signal already used
2026-09-05,06:03:10 GMT,SENTINEL V6 MULTI-WINDOW SCAN >>>
2026-09-05,06:03:10 GMT,V6.4 DIAG | 6 0 6 -0.04999999999999993 0 0.05000000000000002 0 0.5 -0.05 -0.4 7 1 0 1 0 0 2 0 0 1
2026-09-05,06:03:10 GMT,V6.4 BLOCK - journal-guarded entry/recovery gate failed or signal already used
2026-09-05,06:03:10 GMT,SENTINEL V6 MULTI-WINDOW SCAN >>>
2026-09-05,06:03:10 GMT,V6.4 DIAG | 7 0 6 0 0 0 0 0.5 -0.1 -0.4 7 1 0 1 0 0 2 0 0 1
2026-09-05,06:03:10 GMT,V6.4 BLOCK - journal-guarded entry/recovery gate failed or signal already used
2026-09-05,06:03:10 GMT,SENTINEL V6 MULTI-WINDOW SCAN >>>
2026-09-05,06:03:10 GMT,V6.4 DIAG | 4 0 12 0.09999999999999998 0.028571428571428567 -0.1 -0.06666666666666667 0 -0.1 -0.4 7 1 0 0 1 0 2 1 0 1
2026-09-05,06:03:10 GMT,V6.4 BLOCK - journal-guarded entry/recovery gate failed or signal already used
2026-09-05,06:03:10 GMT,SENTINEL V6 MULTI-WINDOW SCAN >>>
2026-09-05,06:03:10 GMT,V6.4 DIAG | 0 0 12 0.09999999999999998 0.028571428571428567 -0.1 -0.06666666666666667 0 -0.1 -0.4 7 1 0 0 1 0 2 0 0 1
2026-09-05,06:03:10 GMT,V6.4 BLOCK - journal-guarded entry/recovery gate failed or signal already used
2026-09-05,06:03:10 GMT,SENTINEL V6 MULTI-WINDOW SCAN >>>
2026-09-05,06:03:10 GMT,V6.4 DIAG | 1 0 12 0.09999999999999998 0.028571428571428567 -0.1 -0.06666666666666667 0 -0.1 -0.4 7 1 0 0 1 0 2 0 0 1
2026-09-05,06:03:10 GMT,V6.4 BLOCK - journal-guarded entry/recovery gate failed or signal already used
2026-09-05,06:03:10 GMT,SENTINEL V6 MULTI-WINDOW SCAN >>>
2026-09-05,06:03:10 GMT,V6.4 DIAG | 2 0 8 0.15000000000000002 -0.028571428571428567 -0.15 0.06666666666666667 0 -0.1 0.35000000000000003 7 1 0 0 0 0 2 0 0 1
2026-09-05,06:03:10 GMT,V6.4 BLOCK - journal-guarded entry/recovery gate failed or signal already used
2026-09-05,06:03:10 GMT,SENTINEL V6 MULTI-WINDOW SCAN >>>
2026-09-05,06:03:10 GMT,V6.4 DIAG | 1 0 8 0.20000000000000007 -0.028571428571428567 -0.19999999999999998 0.06666666666666667 0 -0.15 0.35000000000000003 7 1 0 0 0 0 2 0 0 1
2026-09-05,06:03:10 GMT,V6.4 BLOCK - journal-guarded entry/recovery gate failed or signal already used
2026-09-05,06:03:10 GMT,SENTINEL V6 MULTI-WINDOW SCAN >>>
2026-09-05,06:03:10 GMT,V6.4 DIAG | 2 0 8 0.20000000000000007 -0.028571428571428567 -0.19999999999999998 0.06666666666666667 0 -0.15 0.35000000000000003 7 1 0 0 0 0 2 0 0 1
2026-09-05,06:03:10 GMT,V6.4 BLOCK - journal-guarded entry/recovery gate failed or signal already used
2026-09-05,06:03:10 GMT,SENTINEL V6 MULTI-WINDOW SCAN >>>
2026-09-05,06:03:10 GMT,V6.4 DIAG | 3 0 8 0.20000000000000007 -0.028571428571428567 -0.19999999999999998 0.06666666666666667 0 -0.15 0.35000000000000003 7 1 0 0 0 0 2 0 0 1
2026-09-05,06:03:10 GMT,V6.4 BLOCK - journal-guarded entry/recovery gate failed or signal already used
2026-09-05,06:03:10 GMT,SENTINEL V6 MULTI-WINDOW SCAN >>>
2026-09-05,06:03:10 GMT,V6.4 DIAG | 9 0 8 0.20000000000000007 -0.028571428571428567 -0.19999999999999998 0.06666666666666667 0 -0.15 0.35000000000000003 7 1 0 0 0 0 2 0 0 1
2026-09-05,06:03:10 GMT,V6.4 BLOCK - journal-guarded entry/recovery gate failed or signal already used
2026-09-05,06:03:10 GMT,SENTINEL V6 MULTI-WINDOW SCAN >>>
2026-09-05,06:03:10 GMT,V6.4 DIAG | 2 0 12 0.15000000000000002 0.028571428571428567 -0.15 -0.06666666666666667 0 -0.15 -0.4 8 0 0 0 0 0 2 0 0 1
2026-09-05,06:03:10 GMT,V6.4 BLOCK - journal-guarded entry/recovery gate failed or signal already used
2026-09-05,06:03:10 GMT,SENTINEL V6 MULTI-WINDOW SCAN >>>
2026-09-05,06:03:10 GMT,V6.4 DIAG | 6 0 10 0 0.057142857142857134 0 -0.13333333333333333 0 -0.15 -0.65 8 0 0 0 0 0 2 0 0 1
2026-09-05,06:03:10 GMT,V6.4 BLOCK - journal-guarded entry/recovery gate failed or signal already used
2026-09-05,06:03:10 GMT,SENTINEL V6 MULTI-WINDOW SCAN >>>
2026-09-05,06:03:10 GMT,V6.4 DIAG | 2 0 10 0 0.057142857142857134 0 -0.13333333333333333 0 -0.15 -0.65 7 1 0 0 0 0 2 0 0 1
2026-09-05,06:03:10 GMT,V6.4 BLOCK - journal-guarded entry/recovery gate failed or signal already used
2026-09-05,06:03:10 GMT,SENTINEL V6 MULTI-WINDOW SCAN >>>
2026-09-05,06:03:10 GMT,V6.4 DIAG | 5 0 10 0 0.057142857142857134 0 -0.13333333333333333 0 -0.15 -0.65 6 2 0 0 0 0 2 0 0 1
2026-09-05,06:03:10 GMT,V6.4 BLOCK - journal-guarded entry/recovery gate failed or signal already used
2026-09-05,06:03:10 GMT,SENTINEL V6 MULTI-WINDOW SCAN >>>
2026-09-05,06:03:10 GMT,V6.4 DIAG | 5 0 10 0 0.057142857142857134 0 -0.13333333333333333 0 -0.15 -0.65 6 2 0 0 0 0 2 0 0 1
2026-09-05,06:03:10 GMT,V6.4 BLOCK - journal-guarded entry/recovery gate failed or signal already used
2026-09-05,06:03:10 GMT,SENTINEL V6 MULTI-WINDOW SCAN >>>
2026-09-05,06:03:10 GMT,V6.4 DIAG | 5 0 6 0 0 0 0 0 -0.15 0.15000000000000002 6 2 0 0 0 0 2 0 0 1
2026-09-05,06:03:10 GMT,V6.4 BLOCK - journal-guarded entry/recovery gate failed or signal already used
2026-09-05,06:03:10 GMT,SENTINEL V6 MULTI-WINDOW SCAN >>>
2026-09-05,06:03:10 GMT,V6.4 DIAG | 4 0 6 0 -0.057142857142857134 0 0.13333333333333333 0 -0.15 0.9500000000000001 6 2 0 0 0 0 2 0 0 1
2026-09-05,06:03:10 GMT,V6.4 BLOCK - journal-guarded entry/recovery gate failed or signal already used
2026-09-05,06:03:10 GMT,SENTINEL V6 MULTI-WINDOW SCAN >>>
2026-09-05,06:03:10 GMT,V6.4 DIAG | 3 0 6 0 -0.057142857142857134 0 0.13333333333333333 0 -0.15 0.9500000000000001 6 2 0 0 0 0 2 0 0 1
2026-09-05,06:03:10 GMT,V6.4 BLOCK - journal-guarded entry/recovery gate failed or signal already used
2026-09-05,06:03:10 GMT,SENTINEL V6 MULTI-WINDOW SCAN >>>
2026-09-05,06:03:10 GMT,V6.4 DIAG | 2 0 6 0 -0.057142857142857134 0 0.13333333333333333 0 -0.15 0.9500000000000001 6 2 0 0 0 0 2 0 0 1
2026-09-05,06:03:10 GMT,V6.4 BLOCK - journal-guarded entry/recovery gate failed or signal already used
2026-09-05,06:03:10 GMT,SENTINEL V6 MULTI-WINDOW SCAN >>>
2026-09-05,06:03:10 GMT,V6.4 DIAG | 9 0 6 0 -0.057142857142857134 0 0.13333333333333333 0 -0.15 0.9500000000000001 6 2 0 1 0 0 2 0 0 1
2026-09-05,06:03:10 GMT,V6.4 BLOCK - journal-guarded entry/recovery gate failed or signal already used
2026-09-05,06:03:10 GMT,SENTINEL V6 MULTI-WINDOW SCAN >>>
2026-09-05,06:03:10 GMT,V6.4 DIAG | 9 0 6 -0.04999999999999993 0 0.05000000000000002 0 0 -0.4 0.45 7 1 0 1 0 0 2 0 0 1
2026-09-05,06:03:10 GMT,V6.4 BLOCK - journal-guarded entry/recovery gate failed or signal already used
2026-09-05,06:03:10 GMT,SENTINEL V6 MULTI-WINDOW SCAN >>>
2026-09-05,06:03:10 GMT,V6.4 DIAG | 2 0 10 -0.09999999999999998 0.057142857142857134 0.1 -0.13333333333333333 0 -0.65 -0.05 8 0 0 1 0 0 2 0 0 1
2026-09-05,06:03:10 GMT,V6.4 BLOCK - journal-guarded entry/recovery gate failed or signal already used
2026-09-05,06:03:10 GMT,SENTINEL V6 MULTI-WINDOW SCAN >>>
2026-09-05,06:03:10 GMT,V6.4 DIAG | 4 0 10 -0.04999999999999993 0.057142857142857134 0.05000000000000002 -0.13333333333333333 0 -0.7000000000000001 -0.05 7 1 1 1 0 0 2 0 0 1
2026-09-05,06:03:10 GMT,V6.4 BLOCK - journal-guarded entry/recovery gate failed or signal already used
2026-09-05,06:03:10 GMT,SENTINEL V6 MULTI-WINDOW SCAN >>>
2026-09-05,06:03:10 GMT,V6.4 DIAG | 4 0 9 0 0.057142857142857134 0 -0.13333333333333333 -0.05 -0.7000000000000001 -0.05 6 2 2 0 0 0 2 0 0 1
2026-09-05,06:03:10 GMT,V6.4 BLOCK - journal-guarded entry/recovery gate failed or signal already used
2026-09-05,06:03:10 GMT,SENTINEL V6 MULTI-WINDOW SCAN >>>
2026-09-05,06:03:10 GMT,V6.4 DIAG | 4 0 11 0.050000000000000044 0.057142857142857134 -0.04999999999999999 -0.13333333333333333 -0.05 -0.75 -0.05 6 2 2 0 1 0 2 0 0 1
2026-09-05,06:03:10 GMT,V6.4 BLOCK - journal-guarded entry/recovery gate failed or signal already used
2026-09-05,06:03:10 GMT,SENTINEL V6 MULTI-WINDOW SCAN >>>
2026-09-05,06:03:10 GMT,V6.4 DIAG | 3 0 8 -0.050000000000000044 0.028571428571428567 0.04999999999999999 -0.06666666666666667 -0.1 0.05000000000000002 -0.30000000000000004 6 2 2 1 0 0 2 0 0 1
2026-09-05,06:03:10 GMT,V6.4 BLOCK - journal-guarded entry/recovery gate failed or signal already used
2026-09-05,06:03:10 GMT,SENTINEL V6 MULTI-WINDOW SCAN >>>
2026-09-05,06:03:10 GMT,V6.4 DIAG | 6 0 5 -0.20000000000000007 0 0.2 0 -0.1 0.6 -0.30000000000000004 6 2 2 1 0 0 2 0 0 1
2026-09-05,06:03:10 GMT,V6.4 BLOCK - journal-guarded entry/recovery gate failed or signal already used
2026-09-05,06:03:10 GMT,SENTINEL V6 MULTI-WINDOW SCAN >>>
2026-09-05,06:03:10 GMT,V6.4 DIAG | 4 0 5 -0.15000000000000002 0 0.15000000000000002 0 -0.1 0.55 -0.30000000000000004 5 3 2 1 0 0 2 0 0 1
2026-09-05,06:03:10 GMT,V6.4 BLOCK - journal-guarded entry/recovery gate failed or signal already used
2026-09-05,06:03:10 GMT,SENTINEL V6 MULTI-WINDOW SCAN >>>
2026-09-05,06:03:10 GMT,V6.4 DIAG | 5 0 3 -0.15000000000000002 0 0.15000000000000002 0 -0.1 0.55 -0.30000000000000004 4 4 3 1 0 0 2 0 0 1
2026-09-05,06:03:10 GMT,V6.4 BLOCK - journal-guarded entry/recovery gate failed or signal already used
2026-09-05,06:03:10 GMT,SENTINEL V6 MULTI-WINDOW SCAN >>>
2026-09-05,06:03:10 GMT,V6.4 DIAG | 8 0 3 -0.15000000000000002 0 0.15000000000000002 0 -0.1 0.55 -0.30000000000000004 4 4 3 1 0 0 2 0 0 1
2026-09-05,06:03:10 GMT,V6.4 BLOCK - journal-guarded entry/recovery gate failed or signal already used
2026-09-05,06:03:10 GMT,SENTINEL V6 MULTI-WINDOW SCAN >>>
2026-09-05,06:03:10 GMT,V6.4 DIAG | 8 0 4 -0.050000000000000044 -0.028571428571428567 0.04999999999999999 0.06666666666666667 -0.1 0.05000000000000002 0.5 5 3 2 1 0 0 2 0 0 1
2026-09-05,06:03:10 GMT,V6.4 BLOCK - journal-guarded entry/recovery gate failed or signal already used
2026-09-05,06:03:10 GMT,SENTINEL V6 MULTI-WINDOW SCAN >>>
2026-09-05,06:03:10 GMT,V6.4 DIAG | 0 0 7 0.050000000000000044 -0.057142857142857134 -0.04999999999999999 0.13333333333333333 -0.1 0.35000000000000003 0.5 6 2 1 1 0 0 2 0 0 1
2026-09-05,06:03:10 GMT,V6.4 BLOCK - journal-guarded entry/recovery gate failed or signal already used
2026-09-05,06:03:10 GMT,SENTINEL V6 MULTI-WINDOW SCAN >>>
2026-09-05,06:03:10 GMT,V6.4 DIAG | 5 0 7 0.050000000000000044 -0.057142857142857134 -0.04999999999999999 0.13333333333333333 -0.1 0.35000000000000003 0.5 6 2 1 1 0 0 2 0 0 1
2026-09-05,06:03:10 GMT,V6.4 BLOCK - journal-guarded entry/recovery gate failed or signal already used
2026-09-05,06:03:10 GMT,SENTINEL V6 MULTI-WINDOW SCAN >>>
2026-09-05,06:03:10 GMT,V6.4 DIAG | 2 0 7 0.050000000000000044 -0.057142857142857134 -0.04999999999999999 0.13333333333333333 -0.1 0.35000000000000003 0.5 6 2 1 1 0 0 2 0 0 1
2026-09-05,06:03:10 GMT,V6.4 BLOCK - journal-guarded entry/recovery gate failed or signal already used
2026-09-05,06:03:10 GMT,SENTINEL V6 MULTI-WINDOW SCAN >>>
2026-09-05,06:03:10 GMT,V6.4 DIAG | 9 0 7 0.050000000000000044 -0.057142857142857134 -0.04999999999999999 0.13333333333333333 -0.1 0.35000000000000003 0.5 6 2 1 1 0 0 2 0 0 1
2026-09-05,06:03:10 GMT,V6.4 BLOCK - journal-guarded entry/recovery gate failed or signal already used
2026-09-05,06:03:10 GMT,SENTINEL V6 MULTI-WINDOW SCAN >>>
2026-09-05,06:03:10 GMT,V6.4 DIAG | 8 0 8 0.15000000000000002 -0.028571428571428567 -0.15 0.06666666666666667 -0.1 0.35000000000000003 0 7 1 1 1 0 0 2 0 0 1
2026-09-05,06:03:10 GMT,V6.4 BLOCK - journal-guarded entry/recovery gate failed or signal already used
2026-09-05,06:03:10 GMT,SENTINEL V6 MULTI-WINDOW SCAN >>>
2026-09-05,06:03:10 GMT,V6.4 DIAG | 5 1 9 0.25 0 -0.25 0 -0.1 -0.15 0 8 0 0 0 0 0 2 1 0 1
2026-09-05,06:03:10 GMT,V6.4 BLOCK - journal-guarded entry/recovery gate failed or signal already used
2026-09-05,06:03:10 GMT,SENTINEL V6 MULTI-WINDOW SCAN >>>
2026-09-05,06:03:10 GMT,V6.4 DIAG | 0 1 9 0.25 0 -0.25 0 -0.1 -0.15 0 8 0 0 0 0 0 2 1 0 1
2026-09-05,06:03:10 GMT,V6.4 BLOCK - journal-guarded entry/recovery gate failed or signal already used
2026-09-05,06:03:10 GMT,SENTINEL V6 MULTI-WINDOW SCAN >>>
2026-09-05,06:03:10 GMT,V6.4 DIAG | 5 0 9 0.25 0 -0.25 0 -0.1 -0.15 0 8 0 0 0 0 0 2 1 0 1
2026-09-05,06:03:10 GMT,V6.4 BLOCK - journal-guarded entry/recovery gate failed or signal already used
2026-09-05,06:03:10 GMT,SENTINEL V6 MULTI-WINDOW SCAN >>>
2026-09-05,06:03:10 GMT,V6.4 DIAG | 2 0 9 0.25 0 -0.25 0 -0.1 -0.15 0 8 0 0 0 0 0 2 0 0 1
2026-09-05,06:03:10 GMT,V6.4 BLOCK - journal-guarded entry/recovery gate failed or signal already used
2026-09-05,06:03:10 GMT,SENTINEL V6 MULTI-WINDOW SCAN >>>
2026-09-05,06:03:10 GMT,V6.4 DIAG | 0 0 9 0.25 0 -0.25 0 -0.1 -0.15 0 8 0 0 0 0 0 2 0 0 1
2026-09-05,06:03:10 GMT,V6.4 BLOCK - journal-guarded entry/recovery gate failed or signal already used
2026-09-05,06:03:10 GMT,SENTINEL V6 MULTI-WINDOW SCAN >>>
2026-09-05,06:03:10 GMT,V6.4 DIAG | 0 0 9 0.30000000000000004 0 -0.3 0 -0.15 -0.15 0 8 0 0 0 0 0 2 0 0 1
2026-09-05,06:03:10 GMT,V6.4 BLOCK - journal-guarded entry/recovery gate failed or signal already used
2026-09-05,06:03:10 GMT,SENTINEL V6 MULTI-WINDOW SCAN >>>
2026-09-05,06:03:10 GMT,V6.4 DIAG | 5 0 12 0.15000000000000002 0.028571428571428567 -0.15 -0.06666666666666667 -0.15 -0.4 0 8 0 0 0 0 0 2 0 0 1
2026-09-05,06:03:10 GMT,V6.4 BLOCK - journal-guarded entry/recovery gate failed or signal already used
2026-09-05,06:03:10 GMT,SENTINEL V6 MULTI-WINDOW SCAN >>>
2026-09-05,06:03:10 GMT,V6.4 DIAG | 0 0 10 0 0.057142857142857134 0 -0.13333333333333333 -0.4 -0.4 0 8 0 0 1 0 0 2 0 0 1
2026-09-05,06:03:10 GMT,V6.4 BLOCK - journal-guarded entry/recovery gate failed or signal already used
2026-09-05,06:03:10 GMT,SENTINEL V6 MULTI-WINDOW SCAN >>>
2026-09-05,06:03:10 GMT,V6.4 DIAG | 6 0 10 -0.15000000000000002 0.08571428571428572 0.15 -0.2 -0.4 -0.65 0 7 1 1 1 0 0 2 0 0 1
2026-09-05,06:03:10 GMT,V6.4 BLOCK - journal-guarded entry/recovery gate failed or signal already used
2026-09-05,06:03:10 GMT,SENTINEL V6 MULTI-WINDOW SCAN >>>
2026-09-05,06:03:10 GMT,V6.4 DIAG | 4 0 10 -0.25 0.11428571428571428 0.25 -0.26666666666666666 -0.7000000000000001 -0.65 0 6 2 1 1 0 0 2 0 0 1
2026-09-05,06:03:10 GMT,V6.4 BLOCK - journal-guarded entry/recovery gate failed or signal already used
2026-09-05,06:03:10 GMT,SENTINEL V6 MULTI-WINDOW SCAN >>>
2026-09-05,06:03:10 GMT,V6.4 DIAG | 0 0 9 -0.20000000000000007 0.11428571428571428 0.2 -0.26666666666666666 -0.7000000000000001 -0.65 -0.05 5 3 2 1 0 0 2 0 0 1
2026-09-05,06:03:10 GMT,V6.4 BLOCK - journal-guarded entry/recovery gate failed or signal already used
2026-09-05,06:03:10 GMT,SENTINEL V6 MULTI-WINDOW SCAN >>>
2026-09-05,06:03:10 GMT,V6.4 DIAG | 2 0 7 -0.35 0.08571428571428572 0.35 -0.2 -0.7000000000000001 -0.10000000000000003 -0.05 4 4 2 1 0 0 2 0 0 1
2026-09-05,06:03:10 GMT,V6.4 BLOCK - journal-guarded entry/recovery gate failed or signal already used
2026-09-05,06:03:10 GMT,SENTINEL V6 MULTI-WINDOW SCAN >>>
2026-09-05,06:03:10 GMT,V6.4 DIAG | 5 0 6 -0.30000000000000004 0.028571428571428574 0.3 -0.06666666666666668 0.05000000000000002 -0.10000000000000003 -0.05 4 4 2 1 0 0 2 0 0 1
2026-09-05,06:03:10 GMT,V6.4 BLOCK - journal-guarded entry/recovery gate failed or signal already used
2026-09-05,06:03:10 GMT,SENTINEL V6 MULTI-WINDOW SCAN >>>
2026-09-05,06:03:10 GMT,V6.4 DIAG | 4 0 2 -0.25 -0.028571428571428574 0.25 0.06666666666666668 0.05000000000000002 0.65 -0.05 3 5 3 1 0 0 2 0 0 1
2026-09-05,06:03:10 GMT,V6.4 BLOCK - journal-guarded entry/recovery gate failed or signal already used
2026-09-05,06:03:10 GMT,SENTINEL V6 MULTI-WINDOW SCAN >>>
2026-09-05,06:03:10 GMT,V6.4 DIAG | 6 0 2 -0.25 -0.08571428571428572 0.25 0.2 0.8500000000000001 0.65 -0.05 3 5 3 1 0 0 2 0 0 1
2026-09-05,06:03:10 GMT,V6.4 BLOCK - journal-guarded entry/recovery gate failed or signal already used
2026-09-05,06:03:10 GMT,SENTINEL V6 MULTI-WINDOW SCAN >>>
2026-09-05,06:03:10 GMT,V6.4 DIAG | 8 0 2 -0.19999999999999996 -0.08571428571428572 0.2 0.2 0.8500000000000001 0.65 -0.1 3 5 3 1 0 0 2 0 0 1
2026-09-05,06:03:10 GMT,V6.4 BLOCK - journal-guarded entry/recovery gate failed or signal already used
2026-09-05,06:03:10 GMT,SENTINEL V6 MULTI-WINDOW SCAN >>>
2026-09-05,06:03:10 GMT,V6.4 DIAG | 7 0 2 -0.09999999999999998 -0.11428571428571428 0.10000000000000003 0.26666666666666666 0.8500000000000001 0.9500000000000001 -0.1 4 4 2 1 0 0 2 0 0 1
2026-09-05,06:03:10 GMT,V6.4 BLOCK - journal-guarded entry/recovery gate failed or signal already used
2026-09-05,06:03:10 GMT,SENTINEL V6 MULTI-WINDOW SCAN >>>
2026-09-05,06:03:10 GMT,V6.4 DIAG | 8 0 4 0 -0.08571428571428572 0 0.2 0.35000000000000003 0.9500000000000001 -0.1 5 3 2 1 0 0 2 0 0 1
2026-09-05,06:03:10 GMT,V6.4 BLOCK - journal-guarded entry/recovery gate failed or signal already used
2026-09-05,06:03:10 GMT,SENTINEL V6 MULTI-WINDOW SCAN >>>
2026-09-05,06:03:10 GMT,V6.4 DIAG | 7 0 7 0.10000000000000009 -0.057142857142857134 -0.09999999999999998 0.13333333333333333 0.35000000000000003 0.45 -0.1 6 2 1 1 0 0 2 0 0 1
2026-09-05,06:03:10 GMT,V6.4 BLOCK - journal-guarded entry/recovery gate failed or signal already used
2026-09-05,06:03:10 GMT,SENTINEL V6 MULTI-WINDOW SCAN >>>
2026-09-05,06:03:10 GMT,V6.4 DIAG | 4 0 8 0.20000000000000007 -0.028571428571428567 -0.19999999999999998 0.06666666666666667 -0.15 0.45 -0.1 7 1 1 1 0 0 2 0 0 1
2026-09-05,06:03:10 GMT,V6.4 BLOCK - journal-guarded entry/recovery gate failed or signal already used
2026-09-05,06:03:10 GMT,SENTINEL V6 MULTI-WINDOW SCAN >>>
2026-09-05,06:03:10 GMT,V6.4 DIAG | 8 0 8 0.20000000000000007 -0.028571428571428567 -0.19999999999999998 0.06666666666666667 -0.15 0.45 -0.1 7 1 1 1 0 0 2 0 0 1
2026-09-05,06:03:10 GMT,V6.4 BLOCK - journal-guarded entry/recovery gate failed or signal already used
2026-09-05,06:03:10 GMT,SENTINEL V6 MULTI-WINDOW SCAN >>>
2026-09-05,06:03:10 GMT,V6.4 DIAG | 6 1 9 0.30000000000000004 0 -0.3 0 -0.15 -0.05 -0.1 8 0 0 0 0 0 2 0 0 1
2026-09-05,06:03:10 GMT,V6.4 BLOCK - journal-guarded entry/recovery gate failed or signal already used
2026-09-05,06:03:10 GMT,SENTINEL V6 MULTI-WINDOW SCAN >>>
2026-09-05,06:03:10 GMT,V6.4 DIAG | 3 1 9 0.35 0 -0.35 0 -0.15 -0.1 -0.1 8 0 0 0 0 0 2 1 0 1
2026-09-05,06:03:10 GMT,V6.4 BLOCK - journal-guarded entry/recovery gate failed or signal already used
2026-09-05,06:03:10 GMT,SENTINEL V6 MULTI-WINDOW SCAN >>>
2026-09-05,06:03:10 GMT,V6.4 DIAG | 3 1 9 0.35 0 -0.35 0 -0.15 -0.1 -0.1 8 0 0 0 0 0 2 1 0 1
2026-09-05,06:03:10 GMT,V6.4 BLOCK - journal-guarded entry/recovery gate failed or signal already used
2026-09-05,06:03:10 GMT,SENTINEL V6 MULTI-WINDOW SCAN >>>
2026-09-05,06:03:10 GMT,V6.4 DIAG | 0 0 9 0.35 0 -0.35 0 -0.15 -0.1 -0.1 8 0 0 0 0 0 2 1 0 1
2026-09-05,06:03:10 GMT,V6.4 BLOCK - journal-guarded entry/recovery gate failed or signal already used
2026-09-05,06:03:10 GMT,SENTINEL V6 MULTI-WINDOW SCAN >>>
2026-09-05,06:03:10 GMT,V6.4 DIAG | 3 0 12 0.25 0.028571428571428567 -0.24999999999999997 -0.06666666666666667 -0.4 -0.1 -0.15 8 0 0 0 1 0 2 0 0 1
2026-09-05,06:03:10 GMT,V6.4 BLOCK - journal-guarded entry/recovery gate failed or signal already used
2026-09-05,06:03:10 GMT,SENTINEL V6 MULTI-WINDOW SCAN >>>
2026-09-05,06:03:10 GMT,V6.4 DIAG | 0 0 12 0.25 0.028571428571428567 -0.24999999999999997 -0.06666666666666667 -0.4 -0.1 -0.15 8 0 0 1 1 0 2 0 0 1
2026-09-05,06:03:10 GMT,V6.4 BLOCK - journal-guarded entry/recovery gate failed or signal already used
2026-09-05,06:03:10 GMT,SENTINEL V6 MULTI-WINDOW SCAN >>>
2026-09-05,06:03:10 GMT,V6.4 DIAG | 4 0 12 0.30000000000000004 0.028571428571428567 -0.30000000000000004 -0.06666666666666667 -0.45 -0.1 -0.15 7 1 0 0 1 0 2 0 0 1
2026-09-05,06:03:10 GMT,V6.4 BLOCK - journal-guarded entry/recovery gate failed or signal already used
2026-09-05,06:03:10 GMT,SENTINEL V6 MULTI-WINDOW SCAN >>>
2026-09-05,06:03:10 GMT,V6.4 DIAG | 0 0 12 0.30000000000000004 0.028571428571428567 -0.30000000000000004 -0.06666666666666667 -0.45 -0.1 -0.15 7 1 0 0 0 0 2 0 0 1
2026-09-05,06:03:10 GMT,V6.4 BLOCK - journal-guarded entry/recovery gate failed or signal already used
2026-09-05,06:03:10 GMT,SENTINEL V6 MULTI-WINDOW SCAN >>>
2026-09-05,06:03:10 GMT,V6.4 DIAG | 4 0 12 0.20000000000000007 0.057142857142857134 -0.2 -0.13333333333333333 -0.7000000000000001 -0.15 -0.15 7 1 0 0 1 0 2 0 0 1
2026-09-05,06:03:10 GMT,V6.4 BLOCK - journal-guarded entry/recovery gate failed or signal already used
2026-09-05,06:03:10 GMT,SENTINEL V6 MULTI-WINDOW SCAN >>>
2026-09-05,06:03:10 GMT,V6.4 DIAG | 6 0 10 0.04999999999999993 0.028571428571428567 -0.04999999999999999 -0.06666666666666667 0.1 -0.15 -0.4 7 1 0 0 0 0 2 0 0 1
2026-09-05,06:03:10 GMT,V6.4 BLOCK - journal-guarded entry/recovery gate failed or signal already used
2026-09-05,06:03:10 GMT,SENTINEL V6 MULTI-WINDOW SCAN >>>
2026-09-05,06:03:10 GMT,V6.4 DIAG | 3 0 10 0.04999999999999993 0.028571428571428567 -0.04999999999999999 -0.06666666666666667 0.1 -0.15 -0.4 6 2 0 1 0 0 2 0 0 1
2026-09-05,06:03:10 GMT,V6.4 BLOCK - journal-guarded entry/recovery gate failed or signal already used
2026-09-05,06:03:10 GMT,SENTINEL V6 MULTI-WINDOW SCAN >>>
2026-09-05,06:03:10 GMT,V6.4 DIAG | 3 0 10 -0.09999999999999998 0.05714285714285714 0.10000000000000003 -0.13333333333333336 -0.15000000000000002 -0.15 -0.4 5 3 0 1 0 0 2 0 0 1
2026-09-05,06:03:10 GMT,V6.4 BLOCK - journal-guarded entry/recovery gate failed or signal already used
2026-09-05,06:03:10 GMT,SENTINEL V6 MULTI-WINDOW SCAN >>>
2026-09-05,06:03:10 GMT,V6.4 DIAG | 4 0 10 -0.25 0.08571428571428572 0.25 -0.2 -0.15000000000000002 -0.4 -0.4 5 3 0 1 0 0 2 0 0 1
2026-09-05,06:03:10 GMT,V6.4 BLOCK - journal-guarded entry/recovery gate failed or signal already used
2026-09-05,06:03:10 GMT,SENTINEL V6 MULTI-WINDOW SCAN >>>
2026-09-05,06:03:10 GMT,V6.4 DIAG | 7 0 7 -0.19999999999999996 0.028571428571428574 0.2 -0.06666666666666668 0.65 -0.4 -0.45 4 4 0 1 0 0 2 0 0 1
2026-09-05,06:03:10 GMT,V6.4 BLOCK - journal-guarded entry/recovery gate failed or signal already used
2026-09-05,06:03:10 GMT,SENTINEL V6 MULTI-WINDOW SCAN >>>
2026-09-05,06:03:10 GMT,V6.4 DIAG | 5 0 6 -0.19999999999999996 0.028571428571428574 0.2 -0.06666666666666668 0.15000000000000002 -0.45 0.1 4 4 1 1 0 0 2 0 0 1
2026-09-05,06:03:10 GMT,V6.4 BLOCK - journal-guarded entry/recovery gate failed or signal already used
2026-09-05,06:03:10 GMT,SENTINEL V6 MULTI-WINDOW SCAN >>>
2026-09-05,06:03:10 GMT,V6.4 DIAG | 4 0 6 -0.15000000000000002 0.028571428571428574 0.15000000000000002 -0.06666666666666668 0.1 -0.45 0.1 4 4 1 1 0 0 2 0 0 1
2026-09-05,06:03:10 GMT,V6.4 BLOCK - journal-guarded entry/recovery gate failed or signal already used
2026-09-05,06:03:10 GMT,SENTINEL V6 MULTI-WINDOW SCAN >>>
2026-09-05,06:03:10 GMT,V6.4 DIAG | 6 0 3 -0.15000000000000002 -0.028571428571428574 0.15000000000000002 0.06666666666666668 0.9 -0.45 0.1 3 5 1 1 0 0 2 0 0 1
2026-09-05,06:03:10 GMT,V6.4 BLOCK - journal-guarded entry/recovery gate failed or signal already used
2026-09-05,06:03:10 GMT,SENTINEL V6 MULTI-WINDOW SCAN >>>
2026-09-05,06:03:10 GMT,V6.4 DIAG | 7 0 2 -0.09999999999999998 -0.08571428571428572 0.09999999999999998 0.2 0.8500000000000001 0.35000000000000003 0.1 3 5 1 1 0 0 2 0 0 1
2026-09-05,06:03:10 GMT,V6.4 BLOCK - journal-guarded entry/recovery gate failed or signal already used
2026-09-05,06:03:10 GMT,SENTINEL V6 MULTI-WINDOW SCAN >>>
2026-09-05,06:03:10 GMT,V6.4 DIAG | 9 0 2 0 -0.05714285714285714 0 0.13333333333333336 0.35000000000000003 0.35000000000000003 0.1 4 4 1 1 0 0 2 0 0 1
2026-09-05,06:03:10 GMT,V6.4 BLOCK - journal-guarded entry/recovery gate failed or signal already used
2026-09-05,06:03:10 GMT,SENTINEL V6 MULTI-WINDOW SCAN >>>
2026-09-05,06:03:10 GMT,V6.4 DIAG | 1 0 6 0.09999999999999998 -0.08571428571428572 -0.10000000000000003 0.2 0.35000000000000003 0.35000000000000003 0.4 5 3 1 1 0 0 2 0 0 1
2026-09-05,06:03:10 GMT,V6.4 BLOCK - journal-guarded entry/recovery gate failed or signal already used
2026-09-05,06:03:10 GMT,SENTINEL V6 MULTI-WINDOW SCAN >>>
2026-09-05,06:03:10 GMT,V6.4 DIAG | 7 0 6 0.1499999999999999 -0.08571428571428572 -0.15000000000000002 0.2 0.35000000000000003 0.35000000000000003 0.35000000000000003 5 3 1 1 0 0 2 0 0 1
2026-09-05,06:03:10 GMT,V6.4 BLOCK - journal-guarded entry/recovery gate failed or signal already used
2026-09-05,06:03:10 GMT,SENTINEL V6 MULTI-WINDOW SCAN >>>
2026-09-05,06:03:10 GMT,V6.4 DIAG | 8 0 7 0.09999999999999998 -0.028571428571428567 -0.10000000000000003 0.06666666666666667 -0.15 0.1 0.35000000000000003 6 2 1 1 0 0 2 0 0 1
2026-09-05,06:03:10 GMT,V6.4 BLOCK - journal-guarded entry/recovery gate failed or signal already used
2026-09-05,06:03:10 GMT,SENTINEL V6 MULTI-WINDOW SCAN >>>
2026-09-05,06:03:10 GMT,V6.4 DIAG | 4 0 8 0.20000000000000007 0 -0.2 0 -0.15 -0.4 0.35000000000000003 7 1 0 0 0 0 2 1 0 1
2026-09-05,06:03:10 GMT,V6.4 BLOCK - journal-guarded entry/recovery gate failed or signal already used
2026-09-05,06:03:10 GMT,SENTINEL V6 MULTI-WINDOW SCAN >>>
2026-09-05,06:03:10 GMT,V6.4 DIAG | 9 0 8 0.20000000000000007 0 -0.2 0 -0.15 -0.4 0.35000000000000003 6 2 1 0 0 0 2 1 0 1
2026-09-05,06:03:10 GMT,V6.4 BLOCK - journal-guarded entry/recovery gate failed or signal already used
2026-09-05,06:03:10 GMT,SENTINEL V6 MULTI-WINDOW SCAN >>>
2026-09-05,06:03:10 GMT,V6.4 DIAG | 2 0 12 0.20000000000000007 0.057142857142857134 -0.2 -0.13333333333333333 -0.15 -0.4 -0.45 7 1 1 0 1 0 2 1 0 1
2026-09-05,06:03:10 GMT,V6.4 BLOCK - journal-guarded entry/recovery gate failed or signal already used
2026-09-05,06:03:10 GMT,SENTINEL V6 MULTI-WINDOW SCAN >>>
2026-09-05,06:03:10 GMT,V6.4 DIAG | 2 0 12 0.20000000000000007 0.057142857142857134 -0.2 -0.13333333333333333 -0.15 -0.4 -0.45 7 1 1 0 1 0 2 0 0 1
2026-09-05,06:03:10 GMT,V6.4 BLOCK - journal-guarded entry/recovery gate failed or signal already used
2026-09-05,06:03:10 GMT,SENTINEL V6 MULTI-WINDOW SCAN >>>
2026-09-05,06:03:10 GMT,V6.4 DIAG | 1 0 10 0.04999999999999993 0.028571428571428567 -0.04999999999999999 -0.06666666666666667 -0.4 0.4 -0.45 6 2 1 1 0 0 2 0 0 1
2026-09-05,06:03:10 GMT,V6.4 BLOCK - journal-guarded entry/recovery gate failed or signal already used
2026-09-05,06:03:10 GMT,SENTINEL V6 MULTI-WINDOW SCAN >>>
2026-09-05,06:03:10 GMT,V6.4 DIAG | 6 0 11 0.09999999999999998 0.028571428571428567 -0.10000000000000003 -0.06666666666666667 -0.45 0.4 -0.45 6 2 1 1 0 0 2 0 0 1
2026-09-05,06:03:10 GMT,V6.4 BLOCK - journal-guarded entry/recovery gate failed or signal already used
2026-09-05,06:03:10 GMT,SENTINEL V6 MULTI-WINDOW SCAN >>>
2026-09-05,06:03:10 GMT,V6.4 DIAG | 3 0 9 0 0.05714285714285714 0 -0.13333333333333336 -0.5 0.15000000000000002 -0.45 5 3 1 1 0 0 2 0 0 1
2026-09-05,06:03:10 GMT,V6.4 BLOCK - journal-guarded entry/recovery gate failed or signal already used
2026-09-05,06:03:10 GMT,SENTINEL V6 MULTI-WINDOW SCAN >>>
2026-09-05,06:03:10 GMT,V6.4 DIAG | 2 0 5 0 0 0 0 -0.5 0.15000000000000002 0.35000000000000003 5 3 1 1 0 0 2 0 0 1
2026-09-05,06:03:10 GMT,V6.4 BLOCK - journal-guarded entry/recovery gate failed or signal already used
2026-09-05,06:03:10 GMT,SENTINEL V6 MULTI-WINDOW SCAN >>>
2026-09-05,06:03:10 GMT,V6.4 DIAG | 8 0 2 0 0 0 0 -0.5 0.15000000000000002 0.35000000000000003 4 4 2 1 0 0 2 0 0 1
2026-09-05,06:03:10 GMT,V6.4 BLOCK - journal-guarded entry/recovery gate failed or signal already used
2026-09-05,06:03:10 GMT,SENTINEL V6 MULTI-WINDOW SCAN >>>
2026-09-05,06:03:10 GMT,V6.4 DIAG | 5 0 7 0.09999999999999998 -0.028571428571428567 -0.10000000000000003 0.06666666666666667 0.30000000000000004 -0.35000000000000003 0.35000000000000003 5 3 1 0 0 0 2 0 0 1
2026-09-05,06:03:10 GMT,V6.4 BLOCK - journal-guarded entry/recovery gate failed or signal already used
2026-09-05,06:03:10 GMT,SENTINEL V6 MULTI-WINDOW SCAN >>>
2026-09-05,06:03:10 GMT,V6.4 DIAG | 1 0 7 0.1499999999999999 -0.028571428571428567 -0.15000000000000002 0.06666666666666667 0.30000000000000004 -0.4 0.35000000000000003 5 3 1 0 0 0 2 0 0 1
2026-09-05,06:03:10 GMT,V6.4 BLOCK - journal-guarded entry/recovery gate failed or signal already used
2026-09-05,06:03:10 GMT,SENTINEL V6 MULTI-WINDOW SCAN >>>
2026-09-05,06:03:10 GMT,V6.4 DIAG | 9 0 5 0.04999999999999993 -0.05714285714285714 -0.04999999999999999 0.13333333333333336 0.30000000000000004 0.4 0.05000000000000002 5 3 1 1 0 0 2 0 0 1
2026-09-05,06:03:10 GMT,V6.4 BLOCK - journal-guarded entry/recovery gate failed or signal already used
2026-09-05,06:03:10 GMT,SENTINEL V6 MULTI-WINDOW SCAN >>>
2026-09-05,06:03:10 GMT,V6.4 DIAG | 6 0 5 0 0 0 0 0.30000000000000004 0.15000000000000002 -0.45 6 2 1 1 0 0 2 0 0 1
2026-09-05,06:03:10 GMT,V6.4 BLOCK - journal-guarded entry/recovery gate failed or signal already used
2026-09-05,06:03:10 GMT,SENTINEL V6 MULTI-WINDOW SCAN >>>
2026-09-05,06:03:10 GMT,V6.4 DIAG | 7 0 8 -0.15000000000000002 0.028571428571428574 0.15000000000000002 -0.06666666666666668 0.05000000000000002 0.15000000000000002 -0.45 5 3 1 1 0 0 2 0 0 1
2026-09-05,06:03:10 GMT,V6.4 BLOCK - journal-guarded entry/recovery gate failed or signal already used
2026-09-05,06:03:10 GMT,SENTINEL V6 MULTI-WINDOW SCAN >>>
2026-09-05,06:03:10 GMT,V6.4 DIAG | 6 0 8 0 0.05714285714285714 0 -0.13333333333333336 -0.45 0.1 -0.45 5 3 2 1 0 0 2 0 0 1
2026-09-05,06:03:10 GMT,V6.4 BLOCK - journal-guarded entry/recovery gate failed or signal already used
2026-09-05,06:03:10 GMT,SENTINEL V6 MULTI-WINDOW SCAN >>>
2026-09-05,06:03:10 GMT,V6.4 DIAG | 8 0 6 -0.15000000000000002 0.08571428571428572 0.15000000000000002 -0.2 -0.7000000000000001 0.1 -0.45 4 4 2 1 0 0 2 0 0 1
2026-09-05,06:03:10 GMT,V6.4 BLOCK - journal-guarded entry/recovery gate failed or signal already used
2026-09-05,06:03:10 GMT,SENTINEL V6 MULTI-WINDOW SCAN >>>
2026-09-05,06:03:10 GMT,V6.4 DIAG | 1 0 9 -0.050000000000000044 0.05714285714285714 0.050000000000000044 -0.13333333333333336 -0.7000000000000001 -0.4 0.35000000000000003 5 3 1 1 0 0 2 0 0 1
2026-09-05,06:03:10 GMT,V6.4 BLOCK - journal-guarded entry/recovery gate failed or signal already used
2026-09-05,06:03:10 GMT,SENTINEL V6 MULTI-WINDOW SCAN >>>
2026-09-05,06:03:10 GMT,V6.4 DIAG | 0 0 3 -0.050000000000000044 0 0.050000000000000044 0 -0.7000000000000001 0.4 0.35000000000000003 4 4 1 1 0 0 2 0 0 1
2026-09-05,06:03:10 GMT,V6.4 BLOCK - journal-guarded entry/recovery gate failed or signal already used
2026-09-05,06:03:10 GMT,SENTINEL V6 MULTI-WINDOW SCAN >>>
2026-09-05,06:03:10 GMT,V6.4 DIAG | 1 0 2 -0.15000000000000002 -0.028571428571428574 0.15000000000000002 0.06666666666666668 0.1 0.4 0.05000000000000002 4 4 1 1 0 0 2 0 0 1
2026-09-05,06:03:10 GMT,V6.4 BLOCK - journal-guarded entry/recovery gate failed or signal already used
2026-09-05,06:03:10 GMT,SENTINEL V6 MULTI-WINDOW SCAN >>>
2026-09-05,06:03:10 GMT,V6.4 DIAG | 1 0 2 -0.15000000000000002 -0.028571428571428574 0.15000000000000002 0.06666666666666668 0.1 0.4 0.05000000000000002 4 4 1 1 0 0 2 0 0 1
2026-09-05,06:03:10 GMT,V6.4 BLOCK - journal-guarded entry/recovery gate failed or signal already used
2026-09-05,06:03:10 GMT,SENTINEL V6 MULTI-WINDOW SCAN >>>
2026-09-05,06:03:10 GMT,V6.4 DIAG | 9 0 2 -0.15000000000000002 -0.08571428571428572 0.15000000000000002 0.2 0.9 0.4 0.05000000000000002 3 5 1 1 0 0 2 0 0 1
2026-09-05,06:03:10 GMT,V6.4 BLOCK - journal-guarded entry/recovery gate failed or signal already used
2026-09-05,06:03:10 GMT,SENTINEL V6 MULTI-WINDOW SCAN >>>
2026-09-05,06:03:10 GMT,V6.4 DIAG | 8 0 3 -0.050000000000000044 -0.05714285714285714 0.050000000000000044 0.13333333333333336 0.9 0.4 -0.45 4 4 1 1 0 0 2 0 0 1
2026-09-05,06:03:10 GMT,V6.4 BLOCK - journal-guarded entry/recovery gate failed or signal already used
2026-09-05,06:03:10 GMT,SENTINEL V6 MULTI-WINDOW SCAN >>>
2026-09-05,06:03:10 GMT,V6.4 DIAG | 7 0 6 -0.050000000000000044 0 0.050000000000000044 0 0.9 -0.15 -0.7000000000000001 5 3 0 1 0 0 2 0 0 1
2026-09-05,06:03:10 GMT,V6.4 BLOCK - journal-guarded entry/recovery gate failed or signal already used
2026-09-05,06:03:10 GMT,SENTINEL V6 MULTI-WINDOW SCAN >>>
2026-09-05,06:03:10 GMT,V6.4 DIAG | 5 0 6 0.04999999999999993 -0.028571428571428567 -0.04999999999999999 0.06666666666666667 0.4 -0.15 0.1 6 2 0 1 0 0 2 0 0 1
2026-09-05,06:03:10 GMT,V6.4 BLOCK - journal-guarded entry/recovery gate failed or signal already used
2026-09-05,06:03:10 GMT,SENTINEL V6 MULTI-WINDOW SCAN >>>
2026-09-05,06:03:10 GMT,V6.4 DIAG | 7 0 7 0.09999999999999998 -0.028571428571428567 -0.10000000000000003 0.06666666666666667 0.4 -0.15 0.05000000000000002 5 3 0 0 0 0 2 0 0 1
2026-09-05,06:03:10 GMT,V6.4 BLOCK - journal-guarded entry/recovery gate failed or signal already used
2026-09-05,06:03:10 GMT,SENTINEL V6 MULTI-WINDOW SCAN >>>
2026-09-05,06:03:10 GMT,V6.4 DIAG | 5 0 10 0.04999999999999993 0.028571428571428567 -0.04999999999999999 -0.06666666666666667 -0.35000000000000003 -0.15 0.05000000000000002 6 2 0 1 0 0 2 0 0 1
2026-09-05,06:03:10 GMT,V6.4 BLOCK - journal-guarded entry/recovery gate failed or signal already used
2026-09-05,06:03:10 GMT,SENTINEL V6 MULTI-WINDOW SCAN >>>
2026-09-05,06:03:10 GMT,V6.4 DIAG | 5 0 9 -0.09999999999999998 0.05714285714285714 0.10000000000000003 -0.13333333333333336 -0.6000000000000001 -0.15 0.05000000000000002 6 2 0 1 0 0 2 0 0 1
2026-09-05,06:03:10 GMT,V6.4 BLOCK - journal-guarded entry/recovery gate failed or signal already used
2026-09-05,06:03:10 GMT,SENTINEL V6 MULTI-WINDOW SCAN >>>
2026-09-05,06:03:10 GMT,V6.4 DIAG | 9 0 6 -0.09999999999999998 0 0.10000000000000003 0 -0.6000000000000001 -0.15 0.8500000000000001 5 3 0 1 0 0 2 0 0 1
2026-09-05,06:03:10 GMT,V6.4 BLOCK - journal-guarded entry/recovery gate failed or signal already used
2026-09-05,06:03:10 GMT,SENTINEL V6 MULTI-WINDOW SCAN >>>
2026-09-05,06:03:10 GMT,V6.4 DIAG | 4 0 10 0.04999999999999993 0.028571428571428567 -0.04999999999999999 -0.06666666666666667 -0.6000000000000001 -0.15 0.30000000000000004 5 3 0 0 0 0 2 0 0 1
2026-09-05,06:03:10 GMT,V6.4 BLOCK - journal-guarded entry/recovery gate failed or signal already used
2026-09-05,06:03:10 GMT,SENTINEL V6 MULTI-WINDOW SCAN >>>
2026-09-05,06:03:10 GMT,V6.4 DIAG | 5 0 10 0.04999999999999993 0.028571428571428567 -0.04999999999999999 -0.06666666666666667 -0.6000000000000001 -0.15 0.30000000000000004 5 3 0 0 0 0 2 0 0 1
2026-09-05,06:03:10 GMT,V6.4 BLOCK - journal-guarded entry/recovery gate failed or signal already used
2026-09-05,06:03:10 GMT,SENTINEL V6 MULTI-WINDOW SCAN >>>
2026-09-05,06:03:10 GMT,V6.4 DIAG | 3 0 5 -0.09999999999999998 0 0.10000000000000003 0 0.2 -0.4 0.30000000000000004 5 3 0 1 0 0 2 0 0 1
2026-09-05,06:03:10 GMT,V6.4 BLOCK - journal-guarded entry/recovery gate failed or signal already used
2026-09-05,06:03:10 GMT,SENTINEL V6 MULTI-WINDOW SCAN >>>
2026-09-05,06:03:10 GMT,V6.4 DIAG | 9 0 5 -0.25 -0.028571428571428574 0.25 0.06666666666666668 1 -0.4 0.05000000000000002 5 3 0 1 0 0 2 0 0 1
2026-09-05,06:03:10 GMT,V6.4 BLOCK - journal-guarded entry/recovery gate failed or signal already used
2026-09-05,06:03:10 GMT,SENTINEL V6 MULTI-WINDOW SCAN >>>
2026-09-05,06:03:10 GMT,V6.4 DIAG | 2 0 6 -0.09999999999999998 0 0.10000000000000003 0 1 -0.4 -0.5 5 3 1 1 0 0 2 0 0 1
2026-09-05,06:03:10 GMT,V6.4 BLOCK - journal-guarded entry/recovery gate failed or signal already used
2026-09-05,06:03:10 GMT,SENTINEL V6 MULTI-WINDOW SCAN >>>
2026-09-05,06:03:10 GMT,V6.4 DIAG | 1 0 4 -0.050000000000000044 0 0.050000000000000044 0 1 -0.45 -0.5 4 4 1 1 0 0 2 0 0 1
2026-09-05,06:03:10 GMT,V6.4 BLOCK - journal-guarded entry/recovery gate failed or signal already used
2026-09-05,06:03:10 GMT,SENTINEL V6 MULTI-WINDOW SCAN >>>
2026-09-05,06:03:10 GMT,V6.4 DIAG | 7 0 7 -0.19999999999999996 0.028571428571428574 0.2 -0.06666666666666668 1 -0.7000000000000001 -0.5 4 4 1 1 0 0 2 0 0 1
2026-09-05,06:03:10 GMT,V6.4 BLOCK - journal-guarded entry/recovery gate failed or signal already used
2026-09-05,06:03:10 GMT,SENTINEL V6 MULTI-WINDOW SCAN >>>
2026-09-05,06:03:10 GMT,V6.4 DIAG | 7 0 5 -0.09999999999999998 0 0.10000000000000003 0 0.5 0.1 -0.5 5 3 1 1 0 0 2 0 0 1
2026-09-05,06:03:10 GMT,V6.4 BLOCK - journal-guarded entry/recovery gate failed or signal already used
2026-09-05,06:03:10 GMT,SENTINEL V6 MULTI-WINDOW SCAN >>>
2026-09-05,06:03:10 GMT,V6.4 DIAG | 5 0 4 0 -0.028571428571428567 0 0.06666666666666667 0 0.1 0.30000000000000004 5 3 2 0 0 0 2 0 0 1
2026-09-05,06:03:10 GMT,V6.4 BLOCK - journal-guarded entry/recovery gate failed or signal already used
2026-09-05,06:03:10 GMT,SENTINEL V6 MULTI-WINDOW SCAN >>>
2026-09-05,06:03:10 GMT,V6.4 DIAG | 5 0 4 0 -0.028571428571428567 0 0.06666666666666667 0 0.1 0.30000000000000004 5 3 2 1 0 0 2 0 0 1
2026-09-05,06:03:10 GMT,V6.4 BLOCK - journal-guarded entry/recovery gate failed or signal already used
2026-09-05,06:03:10 GMT,SENTINEL V6 MULTI-WINDOW SCAN >>>
2026-09-05,06:03:10 GMT,V6.4 DIAG | 6 0 4 -0.15000000000000002 0 0.15000000000000002 0 0 0.1 0.05000000000000002 5 3 2 1 0 0 2 0 0 1
2026-09-05,06:03:10 GMT,V6.4 BLOCK - journal-guarded entry/recovery gate failed or signal already used
2026-09-05,06:03:10 GMT,SENTINEL V6 MULTI-WINDOW SCAN >>>
2026-09-05,06:03:10 GMT,V6.4 DIAG | 8 0 4 -0.15000000000000002 -0.05714285714285714 0.15000000000000002 0.13333333333333336 0 0.9 0.05000000000000002 5 3 2 1 0 0 2 0 0 1
2026-09-05,06:03:10 GMT,V6.4 BLOCK - journal-guarded entry/recovery gate failed or signal already used
2026-09-05,06:03:10 GMT,SENTINEL V6 MULTI-WINDOW SCAN >>>
2026-09-05,06:03:10 GMT,V6.4 DIAG | 9 0 5 0 -0.028571428571428567 0 0.06666666666666667 -0.05 0.4 0.05000000000000002 5 3 1 1 0 0 2 0 0 1
2026-09-05,06:03:10 GMT,V6.4 BLOCK - journal-guarded entry/recovery gate failed or signal already used
2026-09-05,06:03:10 GMT,SENTINEL V6 MULTI-WINDOW SCAN >>>
2026-09-05,06:03:10 GMT,V6.4 DIAG | 2 0 8 0.10000000000000009 0 -0.09999999999999998 0 -0.05 0.4 -0.45 6 2 1 1 0 0 2 0 0 1
2026-09-05,06:03:10 GMT,V6.4 BLOCK - journal-guarded entry/recovery gate failed or signal already used
2026-09-05,06:03:10 GMT,SENTINEL V6 MULTI-WINDOW SCAN >>>
2026-09-05,06:03:10 GMT,V6.4 DIAG | 6 0 9 -0.050000000000000044 0.028571428571428567 0.04999999999999999 -0.06666666666666667 -0.05 0.15000000000000002 -0.45 6 2 1 1 0 0 2 0 0 1
2026-09-05,06:03:10 GMT,V6.4 BLOCK - journal-guarded entry/recovery gate failed or signal already used
2026-09-05,06:03:10 GMT,SENTINEL V6 MULTI-WINDOW SCAN >>>
2026-09-05,06:03:10 GMT,V6.4 DIAG | 8 0 5 0 -0.028571428571428567 0 0.06666666666666667 -0.05 0.15000000000000002 0.30000000000000004 6 2 1 1 0 0 2 0 0 1
2026-09-05,06:03:10 GMT,V6.4 BLOCK - journal-guarded entry/recovery gate failed or signal already used
2026-09-05,06:03:10 GMT,SENTINEL V6 MULTI-WINDOW SCAN >>>
2026-09-05,06:03:10 GMT,V6.4 DIAG | 3 0 9 0 0.028571428571428567 0 -0.06666666666666667 -0.1 -0.35000000000000003 0.05000000000000002 6 2 1 0 0 0 2 0 0 1
2026-09-05,06:03:10 GMT,V6.4 BLOCK - journal-guarded entry/recovery gate failed or signal already used
2026-09-05,06:03:10 GMT,SENTINEL V6 MULTI-WINDOW SCAN >>>
2026-09-05,06:03:10 GMT,V6.4 DIAG | 1 0 10 0.04999999999999993 0.028571428571428567 -0.04999999999999999 -0.06666666666666667 -0.15 -0.35000000000000003 0.05000000000000002 6 2 1 1 0 0 2 0 0 1
2026-09-05,06:03:10 GMT,V6.4 BLOCK - journal-guarded entry/recovery gate failed or signal already used
2026-09-05,06:03:10 GMT,SENTINEL V6 MULTI-WINDOW SCAN >>>
2026-09-05,06:03:10 GMT,V6.4 DIAG | 6 0 11 0.09999999999999998 0.028571428571428567 -0.10000000000000003 -0.06666666666666667 -0.2 -0.35000000000000003 0.05000000000000002 5 3 1 0 1 0 2 0 0 1
2026-09-05,06:03:10 GMT,V6.4 BLOCK - journal-guarded entry/recovery gate failed or signal already used
2026-09-05,06:03:10 GMT,SENTINEL V6 MULTI-WINDOW SCAN >>>
2026-09-05,06:03:10 GMT,V6.4 DIAG | 9 0 7 0.09999999999999998 -0.028571428571428567 -0.10000000000000003 0.06666666666666667 -0.2 0.45 0.05000000000000002 5 3 1 1 0 0 2 0 0 1
2026-09-05,06:03:10 GMT,V6.4 BLOCK - journal-guarded entry/recovery gate failed or signal already used
2026-09-05,06:03:10 GMT,SENTINEL V6 MULTI-WINDOW SCAN >>>
2026-09-05,06:03:10 GMT,V6.4 DIAG | 0 0 11 0.09999999999999998 0.028571428571428567 -0.10000000000000003 -0.06666666666666667 -0.2 0.45 -0.75 6 2 1 1 1 0 2 0 0 1
2026-09-05,06:03:10 GMT,V6.4 BLOCK - journal-guarded entry/recovery gate failed or signal already used
2026-09-05,06:03:10 GMT,SENTINEL V6 MULTI-WINDOW SCAN >>>
2026-09-05,06:03:10 GMT,V6.4 DIAG | 6 0 7 0.09999999999999998 -0.028571428571428567 -0.10000000000000003 0.06666666666666667 -0.2 0.45 0.05000000000000002 6 2 1 1 0 0 2 0 0 1
2026-09-05,06:03:10 GMT,V6.4 BLOCK - journal-guarded entry/recovery gate failed or signal already used
2026-09-05,06:03:10 GMT,SENTINEL V6 MULTI-WINDOW SCAN >>>
2026-09-05,06:03:10 GMT,V6.4 DIAG | 6 0 7 0.09999999999999998 -0.028571428571428567 -0.10000000000000003 0.06666666666666667 -0.2 0.45 0.05000000000000002 5 3 1 1 0 0 2 0 0 1
2026-09-05,06:03:10 GMT,V6.4 BLOCK - journal-guarded entry/recovery gate failed or signal already used
2026-09-05,06:03:10 GMT,SENTINEL V6 MULTI-WINDOW SCAN >>>
2026-09-05,06:03:10 GMT,V6.4 DIAG | 8 0 7 0.09999999999999998 -0.028571428571428567 -0.10000000000000003 0.06666666666666667 -0.2 0.45 0.05000000000000002 5 3 1 1 0 0 2 0 0 1
2026-09-05,06:03:10 GMT,V6.4 BLOCK - journal-guarded entry/recovery gate failed or signal already used
2026-09-05,06:03:10 GMT,SENTINEL V6 MULTI-WINDOW SCAN >>>
2026-09-05,06:03:10 GMT,V6.4 DIAG | 4 0 11 0.04999999999999993 0.028571428571428567 -0.04999999999999999 -0.06666666666666667 -0.2 -0.05 -0.20000000000000004 6 2 0 0 0 0 2 0 0 1
2026-09-05,06:03:10 GMT,V6.4 BLOCK - journal-guarded entry/recovery gate failed or signal already used
2026-09-05,06:03:10 GMT,SENTINEL V6 MULTI-WINDOW SCAN >>>
2026-09-05,06:03:10 GMT,V6.4 DIAG | 9 0 6 -0.050000000000000044 0 0.050000000000000044 0 -0.2 -0.35000000000000003 0.6 6 2 0 1 0 0 2 0 0 1
2026-09-05,06:03:10 GMT,V6.4 BLOCK - journal-guarded entry/recovery gate failed or signal already used
2026-09-05,06:03:10 GMT,SENTINEL V6 MULTI-WINDOW SCAN >>>
2026-09-05,06:03:10 GMT,V6.4 DIAG | 6 0 10 0.04999999999999993 0.028571428571428567 -0.04999999999999999 -0.06666666666666667 -0.2 -0.35000000000000003 0.1 6 2 0 0 0 0 2 0 0 1
2026-09-05,06:03:10 GMT,V6.4 BLOCK - journal-guarded entry/recovery gate failed or signal already used
2026-09-05,06:03:10 GMT,SENTINEL V6 MULTI-WINDOW SCAN >>>
2026-09-05,06:03:10 GMT,V6.4 DIAG | 5 0 10 0.04999999999999993 0.028571428571428567 -0.04999999999999999 -0.06666666666666667 -0.2 -0.35000000000000003 0.1 5 3 1 1 0 0 2 0 0 1
2026-09-05,06:03:10 GMT,V6.4 BLOCK - journal-guarded entry/recovery gate failed or signal already used
2026-09-05,06:03:10 GMT,SENTINEL V6 MULTI-WINDOW SCAN >>>
2026-09-05,06:03:10 GMT,V6.4 DIAG | 0 0 11 0.09999999999999998 0.028571428571428567 -0.10000000000000003 -0.06666666666666667 -0.2 -0.35000000000000003 0.05000000000000002 5 3 1 0 1 0 2 0 0 1
2026-09-05,06:03:10 GMT,V6.4 BLOCK - journal-guarded entry/recovery gate failed or signal already used
2026-09-05,06:03:10 GMT,SENTINEL V6 MULTI-WINDOW SCAN >>>
2026-09-05,06:03:10 GMT,V6.4 DIAG | 9 0 8 0.1499999999999999 -0.028571428571428567 -0.15000000000000002 0.06666666666666667 -0.25 -0.35000000000000003 0.8500000000000001 5 3 1 1 0 0 2 0 0 1
2026-09-05,06:03:10 GMT,V6.4 BLOCK - journal-guarded entry/recovery gate failed or signal already used
2026-09-05,06:03:10 GMT,SENTINEL V6 MULTI-WINDOW SCAN >>>
2026-09-05,06:03:10 GMT,V6.4 DIAG | 6 0 7 0.25 -0.057142857142857134 -0.25 0.13333333333333333 -0.25 0.45 0.35000000000000003 6 2 1 1 0 0 2 0 0 1
2026-09-05,06:03:10 GMT,V6.4 BLOCK - journal-guarded entry/recovery gate failed or signal already used
2026-09-05,06:03:10 GMT,SENTINEL V6 MULTI-WINDOW SCAN >>>
2026-09-05,06:03:10 GMT,V6.4 DIAG | 1 0 7 0.25 -0.057142857142857134 -0.25 0.13333333333333333 -0.25 0.45 0.35000000000000003 6 2 1 1 0 0 2 0 0 1
2026-09-05,06:03:10 GMT,V6.4 BLOCK - journal-guarded entry/recovery gate failed or signal already used
2026-09-05,06:03:10 GMT,SENTINEL V6 MULTI-WINDOW SCAN >>>
2026-09-05,06:03:10 GMT,V6.4 DIAG | 0 0 7 0.09999999999999998 -0.028571428571428567 -0.10000000000000003 0.06666666666666667 -0.5 0.45 0.35000000000000003 6 2 1 1 0 0 2 0 0 1
2026-09-05,06:03:10 GMT,V6.4 BLOCK - journal-guarded entry/recovery gate failed or signal already used
2026-09-05,06:03:10 GMT,SENTINEL V6 MULTI-WINDOW SCAN >>>
2026-09-05,06:03:10 GMT,V6.4 DIAG | 9 0 7 0.09999999999999998 -0.028571428571428567 -0.10000000000000003 0.06666666666666667 -0.5 0.45 0.35000000000000003 6 2 1 1 0 0 2 0 0 1
2026-09-05,06:03:10 GMT,V6.4 BLOCK - journal-guarded entry/recovery gate failed or signal already used
2026-09-05,06:03:10 GMT,SENTINEL V6 MULTI-WINDOW SCAN >>>
2026-09-05,06:03:10 GMT,V6.4 DIAG | 8 0 8 0.20000000000000007 0 -0.2 0 -0.5 0.45 -0.15 6 2 1 1 0 0 2 0 0 1
2026-09-05,06:03:10 GMT,V6.4 BLOCK - journal-guarded entry/recovery gate failed or signal already used
2026-09-05,06:03:10 GMT,SENTINEL V6 MULTI-WINDOW SCAN >>>
2026-09-05,06:03:10 GMT,V6.4 DIAG | 5 0 12 0.15000000000000002 0.057142857142857134 -0.14999999999999997 -0.13333333333333333 -0.5 -0.05 -0.4 7 1 0 0 0 0 2 0 0 1
2026-09-05,06:03:10 GMT,V6.4 BLOCK - journal-guarded entry/recovery gate failed or signal already used
2026-09-05,06:03:10 GMT,SENTINEL V6 MULTI-WINDOW SCAN >>>
2026-09-05,06:03:10 GMT,V6.4 DIAG | 0 0 10 0 0.08571428571428572 0 -0.2 -0.75 -0.05 -0.4 7 1 0 0 0 0 2 0 0 1
2026-09-05,06:03:10 GMT,V6.4 BLOCK - journal-guarded entry/recovery gate failed or signal already used
2026-09-05,06:03:10 GMT,SENTINEL V6 MULTI-WINDOW SCAN >>>
2026-09-05,06:03:10 GMT,V6.4 DIAG | 6 0 10 -0.15000000000000002 0.05714285714285714 0.15000000000000002 -0.13333333333333336 -0.20000000000000004 -0.05 -0.4 6 2 0 1 0 0 2 0 0 1
2026-09-05,06:03:10 GMT,V6.4 BLOCK - journal-guarded entry/recovery gate failed or signal already used
2026-09-05,06:03:10 GMT,SENTINEL V6 MULTI-WINDOW SCAN >>>
2026-09-05,06:03:10 GMT,V6.4 DIAG | 4 0 10 -0.25 0.08571428571428572 0.25 -0.2 -0.4499999999999999 -0.05 -0.45 5 3 0 1 0 0 2 0 0 1
2026-09-05,06:03:10 GMT,V6.4 BLOCK - journal-guarded entry/recovery gate failed or signal already used
2026-09-05,06:03:10 GMT,SENTINEL V6 MULTI-WINDOW SCAN >>>
2026-09-05,06:03:10 GMT,V6.4 DIAG | 6 0 8 -0.19999999999999996 0.08571428571428572 0.2 -0.2 -0.4999999999999999 -0.05 -0.45 4 4 0 1 0 0 2 0 0 1
2026-09-05,06:03:10 GMT,V6.4 BLOCK - journal-guarded entry/recovery gate failed or signal already used
2026-09-05,06:03:10 GMT,SENTINEL V6 MULTI-WINDOW SCAN >>>
2026-09-05,06:03:10 GMT,V6.4 DIAG | 2 0 6 -0.35 0.05714285714285715 0.35 -0.13333333333333333 -0.4999999999999999 -0.05 0.1 3 5 0 1 0 0 2 0 0 1
2026-09-05,06:03:10 GMT,V6.4 BLOCK - journal-guarded entry/recovery gate failed or signal already used
2026-09-05,06:03:10 GMT,SENTINEL V6 MULTI-WINDOW SCAN >>>
2026-09-05,06:03:10 GMT,V6.4 DIAG | 7 0 2 -0.29999999999999993 0 0.3 0 0.30000000000000004 -0.05 0.05000000000000002 3 5 0 1 0 0 2 0 0 1
2026-09-05,06:03:10 GMT,V6.4 BLOCK - journal-guarded entry/recovery gate failed or signal already used
2026-09-05,06:03:10 GMT,SENTINEL V6 MULTI-WINDOW SCAN >>>
2026-09-05,06:03:10 GMT,V6.4 DIAG | 1 0 3 -0.15000000000000002 -0.028571428571428574 0.15000000000000002 0.06666666666666668 0.55 -0.05 0.05000000000000002 3 5 0 1 0 0 2 0 0 1
2026-09-05,06:03:10 GMT,V6.4 BLOCK - journal-guarded entry/recovery gate failed or signal already used
2026-09-05,06:03:10 GMT,SENTINEL V6 MULTI-WINDOW SCAN >>>
2026-09-05,06:03:10 GMT,V6.4 DIAG | 6 0 3 -0.15000000000000002 -0.08571428571428572 0.15000000000000002 0.2 1.3499999999999999 -0.05 0.05000000000000002 3 5 0 1 0 0 2 0 0 1
2026-09-05,06:03:10 GMT,V6.4 BLOCK - journal-guarded entry/recovery gate failed or signal already used
2026-09-05,06:03:10 GMT,SENTINEL V6 MULTI-WINDOW SCAN >>>
2026-09-05,06:03:10 GMT,V6.4 DIAG | 9 0 3 -0.15000000000000002 -0.08571428571428572 0.15000000000000002 0.2 1.3499999999999999 -0.05 0.05000000000000002 3 5 0 1 0 0 2 0 0 1
2026-09-05,06:03:10 GMT,V6.4 BLOCK - journal-guarded entry/recovery gate failed or signal already used
2026-09-05,06:03:10 GMT,SENTINEL V6 MULTI-WINDOW SCAN >>>
2026-09-05,06:03:10 GMT,V6.4 DIAG | 7 0 3 -0.19999999999999996 -0.08571428571428572 0.2 0.2 1.3499999999999999 -0.30000000000000004 0.35000000000000003 4 4 0 1 0 0 2 0 0 1
2026-09-05,06:03:10 GMT,V6.4 BLOCK - journal-guarded entry/recovery gate failed or signal already used
2026-09-05,06:03:10 GMT,SENTINEL V6 MULTI-WINDOW SCAN >>>
2026-09-05,06:03:10 GMT,V6.4 DIAG | 7 0 5 -0.09999999999999998 -0.05714285714285714 0.10000000000000003 0.13333333333333336 0.8500000000000001 -0.30000000000000004 0.35000000000000003 5 3 0 1 0 0 2 0 0 1
2026-09-05,06:03:10 GMT,V6.4 BLOCK - journal-guarded entry/recovery gate failed or signal already used
2026-09-05,06:03:10 GMT,SENTINEL V6 MULTI-WINDOW SCAN >>>
2026-09-05,06:03:10 GMT,V6.4 DIAG | 7 0 5 0 -0.028571428571428567 0 0.06666666666666667 0.35000000000000003 -0.30000000000000004 0.35000000000000003 5 3 1 1 0 0 2 0 0 1
2026-09-05,06:03:10 GMT,V6.4 BLOCK - journal-guarded entry/recovery gate failed or signal already used
2026-09-05,06:03:10 GMT,SENTINEL V6 MULTI-WINDOW SCAN >>>
2026-09-05,06:03:10 GMT,V6.4 DIAG | 6 0 9 -0.050000000000000044 0.028571428571428567 0.04999999999999999 -0.06666666666666667 -0.15 -0.30000000000000004 0.1 6 2 1 1 0 0 2 0 0 1
2026-09-05,06:03:10 GMT,V6.4 BLOCK - journal-guarded entry/recovery gate failed or signal already used
2026-09-05,06:03:10 GMT,SENTINEL V6 MULTI-WINDOW SCAN >>>
2026-09-05,06:03:10 GMT,V6.4 DIAG | 9 0 9 -0.20000000000000007 0.05714285714285714 0.2 -0.13333333333333336 -0.4 -0.30000000000000004 0.1 6 2 1 1 0 0 2 0 0 1
2026-09-05,06:03:10 GMT,V6.4 BLOCK - journal-guarded entry/recovery gate failed or signal already used
2026-09-05,06:03:10 GMT,SENTINEL V6 MULTI-WINDOW SCAN >>>
2026-09-05,06:03:10 GMT,V6.4 DIAG | 3 0 9 -0.10000000000000009 0.028571428571428567 0.09999999999999998 -0.06666666666666667 -0.4 0.5 -0.4 6 2 1 1 0 0 2 0 0 1
2026-09-05,06:03:10 GMT,V6.4 BLOCK - journal-guarded entry/recovery gate failed or signal already used
2026-09-05,06:03:10 GMT,SENTINEL V6 MULTI-WINDOW SCAN >>>
2026-09-05,06:03:10 GMT,V6.4 DIAG | 4 0 9 -0.10000000000000009 0.028571428571428567 0.09999999999999998 -0.06666666666666667 -0.4 0.5 -0.4 5 3 1 1 0 0 2 0 0 1
2026-09-05,06:03:10 GMT,V6.4 BLOCK - journal-guarded entry/recovery gate failed or signal already used
2026-09-05,06:03:10 GMT,SENTINEL V6 MULTI-WINDOW SCAN >>>
2026-09-05,06:03:10 GMT,V6.4 DIAG | 1 0 9 -0.10000000000000009 0.028571428571428567 0.09999999999999998 -0.06666666666666667 -0.4 0.5 -0.4 5 3 1 1 0 0 2 0 0 1
2026-09-05,06:03:10 GMT,V6.4 BLOCK - journal-guarded entry/recovery gate failed or signal already used
2026-09-05,06:03:10 GMT,SENTINEL V6 MULTI-WINDOW SCAN >>>
2026-09-05,06:03:10 GMT,V6.4 DIAG | 0 0 5 -0.10000000000000009 -0.028571428571428567 0.09999999999999998 0.06666666666666667 -0.4 0.5 0.4 5 3 1 1 0 0 2 0 0 1
2026-09-05,06:03:10 GMT,V6.4 BLOCK - journal-guarded entry/recovery gate failed or signal already used
2026-09-05,06:03:10 GMT,SENTINEL V6 MULTI-WINDOW SCAN >>>
2026-09-05,06:03:10 GMT,V6.4 DIAG | 8 0 4 -0.10000000000000009 -0.08571428571428572 0.09999999999999998 0.2 0.4 0.5 0.4 5 3 1 1 0 0 2 0 0 1
2026-09-05,06:03:10 GMT,V6.4 BLOCK - journal-guarded entry/recovery gate failed or signal already used
2026-09-05,06:03:10 GMT,SENTINEL V6 MULTI-WINDOW SCAN >>>
2026-09-05,06:03:10 GMT,V6.4 DIAG | 0 0 5 0 -0.057142857142857134 0 0.13333333333333333 0.4 0 0.4 6 2 0 0 0 0 2 0 0 1
2026-09-05,05:58:21 GMT,V6.4 BLOCK - journal-guarded entry/recovery gate failed or signal already used
2026-09-05,05:58:21 GMT,SENTINEL V6 MULTI-WINDOW SCAN >>>
2026-09-05,05:58:21 GMT,V6.4 DIAG | 6 0 5 0 -0.057142857142857134 0 0.13333333333333333 0.4 0 0.4 6 2 0 0 0 0 2 0 0 1
2026-09-05,05:58:21 GMT,V6.4 BLOCK - journal-guarded entry/recovery gate failed or signal already used
2026-09-05,05:58:21 GMT,SENTINEL V6 MULTI-WINDOW SCAN >>>
2026-09-05,05:58:21 GMT,V6.4 DIAG | 9 0 5 0 -0.057142857142857134 0 0.13333333333333333 0.4 0 0.4 6 2 0 1 0 0 2 0 0 1
2026-09-05,05:58:21 GMT,V6.4 BLOCK - journal-guarded entry/recovery gate failed or signal already used
2026-09-05,05:58:21 GMT,SENTINEL V6 MULTI-WINDOW SCAN >>>
2026-09-05,05:58:21 GMT,V6.4 DIAG | 7 0 6 -0.04999999999999993 0 0.05000000000000002 0 0.4 0 -0.35000000000000003 7 1 0 1 0 0 2 0 0 1
2026-09-05,05:58:21 GMT,V6.4 BLOCK - journal-guarded entry/recovery gate failed or signal already used
2026-09-05,05:58:21 GMT,SENTINEL V6 MULTI-WINDOW SCAN >>>
2026-09-05,05:58:21 GMT,V6.4 DIAG | 4 0 10 -0.09999999999999998 0.057142857142857134 0.1 -0.13333333333333333 -0.35000000000000003 0 -0.35000000000000003 8 0 0 1 0 0 2 0 0 1
2026-09-05,05:58:21 GMT,V6.4 BLOCK - journal-guarded entry/recovery gate failed or signal already used
2026-09-05,05:58:21 GMT,SENTINEL V6 MULTI-WINDOW SCAN >>>
2026-09-05,05:58:21 GMT,V6.4 DIAG | 0 0 10 -0.09999999999999998 0.057142857142857134 0.1 -0.13333333333333333 -0.35000000000000003 0 -0.35000000000000003 7 1 0 1 0 0 2 0 0 1
2026-09-05,05:58:20 GMT,V6.4 BLOCK - journal-guarded entry/recovery gate failed or signal already used
2026-09-05,05:58:20 GMT,SENTINEL V6 MULTI-WINDOW SCAN >>>
2026-09-05,05:58:20 GMT,V6.4 DIAG | 3 0 10 -0.25 0.08571428571428572 0.25 -0.2 -0.35000000000000003 0 -0.6000000000000001 6 2 0 1 0 0 2 0 0 1
2026-09-05,05:58:20 GMT,V6.4 BLOCK - journal-guarded entry/recovery gate failed or signal already used
2026-09-05,05:58:20 GMT,SENTINEL V6 MULTI-WINDOW SCAN >>>
2026-09-05,05:58:20 GMT,V6.4 DIAG | 3 0 10 -0.4 0.11428571428571428 0.4 -0.26666666666666666 -0.6000000000000001 0 -0.6000000000000001 6 2 0 1 0 0 2 0 0 1
2026-09-05,05:58:20 GMT,V6.4 BLOCK - journal-guarded entry/recovery gate failed or signal already used
2026-09-05,05:58:20 GMT,SENTINEL V6 MULTI-WINDOW SCAN >>>
2026-09-05,05:58:20 GMT,V6.4 DIAG | 6 0 9 -0.4 0.05714285714285714 0.4 -0.13333333333333336 -0.6000000000000001 0 0.2 5 3 0 1 0 0 2 0 0 1
2026-09-05,05:58:20 GMT,V6.4 BLOCK - journal-guarded entry/recovery gate failed or signal already used
2026-09-05,05:58:20 GMT,SENTINEL V6 MULTI-WINDOW SCAN >>>
2026-09-05,05:58:20 GMT,V6.4 DIAG | 0 0 3 -0.4 0 0.4 0 0.2 0 0.2 4 4 0 1 0 0 2 0 0 1
2026-09-05,05:58:20 GMT,V6.4 BLOCK - journal-guarded entry/recovery gate failed or signal already used
2026-09-05,05:58:20 GMT,SENTINEL V6 MULTI-WINDOW SCAN >>>
2026-09-05,05:58:20 GMT,V6.4 DIAG | 2 0 3 -0.4 0 0.4 0 0.2 0 0.2 4 4 0 1 0 0 2 0 0 1
2026-09-05,05:58:20 GMT,V6.4 BLOCK - journal-guarded entry/recovery gate failed or signal already used
2026-09-05,05:58:20 GMT,SENTINEL V6 MULTI-WINDOW SCAN >>>
2026-09-05,05:58:20 GMT,V6.4 DIAG | 2 0 3 -0.4 -0.05714285714285714 0.4 0.13333333333333336 0.2 0 1 4 4 0 1 0 0 2 0 0 1
2026-09-05,05:58:20 GMT,V6.4 BLOCK - journal-guarded entry/recovery gate failed or signal already used
2026-09-05,05:58:20 GMT,SENTINEL V6 MULTI-WINDOW SCAN >>>
2026-09-05,05:58:20 GMT,V6.4 DIAG | 9 0 3 -0.4 -0.11428571428571428 0.4 0.26666666666666666 1 0 1 4 4 0 1 0 0 2 0 0 1
2026-09-05,05:58:20 GMT,V6.4 BLOCK - journal-guarded entry/recovery gate failed or signal already used
2026-09-05,05:58:20 GMT,SENTINEL V6 MULTI-WINDOW SCAN >>>
2026-09-05,05:58:20 GMT,V6.4 DIAG | 7 0 5 -0.30000000000000004 -0.08571428571428572 0.3 0.2 1 0 0.5 5 3 0 1 0 0 2 0 0 1
2026-09-05,05:58:20 GMT,V6.4 BLOCK - journal-guarded entry/recovery gate failed or signal already used
2026-09-05,05:58:20 GMT,SENTINEL V6 MULTI-WINDOW SCAN >>>
2026-09-05,05:58:20 GMT,V6.4 DIAG | 0 0 5 -0.1499999999999999 -0.057142857142857134 0.15000000000000002 0.13333333333333333 0.5 -0.05 0.5 6 2 0 1 0 0 2 0 0 1
2026-09-05,05:58:20 GMT,V6.4 BLOCK - journal-guarded entry/recovery gate failed or signal already used
2026-09-05,05:58:20 GMT,SENTINEL V6 MULTI-WINDOW SCAN >>>
2026-09-05,05:58:20 GMT,V6.4 DIAG | 9 0 5 -0.1499999999999999 -0.057142857142857134 0.15000000000000002 0.13333333333333333 0.5 -0.05 0.5 6 2 0 1 0 0 2 0 0 1
2026-09-05,05:58:20 GMT,V6.4 BLOCK - journal-guarded entry/recovery gate failed or signal already used
2026-09-05,05:58:20 GMT,SENTINEL V6 MULTI-WINDOW SCAN >>>
2026-09-05,05:58:20 GMT,V6.4 DIAG | 7 0 6 -0.04999999999999993 -0.028571428571428567 0.05 0.06666666666666667 0.5 -0.05 0 7 1 0 1 0 0 2 0 0 1
2026-09-05,05:58:20 GMT,V6.4 BLOCK - journal-guarded entry/recovery gate failed or signal already used
2026-09-05,05:58:20 GMT,SENTINEL V6 MULTI-WINDOW SCAN >>>
2026-09-05,05:58:20 GMT,V6.4 DIAG | 2 1 9 0.050000000000000044 0 -0.05 0 0 -0.05 0 8 0 0 0 0 0 2 0 0 1
2026-09-05,05:58:20 GMT,V6.4 BLOCK - journal-guarded entry/recovery gate failed or signal already used
2026-09-05,05:58:20 GMT,SENTINEL V6 MULTI-WINDOW SCAN >>>
2026-09-05,05:58:20 GMT,V6.4 DIAG | 1 0 9 0.09999999999999998 0 -0.1 0 0 -0.05 -0.05 8 0 0 0 0 0 2 1 0 1
2026-09-05,05:58:20 GMT,V6.4 BLOCK - journal-guarded entry/recovery gate failed or signal already used
2026-09-05,05:58:20 GMT,SENTINEL V6 MULTI-WINDOW SCAN >>>
2026-09-05,05:58:20 GMT,V6.4 DIAG | 4 0 9 0.09999999999999998 0 -0.1 0 0 -0.05 -0.05 8 0 0 0 0 0 2 0 0 1
2026-09-05,05:58:20 GMT,V6.4 BLOCK - journal-guarded entry/recovery gate failed or signal already used
2026-09-05,05:58:20 GMT,SENTINEL V6 MULTI-WINDOW SCAN >>>
2026-09-05,05:58:20 GMT,V6.4 DIAG | 2 0 9 0.09999999999999998 0 -0.1 0 0 -0.05 -0.05 8 0 0 0 0 0 2 0 0 1
2026-09-05,05:58:20 GMT,V6.4 BLOCK - journal-guarded entry/recovery gate failed or signal already used
2026-09-05,05:58:20 GMT,SENTINEL V6 MULTI-WINDOW SCAN >>>
2026-09-05,05:58:20 GMT,V6.4 DIAG | 4 0 9 0.15000000000000002 0 -0.15 0 0 -0.05 -0.1 8 0 0 1 0 0 2 0 0 1
2026-09-05,05:58:20 GMT,V6.4 BLOCK - journal-guarded entry/recovery gate failed or signal already used
2026-09-05,05:58:20 GMT,SENTINEL V6 MULTI-WINDOW SCAN >>>
2026-09-05,05:58:20 GMT,V6.4 DIAG | 3 1 9 0.19999999999999996 0 -0.2 0 -0.05 -0.05 -0.1 8 0 0 0 0 0 2 0 0 1
2026-09-05,05:58:20 GMT,V6.4 BLOCK - journal-guarded entry/recovery gate failed or signal already used
2026-09-05,05:58:20 GMT,SENTINEL V6 MULTI-WINDOW SCAN >>>
2026-09-05,05:58:20 GMT,V6.4 DIAG | 1 1 9 0.25 0 -0.25 0 -0.05 -0.1 -0.1 8 0 0 0 0 0 2 1 0 1
2026-09-05,05:58:20 GMT,V6.4 BLOCK - journal-guarded entry/recovery gate failed or signal already used
2026-09-05,05:58:20 GMT,SENTINEL V6 MULTI-WINDOW SCAN >>>
2026-09-05,05:58:20 GMT,V6.4 DIAG | 0 1 9 0.25 0 -0.25 0 -0.05 -0.1 -0.1 8 0 0 0 0 0 2 1 0 1
2026-09-05,05:58:20 GMT,V6.4 BLOCK - journal-guarded entry/recovery gate failed or signal already used
2026-09-05,05:58:20 GMT,SENTINEL V6 MULTI-WINDOW SCAN >>>
2026-09-05,05:58:20 GMT,V6.4 DIAG | 4 1 9 0.25 0 -0.25 0 -0.05 -0.1 -0.1 8 0 0 0 0 0 2 1 0 1
2026-09-05,05:58:20 GMT,V6.4 BLOCK - journal-guarded entry/recovery gate failed or signal already used
2026-09-05,05:58:20 GMT,SENTINEL V6 MULTI-WINDOW SCAN >>>
2026-09-05,05:58:20 GMT,V6.4 DIAG | 4 1 9 0.25 0 -0.25 0 -0.05 -0.1 -0.1 8 0 0 0 0 0 2 1 0 1
2026-09-05,05:58:20 GMT,V6.4 BLOCK - journal-guarded entry/recovery gate failed or signal already used
2026-09-05,05:58:20 GMT,SENTINEL V6 MULTI-WINDOW SCAN >>>
2026-09-05,05:58:20 GMT,V6.4 DIAG | 0 0 9 0.25 0 -0.25 0 -0.05 -0.1 -0.1 8 0 0 0 0 0 2 1 0 1
2026-09-05,05:58:20 GMT,V6.4 BLOCK - journal-guarded entry/recovery gate failed or signal already used
2026-09-05,05:58:20 GMT,SENTINEL V6 MULTI-WINDOW SCAN >>>
2026-09-05,05:58:20 GMT,V6.4 DIAG | 1 0 9 0.25 0 -0.25 0 -0.05 -0.1 -0.1 8 0 0 0 0 0 2 0 0 1
2026-09-05,05:58:20 GMT,V6.4 BLOCK - journal-guarded entry/recovery gate failed or signal already used
2026-09-05,05:58:20 GMT,SENTINEL V6 MULTI-WINDOW SCAN >>>
2026-09-05,05:58:20 GMT,V6.4 DIAG | 0 1 9 0.25 0 -0.25 0 -0.05 -0.1 -0.1 8 0 0 0 0 0 2 0 0 1
2026-09-05,05:58:20 GMT,V6.4 BLOCK - journal-guarded entry/recovery gate failed or signal already used
2026-09-05,05:58:20 GMT,SENTINEL V6 MULTI-WINDOW SCAN >>>
2026-09-05,05:58:20 GMT,V6.4 DIAG | 4 0 9 0.30000000000000004 0 -0.3 0 -0.05 -0.15 -0.1 8 0 0 0 0 0 2 1 0 1
2026-09-05,05:58:20 GMT,V6.4 BLOCK - journal-guarded entry/recovery gate failed or signal already used
2026-09-05,05:58:20 GMT,SENTINEL V6 MULTI-WINDOW SCAN >>>
2026-09-05,05:58:20 GMT,V6.4 DIAG | 3 0 9 0.30000000000000004 0 -0.3 0 -0.05 -0.15 -0.1 8 0 0 0 0 0 2 0 0 1
2026-09-05,05:58:20 GMT,V6.4 BLOCK - journal-guarded entry/recovery gate failed or signal already used
2026-09-05,05:58:20 GMT,SENTINEL V6 MULTI-WINDOW SCAN >>>
2026-09-05,05:58:20 GMT,V6.4 DIAG | 6 0 9 0.30000000000000004 0 -0.3 0 -0.05 -0.15 -0.1 8 0 0 0 0 0 2 0 0 1
2026-09-05,05:58:20 GMT,V6.4 BLOCK - journal-guarded entry/recovery gate failed or signal already used
2026-09-05,05:58:20 GMT,SENTINEL V6 MULTI-WINDOW SCAN >>>
2026-09-05,05:58:20 GMT,V6.4 DIAG | 6 1 9 0.35 0 -0.35 0 -0.1 -0.15 -0.1 8 0 0 0 0 0 2 0 0 1
2026-09-05,05:58:20 GMT,V6.4 BLOCK - journal-guarded entry/recovery gate failed or signal already used
2026-09-05,05:58:20 GMT,SENTINEL V6 MULTI-WINDOW SCAN >>>
2026-09-05,05:58:20 GMT,V6.4 DIAG | 6 1 12 0.20000000000000007 0.028571428571428567 -0.19999999999999998 -0.06666666666666667 -0.1 -0.4 -0.1 8 0 0 0 1 0 2 1 0 1
2026-09-05,05:58:20 GMT,V6.4 BLOCK - journal-guarded entry/recovery gate failed or signal already used
2026-09-05,05:58:20 GMT,SENTINEL V6 MULTI-WINDOW SCAN >>>
2026-09-05,05:58:20 GMT,V6.4 DIAG | 6 1 12 0.20000000000000007 0.028571428571428567 -0.19999999999999998 -0.06666666666666667 -0.1 -0.4 -0.1 8 0 0 0 1 0 2 1 0 1
2026-09-05,05:58:20 GMT,V6.4 BLOCK - journal-guarded entry/recovery gate failed or signal already used
2026-09-05,05:58:20 GMT,SENTINEL V6 MULTI-WINDOW SCAN >>>
2026-09-05,05:58:20 GMT,V6.4 DIAG | 1 0 12 0.20000000000000007 0.028571428571428567 -0.19999999999999998 -0.06666666666666667 -0.1 -0.4 -0.1 7 1 1 0 1 0 2 1 0 1
2026-09-05,05:58:20 GMT,V6.4 BLOCK - journal-guarded entry/recovery gate failed or signal already used
2026-09-05,05:58:20 GMT,SENTINEL V6 MULTI-WINDOW SCAN >>>
2026-09-05,05:58:20 GMT,V6.4 DIAG | 2 0 12 0.20000000000000007 0.028571428571428567 -0.19999999999999998 -0.06666666666666667 -0.1 -0.4 -0.1 7 1 1 0 0 0 2 0 0 1
2026-09-05,05:58:20 GMT,V6.4 BLOCK - journal-guarded entry/recovery gate failed or signal already used
2026-09-05,05:58:20 GMT,SENTINEL V6 MULTI-WINDOW SCAN >>>
2026-09-05,05:58:20 GMT,V6.4 DIAG | 2 0 12 0.050000000000000044 0.057142857142857134 -0.04999999999999999 -0.13333333333333333 -0.1 -0.4 -0.35000000000000003 7 1 1 0 1 0 2 0 0 1
2026-09-05,05:58:20 GMT,V6.4 BLOCK - journal-guarded entry/recovery gate failed or signal already used
2026-09-05,05:58:20 GMT,SENTINEL V6 MULTI-WINDOW SCAN >>>
2026-09-05,05:58:20 GMT,V6.4 DIAG | 5 0 8 0.050000000000000044 0 -0.04999999999999999 0 -0.1 0.4 -0.35000000000000003 7 1 1 1 0 0 2 0 0 1
2026-09-05,05:58:20 GMT,V6.4 BLOCK - journal-guarded entry/recovery gate failed or signal already used
2026-09-05,05:58:20 GMT,SENTINEL V6 MULTI-WINDOW SCAN >>>
2026-09-05,05:58:20 GMT,V6.4 DIAG | 5 0 8 0.10000000000000009 0 -0.09999999999999998 0 -0.1 0.4 -0.4 6 2 1 1 0 0 2 0 0 1
2026-09-05,05:58:20 GMT,V6.4 BLOCK - journal-guarded entry/recovery gate failed or signal already used
2026-09-05,05:58:20 GMT,SENTINEL V6 MULTI-WINDOW SCAN >>>
2026-09-05,05:58:20 GMT,V6.4 DIAG | 1 0 9 -0.050000000000000044 0.028571428571428567 0.04999999999999999 -0.06666666666666667 -0.1 0.4 -0.65 6 2 1 1 0 0 2 0 0 1
2026-09-05,05:58:20 GMT,V6.4 BLOCK - journal-guarded entry/recovery gate failed or signal already used
2026-09-05,05:58:20 GMT,SENTINEL V6 MULTI-WINDOW SCAN >>>
2026-09-05,05:58:20 GMT,V6.4 DIAG | 5 0 9 -0.20000000000000007 0.05714285714285714 0.2 -0.13333333333333336 -0.35000000000000003 0.4 -0.65 6 2 1 1 0 0 2 0 0 1
2026-09-05,05:58:20 GMT,V6.4 BLOCK - journal-guarded entry/recovery gate failed or signal already used
2026-09-05,05:58:20 GMT,SENTINEL V6 MULTI-WINDOW SCAN >>>
2026-09-05,05:58:20 GMT,V6.4 DIAG | 8 0 8 -0.35 0.028571428571428574 0.35 -0.06666666666666668 -0.35000000000000003 0.15000000000000002 0.15000000000000002 5 3 1 1 0 0 2 0 0 1
2026-09-05,05:58:20 GMT,V6.4 BLOCK - journal-guarded entry/recovery gate failed or signal already used
2026-09-05,05:58:20 GMT,SENTINEL V6 MULTI-WINDOW SCAN >>>
2026-09-05,05:58:20 GMT,V6.4 DIAG | 5 0 9 -0.25 0.05714285714285714 0.25 -0.13333333333333336 -0.35000000000000003 -0.35000000000000003 0.15000000000000002 5 3 0 1 0 0 2 0 0 1
2026-09-05,05:58:20 GMT,V6.4 BLOCK - journal-guarded entry/recovery gate failed or signal already used
2026-09-05,05:58:20 GMT,SENTINEL V6 MULTI-WINDOW SCAN >>>
2026-09-05,05:58:20 GMT,V6.4 DIAG | 6 0 7 -0.20000000000000007 0.05714285714285714 0.2 -0.13333333333333336 -0.35000000000000003 -0.4 0.15000000000000002 4 4 1 1 0 0 2 0 0 1
2026-09-05,05:58:20 GMT,V6.4 BLOCK - journal-guarded entry/recovery gate failed or signal already used
2026-09-05,05:58:20 GMT,SENTINEL V6 MULTI-WINDOW SCAN >>>
2026-09-05,05:58:20 GMT,V6.4 DIAG | 5 0 4 -0.15000000000000002 0 0.15000000000000002 0 -0.35000000000000003 -0.4 0.9 4 4 1 1 0 0 2 0 0 1
2026-09-05,05:58:20 GMT,V6.4 BLOCK - journal-guarded entry/recovery gate failed or signal already used
2026-09-05,05:58:20 GMT,SENTINEL V6 MULTI-WINDOW SCAN >>>
2026-09-05,05:58:20 GMT,V6.4 DIAG | 9 0 3 -0.15000000000000002 -0.05714285714285714 0.15000000000000002 0.13333333333333336 0.45 -0.4 0.9 4 4 1 1 0 0 2 0 0 1
2026-09-05,05:58:20 GMT,V6.4 BLOCK - journal-guarded entry/recovery gate failed or signal already used
2026-09-05,05:58:20 GMT,SENTINEL V6 MULTI-WINDOW SCAN >>>
2026-09-05,05:58:20 GMT,V6.4 DIAG | 2 0 4 -0.050000000000000044 -0.08571428571428572 0.04999999999999999 0.2 0.45 0.4 0.4 5 3 1 1 0 0 2 0 0 1
2026-09-05,05:58:20 GMT,V6.4 BLOCK - journal-guarded entry/recovery gate failed or signal already used
2026-09-05,05:58:20 GMT,SENTINEL V6 MULTI-WINDOW SCAN >>>
2026-09-05,05:58:20 GMT,V6.4 DIAG | 0 0 4 -0.050000000000000044 -0.08571428571428572 0.04999999999999999 0.2 0.45 0.4 0.4 5 3 1 1 0 0 2 0 0 1
2026-09-05,05:58:20 GMT,V6.4 BLOCK - journal-guarded entry/recovery gate failed or signal already used
2026-09-05,05:58:20 GMT,SENTINEL V6 MULTI-WINDOW SCAN >>>
2026-09-05,05:58:20 GMT,V6.4 DIAG | 9 0 4 -0.20000000000000007 -0.05714285714285714 0.2 0.13333333333333336 0.45 0.15000000000000002 0.4 5 3 1 1 0 0 2 0 0 1
2026-09-05,05:58:20 GMT,V6.4 BLOCK - journal-guarded entry/recovery gate failed or signal already used
2026-09-05,05:58:20 GMT,SENTINEL V6 MULTI-WINDOW SCAN >>>
2026-09-05,05:58:20 GMT,V6.4 DIAG | 7 0 5 -0.050000000000000044 -0.028571428571428567 0.04999999999999999 0.06666666666666667 0.45 0.1 -0.1 6 2 1 1 0 0 2 0 0 1
2026-09-05,05:58:20 GMT,V6.4 BLOCK - journal-guarded entry/recovery gate failed or signal already used
2026-09-05,05:58:20 GMT,SENTINEL V6 MULTI-WINDOW SCAN >>>
2026-09-05,05:58:20 GMT,V6.4 DIAG | 8 0 7 0.050000000000000044 0 -0.04999999999999999 0 -0.05 0.1 -0.1 6 2 2 1 0 0 2 0 0 1
2026-09-05,05:58:20 GMT,V6.4 BLOCK - journal-guarded entry/recovery gate failed or signal already used
2026-09-05,05:58:20 GMT,SENTINEL V6 MULTI-WINDOW SCAN >>>
2026-09-05,05:58:20 GMT,V6.4 DIAG | 2 0 12 0.050000000000000044 0.057142857142857134 -0.04999999999999999 -0.13333333333333333 -0.30000000000000004 -0.45 -0.1 7 1 1 0 1 0 2 0 0 1
2026-09-05,05:58:20 GMT,V6.4 BLOCK - journal-guarded entry/recovery gate failed or signal already used
2026-09-05,05:58:20 GMT,SENTINEL V6 MULTI-WINDOW SCAN >>>
2026-09-05,05:58:20 GMT,V6.4 DIAG | 0 0 12 0.050000000000000044 0.057142857142857134 -0.04999999999999999 -0.13333333333333333 -0.30000000000000004 -0.45 -0.1 7 1 1 0 1 0 2 0 0 1
2026-09-05,05:58:20 GMT,V6.4 BLOCK - journal-guarded entry/recovery gate failed or signal already used
2026-09-05,05:58:20 GMT,SENTINEL V6 MULTI-WINDOW SCAN >>>
2026-09-05,05:58:20 GMT,V6.4 DIAG | 3 0 8 0.050000000000000044 0 -0.04999999999999999 0 -0.30000000000000004 0.35000000000000003 -0.1 6 2 1 1 0 0 2 0 0 1
2026-09-05,05:58:20 GMT,V6.4 BLOCK - journal-guarded entry/recovery gate failed or signal already used
2026-09-05,05:58:20 GMT,SENTINEL V6 MULTI-WINDOW SCAN >>>
2026-09-05,05:58:20 GMT,V6.4 DIAG | 0 0 8 0.10000000000000009 0 -0.09999999999999998 0 -0.30000000000000004 0.35000000000000003 -0.15 6 2 1 1 0 0 2 0 0 1
2026-09-05,05:58:20 GMT,V6.4 BLOCK - journal-guarded entry/recovery gate failed or signal already used
2026-09-05,05:58:20 GMT,SENTINEL V6 MULTI-WINDOW SCAN >>>
2026-09-05,05:58:20 GMT,V6.4 DIAG | 2 0 8 0.10000000000000009 0 -0.09999999999999998 0 -0.30000000000000004 0.35000000000000003 -0.15 6 2 1 1 0 0 2 0 0 1
2026-09-05,05:58:20 GMT,V6.4 BLOCK - journal-guarded entry/recovery gate failed or signal already used
2026-09-05,05:58:20 GMT,SENTINEL V6 MULTI-WINDOW SCAN >>>
2026-09-05,05:58:20 GMT,V6.4 DIAG | 6 0 7 0.10000000000000009 -0.057142857142857134 -0.09999999999999998 0.13333333333333333 0.5 0.35000000000000003 -0.15 6 2 1 1 0 0 2 0 0 1
2026-09-05,05:58:20 GMT,V6.4 BLOCK - journal-guarded entry/recovery gate failed or signal already used
2026-09-05,05:58:20 GMT,SENTINEL V6 MULTI-WINDOW SCAN >>>
2026-09-05,05:58:20 GMT,V6.4 DIAG | 8 0 7 0.15000000000000002 -0.057142857142857134 -0.14999999999999997 0.13333333333333333 0.5 0.35000000000000003 -0.2 6 2 1 1 0 0 2 0 0 1
2026-09-05,05:58:20 GMT,V6.4 BLOCK - journal-guarded entry/recovery gate failed or signal already used
2026-09-05,05:58:20 GMT,SENTINEL V6 MULTI-WINDOW SCAN >>>
2026-09-05,05:58:20 GMT,V6.4 DIAG | 5 0 8 0.15000000000000002 0 -0.14999999999999997 0 0.5 -0.2 -0.45 7 1 0 0 0 0 2 0 0 1
2026-09-05,05:58:20 GMT,V6.4 BLOCK - journal-guarded entry/recovery gate failed or signal already used
2026-09-05,05:58:20 GMT,SENTINEL V6 MULTI-WINDOW SCAN >>>
2026-09-05,05:58:20 GMT,V6.4 DIAG | 3 0 8 0.15000000000000002 0 -0.14999999999999997 0 0.5 -0.2 -0.45 7 1 0 1 0 0 2 0 0 1
2026-09-05,05:58:20 GMT,V6.4 BLOCK - journal-guarded entry/recovery gate failed or signal already used
2026-09-05,05:58:20 GMT,SENTINEL V6 MULTI-WINDOW SCAN >>>
2026-09-05,05:58:20 GMT,V6.4 DIAG | 7 0 8 0.20000000000000007 0 -0.2 0 0.5 -0.2 -0.5 6 2 0 1 0 0 2 0 0 1
2026-09-05,05:58:20 GMT,V6.4 BLOCK - journal-guarded entry/recovery gate failed or signal already used
2026-09-05,05:58:20 GMT,SENTINEL V6 MULTI-WINDOW SCAN >>>
2026-09-05,05:58:20 GMT,V6.4 DIAG | 4 0 12 0.35 0.028571428571428567 -0.35 -0.06666666666666667 0 -0.25 -0.5 7 1 0 1 1 0 2 0 0 1
2026-09-05,05:58:20 GMT,V6.4 BLOCK - journal-guarded entry/recovery gate failed or signal already used
2026-09-05,05:58:20 GMT,SENTINEL V6 MULTI-WINDOW SCAN >>>
2026-09-05,05:58:20 GMT,V6.4 DIAG | 6 1 12 0.4 0.028571428571428567 -0.4 -0.06666666666666667 0 -0.3 -0.5 7 1 0 0 1 0 2 0 0 1
2026-09-05,05:58:20 GMT,V6.4 BLOCK - journal-guarded entry/recovery gate failed or signal already used
2026-09-05,05:58:20 GMT,SENTINEL V6 MULTI-WINDOW SCAN >>>
2026-09-05,05:58:20 GMT,V6.4 DIAG | 1 0 8 0.25 0 -0.25 0 0 -0.55 0.30000000000000004 7 1 0 0 0 0 2 1 0 1
2026-09-05,05:58:20 GMT,V6.4 BLOCK - journal-guarded entry/recovery gate failed or signal already used
2026-09-05,05:58:20 GMT,SENTINEL V6 MULTI-WINDOW SCAN >>>
2026-09-05,05:58:20 GMT,V6.4 DIAG | 0 0 11 0.09999999999999998 0.028571428571428567 -0.10000000000000003 -0.06666666666666667 0 -0.55 0.05000000000000002 7 1 0 0 1 0 2 0 0 1
2026-09-05,05:58:20 GMT,V6.4 BLOCK - journal-guarded entry/recovery gate failed or signal already used
2026-09-05,05:58:20 GMT,SENTINEL V6 MULTI-WINDOW SCAN >>>
2026-09-05,05:58:20 GMT,V6.4 DIAG | 3 0 11 0.09999999999999998 0.028571428571428567 -0.10000000000000003 -0.06666666666666667 0 -0.55 0.05000000000000002 6 2 1 0 1 0 2 0 0 1
2026-09-05,05:58:20 GMT,V6.4 BLOCK - journal-guarded entry/recovery gate failed or signal already used
2026-09-05,05:58:20 GMT,SENTINEL V6 MULTI-WINDOW SCAN >>>
2026-09-05,05:58:20 GMT,V6.4 DIAG | 5 0 12 0.1499999999999999 0.028571428571428567 -0.15000000000000002 -0.06666666666666667 0 -0.55 0 5 3 1 0 1 0 2 0 0 1
2026-09-05,05:58:20 GMT,V6.4 BLOCK - journal-guarded entry/recovery gate failed or signal already used
2026-09-05,05:58:20 GMT,SENTINEL V6 MULTI-WINDOW SCAN >>>
2026-09-05,05:58:20 GMT,V6.4 DIAG | 9 0 12 0.19999999999999996 0.028571428571428567 -0.2 -0.06666666666666667 0 -0.6 0 5 3 1 1 1 0 2 0 0 1
2026-09-05,05:58:20 GMT,V6.4 BLOCK - journal-guarded entry/recovery gate failed or signal already used
2026-09-05,05:58:20 GMT,SENTINEL V6 MULTI-WINDOW SCAN >>>
2026-09-05,05:58:20 GMT,V6.4 DIAG | 1 0 8 0.30000000000000004 0 -0.3 0 0 0.20000000000000004 -0.5 6 2 1 1 0 0 2 0 0 1
2026-09-05,05:58:20 GMT,V6.4 BLOCK - journal-guarded entry/recovery gate failed or signal already used
2026-09-05,05:58:20 GMT,SENTINEL V6 MULTI-WINDOW SCAN >>>
2026-09-05,05:58:20 GMT,V6.4 DIAG | 4 0 8 0.1499999999999999 -0.028571428571428567 -0.15000000000000002 0.06666666666666667 0 -0.04999999999999999 0.30000000000000004 6 2 1 0 0 0 2 0 0 1
2026-09-05,05:58:20 GMT,V6.4 BLOCK - journal-guarded entry/recovery gate failed or signal already used
2026-09-05,05:58:20 GMT,SENTINEL V6 MULTI-WINDOW SCAN >>>
2026-09-05,05:58:20 GMT,V6.4 DIAG | 5 0 8 0.1499999999999999 -0.028571428571428567 -0.15000000000000002 0.06666666666666667 0 -0.04999999999999999 0.30000000000000004 6 2 1 0 0 0 2 0 0 1
2026-09-05,05:58:20 GMT,V6.4 BLOCK - journal-guarded entry/recovery gate failed or signal already used
2026-09-05,05:58:20 GMT,SENTINEL V6 MULTI-WINDOW SCAN >>>
2026-09-05,05:58:20 GMT,V6.4 DIAG | 3 0 5 0 0 0 0 0 -0.30000000000000004 0.30000000000000004 5 3 2 0 0 0 2 0 0 1
2026-09-05,05:58:20 GMT,V6.4 BLOCK - journal-guarded entry/recovery gate failed or signal already used
2026-09-05,05:58:20 GMT,SENTINEL V6 MULTI-WINDOW SCAN >>>
2026-09-05,05:58:20 GMT,V6.4 DIAG | 8 0 5 0 0 0 0 0 -0.30000000000000004 0.30000000000000004 5 3 2 1 0 0 2 0 0 1
2026-09-05,05:58:20 GMT,V6.4 BLOCK - journal-guarded entry/recovery gate failed or signal already used
2026-09-05,05:58:20 GMT,SENTINEL V6 MULTI-WINDOW SCAN >>>
2026-09-05,05:58:20 GMT,V6.4 DIAG | 9 0 10 0.09999999999999998 0.028571428571428567 -0.10000000000000003 -0.06666666666666667 0 -0.8 0.30000000000000004 5 3 2 0 1 0 2 0 0 1
2026-09-05,05:58:20 GMT,V6.4 BLOCK - journal-guarded entry/recovery gate failed or signal already used
2026-09-05,05:58:20 GMT,SENTINEL V6 MULTI-WINDOW SCAN >>>
2026-09-05,05:58:20 GMT,V6.4 DIAG | 3 0 10 0.04999999999999993 0.028571428571428567 -0.04999999999999999 -0.06666666666666667 0 0 -0.45 6 2 2 1 0 0 2 0 0 1
2026-09-05,05:58:20 GMT,V6.4 BLOCK - journal-guarded entry/recovery gate failed or signal already used
2026-09-05,05:58:20 GMT,SENTINEL V6 MULTI-WINDOW SCAN >>>
2026-09-05,05:58:20 GMT,V6.4 DIAG | 0 0 11 0.09999999999999998 0.028571428571428567 -0.10000000000000003 -0.06666666666666667 0 0 -0.5 6 2 2 0 1 0 2 0 0 1
2026-09-05,05:58:20 GMT,V6.4 BLOCK - journal-guarded entry/recovery gate failed or signal already used
2026-09-05,05:58:20 GMT,SENTINEL V6 MULTI-WINDOW SCAN >>>
2026-09-05,05:58:20 GMT,V6.4 DIAG | 5 0 7 0.09999999999999998 -0.028571428571428567 -0.10000000000000003 0.06666666666666667 0 0.8 -0.5 5 3 2 1 0 0 2 0 0 1
2026-09-05,05:58:20 GMT,V6.4 BLOCK - journal-guarded entry/recovery gate failed or signal already used
2026-09-05,05:58:20 GMT,SENTINEL V6 MULTI-WINDOW SCAN >>>
2026-09-05,05:58:20 GMT,V6.4 DIAG | 2 0 5 -0.050000000000000044 0 0.050000000000000044 0 0 0.8 -0.75 5 3 2 1 0 0 2 0 0 1
2026-09-05,05:58:20 GMT,V6.4 BLOCK - journal-guarded entry/recovery gate failed or signal already used
2026-09-05,05:58:20 GMT,SENTINEL V6 MULTI-WINDOW SCAN >>>
2026-09-05,05:58:20 GMT,V6.4 DIAG | 8 0 8 -0.15000000000000002 0.028571428571428574 0.15000000000000002 -0.06666666666666668 0 0.5 -0.75 5 3 2 1 0 0 2 0 0 1
2026-09-05,05:58:20 GMT,V6.4 BLOCK - journal-guarded entry/recovery gate failed or signal already used
2026-09-05,05:58:20 GMT,SENTINEL V6 MULTI-WINDOW SCAN >>>
2026-09-05,05:58:20 GMT,V6.4 DIAG | 2 0 6 -0.050000000000000044 0 0.050000000000000044 0 0 0 0.05000000000000002 5 3 1 1 0 0 2 0 0 1
2026-09-05,05:58:20 GMT,V6.4 BLOCK - journal-guarded entry/recovery gate failed or signal already used
2026-09-05,05:58:20 GMT,SENTINEL V6 MULTI-WINDOW SCAN >>>
2026-09-05,05:58:20 GMT,V6.4 DIAG | 8 0 7 -0.15000000000000002 0.028571428571428574 0.15000000000000002 -0.06666666666666668 -0.05 0 -0.20000000000000004 4 4 2 1 0 0 2 0 0 1
2026-09-05,05:58:20 GMT,V6.4 BLOCK - journal-guarded entry/recovery gate failed or signal already used
2026-09-05,05:58:20 GMT,SENTINEL V6 MULTI-WINDOW SCAN >>>
2026-09-05,05:58:20 GMT,V6.4 DIAG | 5 0 10 -0.19999999999999996 0.08571428571428572 0.2 -0.2 -0.05 -0.75 -0.20000000000000004 5 3 1 1 0 0 2 0 0 1
2026-09-05,05:58:20 GMT,V6.4 BLOCK - journal-guarded entry/recovery gate failed or signal already used
2026-09-05,05:58:20 GMT,SENTINEL V6 MULTI-WINDOW SCAN >>>
2026-09-05,05:58:20 GMT,V6.4 DIAG | 5 0 6 -0.35 0.05714285714285715 0.35 -0.13333333333333333 -0.05 -1 0.6 4 4 1 1 0 0 2 0 0 1
2026-09-05,05:58:20 GMT,V6.4 BLOCK - journal-guarded entry/recovery gate failed or signal already used
2026-09-05,05:58:20 GMT,SENTINEL V6 MULTI-WINDOW SCAN >>>
2026-09-05,05:58:20 GMT,V6.4 DIAG | 9 0 2 -0.35 0 0.35 0 -0.05 -0.20000000000000004 0.6 3 5 2 1 0 0 2 0 0 1
2026-09-05,05:58:20 GMT,V6.4 BLOCK - journal-guarded entry/recovery gate failed or signal already used
2026-09-05,05:58:20 GMT,SENTINEL V6 MULTI-WINDOW SCAN >>>
2026-09-05,05:58:20 GMT,V6.4 DIAG | 2 0 6 -0.19999999999999996 0.028571428571428574 0.2 -0.06666666666666668 -0.05 -0.20000000000000004 0.05000000000000002 3 5 3 1 0 0 2 0 0 1
2026-09-05,05:58:20 GMT,V6.4 BLOCK - journal-guarded entry/recovery gate failed or signal already used
2026-09-05,05:58:20 GMT,SENTINEL V6 MULTI-WINDOW SCAN >>>
2026-09-05,05:58:20 GMT,V6.4 DIAG | 3 0 3 -0.15000000000000002 -0.028571428571428574 0.15000000000000002 0.06666666666666668 -0.05 -0.20000000000000004 0.8 3 5 3 1 0 0 2 0 0 1
2026-09-05,05:58:20 GMT,V6.4 BLOCK - journal-guarded entry/recovery gate failed or signal already used
2026-09-05,05:58:20 GMT,SENTINEL V6 MULTI-WINDOW SCAN >>>
2026-09-05,05:58:20 GMT,V6.4 DIAG | 9 0 1 -0.29999999999999993 -0.05714285714285715 0.3 0.13333333333333333 -0.05 0.6 0.55 3 5 3 1 0 0 2 0 0 1
2026-09-05,05:58:20 GMT,V6.4 BLOCK - journal-guarded entry/recovery gate failed or signal already used
2026-09-05,05:58:20 GMT,SENTINEL V6 MULTI-WINDOW SCAN >>>
2026-09-05,05:58:20 GMT,V6.4 DIAG | 8 0 1 -0.35 -0.05714285714285715 0.35 0.13333333333333333 -0.05 1.15 0.05000000000000002 4 4 3 1 0 0 2 0 0 1
2026-09-05,05:58:20 GMT,V6.4 BLOCK - journal-guarded entry/recovery gate failed or signal already used
2026-09-05,05:58:20 GMT,SENTINEL V6 MULTI-WINDOW SCAN >>>
2026-09-05,05:58:20 GMT,V6.4 DIAG | 1 0 2 -0.25 -0.028571428571428574 0.25 0.06666666666666668 -0.05 0.65 0.05000000000000002 4 4 2 1 0 0 2 0 0 1
2026-09-05,05:58:20 GMT,V6.4 BLOCK - journal-guarded entry/recovery gate failed or signal already used
2026-09-05,05:58:20 GMT,SENTINEL V6 MULTI-WINDOW SCAN >>>
2026-09-05,05:58:20 GMT,V6.4 DIAG | 9 0 2 -0.25 -0.028571428571428574 0.25 0.06666666666666668 -0.05 0.65 0.05000000000000002 3 5 3 1 0 0 2 0 0 1
2026-09-05,05:58:20 GMT,V6.4 BLOCK - journal-guarded entry/recovery gate failed or signal already used
2026-09-05,05:58:20 GMT,SENTINEL V6 MULTI-WINDOW SCAN >>>
2026-09-05,05:58:20 GMT,V6.4 DIAG | 8 0 3 -0.15000000000000002 0 0.15000000000000002 0 -0.05 0.65 -0.45 4 4 3 1 0 0 2 0 0 1
2026-09-05,05:58:20 GMT,V6.4 BLOCK - journal-guarded entry/recovery gate failed or signal already used
2026-09-05,05:58:20 GMT,SENTINEL V6 MULTI-WINDOW SCAN >>>
2026-09-05,05:58:20 GMT,V6.4 DIAG | 8 0 4 -0.050000000000000044 -0.028571428571428567 0.04999999999999999 0.06666666666666667 -0.05 0.15000000000000002 0.35000000000000003 5 3 2 1 0 0 2 0 0 1
2026-09-05,05:58:20 GMT,V6.4 BLOCK - journal-guarded entry/recovery gate failed or signal already used
2026-09-05,05:58:20 GMT,SENTINEL V6 MULTI-WINDOW SCAN >>>
2026-09-05,05:58:20 GMT,V6.4 DIAG | 0 0 7 0.050000000000000044 -0.057142857142857134 -0.04999999999999999 0.13333333333333333 -0.05 0.45 0.35000000000000003 6 2 1 1 0 0 2 0 0 1
2026-09-05,05:58:20 GMT,V6.4 BLOCK - journal-guarded entry/recovery gate failed or signal already used
2026-09-05,05:58:20 GMT,SENTINEL V6 MULTI-WINDOW SCAN >>>
2026-09-05,05:58:20 GMT,V6.4 DIAG | 4 0 7 0.050000000000000044 -0.057142857142857134 -0.04999999999999999 0.13333333333333333 -0.05 0.45 0.35000000000000003 6 2 1 1 0 0 2 0 0 1
2026-09-05,05:58:20 GMT,V6.4 BLOCK - journal-guarded entry/recovery gate failed or signal already used
2026-09-05,05:58:20 GMT,SENTINEL V6 MULTI-WINDOW SCAN >>>
2026-09-05,05:58:20 GMT,V6.4 DIAG | 2 0 7 0.050000000000000044 -0.057142857142857134 -0.04999999999999999 0.13333333333333333 -0.05 0.45 0.35000000000000003 6 2 1 1 0 0 2 0 0 1
2026-09-05,05:58:20 GMT,V6.4 BLOCK - journal-guarded entry/recovery gate failed or signal already used
2026-09-05,05:58:20 GMT,SENTINEL V6 MULTI-WINDOW SCAN >>>
2026-09-05,05:58:20 GMT,V6.4 DIAG | 9 0 5 -0.10000000000000009 -0.028571428571428567 0.09999999999999998 0.06666666666666667 -0.05 0.45 0.1 6 2 1 1 0 0 2 0 0 1
2026-09-05,05:58:20 GMT,V6.4 BLOCK - journal-guarded entry/recovery gate failed or signal already used
2026-09-05,05:58:20 GMT,SENTINEL V6 MULTI-WINDOW SCAN >>>
2026-09-05,05:58:20 GMT,V6.4 DIAG | 8 0 6 0 0 0 0 -0.05 0.45 -0.4 7 1 1 1 0 0 2 0 0 1
2026-09-05,05:58:20 GMT,V6.4 BLOCK - journal-guarded entry/recovery gate failed or signal already used
2026-09-05,05:58:20 GMT,SENTINEL V6 MULTI-WINDOW SCAN >>>
2026-09-05,05:58:20 GMT,V6.4 DIAG | 3 0 12 0.09999999999999998 0.028571428571428567 -0.1 -0.06666666666666667 -0.05 -0.05 -0.4 7 1 0 0 0 0 2 0 0 1
2026-09-05,05:58:20 GMT,V6.4 BLOCK - journal-guarded entry/recovery gate failed or signal already used
2026-09-05,05:58:20 GMT,SENTINEL V6 MULTI-WINDOW SCAN >>>
2026-09-05,05:58:20 GMT,V6.4 DIAG | 5 0 10 0 0.057142857142857134 0 -0.13333333333333333 -0.05 -0.30000000000000004 -0.45 7 1 0 0 0 0 2 0 0 1
2026-09-05,05:58:20 GMT,V6.4 BLOCK - journal-guarded entry/recovery gate failed or signal already used
2026-09-05,05:58:20 GMT,SENTINEL V6 MULTI-WINDOW SCAN >>>
2026-09-05,05:58:20 GMT,V6.4 DIAG | 4 0 12 0.050000000000000044 0.057142857142857134 -0.04999999999999999 -0.13333333333333333 -0.05 -0.30000000000000004 -0.5 7 1 0 0 1 0 2 0 0 1
2026-09-05,05:58:20 GMT,V6.4 BLOCK - journal-guarded entry/recovery gate failed or signal already used
2026-09-05,05:58:20 GMT,SENTINEL V6 MULTI-WINDOW SCAN >>>
2026-09-05,05:58:20 GMT,V6.4 DIAG | 5 0 9 -0.050000000000000044 0.028571428571428567 0.04999999999999999 -0.06666666666666667 -0.30000000000000004 -0.35000000000000003 0.30000000000000004 6 2 1 1 0 0 2 0 0 1
2026-09-05,05:58:20 GMT,V6.4 BLOCK - journal-guarded entry/recovery gate failed or signal already used
2026-09-05,05:58:20 GMT,SENTINEL V6 MULTI-WINDOW SCAN >>>
2026-09-05,05:58:20 GMT,V6.4 DIAG | 1 0 9 -0.050000000000000044 0.028571428571428567 0.04999999999999999 -0.06666666666666667 -0.30000000000000004 -0.35000000000000003 0.30000000000000004 6 2 1 1 0 0 2 0 0 1
2026-09-05,05:58:20 GMT,V6.4 BLOCK - journal-guarded entry/recovery gate failed or signal already used
2026-09-05,05:58:20 GMT,SENTINEL V6 MULTI-WINDOW SCAN >>>
2026-09-05,05:58:20 GMT,V6.4 DIAG | 1 0 9 0 0.028571428571428567 0 -0.06666666666666667 -0.30000000000000004 -0.4 0.30000000000000004 5 3 1 0 0 0 2 0 0 1
2026-09-05,05:58:20 GMT,V6.4 BLOCK - journal-guarded entry/recovery gate failed or signal already used
2026-09-05,05:58:20 GMT,SENTINEL V6 MULTI-WINDOW SCAN >>>
2026-09-05,05:58:20 GMT,V6.4 DIAG | 1 0 6 0.04999999999999993 -0.028571428571428567 -0.04999999999999999 0.06666666666666667 -0.30000000000000004 0.4 0.25 5 3 1 1 0 0 2 0 0 1
2026-09-05,05:58:20 GMT,V6.4 BLOCK - journal-guarded entry/recovery gate failed or signal already used
2026-09-05,05:58:20 GMT,SENTINEL V6 MULTI-WINDOW SCAN >>>
2026-09-05,05:58:20 GMT,V6.4 DIAG | 9 0 6 -0.09999999999999998 0 0.10000000000000003 0 -0.30000000000000004 0.4 0 5 3 1 1 0 0 2 0 0 1
2026-09-05,05:58:20 GMT,V6.4 BLOCK - journal-guarded entry/recovery gate failed or signal already used
2026-09-05,05:58:20 GMT,SENTINEL V6 MULTI-WINDOW SCAN >>>
2026-09-05,05:58:20 GMT,V6.4 DIAG | 2 0 5 -0.15000000000000002 0 0.15000000000000002 0 0.5 0.4 -0.75 6 2 1 1 0 0 2 0 0 1
2026-09-05,05:58:20 GMT,V6.4 BLOCK - journal-guarded entry/recovery gate failed or signal already used
2026-09-05,05:58:20 GMT,SENTINEL V6 MULTI-WINDOW SCAN >>>
2026-09-05,05:58:20 GMT,V6.4 DIAG | 3 0 5 -0.15000000000000002 0 0.15000000000000002 0 0.5 0.4 -0.75 5 3 1 1 0 0 2 0 0 1
2026-09-05,05:58:20 GMT,V6.4 BLOCK - journal-guarded entry/recovery gate failed or signal already used
2026-09-05,05:58:20 GMT,SENTINEL V6 MULTI-WINDOW SCAN >>>
2026-09-05,05:58:20 GMT,V6.4 DIAG | 8 0 3 -0.15000000000000002 0 0.15000000000000002 0 0.5 0.4 -0.75 4 4 1 1 0 0 2 0 0 1
2026-09-05,05:58:20 GMT,V6.4 BLOCK - journal-guarded entry/recovery gate failed or signal already used
2026-09-05,05:58:20 GMT,SENTINEL V6 MULTI-WINDOW SCAN >>>
2026-09-05,05:58:20 GMT,V6.4 DIAG | 0 0 9 -0.050000000000000044 0.028571428571428567 0.04999999999999999 -0.06666666666666667 0.5 -0.1 -0.75 5 3 0 1 0 0 2 0 0 1
2026-09-05,05:58:20 GMT,V6.4 BLOCK - journal-guarded entry/recovery gate failed or signal already used
2026-09-05,05:58:20 GMT,SENTINEL V6 MULTI-WINDOW SCAN >>>
2026-09-05,05:58:20 GMT,V6.4 DIAG | 7 0 5 -0.050000000000000044 -0.028571428571428567 0.04999999999999999 0.06666666666666667 0.5 -0.1 0.05000000000000002 5 3 0 1 0 0 2 0 0 1
2026-09-05,05:58:20 GMT,V6.4 BLOCK - journal-guarded entry/recovery gate failed or signal already used
2026-09-05,05:58:20 GMT,SENTINEL V6 MULTI-WINDOW SCAN >>>
2026-09-05,05:58:20 GMT,V6.4 DIAG | 4 0 8 0.050000000000000044 -0.057142857142857134 -0.04999999999999999 0.13333333333333333 0 -0.1 0.8500000000000001 6 2 0 0 0 0 2 0 0 1
2026-09-05,05:58:20 GMT,V6.4 BLOCK - journal-guarded entry/recovery gate failed or signal already used
2026-09-05,05:58:20 GMT,SENTINEL V6 MULTI-WINDOW SCAN >>>
2026-09-05,05:58:20 GMT,V6.4 DIAG | 6 0 8 0.050000000000000044 -0.057142857142857134 -0.04999999999999999 0.13333333333333333 0 -0.1 0.8500000000000001 6 2 0 0 0 0 2 0 0 1
2026-09-05,05:58:20 GMT,V6.4 BLOCK - journal-guarded entry/recovery gate failed or signal already used
2026-09-05,05:58:20 GMT,SENTINEL V6 MULTI-WINDOW SCAN >>>
2026-09-05,05:58:20 GMT,V6.4 DIAG | 2 0 8 0.050000000000000044 -0.057142857142857134 -0.04999999999999999 0.13333333333333333 0 -0.1 0.8500000000000001 6 2 0 0 0 0 2 0 0 1
2026-09-05,05:58:20 GMT,V6.4 BLOCK - journal-guarded entry/recovery gate failed or signal already used
2026-09-05,05:58:20 GMT,SENTINEL V6 MULTI-WINDOW SCAN >>>
2026-09-05,05:58:20 GMT,V6.4 DIAG | 9 0 8 0.10000000000000009 -0.057142857142857134 -0.09999999999999998 0.13333333333333333 -0.05 -0.1 0.8500000000000001 6 2 0 1 0 0 2 0 0 1
2026-09-05,05:58:20 GMT,V6.4 BLOCK - journal-guarded entry/recovery gate failed or signal already used
2026-09-05,05:58:20 GMT,SENTINEL V6 MULTI-WINDOW SCAN >>>
2026-09-05,05:58:20 GMT,V6.4 DIAG | 9 0 8 0.20000000000000007 -0.028571428571428567 -0.19999999999999998 0.06666666666666667 -0.05 -0.1 0.35000000000000003 7 1 0 1 0 0 2 0 0 1
2026-09-05,05:58:20 GMT,V6.4 BLOCK - journal-guarded entry/recovery gate failed or signal already used
2026-09-05,05:58:20 GMT,SENTINEL V6 MULTI-WINDOW SCAN >>>
2026-09-05,05:58:20 GMT,V6.4 DIAG | 3 0 9 0.30000000000000004 0 -0.3 0 -0.05 -0.1 -0.15 8 0 0 0 0 0 2 0 0 1
2026-09-05,05:58:20 GMT,V6.4 BLOCK - journal-guarded entry/recovery gate failed or signal already used
2026-09-05,05:58:20 GMT,SENTINEL V6 MULTI-WINDOW SCAN >>>
2026-09-05,05:58:20 GMT,V6.4 DIAG | 5 1 9 0.35 0 -0.35 0 -0.05 -0.15 -0.15 8 0 0 1 0 0 2 0 0 1
2026-09-05,05:58:20 GMT,V6.4 BLOCK - journal-guarded entry/recovery gate failed or signal already used
2026-09-05,05:58:20 GMT,SENTINEL V6 MULTI-WINDOW SCAN >>>
2026-09-05,05:58:20 GMT,V6.4 DIAG | 5 0 9 0.4 0 -0.4 0 -0.1 -0.15 -0.15 8 0 0 0 0 0 2 1 0 1
2026-09-05,05:58:20 GMT,V6.4 BLOCK - journal-guarded entry/recovery gate failed or signal already used
2026-09-05,05:58:20 GMT,SENTINEL V6 MULTI-WINDOW SCAN >>>
2026-09-05,05:58:20 GMT,V6.4 DIAG | 6 0 12 0.25 0.028571428571428567 -0.24999999999999997 -0.06666666666666667 -0.1 -0.15 -0.4 8 0 0 0 0 0 2 0 0 1
2026-09-05,05:58:20 GMT,V6.4 BLOCK - journal-guarded entry/recovery gate failed or signal already used
2026-09-05,05:58:20 GMT,SENTINEL V6 MULTI-WINDOW SCAN >>>
2026-09-05,05:58:20 GMT,V6.4 DIAG | 4 0 12 0.10000000000000009 0.057142857142857134 -0.09999999999999998 -0.13333333333333333 -0.1 -0.15 -0.65 8 0 0 0 0 0 2 0 0 1
2026-09-05,05:58:20 GMT,V6.4 BLOCK - journal-guarded entry/recovery gate failed or signal already used
2026-09-05,05:58:20 GMT,SENTINEL V6 MULTI-WINDOW SCAN >>>
2026-09-05,05:58:20 GMT,V6.4 DIAG | 1 0 10 -0.050000000000000044 0.08571428571428572 0.04999999999999999 -0.2 -0.1 -0.4 -0.65 7 1 0 1 0 0 2 0 0 1
2026-09-05,05:58:20 GMT,V6.4 BLOCK - journal-guarded entry/recovery gate failed or signal already used
2026-09-05,05:58:20 GMT,SENTINEL V6 MULTI-WINDOW SCAN >>>
2026-09-05,05:58:20 GMT,V6.4 DIAG | 0 0 10 0 0.08571428571428572 0 -0.2 -0.1 -0.4 -0.7000000000000001 6 2 0 1 0 0 2 0 0 1
2026-09-05,05:58:20 GMT,V6.4 BLOCK - journal-guarded entry/recovery gate failed or signal already used
2026-09-05,05:58:20 GMT,SENTINEL V6 MULTI-WINDOW SCAN >>>
2026-09-05,05:58:20 GMT,V6.4 DIAG | 4 0 10 -0.15000000000000002 0.11428571428571428 0.15000000000000002 -0.26666666666666666 -0.1 -0.65 -0.7000000000000001 5 3 1 1 0 0 2 0 0 1
2026-09-05,05:58:20 GMT,V6.4 BLOCK - journal-guarded entry/recovery gate failed or signal already used
2026-09-05,05:58:20 GMT,SENTINEL V6 MULTI-WINDOW SCAN >>>
2026-09-05,05:58:20 GMT,V6.4 DIAG | 0 0 10 -0.30000000000000004 0.08571428571428572 0.3 -0.2 -0.1 -0.65 -0.15000000000000002 5 3 1 1 0 0 2 0 0 1
2026-09-05,05:58:20 GMT,V6.4 BLOCK - journal-guarded entry/recovery gate failed or signal already used
2026-09-05,05:58:20 GMT,SENTINEL V6 MULTI-WINDOW SCAN >>>
2026-09-05,05:58:20 GMT,V6.4 DIAG | 2 0 6 -0.25 0.028571428571428574 0.25 -0.06666666666666668 -0.1 -0.7000000000000001 0.65 4 4 2 1 0 0 2 0 0 1
2026-09-05,05:58:20 GMT,V6.4 BLOCK - journal-guarded entry/recovery gate failed or signal already used
2026-09-05,05:58:20 GMT,SENTINEL V6 MULTI-WINDOW SCAN >>>
2026-09-05,05:58:20 GMT,V6.4 DIAG | 2 0 2 -0.25 -0.028571428571428574 0.25 0.06666666666666668 -0.1 0.1 0.65 3 5 2 1 0 0 2 0 0 1
2026-09-05,05:58:20 GMT,V6.4 BLOCK - journal-guarded entry/recovery gate failed or signal already used
2026-09-05,05:58:20 GMT,SENTINEL V6 MULTI-WINDOW SCAN >>>
2026-09-05,05:58:20 GMT,V6.4 DIAG | 2 0 2 -0.19999999999999996 -0.028571428571428574 0.2 0.06666666666666668 -0.15 0.1 0.65 3 5 2 1 0 0 2 0 0 1
2026-09-05,05:58:20 GMT,V6.4 BLOCK - journal-guarded entry/recovery gate failed or signal already used
2026-09-05,05:58:20 GMT,SENTINEL V6 MULTI-WINDOW SCAN >>>
2026-09-05,05:58:20 GMT,V6.4 DIAG | 9 0 2 -0.15000000000000002 -0.08571428571428572 0.15000000000000002 0.2 -0.15 0.8500000000000001 0.65 3 5 2 1 0 0 2 0 0 1
2026-09-05,05:58:20 GMT,V6.4 BLOCK - journal-guarded entry/recovery gate failed or signal already used
2026-09-05,05:58:20 GMT,SENTINEL V6 MULTI-WINDOW SCAN >>>
2026-09-05,05:58:20 GMT,V6.4 DIAG | 9 0 2 0 -0.11428571428571428 0 0.26666666666666666 -0.15 0.8 0.9500000000000001 4 4 2 1 0 0 2 0 0 1
2026-09-05,05:58:20 GMT,V6.4 BLOCK - journal-guarded entry/recovery gate failed or signal already used
2026-09-05,05:58:20 GMT,SENTINEL V6 MULTI-WINDOW SCAN >>>
2026-09-05,05:58:20 GMT,V6.4 DIAG | 8 0 6 0.1499999999999999 -0.08571428571428572 -0.15000000000000002 0.2 -0.15 0.75 0.45 5 3 2 1 0 0 2 0 0 1
2026-09-05,05:58:20 GMT,V6.4 BLOCK - journal-guarded entry/recovery gate failed or signal already used
2026-09-05,05:58:20 GMT,SENTINEL V6 MULTI-WINDOW SCAN >>>
2026-09-05,05:58:20 GMT,V6.4 DIAG | 4 0 7 0.25 -0.057142857142857134 -0.25 0.13333333333333333 -0.15 0.25 0.45 6 2 1 1 0 0 2 0 0 1
2026-09-05,05:58:20 GMT,V6.4 BLOCK - journal-guarded entry/recovery gate failed or signal already used
2026-09-05,05:58:20 GMT,SENTINEL V6 MULTI-WINDOW SCAN >>>
2026-09-05,05:58:20 GMT,V6.4 DIAG | 8 0 7 0.25 -0.057142857142857134 -0.25 0.13333333333333333 -0.15 0.25 0.45 6 2 1 1 0 0 2 0 0 1
2026-09-05,05:58:20 GMT,V6.4 BLOCK - journal-guarded entry/recovery gate failed or signal already used
2026-09-05,05:58:20 GMT,SENTINEL V6 MULTI-WINDOW SCAN >>>
2026-09-05,05:58:20 GMT,V6.4 DIAG | 9 0 8 0.35 -0.028571428571428567 -0.35 0.06666666666666667 -0.15 -0.25 0.45 7 1 0 0 0 0 2 0 0 1
2026-09-05,05:58:20 GMT,V6.4 BLOCK - journal-guarded entry/recovery gate failed or signal already used
2026-09-05,05:58:20 GMT,SENTINEL V6 MULTI-WINDOW SCAN >>>
2026-09-05,05:58:20 GMT,V6.4 DIAG | 1 0 12 0.30000000000000004 0.028571428571428567 -0.30000000000000004 -0.06666666666666667 -0.4 -0.25 -0.05 8 0 0 0 1 0 2 1 0 1
2026-09-05,05:58:20 GMT,V6.4 BLOCK - journal-guarded entry/recovery gate failed or signal already used
2026-09-05,05:58:20 GMT,SENTINEL V6 MULTI-WINDOW SCAN >>>
2026-09-05,05:58:20 GMT,V6.4 DIAG | 4 0 12 0.30000000000000004 0.028571428571428567 -0.30000000000000004 -0.06666666666666667 -0.4 -0.25 -0.05 8 0 0 0 1 0 2 0 0 1
2026-09-05,05:58:20 GMT,V6.4 BLOCK - journal-guarded entry/recovery gate failed or signal already used
2026-09-05,05:58:20 GMT,SENTINEL V6 MULTI-WINDOW SCAN >>>
2026-09-05,05:58:20 GMT,V6.4 DIAG | 5 0 12 0.30000000000000004 0.028571428571428567 -0.30000000000000004 -0.06666666666666667 -0.4 -0.25 -0.05 7 1 0 0 0 0 2 0 0 1
2026-09-05,05:58:20 GMT,V6.4 BLOCK - journal-guarded entry/recovery gate failed or signal already used
2026-09-05,05:58:20 GMT,SENTINEL V6 MULTI-WINDOW SCAN >>>
2026-09-05,05:58:20 GMT,V6.4 DIAG | 5 0 12 0.15000000000000002 0.057142857142857134 -0.14999999999999997 -0.13333333333333333 -0.4 -0.5 -0.05 7 1 0 0 0 0 2 0 0 1
2026-09-05,05:58:20 GMT,V6.4 BLOCK - journal-guarded entry/recovery gate failed or signal already used
2026-09-05,05:58:20 GMT,SENTINEL V6 MULTI-WINDOW SCAN >>>
2026-09-05,05:58:20 GMT,V6.4 DIAG | 2 0 10 0 0.08571428571428572 0 -0.2 -0.65 -0.5 -0.05 7 1 0 0 0 0 2 0 0 1
2026-09-05,05:58:20 GMT,V6.4 BLOCK - journal-guarded entry/recovery gate failed or signal already used
2026-09-05,05:58:20 GMT,SENTINEL V6 MULTI-WINDOW SCAN >>>
2026-09-05,05:58:20 GMT,V6.4 DIAG | 1 0 9 0 0.028571428571428567 0 -0.06666666666666667 0.15000000000000002 -0.5 -0.05 6 2 1 0 0 0 2 0 0 1
2026-09-05,05:58:20 GMT,V6.4 BLOCK - journal-guarded entry/recovery gate failed or signal already used
2026-09-05,05:58:20 GMT,SENTINEL V6 MULTI-WINDOW SCAN >>>
2026-09-05,05:58:20 GMT,V6.4 DIAG | 2 0 9 0 0.028571428571428567 0 -0.06666666666666667 0.15000000000000002 -0.5 -0.05 5 3 1 0 0 0 2 0 0 1
2026-09-05,05:58:20 GMT,V6.4 BLOCK - journal-guarded entry/recovery gate failed or signal already used
2026-09-05,05:58:20 GMT,SENTINEL V6 MULTI-WINDOW SCAN >>>
2026-09-05,05:58:20 GMT,V6.4 DIAG | 5 0 9 0 0.028571428571428567 0 -0.06666666666666667 0.15000000000000002 -0.5 -0.05 5 3 1 0 0 0 2 0 0 1
2026-09-05,05:58:20 GMT,V6.4 BLOCK - journal-guarded entry/recovery gate failed or signal already used
2026-09-05,05:58:20 GMT,SENTINEL V6 MULTI-WINDOW SCAN >>>
2026-09-05,05:58:20 GMT,V6.4 DIAG | 0 0 5 -0.15000000000000002 0 0.15000000000000002 0 0.15000000000000002 0.30000000000000004 -0.30000000000000004 5 3 1 1 0 0 2 0 0 1
2026-09-05,05:58:20 GMT,V6.4 BLOCK - journal-guarded entry/recovery gate failed or signal already used
2026-09-05,05:58:20 GMT,SENTINEL V6 MULTI-WINDOW SCAN >>>
2026-09-05,05:58:20 GMT,V6.4 DIAG | 7 0 5 -0.09999999999999998 -0.05714285714285714 0.10000000000000003 0.13333333333333336 0.9500000000000001 0.30000000000000004 -0.35000000000000003 5 3 1 1 0 0 2 0 0 1
2026-09-05,05:58:20 GMT,V6.4 BLOCK - journal-guarded entry/recovery gate failed or signal already used
2026-09-05,05:58:20 GMT,SENTINEL V6 MULTI-WINDOW SCAN >>>
2026-09-05,05:58:20 GMT,V6.4 DIAG | 0 0 6 0.04999999999999993 -0.028571428571428567 -0.04999999999999999 0.06666666666666667 0.45 0.30000000000000004 -0.4 5 3 1 1 0 0 2 0 0 1
2026-09-05,05:58:20 GMT,V6.4 BLOCK - journal-guarded entry/recovery gate failed or signal already used
2026-09-05,05:58:20 GMT,SENTINEL V6 MULTI-WINDOW SCAN >>>
2026-09-05,05:58:20 GMT,V6.4 DIAG | 1 0 5 -0.09999999999999998 0 0.10000000000000003 0 0.45 0.05000000000000002 -0.4 5 3 1 1 0 0 2 0 0 1
2026-09-05,05:58:20 GMT,V6.4 BLOCK - journal-guarded entry/recovery gate failed or signal already used
2026-09-05,05:58:20 GMT,SENTINEL V6 MULTI-WINDOW SCAN >>>
2026-09-05,05:58:20 GMT,V6.4 DIAG | 8 0 5 -0.09999999999999998 0 0.10000000000000003 0 0.45 0.05000000000000002 -0.4 5 3 1 1 0 0 2 0 0 1
2026-09-05,05:58:20 GMT,V6.4 BLOCK - journal-guarded entry/recovery gate failed or signal already used
2026-09-05,05:58:20 GMT,SENTINEL V6 MULTI-WINDOW SCAN >>>
2026-09-05,05:58:20 GMT,V6.4 DIAG | 7 0 5 -0.15000000000000002 0 0.15000000000000002 0 0.2 -0.45 0.4 5 3 1 1 0 0 2 0 0 1
2026-09-05,05:58:20 GMT,V6.4 BLOCK - journal-guarded entry/recovery gate failed or signal already used
2026-09-05,05:58:20 GMT,SENTINEL V6 MULTI-WINDOW SCAN >>>
2026-09-05,05:58:20 GMT,V6.4 DIAG | 6 0 9 -0.20000000000000007 0.05714285714285714 0.2 -0.13333333333333336 -0.30000000000000004 -0.7000000000000001 0.4 6 2 1 1 0 0 2 0 0 1
2026-09-05,05:58:20 GMT,V6.4 BLOCK - journal-guarded entry/recovery gate failed or signal already used
2026-09-05,05:58:20 GMT,SENTINEL V6 MULTI-WINDOW SCAN >>>
2026-09-05,05:58:20 GMT,V6.4 DIAG | 2 0 9 -0.35 0.08571428571428572 0.35 -0.2 -0.30000000000000004 -0.95 0.4 5 3 1 1 0 0 2 0 0 1
2026-09-05,05:58:20 GMT,V6.4 BLOCK - journal-guarded entry/recovery gate failed or signal already used
2026-09-05,05:58:20 GMT,SENTINEL V6 MULTI-WINDOW SCAN >>>
2026-09-05,05:58:20 GMT,V6.4 DIAG | 3 0 5 -0.5 0.05714285714285715 0.5 -0.13333333333333333 -0.30000000000000004 -0.3999999999999999 0.4 4 4 2 1 0 0 2 0 0 1
2026-09-05,05:58:20 GMT,V6.4 BLOCK - journal-guarded entry/recovery gate failed or signal already used
2026-09-05,05:58:20 GMT,SENTINEL V6 MULTI-WINDOW SCAN >>>
2026-09-05,05:58:20 GMT,V6.4 DIAG | 9 0 5 -0.5 0.05714285714285715 0.5 -0.13333333333333333 -0.30000000000000004 -0.3999999999999999 0.4 3 5 3 1 0 0 2 0 0 1
2026-09-05,05:58:20 GMT,V6.4 BLOCK - journal-guarded entry/recovery gate failed or signal already used
2026-09-05,05:58:20 GMT,SENTINEL V6 MULTI-WINDOW SCAN >>>
2026-09-05,05:58:20 GMT,V6.4 DIAG | 1 0 6 -0.4 0.028571428571428574 0.4 -0.06666666666666668 0.5 -0.3999999999999999 -0.1 3 5 4 1 0 0 2 0 0 1
2026-09-05,05:58:20 GMT,V6.4 BLOCK - journal-guarded entry/recovery gate failed or signal already used
2026-09-05,05:58:20 GMT,SENTINEL V6 MULTI-WINDOW SCAN >>>
2026-09-05,05:58:20 GMT,V6.4 DIAG | 1 0 2 -0.4 -0.028571428571428574 0.4 0.06666666666666668 0.5 0.4 -0.1 3 5 4 1 0 0 2 0 0 1
2026-09-05,05:58:20 GMT,V6.4 BLOCK - journal-guarded entry/recovery gate failed or signal already used
2026-09-05,05:58:20 GMT,SENTINEL V6 MULTI-WINDOW SCAN >>>
2026-09-05,05:58:20 GMT,V6.4 DIAG | 8 0 2 -0.4 -0.08571428571428572 0.4 0.2 0.5 1.2 -0.1 3 5 4 1 0 0 2 0 0 1
2026-09-05,05:58:20 GMT,V6.4 BLOCK - journal-guarded entry/recovery gate failed or signal already used
2026-09-05,05:58:20 GMT,SENTINEL V6 MULTI-WINDOW SCAN >>>
2026-09-05,05:58:20 GMT,V6.4 DIAG | 6 0 2 -0.30000000000000004 -0.11428571428571428 0.30000000000000004 0.26666666666666666 0.5 1.5 -0.1 4 4 3 1 0 0 2 0 0 1
2026-09-05,05:58:20 GMT,V6.4 BLOCK - journal-guarded entry/recovery gate failed or signal already used
2026-09-05,05:58:20 GMT,SENTINEL V6 MULTI-WINDOW SCAN >>>
2026-09-05,05:58:20 GMT,V6.4 DIAG | 7 0 2 -0.30000000000000004 -0.11428571428571428 0.30000000000000004 0.26666666666666666 0.5 1.5 -0.1 4 4 3 1 0 0 2 0 0 1
2026-09-05,05:58:20 GMT,V6.4 BLOCK - journal-guarded entry/recovery gate failed or signal already used
2026-09-05,05:58:20 GMT,SENTINEL V6 MULTI-WINDOW SCAN >>>
2026-09-05,05:58:20 GMT,V6.4 DIAG | 8 0 5 -0.20000000000000007 -0.08571428571428572 0.19999999999999998 0.2 0 1.5 -0.1 5 3 3 1 0 0 2 0 0 1
2026-09-05,05:58:20 GMT,V6.4 BLOCK - journal-guarded entry/recovery gate failed or signal already used
2026-09-05,05:58:20 GMT,SENTINEL V6 MULTI-WINDOW SCAN >>>
2026-09-05,05:58:20 GMT,V6.4 DIAG | 8 0 5 -0.09999999999999998 -0.057142857142857134 0.1 0.13333333333333333 0 1 -0.1 6 2 2 1 0 0 2 0 0 1
2026-09-05,05:58:20 GMT,V6.4 BLOCK - journal-guarded entry/recovery gate failed or signal already used
2026-09-05,05:58:20 GMT,SENTINEL V6 MULTI-WINDOW SCAN >>>
2026-09-05,05:58:20 GMT,V6.4 DIAG | 8 0 6 0 -0.028571428571428567 0 0.06666666666666667 0 0.5 -0.1 7 1 1 1 0 0 2 0 0 1
2026-09-05,05:58:20 GMT,V6.4 BLOCK - journal-guarded entry/recovery gate failed or signal already used
2026-09-05,05:58:20 GMT,SENTINEL V6 MULTI-WINDOW SCAN >>>
2026-09-05,05:58:20 GMT,V6.4 DIAG | 4 1 9 0.09999999999999998 0 -0.1 0 0 0 -0.1 8 0 0 0 0 0 2 1 0 1
2026-09-05,05:58:20 GMT,V6.4 BLOCK - journal-guarded entry/recovery gate failed or signal already used
2026-09-05,05:58:20 GMT,SENTINEL V6 MULTI-WINDOW SCAN >>>
2026-09-05,05:58:20 GMT,V6.4 DIAG | 4 0 9 0.09999999999999998 0 -0.1 0 0 0 -0.1 8 0 0 0 0 0 2 1 0 1
2026-09-05,05:58:20 GMT,V6.4 BLOCK - journal-guarded entry/recovery gate failed or signal already used
2026-09-05,05:58:20 GMT,SENTINEL V6 MULTI-WINDOW SCAN >>>
2026-09-05,05:58:20 GMT,V6.4 DIAG | 0 0 9 0.09999999999999998 0 -0.1 0 0 0 -0.1 8 0 0 0 0 0 2 0 0 1
2026-09-05,05:58:20 GMT,V6.4 BLOCK - journal-guarded entry/recovery gate failed or signal already used
2026-09-05,05:58:20 GMT,SENTINEL V6 MULTI-WINDOW SCAN >>>
2026-09-05,05:58:20 GMT,V6.4 DIAG | 2 0 10 -0.04999999999999993 0.028571428571428567 0.05 -0.06666666666666667 0 0 -0.35000000000000003 8 0 0 1 0 0 2 0 0 1
2026-09-05,05:58:20 GMT,V6.4 BLOCK - journal-guarded entry/recovery gate failed or signal already used
2026-09-05,05:58:20 GMT,SENTINEL V6 MULTI-WINDOW SCAN >>>
2026-09-05,05:58:20 GMT,V6.4 DIAG | 0 0 10 -0.1499999999999999 0.057142857142857134 0.15000000000000002 -0.13333333333333333 -0.05 0 -0.6000000000000001 8 0 0 1 0 0 2 0 0 1
2026-09-05,05:58:20 GMT,V6.4 BLOCK - journal-guarded entry/recovery gate failed or signal already used
2026-09-05,05:58:20 GMT,SENTINEL V6 MULTI-WINDOW SCAN >>>
2026-09-05,05:58:20 GMT,V6.4 DIAG | 0 0 10 -0.1499999999999999 0.057142857142857134 0.15000000000000002 -0.13333333333333333 -0.05 0 -0.6000000000000001 7 1 0 1 0 0 2 0 0 1
2026-09-05,05:58:20 GMT,V6.4 BLOCK - journal-guarded entry/recovery gate failed or signal already used
2026-09-05,05:58:20 GMT,SENTINEL V6 MULTI-WINDOW SCAN >>>
2026-09-05,05:58:20 GMT,V6.4 DIAG | 4 0 10 -0.09999999999999998 0.057142857142857134 0.1 -0.13333333333333333 -0.05 0 -0.65 6 2 0 1 0 0 2 0 0 1
2026-09-05,05:58:20 GMT,V6.4 BLOCK - journal-guarded entry/recovery gate failed or signal already used
2026-09-05,05:58:20 GMT,SENTINEL V6 MULTI-WINDOW SCAN >>>
2026-09-05,05:58:20 GMT,V6.4 DIAG | 5 0 10 -0.04999999999999993 0.057142857142857134 0.05000000000000002 -0.13333333333333333 -0.05 0 -0.7000000000000001 6 2 0 1 0 0 2 0 0 1
2026-09-05,05:58:20 GMT,V6.4 BLOCK - journal-guarded entry/recovery gate failed or signal already used
2026-09-05,05:58:20 GMT,SENTINEL V6 MULTI-WINDOW SCAN >>>
2026-09-05,05:58:20 GMT,V6.4 DIAG | 0 0 6 0 0 0 0 -0.05 -0.05 0.1 6 2 0 0 0 0 2 0 0 1
2026-09-05,05:58:20 GMT,V6.4 BLOCK - journal-guarded entry/recovery gate failed or signal already used
2026-09-05,05:58:20 GMT,SENTINEL V6 MULTI-WINDOW SCAN >>>
2026-09-05,05:58:20 GMT,V6.4 DIAG | 1 0 6 0 -0.057142857142857134 0 0.13333333333333333 -0.05 -0.05 0.9 6 2 0 0 0 0 2 0 0 1
2026-09-05,05:58:20 GMT,V6.4 BLOCK - journal-guarded entry/recovery gate failed or signal already used
2026-09-05,05:58:20 GMT,SENTINEL V6 MULTI-WINDOW SCAN >>>
2026-09-05,05:58:20 GMT,V6.4 DIAG | 6 0 6 0 -0.057142857142857134 0 0.13333333333333333 -0.05 -0.05 0.9 6 2 0 0 0 0 2 0 0 1
2026-09-05,05:58:20 GMT,V6.4 BLOCK - journal-guarded entry/recovery gate failed or signal already used
2026-09-05,05:58:20 GMT,SENTINEL V6 MULTI-WINDOW SCAN >>>
2026-09-05,05:58:20 GMT,V6.4 DIAG | 1 0 6 0 -0.057142857142857134 0 0.13333333333333333 -0.05 -0.05 0.9 6 2 0 0 0 0 2 0 0 1
2026-09-05,05:58:20 GMT,V6.4 BLOCK - journal-guarded entry/recovery gate failed or signal already used
2026-09-05,05:58:20 GMT,SENTINEL V6 MULTI-WINDOW SCAN >>>
2026-09-05,05:58:20 GMT,V6.4 DIAG | 9 0 6 0 -0.057142857142857134 0 0.13333333333333333 -0.05 -0.05 0.9 6 2 0 1 0 0 2 0 0 1
2026-09-05,05:58:20 GMT,V6.4 BLOCK - journal-guarded entry/recovery gate failed or signal already used
2026-09-05,05:58:20 GMT,SENTINEL V6 MULTI-WINDOW SCAN >>>
2026-09-05,05:58:20 GMT,V6.4 DIAG | 9 0 8 0.15000000000000002 -0.028571428571428567 -0.15 0.06666666666666667 -0.05 -0.1 0.4 7 1 0 1 0 0 2 0 0 1
2026-09-05,05:58:20 GMT,V6.4 BLOCK - journal-guarded entry/recovery gate failed or signal already used
2026-09-05,05:58:20 GMT,SENTINEL V6 MULTI-WINDOW SCAN >>>
2026-09-05,05:58:20 GMT,V6.4 DIAG | 0 0 9 0.25 0 -0.25 0 -0.05 -0.1 -0.1 8 0 0 0 0 0 2 0 0 1
2026-09-05,05:58:20 GMT,V6.4 BLOCK - journal-guarded entry/recovery gate failed or signal already used
2026-09-05,05:58:20 GMT,SENTINEL V6 MULTI-WINDOW SCAN >>>
2026-09-05,05:58:20 GMT,V6.4 DIAG | 5 1 9 0.25 0 -0.25 0 -0.05 -0.1 -0.1 8 0 0 0 0 0 2 0 0 1
2026-09-05,05:58:20 GMT,V6.4 BLOCK - journal-guarded entry/recovery gate failed or signal already used
2026-09-05,05:58:20 GMT,SENTINEL V6 MULTI-WINDOW SCAN >>>
2026-09-05,05:58:20 GMT,V6.4 DIAG | 6 1 9 0.30000000000000004 0 -0.3 0 -0.05 -0.15 -0.1 8 0 0 0 0 0 2 1 0 1
2026-09-05,05:58:20 GMT,V6.4 BLOCK - journal-guarded entry/recovery gate failed or signal already used
2026-09-05,05:58:20 GMT,SENTINEL V6 MULTI-WINDOW SCAN >>>
2026-09-05,05:58:20 GMT,V6.4 DIAG | 3 1 9 0.30000000000000004 0 -0.3 0 -0.05 -0.15 -0.1 8 0 0 0 0 0 2 1 0 1
2026-09-05,05:58:20 GMT,V6.4 BLOCK - journal-guarded entry/recovery gate failed or signal already used
2026-09-05,05:58:20 GMT,SENTINEL V6 MULTI-WINDOW SCAN >>>
2026-09-05,05:58:20 GMT,V6.4 DIAG | 1 0 9 0.30000000000000004 0 -0.3 0 -0.05 -0.15 -0.1 8 0 0 0 0 0 2 1 0 1
2026-09-05,05:58:20 GMT,V6.4 BLOCK - journal-guarded entry/recovery gate failed or signal already used
2026-09-05,05:58:20 GMT,SENTINEL V6 MULTI-WINDOW SCAN >>>
2026-09-05,05:58:20 GMT,V6.4 DIAG | 1 0 9 0.30000000000000004 0 -0.3 0 -0.05 -0.15 -0.1 8 0 0 0 0 0 2 0 0 1
2026-09-05,05:58:20 GMT,V6.4 BLOCK - journal-guarded entry/recovery gate failed or signal already used
2026-09-05,05:58:20 GMT,SENTINEL V6 MULTI-WINDOW SCAN >>>
2026-09-05,05:58:20 GMT,V6.4 DIAG | 0 0 9 0.30000000000000004 0 -0.3 0 -0.05 -0.15 -0.1 8 0 0 0 0 0 2 0 0 1
2026-09-05,05:58:20 GMT,V6.4 BLOCK - journal-guarded entry/recovery gate failed or signal already used
2026-09-05,05:58:20 GMT,SENTINEL V6 MULTI-WINDOW SCAN >>>
2026-09-05,05:58:20 GMT,V6.4 DIAG | 5 0 9 0.35 0 -0.35 0 -0.1 -0.15 -0.1 8 0 0 0 0 0 2 0 0 1
2026-09-05,05:58:20 GMT,V6.4 BLOCK - journal-guarded entry/recovery gate failed or signal already used
2026-09-05,05:58:20 GMT,SENTINEL V6 MULTI-WINDOW SCAN >>>
2026-09-05,05:58:20 GMT,V6.4 DIAG | 2 0 9 0.35 0 -0.35 0 -0.1 -0.15 -0.1 8 0 0 1 0 0 2 0 0 1
2026-09-05,05:58:20 GMT,V6.4 BLOCK - journal-guarded entry/recovery gate failed or signal already used
2026-09-05,05:58:20 GMT,SENTINEL V6 MULTI-WINDOW SCAN >>>
2026-09-05,05:58:20 GMT,V6.4 DIAG | 6 0 9 0.4 0 -0.4 0 -0.1 -0.15 -0.15 8 0 0 0 0 0 2 0 0 1
2026-09-05,05:58:20 GMT,V6.4 BLOCK - journal-guarded entry/recovery gate failed or signal already used
2026-09-05,05:58:20 GMT,SENTINEL V6 MULTI-WINDOW SCAN >>>
2026-09-05,05:58:20 GMT,V6.4 DIAG | 6 1 12 0.25 0.028571428571428567 -0.24999999999999997 -0.06666666666666667 -0.35000000000000003 -0.15 -0.15 8 0 0 1 1 0 2 0 0 1
2026-09-05,05:58:20 GMT,V6.4 BLOCK - journal-guarded entry/recovery gate failed or signal already used
2026-09-05,05:58:20 GMT,SENTINEL V6 MULTI-WINDOW SCAN >>>
2026-09-05,05:58:20 GMT,V6.4 DIAG | 1 0 12 0.30000000000000004 0.028571428571428567 -0.30000000000000004 -0.06666666666666667 -0.35000000000000003 -0.15 -0.2 8 0 0 0 0 0 2 1 0 1
2026-09-05,05:58:20 GMT,V6.4 BLOCK - journal-guarded entry/recovery gate failed or signal already used
2026-09-05,05:58:20 GMT,SENTINEL V6 MULTI-WINDOW SCAN >>>
2026-09-05,05:58:20 GMT,V6.4 DIAG | 0 0 12 0.15000000000000002 0.057142857142857134 -0.14999999999999997 -0.13333333333333333 -0.35000000000000003 -0.15 -0.45 7 1 0 0 0 0 2 0 0 1
2026-09-05,05:58:20 GMT,V6.4 BLOCK - journal-guarded entry/recovery gate failed or signal already used
2026-09-05,05:58:20 GMT,SENTINEL V6 MULTI-WINDOW SCAN >>>
2026-09-05,05:58:20 GMT,V6.4 DIAG | 5 0 10 0 0.08571428571428572 0 -0.2 -0.35000000000000003 -0.15 -0.7000000000000001 7 1 0 1 0 0 2 0 0 1
2026-09-05,05:58:20 GMT,V6.4 BLOCK - journal-guarded entry/recovery gate failed or signal already used
2026-09-05,05:58:20 GMT,SENTINEL V6 MULTI-WINDOW SCAN >>>
2026-09-05,05:58:20 GMT,V6.4 DIAG | 1 0 10 -0.15000000000000002 0.11428571428571428 0.15000000000000002 -0.26666666666666666 -0.35000000000000003 -0.4 -0.7000000000000001 6 2 0 1 0 0 2 0 0 1
2026-09-05,05:58:20 GMT,V6.4 BLOCK - journal-guarded entry/recovery gate failed or signal already used
2026-09-05,05:58:20 GMT,SENTINEL V6 MULTI-WINDOW SCAN >>>
2026-09-05,05:58:20 GMT,V6.4 DIAG | 6 0 9 -0.15000000000000002 0.05714285714285714 0.15000000000000002 -0.13333333333333336 0.45 -0.4 -0.7000000000000001 5 3 0 1 0 0 2 0 0 1
2026-09-05,05:58:20 GMT,V6.4 BLOCK - journal-guarded entry/recovery gate failed or signal already used
2026-09-05,05:58:20 GMT,SENTINEL V6 MULTI-WINDOW SCAN >>>
2026-09-05,05:58:20 GMT,V6.4 DIAG | 2 0 7 -0.09999999999999998 0.05714285714285714 0.10000000000000003 -0.13333333333333336 0.45 -0.4 -0.75 4 4 1 1 0 0 2 0 0 1
2026-09-05,05:58:20 GMT,V6.4 BLOCK - journal-guarded entry/recovery gate failed or signal already used
2026-09-05,05:58:20 GMT,SENTINEL V6 MULTI-WINDOW SCAN >>>
2026-09-05,05:58:20 GMT,V6.4 DIAG | 1 0 3 -0.09999999999999998 0 0.10000000000000003 0 0.45 -0.4 0.05000000000000002 4 4 1 1 0 0 2 0 0 1
2026-09-05,05:58:20 GMT,V6.4 BLOCK - journal-guarded entry/recovery gate failed or signal already used
2026-09-05,05:58:20 GMT,SENTINEL V6 MULTI-WINDOW SCAN >>>
2026-09-05,05:58:20 GMT,V6.4 DIAG | 0 0 3 -0.050000000000000044 -0.05714285714285714 0.050000000000000044 0.13333333333333336 0.45 -0.4 0.8 4 4 1 1 0 0 2 0 0 1
2026-09-05,05:58:20 GMT,V6.4 BLOCK - journal-guarded entry/recovery gate failed or signal already used
2026-09-05,05:58:20 GMT,SENTINEL V6 MULTI-WINDOW SCAN >>>
2026-09-05,05:58:20 GMT,V6.4 DIAG | 7 0 2 -0.15000000000000002 -0.08571428571428572 0.15000000000000002 0.2 0.45 0.1 0.8 4 4 1 1 0 0 2 0 0 1
2026-09-05,05:58:20 GMT,V6.4 BLOCK - journal-guarded entry/recovery gate failed or signal already used
2026-09-05,05:58:20 GMT,SENTINEL V6 MULTI-WINDOW SCAN >>>
2026-09-05,05:58:20 GMT,V6.4 DIAG | 4 0 5 -0.050000000000000044 -0.05714285714285714 0.050000000000000044 0.13333333333333336 -0.05 0.1 0.8 5 3 1 1 0 0 2 0 0 1
2026-09-05,05:58:20 GMT,V6.4 BLOCK - journal-guarded entry/recovery gate failed or signal already used
2026-09-05,05:58:20 GMT,SENTINEL V6 MULTI-WINDOW SCAN >>>
2026-09-05,05:58:20 GMT,V6.4 DIAG | 9 0 2 -0.050000000000000044 -0.05714285714285714 0.050000000000000044 0.13333333333333336 -0.05 0.1 0.8 4 4 2 1 0 0 2 0 0 1
2026-09-05,05:58:20 GMT,V6.4 BLOCK - journal-guarded entry/recovery gate failed or signal already used
2026-09-05,05:58:20 GMT,SENTINEL V6 MULTI-WINDOW SCAN >>>
2026-09-05,05:58:20 GMT,V6.4 DIAG | 9 0 5 -0.09999999999999998 0 0.10000000000000003 0 -0.05 -0.15000000000000002 0.30000000000000004 5 3 2 1 0 0 2 0 0 1
2026-09-05,05:58:20 GMT,V6.4 BLOCK - journal-guarded entry/recovery gate failed or signal already used
2026-09-05,05:58:20 GMT,SENTINEL V6 MULTI-WINDOW SCAN >>>
2026-09-05,05:58:20 GMT,V6.4 DIAG | 8 0 9 0 0.028571428571428567 0 -0.06666666666666667 -0.05 -0.15000000000000002 -0.2 6 2 2 1 0 0 2 0 0 1
2026-09-05,05:58:20 GMT,V6.4 BLOCK - journal-guarded entry/recovery gate failed or signal already used
2026-09-05,05:58:20 GMT,SENTINEL V6 MULTI-WINDOW SCAN >>>
2026-09-05,05:58:20 GMT,V6.4 DIAG | 1 0 7 0.10000000000000009 0 -0.09999999999999998 0 -0.05 0.15000000000000002 -0.2 6 2 2 1 0 0 2 0 0 1
2026-09-05,05:58:20 GMT,V6.4 BLOCK - journal-guarded entry/recovery gate failed or signal already used
2026-09-05,05:58:20 GMT,SENTINEL V6 MULTI-WINDOW SCAN >>>
2026-09-05,05:58:20 GMT,V6.4 DIAG | 2 0 7 0.10000000000000009 0 -0.09999999999999998 0 -0.05 0.15000000000000002 -0.2 6 2 2 1 0 0 2 0 0 1
2026-09-05,05:58:20 GMT,V6.4 BLOCK - journal-guarded entry/recovery gate failed or signal already used
2026-09-05,05:58:20 GMT,SENTINEL V6 MULTI-WINDOW SCAN >>>
2026-09-05,05:58:20 GMT,V6.4 DIAG | 3 0 7 0.10000000000000009 0 -0.09999999999999998 0 -0.05 0.15000000000000002 -0.2 6 2 2 1 0 0 2 0 0 1
2026-09-05,05:58:20 GMT,V6.4 BLOCK - journal-guarded entry/recovery gate failed or signal already used
2026-09-05,05:58:20 GMT,SENTINEL V6 MULTI-WINDOW SCAN >>>
2026-09-05,05:58:20 GMT,V6.4 DIAG | 3 0 5 -0.050000000000000044 -0.028571428571428567 0.04999999999999999 0.06666666666666667 -0.30000000000000004 0.9500000000000001 -0.2 6 2 2 1 0 0 2 0 0 1
2026-09-05,05:58:20 GMT,V6.4 BLOCK - journal-guarded entry/recovery gate failed or signal already used
2026-09-05,05:58:20 GMT,SENTINEL V6 MULTI-WINDOW SCAN >>>
2026-09-05,05:58:20 GMT,V6.4 DIAG | 8 0 5 -0.050000000000000044 -0.028571428571428567 0.04999999999999999 0.06666666666666667 -0.30000000000000004 0.9500000000000001 -0.2 6 2 2 1 0 0 2 0 0 1
2026-09-05,05:58:20 GMT,V6.4 BLOCK - journal-guarded entry/recovery gate failed or signal already used
2026-09-05,05:58:20 GMT,SENTINEL V6 MULTI-WINDOW SCAN >>>
2026-09-05,05:58:20 GMT,V6.4 DIAG | 4 0 9 -0.050000000000000044 0.028571428571428567 0.04999999999999999 -0.06666666666666667 -0.30000000000000004 0.4 -0.45 6 2 1 1 0 0 2 0 0 1
2026-09-05,05:58:20 GMT,V6.4 BLOCK - journal-guarded entry/recovery gate failed or signal already used
2026-09-05,05:58:20 GMT,SENTINEL V6 MULTI-WINDOW SCAN >>>
2026-09-05,05:58:20 GMT,V6.4 DIAG | 1 0 9 -0.050000000000000044 0.028571428571428567 0.04999999999999999 -0.06666666666666667 -0.30000000000000004 0.4 -0.45 6 2 1 1 0 0 2 0 0 1
2026-09-05,05:58:20 GMT,V6.4 BLOCK - journal-guarded entry/recovery gate failed or signal already used
2026-09-05,05:58:20 GMT,SENTINEL V6 MULTI-WINDOW SCAN >>>
2026-09-05,05:58:20 GMT,V6.4 DIAG | 8 0 9 -0.20000000000000007 0.05714285714285714 0.2 -0.13333333333333336 -0.30000000000000004 0.4 -0.7000000000000001 5 3 1 1 0 0 2 0 0 1
2026-09-05,05:58:20 GMT,V6.4 BLOCK - journal-guarded entry/recovery gate failed or signal already used
2026-09-05,05:58:20 GMT,SENTINEL V6 MULTI-WINDOW SCAN >>>
2026-09-05,05:58:20 GMT,V6.4 DIAG | 6 0 9 -0.10000000000000009 0.028571428571428567 0.09999999999999998 -0.06666666666666667 0.5 -0.1 -0.7000000000000001 6 2 0 1 0 0 2 0 0 1
2026-09-05,05:58:20 GMT,V6.4 BLOCK - journal-guarded entry/recovery gate failed or signal already used
2026-09-05,05:58:20 GMT,SENTINEL V6 MULTI-WINDOW SCAN >>>
2026-09-05,05:58:20 GMT,V6.4 DIAG | 0 0 9 -0.10000000000000009 0.028571428571428567 0.09999999999999998 -0.06666666666666667 0.5 -0.1 -0.7000000000000001 5 3 0 1 0 0 2 0 0 1
2026-09-05,05:58:20 GMT,V6.4 BLOCK - journal-guarded entry/recovery gate failed or signal already used
2026-09-05,05:58:20 GMT,SENTINEL V6 MULTI-WINDOW SCAN >>>
2026-09-05,05:58:20 GMT,V6.4 DIAG | 4 0 5 -0.050000000000000044 -0.028571428571428567 0.04999999999999999 0.06666666666666667 0.5 -0.15 0.1 5 3 0 1 0 0 2 0 0 1
2026-09-05,05:58:20 GMT,V6.4 BLOCK - journal-guarded entry/recovery gate failed or signal already used
2026-09-05,05:58:20 GMT,SENTINEL V6 MULTI-WINDOW SCAN >>>
2026-09-05,05:58:20 GMT,V6.4 DIAG | 1 0 5 0 -0.028571428571428567 0 0.06666666666666667 0.5 -0.2 0.1 5 3 0 0 0 0 2 0 0 1
2026-09-05,05:58:20 GMT,V6.4 BLOCK - journal-guarded entry/recovery gate failed or signal already used
2026-09-05,05:58:20 GMT,SENTINEL V6 MULTI-WINDOW SCAN >>>
2026-09-05,05:58:20 GMT,V6.4 DIAG | 7 0 5 -0.15000000000000002 -0.05714285714285714 0.15000000000000002 0.13333333333333336 0.5 -0.2 0.65 5 3 0 1 0 0 2 0 0 1
2026-09-05,05:58:20 GMT,V6.4 BLOCK - journal-guarded entry/recovery gate failed or signal already used
2026-09-05,05:58:20 GMT,SENTINEL V6 MULTI-WINDOW SCAN >>>
2026-09-05,05:58:20 GMT,V6.4 DIAG | 4 0 6 -0.050000000000000044 -0.028571428571428567 0.04999999999999999 0.06666666666666667 0 -0.2 0.65 6 2 0 1 0 0 2 0 0 1
2026-09-05,05:58:20 GMT,V6.4 BLOCK - journal-guarded entry/recovery gate failed or signal already used
2026-09-05,05:58:20 GMT,SENTINEL V6 MULTI-WINDOW SCAN >>>
2026-09-05,05:58:20 GMT,V6.4 DIAG | 9 0 6 -0.20000000000000007 0 0.2 0 0 -0.2 0.4 5 3 0 1 0 0 2 0 0 1
2026-09-05,05:58:20 GMT,V6.4 BLOCK - journal-guarded entry/recovery gate failed or signal already used
2026-09-05,05:58:20 GMT,SENTINEL V6 MULTI-WINDOW SCAN >>>
2026-09-05,05:58:20 GMT,V6.4 DIAG | 1 0 10 -0.25 0.05714285714285714 0.25 -0.13333333333333336 0 -0.45 -0.10000000000000003 6 2 0 1 0 0 2 0 0 1
2026-09-05,05:58:20 GMT,V6.4 BLOCK - journal-guarded entry/recovery gate failed or signal already used
2026-09-05,05:58:20 GMT,SENTINEL V6 MULTI-WINDOW SCAN >>>
2026-09-05,05:58:20 GMT,V6.4 DIAG | 9 0 10 -0.25 0.05714285714285714 0.25 -0.13333333333333336 0 -0.45 -0.10000000000000003 5 3 0 1 0 0 2 0 0 1
2026-09-05,05:58:20 GMT,V6.4 BLOCK - journal-guarded entry/recovery gate failed or signal already used
2026-09-05,05:58:20 GMT,SENTINEL V6 MULTI-WINDOW SCAN >>>
2026-09-05,05:58:20 GMT,V6.4 DIAG | 5 0 9 -0.15000000000000002 0.028571428571428567 0.15 -0.06666666666666667 0 -0.45 0.2 5 3 1 1 0 0 2 0 0 1
2026-09-05,05:58:20 GMT,V6.4 BLOCK - journal-guarded entry/recovery gate failed or signal already used
2026-09-05,05:58:20 GMT,SENTINEL V6 MULTI-WINDOW SCAN >>>
2026-09-05,05:58:20 GMT,V6.4 DIAG | 3 0 9 -0.15000000000000002 0.028571428571428567 0.15 -0.06666666666666667 0 -0.45 0.2 5 3 1 1 0 0 2 0 0 1
2026-09-05,05:58:20 GMT,V6.4 BLOCK - journal-guarded entry/recovery gate failed or signal already used
2026-09-05,05:58:20 GMT,SENTINEL V6 MULTI-WINDOW SCAN >>>
2026-09-05,05:58:20 GMT,V6.4 DIAG | 0 0 6 -0.10000000000000009 -0.028571428571428567 0.09999999999999998 0.06666666666666667 0 -0.5 1 5 3 1 1 0 0 2 0 0 1
2026-09-05,05:58:20 GMT,V6.4 BLOCK - journal-guarded entry/recovery gate failed or signal already used
2026-09-05,05:58:20 GMT,SENTINEL V6 MULTI-WINDOW SCAN >>>
2026-09-05,05:58:20 GMT,V6.4 DIAG | 0 0 5 -0.050000000000000044 -0.08571428571428572 0.04999999999999999 0.2 0 0.25 1 5 3 1 1 0 0 2 0 0 1
2026-09-05,05:58:20 GMT,V6.4 BLOCK - journal-guarded entry/recovery gate failed or signal already used
2026-09-05,05:58:20 GMT,SENTINEL V6 MULTI-WINDOW SCAN >>>
2026-09-05,05:58:20 GMT,V6.4 DIAG | 9 0 5 -0.050000000000000044 -0.08571428571428572 0.04999999999999999 0.2 0 0.25 1 5 3 1 1 0 0 2 0 0 1
2026-09-05,05:58:20 GMT,V6.4 BLOCK - journal-guarded entry/recovery gate failed or signal already used
2026-09-05,05:58:20 GMT,SENTINEL V6 MULTI-WINDOW SCAN >>>
2026-09-05,05:58:20 GMT,V6.4 DIAG | 3 0 7 0.10000000000000009 -0.057142857142857134 -0.09999999999999998 0.13333333333333333 0 0.25 0.45 6 2 1 1 0 0 2 0 0 1
2026-09-05,05:58:20 GMT,V6.4 BLOCK - journal-guarded entry/recovery gate failed or signal already used
2026-09-05,05:58:20 GMT,SENTINEL V6 MULTI-WINDOW SCAN >>>
2026-09-05,05:58:20 GMT,V6.4 DIAG | 9 0 7 0.15000000000000002 -0.057142857142857134 -0.14999999999999997 0.13333333333333333 -0.05 0.25 0.45 6 2 1 1 0 0 2 0 0 1
2026-09-05,05:58:20 GMT,V6.4 BLOCK - journal-guarded entry/recovery gate failed or signal already used
2026-09-05,05:58:20 GMT,SENTINEL V6 MULTI-WINDOW SCAN >>>
2026-09-05,05:58:20 GMT,V6.4 DIAG | 8 0 8 0.25 -0.028571428571428567 -0.24999999999999997 0.06666666666666667 -0.05 0.25 -0.05 7 1 1 1 0 0 2 0 0 1
2026-09-05,05:58:20 GMT,V6.4 BLOCK - journal-guarded entry/recovery gate failed or signal already used
2026-09-05,05:58:20 GMT,SENTINEL V6 MULTI-WINDOW SCAN >>>
2026-09-05,05:58:20 GMT,V6.4 DIAG | 0 1 12 0.20000000000000007 0.028571428571428567 -0.19999999999999998 -0.06666666666666667 -0.05 -0.5 -0.05 8 0 0 0 1 0 2 0 0 1
2026-09-05,05:58:20 GMT,V6.4 BLOCK - journal-guarded entry/recovery gate failed or signal already used
2026-09-05,05:58:20 GMT,SENTINEL V6 MULTI-WINDOW SCAN >>>
2026-09-05,05:58:20 GMT,V6.4 DIAG | 4 1 12 0.25 0.028571428571428567 -0.24999999999999997 -0.06666666666666667 -0.05 -0.5 -0.1 8 0 0 0 1 0 2 1 0 1
2026-09-05,05:58:20 GMT,V6.4 BLOCK - journal-guarded entry/recovery gate failed or signal already used
2026-09-05,05:58:20 GMT,SENTINEL V6 MULTI-WINDOW SCAN >>>
2026-09-05,05:58:20 GMT,V6.4 DIAG | 2 1 12 0.25 0.028571428571428567 -0.24999999999999997 -0.06666666666666667 -0.05 -0.5 -0.1 7 1 1 0 1 0 2 1 0 1
2026-09-05,05:58:20 GMT,V6.4 BLOCK - journal-guarded entry/recovery gate failed or signal already used
2026-09-05,05:58:20 GMT,SENTINEL V6 MULTI-WINDOW SCAN >>>
2026-09-05,05:58:20 GMT,V6.4 DIAG | 0 0 12 0.25 0.028571428571428567 -0.24999999999999997 -0.06666666666666667 -0.05 -0.5 -0.1 7 1 1 0 1 0 2 1 0 1
2026-09-05,05:58:20 GMT,V6.4 BLOCK - journal-guarded entry/recovery gate failed or signal already used
2026-09-05,05:58:20 GMT,SENTINEL V6 MULTI-WINDOW SCAN >>>
2026-09-05,05:58:20 GMT,V6.4 DIAG | 3 0 12 0.25 0.028571428571428567 -0.24999999999999997 -0.06666666666666667 -0.05 -0.5 -0.1 7 1 1 0 1 0 2 0 0 1
2026-09-05,05:58:20 GMT,V6.4 BLOCK - journal-guarded entry/recovery gate failed or signal already used
2026-09-05,05:58:20 GMT,SENTINEL V6 MULTI-WINDOW SCAN >>>
2026-09-05,05:58:20 GMT,V6.4 DIAG | 0 0 8 0.10000000000000009 0 -0.09999999999999998 0 -0.05 0.05000000000000002 -0.1 7 1 1 0 0 0 2 0 0 1
2026-09-05,05:58:20 GMT,V6.4 BLOCK - journal-guarded entry/recovery gate failed or signal already used
2026-09-05,05:58:20 GMT,SENTINEL V6 MULTI-WINDOW SCAN >>>
2026-09-05,05:58:20 GMT,V6.4 DIAG | 3 0 10 -0.050000000000000044 0.028571428571428567 0.04999999999999999 -0.06666666666666667 -0.05 -0.20000000000000004 -0.1 7 1 1 1 0 0 2 0 0 1
2026-09-05,05:58:20 GMT,V6.4 BLOCK - journal-guarded entry/recovery gate failed or signal already used
2026-09-05,05:58:20 GMT,SENTINEL V6 MULTI-WINDOW SCAN >>>
2026-09-05,05:58:20 GMT,V6.4 DIAG | 2 0 9 -0.050000000000000044 0.028571428571428567 0.04999999999999999 -0.06666666666666667 -0.05 -0.20000000000000004 -0.1 6 2 2 1 0 0 2 0 0 1
2026-09-05,05:58:20 GMT,V6.4 BLOCK - journal-guarded entry/recovery gate failed or signal already used
2026-09-05,05:58:20 GMT,SENTINEL V6 MULTI-WINDOW SCAN >>>
2026-09-05,05:58:20 GMT,V6.4 DIAG | 3 0 9 0 0.028571428571428567 0 -0.06666666666666667 -0.05 -0.25 -0.1 5 3 3 0 0 0 2 0 0 1
2026-09-05,05:58:20 GMT,V6.4 BLOCK - journal-guarded entry/recovery gate failed or signal already used
2026-09-05,05:58:20 GMT,SENTINEL V6 MULTI-WINDOW SCAN >>>
2026-09-05,05:58:20 GMT,V6.4 DIAG | 8 0 9 0 0.028571428571428567 0 -0.06666666666666667 -0.05 -0.25 -0.1 5 3 3 1 0 0 2 0 0 1
2026-09-05,05:58:20 GMT,V6.4 BLOCK - journal-guarded entry/recovery gate failed or signal already used
2026-09-05,05:58:20 GMT,SENTINEL V6 MULTI-WINDOW SCAN >>>
2026-09-05,05:58:20 GMT,V6.4 DIAG | 6 0 7 0.10000000000000009 0 -0.09999999999999998 0 -0.05 0.05000000000000002 -0.1 6 2 2 0 0 0 2 0 0 1
2026-09-05,05:58:20 GMT,V6.4 BLOCK - journal-guarded entry/recovery gate failed or signal already used
2026-09-05,05:58:20 GMT,SENTINEL V6 MULTI-WINDOW SCAN >>>
2026-09-05,05:58:20 GMT,V6.4 DIAG | 1 0 7 0.15000000000000002 -0.057142857142857134 -0.14999999999999997 0.13333333333333333 -0.05 0.8500000000000001 -0.15 6 2 2 1 0 0 2 0 0 1
2026-09-05,05:58:20 GMT,V6.4 BLOCK - journal-guarded entry/recovery gate failed or signal already used
2026-09-05,05:58:20 GMT,SENTINEL V6 MULTI-WINDOW SCAN >>>
2026-09-05,05:58:20 GMT,V6.4 DIAG | 0 0 7 0.15000000000000002 -0.057142857142857134 -0.14999999999999997 0.13333333333333333 -0.05 0.8500000000000001 -0.15 6 2 2 1 0 0 2 0 0 1
2026-09-05,05:58:20 GMT,V6.4 BLOCK - journal-guarded entry/recovery gate failed or signal already used
2026-09-05,05:58:20 GMT,SENTINEL V6 MULTI-WINDOW SCAN >>>
2026-09-05,05:58:20 GMT,V6.4 DIAG | 5 0 7 0.15000000000000002 -0.057142857142857134 -0.14999999999999997 0.13333333333333333 -0.05 0.8500000000000001 -0.15 6 2 2 1 0 0 2 0 0 1
2026-09-05,05:58:20 GMT,V6.4 BLOCK - journal-guarded entry/recovery gate failed or signal already used
2026-09-05,05:58:20 GMT,SENTINEL V6 MULTI-WINDOW SCAN >>>
2026-09-05,05:58:20 GMT,V6.4 DIAG | 8 0 5 0 -0.028571428571428567 0 0.06666666666666667 -0.05 0.6 -0.15 6 2 2 1 0 0 2 0 0 1
2026-09-05,05:58:20 GMT,V6.4 BLOCK - journal-guarded entry/recovery gate failed or signal already used
2026-09-05,05:58:20 GMT,SENTINEL V6 MULTI-WINDOW SCAN >>>
2026-09-05,05:58:20 GMT,V6.4 DIAG | 8 0 10 -0.050000000000000044 0.028571428571428567 0.04999999999999999 -0.06666666666666667 -0.05 -0.15000000000000002 -0.15 7 1 1 1 0 0 2 0 0 1
2026-09-05,05:58:20 GMT,V6.4 BLOCK - journal-guarded entry/recovery gate failed or signal already used
2026-09-05,05:58:20 GMT,SENTINEL V6 MULTI-WINDOW SCAN >>>
2026-09-05,05:58:20 GMT,V6.4 DIAG | 4 0 12 0.10000000000000009 0.057142857142857134 -0.09999999999999998 -0.13333333333333333 -0.05 -0.7000000000000001 -0.15 7 1 1 0 0 0 2 0 0 1
2026-09-05,05:58:20 GMT,V6.4 BLOCK - journal-guarded entry/recovery gate failed or signal already used
2026-09-05,05:58:20 GMT,SENTINEL V6 MULTI-WINDOW SCAN >>>
2026-09-05,05:58:20 GMT,V6.4 DIAG | 0 0 9 -0.050000000000000044 0.08571428571428572 0.04999999999999999 -0.2 -0.05 -0.7000000000000001 -0.4 6 2 2 1 0 0 2 0 0 1
2026-09-05,05:58:20 GMT,V6.4 BLOCK - journal-guarded entry/recovery gate failed or signal already used
2026-09-05,05:58:20 GMT,SENTINEL V6 MULTI-WINDOW SCAN >>>
2026-09-05,05:58:20 GMT,V6.4 DIAG | 2 0 9 -0.20000000000000007 0.11428571428571428 0.2 -0.26666666666666666 -0.30000000000000004 -0.7000000000000001 -0.4 6 2 2 1 0 0 2 0 0 1
2026-09-05,05:58:20 GMT,V6.4 BLOCK - journal-guarded entry/recovery gate failed or signal already used
2026-09-05,05:58:20 GMT,SENTINEL V6 MULTI-WINDOW SCAN >>>
2026-09-05,05:58:20 GMT,V6.4 DIAG | 1 0 8 -0.20000000000000007 0.05714285714285714 0.2 -0.13333333333333336 -0.30000000000000004 0.1 -0.4 5 3 2 1 0 0 2 0 0 1
2026-09-05,05:58:20 GMT,V6.4 BLOCK - journal-guarded entry/recovery gate failed or signal already used
2026-09-05,05:58:20 GMT,SENTINEL V6 MULTI-WINDOW SCAN >>>
2026-09-05,05:58:20 GMT,V6.4 DIAG | 3 0 3 -0.15000000000000002 0 0.15000000000000002 0 -0.30000000000000004 0.8500000000000001 -0.4 4 4 2 1 0 0 2 0 0 1
2026-09-05,05:58:20 GMT,V6.4 BLOCK - journal-guarded entry/recovery gate failed or signal already used
2026-09-05,05:58:20 GMT,SENTINEL V6 MULTI-WINDOW SCAN >>>
2026-09-05,05:58:20 GMT,V6.4 DIAG | 2 0 6 -0.30000000000000004 0.028571428571428574 0.3 -0.06666666666666668 -0.30000000000000004 0.8500000000000001 -0.65 4 4 2 1 0 0 2 0 0 1
2026-09-05,05:58:20 GMT,V6.4 BLOCK - journal-guarded entry/recovery gate failed or signal already used
2026-09-05,05:58:20 GMT,SENTINEL V6 MULTI-WINDOW SCAN >>>
2026-09-05,05:58:20 GMT,V6.4 DIAG | 4 0 2 -0.30000000000000004 -0.028571428571428574 0.3 0.06666666666666668 -0.30000000000000004 0.8500000000000001 0.15000000000000002 4 4 2 1 0 0 2 0 0 1
2026-09-05,05:58:20 GMT,V6.4 BLOCK - journal-guarded entry/recovery gate failed or signal already used
2026-09-05,05:58:20 GMT,SENTINEL V6 MULTI-WINDOW SCAN >>>
2026-09-05,05:58:20 GMT,V6.4 DIAG | 8 0 1 -0.25 -0.08571428571428572 0.25 0.2 0.5 0.8500000000000001 0.1 3 5 2 1 0 0 2 0 0 1
2026-09-05,05:58:20 GMT,V6.4 BLOCK - journal-guarded entry/recovery gate failed or signal already used
2026-09-05,05:58:20 GMT,SENTINEL V6 MULTI-WINDOW SCAN >>>
2026-09-05,05:58:20 GMT,V6.4 DIAG | 8 0 2 -0.15000000000000002 -0.05714285714285714 0.15000000000000002 0.13333333333333336 0.5 0.35000000000000003 0.1 4 4 1 1 0 0 2 0 0 1
2026-09-05,05:58:20 GMT,V6.4 BLOCK - journal-guarded entry/recovery gate failed or signal already used
2026-09-05,05:58:20 GMT,SENTINEL V6 MULTI-WINDOW SCAN >>>
2026-09-05,05:58:20 GMT,V6.4 DIAG | 2 0 5 0 -0.028571428571428567 0 0.06666666666666667 0.45 -0.15 0.1 5 3 0 0 0 0 2 0 0 1
2026-09-05,05:58:20 GMT,V6.4 BLOCK - journal-guarded entry/recovery gate failed or signal already used
2026-09-05,05:58:20 GMT,SENTINEL V6 MULTI-WINDOW SCAN >>>
2026-09-05,05:58:20 GMT,V6.4 DIAG | 9 0 5 0 -0.08571428571428572 0 0.2 0.45 -0.15 0.9 5 3 0 1 0 0 2 0 0 1
2026-09-05,05:58:20 GMT,V6.4 BLOCK - journal-guarded entry/recovery gate failed or signal already used
2026-09-05,05:58:20 GMT,SENTINEL V6 MULTI-WINDOW SCAN >>>
2026-09-05,05:58:20 GMT,V6.4 DIAG | 7 0 7 0.15000000000000002 -0.057142857142857134 -0.14999999999999997 0.13333333333333333 0.45 -0.2 0.4 6 2 0 0 0 0 2 0 0 1
2026-09-05,05:58:20 GMT,V6.4 BLOCK - journal-guarded entry/recovery gate failed or signal already used
2026-09-05,05:58:20 GMT,SENTINEL V6 MULTI-WINDOW SCAN >>>
2026-09-05,05:58:20 GMT,V6.4 DIAG | 6 0 8 0.10000000000000009 0 -0.09999999999999998 0 -0.05 -0.45 0.4 7 1 0 0 0 0 2 0 0 1
2026-09-05,05:58:20 GMT,V6.4 BLOCK - journal-guarded entry/recovery gate failed or signal already used
2026-09-05,05:58:20 GMT,SENTINEL V6 MULTI-WINDOW SCAN >>>
2026-09-05,05:58:20 GMT,V6.4 DIAG | 1 0 8 0.15000000000000002 0 -0.14999999999999997 0 -0.05 -0.5 0.4 7 1 0 1 0 0 2 0 0 1
2026-09-05,05:58:20 GMT,V6.4 BLOCK - journal-guarded entry/recovery gate failed or signal already used
2026-09-05,05:58:20 GMT,SENTINEL V6 MULTI-WINDOW SCAN >>>
2026-09-05,05:58:20 GMT,V6.4 DIAG | 9 0 8 0.20000000000000007 0 -0.2 0 -0.05 -0.5 0.35000000000000003 6 2 1 0 0 0 2 1 0 1
2026-09-05,05:58:20 GMT,V6.4 BLOCK - journal-guarded entry/recovery gate failed or signal already used
2026-09-05,05:58:20 GMT,SENTINEL V6 MULTI-WINDOW SCAN >>>
2026-09-05,05:58:20 GMT,V6.4 DIAG | 5 0 12 0.15000000000000002 0.057142857142857134 -0.14999999999999997 -0.13333333333333333 -0.05 -0.5 -0.4 7 1 1 0 1 0 2 1 0 1
2026-09-05,05:58:20 GMT,V6.4 BLOCK - journal-guarded entry/recovery gate failed or signal already used
2026-09-05,05:58:20 GMT,SENTINEL V6 MULTI-WINDOW SCAN >>>
2026-09-05,05:58:20 GMT,V6.4 DIAG | 4 0 12 0.15000000000000002 0.057142857142857134 -0.14999999999999997 -0.13333333333333333 -0.05 -0.5 -0.4 7 1 1 0 1 0 2 0 0 1
2026-09-05,05:58:20 GMT,V6.4 BLOCK - journal-guarded entry/recovery gate failed or signal already used
2026-09-05,05:58:20 GMT,SENTINEL V6 MULTI-WINDOW SCAN >>>
2026-09-05,05:58:20 GMT,V6.4 DIAG | 4 0 8 0.15000000000000002 0 -0.14999999999999997 0 -0.05 0.30000000000000004 -0.4 6 2 1 1 0 0 2 0 0 1
2026-09-05,05:58:20 GMT,V6.4 BLOCK - journal-guarded entry/recovery gate failed or signal already used
2026-09-05,05:58:20 GMT,SENTINEL V6 MULTI-WINDOW SCAN >>>
2026-09-05,05:58:20 GMT,V6.4 DIAG | 3 0 8 0.15000000000000002 0 -0.14999999999999997 0 -0.05 0.30000000000000004 -0.4 6 2 1 1 0 0 2 0 0 1
2026-09-05,05:58:20 GMT,V6.4 BLOCK - journal-guarded entry/recovery gate failed or signal already used
2026-09-05,05:58:20 GMT,SENTINEL V6 MULTI-WINDOW SCAN >>>
2026-09-05,05:58:20 GMT,V6.4 DIAG | 0 0 8 0.20000000000000007 0 -0.2 0 -0.05 0.30000000000000004 -0.45 6 2 1 1 0 0 2 0 0 1
2026-09-05,05:58:20 GMT,V6.4 BLOCK - journal-guarded entry/recovery gate failed or signal already used
2026-09-05,05:58:20 GMT,SENTINEL V6 MULTI-WINDOW SCAN >>>
2026-09-05,05:58:20 GMT,V6.4 DIAG | 2 0 7 0.09999999999999998 -0.028571428571428567 -0.10000000000000003 0.06666666666666667 -0.05 0.05000000000000002 0.30000000000000004 6 2 1 0 0 0 2 0 0 1
2026-09-05,05:58:20 GMT,V6.4 BLOCK - journal-guarded entry/recovery gate failed or signal already used
2026-09-05,05:58:20 GMT,SENTINEL V6 MULTI-WINDOW SCAN >>>
2026-09-05,05:58:20 GMT,V6.4 DIAG | 8 0 7 0.1499999999999999 -0.028571428571428567 -0.15000000000000002 0.06666666666666667 -0.1 0.05000000000000002 0.30000000000000004 6 2 1 1 0 0 2 0 0 1
2026-09-05,05:58:20 GMT,V6.4 BLOCK - journal-guarded entry/recovery gate failed or signal already used
2026-09-05,05:58:20 GMT,SENTINEL V6 MULTI-WINDOW SCAN >>>
2026-09-05,05:58:20 GMT,V6.4 DIAG | 3 0 8 0.25 0 -0.25 0 -0.1 -0.45 0.30000000000000004 6 2 1 0 0 0 2 0 0 1
2026-09-05,05:58:20 GMT,V6.4 BLOCK - journal-guarded entry/recovery gate failed or signal already used
2026-09-05,05:58:20 GMT,SENTINEL V6 MULTI-WINDOW SCAN >>>
2026-09-05,05:58:20 GMT,V6.4 DIAG | 5 0 8 0.25 0 -0.25 0 -0.1 -0.45 0.30000000000000004 6 2 1 0 0 0 2 0 0 1
2026-09-05,05:58:20 GMT,V6.4 BLOCK - journal-guarded entry/recovery gate failed or signal already used
2026-09-05,05:58:20 GMT,SENTINEL V6 MULTI-WINDOW SCAN >>>
2026-09-05,05:58:20 GMT,V6.4 DIAG | 9 0 11 0.09999999999999998 0.028571428571428567 -0.10000000000000003 -0.06666666666666667 -0.1 -0.7000000000000001 0.30000000000000004 6 2 1 1 1 0 2 0 0 1
2026-09-05,05:58:20 GMT,V6.4 BLOCK - journal-guarded entry/recovery gate failed or signal already used
2026-09-05,05:58:20 GMT,SENTINEL V6 MULTI-WINDOW SCAN >>>
2026-09-05,05:58:20 GMT,V6.4 DIAG | 2 0 8 0.20000000000000007 0 -0.2 0 -0.1 0.1 -0.2 7 1 1 0 0 0 2 0 0 1
2026-09-05,05:58:20 GMT,V6.4 BLOCK - journal-guarded entry/recovery gate failed or signal already used
2026-09-05,05:58:20 GMT,SENTINEL V6 MULTI-WINDOW SCAN >>>
2026-09-05,05:58:20 GMT,V6.4 DIAG | 6 0 7 0.20000000000000007 0 -0.2 0 -0.1 0.1 -0.2 6 2 2 0 0 0 2 0 0 1
2026-09-05,05:58:20 GMT,V6.4 BLOCK - journal-guarded entry/recovery gate failed or signal already used
2026-09-05,05:58:20 GMT,SENTINEL V6 MULTI-WINDOW SCAN >>>
2026-09-05,05:58:20 GMT,V6.4 DIAG | 6 0 9 0.04999999999999993 0.028571428571428567 -0.04999999999999999 -0.06666666666666667 -0.1 0.1 -0.45 6 2 2 1 0 0 2 0 0 1
2026-09-05,05:58:20 GMT,V6.4 BLOCK - journal-guarded entry/recovery gate failed or signal already used
2026-09-05,05:58:20 GMT,SENTINEL V6 MULTI-WINDOW SCAN >>>
2026-09-05,05:58:20 GMT,V6.4 DIAG | 4 0 10 0.09999999999999998 0.028571428571428567 -0.10000000000000003 -0.06666666666666667 -0.1 0.05000000000000002 -0.45 6 2 2 0 1 0 2 0 0 1
2026-09-05,05:58:20 GMT,V6.4 BLOCK - journal-guarded entry/recovery gate failed or signal already used
2026-09-05,05:58:20 GMT,SENTINEL V6 MULTI-WINDOW SCAN >>>
2026-09-05,05:58:20 GMT,V6.4 DIAG | 8 0 5 -0.050000000000000044 0 0.050000000000000044 0 -0.35000000000000003 0.8500000000000001 -0.45 5 3 2 1 0 0 2 0 0 1
2026-09-05,05:58:20 GMT,V6.4 BLOCK - journal-guarded entry/recovery gate failed or signal already used
2026-09-05,05:58:20 GMT,SENTINEL V6 MULTI-WINDOW SCAN >>>
2026-09-05,05:58:20 GMT,V6.4 DIAG | 0 0 10 0.04999999999999993 0.028571428571428567 -0.04999999999999999 -0.06666666666666667 -0.35000000000000003 0.35000000000000003 -0.45 6 2 1 1 0 0 2 0 0 1
2026-09-05,05:58:20 GMT,V6.4 BLOCK - journal-guarded entry/recovery gate failed or signal already used
2026-09-05,05:58:20 GMT,SENTINEL V6 MULTI-WINDOW SCAN >>>
2026-09-05,05:58:20 GMT,V6.4 DIAG | 2 0 9 -0.09999999999999998 0.05714285714285714 0.10000000000000003 -0.13333333333333336 -0.35000000000000003 0.1 -0.45 5 3 1 1 0 0 2 0 0 1
2026-09-05,05:58:20 GMT,V6.4 BLOCK - journal-guarded entry/recovery gate failed or signal already used
2026-09-05,05:58:20 GMT,SENTINEL V6 MULTI-WINDOW SCAN >>>
2026-09-05,05:58:20 GMT,V6.4 DIAG | 5 0 5 -0.09999999999999998 0 0.10000000000000003 0 -0.35000000000000003 0.1 0.35000000000000003 5 3 1 1 0 0 2 0 0 1
2026-09-05,05:58:20 GMT,V6.4 BLOCK - journal-guarded entry/recovery gate failed or signal already used
2026-09-05,05:58:20 GMT,SENTINEL V6 MULTI-WINDOW SCAN >>>
2026-09-05,05:58:20 GMT,V6.4 DIAG | 8 0 6 -0.25 0.028571428571428574 0.25 -0.06666666666666668 -0.35000000000000003 -0.15000000000000002 0.35000000000000003 4 4 2 1 0 0 2 0 0 1
2026-09-05,05:58:20 GMT,V6.4 BLOCK - journal-guarded entry/recovery gate failed or signal already used
2026-09-05,05:58:20 GMT,SENTINEL V6 MULTI-WINDOW SCAN >>>
2026-09-05,05:58:20 GMT,V6.4 DIAG | 2 0 8 -0.25 0.028571428571428574 0.25 -0.06666666666666668 0.45 -0.7000000000000001 0.1 5 3 1 1 0 0 2 0 0 1
2026-09-05,05:58:20 GMT,V6.4 BLOCK - journal-guarded entry/recovery gate failed or signal already used
2026-09-05,05:58:20 GMT,SENTINEL V6 MULTI-WINDOW SCAN >>>
2026-09-05,05:58:20 GMT,V6.4 DIAG | 0 0 5 -0.25 0.028571428571428574 0.25 -0.06666666666666668 0.45 -0.7000000000000001 0.1 4 4 2 1 0 0 2 0 0 1
2026-09-05,05:58:20 GMT,V6.4 BLOCK - journal-guarded entry/recovery gate failed or signal already used
2026-09-05,05:58:20 GMT,SENTINEL V6 MULTI-WINDOW SCAN >>>
2026-09-05,05:58:20 GMT,V6.4 DIAG | 9 0 1 -0.25 -0.028571428571428574 0.25 0.06666666666666668 0.45 0.1 0.1 3 5 2 1 0 0 2 0 0 1
2026-09-05,05:58:20 GMT,V6.4 BLOCK - journal-guarded entry/recovery gate failed or signal already used
2026-09-05,05:58:20 GMT,SENTINEL V6 MULTI-WINDOW SCAN >>>
2026-09-05,05:58:20 GMT,V6.4 DIAG | 5 0 2 -0.15000000000000002 0 0.15000000000000002 0 0.45 0.1 -0.4 4 4 2 1 0 0 2 0 0 1
2026-09-05,05:58:20 GMT,V6.4 BLOCK - journal-guarded entry/recovery gate failed or signal already used
2026-09-05,05:58:20 GMT,SENTINEL V6 MULTI-WINDOW SCAN >>>
2026-09-05,05:58:20 GMT,V6.4 DIAG | 7 0 2 -0.15000000000000002 -0.05714285714285714 0.15000000000000002 0.13333333333333336 0.45 0.9 -0.4 4 4 2 1 0 0 2 0 0 1
2026-09-05,05:58:20 GMT,V6.4 BLOCK - journal-guarded entry/recovery gate failed or signal already used
2026-09-05,05:58:20 GMT,SENTINEL V6 MULTI-WINDOW SCAN >>>
2026-09-05,05:58:20 GMT,V6.4 DIAG | 5 0 4 -0.15000000000000002 -0.05714285714285714 0.15000000000000002 0.13333333333333336 -0.1 0.9 0.15000000000000002 5 3 2 1 0 0 2 0 0 1
2026-09-05,05:58:20 GMT,V6.4 BLOCK - journal-guarded entry/recovery gate failed or signal already used
2026-09-05,05:58:20 GMT,SENTINEL V6 MULTI-WINDOW SCAN >>>
2026-09-05,05:58:20 GMT,V6.4 DIAG | 8 0 5 -0.30000000000000004 -0.028571428571428574 0.3 0.06666666666666668 -0.1 0.9 -0.10000000000000003 5 3 2 1 0 0 2 0 0 1
2026-09-05,05:58:20 GMT,V6.4 BLOCK - journal-guarded entry/recovery gate failed or signal already used
2026-09-05,05:58:20 GMT,SENTINEL V6 MULTI-WINDOW SCAN >>>
2026-09-05,05:58:20 GMT,V6.4 DIAG | 4 0 9 -0.35 0.028571428571428574 0.35 -0.06666666666666668 -0.35000000000000003 0.4 -0.10000000000000003 5 3 1 1 0 0 2 0 0 1
2026-09-05,05:58:20 GMT,V6.4 BLOCK - journal-guarded entry/recovery gate failed or signal already used
2026-09-05,05:58:20 GMT,SENTINEL V6 MULTI-WINDOW SCAN >>>
2026-09-05,05:58:20 GMT,V6.4 DIAG | 8 0 7 -0.35 0.028571428571428574 0.35 -0.06666666666666668 -0.35000000000000003 0.4 -0.10000000000000003 4 4 1 1 0 0 2 0 0 1
2026-09-05,05:58:20 GMT,V6.4 BLOCK - journal-guarded entry/recovery gate failed or signal already used
2026-09-05,05:58:20 GMT,SENTINEL V6 MULTI-WINDOW SCAN >>>
2026-09-05,05:58:20 GMT,V6.4 DIAG | 9 0 8 -0.25 0.05714285714285714 0.25 -0.13333333333333336 -0.35000000000000003 -0.1 -0.10000000000000003 4 4 0 1 0 0 2 0 0 1
2026-09-05,05:58:20 GMT,V6.4 BLOCK - journal-guarded entry/recovery gate failed or signal already used
2026-09-05,05:58:20 GMT,SENTINEL V6 MULTI-WINDOW SCAN >>>
2026-09-05,05:58:20 GMT,V6.4 DIAG | 4 0 9 -0.15000000000000002 0.028571428571428567 0.15 -0.06666666666666667 -0.35000000000000003 -0.1 0.2 5 3 0 1 0 0 2 0 0 1
2026-09-05,05:58:20 GMT,V6.4 BLOCK - journal-guarded entry/recovery gate failed or signal already used
2026-09-05,05:58:20 GMT,SENTINEL V6 MULTI-WINDOW SCAN >>>
2026-09-05,05:58:20 GMT,V6.4 DIAG | 0 0 6 -0.15000000000000002 -0.028571428571428567 0.15 0.06666666666666667 -0.35000000000000003 -0.1 1 5 3 0 1 0 0 2 0 0 1
2026-09-05,05:58:20 GMT,V6.4 BLOCK - journal-guarded entry/recovery gate failed or signal already used
2026-09-05,05:58:20 GMT,SENTINEL V6 MULTI-WINDOW SCAN >>>
2026-09-05,05:58:20 GMT,V6.4 DIAG | 3 0 5 -0.10000000000000009 -0.08571428571428572 0.09999999999999998 0.2 0.45 -0.1 0.9500000000000001 5 3 0 1 0 0 2 0 0 1
2026-09-05,05:58:20 GMT,V6.4 BLOCK - journal-guarded entry/recovery gate failed or signal already used
2026-09-05,05:58:20 GMT,SENTINEL V6 MULTI-WINDOW SCAN >>>
2026-09-05,05:58:20 GMT,V6.4 DIAG | 6 0 5 -0.10000000000000009 -0.08571428571428572 0.09999999999999998 0.2 0.45 -0.1 0.9500000000000001 5 3 0 1 0 0 2 0 0 1
2026-09-05,05:58:20 GMT,V6.4 BLOCK - journal-guarded entry/recovery gate failed or signal already used
2026-09-05,05:58:20 GMT,SENTINEL V6 MULTI-WINDOW SCAN >>>
2026-09-05,05:58:20 GMT,V6.4 DIAG | 9 0 5 -0.25 -0.05714285714285714 0.25 0.13333333333333336 0.45 -0.35000000000000003 0.9500000000000001 5 3 0 1 0 0 2 0 0 1
2026-09-05,05:58:20 GMT,V6.4 BLOCK - journal-guarded entry/recovery gate failed or signal already used
2026-09-05,05:58:20 GMT,SENTINEL V6 MULTI-WINDOW SCAN >>>
2026-09-05,05:58:20 GMT,V6.4 DIAG | 9 0 5 -0.10000000000000009 -0.028571428571428567 0.09999999999999998 0.06666666666666667 0.45 -0.35000000000000003 0.4 6 2 0 1 0 0 2 0 0 1
2026-09-05,05:58:20 GMT,V6.4 BLOCK - journal-guarded entry/recovery gate failed or signal already used
2026-09-05,05:58:20 GMT,SENTINEL V6 MULTI-WINDOW SCAN >>>
2026-09-05,05:58:20 GMT,V6.4 DIAG | 7 0 6 0 0 0 0 0.45 -0.35000000000000003 -0.1 6 2 1 1 0 0 2 0 0 1
2026-09-05,05:53:43 GMT,V6.4 BLOCK - journal-guarded entry/recovery gate failed or signal already used
2026-09-05,05:53:43 GMT,SENTINEL V6 MULTI-WINDOW SCAN >>>
2026-09-05,05:53:43 GMT,V6.4 DIAG | 1 0 12 0.09999999999999998 0.028571428571428567 -0.1 -0.06666666666666667 -0.05 -0.35000000000000003 -0.1 7 1 1 0 1 0 2 1 0 1
2026-09-05,05:53:43 GMT,V6.4 BLOCK - journal-guarded entry/recovery gate failed or signal already used
2026-09-05,05:53:43 GMT,SENTINEL V6 MULTI-WINDOW SCAN >>>
2026-09-05,05:53:43 GMT,V6.4 DIAG | 0 0 12 0.09999999999999998 0.028571428571428567 -0.1 -0.06666666666666667 -0.05 -0.35000000000000003 -0.1 7 1 1 0 1 0 2 0 0 1
2026-09-05,05:53:43 GMT,V6.4 BLOCK - journal-guarded entry/recovery gate failed or signal already used
2026-09-05,05:53:43 GMT,SENTINEL V6 MULTI-WINDOW SCAN >>>
2026-09-05,05:53:43 GMT,V6.4 DIAG | 6 0 8 0.09999999999999998 -0.028571428571428567 -0.1 0.06666666666666667 -0.05 0.45 -0.1 7 1 1 1 0 0 2 0 0 1
2026-09-05,05:53:42 GMT,V6.4 BLOCK - journal-guarded entry/recovery gate failed or signal already used
2026-09-05,05:53:42 GMT,SENTINEL V6 MULTI-WINDOW SCAN >>>
2026-09-05,05:53:42 GMT,V6.4 DIAG | 6 0 6 0 0 0 0 -0.1 0.2 -0.1 7 1 1 1 0 0 2 0 0 1
2026-09-05,05:53:42 GMT,V6.4 BLOCK - journal-guarded entry/recovery gate failed or signal already used
2026-09-05,05:53:42 GMT,SENTINEL V6 MULTI-WINDOW SCAN >>>
2026-09-05,05:53:42 GMT,V6.4 DIAG | 3 0 8 0.050000000000000044 0 -0.04999999999999999 0 -0.15 0.2 -0.1 7 1 1 1 0 0 2 0 0 1
2026-09-05,05:53:42 GMT,V6.4 BLOCK - journal-guarded entry/recovery gate failed or signal already used
2026-09-05,05:53:42 GMT,SENTINEL V6 MULTI-WINDOW SCAN >>>
2026-09-05,05:53:42 GMT,V6.4 DIAG | 6 0 7 0.10000000000000009 0 -0.09999999999999998 0 -0.2 0.2 -0.1 6 2 2 1 0 0 2 0 0 1
2026-09-05,05:53:42 GMT,V6.4 BLOCK - journal-guarded entry/recovery gate failed or signal already used
2026-09-05,05:53:42 GMT,SENTINEL V6 MULTI-WINDOW SCAN >>>
2026-09-05,05:53:42 GMT,V6.4 DIAG | 8 0 7 0.15000000000000002 0 -0.14999999999999997 0 -0.25 0.2 -0.1 6 2 2 1 0 0 2 0 0 1
2026-09-05,05:53:42 GMT,V6.4 BLOCK - journal-guarded entry/recovery gate failed or signal already used
2026-09-05,05:53:42 GMT,SENTINEL V6 MULTI-WINDOW SCAN >>>
2026-09-05,05:53:42 GMT,V6.4 DIAG | 0 0 12 0.30000000000000004 0.028571428571428567 -0.30000000000000004 -0.06666666666666667 -0.3 -0.30000000000000004 -0.1 7 1 1 0 1 0 2 0 0 1
2026-09-05,05:53:42 GMT,V6.4 BLOCK - journal-guarded entry/recovery gate failed or signal already used
2026-09-05,05:53:42 GMT,SENTINEL V6 MULTI-WINDOW SCAN >>>
2026-09-05,05:53:42 GMT,V6.4 DIAG | 5 0 8 0.20000000000000007 0 -0.2 0 -0.55 0.45 -0.1 7 1 1 1 0 0 2 0 0 1
2026-09-05,05:53:42 GMT,V6.4 BLOCK - journal-guarded entry/recovery gate failed or signal already used
2026-09-05,05:53:42 GMT,SENTINEL V6 MULTI-WINDOW SCAN >>>
2026-09-05,05:53:42 GMT,V6.4 DIAG | 0 0 8 0.20000000000000007 0 -0.2 0 -0.55 0.45 -0.1 7 1 1 1 0 0 2 0 0 1
2026-09-05,05:53:42 GMT,V6.4 BLOCK - journal-guarded entry/recovery gate failed or signal already used
2026-09-05,05:53:42 GMT,SENTINEL V6 MULTI-WINDOW SCAN >>>
2026-09-05,05:53:42 GMT,V6.4 DIAG | 1 0 8 0.20000000000000007 0 -0.2 0 -0.55 0.45 -0.1 6 2 1 1 0 0 2 0 0 1
2026-09-05,05:53:42 GMT,V6.4 BLOCK - journal-guarded entry/recovery gate failed or signal already used
2026-09-05,05:53:42 GMT,SENTINEL V6 MULTI-WINDOW SCAN >>>
2026-09-05,05:53:42 GMT,V6.4 DIAG | 0 0 8 0.20000000000000007 0 -0.2 0 -0.55 0.45 -0.1 6 2 1 1 0 0 2 0 0 1
2026-09-05,05:53:42 GMT,V6.4 BLOCK - journal-guarded entry/recovery gate failed or signal already used
2026-09-05,05:53:42 GMT,SENTINEL V6 MULTI-WINDOW SCAN >>>
2026-09-05,05:53:42 GMT,V6.4 DIAG | 8 0 8 0.20000000000000007 0 -0.2 0 -0.55 0.45 -0.1 6 2 1 1 0 0 2 0 0 1
2026-09-05,05:53:42 GMT,V6.4 BLOCK - journal-guarded entry/recovery gate failed or signal already used
2026-09-05,05:53:42 GMT,SENTINEL V6 MULTI-WINDOW SCAN >>>
2026-09-05,05:53:42 GMT,V6.4 DIAG | 0 0 8 0.35 -0.028571428571428567 -0.35 0.06666666666666667 0.20000000000000004 -0.05 -0.1 7 1 0 0 0 0 2 0 0 1
2026-09-05,05:53:42 GMT,V6.4 BLOCK - journal-guarded entry/recovery gate failed or signal already used
2026-09-05,05:53:42 GMT,SENTINEL V6 MULTI-WINDOW SCAN >>>
2026-09-05,05:53:42 GMT,V6.4 DIAG | 2 0 8 0.35 -0.028571428571428567 -0.35 0.06666666666666667 0.20000000000000004 -0.05 -0.1 7 1 0 0 0 0 2 0 0 1
2026-09-05,05:53:42 GMT,V6.4 BLOCK - journal-guarded entry/recovery gate failed or signal already used
2026-09-05,05:53:42 GMT,SENTINEL V6 MULTI-WINDOW SCAN >>>
2026-09-05,05:53:42 GMT,V6.4 DIAG | 5 0 8 0.25 0 -0.25 0 0.20000000000000004 -0.1 -0.35000000000000003 7 1 0 0 0 0 2 0 0 1
2026-09-05,05:53:42 GMT,V6.4 BLOCK - journal-guarded entry/recovery gate failed or signal already used
2026-09-05,05:53:42 GMT,SENTINEL V6 MULTI-WINDOW SCAN >>>
2026-09-05,05:53:42 GMT,V6.4 DIAG | 3 0 8 0.30000000000000004 0 -0.3 0 0.20000000000000004 -0.1 -0.4 7 1 0 1 0 0 2 0 0 1
2026-09-05,05:53:42 GMT,V6.4 BLOCK - journal-guarded entry/recovery gate failed or signal already used
2026-09-05,05:53:42 GMT,SENTINEL V6 MULTI-WINDOW SCAN >>>
2026-09-05,05:53:42 GMT,V6.4 DIAG | 7 0 8 0.35000000000000003 0 -0.35000000000000003 0 0.20000000000000004 -0.1 -0.45 6 2 0 0 0 0 2 1 0 1
2026-09-05,05:53:42 GMT,V6.4 BLOCK - journal-guarded entry/recovery gate failed or signal already used
2026-09-05,05:53:42 GMT,SENTINEL V6 MULTI-WINDOW SCAN >>>
2026-09-05,05:53:42 GMT,V6.4 DIAG | 2 0 12 0.30000000000000004 0.057142857142857134 -0.3 -0.13333333333333333 -0.3 -0.1 -0.7000000000000001 7 1 0 0 1 0 2 0 0 1
2026-09-05,05:53:42 GMT,V6.4 BLOCK - journal-guarded entry/recovery gate failed or signal already used
2026-09-05,05:53:42 GMT,SENTINEL V6 MULTI-WINDOW SCAN >>>
2026-09-05,05:53:42 GMT,V6.4 DIAG | 4 1 12 0.30000000000000004 0.057142857142857134 -0.3 -0.13333333333333333 -0.3 -0.1 -0.7000000000000001 7 1 0 1 1 0 2 0 0 1
2026-09-05,05:53:42 GMT,V6.4 BLOCK - journal-guarded entry/recovery gate failed or signal already used
2026-09-05,05:53:42 GMT,SENTINEL V6 MULTI-WINDOW SCAN >>>
2026-09-05,05:53:42 GMT,V6.4 DIAG | 6 0 8 0.35000000000000003 0 -0.35000000000000003 0 -0.35 -0.1 0.1 6 2 0 0 0 0 2 1 0 1
2026-09-05,05:53:42 GMT,V6.4 BLOCK - journal-guarded entry/recovery gate failed or signal already used
2026-09-05,05:53:42 GMT,SENTINEL V6 MULTI-WINDOW SCAN >>>
2026-09-05,05:53:42 GMT,V6.4 DIAG | 5 0 8 0.35000000000000003 0 -0.35000000000000003 0 -0.35 -0.1 0.1 6 2 0 0 0 0 2 1 0 1
2026-09-05,05:53:42 GMT,V6.4 BLOCK - journal-guarded entry/recovery gate failed or signal already used
2026-09-05,05:53:42 GMT,SENTINEL V6 MULTI-WINDOW SCAN >>>
2026-09-05,05:53:42 GMT,V6.4 DIAG | 2 0 8 0.35000000000000003 0 -0.35000000000000003 0 -0.35 -0.1 0.1 6 2 0 0 0 0 2 0 0 1
2026-09-05,05:53:42 GMT,V6.4 BLOCK - journal-guarded entry/recovery gate failed or signal already used
2026-09-05,05:53:42 GMT,SENTINEL V6 MULTI-WINDOW SCAN >>>
2026-09-05,05:53:42 GMT,V6.4 DIAG | 0 0 8 0.19999999999999996 -0.028571428571428567 -0.2 0.06666666666666667 -0.6 -0.1 0.9 6 2 0 0 0 0 2 0 0 1
2026-09-05,05:53:42 GMT,V6.4 BLOCK - journal-guarded entry/recovery gate failed or signal already used
2026-09-05,05:53:42 GMT,SENTINEL V6 MULTI-WINDOW SCAN >>>
2026-09-05,05:53:42 GMT,V6.4 DIAG | 9 0 7 0.04999999999999993 0 -0.04999999999999999 0 -0.8500000000000001 -0.1 0.9 6 2 0 1 0 0 2 0 0 1
2026-09-05,05:53:42 GMT,V6.4 BLOCK - journal-guarded entry/recovery gate failed or signal already used
2026-09-05,05:53:42 GMT,SENTINEL V6 MULTI-WINDOW SCAN >>>
2026-09-05,05:53:42 GMT,V6.4 DIAG | 1 0 10 0.04999999999999993 0.05714285714285714 -0.04999999999999999 -0.13333333333333336 -1.1 -0.1 0.35000000000000003 6 2 0 1 0 0 2 0 0 1
2026-09-05,05:53:42 GMT,V6.4 BLOCK - journal-guarded entry/recovery gate failed or signal already used
2026-09-05,05:53:42 GMT,SENTINEL V6 MULTI-WINDOW SCAN >>>
2026-09-05,05:53:42 GMT,V6.4 DIAG | 2 0 9 -0.050000000000000044 0.08571428571428572 0.04999999999999999 -0.2 -1.4000000000000001 -0.1 0.35000000000000003 5 3 0 1 0 0 2 0 0 1
2026-09-05,05:53:42 GMT,V6.4 BLOCK - journal-guarded entry/recovery gate failed or signal already used
2026-09-05,05:53:42 GMT,SENTINEL V6 MULTI-WINDOW SCAN >>>
2026-09-05,05:53:42 GMT,V6.4 DIAG | 9 0 6 -0.19999999999999996 0.11428571428571428 0.19999999999999996 -0.26666666666666666 -1.65 -0.1 0.35000000000000003 4 4 0 1 0 0 2 0 0 1
2026-09-05,05:53:42 GMT,V6.4 BLOCK - journal-guarded entry/recovery gate failed or signal already used
2026-09-05,05:53:42 GMT,SENTINEL V6 MULTI-WINDOW SCAN >>>
2026-09-05,05:53:42 GMT,V6.4 DIAG | 2 0 7 -0.25 0.11428571428571428 0.25 -0.26666666666666666 -0.8500000000000002 -0.35000000000000003 -0.15 4 4 0 1 0 0 2 0 0 1
2026-09-05,05:53:42 GMT,V6.4 BLOCK - journal-guarded entry/recovery gate failed or signal already used
2026-09-05,05:53:42 GMT,SENTINEL V6 MULTI-WINDOW SCAN >>>
2026-09-05,05:53:42 GMT,V6.4 DIAG | 1 0 7 -0.19999999999999996 0.05714285714285715 0.19999999999999996 -0.13333333333333333 -0.04999999999999993 -0.4 -0.15 3 5 0 1 0 0 2 0 0 1
2026-09-05,05:53:42 GMT,V6.4 BLOCK - journal-guarded entry/recovery gate failed or signal already used
2026-09-05,05:53:42 GMT,SENTINEL V6 MULTI-WINDOW SCAN >>>
2026-09-05,05:53:42 GMT,V6.4 DIAG | 3 0 3 -0.19999999999999996 0 0.19999999999999996 0 0.7499999999999999 -0.4 -0.15 2 6 1 1 0 0 2 0 0 1
2026-09-05,05:53:42 GMT,V6.4 BLOCK - journal-guarded entry/recovery gate failed or signal already used
2026-09-05,05:53:42 GMT,SENTINEL V6 MULTI-WINDOW SCAN >>>
2026-09-05,05:53:42 GMT,V6.4 DIAG | 6 0 3 -0.15000000000000002 -0.05714285714285715 0.14999999999999997 0.13333333333333333 1.5500000000000003 -0.4 -0.2 2 6 1 1 0 0 2 0 0 1
2026-09-05,05:53:42 GMT,V6.4 BLOCK - journal-guarded entry/recovery gate failed or signal already used
2026-09-05,05:53:42 GMT,SENTINEL V6 MULTI-WINDOW SCAN >>>
2026-09-05,05:53:42 GMT,V6.4 DIAG | 7 0 3 -0.15000000000000002 -0.11428571428571428 0.14999999999999997 0.26666666666666666 2.35 -0.4 -0.2 2 6 1 1 0 0 2 0 0 1
2026-09-05,05:53:42 GMT,V6.4 BLOCK - journal-guarded entry/recovery gate failed or signal already used
2026-09-05,05:53:42 GMT,SENTINEL V6 MULTI-WINDOW SCAN >>>
2026-09-05,05:53:42 GMT,V6.4 DIAG | 7 0 2 -0.15000000000000002 -0.11428571428571428 0.14999999999999997 0.26666666666666666 1.5500000000000003 0.4 -0.2 3 5 1 1 0 0 2 0 0 1
2026-09-05,05:53:42 GMT,V6.4 BLOCK - journal-guarded entry/recovery gate failed or signal already used
2026-09-05,05:53:42 GMT,SENTINEL V6 MULTI-WINDOW SCAN >>>
2026-09-05,05:53:42 GMT,V6.4 DIAG | 7 0 3 0 -0.08571428571428572 0 0.2 1.0499999999999998 0.4 -0.25 4 4 1 1 0 0 2 0 0 1
2026-09-05,05:53:42 GMT,V6.4 BLOCK - journal-guarded entry/recovery gate failed or signal already used
2026-09-05,05:53:42 GMT,SENTINEL V6 MULTI-WINDOW SCAN >>>
2026-09-05,05:53:42 GMT,V6.4 DIAG | 7 0 3 -0.050000000000000044 -0.028571428571428574 0.04999999999999999 0.06666666666666668 0.55 0.15000000000000002 -0.25 4 4 1 1 0 0 2 0 0 1
2026-09-05,05:53:42 GMT,V6.4 BLOCK - journal-guarded entry/recovery gate failed or signal already used
2026-09-05,05:53:42 GMT,SENTINEL V6 MULTI-WINDOW SCAN >>>
2026-09-05,05:53:42 GMT,V6.4 DIAG | 7 0 8 -0.09999999999999998 0.028571428571428574 0.09999999999999998 -0.06666666666666668 0.05000000000000002 0.15000000000000002 -0.5 5 3 1 1 0 0 2 0 0 1
2026-09-05,05:53:42 GMT,V6.4 BLOCK - journal-guarded entry/recovery gate failed or signal already used
2026-09-05,05:53:42 GMT,SENTINEL V6 MULTI-WINDOW SCAN >>>
2026-09-05,05:53:42 GMT,V6.4 DIAG | 8 0 8 -0.15000000000000002 0.08571428571428572 0.15000000000000002 -0.2 -0.45 0.15000000000000002 -0.75 5 3 2 1 0 0 2 0 0 1
2026-09-05,05:53:42 GMT,V6.4 BLOCK - journal-guarded entry/recovery gate failed or signal already used
2026-09-05,05:53:42 GMT,SENTINEL V6 MULTI-WINDOW SCAN >>>
2026-09-05,05:53:42 GMT,V6.4 DIAG | 0 0 9 -0.050000000000000044 0.05714285714285714 0.050000000000000044 -0.13333333333333336 0.35000000000000003 -0.35000000000000003 -0.75 5 3 1 1 0 0 2 0 0 1
2026-09-05,05:53:42 GMT,V6.4 BLOCK - journal-guarded entry/recovery gate failed or signal already used
2026-09-05,05:53:42 GMT,SENTINEL V6 MULTI-WINDOW SCAN >>>
2026-09-05,05:53:42 GMT,V6.4 DIAG | 0 0 7 -0.050000000000000044 0.05714285714285714 0.050000000000000044 -0.13333333333333336 0.35000000000000003 -0.35000000000000003 -0.75 4 4 1 1 0 0 2 0 0 1
2026-09-05,05:53:42 GMT,V6.4 BLOCK - journal-guarded entry/recovery gate failed or signal already used
2026-09-05,05:53:42 GMT,SENTINEL V6 MULTI-WINDOW SCAN >>>
2026-09-05,05:53:42 GMT,V6.4 DIAG | 4 0 6 -0.19999999999999996 0.028571428571428574 0.2 -0.06666666666666668 0.1 0.45 -0.75 4 4 1 1 0 0 2 0 0 1
2026-09-05,05:53:42 GMT,V6.4 BLOCK - journal-guarded entry/recovery gate failed or signal already used
2026-09-05,05:53:42 GMT,SENTINEL V6 MULTI-WINDOW SCAN >>>
2026-09-05,05:53:42 GMT,V6.4 DIAG | 0 0 2 -0.19999999999999996 -0.028571428571428574 0.2 0.06666666666666668 0.1 0.45 0.05000000000000002 4 4 1 1 0 0 2 0 0 1
2026-09-05,05:53:42 GMT,V6.4 BLOCK - journal-guarded entry/recovery gate failed or signal already used
2026-09-05,05:53:42 GMT,SENTINEL V6 MULTI-WINDOW SCAN >>>
2026-09-05,05:53:42 GMT,V6.4 DIAG | 7 0 2 -0.19999999999999996 -0.08571428571428572 0.2 0.2 0.1 0.45 0.8500000000000001 3 5 1 1 0 0 2 0 0 1
2026-09-05,05:53:42 GMT,V6.4 BLOCK - journal-guarded entry/recovery gate failed or signal already used
2026-09-05,05:53:42 GMT,SENTINEL V6 MULTI-WINDOW SCAN >>>
2026-09-05,05:53:42 GMT,V6.4 DIAG | 6 0 3 -0.09999999999999998 -0.05714285714285714 0.10000000000000003 0.13333333333333336 -0.4 0.45 0.8500000000000001 4 4 1 1 0 0 2 0 0 1
2026-09-05,05:53:42 GMT,V6.4 BLOCK - journal-guarded entry/recovery gate failed or signal already used
2026-09-05,05:53:42 GMT,SENTINEL V6 MULTI-WINDOW SCAN >>>
2026-09-05,05:53:42 GMT,V6.4 DIAG | 8 0 3 -0.09999999999999998 -0.05714285714285714 0.10000000000000003 0.13333333333333336 -0.4 0.45 0.8500000000000001 4 4 1 1 0 0 2 0 0 1
2026-09-05,05:53:42 GMT,V6.4 BLOCK - journal-guarded entry/recovery gate failed or signal already used
2026-09-05,05:53:42 GMT,SENTINEL V6 MULTI-WINDOW SCAN >>>
2026-09-05,05:53:42 GMT,V6.4 DIAG | 9 0 5 -0.15000000000000002 -0.05714285714285714 0.15000000000000002 0.13333333333333336 0.4 -0.05 0.6 5 3 0 1 0 0 2 0 0 1
2026-09-05,05:53:42 GMT,V6.4 BLOCK - journal-guarded entry/recovery gate failed or signal already used
2026-09-05,05:53:42 GMT,SENTINEL V6 MULTI-WINDOW SCAN >>>
2026-09-05,05:53:42 GMT,V6.4 DIAG | 9 0 5 -0.20000000000000007 0 0.2 0 0.15000000000000002 -0.05 0.1 6 2 0 1 0 0 2 0 0 1
2026-09-05,05:53:42 GMT,V6.4 BLOCK - journal-guarded entry/recovery gate failed or signal already used
2026-09-05,05:53:42 GMT,SENTINEL V6 MULTI-WINDOW SCAN >>>
2026-09-05,05:53:42 GMT,V6.4 DIAG | 3 0 9 -0.10000000000000009 0.028571428571428567 0.09999999999999998 -0.06666666666666667 0.15000000000000002 -0.05 -0.4 6 2 0 1 0 0 2 0 0 1
2026-09-05,05:53:42 GMT,V6.4 BLOCK - journal-guarded entry/recovery gate failed or signal already used
2026-09-05,05:53:42 GMT,SENTINEL V6 MULTI-WINDOW SCAN >>>
2026-09-05,05:53:42 GMT,V6.4 DIAG | 4 0 9 -0.10000000000000009 0.028571428571428567 0.09999999999999998 -0.06666666666666667 0.15000000000000002 -0.05 -0.4 5 3 0 1 0 0 2 0 0 1
2026-09-05,05:53:42 GMT,V6.4 BLOCK - journal-guarded entry/recovery gate failed or signal already used
2026-09-05,05:53:42 GMT,SENTINEL V6 MULTI-WINDOW SCAN >>>
2026-09-05,05:53:42 GMT,V6.4 DIAG | 7 0 9 -0.20000000000000007 0.05714285714285714 0.2 -0.13333333333333336 0.15000000000000002 -0.30000000000000004 -0.45 5 3 0 1 0 0 2 0 0 1
2026-09-05,05:53:42 GMT,V6.4 BLOCK - journal-guarded entry/recovery gate failed or signal already used
2026-09-05,05:53:42 GMT,SENTINEL V6 MULTI-WINDOW SCAN >>>
2026-09-05,05:53:42 GMT,V6.4 DIAG | 6 0 9 -0.10000000000000009 0.028571428571428567 0.09999999999999998 -0.06666666666666667 -0.35000000000000003 -0.30000000000000004 0.35000000000000003 6 2 0 1 0 0 2 0 0 1
2026-09-05,05:53:42 GMT,V6.4 BLOCK - journal-guarded entry/recovery gate failed or signal already used
2026-09-05,05:53:42 GMT,SENTINEL V6 MULTI-WINDOW SCAN >>>
2026-09-05,05:53:42 GMT,V6.4 DIAG | 0 0 5 -0.25 0 0.25 0 0.45 -0.30000000000000004 0.1 5 3 1 1 0 0 2 0 0 1
2026-09-05,05:53:42 GMT,V6.4 BLOCK - journal-guarded entry/recovery gate failed or signal already used
2026-09-05,05:53:42 GMT,SENTINEL V6 MULTI-WINDOW SCAN >>>
2026-09-05,05:53:42 GMT,V6.4 DIAG | 0 0 5 -0.25 0 0.25 0 0.45 -0.30000000000000004 0.1 5 3 1 1 0 0 2 0 0 1
2026-09-05,05:53:42 GMT,V6.4 BLOCK - journal-guarded entry/recovery gate failed or signal already used
2026-09-05,05:53:42 GMT,SENTINEL V6 MULTI-WINDOW SCAN >>>
2026-09-05,05:53:42 GMT,V6.4 DIAG | 4 0 6 -0.35 0.028571428571428574 0.35 -0.06666666666666668 0.15000000000000002 -0.30000000000000004 0.1 4 4 1 1 0 0 2 0 0 1
2026-09-05,05:53:42 GMT,V6.4 BLOCK - journal-guarded entry/recovery gate failed or signal already used
2026-09-05,05:53:42 GMT,SENTINEL V6 MULTI-WINDOW SCAN >>>
2026-09-05,05:53:42 GMT,V6.4 DIAG | 9 0 2 -0.44999999999999996 0 0.44999999999999996 0 0.15000000000000002 0.45 -0.15000000000000002 4 4 1 1 0 0 2 0 0 1
2026-09-05,05:53:42 GMT,V6.4 BLOCK - journal-guarded entry/recovery gate failed or signal already used
2026-09-05,05:53:42 GMT,SENTINEL V6 MULTI-WINDOW SCAN >>>
2026-09-05,05:53:42 GMT,V6.4 DIAG | 7 0 6 -0.35 0.028571428571428574 0.35 -0.06666666666666668 0.15000000000000002 0.45 -0.65 4 4 1 1 0 0 2 0 0 1
2026-09-05,05:53:42 GMT,V6.4 BLOCK - journal-guarded entry/recovery gate failed or signal already used
2026-09-05,05:53:42 GMT,SENTINEL V6 MULTI-WINDOW SCAN >>>
2026-09-05,05:53:42 GMT,V6.4 DIAG | 3 0 3 -0.25 0 0.25 0 -0.35000000000000003 0.45 0.15000000000000002 4 4 1 1 0 0 2 0 0 1
2026-09-05,05:53:42 GMT,V6.4 BLOCK - journal-guarded entry/recovery gate failed or signal already used
2026-09-05,05:53:42 GMT,SENTINEL V6 MULTI-WINDOW SCAN >>>
2026-09-05,05:53:42 GMT,V6.4 DIAG | 4 0 3 -0.25 0 0.25 0 -0.35000000000000003 0.45 0.15000000000000002 4 4 1 1 0 0 2 0 0 1
2026-09-05,05:53:42 GMT,V6.4 BLOCK - journal-guarded entry/recovery gate failed or signal already used
2026-09-05,05:53:42 GMT,SENTINEL V6 MULTI-WINDOW SCAN >>>
2026-09-05,05:53:42 GMT,V6.4 DIAG | 8 0 2 -0.25 -0.05714285714285714 0.25 0.13333333333333336 0.45 0.45 0.15000000000000002 4 4 1 1 0 0 2 0 0 1
2026-09-05,05:53:42 GMT,V6.4 BLOCK - journal-guarded entry/recovery gate failed or signal already used
2026-09-05,05:53:42 GMT,SENTINEL V6 MULTI-WINDOW SCAN >>>
2026-09-05,05:53:42 GMT,V6.4 DIAG | 2 0 5 -0.15000000000000002 -0.08571428571428572 0.15 0.2 0.45 -0.05 0.9500000000000001 5 3 0 1 0 0 2 0 0 1
2026-09-05,05:53:42 GMT,V6.4 BLOCK - journal-guarded entry/recovery gate failed or signal already used
2026-09-05,05:53:42 GMT,SENTINEL V6 MULTI-WINDOW SCAN >>>
2026-09-05,05:53:42 GMT,V6.4 DIAG | 9 0 5 -0.15000000000000002 -0.08571428571428572 0.15 0.2 0.45 -0.05 0.9500000000000001 5 3 0 1 0 0 2 0 0 1
2026-09-05,05:53:42 GMT,V6.4 BLOCK - journal-guarded entry/recovery gate failed or signal already used
2026-09-05,05:53:42 GMT,SENTINEL V6 MULTI-WINDOW SCAN >>>
2026-09-05,05:53:42 GMT,V6.4 DIAG | 2 0 5 0 -0.057142857142857134 0 0.13333333333333333 0.45 -0.05 0.4 6 2 0 0 0 0 2 0 0 1
2026-09-05,05:53:42 GMT,V6.4 BLOCK - journal-guarded entry/recovery gate failed or signal already used
2026-09-05,05:53:42 GMT,SENTINEL V6 MULTI-WINDOW SCAN >>>
2026-09-05,05:53:42 GMT,V6.4 DIAG | 7 0 5 0 -0.057142857142857134 0 0.13333333333333333 0.45 -0.05 0.4 6 2 0 1 0 0 2 0 0 1
2026-09-05,05:53:42 GMT,V6.4 BLOCK - journal-guarded entry/recovery gate failed or signal already used
2026-09-05,05:53:42 GMT,SENTINEL V6 MULTI-WINDOW SCAN >>>
2026-09-05,05:53:42 GMT,V6.4 DIAG | 9 0 8 0.09999999999999998 -0.028571428571428567 -0.1 0.06666666666666667 -0.05 -0.05 0.4 7 1 0 1 0 0 2 0 0 1
2026-09-05,05:53:42 GMT,V6.4 BLOCK - journal-guarded entry/recovery gate failed or signal already used
2026-09-05,05:53:42 GMT,SENTINEL V6 MULTI-WINDOW SCAN >>>
2026-09-05,05:53:42 GMT,V6.4 DIAG | 6 1 9 0.19999999999999996 0 -0.2 0 -0.05 -0.05 -0.1 8 0 0 0 0 0 2 1 0 1
2026-09-05,05:53:42 GMT,V6.4 BLOCK - journal-guarded entry/recovery gate failed or signal already used
2026-09-05,05:53:42 GMT,SENTINEL V6 MULTI-WINDOW SCAN >>>
2026-09-05,05:53:42 GMT,V6.4 DIAG | 6 1 9 0.19999999999999996 0 -0.2 0 -0.05 -0.05 -0.1 8 0 0 0 0 0 2 1 0 1
2026-09-05,05:53:42 GMT,V6.4 BLOCK - journal-guarded entry/recovery gate failed or signal already used
2026-09-05,05:53:42 GMT,SENTINEL V6 MULTI-WINDOW SCAN >>>
2026-09-05,05:53:42 GMT,V6.4 DIAG | 0 1 9 0.19999999999999996 0 -0.2 0 -0.05 -0.05 -0.1 8 0 0 0 0 0 2 1 0 1
2026-09-05,05:53:42 GMT,V6.4 BLOCK - journal-guarded entry/recovery gate failed or signal already used
2026-09-05,05:53:42 GMT,SENTINEL V6 MULTI-WINDOW SCAN >>>
2026-09-05,05:53:42 GMT,V6.4 DIAG | 4 0 9 0.19999999999999996 0 -0.2 0 -0.05 -0.05 -0.1 8 0 0 0 0 0 2 1 0 1
2026-09-05,05:53:42 GMT,V6.4 BLOCK - journal-guarded entry/recovery gate failed or signal already used
2026-09-05,05:53:42 GMT,SENTINEL V6 MULTI-WINDOW SCAN >>>
2026-09-05,05:53:42 GMT,V6.4 DIAG | 3 0 9 0.19999999999999996 0 -0.2 0 -0.05 -0.05 -0.1 8 0 0 0 0 0 2 0 0 1
2026-09-05,05:53:42 GMT,V6.4 BLOCK - journal-guarded entry/recovery gate failed or signal already used
2026-09-05,05:53:42 GMT,SENTINEL V6 MULTI-WINDOW SCAN >>>
2026-09-05,05:53:42 GMT,V6.4 DIAG | 0 0 12 0.050000000000000044 0.028571428571428567 -0.04999999999999999 -0.06666666666666667 -0.05 -0.05 -0.35000000000000003 8 0 0 0 1 0 2 0 0 1
2026-09-05,05:53:42 GMT,V6.4 BLOCK - journal-guarded entry/recovery gate failed or signal already used
2026-09-05,05:53:42 GMT,SENTINEL V6 MULTI-WINDOW SCAN >>>
2026-09-05,05:53:42 GMT,V6.4 DIAG | 4 1 12 0.050000000000000044 0.028571428571428567 -0.04999999999999999 -0.06666666666666667 -0.05 -0.05 -0.35000000000000003 8 0 0 1 1 0 2 0 0 1
2026-09-05,05:53:42 GMT,V6.4 BLOCK - journal-guarded entry/recovery gate failed or signal already used
2026-09-05,05:53:42 GMT,SENTINEL V6 MULTI-WINDOW SCAN >>>
2026-09-05,05:53:42 GMT,V6.4 DIAG | 1 0 12 0.09999999999999998 0.028571428571428567 -0.1 -0.06666666666666667 -0.05 -0.1 -0.35000000000000003 7 1 0 0 1 0 2 1 0 1
2026-09-05,05:53:42 GMT,V6.4 BLOCK - journal-guarded entry/recovery gate failed or signal already used
2026-09-05,05:53:42 GMT,SENTINEL V6 MULTI-WINDOW SCAN >>>
2026-09-05,05:53:42 GMT,V6.4 DIAG | 6 0 12 0.09999999999999998 0.028571428571428567 -0.1 -0.06666666666666667 -0.05 -0.1 -0.35000000000000003 7 1 0 0 0 0 2 0 0 1
2026-09-05,05:53:42 GMT,V6.4 BLOCK - journal-guarded entry/recovery gate failed or signal already used
2026-09-05,05:53:42 GMT,SENTINEL V6 MULTI-WINDOW SCAN >>>
2026-09-05,05:53:42 GMT,V6.4 DIAG | 2 0 10 -0.04999999999999993 0.057142857142857134 0.05000000000000002 -0.13333333333333333 -0.30000000000000004 -0.1 -0.35000000000000003 7 1 0 1 0 0 2 0 0 1
2026-09-05,05:53:42 GMT,V6.4 BLOCK - journal-guarded entry/recovery gate failed or signal already used
2026-09-05,05:53:42 GMT,SENTINEL V6 MULTI-WINDOW SCAN >>>
2026-09-05,05:53:42 GMT,V6.4 DIAG | 2 0 9 -0.15000000000000002 0.028571428571428567 0.15 -0.06666666666666667 -0.30000000000000004 -0.35000000000000003 0.4 7 1 0 1 0 0 2 0 0 1
2026-09-05,05:53:42 GMT,V6.4 BLOCK - journal-guarded entry/recovery gate failed or signal already used
2026-09-05,05:53:42 GMT,SENTINEL V6 MULTI-WINDOW SCAN >>>
2026-09-05,05:53:42 GMT,V6.4 DIAG | 6 0 9 -0.10000000000000009 0.028571428571428567 0.09999999999999998 -0.06666666666666667 -0.35000000000000003 -0.35000000000000003 0.4 6 2 0 1 0 0 2 0 0 1
2026-09-05,05:53:42 GMT,V6.4 BLOCK - journal-guarded entry/recovery gate failed or signal already used
2026-09-05,05:53:42 GMT,SENTINEL V6 MULTI-WINDOW SCAN >>>
2026-09-05,05:53:42 GMT,V6.4 DIAG | 6 0 9 -0.10000000000000009 0.028571428571428567 0.09999999999999998 -0.06666666666666667 -0.35000000000000003 -0.35000000000000003 0.4 5 3 1 1 0 0 2 0 0 1
2026-09-05,05:53:42 GMT,V6.4 BLOCK - journal-guarded entry/recovery gate failed or signal already used
2026-09-05,05:53:42 GMT,SENTINEL V6 MULTI-WINDOW SCAN >>>
2026-09-05,05:53:42 GMT,V6.4 DIAG | 0 0 9 -0.10000000000000009 0.028571428571428567 0.09999999999999998 -0.06666666666666667 -0.35000000000000003 -0.35000000000000003 0.4 5 3 1 1 0 0 2 0 0 1
2026-09-05,05:53:42 GMT,V6.4 BLOCK - journal-guarded entry/recovery gate failed or signal already used
2026-09-05,05:53:42 GMT,SENTINEL V6 MULTI-WINDOW SCAN >>>
2026-09-05,05:53:42 GMT,V6.4 DIAG | 9 0 5 -0.10000000000000009 -0.028571428571428567 0.09999999999999998 0.06666666666666667 0.45 -0.35000000000000003 0.4 5 3 1 1 0 0 2 0 0 1
2026-09-05,05:53:42 GMT,V6.4 BLOCK - journal-guarded entry/recovery gate failed or signal already used
2026-09-05,05:53:42 GMT,SENTINEL V6 MULTI-WINDOW SCAN >>>
2026-09-05,05:53:42 GMT,V6.4 DIAG | 3 0 5 0 -0.057142857142857134 0 0.13333333333333333 0.45 0.45 -0.1 6 2 1 1 0 0 2 0 0 1
2026-09-05,05:53:42 GMT,V6.4 BLOCK - journal-guarded entry/recovery gate failed or signal already used
2026-09-05,05:53:42 GMT,SENTINEL V6 MULTI-WINDOW SCAN >>>
2026-09-05,05:53:42 GMT,V6.4 DIAG | 3 0 5 0 -0.057142857142857134 0 0.13333333333333333 0.45 0.45 -0.1 6 2 1 1 0 0 2 0 0 1
2026-09-05,05:53:42 GMT,V6.4 BLOCK - journal-guarded entry/recovery gate failed or signal already used
2026-09-05,05:53:42 GMT,SENTINEL V6 MULTI-WINDOW SCAN >>>
2026-09-05,05:53:42 GMT,V6.4 DIAG | 5 0 5 -0.15000000000000002 -0.028571428571428567 0.15 0.06666666666666667 0.45 0.45 -0.35000000000000003 6 2 1 1 0 0 2 0 0 1
2026-09-05,05:53:42 GMT,V6.4 BLOCK - journal-guarded entry/recovery gate failed or signal already used
2026-09-05,05:53:42 GMT,SENTINEL V6 MULTI-WINDOW SCAN >>>
2026-09-05,05:53:42 GMT,V6.4 DIAG | 7 0 5 -0.10000000000000009 -0.028571428571428567 0.09999999999999998 0.06666666666666667 0.45 0.45 -0.4 6 2 1 1 0 0 2 0 0 1
2026-09-05,05:53:42 GMT,V6.4 BLOCK - journal-guarded entry/recovery gate failed or signal already used
2026-09-05,05:53:42 GMT,SENTINEL V6 MULTI-WINDOW SCAN >>>
2026-09-05,05:53:42 GMT,V6.4 DIAG | 8 0 6 0 0 0 0 -0.05 0.45 -0.4 6 2 1 1 0 0 2 0 0 1
2026-09-05,05:53:42 GMT,V6.4 BLOCK - journal-guarded entry/recovery gate failed or signal already used
2026-09-05,05:53:42 GMT,SENTINEL V6 MULTI-WINDOW SCAN >>>
2026-09-05,05:53:42 GMT,V6.4 DIAG | 0 0 12 0.09999999999999998 0.028571428571428567 -0.1 -0.06666666666666667 -0.05 -0.05 -0.4 7 1 0 0 1 0 2 0 0 1
2026-09-05,05:53:42 GMT,V6.4 BLOCK - journal-guarded entry/recovery gate failed or signal already used
2026-09-05,05:53:42 GMT,SENTINEL V6 MULTI-WINDOW SCAN >>>
2026-09-05,05:53:42 GMT,V6.4 DIAG | 4 0 12 0.15000000000000002 0.028571428571428567 -0.15 -0.06666666666666667 -0.05 -0.05 -0.45 7 1 0 0 1 0 2 0 0 1
2026-09-05,05:53:42 GMT,V6.4 BLOCK - journal-guarded entry/recovery gate failed or signal already used
2026-09-05,05:53:42 GMT,SENTINEL V6 MULTI-WINDOW SCAN >>>
2026-09-05,05:53:42 GMT,V6.4 DIAG | 1 0 8 0.15000000000000002 -0.028571428571428567 -0.15 0.06666666666666667 -0.05 -0.05 0.35000000000000003 7 1 0 0 0 0 2 0 0 1
2026-09-05,05:53:42 GMT,V6.4 BLOCK - journal-guarded entry/recovery gate failed or signal already used
2026-09-05,05:53:42 GMT,SENTINEL V6 MULTI-WINDOW SCAN >>>
2026-09-05,05:53:42 GMT,V6.4 DIAG | 4 0 8 0.20000000000000007 -0.028571428571428567 -0.19999999999999998 0.06666666666666667 -0.1 -0.05 0.35000000000000003 7 1 0 0 0 0 2 0 0 1
2026-09-05,05:53:42 GMT,V6.4 BLOCK - journal-guarded entry/recovery gate failed or signal already used
2026-09-05,05:53:42 GMT,SENTINEL V6 MULTI-WINDOW SCAN >>>
2026-09-05,05:53:42 GMT,V6.4 DIAG | 3 0 8 0.25 -0.028571428571428567 -0.24999999999999997 0.06666666666666667 -0.1 -0.05 0.30000000000000004 7 1 0 0 0 0 2 0 0 1
2026-09-05,05:53:42 GMT,V6.4 BLOCK - journal-guarded entry/recovery gate failed or signal already used
2026-09-05,05:53:42 GMT,SENTINEL V6 MULTI-WINDOW SCAN >>>
2026-09-05,05:53:42 GMT,V6.4 DIAG | 4 0 8 0.25 -0.028571428571428567 -0.24999999999999997 0.06666666666666667 -0.1 -0.05 0.30000000000000004 7 1 0 0 0 0 2 0 0 1
2026-09-05,05:53:42 GMT,V6.4 BLOCK - journal-guarded entry/recovery gate failed or signal already used
2026-09-05,05:53:42 GMT,SENTINEL V6 MULTI-WINDOW SCAN >>>
2026-09-05,05:53:42 GMT,V6.4 DIAG | 9 0 8 0.25 -0.028571428571428567 -0.24999999999999997 0.06666666666666667 -0.1 -0.05 0.30000000000000004 7 1 0 0 0 0 2 0 0 1
2026-09-05,05:53:42 GMT,V6.4 BLOCK - journal-guarded entry/recovery gate failed or signal already used
2026-09-05,05:53:42 GMT,SENTINEL V6 MULTI-WINDOW SCAN >>>
2026-09-05,05:53:42 GMT,V6.4 DIAG | 6 1 12 0.25 0.028571428571428567 -0.24999999999999997 -0.06666666666666667 -0.1 -0.30000000000000004 -0.25 8 0 0 0 1 0 2 1 0 1
2026-09-05,05:53:42 GMT,V6.4 BLOCK - journal-guarded entry/recovery gate failed or signal already used
2026-09-05,05:53:42 GMT,SENTINEL V6 MULTI-WINDOW SCAN >>>
2026-09-05,05:53:42 GMT,V6.4 DIAG | 6 1 12 0.25 0.028571428571428567 -0.24999999999999997 -0.06666666666666667 -0.1 -0.30000000000000004 -0.25 8 0 0 0 1 0 2 1 0 1
2026-09-05,05:53:42 GMT,V6.4 BLOCK - journal-guarded entry/recovery gate failed or signal already used
2026-09-05,05:53:42 GMT,SENTINEL V6 MULTI-WINDOW SCAN >>>
2026-09-05,05:53:42 GMT,V6.4 DIAG | 2 0 12 0.25 0.028571428571428567 -0.24999999999999997 -0.06666666666666667 -0.1 -0.30000000000000004 -0.25 7 1 1 0 0 0 2 1 0 1
2026-09-05,05:53:42 GMT,V6.4 BLOCK - journal-guarded entry/recovery gate failed or signal already used
2026-09-05,05:53:42 GMT,SENTINEL V6 MULTI-WINDOW SCAN >>>
2026-09-05,05:53:42 GMT,V6.4 DIAG | 0 0 12 0.15000000000000002 0.057142857142857134 -0.14999999999999997 -0.13333333333333333 -0.15 -0.30000000000000004 -0.5 7 1 1 0 0 0 2 0 0 1
2026-09-05,05:53:42 GMT,V6.4 BLOCK - journal-guarded entry/recovery gate failed or signal already used
2026-09-05,05:53:42 GMT,SENTINEL V6 MULTI-WINDOW SCAN >>>
2026-09-05,05:53:42 GMT,V6.4 DIAG | 0 0 10 0 0.08571428571428572 0 -0.2 -0.4 -0.30000000000000004 -0.5 7 1 1 0 0 0 2 0 0 1
2026-09-05,05:53:42 GMT,V6.4 BLOCK - journal-guarded entry/recovery gate failed or signal already used
2026-09-05,05:53:42 GMT,SENTINEL V6 MULTI-WINDOW SCAN >>>
2026-09-05,05:53:42 GMT,V6.4 DIAG | 2 0 9 0 0.028571428571428567 0 -0.06666666666666667 -0.4 0.5 -0.5 6 2 1 1 0 0 2 0 0 1
2026-09-05,05:53:42 GMT,V6.4 BLOCK - journal-guarded entry/recovery gate failed or signal already used
2026-09-05,05:53:42 GMT,SENTINEL V6 MULTI-WINDOW SCAN >>>
2026-09-05,05:53:42 GMT,V6.4 DIAG | 2 0 10 0.04999999999999993 0.028571428571428567 -0.04999999999999999 -0.06666666666666667 -0.45 0.5 -0.5 5 3 1 1 0 0 2 0 0 1
2026-09-05,05:53:42 GMT,V6.4 BLOCK - journal-guarded entry/recovery gate failed or signal already used
2026-09-05,05:53:42 GMT,SENTINEL V6 MULTI-WINDOW SCAN >>>
2026-09-05,05:53:42 GMT,V6.4 DIAG | 3 0 10 0.04999999999999993 0.028571428571428567 -0.04999999999999999 -0.06666666666666667 -0.45 0.5 -0.5 5 3 1 1 0 0 2 0 0 1
2026-09-05,05:53:42 GMT,V6.4 BLOCK - journal-guarded entry/recovery gate failed or signal already used
2026-09-05,05:53:42 GMT,SENTINEL V6 MULTI-WINDOW SCAN >>>
2026-09-05,05:53:42 GMT,V6.4 DIAG | 0 0 6 0.04999999999999993 -0.028571428571428567 -0.04999999999999999 0.06666666666666667 -0.45 0.5 0.30000000000000004 5 3 1 1 0 0 2 0 0 1
2026-09-05,05:53:42 GMT,V6.4 BLOCK - journal-guarded entry/recovery gate failed or signal already used
2026-09-05,05:53:42 GMT,SENTINEL V6 MULTI-WINDOW SCAN >>>
2026-09-05,05:53:42 GMT,V6.4 DIAG | 8 0 5 0.04999999999999993 -0.08571428571428572 -0.04999999999999999 0.2 0.35000000000000003 0.5 0.30000000000000004 5 3 1 1 0 0 2 0 0 1
2026-09-05,05:53:42 GMT,V6.4 BLOCK - journal-guarded entry/recovery gate failed or signal already used
2026-09-05,05:53:42 GMT,SENTINEL V6 MULTI-WINDOW SCAN >>>
2026-09-05,05:53:42 GMT,V6.4 DIAG | 4 0 7 0.15000000000000002 -0.057142857142857134 -0.14999999999999997 0.13333333333333333 0.35000000000000003 0 0.30000000000000004 6 2 0 0 0 0 2 0 0 1
2026-09-05,05:53:42 GMT,V6.4 BLOCK - journal-guarded entry/recovery gate failed or signal already used
2026-09-05,05:53:42 GMT,SENTINEL V6 MULTI-WINDOW SCAN >>>
2026-09-05,05:53:42 GMT,V6.4 DIAG | 2 0 6 0.04999999999999993 -0.028571428571428567 -0.04999999999999999 0.06666666666666667 0.30000000000000004 0 0.05000000000000002 6 2 0 0 0 0 2 0 0 1
2026-09-05,05:53:42 GMT,V6.4 BLOCK - journal-guarded entry/recovery gate failed or signal already used
2026-09-05,05:53:42 GMT,SENTINEL V6 MULTI-WINDOW SCAN >>>
2026-09-05,05:53:42 GMT,V6.4 DIAG | 9 0 6 0.04999999999999993 -0.028571428571428567 -0.04999999999999999 0.06666666666666667 0.30000000000000004 0 0.05000000000000002 6 2 0 1 0 0 2 0 0 1
2026-09-05,05:53:42 GMT,V6.4 BLOCK - journal-guarded entry/recovery gate failed or signal already used
2026-09-05,05:53:42 GMT,SENTINEL V6 MULTI-WINDOW SCAN >>>
2026-09-05,05:53:42 GMT,V6.4 DIAG | 7 0 8 0.20000000000000007 0 -0.2 0 0.25 0 -0.45 6 2 0 0 0 0 2 1 0 1
2026-09-05,05:53:42 GMT,V6.4 BLOCK - journal-guarded entry/recovery gate failed or signal already used
2026-09-05,05:53:42 GMT,SENTINEL V6 MULTI-WINDOW SCAN >>>
2026-09-05,05:53:42 GMT,V6.4 DIAG | 6 0 12 0.15000000000000002 0.057142857142857134 -0.14999999999999997 -0.13333333333333333 -0.25 0 -0.7000000000000001 7 1 0 0 1 0 2 1 0 1
2026-09-05,05:53:42 GMT,V6.4 BLOCK - journal-guarded entry/recovery gate failed or signal already used
2026-09-05,05:53:42 GMT,SENTINEL V6 MULTI-WINDOW SCAN >>>
2026-09-05,05:53:42 GMT,V6.4 DIAG | 6 0 12 0.15000000000000002 0.057142857142857134 -0.14999999999999997 -0.13333333333333333 -0.25 0 -0.7000000000000001 7 1 0 0 1 0 2 0 0 1
2026-09-05,05:53:42 GMT,V6.4 BLOCK - journal-guarded entry/recovery gate failed or signal already used
2026-09-05,05:53:42 GMT,SENTINEL V6 MULTI-WINDOW SCAN >>>
2026-09-05,05:53:42 GMT,V6.4 DIAG | 2 0 9 0 0.028571428571428567 0 -0.06666666666666667 -0.5 0 0.1 6 2 0 1 0 0 2 0 0 1
2026-09-05,05:53:42 GMT,V6.4 BLOCK - journal-guarded entry/recovery gate failed or signal already used
2026-09-05,05:53:42 GMT,SENTINEL V6 MULTI-WINDOW SCAN >>>
2026-09-05,05:53:42 GMT,V6.4 DIAG | 5 0 10 -0.15000000000000002 0.05714285714285714 0.15000000000000002 -0.13333333333333336 -0.5 0 -0.15000000000000002 6 2 0 1 0 0 2 0 0 1
2026-09-05,05:53:42 GMT,V6.4 BLOCK - journal-guarded entry/recovery gate failed or signal already used
2026-09-05,05:53:42 GMT,SENTINEL V6 MULTI-WINDOW SCAN >>>
2026-09-05,05:53:42 GMT,V6.4 DIAG | 4 0 10 -0.15000000000000002 0.05714285714285714 0.15000000000000002 -0.13333333333333336 -0.5 0 -0.15000000000000002 5 3 0 1 0 0 2 0 0 1
2026-09-05,05:53:42 GMT,V6.4 BLOCK - journal-guarded entry/recovery gate failed or signal already used
2026-09-05,05:53:42 GMT,SENTINEL V6 MULTI-WINDOW SCAN >>>
2026-09-05,05:53:42 GMT,V6.4 DIAG | 3 0 4 -0.15000000000000002 0 0.15000000000000002 0 -0.5 0 0.65 4 4 0 1 0 0 2 0 0 1
2026-09-05,05:53:42 GMT,V6.4 BLOCK - journal-guarded entry/recovery gate failed or signal already used
2026-09-05,05:53:42 GMT,SENTINEL V6 MULTI-WINDOW SCAN >>>
2026-09-05,05:53:42 GMT,V6.4 DIAG | 9 0 7 -0.30000000000000004 0.028571428571428574 0.3 -0.06666666666666668 -0.5 0 0.4 4 4 0 1 0 0 2 0 0 1
2026-09-05,05:53:42 GMT,V6.4 BLOCK - journal-guarded entry/recovery gate failed or signal already used
2026-09-05,05:53:42 GMT,SENTINEL V6 MULTI-WINDOW SCAN >>>
2026-09-05,05:53:42 GMT,V6.4 DIAG | 5 0 6 -0.20000000000000007 0 0.2 0 0.30000000000000004 0 -0.10000000000000003 5 3 0 1 0 0 2 0 0 1
2026-09-05,05:53:42 GMT,V6.4 BLOCK - journal-guarded entry/recovery gate failed or signal already used
2026-09-05,05:53:42 GMT,SENTINEL V6 MULTI-WINDOW SCAN >>>
2026-09-05,05:53:42 GMT,V6.4 DIAG | 4 0 3 -0.20000000000000007 -0.05714285714285714 0.2 0.13333333333333336 0.30000000000000004 0 0.7 4 4 0 1 0 0 2 0 0 1
2026-09-05,05:53:42 GMT,V6.4 BLOCK - journal-guarded entry/recovery gate failed or signal already used
2026-09-05,05:53:42 GMT,SENTINEL V6 MULTI-WINDOW SCAN >>>
2026-09-05,05:53:42 GMT,V6.4 DIAG | 9 0 3 -0.30000000000000004 -0.028571428571428574 0.3 0.06666666666666668 0.05000000000000002 0 0.65 4 4 0 1 0 0 2 0 0 1
2026-09-05,05:53:42 GMT,V6.4 BLOCK - journal-guarded entry/recovery gate failed or signal already used
2026-09-05,05:53:42 GMT,SENTINEL V6 MULTI-WINDOW SCAN >>>
2026-09-05,05:53:42 GMT,V6.4 DIAG | 0 0 5 -0.15000000000000002 0 0.15000000000000002 0 0.05000000000000002 0 0.1 5 3 0 1 0 0 2 0 0 1
2026-09-05,05:53:42 GMT,V6.4 BLOCK - journal-guarded entry/recovery gate failed or signal already used
2026-09-05,05:53:42 GMT,SENTINEL V6 MULTI-WINDOW SCAN >>>
2026-09-05,05:53:42 GMT,V6.4 DIAG | 7 0 3 -0.15000000000000002 -0.05714285714285714 0.15000000000000002 0.13333333333333336 0.05000000000000002 0 0.9 4 4 0 1 0 0 2 0 0 1
2026-09-05,05:53:42 GMT,V6.4 BLOCK - journal-guarded entry/recovery gate failed or signal already used
2026-09-05,05:53:42 GMT,SENTINEL V6 MULTI-WINDOW SCAN >>>
2026-09-05,05:53:42 GMT,V6.4 DIAG | 9 0 6 -0.20000000000000007 0 0.2 0 -0.7000000000000001 0 0.9 5 3 0 1 0 0 2 0 0 1
2026-09-05,05:53:42 GMT,V6.4 BLOCK - journal-guarded entry/recovery gate failed or signal already used
2026-09-05,05:53:42 GMT,SENTINEL V6 MULTI-WINDOW SCAN >>>
2026-09-05,05:53:42 GMT,V6.4 DIAG | 6 0 9 -0.10000000000000009 0.028571428571428567 0.09999999999999998 -0.06666666666666667 -0.7000000000000001 0 0.4 6 2 0 1 0 0 2 0 0 1
2026-09-05,05:53:42 GMT,V6.4 BLOCK - journal-guarded entry/recovery gate failed or signal already used
2026-09-05,05:53:42 GMT,SENTINEL V6 MULTI-WINDOW SCAN >>>
2026-09-05,05:53:42 GMT,V6.4 DIAG | 0 0 5 -0.10000000000000009 -0.028571428571428567 0.09999999999999998 0.06666666666666667 0.1 0 0.4 5 3 0 1 0 0 2 0 0 1
2026-09-05,05:53:42 GMT,V6.4 BLOCK - journal-guarded entry/recovery gate failed or signal already used
2026-09-05,05:53:42 GMT,SENTINEL V6 MULTI-WINDOW SCAN >>>
2026-09-05,05:53:42 GMT,V6.4 DIAG | 9 0 5 -0.10000000000000009 -0.028571428571428567 0.09999999999999998 0.06666666666666667 0.1 0 0.4 5 3 0 1 0 0 2 0 0 1
2026-09-05,05:53:42 GMT,V6.4 BLOCK - journal-guarded entry/recovery gate failed or signal already used
2026-09-05,05:53:42 GMT,SENTINEL V6 MULTI-WINDOW SCAN >>>
2026-09-05,05:53:42 GMT,V6.4 DIAG | 4 0 6 0 0 0 0 0.1 0 -0.1 6 2 0 0 0 0 2 0 0 1
2026-09-05,05:53:42 GMT,V6.4 BLOCK - journal-guarded entry/recovery gate failed or signal already used
2026-09-05,05:53:42 GMT,SENTINEL V6 MULTI-WINDOW SCAN >>>
2026-09-05,05:53:42 GMT,V6.4 DIAG | 1 0 6 -0.10000000000000009 -0.028571428571428567 0.09999999999999998 0.06666666666666667 0.65 0 -0.15 6 2 0 1 0 0 2 0 0 1
2026-09-05,05:53:42 GMT,V6.4 BLOCK - journal-guarded entry/recovery gate failed or signal already used
2026-09-05,05:53:42 GMT,SENTINEL V6 MULTI-WINDOW SCAN >>>
2026-09-05,05:53:42 GMT,V6.4 DIAG | 7 0 6 -0.050000000000000044 -0.028571428571428567 0.04999999999999999 0.06666666666666667 0.65 -0.05 -0.15 6 2 0 1 0 0 2 0 0 1
2026-09-05,05:53:42 GMT,V6.4 BLOCK - journal-guarded entry/recovery gate failed or signal already used
2026-09-05,05:53:42 GMT,SENTINEL V6 MULTI-WINDOW SCAN >>>
2026-09-05,05:53:42 GMT,V6.4 DIAG | 3 0 10 -0.10000000000000009 0.028571428571428567 0.09999999999999998 -0.06666666666666667 -0.10000000000000003 -0.05 -0.15 6 2 0 1 0 0 2 0 0 1
2026-09-05,05:53:42 GMT,V6.4 BLOCK - journal-guarded entry/recovery gate failed or signal already used
2026-09-05,05:53:42 GMT,SENTINEL V6 MULTI-WINDOW SCAN >>>
2026-09-05,05:53:42 GMT,V6.4 DIAG | 6 0 10 -0.10000000000000009 0.028571428571428567 0.09999999999999998 -0.06666666666666667 -0.10000000000000003 -0.05 -0.15 6 2 0 1 0 0 2 0 0 1
2026-09-05,05:53:42 GMT,V6.4 BLOCK - journal-guarded entry/recovery gate failed or signal already used
2026-09-05,05:53:42 GMT,SENTINEL V6 MULTI-WINDOW SCAN >>>
2026-09-05,05:53:42 GMT,V6.4 DIAG | 7 0 10 -0.10000000000000009 0.028571428571428567 0.09999999999999998 -0.06666666666666667 -0.10000000000000003 -0.05 -0.15 5 3 0 1 0 0 2 0 0 1
2026-09-05,05:53:42 GMT,V6.4 BLOCK - journal-guarded entry/recovery gate failed or signal already used
2026-09-05,05:53:42 GMT,SENTINEL V6 MULTI-WINDOW SCAN >>>
2026-09-05,05:53:42 GMT,V6.4 DIAG | 2 0 6 0 0 0 0 0.2 -0.05 -0.15 6 2 0 0 0 0 2 0 0 1
2026-09-05,05:53:42 GMT,V6.4 BLOCK - journal-guarded entry/recovery gate failed or signal already used
2026-09-05,05:53:42 GMT,SENTINEL V6 MULTI-WINDOW SCAN >>>
2026-09-05,05:53:42 GMT,V6.4 DIAG | 1 0 6 0 0 0 0 0.2 -0.05 -0.15 6 2 0 0 0 0 2 0 0 1
2026-09-05,05:53:42 GMT,V6.4 BLOCK - journal-guarded entry/recovery gate failed or signal already used
2026-09-05,05:53:42 GMT,SENTINEL V6 MULTI-WINDOW SCAN >>>
2026-09-05,05:53:42 GMT,V6.4 DIAG | 0 0 8 0.050000000000000044 -0.057142857142857134 -0.04999999999999999 0.13333333333333333 1 -0.1 -0.15 6 2 0 0 0 0 2 0 0 1
2026-09-05,05:53:42 GMT,V6.4 BLOCK - journal-guarded entry/recovery gate failed or signal already used
2026-09-05,05:53:42 GMT,SENTINEL V6 MULTI-WINDOW SCAN >>>
2026-09-05,05:53:42 GMT,V6.4 DIAG | 4 0 8 0.050000000000000044 -0.057142857142857134 -0.04999999999999999 0.13333333333333333 1 -0.1 -0.15 6 2 0 0 0 0 2 0 0 1
2026-09-05,05:53:42 GMT,V6.4 BLOCK - journal-guarded entry/recovery gate failed or signal already used
2026-09-05,05:53:42 GMT,SENTINEL V6 MULTI-WINDOW SCAN >>>
2026-09-05,05:53:42 GMT,V6.4 DIAG | 7 0 8 0.050000000000000044 -0.057142857142857134 -0.04999999999999999 0.13333333333333333 1 -0.1 -0.15 6 2 0 1 0 0 2 0 0 1
2026-09-05,05:53:42 GMT,V6.4 BLOCK - journal-guarded entry/recovery gate failed or signal already used
2026-09-05,05:53:42 GMT,SENTINEL V6 MULTI-WINDOW SCAN >>>
2026-09-05,05:53:42 GMT,V6.4 DIAG | 4 0 8 0.15000000000000002 -0.028571428571428567 -0.15 0.06666666666666667 0.5 -0.1 -0.15 7 1 0 0 0 0 2 0 0 1
2026-09-05,05:53:42 GMT,V6.4 BLOCK - journal-guarded entry/recovery gate failed or signal already used
2026-09-05,05:53:42 GMT,SENTINEL V6 MULTI-WINDOW SCAN >>>
2026-09-05,05:53:42 GMT,V6.4 DIAG | 7 0 8 0.20000000000000007 -0.028571428571428567 -0.19999999999999998 0.06666666666666667 0.45 -0.1 -0.15 7 1 0 0 0 0 2 0 0 1
2026-09-05,05:53:42 GMT,V6.4 BLOCK - journal-guarded entry/recovery gate failed or signal already used
2026-09-05,05:53:42 GMT,SENTINEL V6 MULTI-WINDOW SCAN >>>
2026-09-05,05:53:42 GMT,V6.4 DIAG | 1 0 12 0.20000000000000007 0.028571428571428567 -0.19999999999999998 -0.06666666666666667 -0.05 -0.15 -0.4 8 0 0 0 0 0 2 1 0 1
2026-09-05,05:53:42 GMT,V6.4 BLOCK - journal-guarded entry/recovery gate failed or signal already used
2026-09-05,05:53:42 GMT,SENTINEL V6 MULTI-WINDOW SCAN >>>
2026-09-05,05:53:42 GMT,V6.4 DIAG | 5 0 12 0.10000000000000009 0.057142857142857134 -0.09999999999999998 -0.13333333333333333 -0.1 -0.15 -0.65 8 0 0 0 1 0 2 0 0 1
2026-09-05,05:53:42 GMT,V6.4 BLOCK - journal-guarded entry/recovery gate failed or signal already used
2026-09-05,05:53:42 GMT,SENTINEL V6 MULTI-WINDOW SCAN >>>
2026-09-05,05:53:42 GMT,V6.4 DIAG | 5 0 12 0.10000000000000009 0.057142857142857134 -0.09999999999999998 -0.13333333333333333 -0.1 -0.15 -0.65 7 1 0 0 1 0 2 0 0 1
2026-09-05,05:53:42 GMT,V6.4 BLOCK - journal-guarded entry/recovery gate failed or signal already used
2026-09-05,05:53:42 GMT,SENTINEL V6 MULTI-WINDOW SCAN >>>
2026-09-05,05:53:42 GMT,V6.4 DIAG | 6 0 12 0.15000000000000002 0.057142857142857134 -0.14999999999999997 -0.13333333333333333 -0.1 -0.15 -0.7000000000000001 6 2 0 1 1 0 2 0 0 1
2026-09-05,05:53:42 GMT,V6.4 BLOCK - journal-guarded entry/recovery gate failed or signal already used
2026-09-05,05:53:42 GMT,SENTINEL V6 MULTI-WINDOW SCAN >>>
2026-09-05,05:53:42 GMT,V6.4 DIAG | 0 0 12 0.20000000000000007 0.057142857142857134 -0.2 -0.13333333333333333 -0.1 -0.2 -0.7000000000000001 6 2 0 0 1 0 2 0 0 1
2026-09-05,05:53:42 GMT,V6.4 BLOCK - journal-guarded entry/recovery gate failed or signal already used
2026-09-05,05:53:42 GMT,SENTINEL V6 MULTI-WINDOW SCAN >>>
2026-09-05,05:53:42 GMT,V6.4 DIAG | 2 0 8 0.20000000000000007 0 -0.2 0 -0.1 -0.2 0.1 6 2 0 0 0 0 2 0 0 1
2026-09-05,05:53:42 GMT,V6.4 BLOCK - journal-guarded entry/recovery gate failed or signal already used
2026-09-05,05:53:42 GMT,SENTINEL V6 MULTI-WINDOW SCAN >>>
2026-09-05,05:53:42 GMT,V6.4 DIAG | 3 0 8 0.25 -0.057142857142857134 -0.25 0.13333333333333333 -0.15 -0.2 0.9 6 2 0 0 0 0 2 0 0 1
2026-09-05,05:53:42 GMT,V6.4 BLOCK - journal-guarded entry/recovery gate failed or signal already used
2026-09-05,05:53:42 GMT,SENTINEL V6 MULTI-WINDOW SCAN >>>
2026-09-05,05:53:42 GMT,V6.4 DIAG | 5 0 8 0.25 -0.057142857142857134 -0.25 0.13333333333333333 -0.15 -0.2 0.9 6 2 0 0 0 0 2 0 0 1
2026-09-05,05:53:42 GMT,V6.4 BLOCK - journal-guarded entry/recovery gate failed or signal already used
2026-09-05,05:53:42 GMT,SENTINEL V6 MULTI-WINDOW SCAN >>>
2026-09-05,05:53:42 GMT,V6.4 DIAG | 4 0 8 0.09999999999999998 -0.028571428571428567 -0.10000000000000003 0.06666666666666667 -0.15 -0.2 0.65 6 2 0 0 0 0 2 0 0 1
2026-09-05,05:53:42 GMT,V6.4 BLOCK - journal-guarded entry/recovery gate failed or signal already used
2026-09-05,05:53:42 GMT,SENTINEL V6 MULTI-WINDOW SCAN >>>
2026-09-05,05:53:42 GMT,V6.4 DIAG | 9 0 6 -0.050000000000000044 0 0.050000000000000044 0 -0.15 -0.45 0.65 6 2 0 1 0 0 2 0 0 1
2026-09-05,05:53:42 GMT,V6.4 BLOCK - journal-guarded entry/recovery gate failed or signal already used
2026-09-05,05:53:42 GMT,SENTINEL V6 MULTI-WINDOW SCAN >>>
2026-09-05,05:53:42 GMT,V6.4 DIAG | 9 0 10 0.04999999999999993 0.028571428571428567 -0.04999999999999999 -0.06666666666666667 -0.15 -0.45 0.15000000000000002 6 2 0 1 0 0 2 0 0 1
2026-09-05,05:53:42 GMT,V6.4 BLOCK - journal-guarded entry/recovery gate failed or signal already used
2026-09-05,05:53:42 GMT,SENTINEL V6 MULTI-WINDOW SCAN >>>
2026-09-05,05:53:42 GMT,V6.4 DIAG | 2 0 12 0.15000000000000002 0.057142857142857134 -0.14999999999999997 -0.13333333333333333 -0.15 -0.45 -0.35000000000000003 6 2 1 1 1 0 2 0 0 1
2026-09-05,05:53:42 GMT,V6.4 BLOCK - journal-guarded entry/recovery gate failed or signal already used
2026-09-05,05:53:42 GMT,SENTINEL V6 MULTI-WINDOW SCAN >>>
2026-09-05,05:53:42 GMT,V6.4 DIAG | 6 0 12 0.20000000000000007 0.057142857142857134 -0.2 -0.13333333333333333 -0.2 -0.45 -0.35000000000000003 6 2 1 0 1 0 2 0 0 1
2026-09-05,05:53:42 GMT,V6.4 BLOCK - journal-guarded entry/recovery gate failed or signal already used
2026-09-05,05:53:42 GMT,SENTINEL V6 MULTI-WINDOW SCAN >>>
2026-09-05,05:53:42 GMT,V6.4 DIAG | 5 0 8 0.25 0 -0.25 0 -0.25 -0.45 0.45 6 2 1 0 0 0 2 0 0 1
2026-09-05,05:53:42 GMT,V6.4 BLOCK - journal-guarded entry/recovery gate failed or signal already used
2026-09-05,05:53:42 GMT,SENTINEL V6 MULTI-WINDOW SCAN >>>
2026-09-05,05:53:42 GMT,V6.4 DIAG | 5 0 7 0.30000000000000004 -0.057142857142857134 -0.3 0.13333333333333333 -0.25 0.30000000000000004 0.45 6 2 1 1 0 0 2 0 0 1
2026-09-05,05:53:42 GMT,V6.4 BLOCK - journal-guarded entry/recovery gate failed or signal already used
2026-09-05,05:53:42 GMT,SENTINEL V6 MULTI-WINDOW SCAN >>>
2026-09-05,05:53:42 GMT,V6.4 DIAG | 5 0 8 0.19999999999999996 -0.028571428571428567 -0.2 0.06666666666666667 -0.25 0 0.45 6 2 1 1 0 0 2 0 0 1
2026-09-05,05:53:42 GMT,V6.4 BLOCK - journal-guarded entry/recovery gate failed or signal already used
2026-09-05,05:53:42 GMT,SENTINEL V6 MULTI-WINDOW SCAN >>>
2026-09-05,05:53:42 GMT,V6.4 DIAG | 3 0 8 0.24999999999999994 -0.028571428571428567 -0.25000000000000006 0.06666666666666667 -0.3 0 0.45 6 2 1 0 0 0 2 0 0 1
2026-09-05,05:53:42 GMT,V6.4 BLOCK - journal-guarded entry/recovery gate failed or signal already used
2026-09-05,05:53:42 GMT,SENTINEL V6 MULTI-WINDOW SCAN >>>
2026-09-05,05:53:42 GMT,V6.4 DIAG | 9 0 7 0.24999999999999994 -0.028571428571428567 -0.25000000000000006 0.06666666666666667 -0.3 0 0.45 5 3 2 1 0 0 2 0 0 1
2026-09-05,05:53:42 GMT,V6.4 BLOCK - journal-guarded entry/recovery gate failed or signal already used
2026-09-05,05:53:42 GMT,SENTINEL V6 MULTI-WINDOW SCAN >>>
2026-09-05,05:53:42 GMT,V6.4 DIAG | 8 0 8 0.4 0 -0.39999999999999997 0 -0.3 0 -0.1 6 2 2 0 0 0 2 0 0 1
2026-09-05,05:53:42 GMT,V6.4 BLOCK - journal-guarded entry/recovery gate failed or signal already used
2026-09-05,05:53:42 GMT,SENTINEL V6 MULTI-WINDOW SCAN >>>
2026-09-05,05:53:42 GMT,V6.4 DIAG | 3 0 12 0.35000000000000003 0.057142857142857134 -0.35000000000000003 -0.13333333333333333 -0.55 -0.5 -0.1 7 1 1 0 1 0 2 0 0 1
2026-09-05,05:53:42 GMT,V6.4 BLOCK - journal-guarded entry/recovery gate failed or signal already used
2026-09-05,05:53:42 GMT,SENTINEL V6 MULTI-WINDOW SCAN >>>
2026-09-05,05:53:42 GMT,V6.4 DIAG | 3 0 11 0.19999999999999996 0.028571428571428567 -0.2 -0.06666666666666667 -0.55 0.05000000000000002 -0.1 7 1 1 0 0 0 2 0 0 1
2026-09-05,05:53:42 GMT,V6.4 BLOCK - journal-guarded entry/recovery gate failed or signal already used
2026-09-05,05:53:42 GMT,SENTINEL V6 MULTI-WINDOW SCAN >>>
2026-09-05,05:53:42 GMT,V6.4 DIAG | 5 0 10 0.04999999999999993 0.05714285714285714 -0.04999999999999999 -0.13333333333333336 -0.8 0.05000000000000002 -0.1 6 2 1 0 0 0 2 0 0 1
2026-09-05,05:53:42 GMT,V6.4 BLOCK - journal-guarded entry/recovery gate failed or signal already used
2026-09-05,05:53:42 GMT,SENTINEL V6 MULTI-WINDOW SCAN >>>
2026-09-05,05:53:42 GMT,V6.4 DIAG | 0 0 9 0.04999999999999993 0.05714285714285714 -0.04999999999999999 -0.13333333333333336 -0.8 0.05000000000000002 -0.1 5 3 2 1 0 0 2 0 0 1
2026-09-05,05:53:42 GMT,V6.4 BLOCK - journal-guarded entry/recovery gate failed or signal already used
2026-09-05,05:53:42 GMT,SENTINEL V6 MULTI-WINDOW SCAN >>>
2026-09-05,05:53:42 GMT,V6.4 DIAG | 4 0 6 -0.050000000000000044 0.08571428571428572 0.04999999999999999 -0.2 -0.8500000000000001 0.05000000000000002 -0.35000000000000003 4 4 2 1 0 0 2 0 0 1
2026-09-05,05:53:42 GMT,V6.4 BLOCK - journal-guarded entry/recovery gate failed or signal already used
2026-09-05,05:53:42 GMT,SENTINEL V6 MULTI-WINDOW SCAN >>>
2026-09-05,05:53:42 GMT,V6.4 DIAG | 8 0 6 -0.15000000000000002 0.05714285714285715 0.14999999999999997 -0.13333333333333333 -0.04999999999999999 -0.20000000000000004 -0.4 4 4 2 1 0 0 2 0 0 1
2026-09-05,05:53:42 GMT,V6.4 BLOCK - journal-guarded entry/recovery gate failed or signal already used
2026-09-05,05:53:42 GMT,SENTINEL V6 MULTI-WINDOW SCAN >>>
2026-09-05,05:53:42 GMT,V6.4 DIAG | 0 0 7 0 0.028571428571428574 0 -0.06666666666666668 -0.04999999999999999 0.1 -0.45 4 4 1 0 0 0 2 0 0 1
2026-09-05,05:53:42 GMT,V6.4 BLOCK - journal-guarded entry/recovery gate failed or signal already used
2026-09-05,05:53:42 GMT,SENTINEL V6 MULTI-WINDOW SCAN >>>
2026-09-05,05:53:42 GMT,V6.4 DIAG | 1 0 1 -0.09999999999999998 0 0.09999999999999998 0 0.5 0.05000000000000002 -0.45 3 5 2 1 0 0 2 0 0 1
2026-09-05,05:53:42 GMT,V6.4 BLOCK - journal-guarded entry/recovery gate failed or signal already used
2026-09-05,05:53:42 GMT,SENTINEL V6 MULTI-WINDOW SCAN >>>
2026-09-05,05:53:42 GMT,V6.4 DIAG | 5 0 2 -0.04999999999999999 0 0.04999999999999993 0 0.5 0 -0.45 3 5 2 1 0 0 2 0 0 1
2026-09-05,05:53:42 GMT,V6.4 BLOCK - journal-guarded entry/recovery gate failed or signal already used
2026-09-05,05:53:42 GMT,SENTINEL V6 MULTI-WINDOW SCAN >>>
2026-09-05,05:53:42 GMT,V6.4 DIAG | 7 0 1 0 -0.05714285714285715 0 0.13333333333333333 0.5 -0.04999999999999999 0.35000000000000003 2 6 2 1 0 0 2 0 0 1
2026-09-05,05:53:42 GMT,V6.4 BLOCK - journal-guarded entry/recovery gate failed or signal already used
2026-09-05,05:53:42 GMT,SENTINEL V6 MULTI-WINDOW SCAN >>>
2026-09-05,05:53:42 GMT,V6.4 DIAG | 8 0 4 0.09999999999999998 -0.08571428571428572 -0.09999999999999998 0.2 0 0.75 0.35000000000000003 3 5 2 1 0 0 2 0 0 1
2026-09-05,05:53:42 GMT,V6.4 BLOCK - journal-guarded entry/recovery gate failed or signal already used
2026-09-05,05:53:42 GMT,SENTINEL V6 MULTI-WINDOW SCAN >>>
2026-09-05,05:53:42 GMT,V6.4 DIAG | 7 0 5 0.19999999999999996 -0.05714285714285714 -0.19999999999999996 0.13333333333333336 0 0.25 0.35000000000000003 4 4 1 1 0 0 2 0 0 1
2026-09-05,05:53:42 GMT,V6.4 BLOCK - journal-guarded entry/recovery gate failed or signal already used
2026-09-05,05:53:42 GMT,SENTINEL V6 MULTI-WINDOW SCAN >>>
2026-09-05,05:53:42 GMT,V6.4 DIAG | 6 0 6 0.29999999999999993 -0.08571428571428572 -0.3 0.2 0.30000000000000004 0.25 0.35000000000000003 5 3 1 1 0 0 2 0 0 1
2026-09-05,05:53:42 GMT,V6.4 BLOCK - journal-guarded entry/recovery gate failed or signal already used
2026-09-05,05:53:42 GMT,SENTINEL V6 MULTI-WINDOW SCAN >>>
2026-09-05,05:53:42 GMT,V6.4 DIAG | 9 0 6 0.14999999999999997 -0.05714285714285714 -0.15000000000000002 0.13333333333333336 0.05000000000000002 0.25 0.35000000000000003 5 3 1 1 0 0 2 0 0 1
2026-09-05,05:53:42 GMT,V6.4 BLOCK - journal-guarded entry/recovery gate failed or signal already used
2026-09-05,05:53:42 GMT,SENTINEL V6 MULTI-WINDOW SCAN >>>
2026-09-05,05:53:42 GMT,V6.4 DIAG | 8 0 8 0.14999999999999997 0 -0.15000000000000002 0 -0.20000000000000004 0.25 -0.2 6 2 1 1 0 0 2 0 0 1
2026-09-05,05:53:42 GMT,V6.4 BLOCK - journal-guarded entry/recovery gate failed or signal already used
2026-09-05,05:53:42 GMT,SENTINEL V6 MULTI-WINDOW SCAN >>>
2026-09-05,05:53:42 GMT,V6.4 DIAG | 0 0 12 0.09999999999999998 0.05714285714285714 -0.09999999999999998 -0.13333333333333336 -0.20000000000000004 -0.5 -0.2 6 2 0 0 0 0 2 0 0 1
2026-09-05,05:53:42 GMT,V6.4 BLOCK - journal-guarded entry/recovery gate failed or signal already used
2026-09-05,05:53:42 GMT,SENTINEL V6 MULTI-WINDOW SCAN >>>
2026-09-05,05:53:42 GMT,V6.4 DIAG | 7 0 10 -0.050000000000000044 0.08571428571428572 0.04999999999999999 -0.2 -0.20000000000000004 -0.75 -0.2 5 3 0 1 0 0 2 0 0 1
2026-09-05,05:53:42 GMT,V6.4 BLOCK - journal-guarded entry/recovery gate failed or signal already used
2026-09-05,05:53:42 GMT,SENTINEL V6 MULTI-WINDOW SCAN >>>
2026-09-05,05:53:42 GMT,V6.4 DIAG | 4 0 10 -0.050000000000000044 0.14285714285714285 0.04999999999999999 -0.3333333333333333 -0.95 -0.75 -0.25 5 3 1 1 0 0 2 0 0 1
2026-09-05,05:53:42 GMT,V6.4 BLOCK - journal-guarded entry/recovery gate failed or signal already used
2026-09-05,05:53:42 GMT,SENTINEL V6 MULTI-WINDOW SCAN >>>
2026-09-05,05:53:42 GMT,V6.4 DIAG | 4 0 7 -0.050000000000000044 0.08571428571428572 0.04999999999999999 -0.2 -0.15000000000000002 -0.75 -0.25 4 4 2 1 0 0 2 0 0 1
2026-09-05,05:53:42 GMT,V6.4 BLOCK - journal-guarded entry/recovery gate failed or signal already used
2026-09-05,05:53:42 GMT,SENTINEL V6 MULTI-WINDOW SCAN >>>
2026-09-05,05:53:42 GMT,V6.4 DIAG | 2 0 5 -0.19999999999999996 0.05714285714285715 0.19999999999999996 -0.13333333333333333 0.65 -0.75 -0.5 3 5 2 1 0 0 2 0 0 1
2026-09-05,05:53:42 GMT,V6.4 BLOCK - journal-guarded entry/recovery gate failed or signal already used
2026-09-05,05:53:42 GMT,SENTINEL V6 MULTI-WINDOW SCAN >>>
2026-09-05,05:53:42 GMT,V6.4 DIAG | 0 0 1 -0.15000000000000002 0 0.14999999999999997 0 0.6 0.05000000000000002 -0.5 3 5 2 1 0 0 2 0 0 1
2026-09-05,05:53:42 GMT,V6.4 BLOCK - journal-guarded entry/recovery gate failed or signal already used
2026-09-05,05:53:42 GMT,SENTINEL V6 MULTI-WINDOW SCAN >>>
2026-09-05,05:53:42 GMT,V6.4 DIAG | 6 0 1 -0.15000000000000002 -0.05714285714285715 0.14999999999999997 0.13333333333333333 0.6 0.8500000000000001 -0.5 2 6 2 1 0 0 2 0 0 1
2026-09-05,05:53:42 GMT,V6.4 BLOCK - journal-guarded entry/recovery gate failed or signal already used
2026-09-05,05:53:42 GMT,SENTINEL V6 MULTI-WINDOW SCAN >>>
2026-09-05,05:53:42 GMT,V6.4 DIAG | 7 0 1 -0.15000000000000002 -0.11428571428571428 0.14999999999999997 0.26666666666666666 1.4 0.8500000000000001 -0.5 2 6 2 1 0 0 2 0 0 1
2026-09-05,05:53:42 GMT,V6.4 BLOCK - journal-guarded entry/recovery gate failed or signal already used
2026-09-05,05:53:42 GMT,SENTINEL V6 MULTI-WINDOW SCAN >>>
2026-09-05,05:53:42 GMT,V6.4 DIAG | 7 0 2 -0.050000000000000044 -0.08571428571428572 0.04999999999999999 0.2 0.9 0.8500000000000001 -0.5 3 5 2 1 0 0 2 0 0 1
2026-09-05,05:53:42 GMT,V6.4 BLOCK - journal-guarded entry/recovery gate failed or signal already used
2026-09-05,05:53:42 GMT,SENTINEL V6 MULTI-WINDOW SCAN >>>
2026-09-05,05:53:42 GMT,V6.4 DIAG | 8 0 1 -0.050000000000000044 -0.08571428571428572 0.04999999999999999 0.2 0.15000000000000002 0.8500000000000001 0.25 4 4 2 1 0 0 2 0 0 1
2026-09-05,05:53:42 GMT,V6.4 BLOCK - journal-guarded entry/recovery gate failed or signal already used
2026-09-05,05:53:42 GMT,SENTINEL V6 MULTI-WINDOW SCAN >>>
2026-09-05,05:53:42 GMT,V6.4 DIAG | 8 0 5 -0.09999999999999998 -0.028571428571428574 0.09999999999999998 0.06666666666666668 0.15000000000000002 0.35000000000000003 0 5 3 1 1 0 0 2 0 0 1
2026-09-05,05:53:42 GMT,V6.4 BLOCK - journal-guarded entry/recovery gate failed or signal already used
2026-09-05,05:53:42 GMT,SENTINEL V6 MULTI-WINDOW SCAN >>>
2026-09-05,05:53:42 GMT,V6.4 DIAG | 7 0 9 -0.09999999999999998 0.028571428571428574 0.09999999999999998 -0.06666666666666668 0.1 -0.15 -0.25 5 3 0 1 0 0 2 0 0 1
2026-09-05,05:53:42 GMT,V6.4 BLOCK - journal-guarded entry/recovery gate failed or signal already used
2026-09-05,05:53:42 GMT,SENTINEL V6 MULTI-WINDOW SCAN >>>
2026-09-05,05:53:42 GMT,V6.4 DIAG | 6 0 10 -0.09999999999999998 0.08571428571428572 0.09999999999999998 -0.2 -0.45 -0.4 -0.25 5 3 0 1 0 0 2 0 0 1
2026-09-05,05:53:42 GMT,V6.4 BLOCK - journal-guarded entry/recovery gate failed or signal already used
2026-09-05,05:53:42 GMT,SENTINEL V6 MULTI-WINDOW SCAN >>>
2026-09-05,05:53:42 GMT,V6.4 DIAG | 9 0 7 -0.25 0.11428571428571428 0.25 -0.26666666666666666 -0.45 -0.65 -0.25 4 4 0 1 0 0 2 0 0 1
2026-09-05,05:53:42 GMT,V6.4 BLOCK - journal-guarded entry/recovery gate failed or signal already used
2026-09-05,05:53:42 GMT,SENTINEL V6 MULTI-WINDOW SCAN >>>
2026-09-05,05:53:42 GMT,V6.4 DIAG | 5 0 6 -0.29999999999999993 0.11428571428571428 0.3 -0.26666666666666666 0.35000000000000003 -0.8999999999999999 -0.75 4 4 1 1 0 0 2 0 0 1
2026-09-05,05:53:42 GMT,V6.4 BLOCK - journal-guarded entry/recovery gate failed or signal already used
2026-09-05,05:53:42 GMT,SENTINEL V6 MULTI-WINDOW SCAN >>>
2026-09-05,05:53:42 GMT,V6.4 DIAG | 0 0 4 -0.29999999999999993 0.05714285714285715 0.3 -0.13333333333333333 0.35000000000000003 -0.8999999999999999 0.05000000000000002 3 5 2 1 0 0 2 0 0 1
2026-09-05,05:53:42 GMT,V6.4 BLOCK - journal-guarded entry/recovery gate failed or signal already used
2026-09-05,05:53:42 GMT,SENTINEL V6 MULTI-WINDOW SCAN >>>
2026-09-05,05:53:42 GMT,V6.4 DIAG | 5 0 1 -0.29999999999999993 0 0.3 0 0.35000000000000003 -0.8999999999999999 0.8500000000000001 2 6 3 1 0 0 2 0 0 1
2026-09-05,05:53:42 GMT,V6.4 BLOCK - journal-guarded entry/recovery gate failed or signal already used
2026-09-05,05:53:42 GMT,SENTINEL V6 MULTI-WINDOW SCAN >>>
2026-09-05,05:53:42 GMT,V6.4 DIAG | 6 0 1 -0.29999999999999993 -0.05714285714285715 0.3 0.13333333333333333 0.35000000000000003 -0.10000000000000003 0.8500000000000001 2 6 3 1 0 0 2 0 0 1
2026-09-05,05:53:42 GMT,V6.4 BLOCK - journal-guarded entry/recovery gate failed or signal already used
2026-09-05,05:53:42 GMT,SENTINEL V6 MULTI-WINDOW SCAN >>>
2026-09-05,05:53:42 GMT,V6.4 DIAG | 7 0 0 -0.29999999999999993 -0.11428571428571428 0.3 0.26666666666666666 0.35000000000000003 0.7 0.8500000000000001 2 6 3 1 0 0 2 0 0 1
2026-09-05,05:53:42 GMT,V6.4 BLOCK - journal-guarded entry/recovery gate failed or signal already used
2026-09-05,05:53:42 GMT,SENTINEL V6 MULTI-WINDOW SCAN >>>
2026-09-05,05:53:42 GMT,V6.4 DIAG | 9 0 1 -0.29999999999999993 -0.11428571428571428 0.3 0.26666666666666666 -0.15 1.45 0.6 3 5 3 1 0 0 2 0 0 1
2026-09-05,05:53:42 GMT,V6.4 BLOCK - journal-guarded entry/recovery gate failed or signal already used
2026-09-05,05:53:42 GMT,SENTINEL V6 MULTI-WINDOW SCAN >>>
2026-09-05,05:53:42 GMT,V6.4 DIAG | 9 0 2 -0.19999999999999996 -0.08571428571428572 0.2 0.2 -0.15 1.45 0.1 4 4 3 1 0 0 2 0 0 1
2026-09-05,05:53:42 GMT,V6.4 BLOCK - journal-guarded entry/recovery gate failed or signal already used
2026-09-05,05:53:42 GMT,SENTINEL V6 MULTI-WINDOW SCAN >>>
2026-09-05,05:53:42 GMT,V6.4 DIAG | 8 0 3 -0.050000000000000044 -0.05714285714285714 0.050000000000000044 0.13333333333333336 -0.2 1.45 -0.4 4 4 3 1 0 0 2 0 0 1
2026-09-05,05:53:42 GMT,V6.4 BLOCK - journal-guarded entry/recovery gate failed or signal already used
2026-09-05,05:53:42 GMT,SENTINEL V6 MULTI-WINDOW SCAN >>>
2026-09-05,05:53:42 GMT,V6.4 DIAG | 8 0 5 -0.050000000000000044 0 0.050000000000000044 0 -0.25 0.9500000000000001 -0.65 5 3 2 1 0 0 2 0 0 1
2026-09-05,05:53:42 GMT,V6.4 BLOCK - journal-guarded entry/recovery gate failed or signal already used
2026-09-05,05:53:42 GMT,SENTINEL V6 MULTI-WINDOW SCAN >>>
2026-09-05,05:53:42 GMT,V6.4 DIAG | 8 0 10 0.04999999999999993 0.028571428571428567 -0.04999999999999999 -0.06666666666666667 -0.25 0.45 -0.65 6 2 1 1 0 0 2 0 0 1
2026-09-05,05:53:42 GMT,V6.4 BLOCK - journal-guarded entry/recovery gate failed or signal already used
2026-09-05,05:53:42 GMT,SENTINEL V6 MULTI-WINDOW SCAN >>>
2026-09-05,05:53:42 GMT,V6.4 DIAG | 3 0 8 0.20000000000000007 0 -0.2 0 -0.3 -0.05 0.15000000000000002 6 2 0 0 0 0 2 0 0 1
2026-09-05,05:53:42 GMT,V6.4 BLOCK - journal-guarded entry/recovery gate failed or signal already used
2026-09-05,05:53:42 GMT,SENTINEL V6 MULTI-WINDOW SCAN >>>
2026-09-05,05:53:42 GMT,V6.4 DIAG | 5 0 10 0.04999999999999993 0.028571428571428567 -0.04999999999999999 -0.06666666666666667 -0.55 -0.05 0.15000000000000002 6 2 0 0 0 0 2 0 0 1
2026-09-05,05:53:42 GMT,V6.4 BLOCK - journal-guarded entry/recovery gate failed or signal already used
2026-09-05,05:53:42 GMT,SENTINEL V6 MULTI-WINDOW SCAN >>>
2026-09-05,05:53:42 GMT,V6.4 DIAG | 2 0 10 0.04999999999999993 0.028571428571428567 -0.04999999999999999 -0.06666666666666667 -0.55 -0.05 0.15000000000000002 6 2 0 1 0 0 2 0 0 1
2026-09-05,05:53:42 GMT,V6.4 BLOCK - journal-guarded entry/recovery gate failed or signal already used
2026-09-05,05:53:42 GMT,SENTINEL V6 MULTI-WINDOW SCAN >>>
2026-09-05,05:53:42 GMT,V6.4 DIAG | 0 0 8 0.09999999999999998 -0.028571428571428567 -0.10000000000000003 0.06666666666666667 -0.55 -0.05 0.9 5 3 0 0 0 0 2 0 0 1
2026-09-05,05:53:42 GMT,V6.4 BLOCK - journal-guarded entry/recovery gate failed or signal already used
2026-09-05,05:53:42 GMT,SENTINEL V6 MULTI-WINDOW SCAN >>>
2026-09-05,05:53:42 GMT,V6.4 DIAG | 9 0 8 0.09999999999999998 -0.028571428571428567 -0.10000000000000003 0.06666666666666667 -0.55 -0.05 0.9 5 3 0 0 0 0 2 0 0 1
2026-09-05,05:53:42 GMT,V6.4 BLOCK - journal-guarded entry/recovery gate failed or signal already used
2026-09-05,05:53:42 GMT,SENTINEL V6 MULTI-WINDOW SCAN >>>
2026-09-05,05:53:42 GMT,V6.4 DIAG | 4 0 11 0.09999999999999998 0.028571428571428567 -0.10000000000000003 -0.06666666666666667 -0.55 -0.1 0.15000000000000002 6 2 0 0 1 0 2 0 0 1
2026-09-05,05:53:42 GMT,V6.4 BLOCK - journal-guarded entry/recovery gate failed or signal already used
2026-09-05,05:53:42 GMT,SENTINEL V6 MULTI-WINDOW SCAN >>>
2026-09-05,05:53:42 GMT,V6.4 DIAG | 0 0 7 0.09999999999999998 -0.028571428571428567 -0.10000000000000003 0.06666666666666667 0.25 -0.1 0.15000000000000002 6 2 0 0 0 0 2 0 0 1
2026-09-05,05:53:42 GMT,V6.4 BLOCK - journal-guarded entry/recovery gate failed or signal already used
2026-09-05,05:53:42 GMT,SENTINEL V6 MULTI-WINDOW SCAN >>>
2026-09-05,05:53:42 GMT,V6.4 DIAG | 9 0 6 0 0 0 0 0 -0.1 0.1 5 3 0 1 0 0 2 0 0 1
2026-09-05,05:53:42 GMT,V6.4 BLOCK - journal-guarded entry/recovery gate failed or signal already used
2026-09-05,05:53:42 GMT,SENTINEL V6 MULTI-WINDOW SCAN >>>
2026-09-05,05:53:42 GMT,V6.4 DIAG | 6 0 10 0 0.05714285714285714 0 -0.13333333333333336 -0.25 -0.15 -0.4 6 2 0 0 0 0 2 0 0 1
2026-09-05,05:53:42 GMT,V6.4 BLOCK - journal-guarded entry/recovery gate failed or signal already used
2026-09-05,05:53:42 GMT,SENTINEL V6 MULTI-WINDOW SCAN >>>
2026-09-05,05:53:42 GMT,V6.4 DIAG | 6 0 10 0 0.05714285714285714 0 -0.13333333333333336 -0.25 -0.15 -0.4 5 3 0 0 0 0 2 0 0 1
2026-09-05,05:53:42 GMT,V6.4 BLOCK - journal-guarded entry/recovery gate failed or signal already used
2026-09-05,05:53:42 GMT,SENTINEL V6 MULTI-WINDOW SCAN >>>
2026-09-05,05:53:42 GMT,V6.4 DIAG | 7 0 5 0.04999999999999993 0 -0.04999999999999999 0 -0.30000000000000004 -0.15 0.4 4 4 0 1 0 0 2 0 0 1
2026-09-05,05:53:42 GMT,V6.4 BLOCK - journal-guarded entry/recovery gate failed or signal already used
2026-09-05,05:53:42 GMT,SENTINEL V6 MULTI-WINDOW SCAN >>>
2026-09-05,05:53:42 GMT,V6.4 DIAG | 4 0 11 0.1499999999999999 0.028571428571428567 -0.15000000000000002 -0.06666666666666667 -0.8 -0.15 0.4 5 3 0 0 1 0 2 0 0 1
2026-09-05,05:53:42 GMT,V6.4 BLOCK - journal-guarded entry/recovery gate failed or signal already used
2026-09-05,05:53:42 GMT,SENTINEL V6 MULTI-WINDOW SCAN >>>
2026-09-05,05:53:42 GMT,V6.4 DIAG | 1 0 8 0.1499999999999999 -0.028571428571428567 -0.15000000000000002 0.06666666666666667 0 -0.15 0.4 5 3 0 0 0 0 2 0 0 1
2026-09-05,05:53:42 GMT,V6.4 BLOCK - journal-guarded entry/recovery gate failed or signal already used
2026-09-05,05:53:42 GMT,SENTINEL V6 MULTI-WINDOW SCAN >>>
2026-09-05,05:53:42 GMT,V6.4 DIAG | 1 0 7 0.1499999999999999 -0.08571428571428572 -0.15000000000000002 0.2 0.8 -0.15 0.4 5 3 0 0 0 0 2 0 0 1
2026-09-05,05:53:42 GMT,V6.4 BLOCK - journal-guarded entry/recovery gate failed or signal already used
2026-09-05,05:53:42 GMT,SENTINEL V6 MULTI-WINDOW SCAN >>>
2026-09-05,05:53:42 GMT,V6.4 DIAG | 9 0 7 0.1499999999999999 -0.08571428571428572 -0.15000000000000002 0.2 0.8 -0.15 0.4 5 3 0 0 0 0 2 0 0 1
2026-09-05,05:53:42 GMT,V6.4 BLOCK - journal-guarded entry/recovery gate failed or signal already used
2026-09-05,05:53:42 GMT,SENTINEL V6 MULTI-WINDOW SCAN >>>
2026-09-05,05:53:42 GMT,V6.4 DIAG | 2 0 8 0.1499999999999999 -0.028571428571428567 -0.15000000000000002 0.06666666666666667 0.75 -0.4 -0.1 6 2 0 0 0 0 2 0 0 1
2026-09-05,05:53:42 GMT,V6.4 BLOCK - journal-guarded entry/recovery gate failed or signal already used
2026-09-05,05:53:42 GMT,SENTINEL V6 MULTI-WINDOW SCAN >>>
2026-09-05,05:53:42 GMT,V6.4 DIAG | 7 0 8 0.1499999999999999 -0.028571428571428567 -0.15000000000000002 0.06666666666666667 0.75 -0.4 -0.1 6 2 0 0 0 0 2 0 0 1
2026-09-05,05:53:42 GMT,V6.4 BLOCK - journal-guarded entry/recovery gate failed or signal already used
2026-09-05,05:53:42 GMT,SENTINEL V6 MULTI-WINDOW SCAN >>>
2026-09-05,05:53:42 GMT,V6.4 DIAG | 7 0 12 0.09999999999999998 0.028571428571428567 -0.10000000000000003 -0.06666666666666667 0 -0.4 -0.1 6 2 1 0 0 0 2 0 0 1
2026-09-05,05:53:42 GMT,V6.4 BLOCK - journal-guarded entry/recovery gate failed or signal already used
2026-09-05,05:53:42 GMT,SENTINEL V6 MULTI-WINDOW SCAN >>>
2026-09-05,05:53:42 GMT,V6.4 DIAG | 5 0 11 0.04999999999999993 0.08571428571428572 -0.04999999999999999 -0.2 -0.75 -0.4 -0.1 7 1 1 0 0 0 2 0 0 1
2026-09-05,05:53:42 GMT,V6.4 BLOCK - journal-guarded entry/recovery gate failed or signal already used
2026-09-05,05:53:42 GMT,SENTINEL V6 MULTI-WINDOW SCAN >>>
2026-09-05,05:53:42 GMT,V6.4 DIAG | 2 0 11 0.04999999999999993 0.08571428571428572 -0.04999999999999999 -0.2 -0.75 -0.4 -0.1 6 2 1 0 0 0 2 0 0 1
2026-09-05,05:53:42 GMT,V6.4 BLOCK - journal-guarded entry/recovery gate failed or signal already used
2026-09-05,05:53:42 GMT,SENTINEL V6 MULTI-WINDOW SCAN >>>
2026-09-05,05:53:42 GMT,V6.4 DIAG | 6 0 9 -0.09999999999999998 0.05714285714285714 0.10000000000000003 -0.13333333333333336 -1 0.4 -0.1 5 3 1 1 0 0 2 0 0 1
2026-09-05,05:53:42 GMT,V6.4 BLOCK - journal-guarded entry/recovery gate failed or signal already used
2026-09-05,05:53:42 GMT,SENTINEL V6 MULTI-WINDOW SCAN >>>
2026-09-05,05:53:42 GMT,V6.4 DIAG | 0 0 9 -0.09999999999999998 0.05714285714285714 0.10000000000000003 -0.13333333333333336 -1 0.4 -0.1 5 3 1 1 0 0 2 0 0 1
2026-09-05,05:53:42 GMT,V6.4 BLOCK - journal-guarded entry/recovery gate failed or signal already used
2026-09-05,05:53:42 GMT,SENTINEL V6 MULTI-WINDOW SCAN >>>
2026-09-05,05:53:42 GMT,V6.4 DIAG | 2 0 4 -0.09999999999999998 0 0.10000000000000003 0 -0.20000000000000004 0.4 -0.1 4 4 1 1 0 0 2 0 0 1
2026-09-05,05:53:42 GMT,V6.4 BLOCK - journal-guarded entry/recovery gate failed or signal already used
2026-09-05,05:53:42 GMT,SENTINEL V6 MULTI-WINDOW SCAN >>>
2026-09-05,05:53:42 GMT,V6.4 DIAG | 1 0 3 -0.19999999999999996 -0.028571428571428574 0.2 0.06666666666666668 0.6 0.35000000000000003 -0.35000000000000003 4 4 1 1 0 0 2 0 0 1
2026-09-05,05:53:42 GMT,V6.4 BLOCK - journal-guarded entry/recovery gate failed or signal already used
2026-09-05,05:53:42 GMT,SENTINEL V6 MULTI-WINDOW SCAN >>>
2026-09-05,05:53:42 GMT,V6.4 DIAG | 8 0 3 -0.19999999999999996 -0.028571428571428574 0.2 0.06666666666666668 0.6 0.35000000000000003 -0.35000000000000003 4 4 1 1 0 0 2 0 0 1
2026-09-05,05:53:42 GMT,V6.4 BLOCK - journal-guarded entry/recovery gate failed or signal already used
2026-09-05,05:53:42 GMT,SENTINEL V6 MULTI-WINDOW SCAN >>>
2026-09-05,05:53:42 GMT,V6.4 DIAG | 0 0 4 -0.25 -0.028571428571428574 0.25 0.06666666666666668 1.4 -0.4 -0.35000000000000003 4 4 0 1 0 0 2 0 0 1
2026-09-05,05:53:42 GMT,V6.4 BLOCK - journal-guarded entry/recovery gate failed or signal already used
2026-09-05,05:53:42 GMT,SENTINEL V6 MULTI-WINDOW SCAN >>>
2026-09-05,05:53:42 GMT,V6.4 DIAG | 7 0 4 -0.25 -0.028571428571428574 0.25 0.06666666666666668 1.4 -0.4 -0.35000000000000003 4 4 0 1 0 0 2 0 0 1
2026-09-05,05:53:42 GMT,V6.4 BLOCK - journal-guarded entry/recovery gate failed or signal already used
2026-09-05,05:53:42 GMT,SENTINEL V6 MULTI-WINDOW SCAN >>>
2026-09-05,05:53:42 GMT,V6.4 DIAG | 7 0 7 -0.30000000000000004 0.028571428571428574 0.3 -0.06666666666666668 0.9 -0.4 -0.6000000000000001 4 4 1 1 0 0 2 0 0 1
2026-09-05,05:53:42 GMT,V6.4 BLOCK - journal-guarded entry/recovery gate failed or signal already used
2026-09-05,05:53:42 GMT,SENTINEL V6 MULTI-WINDOW SCAN >>>
2026-09-05,05:53:42 GMT,V6.4 DIAG | 1 0 8 -0.30000000000000004 0.028571428571428574 0.3 -0.06666666666666668 0.4 -0.7000000000000001 0.2 5 3 1 1 0 0 2 0 0 1
2026-09-05,05:53:42 GMT,V6.4 BLOCK - journal-guarded entry/recovery gate failed or signal already used
2026-09-05,05:53:42 GMT,SENTINEL V6 MULTI-WINDOW SCAN >>>
2026-09-05,05:53:42 GMT,V6.4 DIAG | 7 0 6 -0.30000000000000004 0.028571428571428574 0.3 -0.06666666666666668 0.4 -0.7000000000000001 0.2 4 4 1 1 0 0 2 0 0 1
2026-09-05,05:53:42 GMT,V6.4 BLOCK - journal-guarded entry/recovery gate failed or signal already used
2026-09-05,05:53:42 GMT,SENTINEL V6 MULTI-WINDOW SCAN >>>
2026-09-05,05:53:42 GMT,V6.4 DIAG | 4 0 5 -0.35 0.028571428571428574 0.35 -0.06666666666666668 -0.35000000000000003 0.1 0.2 4 4 2 1 0 0 2 0 0 1
2026-09-05,05:53:42 GMT,V6.4 BLOCK - journal-guarded entry/recovery gate failed or signal already used
2026-09-05,05:53:42 GMT,SENTINEL V6 MULTI-WINDOW SCAN >>>
2026-09-05,05:53:42 GMT,V6.4 DIAG | 3 0 5 -0.30000000000000004 0.028571428571428574 0.3 -0.06666666666666668 -0.35000000000000003 0.1 0.15000000000000002 4 4 2 1 0 0 2 0 0 1
2026-09-05,05:53:42 GMT,V6.4 BLOCK - journal-guarded entry/recovery gate failed or signal already used
2026-09-05,05:53:42 GMT,SENTINEL V6 MULTI-WINDOW SCAN >>>
2026-09-05,05:53:42 GMT,V6.4 DIAG | 9 0 2 -0.30000000000000004 -0.028571428571428574 0.3 0.06666666666666668 -0.35000000000000003 0.1 0.9500000000000001 3 5 2 1 0 0 2 0 0 1
2026-09-05,05:53:42 GMT,V6.4 BLOCK - journal-guarded entry/recovery gate failed or signal already used
2026-09-05,05:53:42 GMT,SENTINEL V6 MULTI-WINDOW SCAN >>>
2026-09-05,05:53:42 GMT,V6.4 DIAG | 2 0 2 -0.15000000000000002 -0.05714285714285714 0.15000000000000002 0.13333333333333336 -0.4 0.9 0.45 4 4 2 1 0 0 2 0 0 1
2026-09-05,05:53:42 GMT,V6.4 BLOCK - journal-guarded entry/recovery gate failed or signal already used
2026-09-05,05:53:42 GMT,SENTINEL V6 MULTI-WINDOW SCAN >>>
2026-09-05,05:53:42 GMT,V6.4 DIAG | 8 0 2 -0.15000000000000002 -0.05714285714285714 0.15000000000000002 0.13333333333333336 -0.4 0.9 0.45 4 4 2 1 0 0 2 0 0 1
2026-09-05,05:53:42 GMT,V6.4 BLOCK - journal-guarded entry/recovery gate failed or signal already used
2026-09-05,05:53:42 GMT,SENTINEL V6 MULTI-WINDOW SCAN >>>
2026-09-05,05:53:42 GMT,V6.4 DIAG | 1 0 4 -0.15000000000000002 -0.05714285714285714 0.15000000000000002 0.13333333333333336 0.1 0.4 0.45 5 3 1 1 0 0 2 0 0 1
2026-09-05,05:53:42 GMT,V6.4 BLOCK - journal-guarded entry/recovery gate failed or signal already used
2026-09-05,05:53:42 GMT,SENTINEL V6 MULTI-WINDOW SCAN >>>
2026-09-05,05:53:42 GMT,V6.4 DIAG | 9 0 4 -0.09999999999999998 -0.05714285714285714 0.10000000000000003 0.13333333333333336 0.1 0.4 0.4 5 3 1 1 0 0 2 0 0 1
2026-09-05,05:53:42 GMT,V6.4 BLOCK - journal-guarded entry/recovery gate failed or signal already used
2026-09-05,05:53:42 GMT,SENTINEL V6 MULTI-WINDOW SCAN >>>
2026-09-05,05:53:42 GMT,V6.4 DIAG | 8 0 5 0 -0.028571428571428567 0 0.06666666666666667 0.1 0.4 -0.1 5 3 1 1 0 0 2 0 0 1
2026-09-05,05:53:42 GMT,V6.4 BLOCK - journal-guarded entry/recovery gate failed or signal already used
2026-09-05,05:53:42 GMT,SENTINEL V6 MULTI-WINDOW SCAN >>>
2026-09-05,05:53:42 GMT,V6.4 DIAG | 2 0 8 0.10000000000000009 0 -0.09999999999999998 0 0.1 -0.1 -0.1 6 2 0 0 0 0 2 0 0 1
2026-09-05,05:53:42 GMT,V6.4 BLOCK - journal-guarded entry/recovery gate failed or signal already used
2026-09-05,05:53:42 GMT,SENTINEL V6 MULTI-WINDOW SCAN >>>
2026-09-05,05:53:42 GMT,V6.4 DIAG | 7 0 8 0.15000000000000002 0 -0.14999999999999997 0 0.05000000000000002 -0.1 -0.1 6 2 0 1 0 0 2 0 0 1
2026-09-05,05:53:42 GMT,V6.4 BLOCK - journal-guarded entry/recovery gate failed or signal already used
2026-09-05,05:53:42 GMT,SENTINEL V6 MULTI-WINDOW SCAN >>>
2026-09-05,05:53:42 GMT,V6.4 DIAG | 0 0 8 0.30000000000000004 -0.028571428571428567 -0.30000000000000004 0.06666666666666667 0.35000000000000003 -0.1 -0.15 7 1 0 0 0 0 2 0 0 1
2026-09-05,05:53:42 GMT,V6.4 BLOCK - journal-guarded entry/recovery gate failed or signal already used
2026-09-05,05:53:42 GMT,SENTINEL V6 MULTI-WINDOW SCAN >>>
2026-09-05,05:53:42 GMT,V6.4 DIAG | 6 0 8 0.30000000000000004 -0.028571428571428567 -0.30000000000000004 0.06666666666666667 0.35000000000000003 -0.1 -0.15 7 1 0 0 0 0 2 0 0 1
2026-09-05,05:53:42 GMT,V6.4 BLOCK - journal-guarded entry/recovery gate failed or signal already used
2026-09-05,05:53:42 GMT,SENTINEL V6 MULTI-WINDOW SCAN >>>
2026-09-05,05:53:42 GMT,V6.4 DIAG | 1 0 8 0.30000000000000004 -0.028571428571428567 -0.30000000000000004 0.06666666666666667 0.35000000000000003 -0.1 -0.15 7 1 0 0 0 0 2 0 0 1
2026-09-05,05:53:42 GMT,V6.4 BLOCK - journal-guarded entry/recovery gate failed or signal already used
2026-09-05,05:53:42 GMT,SENTINEL V6 MULTI-WINDOW SCAN >>>
2026-09-05,05:53:42 GMT,V6.4 DIAG | 5 0 8 0.15000000000000002 0 -0.14999999999999997 0 0.35000000000000003 -0.35000000000000003 -0.15 7 1 0 1 0 0 2 0 0 1
2026-09-05,05:53:42 GMT,V6.4 BLOCK - journal-guarded entry/recovery gate failed or signal already used
2026-09-05,05:53:42 GMT,SENTINEL V6 MULTI-WINDOW SCAN >>>
2026-09-05,05:53:42 GMT,V6.4 DIAG | 7 0 8 0.20000000000000007 0 -0.2 0 0.35000000000000003 -0.35000000000000003 -0.2 7 1 0 1 0 0 2 0 0 1
2026-09-05,05:53:42 GMT,V6.4 BLOCK - journal-guarded entry/recovery gate failed or signal already used
2026-09-05,05:53:42 GMT,SENTINEL V6 MULTI-WINDOW SCAN >>>
2026-09-05,05:53:42 GMT,V6.4 DIAG | 4 1 12 0.35 0.028571428571428567 -0.35 -0.06666666666666667 -0.15 -0.35000000000000003 -0.25 7 1 1 1 1 0 2 0 0 1
2026-09-05,05:53:42 GMT,V6.4 BLOCK - journal-guarded entry/recovery gate failed or signal already used
2026-09-05,05:53:42 GMT,SENTINEL V6 MULTI-WINDOW SCAN >>>
2026-09-05,05:53:42 GMT,V6.4 DIAG | 5 0 12 0.4 0.028571428571428567 -0.4 -0.06666666666666667 -0.15 -0.4 -0.25 7 1 1 0 1 0 2 1 0 1
2026-09-05,05:53:42 GMT,V6.4 BLOCK - journal-guarded entry/recovery gate failed or signal already used
2026-09-05,05:53:42 GMT,SENTINEL V6 MULTI-WINDOW SCAN >>>
2026-09-05,05:53:42 GMT,V6.4 DIAG | 6 0 12 0.4 0.028571428571428567 -0.4 -0.06666666666666667 -0.15 -0.4 -0.25 7 1 1 0 1 0 2 0 0 1
2026-09-05,05:53:42 GMT,V6.4 BLOCK - journal-guarded entry/recovery gate failed or signal already used
2026-09-05,05:53:42 GMT,SENTINEL V6 MULTI-WINDOW SCAN >>>
2026-09-05,05:53:42 GMT,V6.4 DIAG | 2 0 8 0.25 0 -0.25 0 -0.15 0.15000000000000002 -0.25 7 1 1 1 0 0 2 0 0 1
2026-09-05,05:53:42 GMT,V6.4 BLOCK - journal-guarded entry/recovery gate failed or signal already used
2026-09-05,05:53:42 GMT,SENTINEL V6 MULTI-WINDOW SCAN >>>
2026-09-05,05:53:42 GMT,V6.4 DIAG | 1 0 8 0.25 0 -0.25 0 -0.15 0.15000000000000002 -0.25 7 1 1 1 0 0 2 0 0 1
2026-09-05,05:53:42 GMT,V6.4 BLOCK - journal-guarded entry/recovery gate failed or signal already used
2026-09-05,05:53:42 GMT,SENTINEL V6 MULTI-WINDOW SCAN >>>
2026-09-05,05:53:42 GMT,V6.4 DIAG | 0 0 7 0.25 0 -0.25 0 -0.15 0.15000000000000002 -0.25 6 2 2 1 0 0 2 0 0 1
2026-09-05,05:53:42 GMT,V6.4 BLOCK - journal-guarded entry/recovery gate failed or signal already used
2026-09-05,05:53:42 GMT,SENTINEL V6 MULTI-WINDOW SCAN >>>
2026-09-05,05:53:42 GMT,V6.4 DIAG | 6 0 10 0.09999999999999998 0.028571428571428567 -0.10000000000000003 -0.06666666666666667 -0.15 0.15000000000000002 -0.5 6 2 2 1 1 0 2 0 0 1
2026-09-05,05:53:42 GMT,V6.4 BLOCK - journal-guarded entry/recovery gate failed or signal already used
2026-09-05,05:53:42 GMT,SENTINEL V6 MULTI-WINDOW SCAN >>>
2026-09-05,05:53:42 GMT,V6.4 DIAG | 8 0 10 0.1499999999999999 0.028571428571428567 -0.15000000000000002 -0.06666666666666667 -0.15 0.15000000000000002 -0.55 6 2 2 1 1 0 2 0 0 1
2026-09-05,05:53:42 GMT,V6.4 BLOCK - journal-guarded entry/recovery gate failed or signal already used
2026-09-05,05:53:42 GMT,SENTINEL V6 MULTI-WINDOW SCAN >>>
2026-09-05,05:53:42 GMT,V6.4 DIAG | 1 0 11 0.09999999999999998 0.028571428571428567 -0.10000000000000003 -0.06666666666666667 -0.4 0.45 -0.55 6 2 1 1 1 0 2 0 0 1
2026-09-05,05:53:42 GMT,V6.4 BLOCK - journal-guarded entry/recovery gate failed or signal already used
2026-09-05,05:53:42 GMT,SENTINEL V6 MULTI-WINDOW SCAN >>>
2026-09-05,05:53:42 GMT,V6.4 DIAG | 6 0 11 0.09999999999999998 0.028571428571428567 -0.10000000000000003 -0.06666666666666667 -0.4 0.45 -0.55 6 2 1 1 0 0 2 0 0 1
2026-09-05,05:53:42 GMT,V6.4 BLOCK - journal-guarded entry/recovery gate failed or signal already used
2026-09-05,05:53:42 GMT,SENTINEL V6 MULTI-WINDOW SCAN >>>
2026-09-05,05:53:42 GMT,V6.4 DIAG | 2 0 9 0 0.05714285714285714 0 -0.13333333333333336 -0.7000000000000001 0.45 -0.55 5 3 1 1 0 0 2 0 0 1
2026-09-05,05:53:42 GMT,V6.4 BLOCK - journal-guarded entry/recovery gate failed or signal already used
2026-09-05,05:53:42 GMT,SENTINEL V6 MULTI-WINDOW SCAN >>>
2026-09-05,05:53:42 GMT,V6.4 DIAG | 2 0 9 -0.09999999999999998 0.028571428571428574 0.09999999999999998 -0.06666666666666668 -0.7000000000000001 0.45 -0.04999999999999999 5 3 1 1 0 0 2 0 0 1
2026-09-05,05:53:42 GMT,V6.4 BLOCK - journal-guarded entry/recovery gate failed or signal already used
2026-09-05,05:53:42 GMT,SENTINEL V6 MULTI-WINDOW SCAN >>>
2026-09-05,05:53:42 GMT,V6.4 DIAG | 8 0 7 -0.09999999999999998 0.028571428571428574 0.09999999999999998 -0.06666666666666668 -0.7000000000000001 0.45 -0.04999999999999999 4 4 1 1 0 0 2 0 0 1
2026-09-05,05:53:42 GMT,V6.4 BLOCK - journal-guarded entry/recovery gate failed or signal already used
2026-09-05,05:53:42 GMT,SENTINEL V6 MULTI-WINDOW SCAN >>>
2026-09-05,05:53:42 GMT,V6.4 DIAG | 3 0 4 0 0 0 0 0.1 -0.05 -0.04999999999999999 4 4 0 1 0 0 2 0 0 1
2026-09-05,05:53:42 GMT,V6.4 BLOCK - journal-guarded entry/recovery gate failed or signal already used
2026-09-05,05:53:42 GMT,SENTINEL V6 MULTI-WINDOW SCAN >>>
2026-09-05,05:53:42 GMT,V6.4 DIAG | 6 0 8 -0.15000000000000002 0.028571428571428574 0.15000000000000002 -0.06666666666666668 -0.15000000000000002 -0.05 -0.04999999999999999 4 4 0 1 0 0 2 0 0 1
2026-09-05,05:53:42 GMT,V6.4 BLOCK - journal-guarded entry/recovery gate failed or signal already used
2026-09-05,05:53:42 GMT,SENTINEL V6 MULTI-WINDOW SCAN >>>
2026-09-05,05:53:42 GMT,V6.4 DIAG | 9 0 3 -0.29999999999999993 0 0.3 0 0.65 -0.05 -0.30000000000000004 4 4 0 1 0 0 2 0 0 1
2026-09-05,05:53:42 GMT,V6.4 BLOCK - journal-guarded entry/recovery gate failed or signal already used
2026-09-05,05:53:42 GMT,SENTINEL V6 MULTI-WINDOW SCAN >>>
2026-09-05,05:53:42 GMT,V6.4 DIAG | 6 0 4 -0.19999999999999996 -0.028571428571428574 0.2 0.06666666666666668 0.65 -0.05 0 4 4 0 1 0 0 2 0 0 1
2026-09-05,05:53:42 GMT,V6.4 BLOCK - journal-guarded entry/recovery gate failed or signal already used
2026-09-05,05:53:42 GMT,SENTINEL V6 MULTI-WINDOW SCAN >>>
2026-09-05,05:53:42 GMT,V6.4 DIAG | 7 0 4 -0.19999999999999996 -0.028571428571428574 0.2 0.06666666666666668 0.65 -0.05 0 3 5 0 1 0 0 2 0 0 1
2026-09-05,05:53:42 GMT,V6.4 BLOCK - journal-guarded entry/recovery gate failed or signal already used
2026-09-05,05:53:42 GMT,SENTINEL V6 MULTI-WINDOW SCAN >>>
2026-09-05,05:53:42 GMT,V6.4 DIAG | 0 0 4 -0.09999999999999998 0 0.10000000000000003 0 0.15000000000000002 -0.05 0 4 4 0 1 0 0 2 0 0 1
2026-09-05,05:53:42 GMT,V6.4 BLOCK - journal-guarded entry/recovery gate failed or signal already used
2026-09-05,05:53:42 GMT,SENTINEL V6 MULTI-WINDOW SCAN >>>
2026-09-05,05:53:42 GMT,V6.4 DIAG | 7 0 4 -0.19999999999999996 -0.028571428571428574 0.2 0.06666666666666668 0.9 -0.05 -0.25 4 4 0 1 0 0 2 0 0 1
2026-09-05,05:53:42 GMT,V6.4 BLOCK - journal-guarded entry/recovery gate failed or signal already used
2026-09-05,05:53:42 GMT,SENTINEL V6 MULTI-WINDOW SCAN >>>
2026-09-05,05:53:42 GMT,V6.4 DIAG | 9 0 5 -0.25 -0.028571428571428574 0.25 0.06666666666666668 0.4 -0.05 0.30000000000000004 5 3 0 1 0 0 2 0 0 1
2026-09-05,05:53:42 GMT,V6.4 BLOCK - journal-guarded entry/recovery gate failed or signal already used
2026-09-05,05:53:42 GMT,SENTINEL V6 MULTI-WINDOW SCAN >>>
2026-09-05,05:53:42 GMT,V6.4 DIAG | 2 0 9 -0.30000000000000004 0.028571428571428574 0.3 -0.06666666666666668 0.4 -0.30000000000000004 -0.20000000000000004 5 3 0 1 0 0 2 0 0 1
2026-09-05,05:53:42 GMT,V6.4 BLOCK - journal-guarded entry/recovery gate failed or signal already used
2026-09-05,05:53:42 GMT,SENTINEL V6 MULTI-WINDOW SCAN >>>
2026-09-05,05:53:42 GMT,V6.4 DIAG | 1 0 7 -0.30000000000000004 0.028571428571428574 0.3 -0.06666666666666668 0.4 -0.30000000000000004 -0.20000000000000004 4 4 0 1 0 0 2 0 0 1
2026-09-05,05:53:42 GMT,V6.4 BLOCK - journal-guarded entry/recovery gate failed or signal already used
2026-09-05,05:53:42 GMT,SENTINEL V6 MULTI-WINDOW SCAN >>>
2026-09-05,05:53:42 GMT,V6.4 DIAG | 7 0 7 -0.30000000000000004 0.028571428571428574 0.3 -0.06666666666666668 0.4 -0.30000000000000004 -0.20000000000000004 3 5 1 1 0 0 2 0 0 1
2026-09-05,05:53:42 GMT,V6.4 BLOCK - journal-guarded entry/recovery gate failed or signal already used
2026-09-05,05:53:42 GMT,SENTINEL V6 MULTI-WINDOW SCAN >>>