 Date,Time,Message
2026-09-08,11:39:44 GMT,Welcome back! Your messages have been restored. You are using your Demo account.
2026-09-08,10:58:48 GMT,[SCALPER V3] Direction= 0 | RSI= 14.81481481501443 | SMA2= 9713.45 | SMA3= 9713.226666666667 | Points= 0.040000000000873115 | Strength= 560 | Points2= 0.19000000000050932 | Strength2= 560 | Tick1= 9713.66 Tick2= 9713.85 Tick3= 9713.81 Tick4= 9714.04 Extra= 9714.04 | LossLevel= 0 | LossCount= 0 | Stake= 10 | Regime= 3 | Score= 10 | Reconfirm= 1 | Guard= false | Reason= BLOCK: QUALITY
2026-09-08,10:58:48 GMT,[SCALPER V3] Direction= 0 | RSI= 53.99999999989086 | SMA2= 9713.43 | SMA3= 9713.213333333333 | Points= 0.23000000000138243 | Strength= 560 | Points2= 0.040000000000873115 | Strength2= 560 | Tick1= 9713.85 Tick2= 9713.81 Tick3= 9714.04 Tick4= 9713.77 Extra= 9713.77 | LossLevel= 0 | LossCount= 0 | Stake= 10 | Regime= 1 | Score= 100 | Reconfirm= 1 | Guard= false | Reason= BLOCK: QUALITY
2026-09-08,10:58:48 GMT,[SCALPER V3] Direction= 0 | RSI= 69.23076923098449 | SMA2= 9713.545 | SMA3= 9713.29 | Points= 0.27000000000043656 | Strength= 560 | Points2= 0.23000000000138243 | Strength2= 560 | Tick1= 9713.81 Tick2= 9714.04 Tick3= 9713.77 Tick4= 9713.89 Extra= 9713.89 | LossLevel= 0 | LossCount= 0 | Stake= 10 | Regime= 2 | Score= 60 | Reconfirm= 1 | Guard= false | Reason= BLOCK: QUALITY
2026-09-08,10:58:48 GMT,[SCALPER V3] Direction= 0 | RSI= 0 | SMA2= 9713.41 | SMA3= 9713.2 | Points= 0.11999999999898137 | Strength= 560 | Points2= 0.27000000000043656 | Strength2= 560 | Tick1= 9714.04 Tick2= 9713.77 Tick3= 9713.89 Tick4= 9713.9 Extra= 9713.9 | LossLevel= 0 | LossCount= 0 | Stake= 10 | Regime= 3 | Score= 10 | Reconfirm= 1 | Guard= false | Reason= BLOCK: QUALITY
2026-09-08,10:58:48 GMT,[SCALPER V3] Direction= 0 | RSI= 0 | SMA2= 9713.47 | SMA3= 9713.24 | Points= 0.010000000000218279 | Strength= 560 | Points2= 0.11999999999898137 | Strength2= 560 | Tick1= 9713.77 Tick2= 9713.89 Tick3= 9713.9 Tick4= 9714.37 Extra= 9714.37 | LossLevel= 0 | LossCount= 0 | Stake= 10 | Regime= 3 | Score= 10 | Reconfirm= 1 | Guard= false | Reason= BLOCK: QUALITY
2026-09-08,10:58:48 GMT,[SCALPER V3] Direction= 0 | RSI= 0 | SMA2= 9713.474999999999 | SMA3= 9713.243333333334 | Points= 0.47000000000116415 | Strength= 560 | Points2= 0.010000000000218279 | Strength2= 560 | Tick1= 9713.89 Tick2= 9713.9 Tick3= 9714.37 Tick4= 9714.49 Extra= 9714.49 | LossLevel= 0 | LossCount= 0 | Stake= 10 | Regime= 2 | Score= 40 | Reconfirm= 1 | Guard= false | Reason= BLOCK: QUALITY
2026-09-08,10:58:48 GMT,[SCALPER V3] Direction= 0 | RSI= 0 | SMA2= 9713.71 | SMA3= 9713.400000000001 | Points= 0.11999999999898137 | Strength= 560 | Points2= 0.47000000000116415 | Strength2= 560 | Tick1= 9713.9 Tick2= 9714.37 Tick3= 9714.49 Tick4= 9714.56 Extra= 9714.56 | LossLevel= 0 | LossCount= 0 | Stake= 10 | Regime= 3 | Score= 10 | Reconfirm= 1 | Guard= false | Reason= BLOCK: QUALITY
2026-09-08,10:58:48 GMT,[SCALPER V3] Direction= 0 | RSI= 77.41935483876645 | SMA2= 9713.77 | SMA3= 9713.44 | Points= 0.06999999999970896 | Strength= 560 | Points2= 0.11999999999898137 | Strength2= 560 | Tick1= 9714.37 Tick2= 9714.49 Tick3= 9714.56 Tick4= 9714.32 Extra= 9714.32 | LossLevel= 0 | LossCount= 0 | Stake= 10 | Regime= 3 | Score= 10 | Reconfirm= 1 | Guard= false | Reason= BLOCK: QUALITY
2026-09-08,10:58:48 GMT,[SCALPER V3] Direction= 0 | RSI= 100 | SMA2= 9713.805 | SMA3= 9713.463333333333 | Points= 0.23999999999978172 | Strength= 560 | Points2= 0.06999999999970896 | Strength2= 560 | Tick1= 9714.49 Tick2= 9714.56 Tick3= 9714.32 Tick4= 9714 Extra= 9714 | LossLevel= 0 | LossCount= 0 | Stake= 10 | Regime= 2 | Score= 40 | Reconfirm= 1 | Guard= false | Reason= BLOCK: QUALITY
2026-09-08,10:58:48 GMT,[SCALPER V3] Direction= 2 | RSI= 100 | SMA2= 9713.685 | SMA3= 9713.383333333333 | Points= 0.31999999999970896 | Strength= 560 | Points2= 0.23999999999978172 | Strength2= 560 | Tick1= 9714.56 Tick2= 9714.32 Tick3= 9714 Tick4= 9713.78 Extra= 9713.78 | LossLevel= 0 | LossCount= 0 | Stake= 10 | Regime= 2 | Score= 40 | Reconfirm= 1 | Guard= false | Reason= BLOCK: QUALITY
2026-09-08,10:58:48 GMT,[SCALPER V3] Direction= 2 | RSI= 100 | SMA2= 9713.525 | SMA3= 9713.276666666667 | Points= 0.21999999999934516 | Strength= 560 | Points2= 0.31999999999970896 | Strength2= 560 | Tick1= 9714.32 Tick2= 9714 Tick3= 9713.78 Tick4= 9713.36 Extra= 9713.36 | LossLevel= 0 | LossCount= 0 | Stake= 10 | Regime= 2 | Score= 30 | Reconfirm= 1 | Guard= false | Reason= BLOCK: QUALITY
2026-09-08,10:58:48 GMT,[SCALPER V3] Direction= 2 | RSI= 84.00000000001455 | SMA2= 9713.415 | SMA3= 9713.203333333333 | Points= 0.42000000000007276 | Strength= 560 | Points2= 0.21999999999934516 | Strength2= 560 | Tick1= 9714 Tick2= 9713.78 Tick3= 9713.36 Tick4= 9713.44 Extra= 9713.44 | LossLevel= 0 | LossCount= 0 | Stake= 10 | Regime= 1 | Score= 80 | Reconfirm= 1 | Guard= false | Reason= BLOCK: QUALITY
2026-09-08,10:58:48 GMT,[SCALPER V3] Direction= 2 | RSI= 33.33333333383861 | SMA2= 9713.415 | SMA3= 9713.203333333333 | Points= 0.07999999999992724 | Strength= 560 | Points2= 0.42000000000007276 | Strength2= 560 | Tick1= 9713.78 Tick2= 9713.36 Tick3= 9713.44 Tick4= 9713.4 Extra= 9713.4 | LossLevel= 0 | LossCount= 0 | Stake= 10 | Regime= 1 | Score= 70 | Reconfirm= 1 | Guard= false | Reason= BLOCK: QUALITY
2026-09-08,10:58:48 GMT,[SCALPER V3] Direction= 0 | RSI= 100 | SMA2= 9713.205 | SMA3= 9713.063333333334 | Points= 0.040000000000873115 | Strength= 560 | Points2= 0.07999999999992724 | Strength2= 560 | Tick1= 9713.36 Tick2= 9713.44 Tick3= 9713.4 Tick4= 9713.28 Extra= 9713.28 | LossLevel= 0 | LossCount= 0 | Stake= 10 | Regime= 3 | Score= 10 | Reconfirm= 1 | Guard= false | Reason= BLOCK: QUALITY
2026-09-08,10:58:48 GMT,[SCALPER V3] Direction= 0 | RSI= 100 | SMA2= 9713.244999999999 | SMA3= 9713.090000000002 | Points= 0.11999999999898137 | Strength= 560 | Points2= 0.040000000000873115 | Strength2= 560 | Tick1= 9713.44 Tick2= 9713.4 Tick3= 9713.28 Tick4= 9713.02 Extra= 9713.02 | LossLevel= 0 | LossCount= 0 | Stake= 10 | Regime= 3 | Score= 20 | Reconfirm= 1 | Guard= false | Reason= BLOCK: QUALITY
2026-09-08,10:58:48 GMT,[SCALPER V3] Direction= 0 | RSI= 37.681159420293675 | SMA2= 9713.224999999999 | SMA3= 9713.076666666668 | Points= 0.2600000000002183 | Strength= 560 | Points2= 0.11999999999898137 | Strength2= 560 | Tick1= 9713.4 Tick2= 9713.28 Tick3= 9713.02 Tick4= 9713.45 Extra= 9713.45 | LossLevel= 0 | LossCount= 0 | Stake= 10 | Regime= 2 | Score= 60 | Reconfirm= 1 | Guard= false | Reason= BLOCK: QUALITY
2026-09-08,10:58:48 GMT,[SCALPER V3] Direction= 0 | RSI= 15.686274509782933 | SMA2= 9713.165 | SMA3= 9713.036666666667 | Points= 0.43000000000029104 | Strength= 560 | Points2= 0.2600000000002183 | Strength2= 560 | Tick1= 9713.28 Tick2= 9713.02 Tick3= 9713.45 Tick4= 9713.37 Extra= 9713.37 | LossLevel= 0 | LossCount= 0 | Stake= 10 | Regime= 2 | Score= 40 | Reconfirm= 1 | Guard= false | Reason= BLOCK: QUALITY
2026-09-08,10:58:48 GMT,[SCALPER V3] Direction= 0 | RSI= 57.142857143042754 | SMA2= 9713.035 | SMA3= 9712.95 | Points= 0.07999999999992724 | Strength= 560 | Points2= 0.43000000000029104 | Strength2= 560 | Tick1= 9713.02 Tick2= 9713.45 Tick3= 9713.37 Tick4= 9713.43 Extra= 9713.43 | LossLevel= 0 | LossCount= 0 | Stake= 10 | Regime= 2 | Score= 30 | Reconfirm= 1 | Guard= false | Reason= BLOCK: QUALITY
2026-09-08,10:58:48 GMT,[SCALPER V3] Direction= 0 | RSI= 66.66666666700351 | SMA2= 9713.25 | SMA3= 9713.093333333334 | Points= 0.05999999999949068 | Strength= 560 | Points2= 0.07999999999992724 | Strength2= 560 | Tick1= 9713.45 Tick2= 9713.37 Tick3= 9713.43 Tick4= 9713.31 Extra= 9713.31 | LossLevel= 0 | LossCount= 0 | Stake= 10 | Regime= 1 | Score= 70 | Reconfirm= 1 | Guard= false | Reason= BLOCK: QUALITY
2026-09-08,10:58:48 GMT,[SCALPER V3] Direction= 0 | RSI= 100 | SMA2= 9713.21 | SMA3= 9713.066666666668 | Points= 0.12000000000080036 | Strength= 560 | Points2= 0.05999999999949068 | Strength2= 560 | Tick1= 9713.37 Tick2= 9713.43 Tick3= 9713.31 Tick4= 9713.07 Extra= 9713.07 | LossLevel= 0 | LossCount= 0 | Stake= 10 | Regime= 2 | Score= 40 | Reconfirm= 1 | Guard= false | Reason= BLOCK: QUALITY
2026-09-08,10:58:48 GMT,[SCALPER V3] Direction= 2 | RSI= 88.88888888866433 | SMA2= 9713.24 | SMA3= 9713.086666666668 | Points= 0.23999999999978172 | Strength= 560 | Points2= 0.12000000000080036 | Strength2= 560 | Tick1= 9713.43 Tick2= 9713.31 Tick3= 9713.07 Tick4= 9713.1 Extra= 9713.1 | LossLevel= 0 | LossCount= 0 | Stake= 10 | Regime= 1 | Score= 80 | Reconfirm= 1 | Guard= false | Reason= BLOCK: QUALITY
2026-09-08,10:58:48 GMT,[SCALPER V3] Direction= 0 | RSI= 74.99999999962105 | SMA2= 9713.18 | SMA3= 9713.046666666667 | Points= 0.030000000000654836 | Strength= 560 | Points2= 0.23999999999978172 | Strength2= 560 | Tick1= 9713.31 Tick2= 9713.07 Tick3= 9713.1 Tick4= 9713.01 Extra= 9713.01 | LossLevel= 0 | LossCount= 0 | Stake= 10 | Regime= 1 | Score= 50 | Reconfirm= 1 | Guard= false | Reason= BLOCK: QUALITY
2026-09-08,10:58:48 GMT,[SCALPER V3] Direction= 0 | RSI= 100 | SMA2= 9713.06 | SMA3= 9712.966666666667 | Points= 0.09000000000014552 | Strength= 560 | Points2= 0.030000000000654836 | Strength2= 560 | Tick1= 9713.07 Tick2= 9713.1 Tick3= 9713.01 Tick4= 9712.84 Extra= 9712.84 | LossLevel= 0 | LossCount= 0 | Stake= 10 | Regime= 3 | Score= 20 | Reconfirm= 1 | Guard= false | Reason= BLOCK: QUALITY
2026-09-08,10:58:48 GMT,[SCALPER V3] Direction= 0 | RSI= 35.416666666714036 | SMA2= 9713.075 | SMA3= 9712.976666666667 | Points= 0.17000000000007276 | Strength= 560 | Points2= 0.09000000000014552 | Strength2= 560 | Tick1= 9713.1 Tick2= 9713.01 Tick3= 9712.84 Tick4= 9713.15 Extra= 9713.15 | LossLevel= 0 | LossCount= 0 | Stake= 10 | Regime= 2 | Score= 60 | Reconfirm= 1 | Guard= false | Reason= BLOCK: QUALITY
2026-09-08,10:58:48 GMT,[SCALPER V3] Direction= 0 | RSI= 6.060606060739687 | SMA2= 9713.029999999999 | SMA3= 9712.946666666669 | Points= 0.3099999999994907 | Strength= 560 | Points2= 0.17000000000007276 | Strength2= 560 | Tick1= 9713.01 Tick2= 9712.84 Tick3= 9713.15 Tick4= 9713.13 Extra= 9713.13 | LossLevel= 0 | LossCount= 0 | Stake= 10 | Regime= 2 | Score= 40 | Reconfirm= 1 | Guard= false | Reason= BLOCK: QUALITY
2026-09-08,10:58:48 GMT,[SCALPER V3] Direction= 0 | RSI= 14.285714285899886 | SMA2= 9712.945 | SMA3= 9712.890000000001 | Points= 0.020000000000436557 | Strength= 560 | Points2= 0.3099999999994907 | Strength2= 560 | Tick1= 9712.84 Tick2= 9713.15 Tick3= 9713.13 Tick4= 9713.25 Extra= 9713.25 | LossLevel= 0 | LossCount= 0 | Stake= 10 | Regime= 3 | Score= 10 | Reconfirm= 1 | Guard= false | Reason= BLOCK: QUALITY
2026-09-08,10:58:48 GMT,[SCALPER V3] Direction= 0 | RSI= 0 | SMA2= 9713.099999999999 | SMA3= 9712.993333333334 | Points= 0.12000000000080036 | Strength= 560 | Points2= 0.020000000000436557 | Strength2= 560 | Tick1= 9713.15 Tick2= 9713.13 Tick3= 9713.25 Tick4= 9713.29 Extra= 9713.29 | LossLevel= 0 | LossCount= 0 | Stake= 10 | Regime= 2 | Score= 40 | Reconfirm= 1 | Guard= false | Reason= BLOCK: QUALITY
2026-09-08,10:58:48 GMT,[SCALPER V3] Direction= 0 | RSI= 90.24390243885125 | SMA2= 9713.09 | SMA3= 9712.986666666666 | Points= 0.040000000000873115 | Strength= 560 | Points2= 0.12000000000080036 | Strength2= 560 | Tick1= 9713.13 Tick2= 9713.25 Tick3= 9713.29 Tick4= 9712.92 Extra= 9712.92 | LossLevel= 0 | LossCount= 0 | Stake= 10 | Regime= 3 | Score= 10 | Reconfirm= 1 | Guard= false | Reason= BLOCK: QUALITY
2026-09-08,10:58:48 GMT,[SCALPER V3] Direction= 0 | RSI= 54.411764705976765 | SMA2= 9713.15 | SMA3= 9713.026666666667 | Points= 0.37000000000080036 | Strength= 560 | Points2= 0.040000000000873115 | Strength2= 560 | Tick1= 9713.25 Tick2= 9713.29 Tick3= 9712.92 Tick4= 9713.23 Extra= 9713.23 | LossLevel= 0 | LossCount= 0 | Stake= 10 | Regime= 1 | Score= 100 | Reconfirm= 1 | Guard= false | Reason= BLOCK: QUALITY
2026-09-08,10:58:48 GMT,[SCALPER V3] Direction= 0 | RSI= 0 | SMA2= 9713.17 | SMA3= 9713.04 | Points= 0.3099999999994907 | Strength= 560 | Points2= 0.37000000000080036 | Strength2= 560 | Tick1= 9713.29 Tick2= 9712.92 Tick3= 9713.23 Tick4= 9713.42 Extra= 9713.42 | LossLevel= 0 | LossCount= 0 | Stake= 10 | Regime= 2 | Score= 30 | Reconfirm= 1 | Guard= false | Reason= BLOCK: QUALITY
2026-09-08,10:58:48 GMT,[SCALPER V3] Direction= 0 | RSI= 55.81395348828356 | SMA2= 9712.985 | SMA3= 9712.916666666666 | Points= 0.19000000000050932 | Strength= 560 | Points2= 0.3099999999994907 | Strength2= 560 | Tick1= 9712.92 Tick2= 9713.23 Tick3= 9713.42 Tick4= 9713.18 Extra= 9713.18 | LossLevel= 0 | LossCount= 0 | Stake= 10 | Regime= 2 | Score= 50 | Reconfirm= 1 | Guard= false | Reason= BLOCK: QUALITY
2026-09-08,10:58:48 GMT,[SCALPER V3] Direction= 0 | RSI= 100 | SMA2= 9713.14 | SMA3= 9713.02 | Points= 0.23999999999978172 | Strength= 560 | Points2= 0.19000000000050932 | Strength2= 560 | Tick1= 9713.23 Tick2= 9713.42 Tick3= 9713.18 Tick4= 9713.05 Extra= 9713.05 | LossLevel= 0 | LossCount= 0 | Stake= 10 | Regime= 2 | Score= 40 | Reconfirm= 1 | Guard= false | Reason= BLOCK: QUALITY
2026-09-08,10:58:48 GMT,[SCALPER V3] Direction= 2 | RSI= 100 | SMA2= 9713.235 | SMA3= 9713.083333333334 | Points= 0.13000000000101863 | Strength= 560 | Points2= 0.23999999999978172 | Strength2= 560 | Tick1= 9713.42 Tick2= 9713.18 Tick3= 9713.05 Tick4= 9712.91 Extra= 9712.91 | LossLevel= 0 | LossCount= 0 | Stake= 10 | Regime= 2 | Score= 30 | Reconfirm= 1 | Guard= false | Reason= BLOCK: QUALITY
2026-09-08,10:58:48 GMT,[SCALPER V3] Direction= 2 | RSI= 100 | SMA2= 9713.115 | SMA3= 9713.003333333334 | Points= 0.13999999999941792 | Strength= 560 | Points2= 0.13000000000101863 | Strength2= 560 | Tick1= 9713.18 Tick2= 9713.05 Tick3= 9712.91 Tick4= 9712.76 Extra= 9712.76 | LossLevel= 0 | LossCount= 0 | Stake= 10 | Regime= 2 | Score= 40 | Reconfirm= 1 | Guard= false | Reason= BLOCK: QUALITY
2026-09-08,10:58:48 GMT,[SCALPER V3] Direction= 0 | RSI= 100 | SMA2= 9712.915 | SMA3= 9712.656666666666 | Points= 0.1499999999996362 | Strength= 560 | Points2= 0.13999999999941792 | Strength2= 560 | Tick1= 9713.05 Tick2= 9712.91 Tick3= 9712.76 Tick4= 9712.61 Extra= 9712.61 | LossLevel= 0 | LossCount= 0 | Stake= 10 | Regime= 2 | Score= 40 | Reconfirm= 1 | Guard= false | Reason= BLOCK: QUALITY
2026-09-08,10:58:48 GMT,[SCALPER V3] Direction= 0 | RSI= 100 | SMA2= 9712.845000000001 | SMA3= 9712.609999999999 | Points= 0.1499999999996362 | Strength= 560 | Points2= 0.1499999999996362 | Strength2= 560 | Tick1= 9712.91 Tick2= 9712.76 Tick3= 9712.61 Tick4= 9712.58 Extra= 9712.58 | LossLevel= 0 | LossCount= 0 | Stake= 10 | Regime= 2 | Score= 30 | Reconfirm= 1 | Guard= false | Reason= BLOCK: QUALITY
2026-09-08,10:58:48 GMT,[SCALPER V3] Direction= 0 | RSI= 100 | SMA2= 9712.77 | SMA3= 9712.56 | Points= 0.030000000000654836 | Strength= 560 | Points2= 0.1499999999996362 | Strength2= 560 | Tick1= 9712.76 Tick2= 9712.61 Tick3= 9712.58 Tick4= 9712.58 Extra= 9712.58 | LossLevel= 0 | LossCount= 0 | Stake= 10 | Regime= 3 | Score= 10 | Reconfirm= 1 | Guard= false | Reason= BLOCK: QUALITY
2026-09-08,10:58:48 GMT,[SCALPER V3] Direction= 0 | RSI= NaN | SMA2= 9712.695 | SMA3= 9712.51 | Points= 0 | Strength= 560 | Points2= 0.030000000000654836 | Strength2= 560 | Tick1= 9712.61 Tick2= 9712.58 Tick3= 9712.58 Tick4= 9712.58 Extra= 9712.58 | LossLevel= 0 | LossCount= 0 | Stake= 10 | Regime= 2 | Score= 10 | Reconfirm= 1 | Guard= false | Reason= BLOCK: QUALITY
2026-09-08,10:58:48 GMT,[SCALPER V3] Direction= 0 | RSI= 100 | SMA2= 9712.68 | SMA3= 9712.5 | Points= 0 | Strength= 560 | Points2= 0 | Strength2= 560 | Tick1= 9712.58 Tick2= 9712.58 Tick3= 9712.58 Tick4= 9712.46 Extra= 9712.46 | LossLevel= 0 | LossCount= 0 | Stake= 10 | Regime= 3 | Score= 10 | Reconfirm= 1 | Guard= false | Reason= BLOCK: QUALITY
2026-09-08,10:58:48 GMT,[SCALPER V3] Direction= 0 | RSI= 100 | SMA2= 9712.68 | SMA3= 9712.5 | Points= 0.12000000000080036 | Strength= 560 | Points2= 0 | Strength2= 560 | Tick1= 9712.58 Tick2= 9712.58 Tick3= 9712.46 Tick4= 9712.46 Extra= 9712.46 | LossLevel= 0 | LossCount= 0 | Stake= 10 | Regime= 2 | Score= 40 | Reconfirm= 1 | Guard= false | Reason= BLOCK: QUALITY
2026-09-08,10:58:48 GMT,[SCALPER V3] Direction= 0 | RSI= 100 | SMA2= 9712.619999999999 | SMA3= 9712.46 | Points= 0 | Strength= 560 | Points2= 0.12000000000080036 | Strength2= 560 | Tick1= 9712.58 Tick2= 9712.46 Tick3= 9712.46 Tick4= 9712.38 Extra= 9712.38 | LossLevel= 0 | LossCount= 0 | Stake= 10 | Regime= 3 | Score= 10 | Reconfirm= 1 | Guard= false | Reason= BLOCK: QUALITY
2026-09-08,10:58:48 GMT,[SCALPER V3] Direction= 0 | RSI= 100 | SMA2= 9712.619999999999 | SMA3= 9712.46 | Points= 0.07999999999992724 | Strength= 560 | Points2= 0 | Strength2= 560 | Tick1= 9712.46 Tick2= 9712.46 Tick3= 9712.38 Tick4= 9712.31 Extra= 9712.31 | LossLevel= 0 | LossCount= 0 | Stake= 10 | Regime= 3 | Score= 20 | Reconfirm= 1 | Guard= false | Reason= BLOCK: QUALITY
2026-09-08,10:58:48 GMT,[SCALPER V3] Direction= 0 | RSI= 100 | SMA2= 9712.58 | SMA3= 9712.433333333332 | Points= 0.06999999999970896 | Strength= 560 | Points2= 0.07999999999992724 | Strength2= 560 | Tick1= 9712.46 Tick2= 9712.38 Tick3= 9712.31 Tick4= 9712.18 Extra= 9712.18 | LossLevel= 0 | LossCount= 0 | Stake= 10 | Regime= 3 | Score= 10 | Reconfirm= 1 | Guard= false | Reason= BLOCK: QUALITY
2026-09-08,10:58:48 GMT,[SCALPER V3] Direction= 0 | RSI= 48.148148148098244 | SMA2= 9712.545 | SMA3= 9712.409999999998 | Points= 0.12999999999919964 | Strength= 560 | Points2= 0.06999999999970896 | Strength2= 560 | Tick1= 9712.38 Tick2= 9712.31 Tick3= 9712.18 Tick4= 9712.32 Extra= 9712.32 | LossLevel= 0 | LossCount= 0 | Stake= 10 | Regime= 1 | Score= 100 | Reconfirm= 1 | Guard= false | Reason= BLOCK: QUALITY
2026-09-08,10:58:48 GMT,[SCALPER V3] Direction= 0 | RSI= 39.130434782746235 | SMA2= 9712.48 | SMA3= 9712.366666666667 | Points= 0.13999999999941792 | Strength= 560 | Points2= 0.12999999999919964 | Strength2= 560 | Tick1= 9712.31 Tick2= 9712.18 Tick3= 9712.32 Tick4= 9712.23 Extra= 9712.23 | LossLevel= 0 | LossCount= 0 | Stake= 10 | Regime= 1 | Score= 100 | Reconfirm= 1 | Guard= false | Reason= BLOCK: QUALITY
2026-09-08,10:58:48 GMT,[SCALPER V3] Direction= 0 | RSI= 100 | SMA2= 9712.55 | SMA3= 9712.413333333332 | Points= 0.09000000000014552 | Strength= 560 | Points2= 0.13999999999941792 | Strength2= 560 | Tick1= 9712.18 Tick2= 9712.32 Tick3= 9712.23 Tick4= 9712.15 Extra= 9712.15 | LossLevel= 0 | LossCount= 0 | Stake= 10 | Regime= 3 | Score= 10 | Reconfirm= 1 | Guard= false | Reason= BLOCK: QUALITY
2026-09-08,10:58:48 GMT,[SCALPER V3] Direction= 0 | RSI= 100 | SMA2= 9712.505000000001 | SMA3= 9712.383333333333 | Points= 0.07999999999992724 | Strength= 560 | Points2= 0.09000000000014552 | Strength2= 560 | Tick1= 9712.32 Tick2= 9712.23 Tick3= 9712.15 Tick4= 9712.12 Extra= 9712.12 | LossLevel= 0 | LossCount= 0 | Stake= 10 | Regime= 3 | Score= 10 | Reconfirm= 1 | Guard= false | Reason= BLOCK: QUALITY
2026-09-08,10:58:48 GMT,[SCALPER V3] Direction= 0 | RSI= 21.428571428107404 | SMA2= 9712.465 | SMA3= 9712.356666666667 | Points= 0.029999999998835847 | Strength= 560 | Points2= 0.07999999999992724 | Strength2= 560 | Tick1= 9712.23 Tick2= 9712.15 Tick3= 9712.12 Tick4= 9712.23 Extra= 9712.23 | LossLevel= 0 | LossCount= 0 | Stake= 10 | Regime= 3 | Score= 10 | Reconfirm= 1 | Guard= false | Reason= BLOCK: QUALITY
2026-09-08,10:58:48 GMT,[SCALPER V3] Direction= 0 | RSI= 0 | SMA2= 9712.45 | SMA3= 9712.346666666666 | Points= 0.10999999999876309 | Strength= 560 | Points2= 0.029999999998835847 | Strength2= 560 | Tick1= 9712.15 Tick2= 9712.12 Tick3= 9712.23 Tick4= 9712.31 Extra= 9712.31 | LossLevel= 0 | LossCount= 0 | Stake= 10 | Regime= 3 | Score= 20 | Reconfirm= 1 | Guard= false | Reason= BLOCK: QUALITY
2026-09-08,10:58:48 GMT,[SCALPER V3] Direction= 0 | RSI= 59.9999999998181 | SMA2= 9712.505000000001 | SMA3= 9712.383333333333 | Points= 0.07999999999992724 | Strength= 560 | Points2= 0.10999999999876309 | Strength2= 560 | Tick1= 9712.12 Tick2= 9712.23 Tick3= 9712.31 Tick4= 9712.19 Extra= 9712.19 | LossLevel= 0 | LossCount= 0 | Stake= 10 | Regime= 2 | Score= 30 | Reconfirm= 1 | Guard= false | Reason= BLOCK: QUALITY
2026-09-08,10:58:48 GMT,[SCALPER V3] Direction= 0 | RSI= 27.906976744048322 | SMA2= 9712.545 | SMA3= 9712.409999999998 | Points= 0.11999999999898137 | Strength= 560 | Points2= 0.07999999999992724 | Strength2= 560 | Tick1= 9712.23 Tick2= 9712.31 Tick3= 9712.19 Tick4= 9712.5 Extra= 9712.5 | LossLevel= 0 | LossCount= 0 | Stake= 10 | Regime= 2 | Score= 20 | Reconfirm= 1 | Guard= false | Reason= BLOCK: QUALITY
2026-09-08,10:58:48 GMT,[SCALPER V3] Direction= 0 | RSI= 0 | SMA2= 9712.485 | SMA3= 9712.37 | Points= 0.3099999999994907 | Strength= 560 | Points2= 0.11999999999898137 | Strength2= 560 | Tick1= 9712.31 Tick2= 9712.19 Tick3= 9712.5 Tick4= 9712.89 Extra= 9712.89 | LossLevel= 0 | LossCount= 0 | Stake= 10 | Regime= 2 | Score= 40 | Reconfirm= 1 | Guard= false | Reason= BLOCK: QUALITY
2026-09-08,10:58:48 GMT,[SCALPER V3] Direction= 0 | RSI= 0 | SMA2= 9712.64 | SMA3= 9712.473333333333 | Points= 0.3899999999994179 | Strength= 560 | Points2= 0.3099999999994907 | Strength2= 560 | Tick1= 9712.19 Tick2= 9712.5 Tick3= 9712.89 Tick4= 9713.11 Extra= 9713.11 | LossLevel= 0 | LossCount= 0 | Stake= 10 | Regime= 2 | Score= 40 | Reconfirm= 1 | Guard= false | Reason= BLOCK: QUALITY
2026-09-08,10:58:48 GMT,[SCALPER V3] Direction= 0 | RSI= 54.16666666655613 | SMA2= 9712.835 | SMA3= 9712.603333333333 | Points= 0.22000000000116415 | Strength= 560 | Points2= 0.3899999999994179 | Strength2= 560 | Tick1= 9712.5 Tick2= 9712.89 Tick3= 9713.11 Tick4= 9712.85 Extra= 9712.85 | LossLevel= 0 | LossCount= 0 | Stake= 10 | Regime= 2 | Score= 50 | Reconfirm= 1 | Guard= false | Reason= BLOCK: QUALITY
2026-09-08,10:58:48 GMT,[SCALPER V3] Direction= 0 | RSI= 100 | SMA2= 9712.945 | SMA3= 9712.676666666666 | Points= 0.2600000000002183 | Strength= 560 | Points2= 0.22000000000116415 | Strength2= 560 | Tick1= 9712.89 Tick2= 9713.11 Tick3= 9712.85 Tick4= 9712.75 Extra= 9712.75 | LossLevel= 0 | LossCount= 0 | Stake= 10 | Regime= 2 | Score= 40 | Reconfirm= 1 | Guard= false | Reason= BLOCK: QUALITY
2026-09-08,10:58:48 GMT,[SCALPER V3] Direction= 0 | RSI= 100 | SMA2= 9712.815 | SMA3= 9712.589999999998 | Points= 0.1000000000003638 | Strength= 560 | Points2= 0.2600000000002183 | Strength2= 560 | Tick1= 9713.11 Tick2= 9712.85 Tick3= 9712.75 Tick4= 9712.55 Extra= 9712.55 | LossLevel= 0 | LossCount= 0 | Stake= 10 | Regime= 3 | Score= 10 | Reconfirm= 1 | Guard= false | Reason= BLOCK: QUALITY
2026-09-08,10:58:48 GMT,[SCALPER V3] Direction= 0 | RSI= 100 | SMA2= 9712.765 | SMA3= 9712.556666666665 | Points= 0.2000000000007276 | Strength= 560 | Points2= 0.1000000000003638 | Strength2= 560 | Tick1= 9712.85 Tick2= 9712.75 Tick3= 9712.55 Tick4= 9712.49 Extra= 9712.49 | LossLevel= 0 | LossCount= 0 | Stake= 10 | Regime= 2 | Score= 40 | Reconfirm= 1 | Guard= false | Reason= BLOCK: QUALITY
2026-09-08,10:58:48 GMT,[SCALPER V3] Direction= 0 | RSI= 24.999999999810527 | SMA2= 9712.665 | SMA3= 9712.49 | Points= 0.05999999999949068 | Strength= 560 | Points2= 0.2000000000007276 | Strength2= 560 | Tick1= 9712.75 Tick2= 9712.55 Tick3= 9712.49 Tick4= 9712.67 Extra= 9712.67 | LossLevel= 0 | LossCount= 0 | Stake= 10 | Regime= 3 | Score= 10 | Reconfirm= 1 | Guard= false | Reason= BLOCK: QUALITY
2026-09-08,10:58:48 GMT,[SCALPER V3] Direction= 0 | RSI= 18.181818182118846 | SMA2= 9712.635 | SMA3= 9712.47 | Points= 0.18000000000029104 | Strength= 560 | Points2= 0.05999999999949068 | Strength2= 560 | Tick1= 9712.55 Tick2= 9712.49 Tick3= 9712.67 Tick4= 9712.63 Extra= 9712.63 | LossLevel= 0 | LossCount= 0 | Stake= 10 | Regime= 2 | Score= 40 | Reconfirm= 1 | Guard= false | Reason= BLOCK: QUALITY
2026-09-08,10:58:48 GMT,[SCALPER V3] Direction= 0 | RSI= 13.333333333575851 | SMA2= 9712.725 | SMA3= 9712.529999999999 | Points= 0.040000000000873115 | Strength= 560 | Points2= 0.18000000000029104 | Strength2= 560 | Tick1= 9712.49 Tick2= 9712.67 Tick3= 9712.63 Tick4= 9712.89 Extra= 9712.89 | LossLevel= 0 | LossCount= 0 | Stake= 10 | Regime= 3 | Score= 10 | Reconfirm= 1 | Guard= false | Reason= BLOCK: QUALITY
2026-09-08,10:58:48 GMT,[SCALPER V3] Direction= 0 | RSI= 0 | SMA2= 9712.705 | SMA3= 9712.516666666665 | Points= 0.2600000000002183 | Strength= 560 | Points2= 0.040000000000873115 | Strength2= 560 | Tick1= 9712.67 Tick2= 9712.63 Tick3= 9712.89 Tick4= 9712.97 Extra= 9712.97 | LossLevel= 0 | LossCount= 0 | Stake= 10 | Regime= 2 | Score= 40 | Reconfirm= 1 | Guard= false | Reason= BLOCK: QUALITY
2026-09-08,10:58:48 GMT,[SCALPER V3] Direction= 0 | RSI= 0 | SMA2= 9712.705 | SMA3= 9712.516666666665 | Points= 0.07999999999992724 | Strength= 560 | Points2= 0.2600000000002183 | Strength2= 560 | Tick1= 9712.63 Tick2= 9712.89 Tick3= 9712.97 Tick4= 9713.07 Extra= 9713.07 | LossLevel= 0 | LossCount= 0 | Stake= 10 | Regime= 3 | Score= 10 | Reconfirm= 1 | Guard= false | Reason= BLOCK: QUALITY
2026-09-08,10:58:48 GMT,[SCALPER V3] Direction= 0 | RSI= 0 | SMA2= 9712.835 | SMA3= 9712.603333333333 | Points= 0.1000000000003638 | Strength= 560 | Points2= 0.07999999999992724 | Strength2= 560 | Tick1= 9712.89 Tick2= 9712.97 Tick3= 9713.07 Tick4= 9713.26 Extra= 9713.26 | LossLevel= 0 | LossCount= 0 | Stake= 10 | Regime= 3 | Score= 20 | Reconfirm= 1 | Guard= false | Reason= BLOCK: QUALITY
2026-09-08,10:58:48 GMT,[SCALPER V3] Direction= 0 | RSI= 0 | SMA2= 9712.875 | SMA3= 9712.63 | Points= 0.19000000000050932 | Strength= 560 | Points2= 0.1000000000003638 | Strength2= 560 | Tick1= 9712.97 Tick2= 9713.07 Tick3= 9713.26 Tick4= 9713.38 Extra= 9713.38 | LossLevel= 0 | LossCount= 0 | Stake= 10 | Regime= 2 | Score= 40 | Reconfirm= 1 | Guard= false | Reason= BLOCK: QUALITY
2026-09-08,10:58:48 GMT,[SCALPER V3] Direction= 0 | RSI= 14.285714284971846 | SMA2= 9712.925 | SMA3= 9712.663333333332 | Points= 0.11999999999898137 | Strength= 560 | Points2= 0.19000000000050932 | Strength2= 560 | Tick1= 9713.07 Tick2= 9713.26 Tick3= 9713.38 Tick4= 9713.36 Extra= 9713.36 | LossLevel= 0 | LossCount= 0 | Stake= 10 | Regime= 3 | Score= 10 | Reconfirm= 1 | Guard= false | Reason= BLOCK: QUALITY
2026-09-08,10:58:48 GMT,[SCALPER V3] Direction= 0 | RSI= 66.66666666464556 | SMA2= 9713.02 | SMA3= 9712.726666666667 | Points= 0.019999999998617568 | Strength= 560 | Points2= 0.11999999999898137 | Strength2= 560 | Tick1= 9713.26 Tick2= 9713.38 Tick3= 9713.36 Tick4= 9713.37 Extra= 9713.37 | LossLevel= 0 | LossCount= 0 | Stake= 10 | Regime= 2 | Score= 30 | Reconfirm= 1 | Guard= false | Reason= BLOCK: QUALITY
2026-09-08,10:58:48 GMT,[SCALPER V3] Direction= 0 | RSI= 0 | SMA2= 9713.08 | SMA3= 9712.766666666665 | Points= 0.010000000000218279 | Strength= 560 | Points2= 0.019999999998617568 | Strength2= 560 | Tick1= 9713.38 Tick2= 9713.36 Tick3= 9713.37 Tick4= 9713.68 Extra= 9713.68 | LossLevel= 0 | LossCount= 0 | Stake= 10 | Regime= 3 | Score= 10 | Reconfirm= 1 | Guard= false | Reason= BLOCK: QUALITY
2026-09-08,10:58:48 GMT,[SCALPER V3] Direction= 0 | RSI= 51.56250000003553 | SMA2= 9713.07 | SMA3= 9712.76 | Points= 0.3099999999994907 | Strength= 560 | Points2= 0.010000000000218279 | Strength2= 560 | Tick1= 9713.36 Tick2= 9713.37 Tick3= 9713.68 Tick4= 9713.35 Extra= 9713.35 | LossLevel= 0 | LossCount= 0 | Stake= 10 | Regime= 1 | Score= 100 | Reconfirm= 1 | Guard= false | Reason= BLOCK: QUALITY
2026-09-08,10:58:48 GMT,[SCALPER V3] Direction= 0 | RSI= 100 | SMA2= 9713.075 | SMA3= 9712.763333333334 | Points= 0.32999999999992724 | Strength= 560 | Points2= 0.3099999999994907 | Strength2= 560 | Tick1= 9713.37 Tick2= 9713.68 Tick3= 9713.35 Tick4= 9713.1 Extra= 9713.1 | LossLevel= 0 | LossCount= 0 | Stake= 10 | Regime= 2 | Score= 40 | Reconfirm= 1 | Guard= false | Reason= BLOCK: QUALITY
2026-09-08,10:58:48 GMT,[SCALPER V3] Direction= 0 | RSI= 89.28571428608551 | SMA2= 9713.23 | SMA3= 9712.866666666667 | Points= 0.25 | Strength= 560 | Points2= 0.32999999999992724 | Strength2= 560 | Tick1= 9713.68 Tick2= 9713.35 Tick3= 9713.1 Tick4= 9713.13 Extra= 9713.13 | LossLevel= 0 | LossCount= 0 | Stake= 10 | Regime= 1 | Score= 70 | Reconfirm= 1 | Guard= false | Reason= BLOCK: QUALITY
2026-09-08,10:58:48 GMT,[SCALPER V3] Direction= 0 | RSI= 0 | SMA2= 9713.065 | SMA3= 9712.756666666666 | Points= 0.029999999998835847 | Strength= 560 | Points2= 0.25 | Strength2= 560 | Tick1= 9713.35 Tick2= 9713.1 Tick3= 9713.13 Tick4= 9713.23 Extra= 9713.23 | LossLevel= 0 | LossCount= 0 | Stake= 10 | Regime= 3 | Score= 10 | Reconfirm= 1 | Guard= false | Reason= BLOCK: QUALITY
2026-09-08,10:58:48 GMT,[SCALPER V3] Direction= 0 | RSI= 74.3589743588428 | SMA2= 9712.94 | SMA3= 9712.673333333332 | Points= 0.1000000000003638 | Strength= 560 | Points2= 0.029999999998835847 | Strength2= 560 | Tick1= 9713.1 Tick2= 9713.13 Tick3= 9713.23 Tick4= 9712.94 Extra= 9712.94 | LossLevel= 0 | LossCount= 0 | Stake= 10 | Regime= 1 | Score= 60 | Reconfirm= 1 | Guard= false | Reason= BLOCK: QUALITY
2026-09-08,10:58:48 GMT,[SCALPER V3] Direction= 0 | RSI= 96.66666666658583 | SMA2= 9712.955 | SMA3= 9712.683333333332 | Points= 0.2899999999990541 | Strength= 560 | Points2= 0.1000000000003638 | Strength2= 560 | Tick1= 9713.13 Tick2= 9713.23 Tick3= 9712.94 Tick4= 9712.95 Extra= 9712.95 | LossLevel= 0 | LossCount= 0 | Stake= 10 | Regime= 1 | Score= 80 | Reconfirm= 1 | Guard= false | Reason= BLOCK: QUALITY
2026-09-08,10:58:48 GMT,[SCALPER V3] Direction= 0 | RSI= 0 | SMA2= 9713.005000000001 | SMA3= 9712.716666666665 | Points= 0.010000000000218279 | Strength= 560 | Points2= 0.2899999999990541 | Strength2= 560 | Tick1= 9713.23 Tick2= 9712.94 Tick3= 9712.95 Tick4= 9713.03 Extra= 9713.03 | LossLevel= 0 | LossCount= 0 | Stake= 10 | Regime= 3 | Score= 10 | Reconfirm= 1 | Guard= false | Reason= BLOCK: QUALITY
2026-09-08,10:58:48 GMT,[SCALPER V3] Direction= 0 | RSI= 0 | SMA2= 9712.86 | SMA3= 9712.62 | Points= 0.07999999999992724 | Strength= 560 | Points2= 0.010000000000218279 | Strength2= 560 | Tick1= 9712.94 Tick2= 9712.95 Tick3= 9713.03 Tick4= 9713.04 Extra= 9713.04 | LossLevel= 0 | LossCount= 0 | Stake= 10 | Regime= 3 | Score= 20 | Reconfirm= 1 | Guard= false | Reason= BLOCK: QUALITY
2026-09-08,10:58:48 GMT,[SCALPER V3] Direction= 0 | RSI= 91.66666666654035 | SMA2= 9712.865000000002 | SMA3= 9712.623333333333 | Points= 0.010000000000218279 | Strength= 560 | Points2= 0.07999999999992724 | Strength2= 560 | Tick1= 9712.95 Tick2= 9713.03 Tick3= 9713.04 Tick4= 9712.93 Extra= 9712.93 | LossLevel= 0 | LossCount= 0 | Stake= 10 | Regime= 3 | Score= 10 | Reconfirm= 1 | Guard= false | Reason= BLOCK: QUALITY
2026-09-08,10:58:48 GMT,[SCALPER V3] Direction= 0 | RSI= 100 | SMA2= 9712.905 | SMA3= 9712.65 | Points= 0.11000000000058208 | Strength= 560 | Points2= 0.010000000000218279 | Strength2= 560 | Tick1= 9713.03 Tick2= 9713.04 Tick3= 9712.93 Tick4= 9712.7 Extra= 9712.7 | LossLevel= 0 | LossCount= 0 | Stake= 10 | Regime= 3 | Score= 20 | Reconfirm= 1 | Guard= false | Reason= BLOCK: QUALITY
2026-09-08,10:58:48 GMT,[SCALPER V3] Direction= 0 | RSI= 88.46153846191518 | SMA2= 9712.91 | SMA3= 9712.653333333334 | Points= 0.22999999999956344 | Strength= 560 | Points2= 0.11000000000058208 | Strength2= 560 | Tick1= 9713.04 Tick2= 9712.93 Tick3= 9712.7 Tick4= 9712.73 Extra= 9712.73 | LossLevel= 0 | LossCount= 0 | Stake= 10 | Regime= 1 | Score= 80 | Reconfirm= 1 | Guard= false | Reason= BLOCK: QUALITY
2026-09-08,10:58:48 GMT,[SCALPER V3] Direction= 0 | RSI= 0 | SMA2= 9712.855 | SMA3= 9712.616666666667 | Points= 0.029999999998835847 | Strength= 560 | Points2= 0.22999999999956344 | Strength2= 560 | Tick1= 9712.93 Tick2= 9712.7 Tick3= 9712.73 Tick4= 9713.06 Extra= 9713.06 | LossLevel= 0 | LossCount= 0 | Stake= 10 | Regime= 3 | Score= 10 | Reconfirm= 1 | Guard= false | Reason= BLOCK: QUALITY
2026-09-08,10:58:48 GMT,[SCALPER V3] Direction= 0 | RSI= 2.941176470651172 | SMA2= 9712.740000000002 | SMA3= 9712.539999999999 | Points= 0.32999999999992724 | Strength= 560 | Points2= 0.029999999998835847 | Strength2= 560 | Tick1= 9712.7 Tick2= 9712.73 Tick3= 9713.06 Tick4= 9713.05 Extra= 9713.05 | LossLevel= 0 | LossCount= 0 | Stake= 10 | Regime= 2 | Score= 40 | Reconfirm= 1 | Guard= false | Reason= BLOCK: QUALITY
2026-09-08,10:58:48 GMT,[SCALPER V3] Direction= 0 | RSI= 100 | SMA2= 9712.755000000001 | SMA3= 9712.55 | Points= 0.010000000000218279 | Strength= 560 | Points2= 0.32999999999992724 | Strength2= 560 | Tick1= 9712.73 Tick2= 9713.06 Tick3= 9713.05 Tick4= 9712.76 Extra= 9712.76 | LossLevel= 0 | LossCount= 0 | Stake= 10 | Regime= 3 | Score= 10 | Reconfirm= 1 | Guard= false | Reason= BLOCK: QUALITY
2026-09-08,10:58:48 GMT,[SCALPER V3] Direction= 0 | RSI= 100 | SMA2= 9712.92 | SMA3= 9712.659999999998 | Points= 0.2899999999990541 | Strength= 560 | Points2= 0.010000000000218279 | Strength2= 560 | Tick1= 9713.06 Tick2= 9713.05 Tick3= 9712.76 Tick4= 9712.75 Extra= 9712.75 | LossLevel= 0 | LossCount= 0 | Stake= 10 | Regime= 2 | Score= 40 | Reconfirm= 1 | Guard= false | Reason= BLOCK: QUALITY
2026-09-08,10:58:48 GMT,[SCALPER V3] Direction= 0 | RSI= 100 | SMA2= 9712.915 | SMA3= 9712.656666666666 | Points= 0.010000000000218279 | Strength= 560 | Points2= 0.2899999999990541 | Strength2= 560 | Tick1= 9713.05 Tick2= 9712.76 Tick3= 9712.75 Tick4= 9712.73 Extra= 9712.73 | LossLevel= 0 | LossCount= 0 | Stake= 10 | Regime= 3 | Score= 10 | Reconfirm= 1 | Guard= false | Reason= BLOCK: QUALITY
2026-09-08,10:58:48 GMT,[SCALPER V3] Direction= 0 | RSI= 16.666666666919298 | SMA2= 9712.77 | SMA3= 9712.56 | Points= 0.020000000000436557 | Strength= 560 | Points2= 0.010000000000218279 | Strength2= 560 | Tick1= 9712.76 Tick2= 9712.75 Tick3= 9712.73 Tick4= 9712.83 Extra= 9712.83 | LossLevel= 0 | LossCount= 0 | Stake= 10 | Regime= 3 | Score= 20 | Reconfirm= 1 | Guard= false | Reason= BLOCK: QUALITY
2026-09-08,10:58:48 GMT,[SCALPER V3] Direction= 0 | RSI= 28.57142857087173 | SMA2= 9712.765 | SMA3= 9712.556666666665 | Points= 0.1000000000003638 | Strength= 560 | Points2= 0.020000000000436557 | Strength2= 560 | Tick1= 9712.75 Tick2= 9712.73 Tick3= 9712.83 Tick4= 9712.79 Extra= 9712.79 | LossLevel= 0 | LossCount= 0 | Stake= 10 | Regime= 2 | Score= 20 | Reconfirm= 1 | Guard= false | Reason= BLOCK: QUALITY
2026-09-08,10:58:48 GMT,[SCALPER V3] Direction= 0 | RSI= 100 | SMA2= 9712.755000000001 | SMA3= 9712.55 | Points= 0.039999999999054126 | Strength= 560 | Points2= 0.1000000000003638 | Strength2= 560 | Tick1= 9712.73 Tick2= 9712.83 Tick3= 9712.79 Tick4= 9712.79 Extra= 9712.79 | LossLevel= 0 | LossCount= 0 | Stake= 10 | Regime= 3 | Score= 10 | Reconfirm= 1 | Guard= false | Reason= BLOCK: QUALITY
2026-09-08,10:58:48 GMT,[SCALPER V3] Direction= 0 | RSI= 100 | SMA2= 9712.805 | SMA3= 9712.583333333334 | Points= 0 | Strength= 560 | Points2= 0.039999999999054126 | Strength2= 560 | Tick1= 9712.83 Tick2= 9712.79 Tick3= 9712.79 Tick4= 9712.75 Extra= 9712.75 | LossLevel= 0 | LossCount= 0 | Stake= 10 | Regime= 3 | Score= 10 | Reconfirm= 1 | Guard= false | Reason= BLOCK: QUALITY
2026-09-08,10:58:48 GMT,[SCALPER V3] Direction= 0 | RSI= 44.44444444534271 | SMA2= 9712.785 | SMA3= 9712.57 | Points= 0.040000000000873115 | Strength= 560 | Points2= 0 | Strength2= 560 | Tick1= 9712.79 Tick2= 9712.79 Tick3= 9712.75 Tick4= 9712.8 Extra= 9712.8 | LossLevel= 0 | LossCount= 0 | Stake= 10 | Regime= 2 | Score= 40 | Reconfirm= 1 | Guard= false | Reason= BLOCK: QUALITY
2026-09-08,10:58:48 GMT,[SCALPER V3] Direction= 0 | RSI= 37.499999999431566 | SMA2= 9712.785 | SMA3= 9712.57 | Points= 0.049999999999272404 | Strength= 560 | Points2= 0.040000000000873115 | Strength2= 560 | Tick1= 9712.79 Tick2= 9712.75 Tick3= 9712.8 Tick4= 9712.77 Extra= 9712.77 | LossLevel= 0 | LossCount= 0 | Stake= 10 | Regime= 1 | Score= 80 | Reconfirm= 1 | Guard= false | Reason= BLOCK: QUALITY
2026-09-08,10:58:48 GMT,[SCALPER V3] Direction= 0 | RSI= 100 | SMA2= 9712.765 | SMA3= 9712.556666666665 | Points= 0.029999999998835847 | Strength= 560 | Points2= 0.049999999999272404 | Strength2= 560 | Tick1= 9712.75 Tick2= 9712.8 Tick3= 9712.77 Tick4= 9712.53 Extra= 9712.53 | LossLevel= 0 | LossCount= 0 | Stake= 10 | Regime= 3 | Score= 10 | Reconfirm= 1 | Guard= false | Reason= BLOCK: QUALITY
2026-09-08,10:58:48 GMT,[SCALPER V3] Direction= 0 | RSI= 57.142857143042754 | SMA2= 9712.79 | SMA3= 9712.573333333332 | Points= 0.23999999999978172 | Strength= 560 | Points2= 0.029999999998835847 | Strength2= 560 | Tick1= 9712.8 Tick2= 9712.77 Tick3= 9712.53 Tick4= 9712.71 Extra= 9712.71 | LossLevel= 0 | LossCount= 0 | Stake= 10 | Regime= 1 | Score= 100 | Reconfirm= 1 | Guard= false | Reason= BLOCK: QUALITY
2026-09-08,10:58:48 GMT,[SCALPER V3] Direction= 0 | RSI= 0 | SMA2= 9712.775000000001 | SMA3= 9712.563333333334 | Points= 0.17999999999847205 | Strength= 560 | Points2= 0.23999999999978172 | Strength2= 560 | Tick1= 9712.77 Tick2= 9712.53 Tick3= 9712.71 Tick4= 9712.78 Extra= 9712.78 | LossLevel= 0 | LossCount= 0 | Stake= 10 | Regime= 2 | Score= 30 | Reconfirm= 1 | Guard= false | Reason= BLOCK: QUALITY
2026-09-08,10:58:48 GMT,[SCALPER V3] Direction= 0 | RSI= 0 | SMA2= 9712.655 | SMA3= 9712.483333333332 | Points= 0.07000000000152795 | Strength= 560 | Points2= 0.17999999999847205 | Strength2= 560 | Tick1= 9712.53 Tick2= 9712.71 Tick3= 9712.78 Tick4= 9712.81 Extra= 9712.81 | LossLevel= 0 | LossCount= 0 | Stake= 10 | Regime= 3 | Score= 10 | Reconfirm= 1 | Guard= false | Reason= BLOCK: QUALITY
2026-09-08,10:58:48 GMT,[SCALPER V3] Direction= 0 | RSI= 0 | SMA2= 9712.744999999999 | SMA3= 9712.543333333333 | Points= 0.029999999998835847 | Strength= 560 | Points2= 0.07000000000152795 | Strength2= 560 | Tick1= 9712.71 Tick2= 9712.78 Tick3= 9712.81 Tick4= 9713 Extra= 9713 | LossLevel= 0 | LossCount= 0 | Stake= 10 | Regime= 3 | Score= 10 | Reconfirm= 1 | Guard= false | Reason= BLOCK: QUALITY
2026-09-08,10:58:48 GMT,[SCALPER V3] Direction= 0 | RSI= 32.14285714283395 | SMA2= 9712.46 | SMA3= 9712.54 | Points= 0.19000000000050932 | Strength= 560 | Points2= 0.029999999998835847 | Strength2= 560 | Tick1= 9712.78 Tick2= 9712.81 Tick3= 9713 Tick4= 9712.91 Extra= 9712.91 | LossLevel= 0 | LossCount= 0 | Stake= 10 | Regime= 1 | Score= 100 | Reconfirm= 1 | Guard= false | Reason= BLOCK: QUALITY
2026-09-08,10:58:48 GMT,[SCALPER V3] Direction= 0 | RSI= 100 | SMA2= 9712.474999999999 | SMA3= 9712.550000000001 | Points= 0.09000000000014552 | Strength= 560 | Points2= 0.19000000000050932 | Strength2= 560 | Tick1= 9712.81 Tick2= 9713 Tick3= 9712.91 Tick4= 9712.66 Extra= 9712.66 | LossLevel= 0 | LossCount= 0 | Stake= 10 | Regime= 3 | Score= 10 | Reconfirm= 1 | Guard= false | Reason= BLOCK: QUALITY
2026-09-08,10:58:48 GMT,[SCALPER V3] Direction= 0 | RSI= 100 | SMA2= 9712.57 | SMA3= 9712.613333333333 | Points= 0.25 | Strength= 560 | Points2= 0.09000000000014552 | Strength2= 560 | Tick1= 9713 Tick2= 9712.91 Tick3= 9712.66 Tick4= 9712.64 Extra= 9712.64 | LossLevel= 0 | LossCount= 0 | Stake= 10 | Regime= 2 | Score= 40 | Reconfirm= 1 | Guard= false | Reason= BLOCK: QUALITY
2026-09-08,10:58:48 GMT,[SCALPER V3] Direction= 0 | RSI= 100 | SMA2= 9712.525 | SMA3= 9712.583333333334 | Points= 0.020000000000436557 | Strength= 560 | Points2= 0.25 | Strength2= 560 | Tick1= 9712.91 Tick2= 9712.66 Tick3= 9712.64 Tick4= 9712.58 Extra= 9712.58 | LossLevel= 0 | LossCount= 0 | Stake= 10 | Regime= 3 | Score= 10 | Reconfirm= 1 | Guard= false | Reason= BLOCK: QUALITY
2026-09-08,10:58:48 GMT,[SCALPER V3] Direction= 0 | RSI= 100 | SMA2= 9712.4 | SMA3= 9712.5 | Points= 0.05999999999949068 | Strength= 560 | Points2= 0.020000000000436557 | Strength2= 560 | Tick1= 9712.66 Tick2= 9712.64 Tick3= 9712.58 Tick4= 9712.48 Extra= 9712.48 | LossLevel= 0 | LossCount= 0 | Stake= 10 | Regime= 3 | Score= 20 | Reconfirm= 1 | Guard= false | Reason= BLOCK: QUALITY
2026-09-08,10:58:48 GMT,[SCALPER V3] Direction= 0 | RSI= 83.3333333330807 | SMA2= 9712.39 | SMA3= 9712.493333333334 | Points= 0.1000000000003638 | Strength= 560 | Points2= 0.05999999999949068 | Strength2= 560 | Tick1= 9712.64 Tick2= 9712.58 Tick3= 9712.48 Tick4= 9712.5 Extra= 9712.5 | LossLevel= 0 | LossCount= 0 | Stake= 10 | Regime= 3 | Score= 20 | Reconfirm= 1 | Guard= false | Reason= BLOCK: QUALITY
2026-09-08,10:58:48 GMT,[SCALPER V3] Direction= 0 | RSI= 91.99999999982538 | SMA2= 9712.36 | SMA3= 9712.473333333333 | Points= 0.020000000000436557 | Strength= 560 | Points2= 0.1000000000003638 | Strength2= 560 | Tick1= 9712.58 Tick2= 9712.48 Tick3= 9712.5 Tick4= 9712.27 Extra= 9712.27 | LossLevel= 0 | LossCount= 0 | Stake= 10 | Regime= 3 | Score= 10 | Reconfirm= 1 | Guard= false | Reason= BLOCK: QUALITY
2026-09-08,10:58:48 GMT,[SCALPER V3] Direction= 0 | RSI= 100 | SMA2= 9712.31 | SMA3= 9712.44 | Points= 0.22999999999956344 | Strength= 560 | Points2= 0.020000000000436557 | Strength2= 560 | Tick1= 9712.48 Tick2= 9712.5 Tick3= 9712.27 Tick4= 9712.18 Extra= 9712.18 | LossLevel= 0 | LossCount= 0 | Stake= 10 | Regime= 2 | Score= 40 | Reconfirm= 1 | Guard= false | Reason= BLOCK: QUALITY
2026-09-08,10:58:48 GMT,[SCALPER V3] Direction= 0 | RSI= 60.00000000024254 | SMA2= 9712.32 | SMA3= 9712.446666666667 | Points= 0.09000000000014552 | Strength= 560 | Points2= 0.22999999999956344 | Strength2= 560 | Tick1= 9712.5 Tick2= 9712.27 Tick3= 9712.18 Tick4= 9712.24 Extra= 9712.24 | LossLevel= 0 | LossCount= 0 | Stake= 10 | Regime= 2 | Score= 30 | Reconfirm= 1 | Guard= false | Reason= BLOCK: QUALITY
2026-09-08,10:58:48 GMT,[SCALPER V3] Direction= 0 | RSI= 14.285714286085508 | SMA2= 9712.205 | SMA3= 9712.37 | Points= 0.05999999999949068 | Strength= 560 | Points2= 0.09000000000014552 | Strength2= 560 | Tick1= 9712.27 Tick2= 9712.18 Tick3= 9712.24 Tick4= 9712.23 Extra= 9712.23 | LossLevel= 0 | LossCount= 0 | Stake= 10 | Regime= 3 | Score= 10 | Reconfirm= 1 | Guard= false | Reason= BLOCK: QUALITY
2026-09-08,10:58:48 GMT,[SCALPER V3] Direction= 0 | RSI= 100 | SMA2= 9712.16 | SMA3= 9712.34 | Points= 0.010000000000218279 | Strength= 560 | Points2= 0.05999999999949068 | Strength2= 560 | Tick1= 9712.18 Tick2= 9712.24 Tick3= 9712.23 Tick4= 9712.23 Extra= 9712.23 | LossLevel= 0 | LossCount= 0 | Stake= 10 | Regime= 3 | Score= 10 | Reconfirm= 1 | Guard= false | Reason= BLOCK: QUALITY
2026-09-08,10:58:48 GMT,[SCALPER V3] Direction= 0 | RSI= 0 | SMA2= 9712.189999999999 | SMA3= 9712.36 | Points= 0 | Strength= 560 | Points2= 0.010000000000218279 | Strength2= 560 | Tick1= 9712.24 Tick2= 9712.23 Tick3= 9712.23 Tick4= 9712.36 Extra= 9712.36 | LossLevel= 0 | LossCount= 0 | Stake= 10 | Regime= 3 | Score= 10 | Reconfirm= 1 | Guard= false | Reason= BLOCK: QUALITY
2026-09-08,10:58:48 GMT,[SCALPER V3] Direction= 0 | RSI= 50 | SMA2= 9712.185 | SMA3= 9712.356666666667 | Points= 0.13000000000101863 | Strength= 560 | Points2= 0 | Strength2= 560 | Tick1= 9712.23 Tick2= 9712.23 Tick3= 9712.36 Tick4= 9712.23 Extra= 9712.23 | LossLevel= 0 | LossCount= 0 | Stake= 10 | Regime= 2 | Score= 60 | Reconfirm= 1 | Guard= false | Reason= BLOCK: QUALITY
2026-09-08,10:58:48 GMT,[SCALPER V3] Direction= 0 | RSI= 100 | SMA2= 9712.185 | SMA3= 9712.356666666667 | Points= 0.13000000000101863 | Strength= 560 | Points2= 0.13000000000101863 | Strength2= 560 | Tick1= 9712.23 Tick2= 9712.36 Tick3= 9712.23 Tick4= 9711.94 Extra= 9711.94 | LossLevel= 0 | LossCount= 0 | Stake= 10 | Regime= 2 | Score= 30 | Reconfirm= 1 | Guard= false | Reason= BLOCK: QUALITY
2026-09-08,10:58:48 GMT,[SCALPER V3] Direction= 0 | RSI= 50.87719298247853 | SMA2= 9712.25 | SMA3= 9712.4 | Points= 0.2899999999990541 | Strength= 560 | Points2= 0.13000000000101863 | Strength2= 560 | Tick1= 9712.36 Tick2= 9712.23 Tick3= 9711.94 Tick4= 9712.22 Extra= 9712.22 | LossLevel= 0 | LossCount= 0 | Stake= 10 | Regime= 2 | Score= 60 | Reconfirm= 1 | Guard= false | Reason= BLOCK: QUALITY
2026-09-08,10:58:48 GMT,[SCALPER V3] Direction= 0 | RSI= 0 | SMA2= 9712.185 | SMA3= 9712.356666666667 | Points= 0.27999999999883585 | Strength= 560 | Points2= 0.2899999999990541 | Strength2= 560 | Tick1= 9712.23 Tick2= 9711.94 Tick3= 9712.22 Tick4= 9712.27 Extra= 9712.27 | LossLevel= 0 | LossCount= 0 | Stake= 10 | Regime= 2 | Score= 30 | Reconfirm= 1 | Guard= false | Reason= BLOCK: QUALITY
2026-09-08,10:58:48 GMT,[SCALPER V3] Direction= 1 | RSI= 16.666666666666657 | SMA2= 9712.04 | SMA3= 9712.26 | Points= 0.050000000001091394 | Strength= 560 | Points2= 0.27999999999883585 | Strength2= 560 | Tick1= 9711.94 Tick2= 9712.22 Tick3= 9712.27 Tick4= 9712.26 Extra= 9712.26 | LossLevel= 0 | LossCount= 0 | Stake= 10 | Regime= 3 | Score= 10 | Reconfirm= 1 | Guard= false | Reason= BLOCK: QUALITY
2026-09-08,10:58:48 GMT,[SCALPER V3] Direction= 0 | RSI= 6.2500000001421085 | SMA2= 9712.18 | SMA3= 9712.353333333333 | Points= 0.010000000000218279 | Strength= 560 | Points2= 0.050000000001091394 | Strength2= 560 | Tick1= 9712.22 Tick2= 9712.27 Tick3= 9712.26 Tick4= 9712.41 Extra= 9712.41 | LossLevel= 0 | LossCount= 0 | Stake= 10 | Regime= 3 | Score= 10 | Reconfirm= 1 | Guard= false | Reason= BLOCK: QUALITY
2026-09-08,10:58:48 GMT,[SCALPER V3] Direction= 0 | RSI= 0 | SMA2= 9712.205 | SMA3= 9712.37 | Points= 0.1499999999996362 | Strength= 560 | Points2= 0.010000000000218279 | Strength2= 560 | Tick1= 9712.27 Tick2= 9712.26 Tick3= 9712.41 Tick4= 9712.47 Extra= 9712.47 | LossLevel= 0 | LossCount= 0 | Stake= 10 | Regime= 2 | Score= 40 | Reconfirm= 1 | Guard= false | Reason= BLOCK: QUALITY
2026-09-08,10:58:48 GMT,[SCALPER V3] Direction= 0 | RSI= 0 | SMA2= 9712.2 | SMA3= 9712.366666666667 | Points= 0.05999999999949068 | Strength= 560 | Points2= 0.1499999999996362 | Strength2= 560 | Tick1= 9712.26 Tick2= 9712.41 Tick3= 9712.47 Tick4= 9712.58 Extra= 9712.58 | LossLevel= 0 | LossCount= 0 | Stake= 10 | Regime= 3 | Score= 10 | Reconfirm= 1 | Guard= false | Reason= BLOCK: QUALITY
2026-09-08,10:58:48 GMT,[SCALPER V3] Direction= 0 | RSI= 54.16666666638245 | SMA2= 9712.275 | SMA3= 9712.416666666666 | Points= 0.11000000000058208 | Strength= 560 | Points2= 0.05999999999949068 | Strength2= 560 | Tick1= 9712.41 Tick2= 9712.47 Tick3= 9712.58 Tick4= 9712.45 Extra= 9712.45 | LossLevel= 0 | LossCount= 0 | Stake= 10 | Regime= 1 | Score= 80 | Reconfirm= 1 | Guard= false | Reason= BLOCK: QUALITY
2026-09-08,10:58:48 GMT,[SCALPER V3] Direction= 0 | RSI= 61.904761904638164 | SMA2= 9712.305 | SMA3= 9712.436666666666 | Points= 0.12999999999919964 | Strength= 560 | Points2= 0.11000000000058208 | Strength2= 560 | Tick1= 9712.47 Tick2= 9712.58 Tick3= 9712.45 Tick4= 9712.53 Extra= 9712.53 | LossLevel= 0 | LossCount= 0 | Stake= 10 | Regime= 1 | Score= 100 | Reconfirm= 1 | Guard= false | Reason= BLOCK: QUALITY
2026-09-08,10:58:48 GMT,[SCALPER V3] Direction= 0 | RSI= 0 | SMA2= 9712.36 | SMA3= 9712.473333333333 | Points= 0.07999999999992724 | Strength= 560 | Points2= 0.12999999999919964 | Strength2= 560 | Tick1= 9712.58 Tick2= 9712.45 Tick3= 9712.53 Tick4= 9712.67 Extra= 9712.67 | LossLevel= 0 | LossCount= 0 | Stake= 10 | Regime= 3 | Score= 10 | Reconfirm= 1 | Guard= false | Reason= BLOCK: QUALITY
2026-09-08,10:58:48 GMT,[SCALPER V3] Direction= 0 | RSI= 0 | SMA2= 9712.295 | SMA3= 9712.43 | Points= 0.13999999999941792 | Strength= 560 | Points2= 0.07999999999992724 | Strength2= 560 | Tick1= 9712.45 Tick2= 9712.53 Tick3= 9712.67 Tick4= 9712.7 Extra= 9712.7 | LossLevel= 0 | LossCount= 0 | Stake= 10 | Regime= 2 | Score= 40 | Reconfirm= 1 | Guard= false | Reason= BLOCK: QUALITY
2026-09-08,10:58:48 GMT,[SCALPER V3] Direction= 0 | RSI= 0 | SMA2= 9712.335 | SMA3= 9712.456666666667 | Points= 0.030000000000654836 | Strength= 560 | Points2= 0.13999999999941792 | Strength2= 560 | Tick1= 9712.53 Tick2= 9712.67 Tick3= 9712.7 Tick4= 9712.72 Extra= 9712.72 | LossLevel= 0 | LossCount= 0 | Stake= 10 | Regime= 3 | Score= 10 | Reconfirm= 1 | Guard= false | Reason= BLOCK: QUALITY
2026-09-08,10:58:48 GMT,[SCALPER V3] Direction= 0 | RSI= 81.81818181923413 | SMA2= 9712.404999999999 | SMA3= 9712.503333333334 | Points= 0.019999999998617568 | Strength= 560 | Points2= 0.030000000000654836 | Strength2= 560 | Tick1= 9712.67 Tick2= 9712.7 Tick3= 9712.72 Tick4= 9712.63 Extra= 9712.63 | LossLevel= 0 | LossCount= 0 | Stake= 10 | Regime= 3 | Score= 10 | Reconfirm= 1 | Guard= false | Reason= BLOCK: QUALITY
2026-09-08,10:58:48 GMT,[SCALPER V3] Direction= 0 | RSI= 56.24999999950262 | SMA2= 9712.42 | SMA3= 9712.513333333334 | Points= 0.09000000000014552 | Strength= 560 | Points2= 0.019999999998617568 | Strength2= 560 | Tick1= 9712.7 Tick2= 9712.72 Tick3= 9712.63 Tick4= 9712.7 Extra= 9712.7 | LossLevel= 0 | LossCount= 0 | Stake= 10 | Regime= 2 | Score= 40 | Reconfirm= 1 | Guard= false | Reason= BLOCK: QUALITY
2026-09-08,10:58:48 GMT,[SCALPER V3] Direction= 0 | RSI= 70.83333333289121 | SMA2= 9712.43 | SMA3= 9712.519999999999 | Points= 0.07000000000152795 | Strength= 560 | Points2= 0.09000000000014552 | Strength2= 560 | Tick1= 9712.72 Tick2= 9712.63 Tick3= 9712.7 Tick4= 9712.53 Extra= 9712.53 | LossLevel= 0 | LossCount= 0 | Stake= 10 | Regime= 2 | Score= 10 | Reconfirm= 1 | Guard= false | Reason= BLOCK: QUALITY
2026-09-08,10:58:48 GMT,[SCALPER V3] Direction= 0 | RSI= 38.636363636495176 | SMA2= 9712.384999999998 | SMA3= 9712.49 | Points= 0.17000000000007276 | Strength= 560 | Points2= 0.07000000000152795 | Strength2= 560 | Tick1= 9712.63 Tick2= 9712.7 Tick3= 9712.53 Tick4= 9712.8 Extra= 9712.8 | LossLevel= 0 | LossCount= 0 | Stake= 10 | Regime= 1 | Score= 100 | Reconfirm= 1 | Guard= false | Reason= BLOCK: QUALITY
2026-09-08,10:58:48 GMT,[SCALPER V3] Direction= 0 | RSI= 25.00000000012632 | SMA2= 9712.42 | SMA3= 9712.513333333334 | Points= 0.26999999999861757 | Strength= 560 | Points2= 0.17000000000007276 | Strength2= 560 | Tick1= 9712.7 Tick2= 9712.53 Tick3= 9712.8 Tick4= 9712.71 Extra= 9712.71 | LossLevel= 0 | LossCount= 0 | Stake= 10 | Regime= 1 | Score= 80 | Reconfirm= 1 | Guard= false | Reason= BLOCK: QUALITY
2026-09-08,10:58:48 GMT,[SCALPER V3] Direction= 0 | RSI= 100 | SMA2= 9712.335 | SMA3= 9712.456666666667 | Points= 0.09000000000014552 | Strength= 560 | Points2= 0.26999999999861757 | Strength2= 560 | Tick1= 9712.53 Tick2= 9712.8 Tick3= 9712.71 Tick4= 9712.26 Extra= 9712.26 | LossLevel= 0 | LossCount= 0 | Stake= 10 | Regime= 3 | Score= 10 | Reconfirm= 1 | Guard= false | Reason= BLOCK: QUALITY
2026-09-08,10:58:48 GMT,[SCALPER V3] Direction= 0 | RSI= 100 | SMA2= 9712.47 | SMA3= 9712.546666666667 | Points= 0.4499999999989086 | Strength= 560 | Points2= 0.09000000000014552 | Strength2= 560 | Tick1= 9712.8 Tick2= 9712.71 Tick3= 9712.26 Tick4= 9712.1 Extra= 9712.1 | LossLevel= 0 | LossCount= 0 | Stake= 10 | Regime= 2 | Score= 40 | Reconfirm= 1 | Guard= false | Reason= BLOCK: QUALITY
2026-09-08,10:58:48 GMT,[SCALPER V3] Direction= 0 | RSI= 94.11764705869764 | SMA2= 9712.425 | SMA3= 9712.516666666666 | Points= 0.15999999999985448 | Strength= 560 | Points2= 0.4499999999989086 | Strength2= 560 | Tick1= 9712.71 Tick2= 9712.26 Tick3= 9712.1 Tick4= 9712.11 Extra= 9712.11 | LossLevel= 0 | LossCount= 0 | Stake= 10 | Regime= 2 | Score= 30 | Reconfirm= 1 | Guard= false | Reason= BLOCK: QUALITY
2026-09-08,10:58:48 GMT,[SCALPER V3] Direction= 0 | RSI= 66.66666666666666 | SMA2= 9712.2 | SMA3= 9712.366666666667 | Points= 0.010000000000218279 | Strength= 560 | Points2= 0.15999999999985448 | Strength2= 560 | Tick1= 9712.26 Tick2= 9712.1 Tick3= 9712.11 Tick4= 9712.09 Extra= 9712.09 | LossLevel= 0 | LossCount= 0 | Stake= 10 | Regime= 2 | Score= 30 | Reconfirm= 1 | Guard= false | Reason= BLOCK: QUALITY
2026-09-08,10:58:48 GMT,[SCALPER V3] Direction= 0 | RSI= 100 | SMA2= 9712.119999999999 | SMA3= 9712.313333333334 | Points= 0.020000000000436557 | Strength= 560 | Points2= 0.010000000000218279 | Strength2= 560 | Tick1= 9712.1 Tick2= 9712.11 Tick3= 9712.09 Tick4= 9711.88 Extra= 9711.88 | LossLevel= 0 | LossCount= 0 | Stake= 10 | Regime= 3 | Score= 20 | Reconfirm= 1 | Guard= false | Reason= BLOCK: QUALITY
2026-09-08,10:58:48 GMT,[SCALPER V3] Direction= 0 | RSI= 100 | SMA2= 9712.125 | SMA3= 9712.316666666668 | Points= 0.21000000000094587 | Strength= 560 | Points2= 0.020000000000436557 | Strength2= 560 | Tick1= 9712.11 Tick2= 9712.09 Tick3= 9711.88 Tick4= 9711.82 Extra= 9711.82 | LossLevel= 0 | LossCount= 0 | Stake= 10 | Regime= 2 | Score= 40 | Reconfirm= 1 | Guard= false | Reason= BLOCK: QUALITY
2026-09-08,10:58:48 GMT,[SCALPER V3] Direction= 0 | RSI= 16.66666666649823 | SMA2= 9712.115 | SMA3= 9712.31 | Points= 0.05999999999949068 | Strength= 560 | Points2= 0.21000000000094587 | Strength2= 560 | Tick1= 9712.09 Tick2= 9711.88 Tick3= 9711.82 Tick4= 9712.12 Extra= 9712.12 | LossLevel= 0 | LossCount= 0 | Stake= 10 | Regime= 3 | Score= 10 | Reconfirm= 1 | Guard= false | Reason= BLOCK: QUALITY
2026-09-08,10:58:48 GMT,[SCALPER V3] Direction= 0 | RSI= 30.23255813962342 | SMA2= 9712.009999999998 | SMA3= 9712.24 | Points= 0.3000000000010914 | Strength= 560 | Points2= 0.05999999999949068 | Strength2= 560 | Tick1= 9711.88 Tick2= 9711.82 Tick3= 9712.12 Tick4= 9711.99 Extra= 9711.99 | LossLevel= 0 | LossCount= 0 | Stake= 10 | Regime= 1 | Score= 100 | Reconfirm= 1 | Guard= false | Reason= BLOCK: QUALITY
2026-09-08,10:58:48 GMT,[SCALPER V3] Direction= 0 | RSI= 68.42105263193166 | SMA2= 9711.98 | SMA3= 9712.22 | Points= 0.13000000000101863 | Strength= 560 | Points2= 0.3000000000010914 | Strength2= 560 | Tick1= 9711.82 Tick2= 9712.12 Tick3= 9711.99 Tick4= 9712.05 Extra= 9712.05 | LossLevel= 0 | LossCount= 0 | Stake= 10 | Regime= 1 | Score= 90 | Reconfirm= 1 | Guard= false | Reason= BLOCK: QUALITY
2026-09-08,10:58:48 GMT,[SCALPER V3] Direction= 0 | RSI= 39.9999999996362 | SMA2= 9712.130000000001 | SMA3= 9712.32 | Points= 0.05999999999949068 | Strength= 560 | Points2= 0.13000000000101863 | Strength2= 560 | Tick1= 9712.12 Tick2= 9711.99 Tick3= 9712.05 Tick4= 9712.01 Extra= 9712.01 | LossLevel= 0 | LossCount= 0 | Stake= 10 | Regime= 2 | Score= 30 | Reconfirm= 1 | Guard= false | Reason= BLOCK: QUALITY
2026-09-08,10:58:48 GMT,[SCALPER V3] Direction= 0 | RSI= 100 | SMA2= 9712.064999999999 | SMA3= 9712.276666666667 | Points= 0.039999999999054126 | Strength= 560 | Points2= 0.05999999999949068 | Strength2= 560 | Tick1= 9711.99 Tick2= 9712.05 Tick3= 9712.01 Tick4= 9711.73 Extra= 9711.73 | LossLevel= 0 | LossCount= 0 | Stake= 10 | Regime= 3 | Score= 10 | Reconfirm= 1 | Guard= false | Reason= BLOCK: QUALITY
2026-09-08,10:58:48 GMT,[SCALPER V3] Direction= 0 | RSI= 96.55172413786615 | SMA2= 9712.095 | SMA3= 9712.296666666667 | Points= 0.28000000000065484 | Strength= 560 | Points2= 0.039999999999054126 | Strength2= 560 | Tick1= 9712.05 Tick2= 9712.01 Tick3= 9711.73 Tick4= 9711.74 Extra= 9711.74 | LossLevel= 0 | LossCount= 0 | Stake= 10 | Regime= 2 | Score= 40 | Reconfirm= 1 | Guard= false | Reason= BLOCK: QUALITY
2026-09-08,10:58:48 GMT,[SCALPER V3] Direction= 0 | RSI= 0 | SMA2= 9712.075 | SMA3= 9712.283333333333 | Points= 0.010000000000218279 | Strength= 560 | Points2= 0.28000000000065484 | Strength2= 560 | Tick1= 9712.01 Tick2= 9711.73 Tick3= 9711.74 Tick4= 9711.91 Extra= 9711.91 | LossLevel= 0 | LossCount= 0 | Stake= 10 | Regime= 3 | Score= 10 | Reconfirm= 1 | Guard= false | Reason= BLOCK: QUALITY
2026-09-08,10:58:48 GMT,[SCALPER V3] Direction= 1 | RSI= 0 | SMA2= 9711.935 | SMA3= 9712.19 | Points= 0.17000000000007276 | Strength= 560 | Points2= 0.010000000000218279 | Strength2= 560 | Tick1= 9711.73 Tick2= 9711.74 Tick3= 9711.91 Tick4= 9711.96 Extra= 9711.96 | LossLevel= 0 | LossCount= 0 | Stake= 10 | Regime= 2 | Score= 40 | Reconfirm= 1 | Guard= false | Reason= BLOCK: QUALITY
2026-09-08,10:58:48 GMT,[SCALPER V3] Direction= 1 | RSI= 16.66666666464556 | SMA2= 9711.939999999999 | SMA3= 9712.193333333335 | Points= 0.049999999999272404 | Strength= 560 | Points2= 0.17000000000007276 | Strength2= 560 | Tick1= 9711.74 Tick2= 9711.91 Tick3= 9711.96 Tick4= 9711.95 Extra= 9711.95 | LossLevel= 0 | LossCount= 0 | Stake= 10 | Regime= 3 | Score= 10 | Reconfirm= 1 | Guard= false | Reason= BLOCK: QUALITY
2026-09-08,10:58:48 GMT,[SCALPER V3] Direction= 0 | RSI= 100 | SMA2= 9712.025 | SMA3= 9712.25 | Points= 0.00999999999839929 | Strength= 560 | Points2= 0.049999999999272404 | Strength2= 560 | Tick1= 9711.91 Tick2= 9711.96 Tick3= 9711.95 Tick4= 9711.91 Extra= 9711.91 | LossLevel= 0 | LossCount= 0 | Stake= 10 | Regime= 3 | Score= 10 | Reconfirm= 1 | Guard= false | Reason= BLOCK: QUALITY
2026-09-08,10:58:48 GMT,[SCALPER V3] Direction= 0 | RSI= 100 | SMA2= 9712.05 | SMA3= 9712.266666666666 | Points= 0.040000000000873115 | Strength= 560 | Points2= 0.00999999999839929 | Strength2= 560 | Tick1= 9711.96 Tick2= 9711.95 Tick3= 9711.91 Tick4= 9711.88 Extra= 9711.88 | LossLevel= 0 | LossCount= 0 | Stake= 10 | Regime= 3 | Score= 20 | Reconfirm= 1 | Guard= false | Reason= BLOCK: QUALITY
2026-09-08,10:58:48 GMT,[SCALPER V3] Direction= 0 | RSI= 100 | SMA2= 9712.045 | SMA3= 9712.263333333334 | Points= 0.030000000000654836 | Strength= 560 | Points2= 0.040000000000873115 | Strength2= 560 | Tick1= 9711.95 Tick2= 9711.91 Tick3= 9711.88 Tick4= 9711.76 Extra= 9711.76 | LossLevel= 0 | LossCount= 0 | Stake= 10 | Regime= 3 | Score= 10 | Reconfirm= 1 | Guard= false | Reason= BLOCK: QUALITY
2026-09-08,10:58:48 GMT,[SCALPER V3] Direction= 0 | RSI= 59.9999999998181 | SMA2= 9712.025 | SMA3= 9712.25 | Points= 0.11999999999898137 | Strength= 560 | Points2= 0.030000000000654836 | Strength2= 560 | Tick1= 9711.91 Tick2= 9711.88 Tick3= 9711.76 Tick4= 9711.84 Extra= 9711.84 | LossLevel= 0 | LossCount= 0 | Stake= 10 | Regime= 2 | Score= 40 | Reconfirm= 1 | Guard= false | Reason= BLOCK: QUALITY
2026-09-08,10:58:48 GMT,[SCALPER V3] Direction= 0 | RSI= 0 | SMA2= 9712.009999999998 | SMA3= 9712.24 | Points= 0.07999999999992724 | Strength= 560 | Points2= 0.11999999999898137 | Strength2= 560 | Tick1= 9711.88 Tick2= 9711.76 Tick3= 9711.84 Tick4= 9711.87 Extra= 9711.87 | LossLevel= 0 | LossCount= 0 | Stake= 10 | Regime= 3 | Score= 10 | Reconfirm= 1 | Guard= false | Reason= BLOCK: QUALITY
2026-09-08,10:58:48 GMT,[SCALPER V3] Direction= 1 | RSI= 0 | SMA2= 9711.95 | SMA3= 9712.199999999999 | Points= 0.030000000000654836 | Strength= 560 | Points2= 0.07999999999992724 | Strength2= 560 | Tick1= 9711.76 Tick2= 9711.84 Tick3= 9711.87 Tick4= 9712.13 Extra= 9712.13 | LossLevel= 0 | LossCount= 0 | Stake= 10 | Regime= 3 | Score= 10 | Reconfirm= 1 | Guard= false | Reason= BLOCK: QUALITY
2026-09-08,10:58:48 GMT,[SCALPER V3] Direction= 1 | RSI= 13.333333333131222 | SMA2= 9711.99 | SMA3= 9712.226666666667 | Points= 0.2599999999983993 | Strength= 560 | Points2= 0.030000000000654836 | Strength2= 560 | Tick1= 9711.84 Tick2= 9711.87 Tick3= 9712.13 Tick4= 9712.09 Extra= 9712.09 | LossLevel= 0 | LossCount= 0 | Stake= 10 | Regime= 1 | Score= 80 | Reconfirm= 1 | Guard= false | Reason= BLOCK: QUALITY
2026-09-08,10:58:48 GMT,[SCALPER V3] Direction= 1 | RSI= 66.66666666565612 | SMA2= 9712.005000000001 | SMA3= 9712.236666666666 | Points= 0.039999999999054126 | Strength= 560 | Points2= 0.2599999999983993 | Strength2= 560 | Tick1= 9711.87 Tick2= 9712.13 Tick3= 9712.09 Tick4= 9712.11 Extra= 9712.11 | LossLevel= 0 | LossCount= 0 | Stake= 10 | Regime= 1 | Score= 70 | Reconfirm= 1 | Guard= false | Reason= BLOCK: QUALITY
2026-09-08,10:58:48 GMT,[SCALPER V3] Direction= 0 | RSI= 85.7142857141001 | SMA2= 9712.134999999998 | SMA3= 9712.323333333334 | Points= 0.020000000000436557 | Strength= 560 | Points2= 0.039999999999054126 | Strength2= 560 | Tick1= 9712.13 Tick2= 9712.09 Tick3= 9712.11 Tick4= 9711.99 Extra= 9711.99 | LossLevel= 0 | LossCount= 0 | Stake= 10 | Regime= 3 | Score= 10 | Reconfirm= 1 | Guard= false | Reason= BLOCK: QUALITY
2026-09-08,10:58:48 GMT,[SCALPER V3] Direction= 0 | RSI= 54.545454545529715 | SMA2= 9712.115 | SMA3= 9712.31 | Points= 0.12000000000080036 | Strength= 560 | Points2= 0.020000000000436557 | Strength2= 560 | Tick1= 9712.09 Tick2= 9712.11 Tick3= 9711.99 Tick4= 9712.09 Extra= 9712.09 | LossLevel= 0 | LossCount= 0 | Stake= 10 | Regime= 2 | Score= 60 | Reconfirm= 1 | Guard= false | Reason= BLOCK: QUALITY
2026-09-08,10:58:48 GMT,[SCALPER V3] Direction= 0 | RSI= 0 | SMA2= 9712.125 | SMA3= 9712.316666666668 | Points= 0.1000000000003638 | Strength= 560 | Points2= 0.12000000000080036 | Strength2= 560 | Tick1= 9712.11 Tick2= 9711.99 Tick3= 9712.09 Tick4= 9712.17 Extra= 9712.17 | LossLevel= 0 | LossCount= 0 | Stake= 10 | Regime= 3 | Score= 10 | Reconfirm= 1 | Guard= false | Reason= BLOCK: QUALITY
2026-09-08,10:58:48 GMT,[SCALPER V3] Direction= 1 | RSI= 0 | SMA2= 9712.064999999999 | SMA3= 9712.276666666667 | Points= 0.07999999999992724 | Strength= 560 | Points2= 0.1000000000003638 | Strength2= 560 | Tick1= 9711.99 Tick2= 9712.09 Tick3= 9712.17 Tick4= 9712.24 Extra= 9712.24 | LossLevel= 0 | LossCount= 0 | Stake= 10 | Regime= 3 | Score= 10 | Reconfirm= 1 | Guard= false | Reason= BLOCK: QUALITY
2026-09-08,10:58:48 GMT,[SCALPER V3] Direction= 1 | RSI= 58.82352941195353 | SMA2= 9712.115 | SMA3= 9712.31 | Points= 0.06999999999970896 | Strength= 560 | Points2= 0.07999999999992724 | Strength2= 560 | Tick1= 9712.09 Tick2= 9712.17 Tick3= 9712.24 Tick4= 9712.14 Extra= 9712.14 | LossLevel= 0 | LossCount= 0 | Stake= 10 | Regime= 1 | Score= 70 | Reconfirm= 1 | Guard= false | Reason= BLOCK: QUALITY
2026-09-08,10:58:48 GMT,[SCALPER V3] Direction= 1 | RSI= 25 | SMA2= 9712.154999999999 | SMA3= 9712.336666666668 | Points= 0.1000000000003638 | Strength= 560 | Points2= 0.06999999999970896 | Strength2= 560 | Tick1= 9712.17 Tick2= 9712.24 Tick3= 9712.14 Tick4= 9712.44 Extra= 9712.44 | LossLevel= 0 | LossCount= 0 | Stake= 10 | Regime= 3 | Score= 20 | Reconfirm= 1 | Guard= false | Reason= BLOCK: QUALITY
2026-09-08,10:58:48 GMT,[SCALPER V3] Direction= 0 | RSI= 44.44444444433216 | SMA2= 9712.189999999999 | SMA3= 9712.36 | Points= 0.3000000000010914 | Strength= 560 | Points2= 0.1000000000003638 | Strength2= 560 | Tick1= 9712.24 Tick2= 9712.14 Tick3= 9712.44 Tick4= 9712.2 Extra= 9712.2 | LossLevel= 0 | LossCount= 0 | Stake= 10 | Regime= 2 | Score= 60 | Reconfirm= 1 | Guard= false | Reason= BLOCK: QUALITY
2026-09-08,10:58:48 GMT,[SCALPER V3] Direction= 1 | RSI= 100 | SMA2= 9712.42 | SMA3= 9712.433333333332 | Points= 0.23999999999978172 | Strength= 560 | Points2= 0.3000000000010914 | Strength2= 560 | Tick1= 9712.14 Tick2= 9712.44 Tick3= 9712.2 Tick4= 9712.19 Extra= 9712.19 | LossLevel= 0 | LossCount= 0 | Stake= 10 | Regime= 2 | Score= 30 | Reconfirm= 1 | Guard= false | Reason= BLOCK: QUALITY
2026-09-08,10:58:48 GMT,[SCALPER V3] Direction= 0 | RSI= 4.347826087059687 | SMA2= 9712.57 | SMA3= 9712.533333333333 | Points= 0.010000000000218279 | Strength= 560 | Points2= 0.23999999999978172 | Strength2= 560 | Tick1= 9712.44 Tick2= 9712.2 Tick3= 9712.19 Tick4= 9712.41 Extra= 9712.41 | LossLevel= 0 | LossCount= 0 | Stake= 10 | Regime= 3 | Score= 10 | Reconfirm= 1 | Guard= false | Reason= BLOCK: QUALITY
2026-09-08,10:58:48 GMT,[SCALPER V3] Direction= 0 | RSI= 0 | SMA2= 9712.45 | SMA3= 9712.453333333333 | Points= 0.21999999999934516 | Strength= 560 | Points2= 0.010000000000218279 | Strength2= 560 | Tick1= 9712.2 Tick2= 9712.19 Tick3= 9712.41 Tick4= 9712.45 Extra= 9712.45 | LossLevel= 0 | LossCount= 0 | Stake= 10 | Regime= 2 | Score= 40 | Reconfirm= 1 | Guard= false | Reason= BLOCK: QUALITY
2026-09-08,10:58:48 GMT,[SCALPER V3] Direction= 1 | RSI= 0 | SMA2= 9712.445 | SMA3= 9712.449999999999 | Points= 0.040000000000873115 | Strength= 560 | Points2= 0.21999999999934516 | Strength2= 560 | Tick1= 9712.19 Tick2= 9712.41 Tick3= 9712.45 Tick4= 9712.45 Extra= 9712.45 | LossLevel= 0 | LossCount= 0 | Stake= 10 | Regime= 3 | Score= 10 | Reconfirm= 1 | Guard= false | Reason= BLOCK: QUALITY
2026-09-08,10:58:48 GMT,[SCALPER V3] Direction= 0 | RSI= 0 | SMA2= 9712.555 | SMA3= 9712.523333333333 | Points= 0 | Strength= 560 | Points2= 0.040000000000873115 | Strength2= 560 | Tick1= 9712.41 Tick2= 9712.45 Tick3= 9712.45 Tick4= 9712.52 Extra= 9712.52 | LossLevel= 0 | LossCount= 0 | Stake= 10 | Regime= 3 | Score= 10 | Reconfirm= 1 | Guard= false | Reason= BLOCK: QUALITY
2026-09-08,10:58:48 GMT,[SCALPER V3] Direction= 0 | RSI= 80.00000000010394 | SMA2= 9712.575 | SMA3= 9712.536666666667 | Points= 0.06999999999970896 | Strength= 560 | Points2= 0 | Strength2= 560 | Tick1= 9712.45 Tick2= 9712.45 Tick3= 9712.52 Tick4= 9712.24 Extra= 9712.24 | LossLevel= 0 | LossCount= 0 | Stake= 10 | Regime= 3 | Score= 20 | Reconfirm= 1 | Guard= false | Reason= BLOCK: QUALITY
2026-09-08,10:58:48 GMT,[SCALPER V3] Direction= 0 | RSI= 69.99999999990905 | SMA2= 9712.61 | SMA3= 9712.56 | Points= 0.28000000000065484 | Strength= 560 | Points2= 0.06999999999970896 | Strength2= 560 | Tick1= 9712.45 Tick2= 9712.52 Tick3= 9712.24 Tick4= 9712.36 Extra= 9712.36 | LossLevel= 0 | LossCount= 0 | Stake= 10 | Regime= 1 | Score= 100 | Reconfirm= 1 | Guard= false | Reason= BLOCK: QUALITY
2026-09-08,10:58:48 GMT,[SCALPER V3] Direction= 0 | RSI= 0 | SMA2= 9712.470000000001 | SMA3= 9712.466666666667 | Points= 0.12000000000080036 | Strength= 560 | Points2= 0.28000000000065484 | Strength2= 560 | Tick1= 9712.52 Tick2= 9712.24 Tick3= 9712.36 Tick4= 9712.41 Extra= 9712.41 | LossLevel= 0 | LossCount= 0 | Stake= 10 | Regime= 2 | Score= 30 | Reconfirm= 1 | Guard= false | Reason= BLOCK: QUALITY
2026-09-08,10:58:48 GMT,[SCALPER V3] Direction= 0 | RSI= 0 | SMA2= 9712.53 | SMA3= 9712.506666666666 | Points= 0.049999999999272404 | Strength= 560 | Points2= 0.12000000000080036 | Strength2= 560 | Tick1= 9712.24 Tick2= 9712.36 Tick3= 9712.41 Tick4= 9712.5 Extra= 9712.5 | LossLevel= 0 | LossCount= 0 | Stake= 10 | Regime= 3 | Score= 10 | Reconfirm= 1 | Guard= false | Reason= BLOCK: QUALITY
2026-09-08,10:58:48 GMT,[SCALPER V3] Direction= 0 | RSI= 0 | SMA2= 9712.555 | SMA3= 9712.523333333333 | Points= 0.09000000000014552 | Strength= 560 | Points2= 0.049999999999272404 | Strength2= 560 | Tick1= 9712.36 Tick2= 9712.41 Tick3= 9712.5 Tick4= 9712.71 Extra= 9712.71 | LossLevel= 0 | LossCount= 0 | Stake= 10 | Regime= 3 | Score= 20 | Reconfirm= 1 | Guard= false | Reason= BLOCK: QUALITY
2026-09-08,10:58:48 GMT,[SCALPER V3] Direction= 0 | RSI= 0 | SMA2= 9712.6 | SMA3= 9712.553333333333 | Points= 0.20999999999912689 | Strength= 560 | Points2= 0.09000000000014552 | Strength2= 560 | Tick1= 9712.41 Tick2= 9712.5 Tick3= 9712.71 Tick4= 9712.73 Extra= 9712.73 | LossLevel= 0 | LossCount= 0 | Stake= 10 | Regime= 2 | Score= 40 | Reconfirm= 1 | Guard= false | Reason= BLOCK: QUALITY
2026-09-08,10:58:48 GMT,[SCALPER V3] Direction= 0 | RSI= 88.2352941173953 | SMA2= 9712.705 | SMA3= 9712.623333333333 | Points= 0.020000000000436557 | Strength= 560 | Points2= 0.20999999999912689 | Strength2= 560 | Tick1= 9712.5 Tick2= 9712.71 Tick3= 9712.73 Tick4= 9712.58 Extra= 9712.58 | LossLevel= 0 | LossCount= 0 | Stake= 10 | Regime= 3 | Score= 10 | Reconfirm= 1 | Guard= false | Reason= BLOCK: QUALITY
2026-09-08,10:58:48 GMT,[SCALPER V3] Direction= 0 | RSI= 78.94736842064952 | SMA2= 9712.715 | SMA3= 9712.63 | Points= 0.1499999999996362 | Strength= 560 | Points2= 0.020000000000436557 | Strength2= 560 | Tick1= 9712.71 Tick2= 9712.73 Tick3= 9712.58 Tick4= 9712.62 Extra= 9712.62 | LossLevel= 0 | LossCount= 0 | Stake= 10 | Regime= 1 | Score= 80 | Reconfirm= 1 | Guard= false | Reason= BLOCK: QUALITY
2026-09-08,10:58:48 GMT,[SCALPER V3] Direction= 0 | RSI= 0 | SMA2= 9712.64 | SMA3= 9712.58 | Points= 0.040000000000873115 | Strength= 560 | Points2= 0.1499999999996362 | Strength2= 560 | Tick1= 9712.73 Tick2= 9712.58 Tick3= 9712.62 Tick4= 9712.71 Extra= 9712.71 | LossLevel= 0 | LossCount= 0 | Stake= 10 | Regime= 3 | Score= 10 | Reconfirm= 1 | Guard= false | Reason= BLOCK: QUALITY
2026-09-08,10:58:48 GMT,[SCALPER V3] Direction= 0 | RSI= 52.631578947469194 | SMA2= 9712.64 | SMA3= 9712.58 | Points= 0.08999999999832653 | Strength= 560 | Points2= 0.040000000000873115 | Strength2= 560 | Tick1= 9712.58 Tick2= 9712.62 Tick3= 9712.71 Tick4= 9712.61 Extra= 9712.61 | LossLevel= 0 | LossCount= 0 | Stake= 10 | Regime= 2 | Score= 40 | Reconfirm= 1 | Guard= false | Reason= BLOCK: QUALITY
2026-09-08,10:58:48 GMT,[SCALPER V3] Direction= 0 | RSI= 100 | SMA2= 9712.66 | SMA3= 9712.593333333332 | Points= 0.09999999999854481 | Strength= 560 | Points2= 0.08999999999832653 | Strength2= 560 | Tick1= 9712.62 Tick2= 9712.71 Tick3= 9712.61 Tick4= 9712.46 Extra= 9712.46 | LossLevel= 0 | LossCount= 0 | Stake= 10 | Regime= 3 | Score= 20 | Reconfirm= 1 | Guard= false | Reason= BLOCK: QUALITY
2026-09-08,10:58:48 GMT,[SCALPER V3] Direction= 0 | RSI= 41.666666666792985 | SMA2= 9712.705 | SMA3= 9712.623333333333 | Points= 0.1500000000014552 | Strength= 560 | Points2= 0.09999999999854481 | Strength2= 560 | Tick1= 9712.71 Tick2= 9712.61 Tick3= 9712.46 Tick4= 9712.67 Extra= 9712.67 | LossLevel= 0 | LossCount= 0 | Stake= 10 | Regime= 1 | Score= 100 | Reconfirm= 1 | Guard= false | Reason= BLOCK: QUALITY
2026-09-08,10:58:48 GMT,[SCALPER V3] Direction= 0 | RSI= 0 | SMA2= 9712.655 | SMA3= 9712.59 | Points= 0.21000000000094587 | Strength= 560 | Points2= 0.1500000000014552 | Strength2= 560 | Tick1= 9712.61 Tick2= 9712.46 Tick3= 9712.67 Tick4= 9712.68 Extra= 9712.68 | LossLevel= 0 | LossCount= 0 | Stake= 10 | Regime= 2 | Score= 40 | Reconfirm= 1 | Guard= false | Reason= BLOCK: QUALITY
2026-09-08,10:58:48 GMT,[SCALPER V3] Direction= 0 | RSI= 0 | SMA2= 9712.58 | SMA3= 9712.539999999999 | Points= 0.010000000000218279 | Strength= 560 | Points2= 0.21000000000094587 | Strength2= 560 | Tick1= 9712.46 Tick2= 9712.67 Tick3= 9712.68 Tick4= 9713.01 Extra= 9713.01 | LossLevel= 0 | LossCount= 0 | Stake= 10 | Regime= 3 | Score= 10 | Reconfirm= 1 | Guard= false | Reason= BLOCK: QUALITY
2026-09-08,10:58:48 GMT,[SCALPER V3] Direction= 0 | RSI= 44.067796610195614 | SMA2= 9712.685000000001 | SMA3= 9712.61 | Points= 0.32999999999992724 | Strength= 560 | Points2= 0.010000000000218279 | Strength2= 560 | Tick1= 9712.67 Tick2= 9712.68 Tick3= 9713.01 Tick4= 9712.75 Extra= 9712.75 | LossLevel= 0 | LossCount= 0 | Stake= 10 | Regime= 2 | Score= 60 | Reconfirm= 1 | Guard= false | Reason= BLOCK: QUALITY
2026-09-08,10:58:48 GMT,[SCALPER V3] Direction= 0 | RSI= 76.4705882353256 | SMA2= 9712.69 | SMA3= 9712.613333333333 | Points= 0.2600000000002183 | Strength= 560 | Points2= 0.32999999999992724 | Strength2= 560 | Tick1= 9712.68 Tick2= 9713.01 Tick3= 9712.75 Tick4= 9712.83 Extra= 9712.83 | LossLevel= 0 | LossCount= 0 | Stake= 10 | Regime= 2 | Score= 30 | Reconfirm= 1 | Guard= false | Reason= BLOCK: QUALITY
2026-09-08,10:58:48 GMT,[SCALPER V3] Direction= 0 | RSI= 0 | SMA2= 9712.855 | SMA3= 9712.723333333333 | Points= 0.07999999999992724 | Strength= 560 | Points2= 0.2600000000002183 | Strength2= 560 | Tick1= 9713.01 Tick2= 9712.75 Tick3= 9712.83 Tick4= 9712.86 Extra= 9712.86 | LossLevel= 0 | LossCount= 0 | Stake= 10 | Regime= 3 | Score= 10 | Reconfirm= 1 | Guard= false | Reason= BLOCK: QUALITY
2026-09-08,10:58:48 GMT,[SCALPER V3] Direction= 0 | RSI= 0 | SMA2= 9712.725 | SMA3= 9712.636666666667 | Points= 0.030000000000654836 | Strength= 560 | Points2= 0.07999999999992724 | Strength2= 560 | Tick1= 9712.75 Tick2= 9712.83 Tick3= 9712.86 Tick4= 9713.01 Extra= 9713.01 | LossLevel= 0 | LossCount= 0 | Stake= 10 | Regime= 3 | Score= 10 | Reconfirm= 1 | Guard= false | Reason= BLOCK: QUALITY
2026-09-08,10:58:48 GMT,[SCALPER V3] Direction= 0 | RSI= 28.571428571304835 | SMA2= 9712.765 | SMA3= 9712.663333333332 | Points= 0.1499999999996362 | Strength= 560 | Points2= 0.030000000000654836 | Strength2= 560 | Tick1= 9712.83 Tick2= 9712.86 Tick3= 9713.01 Tick4= 9712.95 Extra= 9712.95 | LossLevel= 0 | LossCount= 0 | Stake= 10 | Regime= 2 | Score= 40 | Reconfirm= 1 | Guard= false | Reason= BLOCK: QUALITY
2026-09-08,10:58:48 GMT,[SCALPER V3] Direction= 0 | RSI= 19.99999999987874 | SMA2= 9712.78 | SMA3= 9712.673333333334 | Points= 0.05999999999949068 | Strength= 560 | Points2= 0.1499999999996362 | Strength2= 560 | Tick1= 9712.86 Tick2= 9713.01 Tick3= 9712.95 Tick4= 9713.19 Extra= 9713.19 | LossLevel= 0 | LossCount= 0 | Stake= 10 | Regime= 3 | Score= 10 | Reconfirm= 1 | Guard= false | Reason= BLOCK: QUALITY
2026-09-08,10:58:48 GMT,[SCALPER V3] Direction= 0 | RSI= 58.620689655204856 | SMA2= 9712.855 | SMA3= 9712.723333333333 | Points= 0.23999999999978172 | Strength= 560 | Points2= 0.05999999999949068 | Strength2= 560 | Tick1= 9713.01 Tick2= 9712.95 Tick3= 9713.19 Tick4= 9712.85 Extra= 9712.85 | LossLevel= 0 | LossCount= 0 | Stake= 10 | Regime= 1 | Score= 100 | Reconfirm= 1 | Guard= false | Reason= BLOCK: QUALITY
2026-09-08,10:58:48 GMT,[SCALPER V3] Direction= 0 | RSI= 57.627118644078244 | SMA2= 9712.825 | SMA3= 9712.703333333333 | Points= 0.3400000000001455 | Strength= 560 | Points2= 0.23999999999978172 | Strength2= 560 | Tick1= 9712.95 Tick2= 9713.19 Tick3= 9712.85 Tick4= 9713.1 Extra= 9713.1 | LossLevel= 0 | LossCount= 0 | Stake= 10 | Regime= 2 | Score= 60 | Reconfirm= 1 | Guard= false | Reason= BLOCK: QUALITY
2026-09-08,10:58:48 GMT,[SCALPER V3] Direction= 0 | RSI= 0 | SMA2= 9712.945 | SMA3= 9712.783333333333 | Points= 0.25 | Strength= 560 | Points2= 0.3400000000001455 | Strength2= 560 | Tick1= 9713.19 Tick2= 9712.85 Tick3= 9713.1 Tick4= 9713.34 Extra= 9713.34 | LossLevel= 0 | LossCount= 0 | Stake= 10 | Regime= 2 | Score= 30 | Reconfirm= 1 | Guard= false | Reason= BLOCK: QUALITY
2026-09-08,10:58:48 GMT,[SCALPER V3] Direction= 0 | RSI= 46.66666666680141 | SMA2= 9712.775000000001 | SMA3= 9712.67 | Points= 0.23999999999978172 | Strength= 560 | Points2= 0.25 | Strength2= 560 | Tick1= 9712.85 Tick2= 9713.1 Tick3= 9713.34 Tick4= 9713.13 Extra= 9713.13 | LossLevel= 0 | LossCount= 0 | Stake= 10 | Regime= 2 | Score= 50 | Reconfirm= 1 | Guard= false | Reason= BLOCK: QUALITY
2026-09-08,10:58:48 GMT,[SCALPER V3] Direction= 0 | RSI= 100 | SMA2= 9712.900000000001 | SMA3= 9712.753333333334 | Points= 0.21000000000094587 | Strength= 560 | Points2= 0.23999999999978172 | Strength2= 560 | Tick1= 9713.1 Tick2= 9713.34 Tick3= 9713.13 Tick4= 9712.74 Extra= 9712.74 | LossLevel= 0 | LossCount= 0 | Stake= 10 | Regime= 2 | Score= 30 | Reconfirm= 1 | Guard= false | Reason= BLOCK: QUALITY
2026-09-08,10:58:48 GMT,[SCALPER V3] Direction= 0 | RSI= 92.85714285698818 | SMA2= 9713.02 | SMA3= 9712.833333333334 | Points= 0.3899999999994179 | Strength= 560 | Points2= 0.21000000000094587 | Strength2= 560 | Tick1= 9713.34 Tick2= 9713.13 Tick3= 9712.74 Tick4= 9712.77 Extra= 9712.77 | LossLevel= 0 | LossCount= 0 | Stake= 10 | Regime= 1 | Score= 80 | Reconfirm= 1 | Guard= false | Reason= BLOCK: QUALITY
2026-09-08,10:58:48 GMT,[SCALPER V3] Direction= 0 | RSI= 0 | SMA2= 9712.915 | SMA3= 9712.763333333334 | Points= 0.030000000000654836 | Strength= 560 | Points2= 0.3899999999994179 | Strength2= 560 | Tick1= 9713.13 Tick2= 9712.74 Tick3= 9712.77 Tick4= 9712.84 Extra= 9712.84 | LossLevel= 0 | LossCount= 0 | Stake= 10 | Regime= 3 | Score= 10 | Reconfirm= 1 | Guard= false | Reason= BLOCK: QUALITY
2026-09-08,10:58:48 GMT,[SCALPER V3] Direction= 0 | RSI= 0 | SMA2= 9712.720000000001 | SMA3= 9712.633333333333 | Points= 0.06999999999970896 | Strength= 560 | Points2= 0.030000000000654836 | Strength2= 560 | Tick1= 9712.74 Tick2= 9712.77 Tick3= 9712.84 Tick4= 9713.01 Extra= 9713.01 | LossLevel= 0 | LossCount= 0 | Stake= 10 | Regime= 3 | Score= 20 | Reconfirm= 1 | Guard= false | Reason= BLOCK: QUALITY
2026-09-08,10:58:48 GMT,[SCALPER V3] Direction= 0 | RSI= 45.16129032246708 | SMA2= 9712.735 | SMA3= 9712.643333333333 | Points= 0.17000000000007276 | Strength= 560 | Points2= 0.06999999999970896 | Strength2= 560 | Tick1= 9712.77 Tick2= 9712.84 Tick3= 9713.01 Tick4= 9712.87 Extra= 9712.87 | LossLevel= 0 | LossCount= 0 | Stake= 10 | Regime= 2 | Score= 60 | Reconfirm= 1 | Guard= false | Reason= BLOCK: QUALITY
2026-09-08,10:58:48 GMT,[SCALPER V3] Direction= 0 | RSI= 100 | SMA2= 9712.77 | SMA3= 9712.666666666666 | Points= 0.13999999999941792 | Strength= 560 | Points2= 0.17000000000007276 | Strength2= 560 | Tick1= 9712.84 Tick2= 9713.01 Tick3= 9712.87 Tick4= 9712.72 Extra= 9712.72 | LossLevel= 0 | LossCount= 0 | Stake= 10 | Regime= 2 | Score= 30 | Reconfirm= 1 | Guard= false | Reason= BLOCK: QUALITY
2026-09-08,10:58:48 GMT,[SCALPER V3] Direction= 0 | RSI= 100 | SMA2= 9712.855 | SMA3= 9712.723333333333 | Points= 0.1500000000014552 | Strength= 560 | Points2= 0.13999999999941792 | Strength2= 560 | Tick1= 9713.01 Tick2= 9712.87 Tick3= 9712.72 Tick4= 9712.41 Extra= 9712.41 | LossLevel= 0 | LossCount= 0 | Stake= 10 | Regime= 2 | Score= 40 | Reconfirm= 1 | Guard= false | Reason= BLOCK: QUALITY
2026-09-08,10:58:48 GMT,[SCALPER V3] Direction= 0 | RSI= 100 | SMA2= 9712.785 | SMA3= 9712.676666666666 | Points= 0.3099999999994907 | Strength= 560 | Points2= 0.1500000000014552 | Strength2= 560 | Tick1= 9712.87 Tick2= 9712.72 Tick3= 9712.41 Tick4= 9712.24 Extra= 9712.24 | LossLevel= 0 | LossCount= 0 | Stake= 10 | Regime= 2 | Score= 40 | Reconfirm= 1 | Guard= false | Reason= BLOCK: QUALITY
2026-09-08,10:58:48 GMT,[SCALPER V3] Direction= 0 | RSI= 73.9130434784328 | SMA2= 9712.71 | SMA3= 9712.626666666665 | Points= 0.17000000000007276 | Strength= 560 | Points2= 0.3099999999994907 | Strength2= 560 | Tick1= 9712.72 Tick2= 9712.41 Tick3= 9712.24 Tick4= 9712.3 Extra= 9712.3 | LossLevel= 0 | LossCount= 0 | Stake= 10 | Regime= 1 | Score= 70 | Reconfirm= 1 | Guard= false | Reason= BLOCK: QUALITY
2026-09-08,10:58:48 GMT,[SCALPER V3] Direction= 0 | RSI= 0 | SMA2= 9712.555 | SMA3= 9712.523333333333 | Points= 0.05999999999949068 | Strength= 560 | Points2= 0.17000000000007276 | Strength2= 560 | Tick1= 9712.41 Tick2= 9712.24 Tick3= 9712.3 Tick4= 9712.46 Extra= 9712.46 | LossLevel= 0 | LossCount= 0 | Stake= 10 | Regime= 3 | Score= 10 | Reconfirm= 1 | Guard= false | Reason= BLOCK: QUALITY
2026-09-08,10:58:48 GMT,[SCALPER V3] Direction= 0 | RSI= 0 | SMA2= 9712.470000000001 | SMA3= 9712.466666666667 | Points= 0.15999999999985448 | Strength= 560 | Points2= 0.05999999999949068 | Strength2= 560 | Tick1= 9712.24 Tick2= 9712.3 Tick3= 9712.46 Tick4= 9712.59 Extra= 9712.59 | LossLevel= 0 | LossCount= 0 | Stake= 10 | Regime= 2 | Score= 40 | Reconfirm= 1 | Guard= false | Reason= BLOCK: QUALITY
2026-09-08,10:58:48 GMT,[SCALPER V3] Direction= 0 | RSI= 0 | SMA2= 9712.5 | SMA3= 9712.486666666666 | Points= 0.13000000000101863 | Strength= 560 | Points2= 0.15999999999985448 | Strength2= 560 | Tick1= 9712.3 Tick2= 9712.46 Tick3= 9712.59 Tick4= 9712.82 Extra= 9712.82 | LossLevel= 0 | LossCount= 0 | Stake= 10 | Regime= 2 | Score= 30 | Reconfirm= 1 | Guard= false | Reason= BLOCK: QUALITY
2026-09-08,10:58:48 GMT,[SCALPER V3] Direction= 0 | RSI= 25.80645161292216 | SMA2= 9712.58 | SMA3= 9712.539999999999 | Points= 0.22999999999956344 | Strength= 560 | Points2= 0.13000000000101863 | Strength2= 560 | Tick1= 9712.46 Tick2= 9712.59 Tick3= 9712.82 Tick4= 9712.74 Extra= 9712.74 | LossLevel= 0 | LossCount= 0 | Stake= 10 | Regime= 2 | Score= 40 | Reconfirm= 1 | Guard= false | Reason= BLOCK: QUALITY
2026-09-08,10:58:48 GMT,[SCALPER V3] Direction= 0 | RSI= 79.9999999996362 | SMA2= 9712.645 | SMA3= 9712.583333333334 | Points= 0.07999999999992724 | Strength= 560 | Points2= 0.22999999999956344 | Strength2= 560 | Tick1= 9712.59 Tick2= 9712.82 Tick3= 9712.74 Tick4= 9712.76 Extra= 9712.76 | LossLevel= 0 | LossCount= 0 | Stake= 10 | Regime= 3 | Score= 10 | Reconfirm= 1 | Guard= false | Reason= BLOCK: QUALITY
2026-09-08,10:58:48 GMT,[SCALPER V3] Direction= 0 | RSI= 0 | SMA2= 9712.76 | SMA3= 9712.66 | Points= 0.020000000000436557 | Strength= 560 | Points2= 0.07999999999992724 | Strength2= 560 | Tick1= 9712.82 Tick2= 9712.74 Tick3= 9712.76 Tick4= 9712.96 Extra= 9712.96 | LossLevel= 0 | LossCount= 0 | Stake= 10 | Regime= 3 | Score= 10 | Reconfirm= 1 | Guard= false | Reason= BLOCK: QUALITY
2026-09-08,10:58:48 GMT,[SCALPER V3] Direction= 0 | RSI= 0 | SMA2= 9712.720000000001 | SMA3= 9712.633333333333 | Points= 0.1999999999989086 | Strength= 560 | Points2= 0.020000000000436557 | Strength2= 560 | Tick1= 9712.74 Tick2= 9712.76 Tick3= 9712.96 Tick4= 9713.25 Extra= 9713.25 | LossLevel= 0 | LossCount= 0 | Stake= 10 | Regime= 2 | Score= 40 | Reconfirm= 1 | Guard= false | Reason= BLOCK: QUALITY
2026-09-08,10:58:48 GMT,[SCALPER V3] Direction= 0 | RSI= 27.500000000045475 | SMA2= 9712.73 | SMA3= 9712.64 | Points= 0.2900000000008731 | Strength= 560 | Points2= 0.1999999999989086 | Strength2= 560 | Tick1= 9712.76 Tick2= 9712.96 Tick3= 9713.25 Tick4= 9713.14 Extra= 9713.14 | LossLevel= 0 | LossCount= 0 | Stake= 10 | Regime= 2 | Score= 40 | Reconfirm= 1 | Guard= false | Reason= BLOCK: QUALITY
2026-09-08,10:58:48 GMT,[SCALPER V3] Direction= 0 | RSI= 100 | SMA2= 9712.83 | SMA3= 9712.706666666667 | Points= 0.11000000000058208 | Strength= 560 | Points2= 0.2900000000008731 | Strength2= 560 | Tick1= 9712.96 Tick2= 9713.25 Tick3= 9713.14 Tick4= 9713.13 Extra= 9713.13 | LossLevel= 0 | LossCount= 0 | Stake= 10 | Regime= 3 | Score= 10 | Reconfirm= 1 | Guard= false | Reason= BLOCK: QUALITY
2026-09-08,10:58:48 GMT,[SCALPER V3] Direction= 0 | RSI= 100 | SMA2= 9712.975 | SMA3= 9712.803333333333 | Points= 0.010000000000218279 | Strength= 560 | Points2= 0.11000000000058208 | Strength2= 560 | Tick1= 9713.25 Tick2= 9713.14 Tick3= 9713.13 Tick4= 9713.08 Extra= 9713.08 | LossLevel= 0 | LossCount= 0 | Stake= 10 | Regime= 3 | Score= 10 | Reconfirm= 1 | Guard= false | Reason= BLOCK: QUALITY
2026-09-08,10:58:48 GMT,[SCALPER V3] Direction= 0 | RSI= 100 | SMA2= 9712.92 | SMA3= 9712.766666666666 | Points= 0.049999999999272404 | Strength= 560 | Points2= 0.010000000000218279 | Strength2= 560 | Tick1= 9713.14 Tick2= 9713.13 Tick3= 9713.08 Tick4= 9712.88 Extra= 9712.88 | LossLevel= 0 | LossCount= 0 | Stake= 10 | Regime= 3 | Score= 20 | Reconfirm= 1 | Guard= false | Reason= BLOCK: QUALITY
2026-09-08,10:58:48 GMT,[SCALPER V3] Direction= 0 | RSI= 64.51612903222022 | SMA2= 9712.915 | SMA3= 9712.763333333334 | Points= 0.2000000000007276 | Strength= 560 | Points2= 0.049999999999272404 | Strength2= 560 | Tick1= 9713.13 Tick2= 9713.08 Tick3= 9712.88 Tick4= 9712.99 Extra= 9712.99 | LossLevel= 0 | LossCount= 0 | Stake= 10 | Regime= 1 | Score= 100 | Reconfirm= 1 | Guard= false | Reason= BLOCK: QUALITY
2026-09-08,10:58:48 GMT,[SCALPER V3] Direction= 0 | RSI= 54.16666666638245 | SMA2= 9712.89 | SMA3= 9712.746666666666 | Points= 0.11000000000058208 | Strength= 560 | Points2= 0.2000000000007276 | Strength2= 560 | Tick1= 9713.08 Tick2= 9712.88 Tick3= 9712.99 Tick4= 9712.86 Extra= 9712.86 | LossLevel= 0 | LossCount= 0 | Stake= 10 | Regime= 1 | Score= 70 | Reconfirm= 1 | Guard= false | Reason= BLOCK: QUALITY
2026-09-08,10:58:48 GMT,[SCALPER V3] Direction= 0 | RSI= 100 | SMA2= 9712.79 | SMA3= 9712.68 | Points= 0.12999999999919964 | Strength= 560 | Points2= 0.11000000000058208 | Strength2= 560 | Tick1= 9712.88 Tick2= 9712.99 Tick3= 9712.86 Tick4= 9712.73 Extra= 9712.73 | LossLevel= 0 | LossCount= 0 | Stake= 10 | Regime= 2 | Score= 40 | Reconfirm= 1 | Guard= false | Reason= BLOCK: QUALITY
2026-09-08,10:58:48 GMT,[SCALPER V3] Direction= 0 | RSI= 43.333333333515235 | SMA2= 9712.845000000001 | SMA3= 9712.716666666667 | Points= 0.13000000000101863 | Strength= 560 | Points2= 0.12999999999919964 | Strength2= 560 | Tick1= 9712.99 Tick2= 9712.86 Tick3= 9712.73 Tick4= 9712.9 Extra= 9712.9 | LossLevel= 0 | LossCount= 0 | Stake= 10 | Regime= 1 | Score= 100 | Reconfirm= 1 | Guard= false | Reason= BLOCK: QUALITY
2026-09-08,10:58:48 GMT,[SCALPER V3] Direction= 0 | RSI= 26.086956521567203 | SMA2= 9712.78 | SMA3= 9712.673333333334 | Points= 0.17000000000007276 | Strength= 560 | Points2= 0.13000000000101863 | Strength2= 560 | Tick1= 9712.86 Tick2= 9712.73 Tick3= 9712.9 Tick4= 9712.84 Extra= 9712.84 | LossLevel= 0 | LossCount= 0 | Stake= 10 | Regime= 1 | Score= 80 | Reconfirm= 1 | Guard= false | Reason= BLOCK: QUALITY
2026-09-08,10:58:48 GMT,[SCALPER V3] Direction= 0 | RSI= 60.0000000003638 | SMA2= 9712.715 | SMA3= 9712.63 | Points= 0.05999999999949068 | Strength= 560 | Points2= 0.17000000000007276 | Strength2= 560 | Tick1= 9712.73 Tick2= 9712.9 Tick3= 9712.84 Tick4= 9712.88 Extra= 9712.88 | LossLevel= 0 | LossCount= 0 | Stake= 10 | Regime= 2 | Score= 30 | Reconfirm= 1 | Guard= false | Reason= BLOCK: QUALITY
2026-09-08,10:58:48 GMT,[SCALPER V3] Direction= 0 | RSI= 81.81818181840731 | SMA2= 9712.8 | SMA3= 9712.686666666666 | Points= 0.039999999999054126 | Strength= 560 | Points2= 0.05999999999949068 | Strength2= 560 | Tick1= 9712.9 Tick2= 9712.84 Tick3= 9712.88 Tick4= 9712.7 Extra= 9712.7 | LossLevel= 0 | LossCount= 0 | Stake= 10 | Regime= 3 | Score= 10 | Reconfirm= 1 | Guard= false | Reason= BLOCK: QUALITY
2026-09-08,10:58:48 GMT,[SCALPER V3] Direction= 0 | RSI= 62.06896551730626 | SMA2= 9712.77 | SMA3= 9712.666666666666 | Points= 0.17999999999847205 | Strength= 560 | Points2= 0.039999999999054126 | Strength2= 560 | Tick1= 9712.84 Tick2= 9712.88 Tick3= 9712.7 Tick4= 9712.81 Extra= 9712.81 | LossLevel= 0 | LossCount= 0 | Stake= 10 | Regime= 1 | Score= 100 | Reconfirm= 1 | Guard= false | Reason= BLOCK: QUALITY
2026-09-08,10:58:48 GMT,[SCALPER V3] Direction= 0 | RSI= 50 | SMA2= 9712.79 | SMA3= 9712.68 | Points= 0.10999999999876309 | Strength= 560 | Points2= 0.17999999999847205 | Strength2= 560 | Tick1= 9712.88 Tick2= 9712.7 Tick3= 9712.81 Tick4= 9712.7 Extra= 9712.7 | LossLevel= 0 | LossCount= 0 | Stake= 10 | Regime= 1 | Score= 70 | Reconfirm= 1 | Guard= false | Reason= BLOCK: QUALITY
2026-09-08,10:58:48 GMT,[SCALPER V3] Direction= 0 | RSI= 100 | SMA2= 9712.7 | SMA3= 9712.62 | Points= 0.10999999999876309 | Strength= 560 | Points2= 0.10999999999876309 | Strength2= 560 | Tick1= 9712.7 Tick2= 9712.81 Tick3= 9712.7 Tick4= 9712.33 Extra= 9712.33 | LossLevel= 0 | LossCount= 0 | Stake= 10 | Regime= 3 | Score= 10 | Reconfirm= 1 | Guard= false | Reason= BLOCK: QUALITY
2026-09-08,10:58:48 GMT,[SCALPER V3] Direction= 0 | RSI= 100 | SMA2= 9712.755000000001 | SMA3= 9712.656666666668 | Points= 0.37000000000080036 | Strength= 560 | Points2= 0.10999999999876309 | Strength2= 560 | Tick1= 9712.81 Tick2= 9712.7 Tick3= 9712.33 Tick4= 9712.23 Extra= 9712.23 | LossLevel= 0 | LossCount= 0 | Stake= 10 | Regime= 2 | Score= 40 | Reconfirm= 1 | Guard= false | Reason= BLOCK: QUALITY
2026-09-08,10:58:48 GMT,[SCALPER V3] Direction= 0 | RSI= 100 | SMA2= 9712.58 | SMA3= 9712.95 | Points= 0.1000000000003638 | Strength= 560 | Points2= 0.37000000000080036 | Strength2= 560 | Tick1= 9712.7 Tick2= 9712.33 Tick3= 9712.23 Tick4= 9712.21 Extra= 9712.21 | LossLevel= 0 | LossCount= 0 | Stake= 10 | Regime= 3 | Score= 10 | Reconfirm= 1 | Guard= false | Reason= BLOCK: QUALITY
2026-09-08,10:58:48 GMT,[SCALPER V3] Direction= 0 | RSI= 50 | SMA2= 9712.395 | SMA3= 9712.826666666668 | Points= 0.020000000000436557 | Strength= 560 | Points2= 0.1000000000003638 | Strength2= 560 | Tick1= 9712.33 Tick2= 9712.23 Tick3= 9712.21 Tick4= 9712.23 Extra= 9712.23 | LossLevel= 0 | LossCount= 0 | Stake= 10 | Regime= 2 | Score= 30 | Reconfirm= 1 | Guard= false | Reason= BLOCK: QUALITY
2026-09-08,10:58:48 GMT,[SCALPER V3] Direction= 0 | RSI= 66.66666666565612 | SMA2= 9712.345 | SMA3= 9712.793333333333 | Points= 0.020000000000436557 | Strength= 560 | Points2= 0.020000000000436557 | Strength2= 560 | Tick1= 9712.23 Tick2= 9712.21 Tick3= 9712.23 Tick4= 9712.19 Extra= 9712.19 | LossLevel= 0 | LossCount= 0 | Stake= 10 | Regime= 2 | Score= 30 | Reconfirm= 1 | Guard= false | Reason= BLOCK: QUALITY
2026-09-08,10:58:48 GMT,[SCALPER V3] Direction= 0 | RSI= 100 | SMA2= 9712.335 | SMA3= 9712.786666666667 | Points= 0.039999999999054126 | Strength= 560 | Points2= 0.020000000000436557 | Strength2= 560 | Tick1= 9712.21 Tick2= 9712.23 Tick3= 9712.19 Tick4= 9712.17 Extra= 9712.17 | LossLevel= 0 | LossCount= 0 | Stake= 10 | Regime= 3 | Score= 20 | Reconfirm= 1 | Guard= false | Reason= BLOCK: QUALITY
2026-09-08,10:58:48 GMT,[SCALPER V3] Direction= 0 | RSI= 10.526315789675223 | SMA2= 9712.345 | SMA3= 9712.793333333333 | Points= 0.020000000000436557 | Strength= 560 | Points2= 0.039999999999054126 | Strength2= 560 | Tick1= 9712.23 Tick2= 9712.19 Tick3= 9712.17 Tick4= 9712.34 Extra= 9712.34 | LossLevel= 0 | LossCount= 0 | Stake= 10 | Regime= 3 | Score= 10 | Reconfirm= 1 | Guard= false | Reason= BLOCK: QUALITY
2026-09-08,10:58:48 GMT,[SCALPER V3] Direction= 0 | RSI= 48.48484848481508 | SMA2= 9712.325 | SMA3= 9712.78 | Points= 0.17000000000007276 | Strength= 560 | Points2= 0.020000000000436557 | Strength2= 560 | Tick1= 9712.19 Tick2= 9712.17 Tick3= 9712.34 Tick4= 9712.18 Extra= 9712.18 | LossLevel= 0 | LossCount= 0 | Stake= 10 | Regime= 2 | Score= 60 | Reconfirm= 1 | Guard= false | Reason= BLOCK: QUALITY
2026-09-08,10:58:48 GMT,[SCALPER V3] Direction= 0 | RSI= 59.25925925910955 | SMA2= 9712.314999999999 | SMA3= 9712.773333333333 | Points= 0.15999999999985448 | Strength= 560 | Points2= 0.17000000000007276 | Strength2= 560 | Tick1= 9712.17 Tick2= 9712.34 Tick3= 9712.18 Tick4= 9712.29 Extra= 9712.29 | LossLevel= 0 | LossCount= 0 | Stake= 10 | Regime= 1 | Score= 90 | Reconfirm= 1 | Guard= false | Reason= BLOCK: QUALITY
2026-09-08,10:58:48 GMT,[SCALPER V3] Direction= 0 | RSI= 47.61904761900637 | SMA2= 9712.4 | SMA3= 9712.83 | Points= 0.11000000000058208 | Strength= 560 | Points2= 0.15999999999985448 | Strength2= 560 | Tick1= 9712.34 Tick2= 9712.18 Tick3= 9712.29 Tick4= 9712.19 Extra= 9712.19 | LossLevel= 0 | LossCount= 0 | Stake= 10 | Regime= 2 | Score= 30 | Reconfirm= 1 | Guard= false | Reason= BLOCK: QUALITY
2026-09-08,10:58:48 GMT,[SCALPER V3] Direction= 0 | RSI= 90.90909090894058 | SMA2= 9712.32 | SMA3= 9712.776666666667 | Points= 0.1000000000003638 | Strength= 560 | Points2= 0.11000000000058208 | Strength2= 560 | Tick1= 9712.18 Tick2= 9712.29 Tick3= 9712.19 Tick4= 9712.2 Extra= 9712.2 | LossLevel= 0 | LossCount= 0 | Stake= 10 | Regime= 3 | Score= 10 | Reconfirm= 1 | Guard= false | Reason= BLOCK: QUALITY
2026-09-08,10:58:48 GMT,[SCALPER V3] Direction= 0 | RSI= 0 | SMA2= 9712.375 | SMA3= 9712.813333333334 | Points= 0.010000000000218279 | Strength= 560 | Points2= 0.1000000000003638 | Strength2= 560 | Tick1= 9712.29 Tick2= 9712.19 Tick3= 9712.2 Tick4= 9712.35 Extra= 9712.35 | LossLevel= 0 | LossCount= 0 | Stake= 10 | Regime= 3 | Score= 10 | Reconfirm= 1 | Guard= false | Reason= BLOCK: QUALITY
2026-09-08,10:58:48 GMT,[SCALPER V3] Direction= 0 | RSI= 0 | SMA2= 9712.325 | SMA3= 9712.78 | Points= 0.1499999999996362 | Strength= 560 | Points2= 0.010000000000218279 | Strength2= 560 | Tick1= 9712.19 Tick2= 9712.2 Tick3= 9712.35 Tick4= 9712.37 Extra= 9712.37 | LossLevel= 0 | LossCount= 0 | Stake= 10 | Regime= 2 | Score= 40 | Reconfirm= 1 | Guard= false | Reason= BLOCK: QUALITY
2026-09-08,10:58:48 GMT,[SCALPER V3] Direction= 0 | RSI= 0 | SMA2= 9712.33 | SMA3= 9712.783333333335 | Points= 0.020000000000436557 | Strength= 560 | Points2= 0.1499999999996362 | Strength2= 560 | Tick1= 9712.2 Tick2= 9712.35 Tick3= 9712.37 Tick4= 9712.56 Extra= 9712.56 | LossLevel= 0 | LossCount= 0 | Stake= 10 | Regime= 3 | Score= 10 | Reconfirm= 1 | Guard= false | Reason= BLOCK: QUALITY
2026-09-08,10:58:48 GMT,[SCALPER V3] Direction= 0 | RSI= 42.424242424309234 | SMA2= 9712.404999999999 | SMA3= 9712.833333333334 | Points= 0.18999999999869033 | Strength= 560 | Points2= 0.020000000000436557 | Strength2= 560 | Tick1= 9712.35 Tick2= 9712.37 Tick3= 9712.56 Tick4= 9712.42 Extra= 9712.42 | LossLevel= 0 | LossCount= 0 | Stake= 10 | Regime= 1 | Score= 100 | Reconfirm= 1 | Guard= false | Reason= BLOCK: QUALITY
2026-09-08,10:58:48 GMT,[SCALPER V3] Direction= 0 | RSI= 33.333333333188975 | SMA2= 9712.415 | SMA3= 9712.840000000002 | Points= 0.13999999999941792 | Strength= 560 | Points2= 0.18999999999869033 | Strength2= 560 | Tick1= 9712.37 Tick2= 9712.56 Tick3= 9712.42 Tick4= 9712.7 Extra= 9712.7 | LossLevel= 0 | LossCount= 0 | Stake= 10 | Regime= 1 | Score= 90 | Reconfirm= 1 | Guard= false | Reason= BLOCK: QUALITY
2026-09-08,10:58:48 GMT,[SCALPER V3] Direction= 0 | RSI= 42.85714285719589 | SMA2= 9712.509999999998 | SMA3= 9712.903333333334 | Points= 0.28000000000065484 | Strength= 560 | Points2= 0.13999999999941792 | Strength2= 560 | Tick1= 9712.56 Tick2= 9712.42 Tick3= 9712.7 Tick4= 9712.49 Extra= 9712.49 | LossLevel= 0 | LossCount= 0 | Stake= 10 | Regime= 2 | Score= 60 | Reconfirm= 1 | Guard= false | Reason= BLOCK: QUALITY
2026-09-08,10:58:48 GMT,[SCALPER V3] Direction= 0 | RSI= 100 | SMA2= 9712.439999999999 | SMA3= 9712.856666666667 | Points= 0.21000000000094587 | Strength= 560 | Points2= 0.28000000000065484 | Strength2= 560 | Tick1= 9712.42 Tick2= 9712.7 Tick3= 9712.49 Tick4= 9712.46 Extra= 9712.46 | LossLevel= 0 | LossCount= 0 | Stake= 10 | Regime= 2 | Score= 30 | Reconfirm= 1 | Guard= false | Reason= BLOCK: QUALITY
2026-09-08,10:58:48 GMT,[SCALPER V3] Direction= 0 | RSI= 30 | SMA2= 9712.58 | SMA3= 9712.95 | Points= 0.030000000000654836 | Strength= 560 | Points2= 0.21000000000094587 | Strength2= 560 | Tick1= 9712.7 Tick2= 9712.49 Tick3= 9712.46 Tick4= 9712.53 Extra= 9712.53 | LossLevel= 0 | LossCount= 0 | Stake= 10 | Regime= 2 | Score= 30 | Reconfirm= 1 | Guard= false | Reason= BLOCK: QUALITY
2026-09-08,10:58:48 GMT,[SCALPER V3] Direction= 0 | RSI= 0 | SMA2= 9712.474999999999 | SMA3= 9712.88 | Points= 0.07000000000152795 | Strength= 560 | Points2= 0.030000000000654836 | Strength2= 560 | Tick1= 9712.49 Tick2= 9712.46 Tick3= 9712.53 Tick4= 9712.79 Extra= 9712.79 | LossLevel= 0 | LossCount= 0 | Stake= 10 | Regime= 3 | Score= 20 | Reconfirm= 1 | Guard= false | Reason= BLOCK: QUALITY
2026-09-08,10:58:48 GMT,[SCALPER V3] Direction= 0 | RSI= 13.333333333575851 | SMA2= 9712.46 | SMA3= 9712.87 | Points= 0.2600000000002183 | Strength= 560 | Points2= 0.07000000000152795 | Strength2= 560 | Tick1= 9712.46 Tick2= 9712.53 Tick3= 9712.79 Tick4= 9712.75 Extra= 9712.75 | LossLevel= 0 | LossCount= 0 | Stake= 10 | Regime= 1 | Score= 80 | Reconfirm= 1 | Guard= false | Reason= BLOCK: QUALITY
2026-09-08,10:58:48 GMT,[SCALPER V3] Direction= 0 | RSI= 28.571428571799785 | SMA2= 9712.494999999999 | SMA3= 9712.893333333333 | Points= 0.040000000000873115 | Strength= 560 | Points2= 0.2600000000002183 | Strength2= 560 | Tick1= 9712.53 Tick2= 9712.79 Tick3= 9712.75 Tick4= 9712.85 Extra= 9712.85 | LossLevel= 0 | LossCount= 0 | Stake= 10 | Regime= 1 | Score= 50 | Reconfirm= 1 | Guard= false | Reason= BLOCK: QUALITY
2026-09-08,10:58:48 GMT,[SCALPER V3] Direction= 0 | RSI= 81.48148148144406 | SMA2= 9712.625 | SMA3= 9712.980000000001 | Points= 0.1000000000003638 | Strength= 560 | Points2= 0.040000000000873115 | Strength2= 560 | Tick1= 9712.79 Tick2= 9712.75 Tick3= 9712.85 Tick4= 9712.41 Extra= 9712.41 | LossLevel= 0 | LossCount= 0 | Stake= 10 | Regime= 3 | Score= 20 | Reconfirm= 1 | Guard= false | Reason= BLOCK: QUALITY
2026-09-08,10:58:48 GMT,[SCALPER V3] Direction= 0 | RSI= 100 | SMA2= 9712.605 | SMA3= 9712.966666666667 | Points= 0.4400000000005093 | Strength= 560 | Points2= 0.1000000000003638 | Strength2= 560 | Tick1= 9712.75 Tick2= 9712.85 Tick3= 9712.41 Tick4= 9712.04 Extra= 9712.04 | LossLevel= 0 | LossCount= 0 | Stake= 10 | Regime= 2 | Score= 40 | Reconfirm= 1 | Guard= false | Reason= BLOCK: QUALITY
2026-09-08,10:58:48 GMT,[SCALPER V3] Direction= 0 | RSI= 75.51020408173872 | SMA2= 9712.654999999999 | SMA3= 9713 | Points= 0.36999999999898137 | Strength= 560 | Points2= 0.4400000000005093 | Strength2= 560 | Tick1= 9712.85 Tick2= 9712.41 Tick3= 9712.04 Tick4= 9712.16 Extra= 9712.16 | LossLevel= 0 | LossCount= 0 | Stake= 10 | Regime= 2 | Score= 30 | Reconfirm= 1 | Guard= false | Reason= BLOCK: QUALITY
2026-09-08,10:58:48 GMT,[SCALPER V3] Direction= 0 | RSI= 0 | SMA2= 9712.435 | SMA3= 9712.853333333334 | Points= 0.11999999999898137 | Strength= 560 | Points2= 0.36999999999898137 | Strength2= 560 | Tick1= 9712.41 Tick2= 9712.04 Tick3= 9712.16 Tick4= 9712.46 Extra= 9712.46 | LossLevel= 0 | LossCount= 0 | Stake= 10 | Regime= 3 | Score= 10 | Reconfirm= 1 | Guard= false | Reason= BLOCK: QUALITY
2026-09-08,10:58:48 GMT,[SCALPER V3] Direction= 0 | RSI= 26.829268292509795 | SMA2= 9712.25 | SMA3= 9712.730000000001 | Points= 0.2999999999992724 | Strength= 560 | Points2= 0.11999999999898137 | Strength2= 560 | Tick1= 9712.04 Tick2= 9712.16 Tick3= 9712.46 Tick4= 9712.35 Extra= 9712.35 | LossLevel= 0 | LossCount= 0 | Stake= 10 | Regime= 1 | Score= 80 | Reconfirm= 1 | Guard= false | Reason= BLOCK: QUALITY
2026-09-08,10:58:48 GMT,[SCALPER V3] Direction= 0 | RSI= 73.33333333357587 | SMA2= 9712.31 | SMA3= 9712.77 | Points= 0.10999999999876309 | Strength= 560 | Points2= 0.2999999999992724 | Strength2= 560 | Tick1= 9712.16 Tick2= 9712.46 Tick3= 9712.35 Tick4= 9712.39 Extra= 9712.39 | LossLevel= 0 | LossCount= 0 | Stake= 10 | Regime= 1 | Score= 50 | Reconfirm= 1 | Guard= false | Reason= BLOCK: QUALITY
2026-09-08,10:58:48 GMT,[SCALPER V3] Direction= 0 | RSI= 60.0000000003638 | SMA2= 9712.46 | SMA3= 9712.87 | Points= 0.039999999999054126 | Strength= 560 | Points2= 0.10999999999876309 | Strength2= 560 | Tick1= 9712.46 Tick2= 9712.35 Tick3= 9712.39 Tick4= 9712.33 Extra= 9712.33 | LossLevel= 0 | LossCount= 0 | Stake= 10 | Regime= 2 | Score= 30 | Reconfirm= 1 | Guard= false | Reason= BLOCK: QUALITY
2026-09-08,10:58:48 GMT,[SCALPER V3] Direction= 0 | RSI= 100 | SMA2= 9712.404999999999 | SMA3= 9712.833333333334 | Points= 0.05999999999949068 | Strength= 560 | Points2= 0.039999999999054126 | Strength2= 560 | Tick1= 9712.35 Tick2= 9712.39 Tick3= 9712.33 Tick4= 9712.28 Extra= 9712.28 | LossLevel= 0 | LossCount= 0 | Stake= 10 | Regime= 3 | Score= 20 | Reconfirm= 1 | Guard= false | Reason= BLOCK: QUALITY
2026-09-08,10:58:48 GMT,[SCALPER V3] Direction= 0 | RSI= 100 | SMA2= 9712.425 | SMA3= 9712.846666666666 | Points= 0.049999999999272404 | Strength= 560 | Points2= 0.05999999999949068 | Strength2= 560 | Tick1= 9712.39 Tick2= 9712.33 Tick3= 9712.28 Tick4= 9712.06 Extra= 9712.06 | LossLevel= 0 | LossCount= 0 | Stake= 10 | Regime= 3 | Score= 10 | Reconfirm= 1 | Guard= false | Reason= BLOCK: QUALITY
2026-09-08,10:58:48 GMT,[SCALPER V3] Direction= 0 | RSI= 100 | SMA2= 9712.395 | SMA3= 9712.826666666668 | Points= 0.22000000000116415 | Strength= 560 | Points2= 0.049999999999272404 | Strength2= 560 | Tick1= 9712.33 Tick2= 9712.28 Tick3= 9712.06 Tick4= 9712.06 Extra= 9712.06 | LossLevel= 0 | LossCount= 0 | Stake= 10 | Regime= 2 | Score= 40 | Reconfirm= 1 | Guard= false | Reason= BLOCK: QUALITY
2026-09-08,10:58:48 GMT,[SCALPER V3] Direction= 0 | RSI= 100 | SMA2= 9712.369999999999 | SMA3= 9712.81 | Points= 0 | Strength= 560 | Points2= 0.22000000000116415 | Strength2= 560 | Tick1= 9712.28 Tick2= 9712.06 Tick3= 9712.06 Tick4= 9711.9 Extra= 9711.9 | LossLevel= 0 | LossCount= 0 | Stake= 10 | Regime= 3 | Score= 10 | Reconfirm= 1 | Guard= false | Reason= BLOCK: QUALITY
2026-09-08,10:58:48 GMT,[SCALPER V3] Direction= 0 | RSI= 61.53846153835391 | SMA2= 9712.259999999998 | SMA3= 9712.736666666666 | Points= 0.15999999999985448 | Strength= 560 | Points2= 0 | Strength2= 560 | Tick1= 9712.06 Tick2= 9712.06 Tick3= 9711.9 Tick4= 9712 Extra= 9712 | LossLevel= 0 | LossCount= 0 | Stake= 10 | Regime= 2 | Score= 60 | Reconfirm= 1 | Guard= false | Reason= BLOCK: QUALITY
2026-09-08,10:58:48 GMT,[SCALPER V3] Direction= 0 | RSI= 0 | SMA2= 9712.259999999998 | SMA3= 9712.736666666666 | Points= 0.1000000000003638 | Strength= 560 | Points2= 0.15999999999985448 | Strength2= 560 | Tick1= 9712.06 Tick2= 9711.9 Tick3= 9712 Tick4= 9712.11 Extra= 9712.11 | LossLevel= 0 | LossCount= 0 | Stake= 10 | Regime= 3 | Score= 10 | Reconfirm= 1 | Guard= false | Reason= BLOCK: QUALITY
2026-09-08,10:58:48 GMT,[SCALPER V3] Direction= 0 | RSI= 77.99999999996362 | SMA2= 9712.18 | SMA3= 9712.683333333334 | Points= 0.11000000000058208 | Strength= 560 | Points2= 0.1000000000003638 | Strength2= 560 | Tick1= 9711.9 Tick2= 9712 Tick3= 9712.11 Tick4= 9711.72 Extra= 9711.72 | LossLevel= 0 | LossCount= 0 | Stake= 10 | Regime= 3 | Score= 20 | Reconfirm= 1 | Guard= false | Reason= BLOCK: QUALITY
2026-09-08,10:58:48 GMT,[SCALPER V3] Direction= 0 | RSI= 60.00000000005597 | SMA2= 9712.23 | SMA3= 9712.716666666667 | Points= 0.3900000000012369 | Strength= 560 | Points2= 0.11000000000058208 | Strength2= 560 | Tick1= 9712 Tick2= 9712.11 Tick3= 9711.72 Tick4= 9711.98 Extra= 9711.98 | LossLevel= 0 | LossCount= 0 | Stake= 10 | Regime= 2 | Score= 60 | Reconfirm= 1 | Guard= false | Reason= BLOCK: QUALITY
2026-09-08,10:58:48 GMT,[SCALPER V3] Direction= 0 | RSI= 0 | SMA2= 9712.285 | SMA3= 9712.753333333334 | Points= 0.2600000000002183 | Strength= 560 | Points2= 0.3900000000012369 | Strength2= 560 | Tick1= 9712.11 Tick2= 9711.72 Tick3= 9711.98 Tick4= 9712.07 Extra= 9712.07 | LossLevel= 0 | LossCount= 0 | Stake= 10 | Regime= 2 | Score= 30 | Reconfirm= 1 | Guard= false | Reason= BLOCK: QUALITY
2026-09-08,10:58:48 GMT,[SCALPER V3] Direction= 1 | RSI= 0 | SMA2= 9712.09 | SMA3= 9712.623333333335 | Points= 0.09000000000014552 | Strength= 560 | Points2= 0.2600000000002183 | Strength2= 560 | Tick1= 9711.72 Tick2= 9711.98 Tick3= 9712.07 Tick4= 9712.08 Extra= 9712.08 | LossLevel= 0 | LossCount= 0 | Stake= 10 | Regime= 3 | Score= 10 | Reconfirm= 1 | Guard= false | Reason= BLOCK: QUALITY
2026-09-08,10:58:48 GMT,[SCALPER V3] Direction= 1 | RSI= 0 | SMA2= 9712.22 | SMA3= 9712.710000000001 | Points= 0.010000000000218279 | Strength= 560 | Points2= 0.09000000000014552 | Strength2= 560 | Tick1= 9711.98 Tick2= 9712.07 Tick3= 9712.08 Tick4= 9712.21 Extra= 9712.21 | LossLevel= 0 | LossCount= 0 | Stake= 10 | Regime= 3 | Score= 10 | Reconfirm= 1 | Guard= false | Reason= BLOCK: QUALITY
2026-09-08,10:58:48 GMT,[SCALPER V3] Direction= 1 | RSI= 0 | SMA2= 9712.265 | SMA3= 9712.74 | Points= 0.12999999999919964 | Strength= 560 | Points2= 0.010000000000218279 | Strength2= 560 | Tick1= 9712.07 Tick2= 9712.08 Tick3= 9712.21 Tick4= 9712.51 Extra= 9712.51 | LossLevel= 0 | LossCount= 0 | Stake= 10 | Regime= 2 | Score= 40 | Reconfirm= 1 | Guard= false | Reason= BLOCK: QUALITY
2026-09-08,10:58:48 GMT,[SCALPER V3] Direction= 1 | RSI= 9.09090909105943 | SMA2= 9712.27 | SMA3= 9712.743333333334 | Points= 0.3000000000010914 | Strength= 560 | Points2= 0.12999999999919964 | Strength2= 560 | Tick1= 9712.08 Tick2= 9712.21 Tick3= 9712.51 Tick4= 9712.48 Extra= 9712.48 | LossLevel= 0 | LossCount= 0 | Stake= 10 | Regime= 1 | Score= 80 | Reconfirm= 1 | Guard= false | Reason= BLOCK: QUALITY
2026-09-08,10:58:48 GMT,[SCALPER V3] Direction= 1 | RSI= 100 | SMA2= 9712.335 | SMA3= 9712.786666666667 | Points= 0.030000000000654836 | Strength= 560 | Points2= 0.3000000000010914 | Strength2= 560 | Tick1= 9712.21 Tick2= 9712.51 Tick3= 9712.48 Tick4= 9712.48 Extra= 9712.48 | LossLevel= 0 | LossCount= 0 | Stake= 10 | Regime= 3 | Score= 10 | Reconfirm= 1 | Guard= false | Reason= BLOCK: QUALITY
2026-09-08,10:58:48 GMT,[SCALPER V3] Direction= 0 | RSI= 100 | SMA2= 9712.485 | SMA3= 9712.886666666667 | Points= 0 | Strength= 560 | Points2= 0.030000000000654836 | Strength2= 560 | Tick1= 9712.51 Tick2= 9712.48 Tick3= 9712.48 Tick4= 9712.38 Extra= 9712.38 | LossLevel= 0 | LossCount= 0 | Stake= 10 | Regime= 3 | Score= 10 | Reconfirm= 1 | Guard= false | Reason= BLOCK: QUALITY
2026-09-08,10:58:48 GMT,[SCALPER V3] Direction= 0 | RSI= 100 | SMA2= 9712.47 | SMA3= 9712.876666666667 | Points= 0.1000000000003638 | Strength= 560 | Points2= 0 | Strength2= 560 | Tick1= 9712.48 Tick2= 9712.48 Tick3= 9712.38 Tick4= 9712.17 Extra= 9712.17 | LossLevel= 0 | LossCount= 0 | Stake= 10 | Regime= 3 | Score= 20 | Reconfirm= 1 | Guard= false | Reason= BLOCK: QUALITY
2026-09-08,10:58:48 GMT,[SCALPER V3] Direction= 0 | RSI= 100 | SMA2= 9712.47 | SMA3= 9712.876666666667 | Points= 0.20999999999912689 | Strength= 560 | Points2= 0.1000000000003638 | Strength2= 560 | Tick1= 9712.48 Tick2= 9712.38 Tick3= 9712.17 Tick4= 9712.13 Extra= 9712.13 | LossLevel= 0 | LossCount= 0 | Stake= 10 | Regime= 2 | Score= 40 | Reconfirm= 1 | Guard= false | Reason= BLOCK: QUALITY
2026-09-08,10:58:48 GMT,[SCALPER V3] Direction= 0 | RSI= 23.529411764957644 | SMA2= 9712.419999999998 | SMA3= 9712.843333333332 | Points= 0.040000000000873115 | Strength= 560 | Points2= 0.20999999999912689 | Strength2= 560 | Tick1= 9712.38 Tick2= 9712.17 Tick3= 9712.13 Tick4= 9712.26 Extra= 9712.26 | LossLevel= 0 | LossCount= 0 | Stake= 10 | Regime= 3 | Score= 10 | Reconfirm= 1 | Guard= false | Reason= BLOCK: QUALITY
2026-09-08,10:58:48 GMT,[SCALPER V3] Direction= 0 | RSI= 0 | SMA2= 9712.314999999999 | SMA3= 9712.773333333333 | Points= 0.13000000000101863 | Strength= 560 | Points2= 0.040000000000873115 | Strength2= 560 | Tick1= 9712.17 Tick2= 9712.13 Tick3= 9712.26 Tick4= 9712.42 Extra= 9712.42 | LossLevel= 0 | LossCount= 0 | Stake= 10 | Regime= 2 | Score= 40 | Reconfirm= 1 | Guard= false | Reason= BLOCK: QUALITY
2026-09-08,10:58:48 GMT,[SCALPER V3] Direction= 1 | RSI= 0 | SMA2= 9712.294999999998 | SMA3= 9712.76 | Points= 0.15999999999985448 | Strength= 560 | Points2= 0.13000000000101863 | Strength2= 560 | Tick1= 9712.13 Tick2= 9712.26 Tick3= 9712.42 Tick4= 9712.7 Extra= 9712.7 | LossLevel= 0 | LossCount= 0 | Stake= 10 | Regime= 2 | Score= 40 | Reconfirm= 1 | Guard= false | Reason= BLOCK: QUALITY
2026-09-08,10:58:48 GMT,[SCALPER V3] Direction= 1 | RSI= 22.22222222216608 | SMA2= 9712.36 | SMA3= 9712.803333333335 | Points= 0.28000000000065484 | Strength= 560 | Points2= 0.15999999999985448 | Strength2= 560 | Tick1= 9712.26 Tick2= 9712.42 Tick3= 9712.7 Tick4= 9712.62 Extra= 9712.62 | LossLevel= 0 | LossCount= 0 | Stake= 10 | Regime= 1 | Score= 80 | Reconfirm= 1 | Guard= false | Reason= BLOCK: QUALITY
2026-09-08,10:58:48 GMT,[SCALPER V3] Direction= 0 | RSI= 47.058823529852354 | SMA2= 9712.439999999999 | SMA3= 9712.856666666667 | Points= 0.07999999999992724 | Strength= 560 | Points2= 0.28000000000065484 | Strength2= 560 | Tick1= 9712.42 Tick2= 9712.7 Tick3= 9712.62 Tick4= 9712.71 Extra= 9712.71 | LossLevel= 0 | LossCount= 0 | Stake= 10 | Regime= 1 | Score= 70 | Reconfirm= 1 | Guard= false | Reason= BLOCK: QUALITY
2026-09-08,10:58:48 GMT,[SCALPER V3] Direction= 0 | RSI= 0 | SMA2= 9712.58 | SMA3= 9712.95 | Points= 0.08999999999832653 | Strength= 560 | Points2= 0.07999999999992724 | Strength2= 560 | Tick1= 9712.7 Tick2= 9712.62 Tick3= 9712.71 Tick4= 9712.77 Extra= 9712.77 | LossLevel= 0 | LossCount= 0 | Stake= 10 | Regime= 3 | Score= 20 | Reconfirm= 1 | Guard= false | Reason= BLOCK: QUALITY
2026-09-08,10:58:48 GMT,[SCALPER V3] Direction= 0 | RSI= 78.57142857115015 | SMA2= 9712.54 | SMA3= 9712.923333333334 | Points= 0.06000000000130967 | Strength= 560 | Points2= 0.08999999999832653 | Strength2= 560 | Tick1= 9712.62 Tick2= 9712.71 Tick3= 9712.77 Tick4= 9712.55 Extra= 9712.55 | LossLevel= 0 | LossCount= 0 | Stake= 10 | Regime= 3 | Score= 10 | Reconfirm= 1 | Guard= false | Reason= BLOCK: QUALITY
2026-09-08,10:58:48 GMT,[SCALPER V3] Direction= 0 | RSI= 100 | SMA2= 9712.585 | SMA3= 9712.953333333333 | Points= 0.22000000000116415 | Strength= 560 | Points2= 0.06000000000130967 | Strength2= 560 | Tick1= 9712.71 Tick2= 9712.77 Tick3= 9712.55 Tick4= 9712.44 Extra= 9712.44 | LossLevel= 0 | LossCount= 0 | Stake= 10 | Regime= 2 | Score= 40 | Reconfirm= 1 | Guard= false | Reason= BLOCK: QUALITY
2026-09-08,10:58:48 GMT,[SCALPER V3] Direction= 0 | RSI= 68.75000000007105 | SMA2= 9712.615 | SMA3= 9712.973333333333 | Points= 0.10999999999876309 | Strength= 560 | Points2= 0.22000000000116415 | Strength2= 560 | Tick1= 9712.77 Tick2= 9712.55 Tick3= 9712.44 Tick4= 9712.49 Extra= 9712.49 | LossLevel= 0 | LossCount= 0 | Stake= 10 | Regime= 2 | Score= 30 | Reconfirm= 1 | Guard= false | Reason= BLOCK: QUALITY
2026-09-08,10:58:48 GMT,[SCALPER V3] Direction= 0 | RSI= 0 | SMA2= 9712.505 | SMA3= 9712.9 | Points= 0.049999999999272404 | Strength= 560 | Points2= 0.10999999999876309 | Strength2= 560 | Tick1= 9712.55 Tick2= 9712.44 Tick3= 9712.49 Tick4= 9712.68 Extra= 9712.68 | LossLevel= 0 | LossCount= 0 | Stake= 10 | Regime= 3 | Score= 10 | Reconfirm= 1 | Guard= false | Reason= BLOCK: QUALITY
2026-09-08,10:58:48 GMT,[SCALPER V3] Direction= 1 | RSI= 0 | SMA2= 9712.45 | SMA3= 9712.863333333335 | Points= 0.19000000000050932 | Strength= 560 | Points2= 0.049999999999272404 | Strength2= 560 | Tick1= 9712.44 Tick2= 9712.49 Tick3= 9712.68 Tick4= 9712.75 Extra= 9712.75 | LossLevel= 0 | LossCount= 0 | Stake= 10 | Regime= 2 | Score= 40 | Reconfirm= 1 | Guard= false | Reason= BLOCK: QUALITY
2026-09-08,10:58:48 GMT,[SCALPER V3] Direction= 1 | RSI= 69.56521739137312 | SMA2= 9712.474999999999 | SMA3= 9712.88 | Points= 0.06999999999970896 | Strength= 560 | Points2= 0.19000000000050932 | Strength2= 560 | Tick1= 9712.49 Tick2= 9712.68 Tick3= 9712.75 Tick4= 9712.59 Extra= 9712.59 | LossLevel= 0 | LossCount= 0 | Stake= 10 | Regime= 1 | Score= 70 | Reconfirm= 1 | Guard= false | Reason= BLOCK: QUALITY
2026-09-08,10:58:48 GMT,[SCALPER V3] Direction= 0 | RSI= 100 | SMA2= 9712.57 | SMA3= 9712.943333333335 | Points= 0.15999999999985448 | Strength= 560 | Points2= 0.06999999999970896 | Strength2= 560 | Tick1= 9712.68 Tick2= 9712.75 Tick3= 9712.59 Tick4= 9712.54 Extra= 9712.54 | LossLevel= 0 | LossCount= 0 | Stake= 10 | Regime= 2 | Score= 40 | Reconfirm= 1 | Guard= false | Reason= BLOCK: QUALITY
2026-09-08,10:58:48 GMT,[SCALPER V3] Direction= 0 | RSI= 100 | SMA2= 9712.605 | SMA3= 9712.966666666667 | Points= 0.049999999999272404 | Strength= 560 | Points2= 0.15999999999985448 | Strength2= 560 | Tick1= 9712.75 Tick2= 9712.59 Tick3= 9712.54 Tick4= 9712.46 Extra= 9712.46 | LossLevel= 0 | LossCount= 0 | Stake= 10 | Regime= 3 | Score= 10 | Reconfirm= 1 | Guard= false | Reason= BLOCK: QUALITY
2026-09-08,10:58:48 GMT,[SCALPER V3] Direction= 0 | RSI= 100 | SMA2= 9712.525 | SMA3= 9712.913333333334 | Points= 0.08000000000174623 | Strength= 560 | Points2= 0.049999999999272404 | Strength2= 560 | Tick1= 9712.59 Tick2= 9712.54 Tick3= 9712.46 Tick4= 9712.19 Extra= 9712.19 | LossLevel= 0 | LossCount= 0 | Stake= 10 | Regime= 3 | Score= 20 | Reconfirm= 1 | Guard= false | Reason= BLOCK: QUALITY
2026-09-08,10:58:48 GMT,[SCALPER V3] Direction= 0 | RSI= 35.999999999903 | SMA2= 9712.5 | SMA3= 9712.896666666667 | Points= 0.26999999999861757 | Strength= 560 | Points2= 0.08000000000174623 | Strength2= 560 | Tick1= 9712.54 Tick2= 9712.46 Tick3= 9712.19 Tick4= 9712.67 Extra= 9712.67 | LossLevel= 0 | LossCount= 0 | Stake= 10 | Regime= 1 | Score= 100 | Reconfirm= 1 | Guard= false | Reason= BLOCK: QUALITY
2026-09-08,10:58:48 GMT,[SCALPER V3] Direction= 0 | RSI= 0 | SMA2= 9713.075 | SMA3= 9713.586666666668 | Points= 0.47999999999956344 | Strength= 560 | Points2= 0.26999999999861757 | Strength2= 560 | Tick1= 9712.46 Tick2= 9712.19 Tick3= 9712.67 Tick4= 9712.73 Extra= 9712.73 | LossLevel= 0 | LossCount= 0 | Stake= 10 | Regime= 2 | Score= 40 | Reconfirm= 1 | Guard= false | Reason= BLOCK: QUALITY
2026-09-08,10:58:48 GMT,[SCALPER V3] Direction= 1 | RSI= 0 | SMA2= 9712.94 | SMA3= 9713.496666666668 | Points= 0.05999999999949068 | Strength= 560 | Points2= 0.47999999999956344 | Strength2= 560 | Tick1= 9712.19 Tick2= 9712.67 Tick3= 9712.73 Tick4= 9712.76 Extra= 9712.76 | LossLevel= 0 | LossCount= 0 | Stake= 10 | Regime= 3 | Score= 10 | Reconfirm= 1 | Guard= false | Reason= BLOCK: QUALITY
2026-09-08,10:58:48 GMT,[SCALPER V3] Direction= 0 | RSI= 0 | SMA2= 9713.18 | SMA3= 9713.656666666668 | Points= 0.030000000000654836 | Strength= 560 | Points2= 0.05999999999949068 | Strength2= 560 | Tick1= 9712.67 Tick2= 9712.73 Tick3= 9712.76 Tick4= 9713 Extra= 9713 | LossLevel= 0 | LossCount= 0 | Stake= 10 | Regime= 3 | Score= 10 | Reconfirm= 1 | Guard= false | Reason= BLOCK: QUALITY
2026-09-08,10:58:48 GMT,[SCALPER V3] Direction= 0 | RSI= 0 | SMA2= 9713.21 | SMA3= 9713.676666666668 | Points= 0.23999999999978172 | Strength= 560 | Points2= 0.030000000000654836 | Strength2= 560 | Tick1= 9712.73 Tick2= 9712.76 Tick3= 9713 Tick4= 9713.26 Extra= 9713.26 | LossLevel= 0 | LossCount= 0 | Stake= 10 | Regime= 2 | Score= 40 | Reconfirm= 1 | Guard= false | Reason= BLOCK: QUALITY
2026-09-08,10:58:48 GMT,[SCALPER V3] Direction= 0 | RSI= 0 | SMA2= 9713.225 | SMA3= 9713.686666666668 | Points= 0.2600000000002183 | Strength= 560 | Points2= 0.23999999999978172 | Strength2= 560 | Tick1= 9712.76 Tick2= 9713 Tick3= 9713.26 Tick4= 9713.38 Extra= 9713.38 | LossLevel= 0 | LossCount= 0 | Stake= 10 | Regime= 2 | Score= 40 | Reconfirm= 1 | Guard= false | Reason= BLOCK: QUALITY
2026-09-08,10:58:48 GMT,[SCALPER V3] Direction= 0 | RSI= 53.84615384626148 | SMA2= 9713.345000000001 | SMA3= 9713.766666666668 | Points= 0.11999999999898137 | Strength= 560 | Points2= 0.2600000000002183 | Strength2= 560 | Tick1= 9713 Tick2= 9713.26 Tick3= 9713.38 Tick4= 9713.24 Extra= 9713.24 | LossLevel= 0 | LossCount= 0 | Stake= 10 | Regime= 1 | Score= 70 | Reconfirm= 1 | Guard= false | Reason= BLOCK: QUALITY
2026-09-08,10:58:48 GMT,[SCALPER V3] Direction= 0 | RSI= 100 | SMA2= 9713.475 | SMA3= 9713.853333333334 | Points= 0.13999999999941792 | Strength= 560 | Points2= 0.11999999999898137 | Strength2= 560 | Tick1= 9713.26 Tick2= 9713.38 Tick3= 9713.24 Tick4= 9713.16 Extra= 9713.16 | LossLevel= 0 | LossCount= 0 | Stake= 10 | Regime= 2 | Score= 40 | Reconfirm= 1 | Guard= false | Reason= BLOCK: QUALITY
2026-09-08,10:58:48 GMT,[SCALPER V3] Direction= 0 | RSI= 100 | SMA2= 9713.535 | SMA3= 9713.893333333333 | Points= 0.07999999999992724 | Strength= 560 | Points2= 0.13999999999941792 | Strength2= 560 | Tick1= 9713.38 Tick2= 9713.24 Tick3= 9713.16 Tick4= 9712.96 Extra= 9712.96 | LossLevel= 0 | LossCount= 0 | Stake= 10 | Regime= 3 | Score= 10 | Reconfirm= 1 | Guard= false | Reason= BLOCK: QUALITY
2026-09-08,10:58:48 GMT,[SCALPER V3] Direction= 0 | RSI= 100 | SMA2= 9713.465 | SMA3= 9713.846666666666 | Points= 0.2000000000007276 | Strength= 560 | Points2= 0.07999999999992724 | Strength2= 560 | Tick1= 9713.24 Tick2= 9713.16 Tick3= 9712.96 Tick4= 9712.95 Extra= 9712.95 | LossLevel= 0 | LossCount= 0 | Stake= 10 | Regime= 2 | Score= 40 | Reconfirm= 1 | Guard= false | Reason= BLOCK: QUALITY
2026-09-08,10:58:48 GMT,[SCALPER V3] Direction= 0 | RSI= 100 | SMA2= 9713.425 | SMA3= 9713.820000000002 | Points= 0.00999999999839929 | Strength= 560 | Points2= 0.2000000000007276 | Strength2= 560 | Tick1= 9713.16 Tick2= 9712.96 Tick3= 9712.95 Tick4= 9712.92 Extra= 9712.92 | LossLevel= 0 | LossCount= 0 | Stake= 10 | Regime= 3 | Score= 10 | Reconfirm= 1 | Guard= false | Reason= BLOCK: QUALITY
2026-09-08,10:58:48 GMT,[SCALPER V3] Direction= 0 | RSI= 100 | SMA2= 9713.325 | SMA3= 9713.753333333334 | Points= 0.030000000000654836 | Strength= 560 | Points2= 0.00999999999839929 | Strength2= 560 | Tick1= 9712.96 Tick2= 9712.95 Tick3= 9712.92 Tick4= 9712.74 Extra= 9712.74 | LossLevel= 0 | LossCount= 0 | Stake= 10 | Regime= 3 | Score= 20 | Reconfirm= 1 | Guard= false | Reason= BLOCK: QUALITY
2026-09-08,10:58:48 GMT,[SCALPER V3] Direction= 0 | RSI= 47.36842105258119 | SMA2= 9713.32 | SMA3= 9713.750000000002 | Points= 0.18000000000029104 | Strength= 560 | Points2= 0.030000000000654836 | Strength2= 560 | Tick1= 9712.95 Tick2= 9712.92 Tick3= 9712.74 Tick4= 9712.94 Extra= 9712.94 | LossLevel= 0 | LossCount= 0 | Stake= 10 | Regime= 2 | Score= 60 | Reconfirm= 1 | Guard= false | Reason= BLOCK: QUALITY
2026-09-08,10:58:48 GMT,[SCALPER V3] Direction= 0 | RSI= 0 | SMA2= 9713.305 | SMA3= 9713.74 | Points= 0.2000000000007276 | Strength= 560 | Points2= 0.18000000000029104 | Strength2= 560 | Tick1= 9712.92 Tick2= 9712.74 Tick3= 9712.94 Tick4= 9713.21 Extra= 9713.21 | LossLevel= 0 | LossCount= 0 | Stake= 10 | Regime= 2 | Score= 40 | Reconfirm= 1 | Guard= false | Reason= BLOCK: QUALITY
2026-09-08,10:58:48 GMT,[SCALPER V3] Direction= 0 | RSI= 0 | SMA2= 9713.215 | SMA3= 9713.68 | Points= 0.26999999999861757 | Strength= 560 | Points2= 0.2000000000007276 | Strength2= 560 | Tick1= 9712.74 Tick2= 9712.94 Tick3= 9713.21 Tick4= 9713.27 Extra= 9713.27 | LossLevel= 0 | LossCount= 0 | Stake= 10 | Regime= 2 | Score= 40 | Reconfirm= 1 | Guard= false | Reason= BLOCK: QUALITY
2026-09-08,10:58:48 GMT,[SCALPER V3] Direction= 0 | RSI= 0 | SMA2= 9713.315 | SMA3= 9713.746666666668 | Points= 0.06000000000130967 | Strength= 560 | Points2= 0.26999999999861757 | Strength2= 560 | Tick1= 9712.94 Tick2= 9713.21 Tick3= 9713.27 Tick4= 9713.44 Extra= 9713.44 | LossLevel= 0 | LossCount= 0 | Stake= 10 | Regime= 3 | Score= 10 | Reconfirm= 1 | Guard= false | Reason= BLOCK: QUALITY
2026-09-08,10:58:48 GMT,[SCALPER V3] Direction= 0 | RSI= 0 | SMA2= 9713.45 | SMA3= 9713.836666666668 | Points= 0.17000000000007276 | Strength= 560 | Points2= 0.06000000000130967 | Strength2= 560 | Tick1= 9713.21 Tick2= 9713.27 Tick3= 9713.44 Tick4= 9713.77 Extra= 9713.77 | LossLevel= 0 | LossCount= 0 | Stake= 10 | Regime= 2 | Score= 40 | Reconfirm= 1 | Guard= false | Reason= BLOCK: QUALITY
2026-09-08,10:58:48 GMT,[SCALPER V3] Direction= 0 | RSI= 35.29411764710079 | SMA2= 9713.48 | SMA3= 9713.856666666668 | Points= 0.32999999999992724 | Strength= 560 | Points2= 0.17000000000007276 | Strength2= 560 | Tick1= 9713.27 Tick2= 9713.44 Tick3= 9713.77 Tick4= 9713.59 Extra= 9713.59 | LossLevel= 0 | LossCount= 0 | Stake= 10 | Regime= 1 | Score= 100 | Reconfirm= 1 | Guard= false | Reason= BLOCK: QUALITY
2026-09-08,10:58:48 GMT,[SCALPER V3] Direction= 0 | RSI= 100 | SMA2= 9713.565 | SMA3= 9713.913333333336 | Points= 0.18000000000029104 | Strength= 560 | Points2= 0.32999999999992724 | Strength2= 560 | Tick1= 9713.44 Tick2= 9713.77 Tick3= 9713.59 Tick4= 9713.48 Extra= 9713.48 | LossLevel= 0 | LossCount= 0 | Stake= 10 | Regime= 2 | Score= 30 | Reconfirm= 1 | Guard= false | Reason= BLOCK: QUALITY
2026-09-08,10:58:48 GMT,[SCALPER V3] Direction= 0 | RSI= 100 | SMA2= 9713.73 | SMA3= 9714.023333333334 | Points= 0.11000000000058208 | Strength= 560 | Points2= 0.18000000000029104 | Strength2= 560 | Tick1= 9713.77 Tick2= 9713.59 Tick3= 9713.48 Tick4= 9713.3 Extra= 9713.3 | LossLevel= 0 | LossCount= 0 | Stake= 10 | Regime= 3 | Score= 10 | Reconfirm= 1 | Guard= false | Reason= BLOCK: QUALITY
2026-09-08,10:58:48 GMT,[SCALPER V3] Direction= 0 | RSI= 100 | SMA2= 9713.64 | SMA3= 9713.963333333335 | Points= 0.18000000000029104 | Strength= 560 | Points2= 0.11000000000058208 | Strength2= 560 | Tick1= 9713.59 Tick2= 9713.48 Tick3= 9713.3 Tick4= 9713.23 Extra= 9713.23 | LossLevel= 0 | LossCount= 0 | Stake= 10 | Regime= 2 | Score= 40 | Reconfirm= 1 | Guard= false | Reason= BLOCK: QUALITY
2026-09-08,10:58:48 GMT,[SCALPER V3] Direction= 0 | RSI= 25.925925925776227 | SMA2= 9713.585 | SMA3= 9713.926666666668 | Points= 0.06999999999970896 | Strength= 560 | Points2= 0.18000000000029104 | Strength2= 560 | Tick1= 9713.48 Tick2= 9713.3 Tick3= 9713.23 Tick4= 9713.43 Extra= 9713.43 | LossLevel= 0 | LossCount= 0 | Stake= 10 | Regime= 2 | Score= 10 | Reconfirm= 1 | Guard= false | Reason= BLOCK: QUALITY
2026-09-08,10:58:48 GMT,[SCALPER V3] Direction= 0 | RSI= 42.857142856994365 | SMA2= 9713.494999999999 | SMA3= 9713.866666666667 | Points= 0.2000000000007276 | Strength= 560 | Points2= 0.06999999999970896 | Strength2= 560 | Tick1= 9713.3 Tick2= 9713.23 Tick3= 9713.43 Tick4= 9713.28 Extra= 9713.28 | LossLevel= 0 | LossCount= 0 | Stake= 10 | Regime= 2 | Score= 60 | Reconfirm= 1 | Guard= false | Reason= BLOCK: QUALITY
2026-09-08,10:58:48 GMT,[SCALPER V3] Direction= 0 | RSI= 100 | SMA2= 9713.46 | SMA3= 9713.843333333334 | Points= 0.1499999999996362 | Strength= 560 | Points2= 0.2000000000007276 | Strength2= 560 | Tick1= 9713.23 Tick2= 9713.43 Tick3= 9713.28 Tick4= 9713.21 Extra= 9713.21 | LossLevel= 0 | LossCount= 0 | Stake= 10 | Regime= 2 | Score= 30 | Reconfirm= 1 | Guard= false | Reason= BLOCK: QUALITY
2026-09-08,10:58:48 GMT,[SCALPER V3] Direction= 0 | RSI= 100 | SMA2= 9713.560000000001 | SMA3= 9713.910000000002 | Points= 0.07000000000152795 | Strength= 560 | Points2= 0.1499999999996362 | Strength2= 560 | Tick1= 9713.43 Tick2= 9713.28 Tick3= 9713.21 Tick4= 9713.21 Extra= 9713.21 | LossLevel= 0 | LossCount= 0 | Stake= 10 | Regime= 3 | Score= 10 | Reconfirm= 1 | Guard= false | Reason= BLOCK: QUALITY
2026-09-08,10:58:48 GMT,[SCALPER V3] Direction= 0 | RSI= 0 | SMA2= 9713.485 | SMA3= 9713.86 | Points= 0 | Strength= 560 | Points2= 0.07000000000152795 | Strength2= 560 | Tick1= 9713.28 Tick2= 9713.21 Tick3= 9713.21 Tick4= 9713.22 Extra= 9713.22 | LossLevel= 0 | LossCount= 0 | Stake= 10 | Regime= 3 | Score= 10 | Reconfirm= 1 | Guard= false | Reason= BLOCK: QUALITY
2026-09-08,10:58:48 GMT,[SCALPER V3] Direction= 0 | RSI= 0 | SMA2= 9713.45 | SMA3= 9713.836666666668 | Points= 0.010000000000218279 | Strength= 560 | Points2= 0 | Strength2= 560 | Tick1= 9713.21 Tick2= 9713.21 Tick3= 9713.22 Tick4= 9713.39 Extra= 9713.39 | LossLevel= 0 | LossCount= 0 | Stake= 10 | Regime= 3 | Score= 20 | Reconfirm= 1 | Guard= false | Reason= BLOCK: QUALITY
2026-09-08,10:58:48 GMT,[SCALPER V3] Direction= 0 | RSI= 29.166666666571928 | SMA2= 9713.45 | SMA3= 9713.836666666668 | Points= 0.17000000000007276 | Strength= 560 | Points2= 0.010000000000218279 | Strength2= 560 | Tick1= 9713.21 Tick2= 9713.22 Tick3= 9713.39 Tick4= 9713.32 Extra= 9713.32 | LossLevel= 0 | LossCount= 0 | Stake= 10 | Regime= 1 | Score= 80 | Reconfirm= 1 | Guard= false | Reason= BLOCK: QUALITY
2026-09-08,10:58:48 GMT,[SCALPER V3] Direction= 0 | RSI= 100 | SMA2= 9713.455 | SMA3= 9713.840000000002 | Points= 0.06999999999970896 | Strength= 560 | Points2= 0.17000000000007276 | Strength2= 560 | Tick1= 9713.22 Tick2= 9713.39 Tick3= 9713.32 Tick4= 9713.28 Extra= 9713.28 | LossLevel= 0 | LossCount= 0 | Stake= 10 | Regime= 3 | Score= 10 | Reconfirm= 1 | Guard= false | Reason= BLOCK: QUALITY
2026-09-08,10:58:48 GMT,[SCALPER V3] Direction= 0 | RSI= 100 | SMA2= 9713.54 | SMA3= 9713.896666666667 | Points= 0.039999999999054126 | Strength= 560 | Points2= 0.06999999999970896 | Strength2= 560 | Tick1= 9713.39 Tick2= 9713.32 Tick3= 9713.28 Tick4= 9713.23 Extra= 9713.23 | LossLevel= 0 | LossCount= 0 | Stake= 10 | Regime= 3 | Score= 10 | Reconfirm= 1 | Guard= false | Reason= BLOCK: QUALITY
2026-09-08,10:58:48 GMT,[SCALPER V3] Direction= 0 | RSI= 31.25000000035527 | SMA2= 9713.505000000001 | SMA3= 9713.873333333335 | Points= 0.050000000001091394 | Strength= 560 | Points2= 0.039999999999054126 | Strength2= 560 | Tick1= 9713.32 Tick2= 9713.28 Tick3= 9713.23 Tick4= 9713.34 Extra= 9713.34 | LossLevel= 0 | LossCount= 0 | Stake= 10 | Regime= 1 | Score= 80 | Reconfirm= 1 | Guard= false | Reason= BLOCK: QUALITY
2026-09-08,10:58:48 GMT,[SCALPER V3] Direction= 0 | RSI= 0 | SMA2= 9713.485 | SMA3= 9713.86 | Points= 0.11000000000058208 | Strength= 560 | Points2= 0.050000000001091394 | Strength2= 560 | Tick1= 9713.28 Tick2= 9713.23 Tick3= 9713.34 Tick4= 9713.56 Extra= 9713.56 | LossLevel= 0 | LossCount= 0 | Stake= 10 | Regime= 3 | Score= 20 | Reconfirm= 1 | Guard= false | Reason= BLOCK: QUALITY
2026-09-08,10:58:48 GMT,[SCALPER V3] Direction= 0 | RSI= 0 | SMA2= 9713.46 | SMA3= 9713.843333333334 | Points= 0.21999999999934516 | Strength= 560 | Points2= 0.11000000000058208 | Strength2= 560 | Tick1= 9713.23 Tick2= 9713.34 Tick3= 9713.56 Tick4= 9713.58 Extra= 9713.58 | LossLevel= 0 | LossCount= 0 | Stake= 10 | Regime= 2 | Score= 40 | Reconfirm= 1 | Guard= false | Reason= BLOCK: QUALITY
2026-09-08,10:58:48 GMT,[SCALPER V3] Direction= 0 | RSI= 0 | SMA2= 9713.515 | SMA3= 9713.880000000001 | Points= 0.020000000000436557 | Strength= 560 | Points2= 0.21999999999934516 | Strength2= 560 | Tick1= 9713.34 Tick2= 9713.56 Tick3= 9713.58 Tick4= 9713.88 Extra= 9713.88 | LossLevel= 0 | LossCount= 0 | Stake= 10 | Regime= 3 | Score= 10 | Reconfirm= 1 | Guard= false | Reason= BLOCK: QUALITY
2026-09-08,10:58:48 GMT,[SCALPER V3] Direction= 0 | RSI= 30.232558139456174 | SMA2= 9713.625 | SMA3= 9713.953333333333 | Points= 0.2999999999992724 | Strength= 560 | Points2= 0.020000000000436557 | Strength2= 560 | Tick1= 9713.56 Tick2= 9713.58 Tick3= 9713.88 Tick4= 9713.75 Extra= 9713.75 | LossLevel= 0 | LossCount= 0 | Stake= 10 | Regime= 1 | Score= 100 | Reconfirm= 1 | Guard= false | Reason= BLOCK: QUALITY
2026-09-08,10:58:48 GMT,[SCALPER V3] Direction= 0 | RSI= 86.66666666634329 | SMA2= 9713.635 | SMA3= 9713.960000000001 | Points= 0.12999999999919964 | Strength= 560 | Points2= 0.2999999999992724 | Strength2= 560 | Tick1= 9713.58 Tick2= 9713.88 Tick3= 9713.75 Tick4= 9713.77 Extra= 9713.77 | LossLevel= 0 | LossCount= 0 | Stake= 10 | Regime= 1 | Score= 70 | Reconfirm= 1 | Guard= false | Reason= BLOCK: QUALITY
2026-09-08,10:58:48 GMT,[SCALPER V3] Direction= 0 | RSI= 0 | SMA2= 9713.785 | SMA3= 9714.06 | Points= 0.020000000000436557 | Strength= 560 | Points2= 0.12999999999919964 | Strength2= 560 | Tick1= 9713.88 Tick2= 9713.75 Tick3= 9713.77 Tick4= 9713.78 Extra= 9713.78 | LossLevel= 0 | LossCount= 0 | Stake= 10 | Regime= 3 | Score= 10 | Reconfirm= 1 | Guard= false | Reason= BLOCK: QUALITY
2026-09-08,10:58:48 GMT,[SCALPER V3] Direction= 0 | RSI= 94.11764705869764 | SMA2= 9713.720000000001 | SMA3= 9714.016666666668 | Points= 0.010000000000218279 | Strength= 560 | Points2= 0.020000000000436557 | Strength2= 560 | Tick1= 9713.75 Tick2= 9713.77 Tick3= 9713.78 Tick4= 9713.62 Extra= 9713.62 | LossLevel= 0 | LossCount= 0 | Stake= 10 | Regime= 3 | Score= 10 | Reconfirm= 1 | Guard= false | Reason= BLOCK: QUALITY
2026-09-08,10:58:48 GMT,[SCALPER V3] Direction= 0 | RSI= 32.00000000008731 | SMA2= 9713.73 | SMA3= 9714.023333333334 | Points= 0.15999999999985448 | Strength= 560 | Points2= 0.010000000000218279 | Strength2= 560 | Tick1= 9713.77 Tick2= 9713.78 Tick3= 9713.62 Tick4= 9713.96 Extra= 9713.96 | LossLevel= 0 | LossCount= 0 | Stake= 10 | Regime= 1 | Score= 100 | Reconfirm= 1 | Guard= false | Reason= BLOCK: QUALITY
2026-09-08,10:58:48 GMT,[SCALPER V3] Direction= 0 | RSI= 0 | SMA2= 9713.735 | SMA3= 9714.026666666667 | Points= 0.33999999999832653 | Strength= 560 | Points2= 0.15999999999985448 | Strength2= 560 | Tick1= 9713.78 Tick2= 9713.62 Tick3= 9713.96 Tick4= 9714.2 Extra= 9714.2 | LossLevel= 0 | LossCount= 0 | Stake= 10 | Regime= 2 | Score= 40 | Reconfirm= 1 | Guard= false | Reason= BLOCK: QUALITY
2026-09-08,10:58:48 GMT,[SCALPER V3] Direction= 0 | RSI= 0 | SMA2= 9713.655 | SMA3= 9713.973333333335 | Points= 0.2400000000016007 | Strength= 560 | Points2= 0.33999999999832653 | Strength2= 560 | Tick1= 9713.62 Tick2= 9713.96 Tick3= 9714.2 Tick4= 9714.26 Extra= 9714.26 | LossLevel= 0 | LossCount= 0 | Stake= 10 | Regime= 2 | Score= 30 | Reconfirm= 1 | Guard= false | Reason= BLOCK: QUALITY
2026-09-08,10:58:48 GMT,[SCALPER V3] Direction= 0 | RSI= 66.66666666700351 | SMA2= 9713.825 | SMA3= 9714.086666666668 | Points= 0.05999999999949068 | Strength= 560 | Points2= 0.2400000000016007 | Strength2= 560 | Tick1= 9713.96 Tick2= 9714.2 Tick3= 9714.26 Tick4= 9714.14 Extra= 9714.14 | LossLevel= 0 | LossCount= 0 | Stake= 10 | Regime= 1 | Score= 70 | Reconfirm= 1 | Guard= false | Reason= BLOCK: QUALITY
2026-09-08,10:58:48 GMT,[SCALPER V3] Direction= 0 | RSI= 40.00000000012127 | SMA2= 9713.945 | SMA3= 9714.166666666668 | Points= 0.12000000000080036 | Strength= 560 | Points2= 0.05999999999949068 | Strength2= 560 | Tick1= 9714.2 Tick2= 9714.26 Tick3= 9714.14 Tick4= 9714.32 Extra= 9714.32 | LossLevel= 0 | LossCount= 0 | Stake= 10 | Regime= 1 | Score= 100 | Reconfirm= 1 | Guard= false | Reason= BLOCK: QUALITY
2026-09-08,10:58:48 GMT,[SCALPER V3] Direction= 0 | RSI= 0 | SMA2= 9713.975 | SMA3= 9714.186666666668 | Points= 0.18000000000029104 | Strength= 560 | Points2= 0.12000000000080036 | Strength2= 560 | Tick1= 9714.26 Tick2= 9714.14 Tick3= 9714.32 Tick4= 9714.35 Extra= 9714.35 | LossLevel= 0 | LossCount= 0 | Stake= 10 | Regime= 2 | Score= 40 | Reconfirm= 1 | Guard= false | Reason= BLOCK: QUALITY
2026-09-08,10:58:48 GMT,[SCALPER V3] Direction= 0 | RSI= 87.49999999981053 | SMA2= 9713.915 | SMA3= 9714.146666666667 | Points= 0.030000000000654836 | Strength= 560 | Points2= 0.18000000000029104 | Strength2= 560 | Tick1= 9714.14 Tick2= 9714.32 Tick3= 9714.35 Tick4= 9714.14 Extra= 9714.14 | LossLevel= 0 | LossCount= 0 | Stake= 10 | Regime= 3 | Score= 10 | Reconfirm= 1 | Guard= false | Reason= BLOCK: QUALITY
2026-09-08,10:58:48 GMT,[SCALPER V3] Direction= 0 | RSI= 100 | SMA2= 9714.005000000001 | SMA3= 9714.206666666667 | Points= 0.21000000000094587 | Strength= 560 | Points2= 0.030000000000654836 | Strength2= 560 | Tick1= 9714.32 Tick2= 9714.35 Tick3= 9714.14 Tick4= 9713.92 Extra= 9713.92 | LossLevel= 0 | LossCount= 0 | Stake= 10 | Regime= 2 | Score= 40 | Reconfirm= 1 | Guard= false | Reason= BLOCK: QUALITY
2026-09-08,10:58:48 GMT,[SCALPER V3] Direction= 0 | RSI= 81.48148148165615 | SMA2= 9714.02 | SMA3= 9714.216666666667 | Points= 0.21999999999934516 | Strength= 560 | Points2= 0.21000000000094587 | Strength2= 560 | Tick1= 9714.35 Tick2= 9714.14 Tick3= 9713.92 Tick4= 9713.97 Extra= 9713.97 | LossLevel= 0 | LossCount= 0 | Stake= 10 | Regime= 2 | Score= 40 | Reconfirm= 1 | Guard= false | Reason= BLOCK: QUALITY
2026-09-08,10:58:48 GMT,[SCALPER V3] Direction= 0 | RSI= 0 | SMA2= 9713.915 | SMA3= 9714.146666666667 | Points= 0.049999999999272404 | Strength= 560 | Points2= 0.21999999999934516 | Strength2= 560 | Tick1= 9714.14 Tick2= 9713.92 Tick3= 9713.97 Tick4= 9714.02 Extra= 9714.02 | LossLevel= 0 | LossCount= 0 | Stake= 10 | Regime= 3 | Score= 10 | Reconfirm= 1 | Guard= false | Reason= BLOCK: QUALITY
2026-09-08,10:58:48 GMT,[SCALPER V3] Direction= 0 | RSI= 0 | SMA2= 9713.805 | SMA3= 9714.073333333334 | Points= 0.050000000001091394 | Strength= 560 | Points2= 0.049999999999272404 | Strength2= 560 | Tick1= 9713.92 Tick2= 9713.97 Tick3= 9714.02 Tick4= 9714.21 Extra= 9714.21 | LossLevel= 0 | LossCount= 0 | Stake= 10 | Regime= 3 | Score= 20 | Reconfirm= 1 | Guard= false | Reason= BLOCK: QUALITY
2026-09-08,10:58:48 GMT,[SCALPER V3] Direction= 0 | RSI= 0 | SMA2= 9713.83 | SMA3= 9714.090000000002 | Points= 0.18999999999869033 | Strength= 560 | Points2= 0.050000000001091394 | Strength2= 560 | Tick1= 9713.97 Tick2= 9714.02 Tick3= 9714.21 Tick4= 9714.22 Extra= 9714.22 | LossLevel= 0 | LossCount= 0 | Stake= 10 | Regime= 2 | Score= 40 | Reconfirm= 1 | Guard= false | Reason= BLOCK: QUALITY
2026-09-08,10:58:48 GMT,[SCALPER V3] Direction= 0 | RSI= 96.66666666658583 | SMA2= 9713.855 | SMA3= 9714.106666666668 | Points= 0.010000000000218279 | Strength= 560 | Points2= 0.18999999999869033 | Strength2= 560 | Tick1= 9714.02 Tick2= 9714.21 Tick3= 9714.22 Tick4= 9713.93 Extra= 9713.93 | LossLevel= 0 | LossCount= 0 | Stake= 10 | Regime= 3 | Score= 10 | Reconfirm= 1 | Guard= false | Reason= BLOCK: QUALITY
2026-09-08,10:58:48 GMT,[SCALPER V3] Direction= 0 | RSI= 100 | SMA2= 9713.95 | SMA3= 9714.17 | Points= 0.2899999999990541 | Strength= 560 | Points2= 0.010000000000218279 | Strength2= 560 | Tick1= 9714.21 Tick2= 9714.22 Tick3= 9713.93 Tick4= 9713.67 Extra= 9713.67 | LossLevel= 0 | LossCount= 0 | Stake= 10 | Regime= 2 | Score= 40 | Reconfirm= 1 | Guard= false | Reason= BLOCK: QUALITY
2026-09-08,10:58:48 GMT,[SCALPER V3] Direction= 0 | RSI= 100 | SMA2= 9713.955 | SMA3= 9714.173333333334 | Points= 0.2600000000002183 | Strength= 560 | Points2= 0.2899999999990541 | Strength2= 560 | Tick1= 9714.22 Tick2= 9713.93 Tick3= 9713.67 Tick4= 9713.25 Extra= 9713.25 | LossLevel= 0 | LossCount= 0 | Stake= 10 | Regime= 2 | Score= 30 | Reconfirm= 1 | Guard= false | Reason= BLOCK: QUALITY
2026-09-08,10:58:48 GMT,[SCALPER V3] Direction= 0 | RSI= 95.4545454544515 | SMA2= 9713.810000000001 | SMA3= 9714.076666666668 | Points= 0.42000000000007276 | Strength= 560 | Points2= 0.2600000000002183 | Strength2= 560 | Tick1= 9713.93 Tick2= 9713.67 Tick3= 9713.25 Tick4= 9713.27 Extra= 9713.27 | LossLevel= 0 | LossCount= 0 | Stake= 10 | Regime= 2 | Score= 40 | Reconfirm= 1 | Guard= false | Reason= BLOCK: QUALITY
2026-09-08,10:58:48 GMT,[SCALPER V3] Direction= 0 | RSI= 0 | SMA2= 9713.68 | SMA3= 9713.99 | Points= 0.020000000000436557 | Strength= 560 | Points2= 0.42000000000007276 | Strength2= 560 | Tick1= 9713.67 Tick2= 9713.25 Tick3= 9713.27 Tick4= 9713.63 Extra= 9713.63 | LossLevel= 0 | LossCount= 0 | Stake= 10 | Regime= 3 | Score= 10 | Reconfirm= 1 | Guard= false | Reason= BLOCK: QUALITY
2026-09-08,10:58:48 GMT,[SCALPER V3] Direction= 0 | RSI= 9.999999999818101 | SMA2= 9713.470000000001 | SMA3= 9713.85 | Points= 0.3599999999987631 | Strength= 560 | Points2= 0.020000000000436557 | Strength2= 560 | Tick1= 9713.25 Tick2= 9713.27 Tick3= 9713.63 Tick4= 9713.59 Extra= 9713.59 | LossLevel= 0 | LossCount= 0 | Stake= 10 | Regime= 1 | Score= 80 | Reconfirm= 1 | Guard= false | Reason= BLOCK: QUALITY
2026-09-08,10:58:48 GMT,[SCALPER V3] Direction= 0 | RSI= 26.666666666100767 | SMA2= 9713.48 | SMA3= 9713.856666666668 | Points= 0.039999999999054126 | Strength= 560 | Points2= 0.3599999999987631 | Strength2= 560 | Tick1= 9713.27 Tick2= 9713.63 Tick3= 9713.59 Tick4= 9713.7 Extra= 9713.7 | LossLevel= 0 | LossCount= 0 | Stake= 10 | Regime= 1 | Score= 50 | Reconfirm= 1 | Guard= false | Reason= BLOCK: QUALITY
2026-09-08,10:58:48 GMT,[SCALPER V3] Direction= 0 | RSI= 31.25000000035527 | SMA2= 9713.66 | SMA3= 9713.976666666667 | Points= 0.11000000000058208 | Strength= 560 | Points2= 0.039999999999054126 | Strength2= 560 | Tick1= 9713.63 Tick2= 9713.59 Tick3= 9713.7 Tick4= 9713.65 Extra= 9713.65 | LossLevel= 0 | LossCount= 0 | Stake= 10 | Regime= 1 | Score= 80 | Reconfirm= 1 | Guard= false | Reason= BLOCK: QUALITY
2026-09-08,10:58:48 GMT,[SCALPER V3] Direction= 0 | RSI= 55.55555555555556 | SMA2= 9713.64 | SMA3= 9713.963333333335 | Points= 0.050000000001091394 | Strength= 560 | Points2= 0.11000000000058208 | Strength2= 560 | Tick1= 9713.59 Tick2= 9713.7 Tick3= 9713.65 Tick4= 9713.69 Extra= 9713.69 | LossLevel= 0 | LossCount= 0 | Stake= 10 | Regime= 1 | Score= 70 | Reconfirm= 1 | Guard= false | Reason= BLOCK: QUALITY
2026-09-08,10:58:48 GMT,[SCALPER V3] Direction= 0 | RSI= 0 | SMA2= 9713.695 | SMA3= 9714.000000000002 | Points= 0.040000000000873115 | Strength= 560 | Points2= 0.050000000001091394 | Strength2= 560 | Tick1= 9713.7 Tick2= 9713.65 Tick3= 9713.69 Tick4= 9713.71 Extra= 9713.71 | LossLevel= 0 | LossCount= 0 | Stake= 10 | Regime= 3 | Score= 10 | Reconfirm= 1 | Guard= false | Reason= BLOCK: QUALITY
2026-09-08,10:58:48 GMT,[SCALPER V3] Direction= 0 | RSI= 80.0000000010914 | SMA2= 9713.67 | SMA3= 9713.983333333335 | Points= 0.019999999998617568 | Strength= 560 | Points2= 0.040000000000873115 | Strength2= 560 | Tick1= 9713.65 Tick2= 9713.69 Tick3= 9713.71 Tick4= 9713.63 Extra= 9713.63 | LossLevel= 0 | LossCount= 0 | Stake= 10 | Regime= 3 | Score= 10 | Reconfirm= 1 | Guard= false | Reason= BLOCK: QUALITY
2026-09-08,10:58:48 GMT,[SCALPER V3] Direction= 0 | RSI= 100 | SMA2= 9714.150000000001 | SMA3= 9713.996666666668 | Points= 0.07999999999992724 | Strength= 560 | Points2= 0.019999999998617568 | Strength2= 560 | Tick1= 9713.69 Tick2= 9713.71 Tick3= 9713.63 Tick4= 9713.45 Extra= 9713.45 | LossLevel= 0 | LossCount= 0 | Stake= 10 | Regime= 3 | Score= 20 | Reconfirm= 1 | Guard= false | Reason= BLOCK: QUALITY
2026-09-08,10:58:48 GMT,[SCALPER V3] Direction= 0 | RSI= 90.0000000005457 | SMA2= 9714.16 | SMA3= 9714.003333333334 | Points= 0.17999999999847205 | Strength= 560 | Points2= 0.07999999999992724 | Strength2= 560 | Tick1= 9713.71 Tick2= 9713.63 Tick3= 9713.45 Tick4= 9713.47 Extra= 9713.47 | LossLevel= 0 | LossCount= 0 | Stake= 10 | Regime= 1 | Score= 80 | Reconfirm= 1 | Guard= false | Reason= BLOCK: QUALITY
2026-09-08,10:58:48 GMT,[SCALPER V3] Direction= 0 | RSI= 0 | SMA2= 9714.119999999999 | SMA3= 9713.976666666667 | Points= 0.019999999998617568 | Strength= 560 | Points2= 0.17999999999847205 | Strength2= 560 | Tick1= 9713.63 Tick2= 9713.45 Tick3= 9713.47 Tick4= 9713.6 Extra= 9713.6 | LossLevel= 0 | LossCount= 0 | Stake= 10 | Regime= 3 | Score= 10 | Reconfirm= 1 | Guard= false | Reason= BLOCK: QUALITY
2026-09-08,10:58:48 GMT,[SCALPER V3] Direction= 0 | RSI= 13.33333333349502 | SMA2= 9714.03 | SMA3= 9713.916666666668 | Points= 0.13000000000101863 | Strength= 560 | Points2= 0.019999999998617568 | Strength2= 560 | Tick1= 9713.45 Tick2= 9713.47 Tick3= 9713.6 Tick4= 9713.58 Extra= 9713.58 | LossLevel= 0 | LossCount= 0 | Stake= 10 | Regime= 2 | Score= 40 | Reconfirm= 1 | Guard= false | Reason= BLOCK: QUALITY
2026-09-08,10:58:48 GMT,[SCALPER V3] Direction= 0 | RSI= 7.142857142996348 | SMA2= 9714.04 | SMA3= 9713.923333333334 | Points= 0.020000000000436557 | Strength= 560 | Points2= 0.13000000000101863 | Strength2= 560 | Tick1= 9713.47 Tick2= 9713.6 Tick3= 9713.58 Tick4= 9713.84 Extra= 9713.84 | LossLevel= 0 | LossCount= 0 | Stake= 10 | Regime= 3 | Score= 10 | Reconfirm= 1 | Guard= false | Reason= BLOCK: QUALITY
2026-09-08,10:58:48 GMT,[SCALPER V3] Direction= 0 | RSI= 16.12903225785631 | SMA2= 9714.105 | SMA3= 9713.966666666667 | Points= 0.2600000000002183 | Strength= 560 | Points2= 0.020000000000436557 | Strength2= 560 | Tick1= 9713.6 Tick2= 9713.58 Tick3= 9713.84 Tick4= 9713.79 Extra= 9713.79 | LossLevel= 0 | LossCount= 0 | Stake= 10 | Regime= 2 | Score= 40 | Reconfirm= 1 | Guard= false | Reason= BLOCK: QUALITY
2026-09-08,10:58:48 GMT,[SCALPER V3] Direction= 0 | RSI= 100 | SMA2= 9714.095000000001 | SMA3= 9713.960000000001 | Points= 0.049999999999272404 | Strength= 560 | Points2= 0.2600000000002183 | Strength2= 560 | Tick1= 9713.58 Tick2= 9713.84 Tick3= 9713.79 Tick4= 9713.72 Extra= 9713.72 | LossLevel= 0 | LossCount= 0 | Stake= 10 | Regime= 3 | Score= 10 | Reconfirm= 1 | Guard= false | Reason= BLOCK: QUALITY
2026-09-08,10:58:48 GMT,[SCALPER V3] Direction= 0 | RSI= 25.000000000324818 | SMA2= 9714.225 | SMA3= 9714.046666666667 | Points= 0.07000000000152795 | Strength= 560 | Points2= 0.049999999999272404 | Strength2= 560 | Tick1= 9713.84 Tick2= 9713.79 Tick3= 9713.72 Tick4= 9713.93 Extra= 9713.93 | LossLevel= 0 | LossCount= 0 | Stake= 10 | Regime= 2 | Score= 20 | Reconfirm= 1 | Guard= false | Reason= BLOCK: QUALITY
2026-09-08,10:58:48 GMT,[SCALPER V3] Direction= 0 | RSI= 38.235294117725736 | SMA2= 9714.2 | SMA3= 9714.03 | Points= 0.21000000000094587 | Strength= 560 | Points2= 0.07000000000152795 | Strength2= 560 | Tick1= 9713.79 Tick2= 9713.72 Tick3= 9713.93 Tick4= 9713.8 Extra= 9713.8 | LossLevel= 0 | LossCount= 0 | Stake= 10 | Regime= 2 | Score= 60 | Reconfirm= 1 | Guard= false | Reason= BLOCK: QUALITY
2026-09-08,10:58:48 GMT,[SCALPER V3] Direction= 0 | RSI= 59.090909091059416 | SMA2= 9714.165 | SMA3= 9714.006666666668 | Points= 0.13000000000101863 | Strength= 560 | Points2= 0.21000000000094587 | Strength2= 560 | Tick1= 9713.72 Tick2= 9713.93 Tick3= 9713.8 Tick4= 9713.89 Extra= 9713.89 | LossLevel= 0 | LossCount= 0 | Stake= 10 | Regime= 2 | Score= 50 | Reconfirm= 1 | Guard= false | Reason= BLOCK: QUALITY
2026-09-08,10:58:48 GMT,[SCALPER V3] Direction= 0 | RSI= 18.181818180765873 | SMA2= 9714.27 | SMA3= 9714.076666666668 | Points= 0.09000000000014552 | Strength= 560 | Points2= 0.13000000000101863 | Strength2= 560 | Tick1= 9713.93 Tick2= 9713.8 Tick3= 9713.89 Tick4= 9713.87 Extra= 9713.87 | LossLevel= 0 | LossCount= 0 | Stake= 10 | Regime= 3 | Score= 10 | Reconfirm= 1 | Guard= false | Reason= BLOCK: QUALITY
2026-09-08,10:58:48 GMT,[SCALPER V3] Direction= 0 | RSI= 100 | SMA2= 9714.205 | SMA3= 9714.033333333335 | Points= 0.019999999998617568 | Strength= 560 | Points2= 0.09000000000014552 | Strength2= 560 | Tick1= 9713.8 Tick2= 9713.89 Tick3= 9713.87 Tick4= 9713.69 Extra= 9713.69 | LossLevel= 0 | LossCount= 0 | Stake= 10 | Regime= 3 | Score= 10 | Reconfirm= 1 | Guard= false | Reason= BLOCK: QUALITY
2026-09-08,10:58:48 GMT,[SCALPER V3] Direction= 0 | RSI= 100 | SMA2= 9714.25 | SMA3= 9714.063333333334 | Points= 0.18000000000029104 | Strength= 560 | Points2= 0.019999999998617568 | Strength2= 560 | Tick1= 9713.89 Tick2= 9713.87 Tick3= 9713.69 Tick4= 9713.57 Extra= 9713.57 | LossLevel= 0 | LossCount= 0 | Stake= 10 | Regime= 2 | Score= 40 | Reconfirm= 1 | Guard= false | Reason= BLOCK: QUALITY
2026-09-08,10:58:48 GMT,[SCALPER V3] Direction= 0 | RSI= 100 | SMA2= 9714.240000000002 | SMA3= 9714.05666666667 | Points= 0.12000000000080036 | Strength= 560 | Points2= 0.18000000000029104 | Strength2= 560 | Tick1= 9713.87 Tick2= 9713.69 Tick3= 9713.57 Tick4= 9713.56 Extra= 9713.56 | LossLevel= 0 | LossCount= 0 | Stake= 10 | Regime= 2 | Score= 30 | Reconfirm= 1 | Guard= false | Reason= BLOCK: QUALITY
2026-09-08,10:58:48 GMT,[SCALPER V3] Direction= 0 | RSI= 100 | SMA2= 9714.150000000001 | SMA3= 9713.996666666668 | Points= 0.010000000000218279 | Strength= 560 | Points2= 0.12000000000080036 | Strength2= 560 | Tick1= 9713.69 Tick2= 9713.57 Tick3= 9713.56 Tick4= 9713.47 Extra= 9713.47 | LossLevel= 0 | LossCount= 0 | Stake= 10 | Regime= 3 | Score= 10 | Reconfirm= 1 | Guard= false | Reason= BLOCK: QUALITY
2026-09-08,10:58:48 GMT,[SCALPER V3] Direction= 0 | RSI= 36.00000000005821 | SMA2= 9714.09 | SMA3= 9713.956666666667 | Points= 0.09000000000014552 | Strength= 560 | Points2= 0.010000000000218279 | Strength2= 560 | Tick1= 9713.57 Tick2= 9713.56 Tick3= 9713.47 Tick4= 9713.63 Extra= 9713.63 | LossLevel= 0 | LossCount= 0 | Stake= 10 | Regime= 2 | Score= 40 | Reconfirm= 1 | Guard= false | Reason= BLOCK: QUALITY
2026-09-08,10:58:48 GMT,[SCALPER V3] Direction= 0 | RSI= 0 | SMA2= 9714.085 | SMA3= 9713.953333333333 | Points= 0.15999999999985448 | Strength= 560 | Points2= 0.09000000000014552 | Strength2= 560 | Tick1= 9713.56 Tick2= 9713.47 Tick3= 9713.63 Tick4= 9713.78 Extra= 9713.78 | LossLevel= 0 | LossCount= 0 | Stake= 10 | Regime= 2 | Score= 40 | Reconfirm= 1 | Guard= false | Reason= BLOCK: QUALITY
2026-09-08,10:58:48 GMT,[SCALPER V3] Direction= 0 | RSI= 11.764705882478822 | SMA2= 9714.04 | SMA3= 9713.923333333334 | Points= 0.1500000000014552 | Strength= 560 | Points2= 0.15999999999985448 | Strength2= 560 | Tick1= 9713.47 Tick2= 9713.63 Tick3= 9713.78 Tick4= 9713.76 Extra= 9713.76 | LossLevel= 0 | LossCount= 0 | Stake= 10 | Regime= 2 | Score= 30 | Reconfirm= 1 | Guard= false | Reason= BLOCK: QUALITY
2026-09-08,10:58:48 GMT,[SCALPER V3] Direction= 0 | RSI= 100 | SMA2= 9714.119999999999 | SMA3= 9713.976666666667 | Points= 0.020000000000436557 | Strength= 560 | Points2= 0.1500000000014552 | Strength2= 560 | Tick1= 9713.63 Tick2= 9713.78 Tick3= 9713.76 Tick4= 9713.69 Extra= 9713.69 | LossLevel= 0 | LossCount= 0 | Stake= 10 | Regime= 3 | Score= 10 | Reconfirm= 1 | Guard= false | Reason= BLOCK: QUALITY
2026-09-08,10:58:48 GMT,[SCALPER V3] Direction= 0 | RSI= 100 | SMA2= 9714.195 | SMA3= 9714.026666666667 | Points= 0.06999999999970896 | Strength= 560 | Points2= 0.020000000000436557 | Strength2= 560 | Tick1= 9713.78 Tick2= 9713.76 Tick3= 9713.69 Tick4= 9713.65 Extra= 9713.65 | LossLevel= 0 | LossCount= 0 | Stake= 10 | Regime= 3 | Score= 20 | Reconfirm= 1 | Guard= false | Reason= BLOCK: QUALITY
2026-09-08,10:58:48 GMT,[SCALPER V3] Direction= 0 | RSI= 23.529411764957644 | SMA2= 9714.185000000001 | SMA3= 9714.020000000002 | Points= 0.040000000000873115 | Strength= 560 | Points2= 0.06999999999970896 | Strength2= 560 | Tick1= 9713.76 Tick2= 9713.69 Tick3= 9713.65 Tick4= 9713.78 Extra= 9713.78 | LossLevel= 0 | LossCount= 0 | Stake= 10 | Regime= 3 | Score= 10 | Reconfirm= 1 | Guard= false | Reason= BLOCK: QUALITY
2026-09-08,10:58:48 GMT,[SCALPER V3] Direction= 0 | RSI= 50 | SMA2= 9714.150000000001 | SMA3= 9713.996666666668 | Points= 0.13000000000101863 | Strength= 560 | Points2= 0.040000000000873115 | Strength2= 560 | Tick1= 9713.69 Tick2= 9713.65 Tick3= 9713.78 Tick4= 9713.65 Extra= 9713.65 | LossLevel= 0 | LossCount= 0 | Stake= 10 | Regime= 1 | Score= 100 | Reconfirm= 1 | Guard= false | Reason= BLOCK: QUALITY
2026-09-08,10:58:48 GMT,[SCALPER V3] Direction= 0 | RSI= 36.111111111335674 | SMA2= 9714.130000000001 | SMA3= 9713.983333333335 | Points= 0.13000000000101863 | Strength= 560 | Points2= 0.13000000000101863 | Strength2= 560 | Tick1= 9713.65 Tick2= 9713.78 Tick3= 9713.65 Tick4= 9713.88 Extra= 9713.88 | LossLevel= 0 | LossCount= 0 | Stake= 10 | Regime= 2 | Score= 50 | Reconfirm= 1 | Guard= false | Reason= BLOCK: QUALITY
2026-09-08,10:58:48 GMT,[SCALPER V3] Direction= 0 | RSI= 0 | SMA2= 9714.195 | SMA3= 9714.026666666667 | Points= 0.22999999999956344 | Strength= 560 | Points2= 0.13000000000101863 | Strength2= 560 | Tick1= 9713.78 Tick2= 9713.65 Tick3= 9713.88 Tick4= 9714.03 Extra= 9714.03 | LossLevel= 0 | LossCount= 0 | Stake= 10 | Regime= 2 | Score= 40 | Reconfirm= 1 | Guard= false | Reason= BLOCK: QUALITY
2026-09-08,10:58:48 GMT,[SCALPER V3] Direction= 0 | RSI= 37.49999999981052 | SMA2= 9714.130000000001 | SMA3= 9713.983333333335 | Points= 0.1500000000014552 | Strength= 560 | Points2= 0.22999999999956344 | Strength2= 560 | Tick1= 9713.65 Tick2= 9713.88 Tick3= 9714.03 Tick4= 9713.94 Extra= 9713.94 | LossLevel= 0 | LossCount= 0 | Stake= 10 | Regime= 2 | Score= 50 | Reconfirm= 1 | Guard= false | Reason= BLOCK: QUALITY
2026-09-08,10:58:48 GMT,[SCALPER V3] Direction= 0 | RSI= 20.000000000080846 | SMA2= 9714.244999999999 | SMA3= 9714.06 | Points= 0.09000000000014552 | Strength= 560 | Points2= 0.1500000000014552 | Strength2= 560 | Tick1= 9713.88 Tick2= 9714.03 Tick3= 9713.94 Tick4= 9714.3 Extra= 9714.3 | LossLevel= 0 | LossCount= 0 | Stake= 10 | Regime= 3 | Score= 10 | Reconfirm= 1 | Guard= false | Reason= BLOCK: QUALITY
2026-09-08,10:58:48 GMT,[SCALPER V3] Direction= 0 | RSI= 0 | SMA2= 9714.32 | SMA3= 9714.11 | Points= 0.3599999999987631 | Strength= 560 | Points2= 0.09000000000014552 | Strength2= 560 | Tick1= 9714.03 Tick2= 9713.94 Tick3= 9714.3 Tick4= 9714.33 Extra= 9714.33 | LossLevel= 0 | LossCount= 0 | Stake= 10 | Regime= 2 | Score= 40 | Reconfirm= 1 | Guard= false | Reason= BLOCK: QUALITY
2026-09-08,10:58:48 GMT,[SCALPER V3] Direction= 0 | RSI= 0 | SMA2= 9714.275000000001 | SMA3= 9714.080000000002 | Points= 0.030000000000654836 | Strength= 560 | Points2= 0.3599999999987631 | Strength2= 560 | Tick1= 9713.94 Tick2= 9714.3 Tick3= 9714.33 Tick4= 9714.73 Extra= 9714.73 | LossLevel= 0 | LossCount= 0 | Stake= 10 | Regime= 3 | Score= 10 | Reconfirm= 1 | Guard= false | Reason= BLOCK: QUALITY
2026-09-08,10:58:48 GMT,[SCALPER V3] Direction= 0 | RSI= 0 | SMA2= 9714.455 | SMA3= 9714.2 | Points= 0.3999999999996362 | Strength= 560 | Points2= 0.030000000000654836 | Strength2= 560 | Tick1= 9714.3 Tick2= 9714.33 Tick3= 9714.73 Tick4= 9714.87 Extra= 9714.87 | LossLevel= 0 | LossCount= 0 | Stake= 10 | Regime= 2 | Score= 40 | Reconfirm= 1 | Guard= false | Reason= BLOCK: QUALITY
2026-09-08,10:58:48 GMT,[SCALPER V3] Direction= 0 | RSI= 43.99999999991269 | SMA2= 9714.470000000001 | SMA3= 9714.210000000001 | Points= 0.1400000000012369 | Strength= 560 | Points2= 0.3999999999996362 | Strength2= 560 | Tick1= 9714.33 Tick2= 9714.73 Tick3= 9714.87 Tick4= 9714.76 Extra= 9714.76 | LossLevel= 0 | LossCount= 0 | Stake= 10 | Regime= 2 | Score= 50 | Reconfirm= 1 | Guard= false | Reason= BLOCK: QUALITY
2026-09-08,10:58:48 GMT,[SCALPER V3] Direction= 0 | RSI= 100 | SMA2= 9714.67 | SMA3= 9714.343333333334 | Points= 0.11000000000058208 | Strength= 560 | Points2= 0.1400000000012369 | Strength2= 560 | Tick1= 9714.73 Tick2= 9714.87 Tick3= 9714.76 Tick4= 9714.74 Extra= 9714.74 | LossLevel= 0 | LossCount= 0 | Stake= 10 | Regime= 3 | Score= 10 | Reconfirm= 1 | Guard= false | Reason= BLOCK: QUALITY
2026-09-08,10:58:48 GMT,[SCALPER V3] Direction= 2 | RSI= 100 | SMA2= 9714.740000000002 | SMA3= 9714.390000000001 | Points= 0.020000000000436557 | Strength= 560 | Points2= 0.11000000000058208 | Strength2= 560 | Tick1= 9714.87 Tick2= 9714.76 Tick3= 9714.74 Tick4= 9714.47 Extra= 9714.47 | LossLevel= 0 | LossCount= 0 | Stake= 10 | Regime= 3 | Score= 10 | Reconfirm= 1 | Guard= false | Reason= BLOCK: QUALITY
2026-09-08,10:58:48 GMT,[SCALPER V3] Direction= 0 | RSI= 100 | SMA2= 9714.685000000001 | SMA3= 9714.353333333334 | Points= 0.27000000000043656 | Strength= 560 | Points2= 0.020000000000436557 | Strength2= 560 | Tick1= 9714.76 Tick2= 9714.74 Tick3= 9714.47 Tick4= 9714.32 Extra= 9714.32 | LossLevel= 0 | LossCount= 0 | Stake= 10 | Regime= 2 | Score= 40 | Reconfirm= 1 | Guard= false | Reason= BLOCK: QUALITY
2026-09-08,10:58:48 GMT,[SCALPER V3] Direction= 0 | RSI= 100 | SMA2= 9714.675 | SMA3= 9714.346666666666 | Points= 0.1499999999996362 | Strength= 560 | Points2= 0.27000000000043656 | Strength2= 560 | Tick1= 9714.74 Tick2= 9714.47 Tick3= 9714.32 Tick4= 9714.18 Extra= 9714.18 | LossLevel= 0 | LossCount= 0 | Stake= 10 | Regime= 2 | Score= 30 | Reconfirm= 1 | Guard= false | Reason= BLOCK: QUALITY
2026-09-08,10:58:48 GMT,[SCALPER V3] Direction= 0 | RSI= 100 | SMA2= 9714.54 | SMA3= 9714.256666666668 | Points= 0.13999999999941792 | Strength= 560 | Points2= 0.1499999999996362 | Strength2= 560 | Tick1= 9714.47 Tick2= 9714.32 Tick3= 9714.18 Tick4= 9714.11 Extra= 9714.11 | LossLevel= 0 | LossCount= 0 | Stake= 10 | Regime= 2 | Score= 30 | Reconfirm= 1 | Guard= false | Reason= BLOCK: QUALITY
2026-09-08,10:58:48 GMT,[SCALPER V3] Direction= 0 | RSI= 29.166666666571928 | SMA2= 9714.465 | SMA3= 9714.206666666667 | Points= 0.06999999999970896 | Strength= 560 | Points2= 0.13999999999941792 | Strength2= 560 | Tick1= 9714.32 Tick2= 9714.18 Tick3= 9714.11 Tick4= 9714.28 Extra= 9714.28 | LossLevel= 0 | LossCount= 0 | Stake= 10 | Regime= 1 | Score= 50 | Reconfirm= 1 | Guard= false | Reason= BLOCK: QUALITY
2026-09-08,10:58:48 GMT,[SCALPER V3] Direction= 0 | RSI= 39.285714285830295 | SMA2= 9714.395 | SMA3= 9714.160000000002 | Points= 0.17000000000007276 | Strength= 560 | Points2= 0.06999999999970896 | Strength2= 560 | Tick1= 9714.18 Tick2= 9714.11 Tick3= 9714.28 Tick4= 9714.17 Extra= 9714.17 | LossLevel= 0 | LossCount= 0 | Stake= 10 | Regime= 1 | Score= 100 | Reconfirm= 1 | Guard= false | Reason= BLOCK: QUALITY
2026-09-08,10:58:48 GMT,[SCALPER V3] Direction= 0 | RSI= 84.61538461516935 | SMA2= 9714.36 | SMA3= 9714.136666666667 | Points= 0.11000000000058208 | Strength= 560 | Points2= 0.17000000000007276 | Strength2= 560 | Tick1= 9714.11 Tick2= 9714.28 Tick3= 9714.17 Tick4= 9714.19 Extra= 9714.19 | LossLevel= 0 | LossCount= 0 | Stake= 10 | Regime= 3 | Score= 10 | Reconfirm= 1 | Guard= false | Reason= BLOCK: QUALITY
2026-09-08,10:58:48 GMT,[SCALPER V3] Direction= 0 | RSI= 0 | SMA2= 9714.445 | SMA3= 9714.193333333335 | Points= 0.020000000000436557 | Strength= 560 | Points2= 0.11000000000058208 | Strength2= 560 | Tick1= 9714.28 Tick2= 9714.17 Tick3= 9714.19 Tick4= 9714.28 Extra= 9714.28 | LossLevel= 0 | LossCount= 0 | Stake= 10 | Regime= 3 | Score= 10 | Reconfirm= 1 | Guard= false | Reason= BLOCK: QUALITY
2026-09-08,10:58:48 GMT,[SCALPER V3] Direction= 0 | RSI= 0 | SMA2= 9714.39 | SMA3= 9714.156666666668 | Points= 0.09000000000014552 | Strength= 560 | Points2= 0.020000000000436557 | Strength2= 560 | Tick1= 9714.17 Tick2= 9714.19 Tick3= 9714.28 Tick4= 9714.41 Extra= 9714.41 | LossLevel= 0 | LossCount= 0 | Stake= 10 | Regime= 3 | Score= 20 | Reconfirm= 1 | Guard= false | Reason= BLOCK: QUALITY
2026-09-08,10:58:48 GMT,[SCALPER V3] Direction= 0 | RSI= 0 | SMA2= 9714.400000000001 | SMA3= 9714.163333333336 | Points= 0.12999999999919964 | Strength= 560 | Points2= 0.09000000000014552 | Strength2= 560 | Tick1= 9714.19 Tick2= 9714.28 Tick3= 9714.41 Tick4= 9714.9 Extra= 9714.9 | LossLevel= 0 | LossCount= 0 | Stake= 10 | Regime= 2 | Score= 40 | Reconfirm= 1 | Guard= false | Reason= BLOCK: QUALITY
2026-09-08,10:58:48 GMT,[SCALPER V3] Direction= 0 | RSI= 0 | SMA2= 9714.445 | SMA3= 9714.193333333335 | Points= 0.4899999999997817 | Strength= 560 | Points2= 0.12999999999919964 | Strength2= 560 | Tick1= 9714.28 Tick2= 9714.41 Tick3= 9714.9 Tick4= 9714.93 Extra= 9714.93 | LossLevel= 0 | LossCount= 0 | Stake= 10 | Regime= 2 | Score= 40 | Reconfirm= 1 | Guard= false | Reason= BLOCK: QUALITY
2026-09-08,10:58:48 GMT,[SCALPER V3] Direction= 0 | RSI= 87.49999999981053 | SMA2= 9714.51 | SMA3= 9714.236666666668 | Points= 0.030000000000654836 | Strength= 560 | Points2= 0.4899999999997817 | Strength2= 560 | Tick1= 9714.41 Tick2= 9714.9 Tick3= 9714.93 Tick4= 9714.72 Extra= 9714.72 | LossLevel= 0 | LossCount= 0 | Stake= 10 | Regime= 3 | Score= 10 | Reconfirm= 1 | Guard= false | Reason= BLOCK: QUALITY
2026-09-08,10:58:48 GMT,[SCALPER V3] Direction= 0 | RSI= 58.333333333207015 | SMA2= 9714.755000000001 | SMA3= 9714.400000000001 | Points= 0.21000000000094587 | Strength= 560 | Points2= 0.030000000000654836 | Strength2= 560 | Tick1= 9714.9 Tick2= 9714.93 Tick3= 9714.72 Tick4= 9714.87 Extra= 9714.87 | LossLevel= 0 | LossCount= 0 | Stake= 10 | Regime= 1 | Score= 100 | Reconfirm= 1 | Guard= false | Reason= BLOCK: QUALITY
2026-09-08,10:58:48 GMT,[SCALPER V3] Direction= 2 | RSI= 28.57142857167605 | SMA2= 9714.77 | SMA3= 9714.410000000002 | Points= 0.1500000000014552 | Strength= 560 | Points2= 0.21000000000094587 | Strength2= 560 | Tick1= 9714.93 Tick2= 9714.72 Tick3= 9714.87 Tick4= 9714.81 Extra= 9714.81 | LossLevel= 0 | LossCount= 0 | Stake= 10 | Regime= 1 | Score= 70 | Reconfirm= 1 | Guard= false | Reason= BLOCK: QUALITY
2026-09-08,10:58:48 GMT,[SCALPER V3] Direction= 0 | RSI= 100 | SMA2= 9714.665 | SMA3= 9714.340000000002 | Points= 0.06000000000130967 | Strength= 560 | Points2= 0.1500000000014552 | Strength2= 560 | Tick1= 9714.72 Tick2= 9714.87 Tick3= 9714.81 Tick4= 9714.7 Extra= 9714.7 | LossLevel= 0 | LossCount= 0 | Stake= 10 | Regime= 3 | Score= 10 | Reconfirm= 1 | Guard= false | Reason= BLOCK: QUALITY
2026-09-08,10:58:48 GMT,[SCALPER V3] Direction= 2 | RSI= 100 | SMA2= 9714.740000000002 | SMA3= 9714.390000000001 | Points= 0.10999999999876309 | Strength= 560 | Points2= 0.06000000000130967 | Strength2= 560 | Tick1= 9714.87 Tick2= 9714.81 Tick3= 9714.7 Tick4= 9714.37 Extra= 9714.37 | LossLevel= 0 | LossCount= 0 | Stake= 10 | Regime= 3 | Score= 20 | Reconfirm= 1 | Guard= false | Reason= BLOCK: QUALITY
2026-09-08,10:58:48 GMT,[SCALPER V3] Direction= 2 | RSI= 100 | SMA2= 9714.71 | SMA3= 9714.37 | Points= 0.32999999999992724 | Strength= 560 | Points2= 0.10999999999876309 | Strength2= 560 | Tick1= 9714.81 Tick2= 9714.7 Tick3= 9714.37 Tick4= 9714.24 Extra= 9714.24 | LossLevel= 0 | LossCount= 0 | Stake= 10 | Regime= 2 | Score= 40 | Reconfirm= 1 | Guard= false | Reason= BLOCK: QUALITY
2026-09-08,10:58:48 GMT,[SCALPER V3] Direction= 0 | RSI= 46.42857142882664 | SMA2= 9714.655 | SMA3= 9714.333333333334 | Points= 0.13000000000101863 | Strength= 560 | Points2= 0.32999999999992724 | Strength2= 560 | Tick1= 9714.7 Tick2= 9714.37 Tick3= 9714.24 Tick4= 9714.39 Extra= 9714.39 | LossLevel= 0 | LossCount= 0 | Stake= 10 | Regime= 1 | Score= 90 | Reconfirm= 1 | Guard= false | Reason= BLOCK: QUALITY
2026-09-08,10:58:48 GMT,[SCALPER V3] Direction= 0 | RSI= 0 | SMA2= 9714.490000000002 | SMA3= 9714.223333333335 | Points= 0.1499999999996362 | Strength= 560 | Points2= 0.13000000000101863 | Strength2= 560 | Tick1= 9714.37 Tick2= 9714.24 Tick3= 9714.39 Tick4= 9714.39 Extra= 9714.39 | LossLevel= 0 | LossCount= 0 | Stake= 10 | Regime= 2 | Score= 40 | Reconfirm= 1 | Guard= false | Reason= BLOCK: QUALITY
2026-09-08,10:58:48 GMT,[SCALPER V3] Direction= 0 | RSI= 0 | SMA2= 9714.425 | SMA3= 9714.18 | Points= 0 | Strength= 560 | Points2= 0.1499999999996362 | Strength2= 560 | Tick1= 9714.24 Tick2= 9714.39 Tick3= 9714.39 Tick4= 9714.65 Extra= 9714.65 | LossLevel= 0 | LossCount= 0 | Stake= 10 | Regime= 3 | Score= 10 | Reconfirm= 1 | Guard= false | Reason= BLOCK: QUALITY
2026-09-08,10:58:48 GMT,[SCALPER V3] Direction= 0 | RSI= 57.377049180332754 | SMA2= 9714.5 | SMA3= 9714.230000000001 | Points= 0.2600000000002183 | Strength= 560 | Points2= 0 | Strength2= 560 | Tick1= 9714.39 Tick2= 9714.39 Tick3= 9714.65 Tick4= 9714.3 Extra= 9714.3 | LossLevel= 0 | LossCount= 0 | Stake= 10 | Regime= 1 | Score= 100 | Reconfirm= 1 | Guard= false | Reason= BLOCK: QUALITY
2026-09-08,10:58:48 GMT,[SCALPER V3] Direction= 0 | RSI= 97.22222222216608 | SMA2= 9714.5 | SMA3= 9714.230000000001 | Points= 0.3500000000003638 | Strength= 560 | Points2= 0.2600000000002183 | Strength2= 560 | Tick1= 9714.39 Tick2= 9714.65 Tick3= 9714.3 Tick4= 9714.31 Extra= 9714.31 | LossLevel= 0 | LossCount= 0 | Stake= 10 | Regime= 1 | Score= 80 | Reconfirm= 1 | Guard= false | Reason= BLOCK: QUALITY
2026-09-08,10:58:48 GMT,[SCALPER V3] Direction= 0 | RSI= 66.66666666464556 | SMA2= 9714.630000000001 | SMA3= 9714.316666666668 | Points= 0.010000000000218279 | Strength= 560 | Points2= 0.3500000000003638 | Strength2= 560 | Tick1= 9714.65 Tick2= 9714.3 Tick3= 9714.31 Tick4= 9714.29 Extra= 9714.29 | LossLevel= 0 | LossCount= 0 | Stake= 10 | Regime= 1 | Score= 70 | Reconfirm= 1 | Guard= false | Reason= BLOCK: QUALITY
2026-09-08,10:58:48 GMT,[SCALPER V3] Direction= 0 | RSI= 14.285714284971846 | SMA2= 9714.455 | SMA3= 9714.2 | Points= 0.019999999998617568 | Strength= 560 | Points2= 0.010000000000218279 | Strength2= 560 | Tick1= 9714.3 Tick2= 9714.31 Tick3= 9714.29 Tick4= 9714.41 Extra= 9714.41 | LossLevel= 0 | LossCount= 0 | Stake= 10 | Regime= 3 | Score= 20 | Reconfirm= 1 | Guard= false | Reason= BLOCK: QUALITY
2026-09-08,10:58:48 GMT,[SCALPER V3] Direction= 0 | RSI= 0 | SMA2= 9714.46 | SMA3= 9714.203333333333 | Points= 0.11999999999898137 | Strength= 560 | Points2= 0.019999999998617568 | Strength2= 560 | Tick1= 9714.31 Tick2= 9714.29 Tick3= 9714.41 Tick4= 9714.48 Extra= 9714.48 | LossLevel= 0 | LossCount= 0 | Stake= 10 | Regime= 3 | Score= 20 | Reconfirm= 1 | Guard= false | Reason= BLOCK: QUALITY
2026-09-08,10:58:48 GMT,[SCALPER V3] Direction= 0 | RSI= 58.82352941195353 | SMA2= 9714.45 | SMA3= 9714.196666666669 | Points= 0.06999999999970896 | Strength= 560 | Points2= 0.11999999999898137 | Strength2= 560 | Tick1= 9714.29 Tick2= 9714.41 Tick3= 9714.48 Tick4= 9714.38 Extra= 9714.38 | LossLevel= 0 | LossCount= 0 | Stake= 10 | Regime= 2 | Score= 30 | Reconfirm= 1 | Guard= false | Reason= BLOCK: QUALITY
2026-09-08,10:58:48 GMT,[SCALPER V3] Direction= 0 | RSI= 30.303030302980204 | SMA2= 9714.51 | SMA3= 9714.236666666668 | Points= 0.1000000000003638 | Strength= 560 | Points2= 0.06999999999970896 | Strength2= 560 | Tick1= 9714.41 Tick2= 9714.48 Tick3= 9714.38 Tick4= 9714.61 Extra= 9714.61 | LossLevel= 0 | LossCount= 0 | Stake= 10 | Regime= 2 | Score= 40 | Reconfirm= 1 | Guard= false | Reason= BLOCK: QUALITY
2026-09-08,10:58:48 GMT,[SCALPER V3] Direction= 0 | RSI= 0 | SMA2= 9714.545 | SMA3= 9714.26 | Points= 0.23000000000138243 | Strength= 560 | Points2= 0.1000000000003638 | Strength2= 560 | Tick1= 9714.48 Tick2= 9714.38 Tick3= 9714.61 Tick4= 9714.73 Extra= 9714.73 | LossLevel= 0 | LossCount= 0 | Stake= 10 | Regime= 2 | Score= 40 | Reconfirm= 1 | Guard= false | Reason= BLOCK: QUALITY
2026-09-08,10:58:48 GMT,[SCALPER V3] Direction= 0 | RSI= 0 | SMA2= 9714.494999999999 | SMA3= 9714.226666666667 | Points= 0.11999999999898137 | Strength= 560 | Points2= 0.23000000000138243 | Strength2= 560 | Tick1= 9714.38 Tick2= 9714.61 Tick3= 9714.73 Tick4= 9714.74 Extra= 9714.74 | LossLevel= 0 | LossCount= 0 | Stake= 10 | Regime= 3 | Score= 10 | Reconfirm= 1 | Guard= false | Reason= BLOCK: QUALITY
2026-09-08,10:58:48 GMT,[SCALPER V3] Direction= 0 | RSI= 50 | SMA2= 9714.150000000001 | SMA3= 9714.096666666666 | Points= 0.010000000000218279 | Strength= 560 | Points2= 0.11999999999898137 | Strength2= 560 | Tick1= 9714.61 Tick2= 9714.73 Tick3= 9714.74 Tick4= 9714.73 Extra= 9714.73 | LossLevel= 0 | LossCount= 0 | Stake= 10 | Regime= 2 | Score= 30 | Reconfirm= 1 | Guard= false | Reason= BLOCK: QUALITY
2026-09-08,10:58:48 GMT,[SCALPER V3] Direction= 0 | RSI= 9.09090909105943 | SMA2= 9714.21 | SMA3= 9714.136666666667 | Points= 0.010000000000218279 | Strength= 560 | Points2= 0.010000000000218279 | Strength2= 560 | Tick1= 9714.73 Tick2= 9714.74 Tick3= 9714.73 Tick4= 9714.83 Extra= 9714.83 | LossLevel= 0 | LossCount= 0 | Stake= 10 | Regime= 3 | Score= 10 | Reconfirm= 1 | Guard= false | Reason= BLOCK: QUALITY
2026-09-08,10:58:48 GMT,[SCALPER V3] Direction= 0 | RSI= 54.545454545529715 | SMA2= 9714.215 | SMA3= 9714.14 | Points= 0.1000000000003638 | Strength= 560 | Points2= 0.010000000000218279 | Strength2= 560 | Tick1= 9714.74 Tick2= 9714.73 Tick3= 9714.83 Tick4= 9714.71 Extra= 9714.71 | LossLevel= 0 | LossCount= 0 | Stake= 10 | Regime= 1 | Score= 80 | Reconfirm= 1 | Guard= false | Reason= BLOCK: QUALITY
2026-09-08,10:58:48 GMT,[SCALPER V3] Direction= 0 | RSI= 70.58823529380294 | SMA2= 9714.21 | SMA3= 9714.136666666667 | Points= 0.12000000000080036 | Strength= 560 | Points2= 0.1000000000003638 | Strength2= 560 | Tick1= 9714.73 Tick2= 9714.83 Tick3= 9714.71 Tick4= 9714.76 Extra= 9714.76 | LossLevel= 0 | LossCount= 0 | Stake= 10 | Regime= 2 | Score= 40 | Reconfirm= 1 | Guard= false | Reason= BLOCK: QUALITY
2026-09-08,10:58:48 GMT,[SCALPER V3] Direction= 0 | RSI= 0 | SMA2= 9714.26 | SMA3= 9714.17 | Points= 0.050000000001091394 | Strength= 560 | Points2= 0.12000000000080036 | Strength2= 560 | Tick1= 9714.83 Tick2= 9714.71 Tick3= 9714.76 Tick4= 9714.85 Extra= 9714.85 | LossLevel= 0 | LossCount= 0 | Stake= 10 | Regime= 3 | Score= 10 | Reconfirm= 1 | Guard= false | Reason= BLOCK: QUALITY
2026-09-08,10:58:48 GMT,[SCALPER V3] Direction= 0 | RSI= 0 | SMA2= 9714.2 | SMA3= 9714.13 | Points= 0.09000000000014552 | Strength= 560 | Points2= 0.050000000001091394 | Strength2= 560 | Tick1= 9714.71 Tick2= 9714.76 Tick3= 9714.85 Tick4= 9714.95 Extra= 9714.95 | LossLevel= 0 | LossCount= 0 | Stake= 10 | Regime= 3 | Score= 20 | Reconfirm= 1 | Guard= false | Reason= BLOCK: QUALITY
2026-09-08,10:58:48 GMT,[SCALPER V3] Direction= 0 | RSI= 62.96296296288811 | SMA2= 9714.225 | SMA3= 9714.146666666667 | Points= 0.1000000000003638 | Strength= 560 | Points2= 0.09000000000014552 | Strength2= 560 | Tick1= 9714.76 Tick2= 9714.85 Tick3= 9714.95 Tick4= 9714.78 Extra= 9714.78 | LossLevel= 0 | LossCount= 0 | Stake= 10 | Regime= 2 | Score= 40 | Reconfirm= 1 | Guard= false | Reason= BLOCK: QUALITY
2026-09-08,10:58:48 GMT,[SCALPER V3] Direction= 0 | RSI= 54.83870967753292 | SMA2= 9714.27 | SMA3= 9714.176666666666 | Points= 0.17000000000007276 | Strength= 560 | Points2= 0.1000000000003638 | Strength2= 560 | Tick1= 9714.85 Tick2= 9714.95 Tick3= 9714.78 Tick4= 9714.92 Extra= 9714.92 | LossLevel= 0 | LossCount= 0 | Stake= 10 | Regime= 2 | Score= 60 | Reconfirm= 1 | Guard= false | Reason= BLOCK: QUALITY
2026-09-08,10:58:48 GMT,[SCALPER V3] Direction= 2 | RSI= 33.33333333333333 | SMA2= 9714.32 | SMA3= 9714.210000000001 | Points= 0.13999999999941792 | Strength= 560 | Points2= 0.17000000000007276 | Strength2= 560 | Tick1= 9714.95 Tick2= 9714.78 Tick3= 9714.92 Tick4= 9714.85 Extra= 9714.85 | LossLevel= 0 | LossCount= 0 | Stake= 10 | Regime= 1 | Score= 90 | Reconfirm= 1 | Guard= false | Reason= BLOCK: QUALITY
2026-09-08,10:58:48 GMT,[SCALPER V3] Direction= 0 | RSI= 100 | SMA2= 9714.235 | SMA3= 9714.153333333334 | Points= 0.06999999999970896 | Strength= 560 | Points2= 0.13999999999941792 | Strength2= 560 | Tick1= 9714.78 Tick2= 9714.92 Tick3= 9714.85 Tick4= 9714.77 Extra= 9714.77 | LossLevel= 0 | LossCount= 0 | Stake= 10 | Regime= 3 | Score= 10 | Reconfirm= 1 | Guard= false | Reason= BLOCK: QUALITY
2026-09-08,10:58:48 GMT,[SCALPER V3] Direction= 0 | RSI= 100 | SMA2= 9714.305 | SMA3= 9714.199999999999 | Points= 0.07999999999992724 | Strength= 560 | Points2= 0.06999999999970896 | Strength2= 560 | Tick1= 9714.92 Tick2= 9714.85 Tick3= 9714.77 Tick4= 9714.67 Extra= 9714.67 | LossLevel= 0 | LossCount= 0 | Stake= 10 | Regime= 3 | Score= 20 | Reconfirm= 1 | Guard= false | Reason= BLOCK: QUALITY
2026-09-08,10:58:48 GMT,[SCALPER V3] Direction= 0 | RSI= 43.478260869805915 | SMA2= 9714.27 | SMA3= 9714.176666666666 | Points= 0.1000000000003638 | Strength= 560 | Points2= 0.07999999999992724 | Strength2= 560 | Tick1= 9714.85 Tick2= 9714.77 Tick3= 9714.67 Tick4= 9714.8 Extra= 9714.8 | LossLevel= 0 | LossCount= 0 | Stake= 10 | Regime= 1 | Score= 80 | Reconfirm= 1 | Guard= false | Reason= BLOCK: QUALITY
2026-09-08,10:58:48 GMT,[SCALPER V3] Direction= 0 | RSI= 0 | SMA2= 9714.23 | SMA3= 9714.15 | Points= 0.12999999999919964 | Strength= 560 | Points2= 0.1000000000003638 | Strength2= 560 | Tick1= 9714.77 Tick2= 9714.67 Tick3= 9714.8 Tick4= 9714.8 Extra= 9714.8 | LossLevel= 0 | LossCount= 0 | Stake= 10 | Regime= 2 | Score= 40 | Reconfirm= 1 | Guard= false | Reason= BLOCK: QUALITY
2026-09-08,10:58:48 GMT,[SCALPER V3] Direction= 0 | RSI= 100 | SMA2= 9714.18 | SMA3= 9714.116666666667 | Points= 0 | Strength= 560 | Points2= 0.12999999999919964 | Strength2= 560 | Tick1= 9714.67 Tick2= 9714.8 Tick3= 9714.8 Tick4= 9714.72 Extra= 9714.72 | LossLevel= 0 | LossCount= 0 | Stake= 10 | Regime= 3 | Score= 10 | Reconfirm= 1 | Guard= false | Reason= BLOCK: QUALITY
2026-09-08,10:58:48 GMT,[SCALPER V3] Direction= 0 | RSI= 44.44444444433216 | SMA2= 9714.244999999999 | SMA3= 9714.16 | Points= 0.07999999999992724 | Strength= 560 | Points2= 0 | Strength2= 560 | Tick1= 9714.8 Tick2= 9714.8 Tick3= 9714.72 Tick4= 9714.82 Extra= 9714.82 | LossLevel= 0 | LossCount= 0 | Stake= 10 | Regime= 2 | Score= 40 | Reconfirm= 1 | Guard= false | Reason= BLOCK: QUALITY
2026-09-08,10:58:48 GMT,[SCALPER V3] Direction= 0 | RSI= 0 | SMA2= 9714.244999999999 | SMA3= 9714.16 | Points= 0.1000000000003638 | Strength= 560 | Points2= 0.07999999999992724 | Strength2= 560 | Tick1= 9714.8 Tick2= 9714.72 Tick3= 9714.82 Tick4= 9714.9 Extra= 9714.9 | LossLevel= 0 | LossCount= 0 | Stake= 10 | Regime= 3 | Score= 20 | Reconfirm= 1 | Guard= false | Reason= BLOCK: QUALITY
2026-09-08,10:58:48 GMT,[SCALPER V3] Direction= 0 | RSI= 0 | SMA2= 9714.205 | SMA3= 9714.133333333333 | Points= 0.07999999999992724 | Strength= 560 | Points2= 0.1000000000003638 | Strength2= 560 | Tick1= 9714.72 Tick2= 9714.82 Tick3= 9714.9 Tick4= 9714.91 Extra= 9714.91 | LossLevel= 0 | LossCount= 0 | Stake= 10 | Regime= 3 | Score= 10 | Reconfirm= 1 | Guard= false | Reason= BLOCK: QUALITY
2026-09-08,10:58:48 GMT,[SCALPER V3] Direction= 0 | RSI= 96.87499999992895 | SMA2= 9714.255000000001 | SMA3= 9714.166666666666 | Points= 0.010000000000218279 | Strength= 560 | Points2= 0.07999999999992724 | Strength2= 560 | Tick1= 9714.82 Tick2= 9714.9 Tick3= 9714.91 Tick4= 9714.6 Extra= 9714.6 | LossLevel= 0 | LossCount= 0 | Stake= 10 | Regime= 3 | Score= 10 | Reconfirm= 1 | Guard= false | Reason= BLOCK: QUALITY
2026-09-08,10:58:48 GMT,[SCALPER V3] Direction= 0 | RSI= 52.542372881418636 | SMA2= 9714.295 | SMA3= 9714.193333333335 | Points= 0.3099999999994907 | Strength= 560 | Points2= 0.010000000000218279 | Strength2= 560 | Tick1= 9714.9 Tick2= 9714.91 Tick3= 9714.6 Tick4= 9714.88 Extra= 9714.88 | LossLevel= 0 | LossCount= 0 | Stake= 10 | Regime= 1 | Score= 100 | Reconfirm= 1 | Guard= false | Reason= BLOCK: QUALITY
2026-09-08,10:58:48 GMT,[SCALPER V3] Direction= 0 | RSI= 6.666666666262444 | SMA2= 9714.3 | SMA3= 9714.196666666667 | Points= 0.27999999999883585 | Strength= 560 | Points2= 0.3099999999994907 | Strength2= 560 | Tick1= 9714.91 Tick2= 9714.6 Tick3= 9714.88 Tick4= 9714.86 Extra= 9714.86 | LossLevel= 0 | LossCount= 0 | Stake= 10 | Regime= 1 | Score= 70 | Reconfirm= 1 | Guard= false | Reason= BLOCK: QUALITY
2026-09-08,10:58:48 GMT,[SCALPER V3] Direction= 0 | RSI= 100 | SMA2= 9714.145 | SMA3= 9714.093333333332 | Points= 0.019999999998617568 | Strength= 560 | Points2= 0.27999999999883585 | Strength2= 560 | Tick1= 9714.6 Tick2= 9714.88 Tick3= 9714.86 Tick4= 9714.59 Extra= 9714.59 | LossLevel= 0 | LossCount= 0 | Stake= 10 | Regime= 3 | Score= 10 | Reconfirm= 1 | Guard= false | Reason= BLOCK: QUALITY
2026-09-08,10:58:48 GMT,[SCALPER V3] Direction= 0 | RSI= 62.79069767447763 | SMA2= 9714.285 | SMA3= 9714.186666666666 | Points= 0.27000000000043656 | Strength= 560 | Points2= 0.019999999998617568 | Strength2= 560 | Tick1= 9714.88 Tick2= 9714.86 Tick3= 9714.59 Tick4= 9714.75 Extra= 9714.75 | LossLevel= 0 | LossCount= 0 | Stake= 10 | Regime= 1 | Score= 100 | Reconfirm= 1 | Guard= false | Reason= BLOCK: QUALITY
2026-09-08,10:58:48 GMT,[SCALPER V3] Direction= 2 | RSI= 36.00000000005821 | SMA2= 9714.275000000001 | SMA3= 9714.18 | Points= 0.15999999999985448 | Strength= 560 | Points2= 0.27000000000043656 | Strength2= 560 | Tick1= 9714.86 Tick2= 9714.59 Tick3= 9714.75 Tick4= 9714.66 Extra= 9714.66 | LossLevel= 0 | LossCount= 0 | Stake= 10 | Regime= 1 | Score= 90 | Reconfirm= 1 | Guard= false | Reason= BLOCK: QUALITY
2026-09-08,10:58:48 GMT,[SCALPER V3] Direction= 0 | RSI= 100 | SMA2= 9714.14 | SMA3= 9714.09 | Points= 0.09000000000014552 | Strength= 560 | Points2= 0.15999999999985448 | Strength2= 560 | Tick1= 9714.59 Tick2= 9714.75 Tick3= 9714.66 Tick4= 9714.53 Extra= 9714.53 | LossLevel= 0 | LossCount= 0 | Stake= 10 | Regime= 3 | Score= 10 | Reconfirm= 1 | Guard= false | Reason= BLOCK: QUALITY
2026-09-08,10:58:48 GMT,[SCALPER V3] Direction= 2 | RSI= 100 | SMA2= 9714.220000000001 | SMA3= 9714.143333333333 | Points= 0.12999999999919964 | Strength= 560 | Points2= 0.09000000000014552 | Strength2= 560 | Tick1= 9714.75 Tick2= 9714.66 Tick3= 9714.53 Tick4= 9714.25 Extra= 9714.25 | LossLevel= 0 | LossCount= 0 | Stake= 10 | Regime= 2 | Score= 40 | Reconfirm= 1 | Guard= false | Reason= BLOCK: QUALITY
2026-09-08,10:58:48 GMT,[SCALPER V3] Direction= 2 | RSI= 100 | SMA2= 9714.175 | SMA3= 9714.113333333333 | Points= 0.28000000000065484 | Strength= 560 | Points2= 0.12999999999919964 | Strength2= 560 | Tick1= 9714.66 Tick2= 9714.53 Tick3= 9714.25 Tick4= 9714.17 Extra= 9714.17 | LossLevel= 0 | LossCount= 0 | Stake= 10 | Regime= 2 | Score= 40 | Reconfirm= 1 | Guard= false | Reason= BLOCK: QUALITY
2026-09-08,10:58:48 GMT,[SCALPER V3] Direction= 2 | RSI= 72.72727272682174 | SMA2= 9714.11 | SMA3= 9714.07 | Points= 0.07999999999992724 | Strength= 560 | Points2= 0.28000000000065484 | Strength2= 560 | Tick1= 9714.53 Tick2= 9714.25 Tick3= 9714.17 Tick4= 9714.2 Extra= 9714.2 | LossLevel= 0 | LossCount= 0 | Stake= 10 | Regime= 1 | Score= 50 | Reconfirm= 1 | Guard= false | Reason= BLOCK: QUALITY
2026-09-08,10:58:48 GMT,[SCALPER V3] Direction= 0 | RSI= 50 | SMA2= 9713.970000000001 | SMA3= 9713.976666666667 | Points= 0.030000000000654836 | Strength= 560 | Points2= 0.07999999999992724 | Strength2= 560 | Tick1= 9714.25 Tick2= 9714.17 Tick3= 9714.2 Tick4= 9714.17 Extra= 9714.17 | LossLevel= 0 | LossCount= 0 | Stake= 10 | Regime= 2 | Score= 30 | Reconfirm= 1 | Guard= false | Reason= BLOCK: QUALITY
2026-09-08,10:58:48 GMT,[SCALPER V3] Direction= 0 | RSI= 100 | SMA2= 9713.93 | SMA3= 9713.949999999999 | Points= 0.030000000000654836 | Strength= 560 | Points2= 0.030000000000654836 | Strength2= 560 | Tick1= 9714.17 Tick2= 9714.2 Tick3= 9714.17 Tick4= 9713.92 Extra= 9713.92 | LossLevel= 0 | LossCount= 0 | Stake= 10 | Regime= 3 | Score= 10 | Reconfirm= 1 | Guard= false | Reason= BLOCK: QUALITY
2026-09-08,10:58:48 GMT,[SCALPER V3] Direction= 0 | RSI= 51.020408163288025 | SMA2= 9713.945 | SMA3= 9713.960000000001 | Points= 0.25 | Strength= 560 | Points2= 0.030000000000654836 | Strength2= 560 | Tick1= 9714.2 Tick2= 9714.17 Tick3= 9713.92 Tick4= 9714.16 Extra= 9714.16 | LossLevel= 0 | LossCount= 0 | Stake= 10 | Regime= 2 | Score= 60 | Reconfirm= 1 | Guard= false | Reason= BLOCK: QUALITY
2026-09-08,10:58:48 GMT,[SCALPER V3] Direction= 0 | RSI= 0 | SMA2= 9713.93 | SMA3= 9713.949999999999 | Points= 0.23999999999978172 | Strength= 560 | Points2= 0.25 | Strength2= 560 | Tick1= 9714.17 Tick2= 9713.92 Tick3= 9714.16 Tick4= 9714.23 Extra= 9714.23 | LossLevel= 0 | LossCount= 0 | Stake= 10 | Regime= 2 | Score= 30 | Reconfirm= 1 | Guard= false | Reason= BLOCK: QUALITY
2026-09-08,10:58:48 GMT,[SCALPER V3] Direction= 0 | RSI= 0 | SMA2= 9713.805 | SMA3= 9713.866666666667 | Points= 0.06999999999970896 | Strength= 560 | Points2= 0.23999999999978172 | Strength2= 560 | Tick1= 9713.92 Tick2= 9714.16 Tick3= 9714.23 Tick4= 9714.45 Extra= 9714.45 | LossLevel= 0 | LossCount= 0 | Stake= 10 | Regime= 3 | Score= 10 | Reconfirm= 1 | Guard= false | Reason= BLOCK: QUALITY
2026-09-08,10:58:48 GMT,[SCALPER V3] Direction= 0 | RSI= 53.191489361570376 | SMA2= 9713.925 | SMA3= 9713.946666666667 | Points= 0.22000000000116415 | Strength= 560 | Points2= 0.06999999999970896 | Strength2= 560 | Tick1= 9714.16 Tick2= 9714.23 Tick3= 9714.45 Tick4= 9714.2 Extra= 9714.2 | LossLevel= 0 | LossCount= 0 | Stake= 10 | Regime= 1 | Score= 100 | Reconfirm= 1 | Guard= false | Reason= BLOCK: QUALITY
2026-09-08,10:58:48 GMT,[SCALPER V3] Direction= 0 | RSI= 54.34782608705968 | SMA2= 9713.96 | SMA3= 9713.97 | Points= 0.25 | Strength= 560 | Points2= 0.22000000000116415 | Strength2= 560 | Tick1= 9714.23 Tick2= 9714.45 Tick3= 9714.2 Tick4= 9714.41 Extra= 9714.41 | LossLevel= 0 | LossCount= 0 | Stake= 10 | Regime= 1 | Score= 100 | Reconfirm= 1 | Guard= false | Reason= BLOCK: QUALITY
2026-09-08,10:58:48 GMT,[SCALPER V3] Direction= 0 | RSI= 43.243243243322965 | SMA2= 9714.07 | SMA3= 9714.043333333333 | Points= 0.20999999999912689 | Strength= 560 | Points2= 0.25 | Strength2= 560 | Tick1= 9714.45 Tick2= 9714.2 Tick3= 9714.41 Tick4= 9714.25 Extra= 9714.25 | LossLevel= 0 | LossCount= 0 | Stake= 10 | Regime= 1 | Score= 90 | Reconfirm= 1 | Guard= false | Reason= BLOCK: QUALITY
2026-09-08,10:58:48 GMT,[SCALPER V3] Direction= 0 | RSI= 61.53846153835391 | SMA2= 9713.945 | SMA3= 9713.960000000001 | Points= 0.15999999999985448 | Strength= 560 | Points2= 0.20999999999912689 | Strength2= 560 | Tick1= 9714.2 Tick2= 9714.41 Tick3= 9714.25 Tick4= 9714.35 Extra= 9714.35 | LossLevel= 0 | LossCount= 0 | Stake= 10 | Regime= 1 | Score= 90 | Reconfirm= 1 | Guard= false | Reason= BLOCK: QUALITY
2026-09-08,10:58:48 GMT,[SCALPER V3] Direction= 0 | RSI= 41.17647058804647 | SMA2= 9714.05 | SMA3= 9714.03 | Points= 0.1000000000003638 | Strength= 560 | Points2= 0.15999999999985448 | Strength2= 560 | Tick1= 9714.41 Tick2= 9714.25 Tick3= 9714.35 Tick4= 9714.28 Extra= 9714.28 | LossLevel= 0 | LossCount= 0 | Stake= 10 | Regime= 1 | Score= 70 | Reconfirm= 1 | Guard= false | Reason= BLOCK: QUALITY
2026-09-08,10:58:48 GMT,[SCALPER V3] Direction= 0 | RSI= 100 | SMA2= 9713.970000000001 | SMA3= 9713.976666666667 | Points= 0.06999999999970896 | Strength= 560 | Points2= 0.1000000000003638 | Strength2= 560 | Tick1= 9714.25 Tick2= 9714.35 Tick3= 9714.28 Tick4= 9714.18 Extra= 9714.18 | LossLevel= 0 | LossCount= 0 | Stake= 10 | Regime= 3 | Score= 10 | Reconfirm= 1 | Guard= false | Reason= BLOCK: QUALITY
2026-09-08,10:58:48 GMT,[SCALPER V3] Direction= 0 | RSI= 100 | SMA2= 9714.02 | SMA3= 9714.01 | Points= 0.1000000000003638 | Strength= 560 | Points2= 0.06999999999970896 | Strength2= 560 | Tick1= 9714.35 Tick2= 9714.28 Tick3= 9714.18 Tick4= 9713.95 Extra= 9713.95 | LossLevel= 0 | LossCount= 0 | Stake= 10 | Regime= 3 | Score= 20 | Reconfirm= 1 | Guard= false | Reason= BLOCK: QUALITY
2026-09-08,10:58:48 GMT,[SCALPER V3] Direction= 0 | RSI= 71.87499999992895 | SMA2= 9713.985 | SMA3= 9713.986666666666 | Points= 0.22999999999956344 | Strength= 560 | Points2= 0.1000000000003638 | Strength2= 560 | Tick1= 9714.28 Tick2= 9714.18 Tick3= 9713.95 Tick4= 9714.04 Extra= 9714.04 | LossLevel= 0 | LossCount= 0 | Stake= 10 | Regime= 2 | Score= 40 | Reconfirm= 1 | Guard= false | Reason= BLOCK: QUALITY
2026-09-08,10:58:48 GMT,[SCALPER V3] Direction= 0 | RSI= 0 | SMA2= 9713.935000000001 | SMA3= 9713.953333333333 | Points= 0.09000000000014552 | Strength= 560 | Points2= 0.22999999999956344 | Strength2= 560 | Tick1= 9714.18 Tick2= 9713.95 Tick3= 9714.04 Tick4= 9714.33 Extra= 9714.33 | LossLevel= 0 | LossCount= 0 | Stake= 10 | Regime= 3 | Score= 10 | Reconfirm= 1 | Guard= false | Reason= BLOCK: QUALITY
2026-09-08,10:58:48 GMT,[SCALPER V3] Direction= 0 | RSI= 38.29787234054082 | SMA2= 9713.82 | SMA3= 9713.876666666667 | Points= 0.2899999999990541 | Strength= 560 | Points2= 0.09000000000014552 | Strength2= 560 | Tick1= 9713.95 Tick2= 9714.04 Tick3= 9714.33 Tick4= 9714.15 Extra= 9714.15 | LossLevel= 0 | LossCount= 0 | Stake= 10 | Regime= 1 | Score= 100 | Reconfirm= 1 | Guard= false | Reason= BLOCK: QUALITY
2026-09-08,10:58:48 GMT,[SCALPER V3] Direction= 0 | RSI= 100 | SMA2= 9713.865000000002 | SMA3= 9713.906666666668 | Points= 0.18000000000029104 | Strength= 560 | Points2= 0.2899999999990541 | Strength2= 560 | Tick1= 9714.04 Tick2= 9714.33 Tick3= 9714.15 Tick4= 9713.85 Extra= 9713.85 | LossLevel= 0 | LossCount= 0 | Stake= 10 | Regime= 2 | Score= 30 | Reconfirm= 1 | Guard= false | Reason= BLOCK: QUALITY
2026-09-08,10:58:48 GMT,[SCALPER V3] Direction= 2 | RSI= 100 | SMA2= 9714.01 | SMA3= 9714.003333333334 | Points= 0.2999999999992724 | Strength= 560 | Points2= 0.18000000000029104 | Strength2= 560 | Tick1= 9714.33 Tick2= 9714.15 Tick3= 9713.85 Tick4= 9713.84 Extra= 9713.84 | LossLevel= 0 | LossCount= 0 | Stake= 10 | Regime= 2 | Score= 40 | Reconfirm= 1 | Guard= false | Reason= BLOCK: QUALITY
2026-09-08,10:58:48 GMT,[SCALPER V3] Direction= 0 | RSI= 100 | SMA2= 9713.92 | SMA3= 9713.943333333335 | Points= 0.010000000000218279 | Strength= 560 | Points2= 0.2999999999992724 | Strength2= 560 | Tick1= 9714.15 Tick2= 9713.85 Tick3= 9713.84 Tick4= 9713.7 Extra= 9713.7 | LossLevel= 0 | LossCount= 0 | Stake= 10 | Regime= 3 | Score= 10 | Reconfirm= 1 | Guard= false | Reason= BLOCK: QUALITY
2026-09-08,10:58:48 GMT,[SCALPER V3] Direction= 0 | RSI= 100 | SMA2= 9713.77 | SMA3= 9713.843333333332 | Points= 0.13999999999941792 | Strength= 560 | Points2= 0.010000000000218279 | Strength2= 560 | Tick1= 9713.85 Tick2= 9713.84 Tick3= 9713.7 Tick4= 9713.69 Extra= 9713.69 | LossLevel= 0 | LossCount= 0 | Stake= 10 | Regime= 2 | Score= 40 | Reconfirm= 1 | Guard= false | Reason= BLOCK: QUALITY
2026-09-08,10:58:48 GMT,[SCALPER V3] Direction= 0 | RSI= 100 | SMA2= 9713.765 | SMA3= 9713.84 | Points= 0.010000000000218279 | Strength= 560 | Points2= 0.13999999999941792 | Strength2= 560 | Tick1= 9713.84 Tick2= 9713.7 Tick3= 9713.69 Tick4= 9713.65 Extra= 9713.65 | LossLevel= 0 | LossCount= 0 | Stake= 10 | Regime= 3 | Score= 10 | Reconfirm= 1 | Guard= false | Reason= BLOCK: QUALITY
2026-09-08,10:58:48 GMT,[SCALPER V3] Direction= 0 | RSI= 100 | SMA2= 9713.695 | SMA3= 9713.793333333333 | Points= 0.040000000000873115 | Strength= 560 | Points2= 0.010000000000218279 | Strength2= 560 | Tick1= 9713.7 Tick2= 9713.69 Tick3= 9713.65 Tick4= 9713.44 Extra= 9713.44 | LossLevel= 0 | LossCount= 0 | Stake= 10 | Regime= 3 | Score= 20 | Reconfirm= 1 | Guard= false | Reason= BLOCK: QUALITY
2026-09-08,10:58:48 GMT,[SCALPER V3] Direction= 0 | RSI= 100 | SMA2= 9713.69 | SMA3= 9713.79 | Points= 0.20999999999912689 | Strength= 560 | Points2= 0.040000000000873115 | Strength2= 560 | Tick1= 9713.69 Tick2= 9713.65 Tick3= 9713.44 Tick4= 9713.4 Extra= 9713.4 | LossLevel= 0 | LossCount= 0 | Stake= 10 | Regime= 2 | Score= 40 | Reconfirm= 1 | Guard= false | Reason= BLOCK: QUALITY
2026-09-08,10:58:48 GMT,[SCALPER V3] Direction= 0 | RSI= 7.017543859783487 | SMA2= 9713.67 | SMA3= 9713.776666666667 | Points= 0.040000000000873115 | Strength= 560 | Points2= 0.20999999999912689 | Strength2= 560 | Tick1= 9713.65 Tick2= 9713.44 Tick3= 9713.4 Tick4= 9713.93 Extra= 9713.93 | LossLevel= 0 | LossCount= 0 | Stake= 10 | Regime= 3 | Score= 10 | Reconfirm= 1 | Guard= false | Reason= BLOCK: QUALITY
2026-09-08,10:58:48 GMT,[SCALPER V3] Direction= 0 | RSI= 0 | SMA2= 9713.565 | SMA3= 9713.706666666667 | Points= 0.5300000000006548 | Strength= 560 | Points2= 0.040000000000873115 | Strength2= 560 | Tick1= 9713.44 Tick2= 9713.4 Tick3= 9713.93 Tick4= 9713.93 Extra= 9713.93 | LossLevel= 0 | LossCount= 0 | Stake= 10 | Regime= 2 | Score= 40 | Reconfirm= 1 | Guard= false | Reason= BLOCK: QUALITY
2026-09-08,10:58:48 GMT,[SCALPER V3] Direction= 0 | RSI= 100 | SMA2= 9713.545 | SMA3= 9713.693333333335 | Points= 0 | Strength= 560 | Points2= 0.5300000000006548 | Strength2= 560 | Tick1= 9713.4 Tick2= 9713.93 Tick3= 9713.93 Tick4= 9713.88 Extra= 9713.88 | LossLevel= 0 | LossCount= 0 | Stake= 10 | Regime= 3 | Score= 10 | Reconfirm= 1 | Guard= false | Reason= BLOCK: QUALITY
2026-09-08,10:58:48 GMT,[SCALPER V3] Direction= 0 | RSI= 100 | SMA2= 9713.810000000001 | SMA3= 9713.87 | Points= 0.050000000001091394 | Strength= 560 | Points2= 0 | Strength2= 560 | Tick1= 9713.93 Tick2= 9713.93 Tick3= 9713.88 Tick4= 9713.69 Extra= 9713.69 | LossLevel= 0 | LossCount= 0 | Stake= 10 | Regime= 3 | Score= 20 | Reconfirm= 1 | Guard= false | Reason= BLOCK: QUALITY
2026-09-08,10:58:48 GMT,[SCALPER V3] Direction= 0 | RSI= 100 | SMA2= 9713.810000000001 | SMA3= 9713.87 | Points= 0.18999999999869033 | Strength= 560 | Points2= 0.050000000001091394 | Strength2= 560 | Tick1= 9713.93 Tick2= 9713.88 Tick3= 9713.69 Tick4= 9713.66 Extra= 9713.66 | LossLevel= 0 | LossCount= 0 | Stake= 10 | Regime= 2 | Score= 40 | Reconfirm= 1 | Guard= false | Reason= BLOCK: QUALITY
2026-09-08,10:58:48 GMT,[SCALPER V3] Direction= 0 | RSI= 100 | SMA2= 9713.785 | SMA3= 9713.853333333333 | Points= 0.030000000000654836 | Strength= 560 | Points2= 0.18999999999869033 | Strength2= 560 | Tick1= 9713.88 Tick2= 9713.69 Tick3= 9713.66 Tick4= 9713.64 Extra= 9713.64 | LossLevel= 0 | LossCount= 0 | Stake= 10 | Regime= 3 | Score= 10 | Reconfirm= 1 | Guard= false | Reason= BLOCK: QUALITY
2026-09-08,10:58:48 GMT,[SCALPER V3] Direction= 0 | RSI= 5.555555555667837 | SMA2= 9713.69 | SMA3= 9713.79 | Points= 0.020000000000436557 | Strength= 560 | Points2= 0.030000000000654836 | Strength2= 560 | Tick1= 9713.69 Tick2= 9713.66 Tick3= 9713.64 Tick4= 9713.98 Extra= 9713.98 | LossLevel= 0 | LossCount= 0 | Stake= 10 | Regime= 3 | Score= 10 | Reconfirm= 1 | Guard= false | Reason= BLOCK: QUALITY
2026-09-08,10:58:48 GMT,[SCALPER V3] Direction= 0 | RSI= 20.93023255815922 | SMA2= 9713.675 | SMA3= 9713.78 | Points= 0.3400000000001455 | Strength= 560 | Points2= 0.020000000000436557 | Strength2= 560 | Tick1= 9713.66 Tick2= 9713.64 Tick3= 9713.98 Tick4= 9713.89 Extra= 9713.89 | LossLevel= 0 | LossCount= 0 | Stake= 10 | Regime= 1 | Score= 80 | Reconfirm= 1 | Guard= false | Reason= BLOCK: QUALITY
2026-09-08,10:58:48 GMT,[SCALPER V3] Direction= 0 | RSI= 100 | SMA2= 9713.665 | SMA3= 9713.773333333333 | Points= 0.09000000000014552 | Strength= 560 | Points2= 0.3400000000001455 | Strength2= 560 | Tick1= 9713.64 Tick2= 9713.98 Tick3= 9713.89 Tick4= 9713.69 Extra= 9713.69 | LossLevel= 0 | LossCount= 0 | Stake= 10 | Regime= 3 | Score= 10 | Reconfirm= 1 | Guard= false | Reason= BLOCK: QUALITY
2026-09-08,10:58:48 GMT,[SCALPER V3] Direction= 0 | RSI= 100 | SMA2= 9713.835 | SMA3= 9713.886666666667 | Points= 0.1999999999989086 | Strength= 560 | Points2= 0.09000000000014552 | Strength2= 560 | Tick1= 9713.98 Tick2= 9713.89 Tick3= 9713.69 Tick4= 9713.52 Extra= 9713.52 | LossLevel= 0 | LossCount= 0 | Stake= 10 | Regime= 2 | Score= 40 | Reconfirm= 1 | Guard= false | Reason= BLOCK: QUALITY
2026-09-08,10:58:48 GMT,[SCALPER V3] Direction= 0 | RSI= 41.463414634178804 | SMA2= 9713.79 | SMA3= 9713.856666666667 | Points= 0.17000000000007276 | Strength= 560 | Points2= 0.1999999999989086 | Strength2= 560 | Tick1= 9713.89 Tick2= 9713.69 Tick3= 9713.52 Tick4= 9713.76 Extra= 9713.76 | LossLevel= 0 | LossCount= 0 | Stake= 10 | Regime= 2 | Score= 50 | Reconfirm= 1 | Guard= false | Reason= BLOCK: QUALITY
2026-09-08,10:58:48 GMT,[SCALPER V3] Direction= 0 | RSI= 0 | SMA2= 9713.84 | SMA3= 9713.776666666667 | Points= 0.23999999999978172 | Strength= 560 | Points2= 0.17000000000007276 | Strength2= 560 | Tick1= 9713.69 Tick2= 9713.52 Tick3= 9713.76 Tick4= 9713.78 Extra= 9713.78 | LossLevel= 0 | LossCount= 0 | Stake= 10 | Regime= 2 | Score= 40 | Reconfirm= 1 | Guard= false | Reason= BLOCK: QUALITY
2026-09-08,10:58:48 GMT,[SCALPER V3] Direction= 0 | RSI= 60 | SMA2= 9713.755000000001 | SMA3= 9713.72 | Points= 0.020000000000436557 | Strength= 560 | Points2= 0.23999999999978172 | Strength2= 560 | Tick1= 9713.52 Tick2= 9713.76 Tick3= 9713.78 Tick4= 9713.75 Extra= 9713.75 | LossLevel= 0 | LossCount= 0 | Stake= 10 | Regime= 2 | Score= 30 | Reconfirm= 1 | Guard= false | Reason= BLOCK: QUALITY
2026-09-08,10:58:48 GMT,[SCALPER V3] Direction= 0 | RSI= 23.07692307724598 | SMA2= 9713.875 | SMA3= 9713.800000000001 | Points= 0.030000000000654836 | Strength= 560 | Points2= 0.020000000000436557 | Strength2= 560 | Tick1= 9713.76 Tick2= 9713.78 Tick3= 9713.75 Tick4= 9713.85 Extra= 9713.85 | LossLevel= 0 | LossCount= 0 | Stake= 10 | Regime= 3 | Score= 20 | Reconfirm= 1 | Guard= false | Reason= BLOCK: QUALITY
2026-09-08,10:58:48 GMT,[SCALPER V3] Direction= 0 | RSI= 0 | SMA2= 9713.885 | SMA3= 9713.806666666665 | Points= 0.1000000000003638 | Strength= 560 | Points2= 0.030000000000654836 | Strength2= 560 | Tick1= 9713.78 Tick2= 9713.75 Tick3= 9713.85 Tick4= 9713.97 Extra= 9713.97 | LossLevel= 0 | LossCount= 0 | Stake= 10 | Regime= 3 | Score= 20 | Reconfirm= 1 | Guard= false | Reason= BLOCK: QUALITY
2026-09-08,10:58:48 GMT,[SCALPER V3] Direction= 0 | RSI= 0 | SMA2= 9713.869999999999 | SMA3= 9713.796666666667 | Points= 0.11999999999898137 | Strength= 560 | Points2= 0.1000000000003638 | Strength2= 560 | Tick1= 9713.75 Tick2= 9713.85 Tick3= 9713.97 Tick4= 9714.11 Extra= 9714.11 | LossLevel= 0 | LossCount= 0 | Stake= 10 | Regime= 3 | Score= 20 | Reconfirm= 1 | Guard= false | Reason= BLOCK: QUALITY
2026-09-08,10:58:48 GMT,[SCALPER V3] Direction= 0 | RSI= 6.666666666747517 | SMA2= 9713.92 | SMA3= 9713.83 | Points= 0.1400000000012369 | Strength= 560 | Points2= 0.11999999999898137 | Strength2= 560 | Tick1= 9713.85 Tick2= 9713.97 Tick3= 9714.11 Tick4= 9714.1 Extra= 9714.1 | LossLevel= 0 | LossCount= 0 | Stake= 10 | Regime= 2 | Score= 40 | Reconfirm= 1 | Guard= false | Reason= BLOCK: QUALITY
2026-09-08,10:58:48 GMT,[SCALPER V3] Direction= 0 | RSI= 14.285714286085508 | SMA2= 9713.98 | SMA3= 9713.87 | Points= 0.010000000000218279 | Strength= 560 | Points2= 0.1400000000012369 | Strength2= 560 | Tick1= 9713.97 Tick2= 9714.11 Tick3= 9714.1 Tick4= 9714.16 Extra= 9714.16 | LossLevel= 0 | LossCount= 0 | Stake= 10 | Regime= 3 | Score= 10 | Reconfirm= 1 | Guard= false | Reason= BLOCK: QUALITY
2026-09-08,10:58:48 GMT,[SCALPER V3] Direction= 0 | RSI= 0 | SMA2= 9714.05 | SMA3= 9713.916666666666 | Points= 0.05999999999949068 | Strength= 560 | Points2= 0.010000000000218279 | Strength2= 560 | Tick1= 9714.11 Tick2= 9714.1 Tick3= 9714.16 Tick4= 9714.31 Extra= 9714.31 | LossLevel= 0 | LossCount= 0 | Stake= 10 | Regime= 3 | Score= 20 | Reconfirm= 1 | Guard= false | Reason= BLOCK: QUALITY
2026-09-08,10:58:48 GMT,[SCALPER V3] Direction= 0 | RSI= 0 | SMA2= 9714.045 | SMA3= 9713.913333333332 | Points= 0.1499999999996362 | Strength= 560 | Points2= 0.05999999999949068 | Strength2= 560 | Tick1= 9714.1 Tick2= 9714.16 Tick3= 9714.31 Tick4= 9714.47 Extra= 9714.47 | LossLevel= 0 | LossCount= 0 | Stake= 10 | Regime= 2 | Score= 40 | Reconfirm= 1 | Guard= false | Reason= BLOCK: QUALITY
2026-09-08,10:58:48 GMT,[SCALPER V3] Direction= 0 | RSI= 42.857142856957246 | SMA2= 9714.075 | SMA3= 9713.933333333332 | Points= 0.15999999999985448 | Strength= 560 | Points2= 0.1499999999996362 | Strength2= 560 | Tick1= 9714.16 Tick2= 9714.31 Tick3= 9714.47 Tick4= 9714.35 Extra= 9714.35 | LossLevel= 0 | LossCount= 0 | Stake= 10 | Regime= 2 | Score= 60 | Reconfirm= 1 | Guard= false | Reason= BLOCK: QUALITY
2026-09-08,10:58:48 GMT,[SCALPER V3] Direction= 0 | RSI= 100 | SMA2= 9714.15 | SMA3= 9713.983333333332 | Points= 0.11999999999898137 | Strength= 560 | Points2= 0.15999999999985448 | Strength2= 560 | Tick1= 9714.31 Tick2= 9714.47 Tick3= 9714.35 Tick4= 9714.17 Extra= 9714.17 | LossLevel= 0 | LossCount= 0 | Stake= 10 | Regime= 3 | Score= 10 | Reconfirm= 1 | Guard= false | Reason= BLOCK: QUALITY
2026-09-08,10:58:48 GMT,[SCALPER V3] Direction= 2 | RSI= 100 | SMA2= 9714.23 | SMA3= 9714.036666666667 | Points= 0.18000000000029104 | Strength= 560 | Points2= 0.11999999999898137 | Strength2= 560 | Tick1= 9714.47 Tick2= 9714.35 Tick3= 9714.17 Tick4= 9713.92 Extra= 9713.92 | LossLevel= 0 | LossCount= 0 | Stake= 10 | Regime= 2 | Score= 40 | Reconfirm= 1 | Guard= false | Reason= BLOCK: QUALITY
2026-09-08,10:58:48 GMT,[SCALPER V3] Direction= 2 | RSI= 100 | SMA2= 9714.17 | SMA3= 9713.996666666666 | Points= 0.25 | Strength= 560 | Points2= 0.18000000000029104 | Strength2= 560 | Tick1= 9714.35 Tick2= 9714.17 Tick3= 9713.92 Tick4= 9713.9 Extra= 9713.9 | LossLevel= 0 | LossCount= 0 | Stake= 10 | Regime= 2 | Score= 40 | Reconfirm= 1 | Guard= false | Reason= BLOCK: QUALITY
2026-09-08,10:58:48 GMT,[SCALPER V3] Direction= 0 | RSI= 100 | SMA2= 9714.08 | SMA3= 9713.936666666666 | Points= 0.020000000000436557 | Strength= 560 | Points2= 0.25 | Strength2= 560 | Tick1= 9714.17 Tick2= 9713.92 Tick3= 9713.9 Tick4= 9713.77 Extra= 9713.77 | LossLevel= 0 | LossCount= 0 | Stake= 10 | Regime= 3 | Score= 10 | Reconfirm= 1 | Guard= false | Reason= BLOCK: QUALITY
2026-09-08,10:58:48 GMT,[SCALPER V3] Direction= 0 | RSI= 100 | SMA2= 9713.955 | SMA3= 9713.853333333333 | Points= 0.12999999999919964 | Strength= 560 | Points2= 0.020000000000436557 | Strength2= 560 | Tick1= 9713.92 Tick2= 9713.9 Tick3= 9713.77 Tick4= 9713.71 Extra= 9713.71 | LossLevel= 0 | LossCount= 0 | Stake= 10 | Regime= 2 | Score= 40 | Reconfirm= 1 | Guard= false | Reason= BLOCK: QUALITY
2026-09-08,10:58:48 GMT,[SCALPER V3] Direction= 0 | RSI= 13.333333333548921 | SMA2= 9713.945 | SMA3= 9713.846666666666 | Points= 0.06000000000130967 | Strength= 560 | Points2= 0.12999999999919964 | Strength2= 560 | Tick1= 9713.9 Tick2= 9713.77 Tick3= 9713.71 Tick4= 9714.1 Extra= 9714.1 | LossLevel= 0 | LossCount= 0 | Stake= 10 | Regime= 3 | Score= 10 | Reconfirm= 1 | Guard= false | Reason= BLOCK: QUALITY
2026-09-08,10:58:48 GMT,[SCALPER V3] Direction= 0 | RSI= 15.217391304253255 | SMA2= 9713.880000000001 | SMA3= 9713.803333333333 | Points= 0.3900000000012369 | Strength= 560 | Points2= 0.06000000000130967 | Strength2= 560 | Tick1= 9713.77 Tick2= 9713.71 Tick3= 9714.1 Tick4= 9714.03 Extra= 9714.03 | LossLevel= 0 | LossCount= 0 | Stake= 10 | Regime= 2 | Score= 40 | Reconfirm= 1 | Guard= false | Reason= BLOCK: QUALITY
2026-09-08,10:58:48 GMT,[SCALPER V3] Direction= 0 | RSI= 41.17647058848706 | SMA2= 9713.849999999999 | SMA3= 9713.783333333333 | Points= 0.06999999999970896 | Strength= 560 | Points2= 0.3900000000012369 | Strength2= 560 | Tick1= 9713.71 Tick2= 9714.1 Tick3= 9714.03 Tick4= 9714.13 Extra= 9714.13 | LossLevel= 0 | LossCount= 0 | Stake= 10 | Regime= 2 | Score= 30 | Reconfirm= 1 | Guard= false | Reason= BLOCK: QUALITY
2026-09-08,10:58:48 GMT,[SCALPER V3] Direction= 0 | RSI= 33.33333333333333 | SMA2= 9714.045 | SMA3= 9713.913333333332 | Points= 0.09999999999854481 | Strength= 560 | Points2= 0.06999999999970896 | Strength2= 560 | Tick1= 9714.1 Tick2= 9714.03 Tick3= 9714.13 Tick4= 9714.08 Extra= 9714.08 | LossLevel= 0 | LossCount= 0 | Stake= 10 | Regime= 1 | Score= 80 | Reconfirm= 1 | Guard= false | Reason= BLOCK: QUALITY
2026-09-08,10:58:48 GMT,[SCALPER V3] Direction= 0 | RSI= 71.42857142782898 | SMA2= 9714.01 | SMA3= 9713.89 | Points= 0.049999999999272404 | Strength= 560 | Points2= 0.09999999999854481 | Strength2= 560 | Tick1= 9714.03 Tick2= 9714.13 Tick3= 9714.08 Tick4= 9714.1 Extra= 9714.1 | LossLevel= 0 | LossCount= 0 | Stake= 10 | Regime= 2 | Score= 10 | Reconfirm= 1 | Guard= false | Reason= BLOCK: QUALITY
2026-09-08,10:58:48 GMT,[SCALPER V3] Direction= 0 | RSI= 0 | SMA2= 9714.06 | SMA3= 9713.923333333332 | Points= 0.020000000000436557 | Strength= 560 | Points2= 0.049999999999272404 | Strength2= 560 | Tick1= 9714.13 Tick2= 9714.08 Tick3= 9714.1 Tick4= 9714.16 Extra= 9714.16 | LossLevel= 0 | LossCount= 0 | Stake= 10 | Regime= 3 | Score= 10 | Reconfirm= 1 | Guard= false | Reason= BLOCK: QUALITY
2026-09-08,10:58:48 GMT,[SCALPER V3] Direction= 0 | RSI= 75.00000000018949 | SMA2= 9714.035 | SMA3= 9713.906666666668 | Points= 0.05999999999949068 | Strength= 560 | Points2= 0.020000000000436557 | Strength2= 560 | Tick1= 9714.08 Tick2= 9714.1 Tick3= 9714.16 Tick4= 9713.98 Extra= 9713.98 | LossLevel= 0 | LossCount= 0 | Stake= 10 | Regime= 3 | Score= 20 | Reconfirm= 1 | Guard= false | Reason= BLOCK: QUALITY
2026-09-08,10:58:48 GMT,[SCALPER V3] Direction= 0 | RSI= 100 | SMA2= 9714.045 | SMA3= 9713.913333333332 | Points= 0.18000000000029104 | Strength= 560 | Points2= 0.05999999999949068 | Strength2= 560 | Tick1= 9714.1 Tick2= 9714.16 Tick3= 9713.98 Tick4= 9713.95 Extra= 9713.95 | LossLevel= 0 | LossCount= 0 | Stake= 10 | Regime= 2 | Score= 40 | Reconfirm= 1 | Guard= false | Reason= BLOCK: QUALITY
2026-09-08,10:58:48 GMT,[SCALPER V3] Direction= 0 | RSI= 100 | SMA2= 9713.985 | SMA3= 9713.873333333333 | Points= 0.029999999998835847 | Strength= 560 | Points2= 0.18000000000029104 | Strength2= 560 | Tick1= 9714.16 Tick2= 9713.98 Tick3= 9713.95 Tick4= 9713.61 Extra= 9713.61 | LossLevel= 0 | LossCount= 0 | Stake= 10 | Regime= 3 | Score= 10 | Reconfirm= 1 | Guard= false | Reason= BLOCK: QUALITY
2026-09-08,10:58:48 GMT,[SCALPER V3] Direction= 0 | RSI= 100 | SMA2= 9713.970000000001 | SMA3= 9713.863333333333 | Points= 0.3400000000001455 | Strength= 560 | Points2= 0.029999999998835847 | Strength2= 560 | Tick1= 9713.98 Tick2= 9713.95 Tick3= 9713.61 Tick4= 9713.54 Extra= 9713.54 | LossLevel= 0 | LossCount= 0 | Stake= 10 | Regime= 2 | Score= 40 | Reconfirm= 1 | Guard= false | Reason= BLOCK: QUALITY
2026-09-08,10:58:48 GMT,[SCALPER V3] Direction= 0 | RSI= 77.77777777890061 | SMA2= 9713.8 | SMA3= 9713.75 | Points= 0.06999999999970896 | Strength= 560 | Points2= 0.3400000000001455 | Strength2= 560 | Tick1= 9713.95 Tick2= 9713.61 Tick3= 9713.54 Tick4= 9713.56 Extra= 9713.56 | LossLevel= 0 | LossCount= 0 | Stake= 10 | Regime= 3 | Score= 10 | Reconfirm= 1 | Guard= false | Reason= BLOCK: QUALITY
2026-09-08,10:58:48 GMT,[SCALPER V3] Direction= 0 | RSI= 75.00000000113687 | SMA2= 9713.765 | SMA3= 9713.726666666667 | Points= 0.019999999998617568 | Strength= 560 | Points2= 0.06999999999970896 | Strength2= 560 | Tick1= 9713.61 Tick2= 9713.54 Tick3= 9713.56 Tick4= 9713.5 Extra= 9713.5 | LossLevel= 0 | LossCount= 0 | Stake= 10 | Regime= 3 | Score= 10 | Reconfirm= 1 | Guard= false | Reason= BLOCK: QUALITY
2026-09-08,10:58:48 GMT,[SCALPER V3] Direction= 0 | RSI= 100 | SMA2= 9713.775 | SMA3= 9713.733333333332 | Points= 0.05999999999949068 | Strength= 560 | Points2= 0.019999999998617568 | Strength2= 560 | Tick1= 9713.54 Tick2= 9713.56 Tick3= 9713.5 Tick4= 9713.26 Extra= 9713.26 | LossLevel= 0 | LossCount= 0 | Stake= 10 | Regime= 3 | Score= 20 | Reconfirm= 1 | Guard= false | Reason= BLOCK: QUALITY
2026-09-08,10:58:48 GMT,[SCALPER V3] Direction= 0 | RSI= 100 | SMA2= 9713.744999999999 | SMA3= 9713.713333333333 | Points= 0.23999999999978172 | Strength= 560 | Points2= 0.05999999999949068 | Strength2= 560 | Tick1= 9713.56 Tick2= 9713.5 Tick3= 9713.26 Tick4= 9713.24 Extra= 9713.24 | LossLevel= 0 | LossCount= 0 | Stake= 10 | Regime= 2 | Score= 40 | Reconfirm= 1 | Guard= false | Reason= BLOCK: QUALITY
2026-09-08,10:58:48 GMT,[SCALPER V3] Direction= 0 | RSI= 7.407407407557116 | SMA2= 9713.625 | SMA3= 9713.633333333333 | Points= 0.020000000000436557 | Strength= 560 | Points2= 0.23999999999978172 | Strength2= 560 | Tick1= 9713.5 Tick2= 9713.26 Tick3= 9713.24 Tick4= 9713.49 Extra= 9713.49 | LossLevel= 0 | LossCount= 0 | Stake= 10 | Regime= 3 | Score= 10 | Reconfirm= 1 | Guard= false | Reason= BLOCK: QUALITY
2026-09-08,10:58:48 GMT,[SCALPER V3] Direction= 0 | RSI= 19.35483870954492 | SMA2= 9713.615 | SMA3= 9713.626666666665 | Points= 0.25 | Strength= 560 | Points2= 0.020000000000436557 | Strength2= 560 | Tick1= 9713.26 Tick2= 9713.24 Tick3= 9713.49 Tick4= 9713.43 Extra= 9713.43 | LossLevel= 0 | LossCount= 0 | Stake= 10 | Regime= 1 | Score= 80 | Reconfirm= 1 | Guard= false | Reason= BLOCK: QUALITY
2026-09-08,10:58:48 GMT,[SCALPER V3] Direction= 0 | RSI= 26.086956521567203 | SMA2= 9713.74 | SMA3= 9713.71 | Points= 0.05999999999949068 | Strength= 560 | Points2= 0.25 | Strength2= 560 | Tick1= 9713.24 Tick2= 9713.49 Tick3= 9713.43 Tick4= 9713.6 Extra= 9713.6 | LossLevel= 0 | LossCount= 0 | Stake= 10 | Regime= 2 | Score= 10 | Reconfirm= 1 | Guard= false | Reason= BLOCK: QUALITY
2026-09-08,10:58:48 GMT,[SCALPER V3] Direction= 0 | RSI= 0 | SMA2= 9713.71 | SMA3= 9713.69 | Points= 0.17000000000007276 | Strength= 560 | Points2= 0.05999999999949068 | Strength2= 560 | Tick1= 9713.49 Tick2= 9713.43 Tick3= 9713.6 Tick4= 9713.73 Extra= 9713.73 | LossLevel= 0 | LossCount= 0 | Stake= 10 | Regime= 2 | Score= 40 | Reconfirm= 1 | Guard= false | Reason= BLOCK: QUALITY
2026-09-08,10:58:48 GMT,[SCALPER V3] Direction= 0 | RSI= 0 | SMA2= 9713.795 | SMA3= 9713.746666666666 | Points= 0.12999999999919964 | Strength= 560 | Points2= 0.17000000000007276 | Strength2= 560 | Tick1= 9713.43 Tick2= 9713.6 Tick3= 9713.73 Tick4= 9713.74 Extra= 9713.74 | LossLevel= 0 | LossCount= 0 | Stake= 10 | Regime= 2 | Score= 30 | Reconfirm= 1 | Guard= false | Reason= BLOCK: QUALITY
2026-09-08,10:58:48 GMT,[SCALPER V3] Direction= 0 | RSI= 0 | SMA2= 9713.86 | SMA3= 9713.789999999999 | Points= 0.010000000000218279 | Strength= 560 | Points2= 0.12999999999919964 | Strength2= 560 | Tick1= 9713.6 Tick2= 9713.73 Tick3= 9713.74 Tick4= 9713.83 Extra= 9713.83 | LossLevel= 0 | LossCount= 0 | Stake= 10 | Regime= 3 | Score= 10 | Reconfirm= 1 | Guard= false | Reason= BLOCK: QUALITY
2026-09-08,10:58:48 GMT,[SCALPER V3] Direction= 0 | RSI= 57.14285714298088 | SMA2= 9713.865 | SMA3= 9713.793333333333 | Points= 0.09000000000014552 | Strength= 560 | Points2= 0.010000000000218279 | Strength2= 560 | Tick1= 9713.73 Tick2= 9713.74 Tick3= 9713.83 Tick4= 9713.71 Extra= 9713.71 | LossLevel= 0 | LossCount= 0 | Stake= 10 | Regime= 1 | Score= 80 | Reconfirm= 1 | Guard= false | Reason= BLOCK: QUALITY
2026-09-08,10:58:48 GMT,[SCALPER V3] Direction= 0 | RSI= 100 | SMA2= 9713.91 | SMA3= 9713.823333333334 | Points= 0.12000000000080036 | Strength= 560 | Points2= 0.09000000000014552 | Strength2= 560 | Tick1= 9713.74 Tick2= 9713.83 Tick3= 9713.71 Tick4= 9713.68 Extra= 9713.68 | LossLevel= 0 | LossCount= 0 | Stake= 10 | Regime= 2 | Score= 40 | Reconfirm= 1 | Guard= false | Reason= BLOCK: QUALITY
2026-09-08,10:58:48 GMT,[SCALPER V3] Direction= 0 | RSI= 37.499999999431566 | SMA2= 9713.849999999999 | SMA3= 9713.783333333333 | Points= 0.029999999998835847 | Strength= 560 | Points2= 0.12000000000080036 | Strength2= 560 | Tick1= 9713.83 Tick2= 9713.71 Tick3= 9713.68 Tick4= 9713.73 Extra= 9713.73 | LossLevel= 0 | LossCount= 0 | Stake= 10 | Regime= 1 | Score= 70 | Reconfirm= 1 | Guard= false | Reason= BLOCK: QUALITY
2026-09-08,10:58:48 GMT,[SCALPER V3] Direction= 0 | RSI= 68.75000000007105 | SMA2= 9713.835 | SMA3= 9713.773333333333 | Points= 0.049999999999272404 | Strength= 560 | Points2= 0.029999999998835847 | Strength2= 560 | Tick1= 9713.71 Tick2= 9713.68 Tick3= 9713.73 Tick4= 9713.62 Extra= 9713.62 | LossLevel= 0 | LossCount= 0 | Stake= 10 | Regime= 1 | Score= 80 | Reconfirm= 1 | Guard= false | Reason= BLOCK: QUALITY
2026-09-08,10:58:48 GMT,[SCALPER V3] Direction= 0 | RSI= 57.89473684185332 | SMA2= 9713.86 | SMA3= 9713.789999999999 | Points= 0.10999999999876309 | Strength= 560 | Points2= 0.049999999999272404 | Strength2= 560 | Tick1= 9713.68 Tick2= 9713.73 Tick3= 9713.62 Tick4= 9713.7 Extra= 9713.7 | LossLevel= 0 | LossCount= 0 | Stake= 10 | Regime= 2 | Score= 40 | Reconfirm= 1 | Guard= false | Reason= BLOCK: QUALITY
2026-09-08,10:58:48 GMT,[SCALPER V3] Direction= 0 | RSI= 0 | SMA2= 9713.805 | SMA3= 9713.753333333334 | Points= 0.07999999999992724 | Strength= 560 | Points2= 0.10999999999876309 | Strength2= 560 | Tick1= 9713.73 Tick2= 9713.62 Tick3= 9713.7 Tick4= 9713.7 Extra= 9713.7 | LossLevel= 0 | LossCount= 0 | Stake= 10 | Regime= 3 | Score= 10 | Reconfirm= 1 | Guard= false | Reason= BLOCK: QUALITY
2026-09-08,10:58:48 GMT,[SCALPER V3] Direction= 0 | RSI= 100 | SMA2= 9713.845000000001 | SMA3= 9713.78 | Points= 0 | Strength= 560 | Points2= 0.07999999999992724 | Strength2= 560 | Tick1= 9713.62 Tick2= 9713.7 Tick3= 9713.7 Tick4= 9713.69 Extra= 9713.69 | LossLevel= 0 | LossCount= 0 | Stake= 10 | Regime= 3 | Score= 10 | Reconfirm= 1 | Guard= false | Reason= BLOCK: QUALITY
2026-09-08,10:58:48 GMT,[SCALPER V3] Direction= 0 | RSI= 8.33333333358597 | SMA2= 9713.845000000001 | SMA3= 9713.78 | Points= 0.010000000000218279 | Strength= 560 | Points2= 0 | Strength2= 560 | Tick1= 9713.7 Tick2= 9713.7 Tick3= 9713.69 Tick4= 9713.8 Extra= 9713.8 | LossLevel= 0 | LossCount= 0 | Stake= 10 | Regime= 3 | Score= 20 | Reconfirm= 1 | Guard= false | Reason= BLOCK: QUALITY
2026-09-08,10:58:48 GMT,[SCALPER V3] Direction= 0 | RSI= 0 | SMA2= 9713.84 | SMA3= 9713.776666666667 | Points= 0.10999999999876309 | Strength= 560 | Points2= 0.010000000000218279 | Strength2= 560 | Tick1= 9713.7 Tick2= 9713.69 Tick3= 9713.8 Tick4= 9713.88 Extra= 9713.88 | LossLevel= 0 | LossCount= 0 | Stake= 10 | Regime= 3 | Score= 20 | Reconfirm= 1 | Guard= false | Reason= BLOCK: QUALITY
2026-09-08,10:58:48 GMT,[SCALPER V3] Direction= 0 | RSI= 70.37037037024561 | SMA2= 9713.895 | SMA3= 9713.813333333334 | Points= 0.07999999999992724 | Strength= 560 | Points2= 0.10999999999876309 | Strength2= 560 | Tick1= 9713.69 Tick2= 9713.8 Tick3= 9713.88 Tick4= 9713.69 Extra= 9713.69 | LossLevel= 0 | LossCount= 0 | Stake= 10 | Regime= 2 | Score= 10 | Reconfirm= 1 | Guard= false | Reason= BLOCK: QUALITY
2026-09-08,10:58:48 GMT,[SCALPER V3] Direction= 0 | RSI= 57.575757575690766 | SMA2= 9713.935 | SMA3= 9713.839999999998 | Points= 0.18999999999869033 | Strength= 560 | Points2= 0.07999999999992724 | Strength2= 560 | Tick1= 9713.8 Tick2= 9713.88 Tick3= 9713.69 Tick4= 9713.83 Extra= 9713.83 | LossLevel= 0 | LossCount= 0 | Stake= 10 | Regime= 2 | Score= 60 | Reconfirm= 1 | Guard= false | Reason= BLOCK: QUALITY
2026-09-08,10:58:48 GMT,[SCALPER V3] Direction= 0 | RSI= 26.315789473482653 | SMA2= 9713.84 | SMA3= 9713.776666666667 | Points= 0.13999999999941792 | Strength= 560 | Points2= 0.18999999999869033 | Strength2= 560 | Tick1= 9713.88 Tick2= 9713.69 Tick3= 9713.83 Tick4= 9713.78 Extra= 9713.78 | LossLevel= 0 | LossCount= 0 | Stake= 10 | Regime= 1 | Score= 70 | Reconfirm= 1 | Guard= false | Reason= BLOCK: QUALITY
2026-09-08,10:58:48 GMT,[SCALPER V3] Direction= 0 | RSI= 11.363636363504824 | SMA2= 9713.91 | SMA3= 9713.823333333334 | Points= 0.049999999999272404 | Strength= 560 | Points2= 0.13999999999941792 | Strength2= 560 | Tick1= 9713.69 Tick2= 9713.83 Tick3= 9713.78 Tick4= 9714.17 Extra= 9714.17 | LossLevel= 0 | LossCount= 0 | Stake= 10 | Regime= 3 | Score= 10 | Reconfirm= 1 | Guard= false | Reason= BLOCK: QUALITY
2026-09-08,10:58:48 GMT,[SCALPER V3] Direction= 0 | RSI= 2.500000000056829 | SMA2= 9713.885 | SMA3= 9713.806666666665 | Points= 0.3899999999994179 | Strength= 560 | Points2= 0.049999999999272404 | Strength2= 560 | Tick1= 9713.83 Tick2= 9713.78 Tick3= 9714.17 Tick4= 9714.16 Extra= 9714.16 | LossLevel= 0 | LossCount= 0 | Stake= 10 | Regime= 2 | Score= 40 | Reconfirm= 1 | Guard= false | Reason= BLOCK: QUALITY
2026-09-08,10:58:48 GMT,[SCALPER V3] Direction= 0 | RSI= 100 | SMA2= 9714.08 | SMA3= 9713.936666666666 | Points= 0.010000000000218279 | Strength= 560 | Points2= 0.3899999999994179 | Strength2= 560 | Tick1= 9713.78 Tick2= 9714.17 Tick3= 9714.16 Tick4= 9714.14 Extra= 9714.14 | LossLevel= 0 | LossCount= 0 | Stake= 10 | Regime= 3 | Score= 10 | Reconfirm= 1 | Guard= false | Reason= BLOCK: QUALITY
2026-09-08,10:58:48 GMT,[SCALPER V3] Direction= 0 | RSI= 100 | SMA2= 9714.075 | SMA3= 9713.933333333332 | Points= 0.020000000000436557 | Strength= 560 | Points2= 0.010000000000218279 | Strength2= 560 | Tick1= 9714.17 Tick2= 9714.16 Tick3= 9714.14 Tick4= 9713.98 Extra= 9713.98 | LossLevel= 0 | LossCount= 0 | Stake= 10 | Regime= 3 | Score= 20 | Reconfirm= 1 | Guard= false | Reason= BLOCK: QUALITY
2026-09-08,10:58:48 GMT,[SCALPER V3] Direction= 0 | RSI= 88.88888888866433 | SMA2= 9714.064999999999 | SMA3= 9713.926666666666 | Points= 0.15999999999985448 | Strength= 560 | Points2= 0.020000000000436557 | Strength2= 560 | Tick1= 9714.16 Tick2= 9714.14 Tick3= 9713.98 Tick4= 9714 Extra= 9714 | LossLevel= 0 | LossCount= 0 | Stake= 10 | Regime= 1 | Score= 80 | Reconfirm= 1 | Guard= false | Reason= BLOCK: QUALITY
2026-09-08,10:58:48 GMT,[SCALPER V3] Direction= 0 | RSI= 0 | SMA2= 9713.985 | SMA3= 9713.873333333333 | Points= 0.020000000000436557 | Strength= 560 | Points2= 0.15999999999985448 | Strength2= 560 | Tick1= 9714.14 Tick2= 9713.98 Tick3= 9714 Tick4= 9714 Extra= 9714 | LossLevel= 0 | LossCount= 0 | Stake= 10 | Regime= 3 | Score= 10 | Reconfirm= 1 | Guard= false | Reason= BLOCK: QUALITY
2026-09-08,10:58:48 GMT,[SCALPER V3] Direction= 0 | RSI= 0 | SMA2= 9713.994999999999 | SMA3= 9713.88 | Points= 0 | Strength= 560 | Points2= 0.020000000000436557 | Strength2= 560 | Tick1= 9713.98 Tick2= 9714 Tick3= 9714 Tick4= 9714.11 Extra= 9714.11 | LossLevel= 0 | LossCount= 0 | Stake= 10 | Regime= 3 | Score= 10 | Reconfirm= 1 | Guard= false | Reason= BLOCK: QUALITY
2026-09-08,10:58:48 GMT,[SCALPER V3] Direction= 0 | RSI= 50 | SMA2= 9713.994999999999 | SMA3= 9713.88 | Points= 0.11000000000058208 | Strength= 560 | Points2= 0 | Strength2= 560 | Tick1= 9714 Tick2= 9714 Tick3= 9714.11 Tick4= 9714 Extra= 9714 | LossLevel= 0 | LossCount= 0 | Stake= 10 | Regime= 2 | Score= 40 | Reconfirm= 1 | Guard= false | Reason= BLOCK: QUALITY
2026-09-08,10:58:48 GMT,[SCALPER V3] Direction= 0 | RSI= 91.66666666654035 | SMA2= 9714.05 | SMA3= 9713.916666666666 | Points= 0.11000000000058208 | Strength= 560 | Points2= 0.11000000000058208 | Strength2= 560 | Tick1= 9714 Tick2= 9714.11 Tick3= 9714 Tick4= 9714.01 Extra= 9714.01 | LossLevel= 0 | LossCount= 0 | Stake= 10 | Regime= 3 | Score= 10 | Reconfirm= 1 | Guard= false | Reason= BLOCK: QUALITY
2026-09-08,10:58:48 GMT,[SCALPER V3] Direction= 0 | RSI= 0 | SMA2= 9713.994999999999 | SMA3= 9713.88 | Points= 0.010000000000218279 | Strength= 560 | Points2= 0.11000000000058208 | Strength2= 560 | Tick1= 9714.11 Tick2= 9714 Tick3= 9714.01 Tick4= 9714.21 Extra= 9714.21 | LossLevel= 0 | LossCount= 0 | Stake= 10 | Regime= 3 | Score= 10 | Reconfirm= 1 | Guard= false | Reason= BLOCK: QUALITY
2026-09-08,10:58:48 GMT,[SCALPER V3] Direction= 0 | RSI= 52.380952381014254 | SMA2= 9714 | SMA3= 9713.883333333333 | Points= 0.1999999999989086 | Strength= 560 | Points2= 0.010000000000218279 | Strength2= 560 | Tick1= 9714 Tick2= 9714.01 Tick3= 9714.21 Tick4= 9713.99 Extra= 9713.99 | LossLevel= 0 | LossCount= 0 | Stake= 10 | Regime= 1 | Score= 100 | Reconfirm= 1 | Guard= false | Reason= BLOCK: QUALITY
2026-09-08,10:58:48 GMT,[SCALPER V3] Direction= 0 | RSI= 44.897959183559834 | SMA2= 9714.099999999999 | SMA3= 9713.949999999999 | Points= 0.21999999999934516 | Strength= 560 | Points2= 0.1999999999989086 | Strength2= 560 | Tick1= 9714.01 Tick2= 9714.21 Tick3= 9713.99 Tick4= 9714.26 Extra= 9714.26 | LossLevel= 0 | LossCount= 0 | Stake= 10 | Regime= 2 | Score= 60 | Reconfirm= 1 | Guard= false | Reason= BLOCK: QUALITY
2026-09-08,10:58:48 GMT,[SCALPER V3] Direction= 0 | RSI= 0 | SMA2= 9713.82 | SMA3= 9713.733333333332 | Points= 0.27000000000043656 | Strength= 560 | Points2= 0.21999999999934516 | Strength2= 560 | Tick1= 9714.21 Tick2= 9713.99 Tick3= 9714.26 Tick4= 9714.44 Extra= 9714.44 | LossLevel= 0 | LossCount= 0 | Stake= 10 | Regime= 2 | Score= 40 | Reconfirm= 1 | Guard= false | Reason= BLOCK: QUALITY
2026-09-08,10:58:48 GMT,[SCALPER V3] Direction= 0 | RSI= 0 | SMA2= 9713.955 | SMA3= 9713.823333333334 | Points= 0.18000000000029104 | Strength= 560 | Points2= 0.27000000000043656 | Strength2= 560 | Tick1= 9713.99 Tick2= 9714.26 Tick3= 9714.44 Tick4= 9714.53 Extra= 9714.53 | LossLevel= 0 | LossCount= 0 | Stake= 10 | Regime= 2 | Score= 30 | Reconfirm= 1 | Guard= false | Reason= BLOCK: QUALITY
2026-09-08,10:58:48 GMT,[SCALPER V3] Direction= 0 | RSI= 0 | SMA2= 9714.045 | SMA3= 9713.883333333333 | Points= 0.09000000000014552 | Strength= 560 | Points2= 0.18000000000029104 | Strength2= 560 | Tick1= 9714.26 Tick2= 9714.44 Tick3= 9714.53 Tick4= 9714.55 Extra= 9714.55 | LossLevel= 0 | LossCount= 0 | Stake= 10 | Regime= 3 | Score= 10 | Reconfirm= 1 | Guard= false | Reason= BLOCK: QUALITY
2026-09-08,10:58:48 GMT,[SCALPER V3] Direction= 0 | RSI= 0 | SMA2= 9714.09 | SMA3= 9713.913333333332 | Points= 0.019999999998617568 | Strength= 560 | Points2= 0.09000000000014552 | Strength2= 560 | Tick1= 9714.44 Tick2= 9714.53 Tick3= 9714.55 Tick4= 9714.78 Extra= 9714.78 | LossLevel= 0 | LossCount= 0 | Stake= 10 | Regime= 3 | Score= 10 | Reconfirm= 1 | Guard= false | Reason= BLOCK: QUALITY
2026-09-08,10:58:48 GMT,[SCALPER V3] Direction= 0 | RSI= 39.47368421061449 | SMA2= 9714.099999999999 | SMA3= 9713.92 | Points= 0.23000000000138243 | Strength= 560 | Points2= 0.019999999998617568 | Strength2= 560 | Tick1= 9714.53 Tick2= 9714.55 Tick3= 9714.78 Tick4= 9714.63 Extra= 9714.63 | LossLevel= 0 | LossCount= 0 | Stake= 10 | Regime= 2 | Score= 60 | Reconfirm= 1 | Guard= false | Reason= BLOCK: QUALITY
2026-09-08,10:58:48 GMT,[SCALPER V3] Direction= 0 | RSI= 38.461538461610225 | SMA2= 9714.215 | SMA3= 9713.996666666666 | Points= 0.1500000000014552 | Strength= 560 | Points2= 0.23000000000138243 | Strength2= 560 | Tick1= 9714.55 Tick2= 9714.78 Tick3= 9714.63 Tick4= 9714.87 Extra= 9714.87 | LossLevel= 0 | LossCount= 0 | Stake= 10 | Regime= 2 | Score= 50 | Reconfirm= 1 | Guard= false | Reason= BLOCK: QUALITY
2026-09-08,10:58:48 GMT,[SCALPER V3] Direction= 0 | RSI= 38.461538461610225 | SMA2= 9714.14 | SMA3= 9713.946666666665 | Points= 0.2400000000016007 | Strength= 560 | Points2= 0.1500000000014552 | Strength2= 560 | Tick1= 9714.78 Tick2= 9714.63 Tick3= 9714.87 Tick4= 9714.72 Extra= 9714.72 | LossLevel= 0 | LossCount= 0 | Stake= 10 | Regime= 1 | Score= 100 | Reconfirm= 1 | Guard= false | Reason= BLOCK: QUALITY
2026-09-08,10:58:48 GMT,[SCALPER V3] Direction= 0 | RSI= 100 | SMA2= 9714.26 | SMA3= 9714.026666666667 | Points= 0.1500000000014552 | Strength= 560 | Points2= 0.2400000000016007 | Strength2= 560 | Tick1= 9714.63 Tick2= 9714.87 Tick3= 9714.72 Tick4= 9714.57 Extra= 9714.57 | LossLevel= 0 | LossCount= 0 | Stake= 10 | Regime= 2 | Score= 30 | Reconfirm= 1 | Guard= false | Reason= BLOCK: QUALITY
2026-09-08,10:58:48 GMT,[SCALPER V3] Direction= 2 | RSI= 100 | SMA2= 9714.185 | SMA3= 9713.976666666667 | Points= 0.1499999999996362 | Strength= 560 | Points2= 0.1500000000014552 | Strength2= 560 | Tick1= 9714.87 Tick2= 9714.72 Tick3= 9714.57 Tick4= 9714.3 Extra= 9714.3 | LossLevel= 0 | LossCount= 0 | Stake= 10 | Regime= 2 | Score= 30 | Reconfirm= 1 | Guard= false | Reason= BLOCK: QUALITY
2026-09-08,10:58:48 GMT,[SCALPER V3] Direction= 2 | RSI= 100 | SMA2= 9714.11 | SMA3= 9713.926666666666 | Points= 0.27000000000043656 | Strength= 560 | Points2= 0.1499999999996362 | Strength2= 560 | Tick1= 9714.72 Tick2= 9714.57 Tick3= 9714.3 Tick4= 9714.26 Extra= 9714.26 | LossLevel= 0 | LossCount= 0 | Stake= 10 | Regime= 2 | Score= 40 | Reconfirm= 1 | Guard= false | Reason= BLOCK: QUALITY
2026-09-08,10:58:48 GMT,[SCALPER V3] Direction= 2 | RSI= 100 | SMA2= 9713.974999999999 | SMA3= 9713.836666666666 | Points= 0.039999999999054126 | Strength= 560 | Points2= 0.27000000000043656 | Strength2= 560 | Tick1= 9714.57 Tick2= 9714.3 Tick3= 9714.26 Tick4= 9714.21 Extra= 9714.21 | LossLevel= 0 | LossCount= 0 | Stake= 10 | Regime= 3 | Score= 10 | Reconfirm= 1 | Guard= false | Reason= BLOCK: QUALITY
2026-09-08,10:58:48 GMT,[SCALPER V3] Direction= 0 | RSI= 100 | SMA2= 9713.955 | SMA3= 9713.823333333334 | Points= 0.050000000001091394 | Strength= 560 | Points2= 0.039999999999054126 | Strength2= 560 | Tick1= 9714.3 Tick2= 9714.26 Tick3= 9714.21 Tick4= 9714.12 Extra= 9714.12 | LossLevel= 0 | LossCount= 0 | Stake= 10 | Regime= 3 | Score= 20 | Reconfirm= 1 | Guard= false | Reason= BLOCK: QUALITY
2026-09-08,10:58:48 GMT,[SCALPER V3] Direction= 0 | RSI= 100 | SMA2= 9713.93 | SMA3= 9713.806666666665 | Points= 0.08999999999832653 | Strength= 560 | Points2= 0.050000000001091394 | Strength2= 560 | Tick1= 9714.26 Tick2= 9714.21 Tick3= 9714.12 Tick4= 9713.98 Extra= 9713.98 | LossLevel= 0 | LossCount= 0 | Stake= 10 | Regime= 3 | Score= 20 | Reconfirm= 1 | Guard= false | Reason= BLOCK: QUALITY
2026-09-08,10:58:48 GMT,[SCALPER V3] Direction= 0 | RSI= 40.000000000103945 | SMA2= 9713.885 | SMA3= 9713.776666666667 | Points= 0.1400000000012369 | Strength= 560 | Points2= 0.08999999999832653 | Strength2= 560 | Tick1= 9714.21 Tick2= 9714.12 Tick3= 9713.98 Tick4= 9714.19 Extra= 9714.19 | LossLevel= 0 | LossCount= 0 | Stake= 10 | Regime= 1 | Score= 100 | Reconfirm= 1 | Guard= false | Reason= BLOCK: QUALITY
2026-09-08,10:58:48 GMT,[SCALPER V3] Direction= 0 | RSI= 16.00000000023283 | SMA2= 9713.814999999999 | SMA3= 9713.73 | Points= 0.21000000000094587 | Strength= 560 | Points2= 0.1400000000012369 | Strength2= 560 | Tick1= 9714.12 Tick2= 9713.98 Tick3= 9714.19 Tick4= 9714.15 Extra= 9714.15 | LossLevel= 0 | LossCount= 0 | Stake= 10 | Regime= 2 | Score= 40 | Reconfirm= 1 | Guard= false | Reason= BLOCK: QUALITY
2026-09-08,10:58:48 GMT,[SCALPER V3] Direction= 0 | RSI= 100 | SMA2= 9713.92 | SMA3= 9713.800000000001 | Points= 0.040000000000873115 | Strength= 560 | Points2= 0.21000000000094587 | Strength2= 560 | Tick1= 9713.98 Tick2= 9714.19 Tick3= 9714.15 Tick4= 9714.13 Extra= 9714.13 | LossLevel= 0 | LossCount= 0 | Stake= 10 | Regime= 3 | Score= 10 | Reconfirm= 1 | Guard= false | Reason= BLOCK: QUALITY
2026-09-08,10:58:48 GMT,[SCALPER V3] Direction= 0 | RSI= 20.000000000363798 | SMA2= 9713.9 | SMA3= 9713.786666666667 | Points= 0.020000000000436557 | Strength= 560 | Points2= 0.040000000000873115 | Strength2= 560 | Tick1= 9714.19 Tick2= 9714.15 Tick3= 9714.13 Tick4= 9714.21 Extra= 9714.21 | LossLevel= 0 | LossCount= 0 | Stake= 10 | Regime= 3 | Score= 10 | Reconfirm= 1 | Guard= false | Reason= BLOCK: QUALITY
2026-09-08,10:58:48 GMT,[SCALPER V3] Direction= 0 | RSI= 0 | SMA2= 9713.89 | SMA3= 9713.779999999999 | Points= 0.07999999999992724 | Strength= 560 | Points2= 0.020000000000436557 | Strength2= 560 | Tick1= 9714.15 Tick2= 9714.13 Tick3= 9714.21 Tick4= 9714.61 Extra= 9714.61 | LossLevel= 0 | LossCount= 0 | Stake= 10 | Regime= 3 | Score= 20 | Reconfirm= 1 | Guard= false | Reason= BLOCK: QUALITY
2026-09-08,10:58:48 GMT,[SCALPER V3] Direction= 0 | RSI= 9.09090909105943 | SMA2= 9713.93 | SMA3= 9713.806666666665 | Points= 0.4000000000014552 | Strength= 560 | Points2= 0.07999999999992724 | Strength2= 560 | Tick1= 9714.13 Tick2= 9714.21 Tick3= 9714.61 Tick4= 9714.57 Extra= 9714.57 | LossLevel= 0 | LossCount= 0 | Stake= 10 | Regime= 2 | Score= 40 | Reconfirm= 1 | Guard= false | Reason= BLOCK: QUALITY
2026-09-08,10:58:48 GMT,[SCALPER V3] Direction= 0 | RSI= 100 | SMA2= 9714.130000000001 | SMA3= 9713.94 | Points= 0.040000000000873115 | Strength= 560 | Points2= 0.4000000000014552 | Strength2= 560 | Tick1= 9714.21 Tick2= 9714.61 Tick3= 9714.57 Tick4= 9714.2 Extra= 9714.2 | LossLevel= 0 | LossCount= 0 | Stake= 10 | Regime= 3 | Score= 10 | Reconfirm= 1 | Guard= false | Reason= BLOCK: QUALITY
2026-09-08,10:58:48 GMT,[SCALPER V3] Direction= 2 | RSI= 100 | SMA2= 9714.11 | SMA3= 9713.926666666666 | Points= 0.36999999999898137 | Strength= 560 | Points2= 0.040000000000873115 | Strength2= 560 | Tick1= 9714.61 Tick2= 9714.57 Tick3= 9714.2 Tick4= 9714.2 Extra= 9714.2 | LossLevel= 0 | LossCount= 0 | Stake= 10 | Regime= 2 | Score= 40 | Reconfirm= 1 | Guard= false | Reason= BLOCK: QUALITY
2026-09-08,10:58:48 GMT,[SCALPER V3] Direction= 2 | RSI= 100 | SMA2= 9713.925 | SMA3= 9713.803333333333 | Points= 0 | Strength= 560 | Points2= 0.36999999999898137 | Strength2= 560 | Tick1= 9714.57 Tick2= 9714.2 Tick3= 9714.2 Tick4= 9714.13 Extra= 9714.13 | LossLevel= 0 | LossCount= 0 | Stake= 10 | Regime= 3 | Score= 10 | Reconfirm= 1 | Guard= false | Reason= BLOCK: QUALITY
2026-09-08,10:58:48 GMT,[SCALPER V3] Direction= 0 | RSI= 100 | SMA2= 9713.925 | SMA3= 9713.803333333333 | Points= 0.07000000000152795 | Strength= 560 | Points2= 0 | Strength2= 560 | Tick1= 9714.2 Tick2= 9714.2 Tick3= 9714.13 Tick4= 9713.96 Extra= 9713.96 | LossLevel= 0 | LossCount= 0 | Stake= 10 | Regime= 3 | Score= 20 | Reconfirm= 1 | Guard= false | Reason= BLOCK: QUALITY
2026-09-08,10:58:48 GMT,[SCALPER V3] Direction= 2 | RSI= 100 | SMA2= 9713.89 | SMA3= 9713.779999999999 | Points= 0.17000000000007276 | Strength= 560 | Points2= 0.07000000000152795 | Strength2= 560 | Tick1= 9714.2 Tick2= 9714.13 Tick3= 9713.96 Tick4= 9713.83 Extra= 9713.83 | LossLevel= 0 | LossCount= 0 | Stake= 10 | Regime= 2 | Score= 40 | Reconfirm= 1 | Guard= false | Reason= BLOCK: QUALITY
2026-09-08,10:58:48 GMT,[SCALPER V3] Direction= 2 | RSI= 61.904761904638164 | SMA2= 9713.805 | SMA3= 9713.723333333333 | Points= 0.12999999999919964 | Strength= 560 | Points2= 0.17000000000007276 | Strength2= 560 | Tick1= 9714.13 Tick2= 9713.96 Tick3= 9713.83 Tick4= 9713.91 Extra= 9713.91 | LossLevel= 0 | LossCount= 0 | Stake= 10 | Regime= 1 | Score= 90 | Reconfirm= 1 | Guard= false | Reason= BLOCK: QUALITY
2026-09-08,10:58:48 GMT,[SCALPER V3] Direction= 0 | RSI= 57.89473684225643 | SMA2= 9713.74 | SMA3= 9713.68 | Points= 0.07999999999992724 | Strength= 560 | Points2= 0.12999999999919964 | Strength2= 560 | Tick1= 9713.96 Tick2= 9713.83 Tick3= 9713.91 Tick4= 9713.8 Extra= 9713.8 | LossLevel= 0 | LossCount= 0 | Stake= 10 | Regime= 1 | Score= 70 | Reconfirm= 1 | Guard= false | Reason= BLOCK: QUALITY
2026-09-08,10:58:48 GMT,[SCALPER V3] Direction= 0 | RSI= 57.89473684225643 | SMA2= 9713.779999999999 | SMA3= 9713.706666666667 | Points= 0.11000000000058208 | Strength= 560 | Points2= 0.07999999999992724 | Strength2= 560 | Tick1= 9713.83 Tick2= 9713.91 Tick3= 9713.8 Tick4= 9713.88 Extra= 9713.88 | LossLevel= 0 | LossCount= 0 | Stake= 10 | Regime= 2 | Score= 40 | Reconfirm= 1 | Guard= false | Reason= BLOCK: QUALITY
2026-09-08,10:58:48 GMT,[SCALPER V3] Direction= 0 | RSI= 11.111111109539138 | SMA2= 9713.724999999999 | SMA3= 9713.67 | Points= 0.07999999999992724 | Strength= 560 | Points2= 0.11000000000058208 | Strength2= 560 | Tick1= 9713.91 Tick2= 9713.8 Tick3= 9713.88 Tick4= 9713.87 Extra= 9713.87 | LossLevel= 0 | LossCount= 0 | Stake= 10 | Regime= 3 | Score= 10 | Reconfirm= 1 | Guard= false | Reason= BLOCK: QUALITY
2026-09-08,10:58:48 GMT,[SCALPER V3] Direction= 0 | RSI= 100 | SMA2= 9713.765 | SMA3= 9713.696666666665 | Points= 0.00999999999839929 | Strength= 560 | Points2= 0.07999999999992724 | Strength2= 560 | Tick1= 9713.8 Tick2= 9713.88 Tick3= 9713.87 Tick4= 9713.8 Extra= 9713.8 | LossLevel= 0 | LossCount= 0 | Stake= 10 | Regime= 3 | Score= 10 | Reconfirm= 1 | Guard= false | Reason= BLOCK: QUALITY
2026-09-08,10:58:48 GMT,[SCALPER V3] Direction= 0 | RSI= 100 | SMA2= 9713.76 | SMA3= 9713.693333333335 | Points= 0.07000000000152795 | Strength= 560 | Points2= 0.00999999999839929 | Strength2= 560 | Tick1= 9713.88 Tick2= 9713.87 Tick3= 9713.8 Tick4= 9713.38 Extra= 9713.38 | LossLevel= 0 | LossCount= 0 | Stake= 10 | Regime= 3 | Score= 20 | Reconfirm= 1 | Guard= false | Reason= BLOCK: QUALITY
2026-09-08,10:58:48 GMT,[SCALPER V3] Direction= 0 | RSI= 89.36170212745371 | SMA2= 9713.724999999999 | SMA3= 9713.67 | Points= 0.42000000000007276 | Strength= 560 | Points2= 0.07000000000152795 | Strength2= 560 | Tick1= 9713.87 Tick2= 9713.8 Tick3= 9713.38 Tick4= 9713.43 Extra= 9713.43 | LossLevel= 0 | LossCount= 0 | Stake= 10 | Regime= 1 | Score= 80 | Reconfirm= 1 | Guard= false | Reason= BLOCK: QUALITY
2026-09-08,10:58:48 GMT,[SCALPER V3] Direction= 0 | RSI= 50 | SMA2= 9713.515 | SMA3= 9713.529999999999 | Points= 0.050000000001091394 | Strength= 560 | Points2= 0.42000000000007276 | Strength2= 560 | Tick1= 9713.8 Tick2= 9713.38 Tick3= 9713.43 Tick4= 9713.38 Extra= 9713.38 | LossLevel= 0 | LossCount= 0 | Stake= 10 | Regime= 2 | Score= 30 | Reconfirm= 1 | Guard= false | Reason= BLOCK: QUALITY
2026-09-08,10:58:48 GMT,[SCALPER V3] Direction= 0 | RSI= 100 | SMA2= 9713.54 | SMA3= 9713.546666666667 | Points= 0.050000000001091394 | Strength= 560 | Points2= 0.050000000001091394 | Strength2= 560 | Tick1= 9713.38 Tick2= 9713.43 Tick3= 9713.38 Tick4= 9712.98 Extra= 9712.98 | LossLevel= 0 | LossCount= 0 | Stake= 10 | Regime= 3 | Score= 10 | Reconfirm= 1 | Guard= false | Reason= BLOCK: QUALITY
2026-09-08,10:58:48 GMT,[SCALPER V3] Direction= 0 | RSI= 97.560975609702 | SMA2= 9713.515 | SMA3= 9713.529999999999 | Points= 0.3999999999996362 | Strength= 560 | Points2= 0.050000000001091394 | Strength2= 560 | Tick1= 9713.43 Tick2= 9713.38 Tick3= 9712.98 Tick4= 9712.99 Extra= 9712.99 | LossLevel= 0 | LossCount= 0 | Stake= 10 | Regime= 2 | Score= 40 | Reconfirm= 1 | Guard= false | Reason= BLOCK: QUALITY
2026-09-08,10:58:48 GMT,[SCALPER V3] Direction= 0 | RSI= 92.30769230747704 | SMA2= 9713.314999999999 | SMA3= 9713.396666666666 | Points= 0.010000000000218279 | Strength= 560 | Points2= 0.3999999999996362 | Strength2= 560 | Tick1= 9713.38 Tick2= 9712.98 Tick3= 9712.99 Tick4= 9712.87 Extra= 9712.87 | LossLevel= 0 | LossCount= 0 | Stake= 10 | Regime= 3 | Score= 10 | Reconfirm= 1 | Guard= false | Reason= BLOCK: QUALITY
2026-09-08,10:58:48 GMT,[SCALPER V3] Direction= 0 | RSI= 36.363636363536145 | SMA2= 9713.32 | SMA3= 9713.4 | Points= 0.11999999999898137 | Strength= 560 | Points2= 0.010000000000218279 | Strength2= 560 | Tick1= 9712.98 Tick2= 9712.99 Tick3= 9712.87 Tick4= 9713.08 Extra= 9713.08 | LossLevel= 0 | LossCount= 0 | Stake= 10 | Regime= 1 | Score= 80 | Reconfirm= 1 | Guard= false | Reason= BLOCK: QUALITY
2026-09-08,10:58:48 GMT,[SCALPER V3] Direction= 0 | RSI= 63.15789473697647 | SMA2= 9713.26 | SMA3= 9713.36 | Points= 0.20999999999912689 | Strength= 560 | Points2= 0.11999999999898137 | Strength2= 560 | Tick1= 9712.99 Tick2= 9712.87 Tick3= 9713.08 Tick4= 9712.72 Extra= 9712.72 | LossLevel= 0 | LossCount= 0 | Stake= 10 | Regime= 2 | Score= 60 | Reconfirm= 1 | Guard= false | Reason= BLOCK: QUALITY
2026-09-08,10:58:48 GMT,[SCALPER V3] Direction= 0 | RSI= 76.59574468078519 | SMA2= 9713.365 | SMA3= 9713.43 | Points= 0.3600000000005821 | Strength= 560 | Points2= 0.20999999999912689 | Strength2= 560 | Tick1= 9712.87 Tick2= 9713.08 Tick3= 9712.72 Tick4= 9712.83 Extra= 9712.83 | LossLevel= 0 | LossCount= 0 | Stake= 10 | Regime= 2 | Score= 40 | Reconfirm= 1 | Guard= false | Reason= BLOCK: QUALITY
2026-09-08,10:58:48 GMT,[SCALPER V3] Direction= 0 | RSI= 0 | SMA2= 9713.185 | SMA3= 9713.31 | Points= 0.11000000000058208 | Strength= 560 | Points2= 0.3600000000005821 | Strength2= 560 | Tick1= 9713.08 Tick2= 9712.72 Tick3= 9712.83 Tick4= 9712.99 Extra= 9712.99 | LossLevel= 0 | LossCount= 0 | Stake= 10 | Regime= 3 | Score= 10 | Reconfirm= 1 | Guard= false | Reason= BLOCK: QUALITY
2026-09-08,10:58:48 GMT,[SCALPER V3] Direction= 0 | RSI= 48.387096774155694 | SMA2= 9713.24 | SMA3= 9713.346666666666 | Points= 0.15999999999985448 | Strength= 560 | Points2= 0.11000000000058208 | Strength2= 560 | Tick1= 9712.72 Tick2= 9712.83 Tick3= 9712.99 Tick4= 9712.84 Extra= 9712.84 | LossLevel= 0 | LossCount= 0 | Stake= 10 | Regime= 1 | Score= 100 | Reconfirm= 1 | Guard= false | Reason= BLOCK: QUALITY
2026-09-08,10:58:48 GMT,[SCALPER V3] Direction= 0 | RSI= 100 | SMA2= 9713.32 | SMA3= 9713.4 | Points= 0.1499999999996362 | Strength= 560 | Points2= 0.15999999999985448 | Strength2= 560 | Tick1= 9712.83 Tick2= 9712.99 Tick3= 9712.84 Tick4= 9712.77 Extra= 9712.77 | LossLevel= 0 | LossCount= 0 | Stake= 10 | Regime= 2 | Score= 30 | Reconfirm= 1 | Guard= false | Reason= BLOCK: QUALITY
2026-09-08,10:58:48 GMT,[SCALPER V3] Direction= 0 | RSI= 21.212121212037687 | SMA2= 9713.32 | SMA3= 9713.4 | Points= 0.06999999999970896 | Strength= 560 | Points2= 0.1499999999996362 | Strength2= 560 | Tick1= 9712.99 Tick2= 9712.84 Tick3= 9712.77 Tick4= 9713.03 Extra= 9713.03 | LossLevel= 0 | LossCount= 0 | Stake= 10 | Regime= 3 | Score= 10 | Reconfirm= 1 | Guard= false | Reason= BLOCK: QUALITY
2026-09-08,10:58:48 GMT,[SCALPER V3] Direction= 0 | RSI= 0 | SMA2= 9713.244999999999 | SMA3= 9713.35 | Points= 0.2600000000002183 | Strength= 560 | Points2= 0.06999999999970896 | Strength2= 560 | Tick1= 9712.84 Tick2= 9712.77 Tick3= 9713.03 Tick4= 9713.06 Extra= 9713.06 | LossLevel= 0 | LossCount= 0 | Stake= 10 | Regime= 2 | Score= 40 | Reconfirm= 1 | Guard= false | Reason= BLOCK: QUALITY
2026-09-08,10:58:48 GMT,[SCALPER V3] Direction= 1 | RSI= 0 | SMA2= 9713.21 | SMA3= 9713.326666666666 | Points= 0.029999999998835847 | Strength= 560 | Points2= 0.2600000000002183 | Strength2= 560 | Tick1= 9712.77 Tick2= 9713.03 Tick3= 9713.06 Tick4= 9713.28 Extra= 9713.28 | LossLevel= 0 | LossCount= 0 | Stake= 10 | Regime= 3 | Score= 10 | Reconfirm= 1 | Guard= false | Reason= BLOCK: QUALITY
2026-09-08,10:58:48 GMT,[SCALPER V3] Direction= 0 | RSI= 15.384615384830653 | SMA2= 9713.34 | SMA3= 9713.413333333332 | Points= 0.22000000000116415 | Strength= 560 | Points2= 0.029999999998835847 | Strength2= 560 | Tick1= 9713.03 Tick2= 9713.06 Tick3= 9713.28 Tick4= 9713.24 Extra= 9713.24 | LossLevel= 0 | LossCount= 0 | Stake= 10 | Regime= 1 | Score= 80 | Reconfirm= 1 | Guard= false | Reason= BLOCK: QUALITY
2026-09-08,10:58:48 GMT,[SCALPER V3] Direction= 1 | RSI= 36.36363636423768 | SMA2= 9713.355 | SMA3= 9713.423333333332 | Points= 0.040000000000873115 | Strength= 560 | Points2= 0.22000000000116415 | Strength2= 560 | Tick1= 9713.06 Tick2= 9713.28 Tick3= 9713.24 Tick4= 9713.31 Extra= 9713.31 | LossLevel= 0 | LossCount= 0 | Stake= 10 | Regime= 1 | Score= 70 | Reconfirm= 1 | Guard= false | Reason= BLOCK: QUALITY
2026-09-08,10:58:48 GMT,[SCALPER V3] Direction= 0 | RSI= 0 | SMA2= 9713.465 | SMA3= 9713.496666666666 | Points= 0.06999999999970896 | Strength= 560 | Points2= 0.040000000000873115 | Strength2= 560 | Tick1= 9713.28 Tick2= 9713.24 Tick3= 9713.31 Tick4= 9713.53 Extra= 9713.53 | LossLevel= 0 | LossCount= 0 | Stake= 10 | Regime= 3 | Score= 20 | Reconfirm= 1 | Guard= false | Reason= BLOCK: QUALITY
2026-09-08,10:58:48 GMT,[SCALPER V3] Direction= 1 | RSI= 0 | SMA2= 9713.445 | SMA3= 9713.483333333332 | Points= 0.22000000000116415 | Strength= 560 | Points2= 0.06999999999970896 | Strength2= 560 | Tick1= 9713.24 Tick2= 9713.31 Tick3= 9713.53 Tick4= 9713.81 Extra= 9713.81 | LossLevel= 0 | LossCount= 0 | Stake= 10 | Regime= 2 | Score= 40 | Reconfirm= 1 | Guard= false | Reason= BLOCK: QUALITY
2026-09-08,10:58:48 GMT,[SCALPER V3] Direction= 1 | RSI= 0 | SMA2= 9713.48 | SMA3= 9713.506666666666 | Points= 0.27999999999883585 | Strength= 560 | Points2= 0.22000000000116415 | Strength2= 560 | Tick1= 9713.31 Tick2= 9713.53 Tick3= 9713.81 Tick4= 9713.86 Extra= 9713.86 | LossLevel= 0 | LossCount= 0 | Stake= 10 | Regime= 2 | Score= 40 | Reconfirm= 1 | Guard= false | Reason= BLOCK: QUALITY
2026-09-08,10:58:48 GMT,[SCALPER V3] Direction= 0 | RSI= 16.666666666666657 | SMA2= 9713.59 | SMA3= 9713.58 | Points= 0.050000000001091394 | Strength= 560 | Points2= 0.27999999999883585 | Strength2= 560 | Tick1= 9713.53 Tick2= 9713.81 Tick3= 9713.86 Tick4= 9713.85 Extra= 9713.85 | LossLevel= 0 | LossCount= 0 | Stake= 10 | Regime= 3 | Score= 10 | Reconfirm= 1 | Guard= false | Reason= BLOCK: QUALITY
2026-09-08,10:58:48 GMT,[SCALPER V3] Direction= 0 | RSI= 100 | SMA2= 9713.73 | SMA3= 9713.673333333332 | Points= 0.010000000000218279 | Strength= 560 | Points2= 0.050000000001091394 | Strength2= 560 | Tick1= 9713.81 Tick2= 9713.86 Tick3= 9713.85 Tick4= 9713.78 Extra= 9713.78 | LossLevel= 0 | LossCount= 0 | Stake= 10 | Regime= 3 | Score= 10 | Reconfirm= 1 | Guard= false | Reason= BLOCK: QUALITY
2026-09-08,10:58:48 GMT,[SCALPER V3] Direction= 0 | RSI= 31.818181818144225 | SMA2= 9713.755000000001 | SMA3= 9713.69 | Points= 0.06999999999970896 | Strength= 560 | Points2= 0.010000000000218279 | Strength2= 560 | Tick1= 9713.86 Tick2= 9713.85 Tick3= 9713.78 Tick4= 9713.93 Extra= 9713.93 | LossLevel= 0 | LossCount= 0 | Stake= 10 | Regime= 2 | Score= 40 | Reconfirm= 1 | Guard= false | Reason= BLOCK: QUALITY
2026-09-08,10:58:48 GMT,[SCALPER V3] Direction= 0 | RSI= 63.41463414641721 | SMA2= 9713.75 | SMA3= 9713.686666666666 | Points= 0.1499999999996362 | Strength= 560 | Points2= 0.06999999999970896 | Strength2= 560 | Tick1= 9713.85 Tick2= 9713.78 Tick3= 9713.93 Tick4= 9713.67 Extra= 9713.67 | LossLevel= 0 | LossCount= 0 | Stake= 10 | Regime= 1 | Score= 100 | Reconfirm= 1 | Guard= false | Reason= BLOCK: QUALITY
2026-09-08,10:58:48 GMT,[SCALPER V3] Direction= 0 | RSI= 100 | SMA2= 9713.715 | SMA3= 9713.663333333332 | Points= 0.2600000000002183 | Strength= 560 | Points2= 0.1499999999996362 | Strength2= 560 | Tick1= 9713.78 Tick2= 9713.93 Tick3= 9713.67 Tick4= 9713.44 Extra= 9713.44 | LossLevel= 0 | LossCount= 0 | Stake= 10 | Regime= 2 | Score= 40 | Reconfirm= 1 | Guard= false | Reason= BLOCK: QUALITY
2026-09-08,10:58:48 GMT,[SCALPER V3] Direction= 2 | RSI= 45.09803921574222 | SMA2= 9713.79 | SMA3= 9713.713333333333 | Points= 0.22999999999956344 | Strength= 560 | Points2= 0.2600000000002183 | Strength2= 560 | Tick1= 9713.93 Tick2= 9713.67 Tick3= 9713.44 Tick4= 9713.72 Extra= 9713.72 | LossLevel= 0 | LossCount= 0 | Stake= 10 | Regime= 1 | Score= 90 | Reconfirm= 1 | Guard= false | Reason= BLOCK: QUALITY
2026-09-08,10:58:48 GMT,[SCALPER V3] Direction= 0 | RSI= 44.000000000029104 | SMA2= 9713.66 | SMA3= 9713.626666666665 | Points= 0.27999999999883585 | Strength= 560 | Points2= 0.22999999999956344 | Strength2= 560 | Tick1= 9713.67 Tick2= 9713.44 Tick3= 9713.72 Tick4= 9713.5 Extra= 9713.5 | LossLevel= 0 | LossCount= 0 | Stake= 10 | Regime= 1 | Score= 100 | Reconfirm= 1 | Guard= false | Reason= BLOCK: QUALITY
2026-09-08,10:58:48 GMT,[SCALPER V3] Direction= 0 | RSI= 81.48148148165615 | SMA2= 9713.545 | SMA3= 9713.550000000001 | Points= 0.21999999999934516 | Strength= 560 | Points2= 0.27999999999883585 | Strength2= 560 | Tick1= 9713.44 Tick2= 9713.72 Tick3= 9713.5 Tick4= 9713.55 Extra= 9713.55 | LossLevel= 0 | LossCount= 0 | Stake= 10 | Regime= 1 | Score= 70 | Reconfirm= 1 | Guard= false | Reason= BLOCK: QUALITY
2026-09-08,10:58:48 GMT,[SCALPER V3] Direction= 0 | RSI= 0 | SMA2= 9713.685 | SMA3= 9713.643333333333 | Points= 0.049999999999272404 | Strength= 560 | Points2= 0.21999999999934516 | Strength2= 560 | Tick1= 9713.72 Tick2= 9713.5 Tick3= 9713.55 Tick4= 9713.67 Extra= 9713.67 | LossLevel= 0 | LossCount= 0 | Stake= 10 | Regime= 3 | Score= 10 | Reconfirm= 1 | Guard= false | Reason= BLOCK: QUALITY
2026-09-08,10:58:48 GMT,[SCALPER V3] Direction= 0 | RSI= 14.285714285899886 | SMA2= 9713.575 | SMA3= 9713.57 | Points= 0.12000000000080036 | Strength= 560 | Points2= 0.049999999999272404 | Strength2= 560 | Tick1= 9713.5 Tick2= 9713.55 Tick3= 9713.67 Tick4= 9713.65 Extra= 9713.65 | LossLevel= 0 | LossCount= 0 | Stake= 10 | Regime= 2 | Score= 40 | Reconfirm= 1 | Guard= false | Reason= BLOCK: QUALITY
2026-09-08,10:58:48 GMT,[SCALPER V3] Direction= 0 | RSI= 14.285714285899886 | SMA2= 9713.599999999999 | SMA3= 9713.586666666666 | Points= 0.020000000000436557 | Strength= 560 | Points2= 0.12000000000080036 | Strength2= 560 | Tick1= 9713.55 Tick2= 9713.67 Tick3= 9713.65 Tick4= 9713.77 Extra= 9713.77 | LossLevel= 0 | LossCount= 0 | Stake= 10 | Regime= 3 | Score= 10 | Reconfirm= 1 | Guard= false | Reason= BLOCK: QUALITY
2026-09-08,10:58:48 GMT,[SCALPER V3] Direction= 0 | RSI= 42.85714285701912 | SMA2= 9713.66 | SMA3= 9713.626666666665 | Points= 0.12000000000080036 | Strength= 560 | Points2= 0.020000000000436557 | Strength2= 560 | Tick1= 9713.67 Tick2= 9713.65 Tick3= 9713.77 Tick4= 9713.68 Extra= 9713.68 | LossLevel= 0 | LossCount= 0 | Stake= 10 | Regime= 2 | Score= 60 | Reconfirm= 1 | Guard= false | Reason= BLOCK: QUALITY
2026-09-08,10:58:48 GMT,[SCALPER V3] Direction= 0 | RSI= 27.272727272777388 | SMA2= 9713.605 | SMA3= 9713.44 | Points= 0.09000000000014552 | Strength= 560 | Points2= 0.12000000000080036 | Strength2= 560 | Tick1= 9713.65 Tick2= 9713.77 Tick3= 9713.68 Tick4= 9713.92 Extra= 9713.92 | LossLevel= 0 | LossCount= 0 | Stake= 10 | Regime= 2 | Score= 10 | Reconfirm= 1 | Guard= false | Reason= BLOCK: QUALITY
2026-09-08,10:58:48 GMT,[SCALPER V3] Direction= 0 | RSI= 0 | SMA2= 9713.665 | SMA3= 9713.48 | Points= 0.23999999999978172 | Strength= 560 | Points2= 0.09000000000014552 | Strength2= 560 | Tick1= 9713.77 Tick2= 9713.68 Tick3= 9713.92 Tick4= 9714.16 Extra= 9714.16 | LossLevel= 0 | LossCount= 0 | Stake= 10 | Regime= 2 | Score= 40 | Reconfirm= 1 | Guard= false | Reason= BLOCK: QUALITY
2026-09-08,10:58:48 GMT,[SCALPER V3] Direction= 0 | RSI= 33.3333333331649 | SMA2= 9713.619999999999 | SMA3= 9713.449999999999 | Points= 0.23999999999978172 | Strength= 560 | Points2= 0.23999999999978172 | Strength2= 560 | Tick1= 9713.68 Tick2= 9713.92 Tick3= 9714.16 Tick4= 9714.04 Extra= 9714.04 | LossLevel= 0 | LossCount= 0 | Stake= 10 | Regime= 2 | Score= 50 | Reconfirm= 1 | Guard= false | Reason= BLOCK: QUALITY
2026-09-08,10:58:48 GMT,[SCALPER V3] Direction= 0 | RSI= 100 | SMA2= 9713.74 | SMA3= 9713.529999999999 | Points= 0.11999999999898137 | Strength= 560 | Points2= 0.23999999999978172 | Strength2= 560 | Tick1= 9713.92 Tick2= 9714.16 Tick3= 9714.04 Tick4= 9713.65 Extra= 9713.65 | LossLevel= 0 | LossCount= 0 | Stake= 10 | Regime= 3 | Score= 10 | Reconfirm= 1 | Guard= false | Reason= BLOCK: QUALITY
2026-09-08,10:58:48 GMT,[SCALPER V3] Direction= 2 | RSI= 76.47058823523118 | SMA2= 9713.86 | SMA3= 9713.609999999999 | Points= 0.3900000000012369 | Strength= 560 | Points2= 0.11999999999898137 | Strength2= 560 | Tick1= 9714.16 Tick2= 9714.04 Tick3= 9713.65 Tick4= 9713.77 Extra= 9713.77 | LossLevel= 0 | LossCount= 0 | Stake= 10 | Regime= 1 | Score= 80 | Reconfirm= 1 | Guard= false | Reason= BLOCK: QUALITY
2026-09-08,10:58:48 GMT,[SCALPER V3] Direction= 0 | RSI= 0 | SMA2= 9713.8 | SMA3= 9713.57 | Points= 0.12000000000080036 | Strength= 560 | Points2= 0.3900000000012369 | Strength2= 560 | Tick1= 9714.04 Tick2= 9713.65 Tick3= 9713.77 Tick4= 9713.83 Extra= 9713.83 | LossLevel= 0 | LossCount= 0 | Stake= 10 | Regime= 2 | Score= 30 | Reconfirm= 1 | Guard= false | Reason= BLOCK: QUALITY
2026-09-08,10:58:48 GMT,[SCALPER V3] Direction= 0 | RSI= 0 | SMA2= 9713.605 | SMA3= 9713.44 | Points= 0.05999999999949068 | Strength= 560 | Points2= 0.12000000000080036 | Strength2= 560 | Tick1= 9713.65 Tick2= 9713.77 Tick3= 9713.83 Tick4= 9713.87 Extra= 9713.87 | LossLevel= 0 | LossCount= 0 | Stake= 10 | Regime= 3 | Score= 10 | Reconfirm= 1 | Guard= false | Reason= BLOCK: QUALITY
2026-09-08,10:58:48 GMT,[SCALPER V3] Direction= 0 | RSI= 50 | SMA2= 9713.665 | SMA3= 9713.48 | Points= 0.040000000000873115 | Strength= 560 | Points2= 0.05999999999949068 | Strength2= 560 | Tick1= 9713.77 Tick2= 9713.83 Tick3= 9713.87 Tick4= 9713.83 Extra= 9713.83 | LossLevel= 0 | LossCount= 0 | Stake= 10 | Regime= 2 | Score= 30 | Reconfirm= 1 | Guard= false | Reason= BLOCK: QUALITY
2026-09-08,10:58:48 GMT,[SCALPER V3] Direction= 0 | RSI= 100 | SMA2= 9713.695 | SMA3= 9713.5 | Points= 0.040000000000873115 | Strength= 560 | Points2= 0.040000000000873115 | Strength2= 560 | Tick1= 9713.83 Tick2= 9713.87 Tick3= 9713.83 Tick4= 9713.75 Extra= 9713.75 | LossLevel= 0 | LossCount= 0 | Stake= 10 | Regime= 3 | Score= 10 | Reconfirm= 1 | Guard= false | Reason= BLOCK: QUALITY
2026-09-08,10:58:48 GMT,[SCALPER V3] Direction= 0 | RSI= 17.777777777732865 | SMA2= 9713.715 | SMA3= 9713.513333333334 | Points= 0.07999999999992724 | Strength= 560 | Points2= 0.040000000000873115 | Strength2= 560 | Tick1= 9713.87 Tick2= 9713.83 Tick3= 9713.75 Tick4= 9714.12 Extra= 9714.12 | LossLevel= 0 | LossCount= 0 | Stake= 10 | Regime= 3 | Score= 20 | Reconfirm= 1 | Guard= false | Reason= BLOCK: QUALITY
2026-09-08,10:58:48 GMT,[SCALPER V3] Direction= 0 | RSI= 0 | SMA2= 9713.695 | SMA3= 9713.5 | Points= 0.37000000000080036 | Strength= 560 | Points2= 0.07999999999992724 | Strength2= 560 | Tick1= 9713.83 Tick2= 9713.75 Tick3= 9714.12 Tick4= 9714.13 Extra= 9714.13 | LossLevel= 0 | LossCount= 0 | Stake= 10 | Regime= 2 | Score= 40 | Reconfirm= 1 | Guard= false | Reason= BLOCK: QUALITY
2026-09-08,10:58:48 GMT,[SCALPER V3] Direction= 0 | RSI= 87.5000000017053 | SMA2= 9713.654999999999 | SMA3= 9713.473333333333 | Points= 0.00999999999839929 | Strength= 560 | Points2= 0.37000000000080036 | Strength2= 560 | Tick1= 9713.75 Tick2= 9714.12 Tick3= 9714.13 Tick4= 9714.06 Extra= 9714.06 | LossLevel= 0 | LossCount= 0 | Stake= 10 | Regime= 3 | Score= 10 | Reconfirm= 1 | Guard= false | Reason= BLOCK: QUALITY
2026-09-08,10:58:48 GMT,[SCALPER V3] Direction= 0 | RSI= 100 | SMA2= 9713.84 | SMA3= 9713.596666666666 | Points= 0.06999999999970896 | Strength= 560 | Points2= 0.00999999999839929 | Strength2= 560 | Tick1= 9714.12 Tick2= 9714.13 Tick3= 9714.06 Tick4= 9713.87 Extra= 9713.87 | LossLevel= 0 | LossCount= 0 | Stake= 10 | Regime= 3 | Score= 20 | Reconfirm= 1 | Guard= false | Reason= BLOCK: QUALITY
2026-09-08,10:58:48 GMT,[SCALPER V3] Direction= 2 | RSI= 100 | SMA2= 9713.845 | SMA3= 9713.599999999999 | Points= 0.18999999999869033 | Strength= 560 | Points2= 0.06999999999970896 | Strength2= 560 | Tick1= 9714.13 Tick2= 9714.06 Tick3= 9713.87 Tick4= 9713.56 Extra= 9713.56 | LossLevel= 0 | LossCount= 0 | Stake= 10 | Regime= 2 | Score= 40 | Reconfirm= 1 | Guard= false | Reason= BLOCK: QUALITY
2026-09-08,10:58:48 GMT,[SCALPER V3] Direction= 0 | RSI= 100 | SMA2= 9713.81 | SMA3= 9713.576666666666 | Points= 0.3100000000013097 | Strength= 560 | Points2= 0.18999999999869033 | Strength2= 560 | Tick1= 9714.06 Tick2= 9713.87 Tick3= 9713.56 Tick4= 9713.47 Extra= 9713.47 | LossLevel= 0 | LossCount= 0 | Stake= 10 | Regime= 2 | Score= 40 | Reconfirm= 1 | Guard= false | Reason= BLOCK: QUALITY
2026-09-08,10:58:48 GMT,[SCALPER V3] Direction= 0 | RSI= 100 | SMA2= 9713.715 | SMA3= 9713.513333333334 | Points= 0.09000000000014552 | Strength= 560 | Points2= 0.3100000000013097 | Strength2= 560 | Tick1= 9713.87 Tick2= 9713.56 Tick3= 9713.47 Tick4= 9713.42 Extra= 9713.42 | LossLevel= 0 | LossCount= 0 | Stake= 10 | Regime= 3 | Score= 10 | Reconfirm= 1 | Guard= false | Reason= BLOCK: QUALITY
2026-09-08,10:58:48 GMT,[SCALPER V3] Direction= 0 | RSI= 100 | SMA2= 9713.56 | SMA3= 9713.409999999998 | Points= 0.049999999999272404 | Strength= 560 | Points2= 0.09000000000014552 | Strength2= 560 | Tick1= 9713.56 Tick2= 9713.47 Tick3= 9713.42 Tick4= 9713.05 Extra= 9713.05 | LossLevel= 0 | LossCount= 0 | Stake= 10 | Regime= 3 | Score= 10 | Reconfirm= 1 | Guard= false | Reason= BLOCK: QUALITY
2026-09-08,10:58:48 GMT,[SCALPER V3] Direction= 0 | RSI= 57.81250000001332 | SMA2= 9713.515 | SMA3= 9713.38 | Points= 0.37000000000080036 | Strength= 560 | Points2= 0.049999999999272404 | Strength2= 560 | Tick1= 9713.47 Tick2= 9713.42 Tick3= 9713.05 Tick4= 9713.32 Extra= 9713.32 | LossLevel= 0 | LossCount= 0 | Stake= 10 | Regime= 1 | Score= 100 | Reconfirm= 1 | Guard= false | Reason= BLOCK: QUALITY
2026-09-08,10:58:48 GMT,[SCALPER V3] Direction= 0 | RSI= 0 | SMA2= 9713.49 | SMA3= 9713.363333333333 | Points= 0.27000000000043656 | Strength= 560 | Points2= 0.37000000000080036 | Strength2= 560 | Tick1= 9713.42 Tick2= 9713.05 Tick3= 9713.32 Tick4= 9713.54 Extra= 9713.54 | LossLevel= 0 | LossCount= 0 | Stake= 10 | Regime= 2 | Score= 30 | Reconfirm= 1 | Guard= false | Reason= BLOCK: QUALITY
2026-09-08,10:58:48 GMT,[SCALPER V3] Direction= 0 | RSI= 47.61904761900637 | SMA2= 9713.305 | SMA3= 9713.24 | Points= 0.22000000000116415 | Strength= 560 | Points2= 0.27000000000043656 | Strength2= 560 | Tick1= 9713.05 Tick2= 9713.32 Tick3= 9713.54 Tick4= 9713.34 Extra= 9713.34 | LossLevel= 0 | LossCount= 0 | Stake= 10 | Regime= 2 | Score= 50 | Reconfirm= 1 | Guard= false | Reason= BLOCK: QUALITY
2026-09-08,10:58:48 GMT,[SCALPER V3] Direction= 0 | RSI= 54.05405405413377 | SMA2= 9713.439999999999 | SMA3= 9713.33 | Points= 0.2000000000007276 | Strength= 560 | Points2= 0.22000000000116415 | Strength2= 560 | Tick1= 9713.32 Tick2= 9713.54 Tick3= 9713.34 Tick4= 9713.51 Extra= 9713.51 | LossLevel= 0 | LossCount= 0 | Stake= 10 | Regime= 2 | Score= 50 | Reconfirm= 1 | Guard= false | Reason= BLOCK: QUALITY
2026-09-08,10:58:48 GMT,[SCALPER V3] Direction= 0 | RSI= 0 | SMA2= 9713.55 | SMA3= 9713.403333333334 | Points= 0.17000000000007276 | Strength= 560 | Points2= 0.2000000000007276 | Strength2= 560 | Tick1= 9713.54 Tick2= 9713.34 Tick3= 9713.51 Tick4= 9713.63 Extra= 9713.63 | LossLevel= 0 | LossCount= 0 | Stake= 10 | Regime= 2 | Score= 30 | Reconfirm= 1 | Guard= false | Reason= BLOCK: QUALITY
2026-09-08,10:58:48 GMT,[SCALPER V3] Direction= 0 | RSI= 0 | SMA2= 9713.45 | SMA3= 9713.336666666666 | Points= 0.11999999999898137 | Strength= 560 | Points2= 0.17000000000007276 | Strength2= 560 | Tick1= 9713.34 Tick2= 9713.51 Tick3= 9713.63 Tick4= 9713.66 Extra= 9713.66 | LossLevel= 0 | LossCount= 0 | Stake= 10 | Regime= 3 | Score= 10 | Reconfirm= 1 | Guard= false | Reason= BLOCK: QUALITY
2026-09-08,10:58:48 GMT,[SCALPER V3] Direction= 0 | RSI= 0 | SMA2= 9713.535 | SMA3= 9713.393333333333 | Points= 0.030000000000654836 | Strength= 560 | Points2= 0.11999999999898137 | Strength2= 560 | Tick1= 9713.51 Tick2= 9713.63 Tick3= 9713.66 Tick4= 9713.84 Extra= 9713.84 | LossLevel= 0 | LossCount= 0 | Stake= 10 | Regime= 3 | Score= 10 | Reconfirm= 1 | Guard= false | Reason= BLOCK: QUALITY
2026-09-08,10:58:48 GMT,[SCALPER V3] Direction= 0 | RSI= 0 | SMA2= 9713.595 | SMA3= 9713.433333333332 | Points= 0.18000000000029104 | Strength= 560 | Points2= 0.030000000000654836 | Strength2= 560 | Tick1= 9713.63 Tick2= 9713.66 Tick3= 9713.84 Tick4= 9713.98 Extra= 9713.98 | LossLevel= 0 | LossCount= 0 | Stake= 10 | Regime= 2 | Score= 40 | Reconfirm= 1 | Guard= false | Reason= BLOCK: QUALITY
2026-09-08,10:58:48 GMT,[SCALPER V3] Direction= 0 | RSI= 33.33333333333333 | SMA2= 9713.61 | SMA3= 9713.443333333333 | Points= 0.13999999999941792 | Strength= 560 | Points2= 0.18000000000029104 | Strength2= 560 | Tick1= 9713.66 Tick2= 9713.84 Tick3= 9713.98 Tick4= 9713.91 Extra= 9713.91 | LossLevel= 0 | LossCount= 0 | Stake= 10 | Regime= 2 | Score= 50 | Reconfirm= 1 | Guard= false | Reason= BLOCK: QUALITY
2026-09-08,10:58:48 GMT,[SCALPER V3] Direction= 0 | RSI= 100 | SMA2= 9713.7 | SMA3= 9713.503333333332 | Points= 0.06999999999970896 | Strength= 560 | Points2= 0.13999999999941792 | Strength2= 560 | Tick1= 9713.84 Tick2= 9713.98 Tick3= 9713.91 Tick4= 9713.83 Extra= 9713.83 | LossLevel= 0 | LossCount= 0 | Stake= 10 | Regime= 3 | Score= 10 | Reconfirm= 1 | Guard= false | Reason= BLOCK: QUALITY
2026-09-08,10:58:48 GMT,[SCALPER V3] Direction= 0 | RSI= 100 | SMA2= 9713.77 | SMA3= 9713.55 | Points= 0.07999999999992724 | Strength= 560 | Points2= 0.06999999999970896 | Strength2= 560 | Tick1= 9713.98 Tick2= 9713.91 Tick3= 9713.83 Tick4= 9713.73 Extra= 9713.73 | LossLevel= 0 | LossCount= 0 | Stake= 10 | Regime= 3 | Score= 20 | Reconfirm= 1 | Guard= false | Reason= BLOCK: QUALITY
2026-09-08,10:58:48 GMT,[SCALPER V3] Direction= 0 | RSI= 100 | SMA2= 9713.735 | SMA3= 9713.526666666667 | Points= 0.1000000000003638 | Strength= 560 | Points2= 0.07999999999992724 | Strength2= 560 | Tick1= 9713.91 Tick2= 9713.83 Tick3= 9713.73 Tick4= 9713.66 Extra= 9713.66 | LossLevel= 0 | LossCount= 0 | Stake= 10 | Regime= 3 | Score= 20 | Reconfirm= 1 | Guard= false | Reason= BLOCK: QUALITY
2026-09-08,10:58:48 GMT,[SCALPER V3] Direction= 0 | RSI= 100 | SMA2= 9713.695 | SMA3= 9713.5 | Points= 0.06999999999970896 | Strength= 560 | Points2= 0.1000000000003638 | Strength2= 560 | Tick1= 9713.83 Tick2= 9713.73 Tick3= 9713.66 Tick4= 9713.44 Extra= 9713.44 | LossLevel= 0 | LossCount= 0 | Stake= 10 | Regime= 3 | Score= 10 | Reconfirm= 1 | Guard= false | Reason= BLOCK: QUALITY
2026-09-08,10:58:48 GMT,[SCALPER V3] Direction= 0 | RSI= 88.00000000037835 | SMA2= 9713.645 | SMA3= 9713.466666666665 | Points= 0.21999999999934516 | Strength= 560 | Points2= 0.06999999999970896 | Strength2= 560 | Tick1= 9713.73 Tick2= 9713.66 Tick3= 9713.44 Tick4= 9713.47 Extra= 9713.47 | LossLevel= 0 | LossCount= 0 | Stake= 10 | Regime= 1 | Score= 80 | Reconfirm= 1 | Guard= false | Reason= BLOCK: QUALITY
2026-09-08,10:58:48 GMT,[SCALPER V3] Direction= 0 | RSI= 70.0000000007276 | SMA2= 9713.61 | SMA3= 9713.443333333333 | Points= 0.029999999998835847 | Strength= 560 | Points2= 0.21999999999934516 | Strength2= 560 | Tick1= 9713.66 Tick2= 9713.44 Tick3= 9713.47 Tick4= 9713.4 Extra= 9713.4 | LossLevel= 0 | LossCount= 0 | Stake= 10 | Regime= 1 | Score= 50 | Reconfirm= 1 | Guard= false | Reason= BLOCK: QUALITY
2026-09-08,10:58:48 GMT,[SCALPER V3] Direction= 0 | RSI= 100 | SMA2= 9713.5 | SMA3= 9713.37 | Points= 0.06999999999970896 | Strength= 560 | Points2= 0.029999999998835847 | Strength2= 560 | Tick1= 9713.44 Tick2= 9713.47 Tick3= 9713.4 Tick4= 9713.37 Extra= 9713.37 | LossLevel= 0 | LossCount= 0 | Stake= 10 | Regime= 3 | Score= 20 | Reconfirm= 1 | Guard= false | Reason= BLOCK: QUALITY
2026-09-08,10:58:48 GMT,[SCALPER V3] Direction= 0 | RSI= 100 | SMA2= 9713.515 | SMA3= 9713.38 | Points= 0.029999999998835847 | Strength= 560 | Points2= 0.06999999999970896 | Strength2= 560 | Tick1= 9713.47 Tick2= 9713.4 Tick3= 9713.37 Tick4= 9713.17 Extra= 9713.17 | LossLevel= 0 | LossCount= 0 | Stake= 10 | Regime= 3 | Score= 10 | Reconfirm= 1 | Guard= false | Reason= BLOCK: QUALITY
2026-09-08,10:58:48 GMT,[SCALPER V3] Direction= 0 | RSI= 80.00000000029104 | SMA2= 9713.48 | SMA3= 9713.356666666667 | Points= 0.2000000000007276 | Strength= 560 | Points2= 0.029999999998835847 | Strength2= 560 | Tick1= 9713.4 Tick2= 9713.37 Tick3= 9713.17 Tick4= 9713.22 Extra= 9713.22 | LossLevel= 0 | LossCount= 0 | Stake= 10 | Regime= 1 | Score= 80 | Reconfirm= 1 | Guard= false | Reason= BLOCK: QUALITY
2026-09-08,10:58:48 GMT,[SCALPER V3] Direction= 0 | RSI= 0 | SMA2= 9713.465 | SMA3= 9713.346666666666 | Points= 0.049999999999272404 | Strength= 560 | Points2= 0.2000000000007276 | Strength2= 560 | Tick1= 9713.37 Tick2= 9713.17 Tick3= 9713.22 Tick4= 9713.28 Extra= 9713.28 | LossLevel= 0 | LossCount= 0 | Stake= 10 | Regime= 3 | Score= 10 | Reconfirm= 1 | Guard= false | Reason= BLOCK: QUALITY
2026-09-08,10:58:48 GMT,[SCALPER V3] Direction= 0 | RSI= 0 | SMA2= 9713.365 | SMA3= 9713.279999999999 | Points= 0.06000000000130967 | Strength= 560 | Points2= 0.049999999999272404 | Strength2= 560 | Tick1= 9713.17 Tick2= 9713.22 Tick3= 9713.28 Tick4= 9713.51 Extra= 9713.51 | LossLevel= 0 | LossCount= 0 | Stake= 10 | Regime= 3 | Score= 20 | Reconfirm= 1 | Guard= false | Reason= BLOCK: QUALITY
2026-09-08,10:58:48 GMT,[SCALPER V3] Direction= 0 | RSI= 52.08333333338071 | SMA2= 9713.39 | SMA3= 9713.296666666667 | Points= 0.22999999999956344 | Strength= 560 | Points2= 0.06000000000130967 | Strength2= 560 | Tick1= 9713.22 Tick2= 9713.28 Tick3= 9713.51 Tick4= 9713.26 Extra= 9713.26 | LossLevel= 0 | LossCount= 0 | Stake= 10 | Regime= 2 | Score= 60 | Reconfirm= 1 | Guard= false | Reason= BLOCK: QUALITY
2026-09-08,10:58:48 GMT,[SCALPER V3] Direction= 0 | RSI= 92.59259259244288 | SMA2= 9713.42 | SMA3= 9713.316666666666 | Points= 0.25 | Strength= 560 | Points2= 0.22999999999956344 | Strength2= 560 | Tick1= 9713.28 Tick2= 9713.51 Tick3= 9713.26 Tick4= 9713.28 Extra= 9713.28 | LossLevel= 0 | LossCount= 0 | Stake= 10 | Regime= 2 | Score= 40 | Reconfirm= 1 | Guard= false | Reason= BLOCK: QUALITY
2026-09-08,10:58:48 GMT,[SCALPER V3] Direction= 0 | RSI= 0 | SMA2= 9713.535 | SMA3= 9713.393333333333 | Points= 0.020000000000436557 | Strength= 560 | Points2= 0.25 | Strength2= 560 | Tick1= 9713.51 Tick2= 9713.26 Tick3= 9713.28 Tick4= 9713.47 Extra= 9713.47 | LossLevel= 0 | LossCount= 0 | Stake= 10 | Regime= 3 | Score= 10 | Reconfirm= 1 | Guard= false | Reason= BLOCK: QUALITY
2026-09-08,10:58:48 GMT,[SCALPER V3] Direction= 0 | RSI= 48.64864864860879 | SMA2= 9713.41 | SMA3= 9713.31 | Points= 0.18999999999869033 | Strength= 560 | Points2= 0.020000000000436557 | Strength2= 560 | Tick1= 9713.26 Tick2= 9713.28 Tick3= 9713.47 Tick4= 9713.29 Extra= 9713.29 | LossLevel= 0 | LossCount= 0 | Stake= 10 | Regime= 2 | Score= 60 | Reconfirm= 1 | Guard= false | Reason= BLOCK: QUALITY
2026-09-08,10:58:48 GMT,[SCALPER V3] Direction= 0 | RSI= 81.81818181840731 | SMA2= 9713.42 | SMA3= 9713.316666666666 | Points= 0.17999999999847205 | Strength= 560 | Points2= 0.18999999999869033 | Strength2= 560 | Tick1= 9713.28 Tick2= 9713.47 Tick3= 9713.29 Tick4= 9713.33 Extra= 9713.33 | LossLevel= 0 | LossCount= 0 | Stake= 10 | Regime= 2 | Score= 30 | Reconfirm= 1 | Guard= false | Reason= BLOCK: QUALITY
2026-09-08,10:58:48 GMT,[SCALPER V3] Direction= 0 | RSI= 88.88888888911346 | SMA2= 9713.515 | SMA3= 9713.38 | Points= 0.039999999999054126 | Strength= 560 | Points2= 0.17999999999847205 | Strength2= 560 | Tick1= 9713.47 Tick2= 9713.29 Tick3= 9713.33 Tick4= 9713.01 Extra= 9713.01 | LossLevel= 0 | LossCount= 0 | Stake= 10 | Regime= 3 | Score= 10 | Reconfirm= 1 | Guard= false | Reason= BLOCK: QUALITY
2026-09-08,10:58:48 GMT,[SCALPER V3] Direction= 0 | RSI= 72.72727272742306 | SMA2= 9713.425 | SMA3= 9713.32 | Points= 0.31999999999970896 | Strength= 560 | Points2= 0.039999999999054126 | Strength2= 560 | Tick1= 9713.29 Tick2= 9713.33 Tick3= 9713.01 Tick4= 9713.13 Extra= 9713.13 | LossLevel= 0 | LossCount= 0 | Stake= 10 | Regime= 1 | Score= 80 | Reconfirm= 1 | Guard= false | Reason= BLOCK: QUALITY
2026-09-08,10:58:48 GMT,[SCALPER V3] Direction= 0 | RSI= 0 | SMA2= 9713.445 | SMA3= 9713.333333333334 | Points= 0.11999999999898137 | Strength= 560 | Points2= 0.31999999999970896 | Strength2= 560 | Tick1= 9713.33 Tick2= 9713.01 Tick3= 9713.13 Tick4= 9713.14 Extra= 9713.14 | LossLevel= 0 | LossCount= 0 | Stake= 10 | Regime= 3 | Score= 10 | Reconfirm= 1 | Guard= false | Reason= BLOCK: QUALITY
2026-09-08,10:58:48 GMT,[SCALPER V3] Direction= 0 | RSI= 0 | SMA2= 9713.285 | SMA3= 9713.226666666667 | Points= 0.010000000000218279 | Strength= 560 | Points2= 0.11999999999898137 | Strength2= 560 | Tick1= 9713.01 Tick2= 9713.13 Tick3= 9713.14 Tick4= 9713.24 Extra= 9713.24 | LossLevel= 0 | LossCount= 0 | Stake= 10 | Regime= 3 | Score= 10 | Reconfirm= 1 | Guard= false | Reason= BLOCK: QUALITY
2026-09-08,10:58:48 GMT,[SCALPER V3] Direction= 0 | RSI= 0 | SMA2= 9713.345 | SMA3= 9713.266666666665 | Points= 0.1000000000003638 | Strength= 560 | Points2= 0.010000000000218279 | Strength2= 560 | Tick1= 9713.13 Tick2= 9713.14 Tick3= 9713.24 Tick4= 9713.31 Extra= 9713.31 | LossLevel= 0 | LossCount= 0 | Stake= 10 | Regime= 3 | Score= 20 | Reconfirm= 1 | Guard= false | Reason= BLOCK: QUALITY
2026-09-08,10:58:48 GMT,[SCALPER V3] Direction= 0 | RSI= 0 | SMA2= 9713.349999999999 | SMA3= 9713.269999999999 | Points= 0.06999999999970896 | Strength= 560 | Points2= 0.1000000000003638 | Strength2= 560 | Tick1= 9713.14 Tick2= 9713.24 Tick3= 9713.31 Tick4= 9713.35 Extra= 9713.35 | LossLevel= 0 | LossCount= 0 | Stake= 10 | Regime= 3 | Score= 10 | Reconfirm= 1 | Guard= false | Reason= BLOCK: QUALITY
2026-09-08,10:58:48 GMT,[SCALPER V3] Direction= 0 | RSI= 63.636363635762315 | SMA2= 9713.4 | SMA3= 9713.303333333331 | Points= 0.040000000000873115 | Strength= 560 | Points2= 0.06999999999970896 | Strength2= 560 | Tick1= 9713.24 Tick2= 9713.31 Tick3= 9713.35 Tick4= 9713.28 Extra= 9713.28 | LossLevel= 0 | LossCount= 0 | Stake= 10 | Regime= 2 | Score= 30 | Reconfirm= 1 | Guard= false | Reason= BLOCK: QUALITY
2026-09-08,10:58:48 GMT,[SCALPER V3] Direction= 0 | RSI= 58.33333333358597 | SMA2= 9713.435 | SMA3= 9713.326666666666 | Points= 0.06999999999970896 | Strength= 560 | Points2= 0.040000000000873115 | Strength2= 560 | Tick1= 9713.31 Tick2= 9713.35 Tick3= 9713.28 Tick4= 9713.33 Extra= 9713.33 | LossLevel= 0 | LossCount= 0 | Stake= 10 | Regime= 2 | Score= 40 | Reconfirm= 1 | Guard= false | Reason= BLOCK: QUALITY
2026-09-08,10:58:48 GMT,[SCALPER V3] Direction= 0 | RSI= 85.7142857144342 | SMA2= 9713.455 | SMA3= 9713.339999999998 | Points= 0.049999999999272404 | Strength= 560 | Points2= 0.06999999999970896 | Strength2= 560 | Tick1= 9713.35 Tick2= 9713.28 Tick3= 9713.33 Tick4= 9713.03 Extra= 9713.03 | LossLevel= 0 | LossCount= 0 | Stake= 10 | Regime= 3 | Score= 10 | Reconfirm= 1 | Guard= false | Reason= BLOCK: QUALITY
2026-09-08,10:58:48 GMT,[SCALPER V3] Direction= 0 | RSI= 85.7142857144342 | SMA2= 9713.42 | SMA3= 9713.316666666666 | Points= 0.2999999999992724 | Strength= 560 | Points2= 0.049999999999272404 | Strength2= 560 | Tick1= 9713.28 Tick2= 9713.33 Tick3= 9713.03 Tick4= 9713.08 Extra= 9713.08 | LossLevel= 0 | LossCount= 0 | Stake= 10 | Regime= 1 | Score= 80 | Reconfirm= 1 | Guard= false | Reason= BLOCK: QUALITY
2026-09-08,10:58:48 GMT,[SCALPER V3] Direction= 0 | RSI= 0 | SMA2= 9713.445 | SMA3= 9713.333333333334 | Points= 0.049999999999272404 | Strength= 560 | Points2= 0.2999999999992724 | Strength2= 560 | Tick1= 9713.33 Tick2= 9713.03 Tick3= 9713.08 Tick4= 9713.31 Extra= 9713.31 | LossLevel= 0 | LossCount= 0 | Stake= 10 | Regime= 3 | Score= 10 | Reconfirm= 1 | Guard= false | Reason= BLOCK: QUALITY
2026-09-08,10:58:48 GMT,[SCALPER V3] Direction= 0 | RSI= 0 | SMA2= 9713.295 | SMA3= 9713.233333333332 | Points= 0.22999999999956344 | Strength= 560 | Points2= 0.049999999999272404 | Strength2= 560 | Tick1= 9713.03 Tick2= 9713.08 Tick3= 9713.31 Tick4= 9713.55 Extra= 9713.55 | LossLevel= 0 | LossCount= 0 | Stake= 10 | Regime= 2 | Score= 40 | Reconfirm= 1 | Guard= false | Reason= BLOCK: QUALITY
2026-09-08,10:58:48 GMT,[SCALPER V3] Direction= 0 | RSI= 0 | SMA2= 9713.32 | SMA3= 9713.25 | Points= 0.23999999999978172 | Strength= 560 | Points2= 0.22999999999956344 | Strength2= 560 | Tick1= 9713.08 Tick2= 9713.31 Tick3= 9713.55 Tick4= 9713.57 Extra= 9713.57 | LossLevel= 0 | LossCount= 0 | Stake= 10 | Regime= 2 | Score= 40 | Reconfirm= 1 | Guard= false | Reason= BLOCK: QUALITY
2026-09-08,10:58:48 GMT,[SCALPER V3] Direction= 0 | RSI= 90.4761904760255 | SMA2= 9713.435 | SMA3= 9713.326666666666 | Points= 0.020000000000436557 | Strength= 560 | Points2= 0.23999999999978172 | Strength2= 560 | Tick1= 9713.31 Tick2= 9713.55 Tick3= 9713.57 Tick4= 9713.38 Extra= 9713.38 | LossLevel= 0 | LossCount= 0 | Stake= 10 | Regime= 3 | Score= 10 | Reconfirm= 1 | Guard= false | Reason= BLOCK: QUALITY
2026-09-08,10:58:48 GMT,[SCALPER V3] Direction= 0 | RSI= 70.37037037044523 | SMA2= 9713.555 | SMA3= 9713.406666666666 | Points= 0.19000000000050932 | Strength= 560 | Points2= 0.020000000000436557 | Strength2= 560 | Tick1= 9713.55 Tick2= 9713.57 Tick3= 9713.38 Tick4= 9713.46 Extra= 9713.46 | LossLevel= 0 | LossCount= 0 | Stake= 10 | Regime= 1 | Score= 80 | Reconfirm= 1 | Guard= false | Reason= BLOCK: QUALITY
2026-09-08,10:58:48 GMT,[SCALPER V3] Direction= 0 | RSI= 0 | SMA2= 9713.564999999999 | SMA3= 9713.413333333332 | Points= 0.07999999999992724 | Strength= 560 | Points2= 0.19000000000050932 | Strength2= 560 | Tick1= 9713.57 Tick2= 9713.38 Tick3= 9713.46 Tick4= 9713.56 Extra= 9713.56 | LossLevel= 0 | LossCount= 0 | Stake= 10 | Regime= 3 | Score= 10 | Reconfirm= 1 | Guard= false | Reason= BLOCK: QUALITY
2026-09-08,10:58:48 GMT,[SCALPER V3] Direction= 0 | RSI= 71.42857142849718 | SMA2= 9713.47 | SMA3= 9713.349999999999 | Points= 0.1000000000003638 | Strength= 560 | Points2= 0.07999999999992724 | Strength2= 560 | Tick1= 9713.38 Tick2= 9713.46 Tick3= 9713.56 Tick4= 9713.31 Extra= 9713.31 | LossLevel= 0 | LossCount= 0 | Stake= 10 | Regime= 1 | Score= 60 | Reconfirm= 1 | Guard= false | Reason= BLOCK: QUALITY
2026-09-08,10:58:48 GMT,[SCALPER V3] Direction= 0 | RSI= 100 | SMA2= 9713.509999999998 | SMA3= 9713.376666666665 | Points= 0.25 | Strength= 560 | Points2= 0.1000000000003638 | Strength2= 560 | Tick1= 9713.46 Tick2= 9713.56 Tick3= 9713.31 Tick4= 9713.29 Extra= 9713.29 | LossLevel= 0 | LossCount= 0 | Stake= 10 | Regime= 2 | Score= 40 | Reconfirm= 1 | Guard= false | Reason= BLOCK: QUALITY
2026-09-08,10:58:48 GMT,[SCALPER V3] Direction= 0 | RSI= 100 | SMA2= 9713.335 | SMA3= 9713.606666666667 | Points= 0.019999999998617568 | Strength= 560 | Points2= 0.25 | Strength2= 560 | Tick1= 9713.56 Tick2= 9713.31 Tick3= 9713.29 Tick4= 9712.96 Extra= 9712.96 | LossLevel= 0 | LossCount= 0 | Stake= 10 | Regime= 3 | Score= 10 | Reconfirm= 1 | Guard= false | Reason= BLOCK: QUALITY
2026-09-08,10:58:48 GMT,[SCALPER V3] Direction= 0 | RSI= 100 | SMA2= 9713.21 | SMA3= 9713.523333333333 | Points= 0.33000000000174623 | Strength= 560 | Points2= 0.019999999998617568 | Strength2= 560 | Tick1= 9713.31 Tick2= 9713.29 Tick3= 9712.96 Tick4= 9712.92 Extra= 9712.92 | LossLevel= 0 | LossCount= 0 | Stake= 10 | Regime= 2 | Score= 40 | Reconfirm= 1 | Guard= false | Reason= BLOCK: QUALITY
2026-09-08,10:58:48 GMT,[SCALPER V3] Direction= 0 | RSI= 100 | SMA2= 9713.2 | SMA3= 9713.516666666668 | Points= 0.039999999999054126 | Strength= 560 | Points2= 0.33000000000174623 | Strength2= 560 | Tick1= 9713.29 Tick2= 9712.96 Tick3= 9712.92 Tick4= 9712.76 Extra= 9712.76 | LossLevel= 0 | LossCount= 0 | Stake= 10 | Regime= 3 | Score= 10 | Reconfirm= 1 | Guard= false | Reason= BLOCK: QUALITY
2026-09-08,10:58:48 GMT,[SCALPER V3] Direction= 0 | RSI= 94.11764705869764 | SMA2= 9713.035 | SMA3= 9713.406666666668 | Points= 0.15999999999985448 | Strength= 560 | Points2= 0.039999999999054126 | Strength2= 560 | Tick1= 9712.96 Tick2= 9712.92 Tick3= 9712.76 Tick4= 9712.77 Extra= 9712.77 | LossLevel= 0 | LossCount= 0 | Stake= 10 | Regime= 2 | Score= 40 | Reconfirm= 1 | Guard= false | Reason= BLOCK: QUALITY
2026-09-08,10:58:48 GMT,[SCALPER V3] Direction= 0 | RSI= 94.11764705869764 | SMA2= 9713.015 | SMA3= 9713.393333333333 | Points= 0.010000000000218279 | Strength= 560 | Points2= 0.15999999999985448 | Strength2= 560 | Tick1= 9712.92 Tick2= 9712.76 Tick3= 9712.77 Tick4= 9712.61 Extra= 9712.61 | LossLevel= 0 | LossCount= 0 | Stake= 10 | Regime= 3 | Score= 10 | Reconfirm= 1 | Guard= false | Reason= BLOCK: QUALITY
2026-09-08,10:58:48 GMT,[SCALPER V3] Direction= 0 | RSI= 100 | SMA2= 9712.935000000001 | SMA3= 9713.340000000002 | Points= 0.15999999999985448 | Strength= 560 | Points2= 0.010000000000218279 | Strength2= 560 | Tick1= 9712.76 Tick2= 9712.77 Tick3= 9712.61 Tick4= 9712.45 Extra= 9712.45 | LossLevel= 0 | LossCount= 0 | Stake= 10 | Regime= 2 | Score= 40 | Reconfirm= 1 | Guard= false | Reason= BLOCK: QUALITY
2026-09-08,10:58:48 GMT,[SCALPER V3] Direction= 0 | RSI= 100 | SMA2= 9712.94 | SMA3= 9713.343333333334 | Points= 0.15999999999985448 | Strength= 560 | Points2= 0.15999999999985448 | Strength2= 560 | Tick1= 9712.77 Tick2= 9712.61 Tick3= 9712.45 Tick4= 9712.45 Extra= 9712.45 | LossLevel= 0 | LossCount= 0 | Stake= 10 | Regime= 2 | Score= 30 | Reconfirm= 1 | Guard= false | Reason= BLOCK: QUALITY
2026-09-08,10:58:48 GMT,[SCALPER V3] Direction= 0 | RSI= 0 | SMA2= 9712.86 | SMA3= 9713.29 | Points= 0 | Strength= 560 | Points2= 0.15999999999985448 | Strength2= 560 | Tick1= 9712.61 Tick2= 9712.45 Tick3= 9712.45 Tick4= 9712.48 Extra= 9712.48 | LossLevel= 0 | LossCount= 0 | Stake= 10 | Regime= 3 | Score= 10 | Reconfirm= 1 | Guard= false | Reason= BLOCK: QUALITY
2026-09-08,10:58:48 GMT,[SCALPER V3] Direction= 0 | RSI= 0 | SMA2= 9712.78 | SMA3= 9713.236666666668 | Points= 0.029999999998835847 | Strength= 560 | Points2= 0 | Strength2= 560 | Tick1= 9712.45 Tick2= 9712.45 Tick3= 9712.48 Tick4= 9712.53 Extra= 9712.53 | LossLevel= 0 | LossCount= 0 | Stake= 10 | Regime= 3 | Score= 20 | Reconfirm= 1 | Guard= false | Reason= BLOCK: QUALITY
2026-09-08,10:58:48 GMT,[SCALPER V3] Direction= 0 | RSI= 66.66666666626244 | SMA2= 9712.78 | SMA3= 9713.236666666668 | Points= 0.050000000001091394 | Strength= 560 | Points2= 0.029999999998835847 | Strength2= 560 | Tick1= 9712.45 Tick2= 9712.48 Tick3= 9712.53 Tick4= 9712.43 Extra= 9712.43 | LossLevel= 0 | LossCount= 0 | Stake= 10 | Regime= 2 | Score= 40 | Reconfirm= 1 | Guard= false | Reason= BLOCK: QUALITY
2026-09-08,10:58:48 GMT,[SCALPER V3] Direction= 0 | RSI= 100 | SMA2= 9712.795 | SMA3= 9713.246666666668 | Points= 0.1000000000003638 | Strength= 560 | Points2= 0.050000000001091394 | Strength2= 560 | Tick1= 9712.48 Tick2= 9712.53 Tick3= 9712.43 Tick4= 9712.29 Extra= 9712.29 | LossLevel= 0 | LossCount= 0 | Stake= 10 | Regime= 3 | Score= 20 | Reconfirm= 1 | Guard= false | Reason= BLOCK: QUALITY
2026-09-08,10:58:48 GMT,[SCALPER V3] Direction= 0 | RSI= 100 | SMA2= 9712.82 | SMA3= 9713.263333333334 | Points= 0.13999999999941792 | Strength= 560 | Points2= 0.1000000000003638 | Strength2= 560 | Tick1= 9712.53 Tick2= 9712.43 Tick3= 9712.29 Tick4= 9712.03 Extra= 9712.03 | LossLevel= 0 | LossCount= 0 | Stake= 10 | Regime= 2 | Score= 40 | Reconfirm= 1 | Guard= false | Reason= BLOCK: QUALITY
2026-09-08,10:58:48 GMT,[SCALPER V3] Direction= 0 | RSI= 100 | SMA2= 9712.77 | SMA3= 9713.230000000001 | Points= 0.2600000000002183 | Strength= 560 | Points2= 0.13999999999941792 | Strength2= 560 | Tick1= 9712.43 Tick2= 9712.29 Tick3= 9712.03 Tick4= 9711.83 Extra= 9711.83 | LossLevel= 0 | LossCount= 0 | Stake= 10 | Regime= 2 | Score= 40 | Reconfirm= 1 | Guard= false | Reason= BLOCK: QUALITY
2026-09-08,10:58:48 GMT,[SCALPER V3] Direction= 0 | RSI= 41.66666666669825 | SMA2= 9712.7 | SMA3= 9713.183333333334 | Points= 0.2000000000007276 | Strength= 560 | Points2= 0.2600000000002183 | Strength2= 560 | Tick1= 9712.29 Tick2= 9712.03 Tick3= 9711.83 Tick4= 9712.11 Extra= 9712.11 | LossLevel= 0 | LossCount= 0 | Stake= 10 | Regime= 2 | Score= 50 | Reconfirm= 1 | Guard= false | Reason= BLOCK: QUALITY
2026-09-08,10:58:48 GMT,[SCALPER V3] Direction= 0 | RSI= 0 | SMA2= 9712.57 | SMA3= 9713.096666666666 | Points= 0.28000000000065484 | Strength= 560 | Points2= 0.2000000000007276 | Strength2= 560 | Tick1= 9712.03 Tick2= 9711.83 Tick3= 9712.11 Tick4= 9712.19 Extra= 9712.19 | LossLevel= 0 | LossCount= 0 | Stake= 10 | Regime= 2 | Score= 40 | Reconfirm= 1 | Guard= false | Reason= BLOCK: QUALITY
2026-09-08,10:58:48 GMT,[SCALPER V3] Direction= 0 | RSI= 60.0000000001819 | SMA2= 9712.470000000001 | SMA3= 9713.03 | Points= 0.07999999999992724 | Strength= 560 | Points2= 0.28000000000065484 | Strength2= 560 | Tick1= 9711.83 Tick2= 9712.11 Tick3= 9712.19 Tick4= 9712.07 Extra= 9712.07 | LossLevel= 0 | LossCount= 0 | Stake= 10 | Regime= 1 | Score= 70 | Reconfirm= 1 | Guard= false | Reason= BLOCK: QUALITY
2026-09-08,10:58:48 GMT,[SCALPER V3] Direction= 0 | RSI= 100 | SMA2= 9712.61 | SMA3= 9713.123333333335 | Points= 0.12000000000080036 | Strength= 560 | Points2= 0.07999999999992724 | Strength2= 560 | Tick1= 9712.11 Tick2= 9712.19 Tick3= 9712.07 Tick4= 9712 Extra= 9712 | LossLevel= 0 | LossCount= 0 | Stake= 10 | Regime= 2 | Score= 40 | Reconfirm= 1 | Guard= false | Reason= BLOCK: QUALITY
2026-09-08,10:58:48 GMT,[SCALPER V3] Direction= 0 | RSI= 58.33333333358597 | SMA2= 9712.650000000001 | SMA3= 9713.150000000001 | Points= 0.06999999999970896 | Strength= 560 | Points2= 0.12000000000080036 | Strength2= 560 | Tick1= 9712.19 Tick2= 9712.07 Tick3= 9712 Tick4= 9712.05 Extra= 9712.05 | LossLevel= 0 | LossCount= 0 | Stake= 10 | Regime= 2 | Score= 30 | Reconfirm= 1 | Guard= false | Reason= BLOCK: QUALITY
2026-09-08,10:58:48 GMT,[SCALPER V3] Direction= 0 | RSI= 0 | SMA2= 9712.59 | SMA3= 9713.11 | Points= 0.049999999999272404 | Strength= 560 | Points2= 0.06999999999970896 | Strength2= 560 | Tick1= 9712.07 Tick2= 9712 Tick3= 9712.05 Tick4= 9712.25 Extra= 9712.25 | LossLevel= 0 | LossCount= 0 | Stake= 10 | Regime= 3 | Score= 10 | Reconfirm= 1 | Guard= false | Reason= BLOCK: QUALITY
2026-09-08,10:58:48 GMT,[SCALPER V3] Direction= 0 | RSI= 39.393939393705544 | SMA2= 9712.555 | SMA3= 9713.086666666668 | Points= 0.2000000000007276 | Strength= 560 | Points2= 0.049999999999272404 | Strength2= 560 | Tick1= 9712 Tick2= 9712.05 Tick3= 9712.25 Tick4= 9712.12 Extra= 9712.12 | LossLevel= 0 | LossCount= 0 | Stake= 10 | Regime= 1 | Score= 100 | Reconfirm= 1 | Guard= false | Reason= BLOCK: QUALITY
2026-09-08,10:58:48 GMT,[SCALPER V3] Direction= 0 | RSI= 100 | SMA2= 9712.58 | SMA3= 9713.103333333334 | Points= 0.12999999999919964 | Strength= 560 | Points2= 0.2000000000007276 | Strength2= 560 | Tick1= 9712.05 Tick2= 9712.25 Tick3= 9712.12 Tick4= 9712.04 Extra= 9712.04 | LossLevel= 0 | LossCount= 0 | Stake= 10 | Regime= 2 | Score= 30 | Reconfirm= 1 | Guard= false | Reason= BLOCK: QUALITY
2026-09-08,10:58:48 GMT,[SCALPER V3] Direction= 0 | RSI= 61.53846153878444 | SMA2= 9712.68 | SMA3= 9713.17 | Points= 0.07999999999992724 | Strength= 560 | Points2= 0.12999999999919964 | Strength2= 560 | Tick1= 9712.25 Tick2= 9712.12 Tick3= 9712.04 Tick4= 9712.09 Extra= 9712.09 | LossLevel= 0 | LossCount= 0 | Stake= 10 | Regime= 2 | Score= 30 | Reconfirm= 1 | Guard= false | Reason= BLOCK: QUALITY
2026-09-08,10:58:48 GMT,[SCALPER V3] Direction= 0 | RSI= 83.33333333353545 | SMA2= 9712.615000000002 | SMA3= 9713.126666666669 | Points= 0.049999999999272404 | Strength= 560 | Points2= 0.07999999999992724 | Strength2= 560 | Tick1= 9712.12 Tick2= 9712.04 Tick3= 9712.09 Tick4= 9711.84 Extra= 9711.84 | LossLevel= 0 | LossCount= 0 | Stake= 10 | Regime= 3 | Score= 10 | Reconfirm= 1 | Guard= false | Reason= BLOCK: QUALITY
2026-09-08,10:58:48 GMT,[SCALPER V3] Direction= 0 | RSI= 100 | SMA2= 9712.575 | SMA3= 9713.1 | Points= 0.25 | Strength= 560 | Points2= 0.049999999999272404 | Strength2= 560 | Tick1= 9712.04 Tick2= 9712.09 Tick3= 9711.84 Tick4= 9711.69 Extra= 9711.69 | LossLevel= 0 | LossCount= 0 | Stake= 10 | Regime= 2 | Score= 40 | Reconfirm= 1 | Guard= false | Reason= BLOCK: QUALITY
2026-09-08,10:58:48 GMT,[SCALPER V3] Direction= 0 | RSI= 100 | SMA2= 9712.6 | SMA3= 9713.116666666667 | Points= 0.1499999999996362 | Strength= 560 | Points2= 0.25 | Strength2= 560 | Tick1= 9712.09 Tick2= 9711.84 Tick3= 9711.69 Tick4= 9711.64 Extra= 9711.64 | LossLevel= 0 | LossCount= 0 | Stake= 10 | Regime= 2 | Score= 30 | Reconfirm= 1 | Guard= false | Reason= BLOCK: QUALITY
2026-09-08,10:58:48 GMT,[SCALPER V3] Direction= 0 | RSI= 22.727272727648554 | SMA2= 9712.475 | SMA3= 9713.033333333335 | Points= 0.050000000001091394 | Strength= 560 | Points2= 0.1499999999996362 | Strength2= 560 | Tick1= 9711.84 Tick2= 9711.69 Tick3= 9711.64 Tick4= 9711.81 Extra= 9711.81 | LossLevel= 0 | LossCount= 0 | Stake= 10 | Regime= 3 | Score= 10 | Reconfirm= 1 | Guard= false | Reason= BLOCK: QUALITY
2026-09-08,10:58:48 GMT,[SCALPER V3] Direction= 0 | RSI= 60.46511627907961 | SMA2= 9712.400000000001 | SMA3= 9712.983333333335 | Points= 0.17000000000007276 | Strength= 560 | Points2= 0.050000000001091394 | Strength2= 560 | Tick1= 9711.69 Tick2= 9711.64 Tick3= 9711.81 Tick4= 9711.55 Extra= 9711.55 | LossLevel= 0 | LossCount= 0 | Stake= 10 | Regime= 2 | Score= 60 | Reconfirm= 1 | Guard= false | Reason= BLOCK: QUALITY
2026-09-08,10:58:48 GMT,[SCALPER V3] Direction= 0 | RSI= 100 | SMA2= 9712.375 | SMA3= 9712.966666666667 | Points= 0.2600000000002183 | Strength= 560 | Points2= 0.17000000000007276 | Strength2= 560 | Tick1= 9711.64 Tick2= 9711.81 Tick3= 9711.55 Tick4= 9711.45 Extra= 9711.45 | LossLevel= 0 | LossCount= 0 | Stake= 10 | Regime= 2 | Score= 40 | Reconfirm= 1 | Guard= false | Reason= BLOCK: QUALITY
2026-09-08,10:58:48 GMT,[SCALPER V3] Direction= 0 | RSI= 76.92307692350745 | SMA2= 9712.46 | SMA3= 9713.023333333333 | Points= 0.09999999999854481 | Strength= 560 | Points2= 0.2600000000002183 | Strength2= 560 | Tick1= 9711.81 Tick2= 9711.55 Tick3= 9711.45 Tick4= 9711.48 Extra= 9711.48 | LossLevel= 0 | LossCount= 0 | Stake= 10 | Regime= 3 | Score= 10 | Reconfirm= 1 | Guard= false | Reason= BLOCK: QUALITY
2026-09-08,10:58:48 GMT,[SCALPER V3] Direction= 0 | RSI= 0 | SMA2= 9712.33 | SMA3= 9712.936666666666 | Points= 0.029999999998835847 | Strength= 560 | Points2= 0.09999999999854481 | Strength2= 560 | Tick1= 9711.55 Tick2= 9711.45 Tick3= 9711.48 Tick4= 9711.6 Extra= 9711.6 | LossLevel= 0 | LossCount= 0 | Stake= 10 | Regime= 3 | Score= 10 | Reconfirm= 1 | Guard= false | Reason= BLOCK: QUALITY
2026-09-08,10:58:48 GMT,[SCALPER V3] Direction= 0 | RSI= 7.692307692415326 | SMA2= 9712.28 | SMA3= 9712.903333333334 | Points= 0.12000000000080036 | Strength= 560 | Points2= 0.029999999998835847 | Strength2= 560 | Tick1= 9711.45 Tick2= 9711.48 Tick3= 9711.6 Tick4= 9711.59 Extra= 9711.59 | LossLevel= 0 | LossCount= 0 | Stake= 10 | Regime= 1 | Score= 80 | Reconfirm= 1 | Guard= false | Reason= BLOCK: QUALITY
2026-09-08,10:58:48 GMT,[SCALPER V3] Direction= 0 | RSI= 14.285714286085508 | SMA2= 9712.295 | SMA3= 9712.913333333334 | Points= 0.010000000000218279 | Strength= 560 | Points2= 0.12000000000080036 | Strength2= 560 | Tick1= 9711.48 Tick2= 9711.6 Tick3= 9711.59 Tick4= 9711.65 Extra= 9711.65 | LossLevel= 0 | LossCount= 0 | Stake= 10 | Regime= 3 | Score= 10 | Reconfirm= 1 | Guard= false | Reason= BLOCK: QUALITY
2026-09-08,10:58:48 GMT,[SCALPER V3] Direction= 0 | RSI= 73.9130434784328 | SMA2= 9712.355 | SMA3= 9712.953333333333 | Points= 0.05999999999949068 | Strength= 560 | Points2= 0.010000000000218279 | Strength2= 560 | Tick1= 9711.6 Tick2= 9711.59 Tick3= 9711.65 Tick4= 9711.48 Extra= 9711.48 | LossLevel= 0 | LossCount= 0 | Stake= 10 | Regime= 2 | Score= 20 | Reconfirm= 1 | Guard= false | Reason= BLOCK: QUALITY
2026-09-08,10:58:48 GMT,[SCALPER V3] Direction= 0 | RSI= 94.44444444433216 | SMA2= 9712.35 | SMA3= 9712.95 | Points= 0.17000000000007276 | Strength= 560 | Points2= 0.05999999999949068 | Strength2= 560 | Tick1= 9711.59 Tick2= 9711.65 Tick3= 9711.48 Tick4= 9711.49 Extra= 9711.49 | LossLevel= 0 | LossCount= 0 | Stake= 10 | Regime= 2 | Score= 40 | Reconfirm= 1 | Guard= false | Reason= BLOCK: QUALITY
2026-09-08,10:58:48 GMT,[SCALPER V3] Direction= 0 | RSI= 96.77419354831139 | SMA2= 9712.380000000001 | SMA3= 9712.970000000001 | Points= 0.010000000000218279 | Strength= 560 | Points2= 0.17000000000007276 | Strength2= 560 | Tick1= 9711.65 Tick2= 9711.48 Tick3= 9711.49 Tick4= 9711.19 Extra= 9711.19 | LossLevel= 0 | LossCount= 0 | Stake= 10 | Regime= 3 | Score= 10 | Reconfirm= 1 | Guard= false | Reason= BLOCK: QUALITY
2026-09-08,10:58:48 GMT,[SCALPER V3] Direction= 0 | RSI= 74.99999999988631 | SMA2= 9712.295 | SMA3= 9712.913333333334 | Points= 0.2999999999992724 | Strength= 560 | Points2= 0.010000000000218279 | Strength2= 560 | Tick1= 9711.48 Tick2= 9711.49 Tick3= 9711.19 Tick4= 9711.29 Extra= 9711.29 | LossLevel= 0 | LossCount= 0 | Stake= 10 | Regime= 2 | Score= 40 | Reconfirm= 1 | Guard= false | Reason= BLOCK: QUALITY
2026-09-08,10:58:48 GMT,[SCALPER V3] Direction= 0 | RSI= 0 | SMA2= 9712.3 | SMA3= 9712.916666666666 | Points= 0.1000000000003638 | Strength= 560 | Points2= 0.2999999999992724 | Strength2= 560 | Tick1= 9711.49 Tick2= 9711.19 Tick3= 9711.29 Tick4= 9711.62 Extra= 9711.62 | LossLevel= 0 | LossCount= 0 | Stake= 10 | Regime= 3 | Score= 10 | Reconfirm= 1 | Guard= false | Reason= BLOCK: QUALITY
2026-09-08,10:58:48 GMT,[SCALPER V3] Direction= 0 | RSI= 0 | SMA2= 9712.150000000001 | SMA3= 9712.816666666668 | Points= 0.32999999999992724 | Strength= 560 | Points2= 0.1000000000003638 | Strength2= 560 | Tick1= 9711.19 Tick2= 9711.29 Tick3= 9711.62 Tick4= 9711.64 Extra= 9711.64 | LossLevel= 0 | LossCount= 0 | Stake= 10 | Regime= 2 | Score= 40 | Reconfirm= 1 | Guard= false | Reason= BLOCK: QUALITY
2026-09-08,10:58:48 GMT,[SCALPER V3] Direction= 0 | RSI= 0 | SMA2= 9712.2 | SMA3= 9712.85 | Points= 0.019999999998617568 | Strength= 560 | Points2= 0.32999999999992724 | Strength2= 560 | Tick1= 9711.29 Tick2= 9711.62 Tick3= 9711.64 Tick4= 9711.89 Extra= 9711.89 | LossLevel= 0 | LossCount= 0 | Stake= 10 | Regime= 3 | Score= 10 | Reconfirm= 1 | Guard= false | Reason= BLOCK: QUALITY
2026-09-08,10:58:48 GMT,[SCALPER V3] Direction= 0 | RSI= 0 | SMA2= 9712.365000000002 | SMA3= 9712.960000000001 | Points= 0.25 | Strength= 560 | Points2= 0.019999999998617568 | Strength2= 560 | Tick1= 9711.62 Tick2= 9711.64 Tick3= 9711.89 Tick4= 9712 Extra= 9712 | LossLevel= 0 | LossCount= 0 | Stake= 10 | Regime= 2 | Score= 40 | Reconfirm= 1 | Guard= false | Reason= BLOCK: QUALITY
2026-09-08,10:58:48 GMT,[SCALPER V3] Direction= 0 | RSI= 0 | SMA2= 9712.375 | SMA3= 9712.966666666667 | Points= 0.11000000000058208 | Strength= 560 | Points2= 0.25 | Strength2= 560 | Tick1= 9711.64 Tick2= 9711.89 Tick3= 9712 Tick4= 9712.23 Extra= 9712.23 | LossLevel= 0 | LossCount= 0 | Stake= 10 | Regime= 3 | Score= 10 | Reconfirm= 1 | Guard= false | Reason= BLOCK: QUALITY
2026-09-08,10:58:48 GMT,[SCALPER V3] Direction= 0 | RSI= 0 | SMA2= 9712.5 | SMA3= 9713.050000000001 | Points= 0.22999999999956344 | Strength= 560 | Points2= 0.11000000000058208 | Strength2= 560 | Tick1= 9711.89 Tick2= 9712 Tick3= 9712.23 Tick4= 9712.47 Extra= 9712.47 | LossLevel= 0 | LossCount= 0 | Stake= 10 | Regime= 2 | Score= 40 | Reconfirm= 1 | Guard= false | Reason= BLOCK: QUALITY
2026-09-08,10:58:48 GMT,[SCALPER V3] Direction= 0 | RSI= 0 | SMA2= 9712.555 | SMA3= 9713.086666666668 | Points= 0.23999999999978172 | Strength= 560 | Points2= 0.22999999999956344 | Strength2= 560 | Tick1= 9712 Tick2= 9712.23 Tick3= 9712.47 Tick4= 9712.49 Extra= 9712.49 | LossLevel= 0 | LossCount= 0 | Stake= 10 | Regime= 2 | Score= 40 | Reconfirm= 1 | Guard= false | Reason= BLOCK: QUALITY
2026-09-08,10:58:48 GMT,[SCALPER V3] Direction= 0 | RSI= 0 | SMA2= 9712.67 | SMA3= 9713.163333333334 | Points= 0.020000000000436557 | Strength= 560 | Points2= 0.23999999999978172 | Strength2= 560 | Tick1= 9712.23 Tick2= 9712.47 Tick3= 9712.49 Tick4= 9712.65 Extra= 9712.65 | LossLevel= 0 | LossCount= 0 | Stake= 10 | Regime= 3 | Score= 10 | Reconfirm= 1 | Guard= false | Reason= BLOCK: QUALITY
2026-09-08,10:58:48 GMT,[SCALPER V3] Direction= 0 | RSI= 0 | SMA2= 9712.79 | SMA3= 9713.243333333334 | Points= 0.15999999999985448 | Strength= 560 | Points2= 0.020000000000436557 | Strength2= 560 | Tick1= 9712.47 Tick2= 9712.49 Tick3= 9712.65 Tick4= 9712.84 Extra= 9712.84 | LossLevel= 0 | LossCount= 0 | Stake= 10 | Regime= 2 | Score= 40 | Reconfirm= 1 | Guard= false | Reason= BLOCK: QUALITY
2026-09-08,10:58:48 GMT,[SCALPER V3] Direction= 0 | RSI= 47.222222222166074 | SMA2= 9712.8 | SMA3= 9713.25 | Points= 0.19000000000050932 | Strength= 560 | Points2= 0.15999999999985448 | Strength2= 560 | Tick1= 9712.49 Tick2= 9712.65 Tick3= 9712.84 Tick4= 9712.67 Extra= 9712.67 | LossLevel= 0 | LossCount= 0 | Stake= 10 | Regime= 1 | Score= 100 | Reconfirm= 1 | Guard= false | Reason= BLOCK: QUALITY
2026-09-08,10:58:48 GMT,[SCALPER V3] Direction= 0 | RSI= 36.95652173921639 | SMA2= 9712.880000000001 | SMA3= 9713.303333333335 | Points= 0.17000000000007276 | Strength= 560 | Points2= 0.19000000000050932 | Strength2= 560 | Tick1= 9712.65 Tick2= 9712.84 Tick3= 9712.67 Tick4= 9712.96 Extra= 9712.96 | LossLevel= 0 | LossCount= 0 | Stake= 10 | Regime= 1 | Score= 90 | Reconfirm= 1 | Guard= false | Reason= BLOCK: QUALITY
2026-09-08,10:58:48 GMT,[SCALPER V3] Direction= 0 | RSI= 0 | SMA2= 9712.975 | SMA3= 9713.366666666667 | Points= 0.2899999999990541 | Strength= 560 | Points2= 0.17000000000007276 | Strength2= 560 | Tick1= 9712.84 Tick2= 9712.67 Tick3= 9712.96 Tick4= 9713.1 Extra= 9713.1 | LossLevel= 0 | LossCount= 0 | Stake= 10 | Regime= 2 | Score= 40 | Reconfirm= 1 | Guard= false | Reason= BLOCK: QUALITY
2026-09-08,10:58:48 GMT,[SCALPER V3] Direction= 0 | RSI= 53.333333333090806 | SMA2= 9712.89 | SMA3= 9713.31 | Points= 0.1400000000012369 | Strength= 560 | Points2= 0.2899999999990541 | Strength2= 560 | Tick1= 9712.67 Tick2= 9712.96 Tick3= 9713.1 Tick4= 9712.94 Extra= 9712.94 | LossLevel= 0 | LossCount= 0 | Stake= 10 | Regime= 1 | Score= 90 | Reconfirm= 1 | Guard= false | Reason= BLOCK: QUALITY
2026-09-08,10:58:48 GMT,[SCALPER V3] Direction= 0 | RSI= 34.04255319150583 | SMA2= 9713.035 | SMA3= 9713.406666666668 | Points= 0.15999999999985448 | Strength= 560 | Points2= 0.1400000000012369 | Strength2= 560 | Tick1= 9712.96 Tick2= 9713.1 Tick3= 9712.94 Tick4= 9713.25 Extra= 9713.25 | LossLevel= 0 | LossCount= 0 | Stake= 10 | Regime= 1 | Score= 100 | Reconfirm= 1 | Guard= false | Reason= BLOCK: QUALITY
2026-09-08,10:58:48 GMT,[SCALPER V3] Direction= 0 | RSI= 49.180327868832904 | SMA2= 9713.105 | SMA3= 9713.453333333333 | Points= 0.3099999999994907 | Strength= 560 | Points2= 0.15999999999985448 | Strength2= 560 | Tick1= 9713.1 Tick2= 9712.94 Tick3= 9713.25 Tick4= 9712.95 Extra= 9712.95 | LossLevel= 0 | LossCount= 0 | Stake= 10 | Regime= 2 | Score= 60 | Reconfirm= 1 | Guard= false | Reason= BLOCK: QUALITY
2026-09-08,10:58:48 GMT,[SCALPER V3] Direction= 0 | RSI= 100 | SMA2= 9713.025000000001 | SMA3= 9713.400000000001 | Points= 0.2999999999992724 | Strength= 560 | Points2= 0.3099999999994907 | Strength2= 560 | Tick1= 9712.94 Tick2= 9713.25 Tick3= 9712.95 Tick4= 9712.62 Extra= 9712.62 | LossLevel= 0 | LossCount= 0 | Stake= 10 | Regime= 2 | Score= 30 | Reconfirm= 1 | Guard= false | Reason= BLOCK: QUALITY
2026-09-08,10:58:48 GMT,[SCALPER V3] Direction= 0 | RSI= 100 | SMA2= 9713.18 | SMA3= 9713.503333333334 | Points= 0.32999999999992724 | Strength= 560 | Points2= 0.2999999999992724 | Strength2= 560 | Tick1= 9713.25 Tick2= 9712.95 Tick3= 9712.62 Tick4= 9712.32 Extra= 9712.32 | LossLevel= 0 | LossCount= 0 | Stake= 10 | Regime= 2 | Score= 40 | Reconfirm= 1 | Guard= false | Reason= BLOCK: QUALITY
2026-09-08,10:58:48 GMT,[SCALPER V3] Direction= 0 | RSI= 100 | SMA2= 9713.03 | SMA3= 9713.403333333334 | Points= 0.3000000000010914 | Strength= 560 | Points2= 0.32999999999992724 | Strength2= 560 | Tick1= 9712.95 Tick2= 9712.62 Tick3= 9712.32 Tick4= 9712.23 Extra= 9712.23 | LossLevel= 0 | LossCount= 0 | Stake= 10 | Regime= 2 | Score= 30 | Reconfirm= 1 | Guard= false | Reason= BLOCK: QUALITY
2026-09-08,10:58:48 GMT,[SCALPER V3] Direction= 0 | RSI= 59.99999999951494 | SMA2= 9712.865000000002 | SMA3= 9713.293333333335 | Points= 0.09000000000014552 | Strength= 560 | Points2= 0.3000000000010914 | Strength2= 560 | Tick1= 9712.62 Tick2= 9712.32 Tick3= 9712.23 Tick4= 9712.29 Extra= 9712.29 | LossLevel= 0 | LossCount= 0 | Stake= 10 | Regime= 2 | Score= 30 | Reconfirm= 1 | Guard= false | Reason= BLOCK: QUALITY
2026-09-08,10:58:48 GMT,[SCALPER V3] Direction= 0 | RSI= 0 | SMA2= 9712.715 | SMA3= 9713.193333333335 | Points= 0.06000000000130967 | Strength= 560 | Points2= 0.09000000000014552 | Strength2= 560 | Tick1= 9712.32 Tick2= 9712.23 Tick3= 9712.29 Tick4= 9712.63 Extra= 9712.63 | LossLevel= 0 | LossCount= 0 | Stake= 10 | Regime= 3 | Score= 10 | Reconfirm= 1 | Guard= false | Reason= BLOCK: QUALITY
2026-09-08,10:58:48 GMT,[SCALPER V3] Direction= 0 | RSI= 0 | SMA2= 9712.67 | SMA3= 9713.163333333334 | Points= 0.33999999999832653 | Strength= 560 | Points2= 0.06000000000130967 | Strength2= 560 | Tick1= 9712.23 Tick2= 9712.29 Tick3= 9712.63 Tick4= 9712.67 Extra= 9712.67 | LossLevel= 0 | LossCount= 0 | Stake= 10 | Regime= 2 | Score= 40 | Reconfirm= 1 | Guard= false | Reason= BLOCK: QUALITY
2026-09-08,10:58:48 GMT,[SCALPER V3] Direction= 0 | RSI= 0 | SMA2= 9712.7 | SMA3= 9713.183333333334 | Points= 0.040000000000873115 | Strength= 560 | Points2= 0.33999999999832653 | Strength2= 560 | Tick1= 9712.29 Tick2= 9712.63 Tick3= 9712.67 Tick4= 9713.11 Extra= 9713.11 | LossLevel= 0 | LossCount= 0 | Stake= 10 | Regime= 3 | Score= 10 | Reconfirm= 1 | Guard= false | Reason= BLOCK: QUALITY
2026-09-08,10:58:48 GMT,[SCALPER V3] Direction= 0 | RSI= 24.13793103462335 | SMA2= 9712.869999999999 | SMA3= 9713.296666666667 | Points= 0.4400000000005093 | Strength= 560 | Points2= 0.040000000000873115 | Strength2= 560 | Tick1= 9712.63 Tick2= 9712.67 Tick3= 9713.11 Tick4= 9712.97 Extra= 9712.97 | LossLevel= 0 | LossCount= 0 | Stake= 10 | Regime= 1 | Score= 80 | Reconfirm= 1 | Guard= false | Reason= BLOCK: QUALITY
2026-09-08,10:58:48 GMT,[SCALPER V3] Direction= 0 | RSI= 100 | SMA2= 9712.89 | SMA3= 9713.31 | Points= 0.1400000000012369 | Strength= 560 | Points2= 0.4400000000005093 | Strength2= 560 | Tick1= 9712.67 Tick2= 9713.11 Tick3= 9712.97 Tick4= 9712.76 Extra= 9712.76 | LossLevel= 0 | LossCount= 0 | Stake= 10 | Regime= 2 | Score= 30 | Reconfirm= 1 | Guard= false | Reason= BLOCK: QUALITY
2026-09-08,10:58:48 GMT,[SCALPER V3] Direction= 0 | RSI= 100 | SMA2= 9713.630000000001 | SMA3= 9713.79 | Points= 0.20999999999912689 | Strength= 560 | Points2= 0.1400000000012369 | Strength2= 560 | Tick1= 9713.11 Tick2= 9712.97 Tick3= 9712.76 Tick4= 9712.7 Extra= 9712.7 | LossLevel= 0 | LossCount= 0 | Stake= 10 | Regime= 2 | Score= 40 | Reconfirm= 1 | Guard= false | Reason= BLOCK: QUALITY
2026-09-08,10:58:48 GMT,[SCALPER V3] Direction= 0 | RSI= 100 | SMA2= 9713.56 | SMA3= 9713.743333333334 | Points= 0.05999999999949068 | Strength= 560 | Points2= 0.20999999999912689 | Strength2= 560 | Tick1= 9712.97 Tick2= 9712.76 Tick3= 9712.7 Tick4= 9712.56 Extra= 9712.56 | LossLevel= 0 | LossCount= 0 | Stake= 10 | Regime= 3 | Score= 10 | Reconfirm= 1 | Guard= false | Reason= BLOCK: QUALITY
2026-09-08,10:58:48 GMT,[SCALPER V3] Direction= 0 | RSI= 100 | SMA2= 9713.455 | SMA3= 9713.673333333334 | Points= 0.1400000000012369 | Strength= 560 | Points2= 0.05999999999949068 | Strength2= 560 | Tick1= 9712.76 Tick2= 9712.7 Tick3= 9712.56 Tick4= 9712.56 Extra= 9712.56 | LossLevel= 0 | LossCount= 0 | Stake= 10 | Regime= 2 | Score= 40 | Reconfirm= 1 | Guard= false | Reason= BLOCK: QUALITY
2026-09-08,10:58:48 GMT,[SCALPER V3] Direction= 0 | RSI= NaN | SMA2= 9713.425 | SMA3= 9713.653333333334 | Points= 0 | Strength= 560 | Points2= 0.1400000000012369 | Strength2= 560 | Tick1= 9712.7 Tick2= 9712.56 Tick3= 9712.56 Tick4= 9712.56 Extra= 9712.56 | LossLevel= 0 | LossCount= 0 | Stake= 10 | Regime= 2 | Score= 10 | Reconfirm= 1 | Guard= false | Reason= BLOCK: QUALITY
2026-09-08,10:58:48 GMT,[SCALPER V3] Direction= 0 | RSI= 100 | SMA2= 9713.355 | SMA3= 9713.606666666667 | Points= 0 | Strength= 560 | Points2= 0 | Strength2= 560 | Tick1= 9712.56 Tick2= 9712.56 Tick3= 9712.56 Tick4= 9712.49 Extra= 9712.49 | LossLevel= 0 | LossCount= 0 | Stake= 10 | Regime= 3 | Score= 10 | Reconfirm= 1 | Guard= false | Reason= BLOCK: QUALITY
2026-09-08,10:58:48 GMT,[SCALPER V3] Direction= 0 | RSI= 25.925925925776227 | SMA2= 9713.355 | SMA3= 9713.606666666667 | Points= 0.06999999999970896 | Strength= 560 | Points2= 0 | Strength2= 560 | Tick1= 9712.56 Tick2= 9712.56 Tick3= 9712.49 Tick4= 9712.69 Extra= 9712.69 | LossLevel= 0 | LossCount= 0 | Stake= 10 | Regime= 1 | Score= 60 | Reconfirm= 1 | Guard= false | Reason= BLOCK: QUALITY
2026-09-08,10:58:48 GMT,[SCALPER V3] Direction= 0 | RSI= 39.39393939403961 | SMA2= 9713.355 | SMA3= 9713.606666666667 | Points= 0.2000000000007276 | Strength= 560 | Points2= 0.06999999999970896 | Strength2= 560 | Tick1= 9712.56 Tick2= 9712.49 Tick3= 9712.69 Tick4= 9712.56 Extra= 9712.56 | LossLevel= 0 | LossCount= 0 | Stake= 10 | Regime= 2 | Score= 60 | Reconfirm= 1 | Guard= false | Reason= BLOCK: QUALITY
2026-09-08,10:58:48 GMT,[SCALPER V3] Direction= 0 | RSI= 39.39393939403961 | SMA2= 9713.32 | SMA3= 9713.583333333334 | Points= 0.13000000000101863 | Strength= 560 | Points2= 0.2000000000007276 | Strength2= 560 | Tick1= 9712.49 Tick2= 9712.69 Tick3= 9712.56 Tick4= 9712.76 Extra= 9712.76 | LossLevel= 0 | LossCount= 0 | Stake= 10 | Regime= 1 | Score= 90 | Reconfirm= 1 | Guard= false | Reason= BLOCK: QUALITY
2026-09-08,10:58:48 GMT,[SCALPER V3] Direction= 0 | RSI= 0 | SMA2= 9713.42 | SMA3= 9713.650000000001 | Points= 0.2000000000007276 | Strength= 560 | Points2= 0.13000000000101863 | Strength2= 560 | Tick1= 9712.69 Tick2= 9712.56 Tick3= 9712.76 Tick4= 9712.78 Extra= 9712.78 | LossLevel= 0 | LossCount= 0 | Stake= 10 | Regime= 2 | Score= 40 | Reconfirm= 1 | Guard= false | Reason= BLOCK: QUALITY
2026-09-08,10:58:48 GMT,[SCALPER V3] Direction= 1 | RSI= 0 | SMA2= 9713.355 | SMA3= 9713.606666666667 | Points= 0.020000000000436557 | Strength= 560 | Points2= 0.2000000000007276 | Strength2= 560 | Tick1= 9712.56 Tick2= 9712.76 Tick3= 9712.78 Tick4= 9712.78 Extra= 9712.78 | LossLevel= 0 | LossCount= 0 | Stake= 10 | Regime= 3 | Score= 10 | Reconfirm= 1 | Guard= false | Reason= BLOCK: QUALITY
2026-09-08,10:58:48 GMT,[SCALPER V3] Direction= 0 | RSI= 0 | SMA2= 9713.455 | SMA3= 9713.673333333334 | Points= 0 | Strength= 560 | Points2= 0.020000000000436557 | Strength2= 560 | Tick1= 9712.76 Tick2= 9712.78 Tick3= 9712.78 Tick4= 9712.85 Extra= 9712.85 | LossLevel= 0 | LossCount= 0 | Stake= 10 | Regime= 3 | Score= 10 | Reconfirm= 1 | Guard= false | Reason= BLOCK: QUALITY
2026-09-08,10:58:48 GMT,[SCALPER V3] Direction= 0 | RSI= 0 | SMA2= 9713.465 | SMA3= 9713.68 | Points= 0.06999999999970896 | Strength= 560 | Points2= 0 | Strength2= 560 | Tick1= 9712.78 Tick2= 9712.78 Tick3= 9712.85 Tick4= 9713.2 Extra= 9713.2 | LossLevel= 0 | LossCount= 0 | Stake= 10 | Regime= 3 | Score= 20 | Reconfirm= 1 | Guard= false | Reason= BLOCK: QUALITY
2026-09-08,10:58:48 GMT,[SCALPER V3] Direction= 1 | RSI= 0 | SMA2= 9713.465 | SMA3= 9713.68 | Points= 0.3500000000003638 | Strength= 560 | Points2= 0.06999999999970896 | Strength2= 560 | Tick1= 9712.78 Tick2= 9712.85 Tick3= 9713.2 Tick4= 9713.29 Extra= 9713.29 | LossLevel= 0 | LossCount= 0 | Stake= 10 | Regime= 2 | Score= 40 | Reconfirm= 1 | Guard= false | Reason= BLOCK: QUALITY
2026-09-08,10:58:48 GMT,[SCALPER V3] Direction= 1 | RSI= 0 | SMA2= 9713.5 | SMA3= 9713.703333333333 | Points= 0.09000000000014552 | Strength= 560 | Points2= 0.3500000000003638 | Strength2= 560 | Tick1= 9712.85 Tick2= 9713.2 Tick3= 9713.29 Tick4= 9713.32 Extra= 9713.32 | LossLevel= 0 | LossCount= 0 | Stake= 10 | Regime= 3 | Score= 10 | Reconfirm= 1 | Guard= false | Reason= BLOCK: QUALITY
2026-09-08,10:58:48 GMT,[SCALPER V3] Direction= 0 | RSI= 0 | SMA2= 9713.675 | SMA3= 9713.820000000002 | Points= 0.029999999998835847 | Strength= 560 | Points2= 0.09000000000014552 | Strength2= 560 | Tick1= 9713.2 Tick2= 9713.29 Tick3= 9713.32 Tick4= 9713.33 Extra= 9713.33 | LossLevel= 0 | LossCount= 0 | Stake= 10 | Regime= 3 | Score= 10 | Reconfirm= 1 | Guard= false | Reason= BLOCK: QUALITY
2026-09-08,10:58:48 GMT,[SCALPER V3] Direction= 0 | RSI= 83.33333333282806 | SMA2= 9713.720000000001 | SMA3= 9713.85 | Points= 0.010000000000218279 | Strength= 560 | Points2= 0.029999999998835847 | Strength2= 560 | Tick1= 9713.29 Tick2= 9713.32 Tick3= 9713.33 Tick4= 9713.28 Extra= 9713.28 | LossLevel= 0 | LossCount= 0 | Stake= 10 | Regime= 3 | Score= 10 | Reconfirm= 1 | Guard= false | Reason= BLOCK: QUALITY
2026-09-08,10:58:48 GMT,[SCALPER V3] Direction= 0 | RSI= 13.51351351335407 | SMA2= 9713.735 | SMA3= 9713.86 | Points= 0.049999999999272404 | Strength= 560 | Points2= 0.010000000000218279 | Strength2= 560 | Tick1= 9713.32 Tick2= 9713.33 Tick3= 9713.28 Tick4= 9713.6 Extra= 9713.6 | LossLevel= 0 | LossCount= 0 | Stake= 10 | Regime= 3 | Score= 20 | Reconfirm= 1 | Guard= false | Reason= BLOCK: QUALITY
2026-09-08,10:58:48 GMT,[SCALPER V3] Direction= 0 | RSI= 0 | SMA2= 9713.74 | SMA3= 9713.863333333335 | Points= 0.31999999999970896 | Strength= 560 | Points2= 0.049999999999272404 | Strength2= 560 | Tick1= 9713.33 Tick2= 9713.28 Tick3= 9713.6 Tick4= 9713.64 Extra= 9713.64 | LossLevel= 0 | LossCount= 0 | Stake= 10 | Regime= 2 | Score= 40 | Reconfirm= 1 | Guard= false | Reason= BLOCK: QUALITY
2026-09-08,10:58:48 GMT,[SCALPER V3] Direction= 1 | RSI= 0 | SMA2= 9713.715 | SMA3= 9713.846666666666 | Points= 0.039999999999054126 | Strength= 560 | Points2= 0.31999999999970896 | Strength2= 560 | Tick1= 9713.28 Tick2= 9713.6 Tick3= 9713.64 Tick4= 9713.75 Extra= 9713.75 | LossLevel= 0 | LossCount= 0 | Stake= 10 | Regime= 3 | Score= 10 | Reconfirm= 1 | Guard= false | Reason= BLOCK: QUALITY
2026-09-08,10:58:48 GMT,[SCALPER V3] Direction= 1 | RSI= 0 | SMA2= 9713.875 | SMA3= 9713.953333333333 | Points= 0.11000000000058208 | Strength= 560 | Points2= 0.039999999999054126 | Strength2= 560 | Tick1= 9713.6 Tick2= 9713.64 Tick3= 9713.75 Tick4= 9713.77 Extra= 9713.77 | LossLevel= 0 | LossCount= 0 | Stake= 10 | Regime= 3 | Score= 20 | Reconfirm= 1 | Guard= false | Reason= BLOCK: QUALITY
2026-09-08,10:58:48 GMT,[SCALPER V3] Direction= 0 | RSI= 79.9999999996362 | SMA2= 9713.895 | SMA3= 9713.966666666667 | Points= 0.020000000000436557 | Strength= 560 | Points2= 0.11000000000058208 | Strength2= 560 | Tick1= 9713.64 Tick2= 9713.75 Tick3= 9713.77 Tick4= 9713.69 Extra= 9713.69 | LossLevel= 0 | LossCount= 0 | Stake= 10 | Regime= 3 | Score= 10 | Reconfirm= 1 | Guard= false | Reason= BLOCK: QUALITY
2026-09-08,10:58:48 GMT,[SCALPER V3] Direction= 0 | RSI= 31.999999999970896 | SMA2= 9713.95 | SMA3= 9714.003333333334 | Points= 0.07999999999992724 | Strength= 560 | Points2= 0.020000000000436557 | Strength2= 560 | Tick1= 9713.75 Tick2= 9713.77 Tick3= 9713.69 Tick4= 9713.86 Extra= 9713.86 | LossLevel= 0 | LossCount= 0 | Stake= 10 | Regime= 1 | Score= 80 | Reconfirm= 1 | Guard= false | Reason= BLOCK: QUALITY
2026-09-08,10:58:48 GMT,[SCALPER V3] Direction= 0 | RSI= 55.26315789483761 | SMA2= 9713.96 | SMA3= 9714.01 | Points= 0.17000000000007276 | Strength= 560 | Points2= 0.07999999999992724 | Strength2= 560 | Tick1= 9713.77 Tick2= 9713.69 Tick3= 9713.86 Tick4= 9713.65 Extra= 9713.65 | LossLevel= 0 | LossCount= 0 | Stake= 10 | Regime= 2 | Score= 60 | Reconfirm= 1 | Guard= false | Reason= BLOCK: QUALITY
2026-09-08,10:58:48 GMT,[SCALPER V3] Direction= 0 | RSI= 72.41379310355642 | SMA2= 9713.92 | SMA3= 9713.983333333335 | Points= 0.21000000000094587 | Strength= 560 | Points2= 0.17000000000007276 | Strength2= 560 | Tick1= 9713.69 Tick2= 9713.86 Tick3= 9713.65 Tick4= 9713.73 Extra= 9713.73 | LossLevel= 0 | LossCount= 0 | Stake= 10 | Regime= 1 | Score= 80 | Reconfirm= 1 | Guard= false | Reason= BLOCK: QUALITY
2026-09-08,10:58:48 GMT,[SCALPER V3] Direction= 0 | RSI= 0 | SMA2= 9714.005000000001 | SMA3= 9714.04 | Points= 0.07999999999992724 | Strength= 560 | Points2= 0.21000000000094587 | Strength2= 560 | Tick1= 9713.86 Tick2= 9713.65 Tick3= 9713.73 Tick4= 9713.76 Extra= 9713.76 | LossLevel= 0 | LossCount= 0 | Stake= 10 | Regime= 3 | Score= 10 | Reconfirm= 1 | Guard= false | Reason= BLOCK: QUALITY
2026-09-08,10:58:48 GMT,[SCALPER V3] Direction= 0 | RSI= 25 | SMA2= 9713.9 | SMA3= 9713.970000000001 | Points= 0.030000000000654836 | Strength= 560 | Points2= 0.07999999999992724 | Strength2= 560 | Tick1= 9713.65 Tick2= 9713.73 Tick3= 9713.76 Tick4= 9713.75 Extra= 9713.75 | LossLevel= 0 | LossCount= 0 | Stake= 10 | Regime= 3 | Score= 10 | Reconfirm= 1 | Guard= false | Reason= BLOCK: QUALITY
2026-09-08,10:58:48 GMT,[SCALPER V3] Direction= 0 | RSI= 3.57142857149816 | SMA2= 9713.939999999999 | SMA3= 9713.996666666668 | Points= 0.010000000000218279 | Strength= 560 | Points2= 0.030000000000654836 | Strength2= 560 | Tick1= 9713.73 Tick2= 9713.76 Tick3= 9713.75 Tick4= 9714.02 Extra= 9714.02 | LossLevel= 0 | LossCount= 0 | Stake= 10 | Regime= 3 | Score= 10 | Reconfirm= 1 | Guard= false | Reason= BLOCK: QUALITY
2026-09-08,10:58:48 GMT,[SCALPER V3] Direction= 0 | RSI= 0 | SMA2= 9713.955 | SMA3= 9714.006666666668 | Points= 0.27000000000043656 | Strength= 560 | Points2= 0.010000000000218279 | Strength2= 560 | Tick1= 9713.76 Tick2= 9713.75 Tick3= 9714.02 Tick4= 9714.03 Extra= 9714.03 | LossLevel= 0 | LossCount= 0 | Stake= 10 | Regime= 2 | Score= 40 | Reconfirm= 1 | Guard= false | Reason= BLOCK: QUALITY
2026-09-08,10:58:48 GMT,[SCALPER V3] Direction= 0 | RSI= 66.66666666666666 | SMA2= 9713.95 | SMA3= 9714.003333333334 | Points= 0.010000000000218279 | Strength= 560 | Points2= 0.27000000000043656 | Strength2= 560 | Tick1= 9713.75 Tick2= 9714.02 Tick3= 9714.03 Tick4= 9714.01 Extra= 9714.01 | LossLevel= 0 | LossCount= 0 | Stake= 10 | Regime= 1 | Score= 70 | Reconfirm= 1 | Guard= false | Reason= BLOCK: QUALITY
2026-09-08,10:58:48 GMT,[SCALPER V3] Direction= 0 | RSI= 100 | SMA2= 9714.085 | SMA3= 9714.093333333334 | Points= 0.020000000000436557 | Strength= 560 | Points2= 0.010000000000218279 | Strength2= 560 | Tick1= 9714.02 Tick2= 9714.03 Tick3= 9714.01 Tick4= 9713.96 Extra= 9713.96 | LossLevel= 0 | LossCount= 0 | Stake= 10 | Regime= 3 | Score= 20 | Reconfirm= 1 | Guard= false | Reason= BLOCK: QUALITY
2026-09-08,10:58:48 GMT,[SCALPER V3] Direction= 0 | RSI= 100 | SMA2= 9714.09 | SMA3= 9714.096666666666 | Points= 0.050000000001091394 | Strength= 560 | Points2= 0.020000000000436557 | Strength2= 560 | Tick1= 9714.03 Tick2= 9714.01 Tick3= 9713.96 Tick4= 9713.79 Extra= 9713.79 | LossLevel= 0 | LossCount= 0 | Stake= 10 | Regime= 3 | Score= 20 | Reconfirm= 1 | Guard= false | Reason= BLOCK: QUALITY
2026-09-08,10:58:48 GMT,[SCALPER V3] Direction= 0 | RSI= 85.0000000003638 | SMA2= 9714.08 | SMA3= 9714.090000000002 | Points= 0.16999999999825377 | Strength= 560 | Points2= 0.050000000001091394 | Strength2= 560 | Tick1= 9714.01 Tick2= 9713.96 Tick3= 9713.79 Tick4= 9713.82 Extra= 9713.82 | LossLevel= 0 | LossCount= 0 | Stake= 10 | Regime= 2 | Score= 40 | Reconfirm= 1 | Guard= false | Reason= BLOCK: QUALITY
2026-09-08,10:58:48 GMT,[SCALPER V3] Direction= 0 | RSI= 0 | SMA2= 9714.055 | SMA3= 9714.073333333334 | Points= 0.029999999998835847 | Strength= 560 | Points2= 0.16999999999825377 | Strength2= 560 | Tick1= 9713.96 Tick2= 9713.79 Tick3= 9713.82 Tick4= 9713.94 Extra= 9713.94 | LossLevel= 0 | LossCount= 0 | Stake= 10 | Regime= 3 | Score= 10 | Reconfirm= 1 | Guard= false | Reason= BLOCK: QUALITY
2026-09-08,10:58:48 GMT,[SCALPER V3] Direction= 0 | RSI= 20.000000000242537 | SMA2= 9713.970000000001 | SMA3= 9714.016666666668 | Points= 0.12000000000080036 | Strength= 560 | Points2= 0.029999999998835847 | Strength2= 560 | Tick1= 9713.79 Tick2= 9713.82 Tick3= 9713.94 Tick4= 9713.91 Extra= 9713.91 | LossLevel= 0 | LossCount= 0 | Stake= 10 | Regime= 1 | Score= 80 | Reconfirm= 1 | Guard= false | Reason= BLOCK: QUALITY
2026-09-08,10:58:48 GMT,[SCALPER V3] Direction= 0 | RSI= 100 | SMA2= 9713.985 | SMA3= 9714.026666666667 | Points= 0.030000000000654836 | Strength= 560 | Points2= 0.12000000000080036 | Strength2= 560 | Tick1= 9713.82 Tick2= 9713.94 Tick3= 9713.91 Tick4= 9713.61 Extra= 9713.61 | LossLevel= 0 | LossCount= 0 | Stake= 10 | Regime= 3 | Score= 10 | Reconfirm= 1 | Guard= false | Reason= BLOCK: QUALITY
2026-09-08,10:58:48 GMT,[SCALPER V3] Direction= 0 | RSI= 100 | SMA2= 9714.045 | SMA3= 9714.066666666668 | Points= 0.2999999999992724 | Strength= 560 | Points2= 0.030000000000654836 | Strength2= 560 | Tick1= 9713.94 Tick2= 9713.91 Tick3= 9713.61 Tick4= 9713.57 Extra= 9713.57 | LossLevel= 0 | LossCount= 0 | Stake= 10 | Regime= 2 | Score= 40 | Reconfirm= 1 | Guard= false | Reason= BLOCK: QUALITY
2026-09-08,10:58:48 GMT,[SCALPER V3] Direction= 0 | RSI= 16.00000000023283 | SMA2= 9714.029999999999 | SMA3= 9714.056666666667 | Points= 0.040000000000873115 | Strength= 560 | Points2= 0.2999999999992724 | Strength2= 560 | Tick1= 9713.91 Tick2= 9713.61 Tick3= 9713.57 Tick4= 9713.78 Extra= 9713.78 | LossLevel= 0 | LossCount= 0 | Stake= 10 | Regime= 3 | Score= 10 | Reconfirm= 1 | Guard= false | Reason= BLOCK: QUALITY
2026-09-08,10:58:48 GMT,[SCALPER V3] Direction= 0 | RSI= 59.61538461537789 | SMA2= 9713.880000000001 | SMA3= 9713.956666666667 | Points= 0.21000000000094587 | Strength= 560 | Points2= 0.040000000000873115 | Strength2= 560 | Tick1= 9713.61 Tick2= 9713.57 Tick3= 9713.78 Tick4= 9713.47 Extra= 9713.47 | LossLevel= 0 | LossCount= 0 | Stake= 10 | Regime= 2 | Score= 60 | Reconfirm= 1 | Guard= false | Reason= BLOCK: QUALITY
2026-09-08,10:58:48 GMT,[SCALPER V3] Direction= 0 | RSI= 100 | SMA2= 9713.86 | SMA3= 9713.943333333335 | Points= 0.3100000000013097 | Strength= 560 | Points2= 0.21000000000094587 | Strength2= 560 | Tick1= 9713.57 Tick2= 9713.78 Tick3= 9713.47 Tick4= 9713.33 Extra= 9713.33 | LossLevel= 0 | LossCount= 0 | Stake= 10 | Regime= 2 | Score= 40 | Reconfirm= 1 | Guard= false | Reason= BLOCK: QUALITY
2026-09-08,10:58:48 GMT,[SCALPER V3] Direction= 0 | RSI= 100 | SMA2= 9713.965 | SMA3= 9714.013333333334 | Points= 0.13999999999941792 | Strength= 560 | Points2= 0.3100000000013097 | Strength2= 560 | Tick1= 9713.78 Tick2= 9713.47 Tick3= 9713.33 Tick4= 9713.33 Extra= 9713.33 | LossLevel= 0 | LossCount= 0 | Stake= 10 | Regime= 2 | Score= 30 | Reconfirm= 1 | Guard= false | Reason= BLOCK: QUALITY
2026-09-08,10:58:48 GMT,[SCALPER V3] Direction= 0 | RSI= 100 | SMA2= 9713.81 | SMA3= 9713.910000000002 | Points= 0 | Strength= 560 | Points2= 0.13999999999941792 | Strength2= 560 | Tick1= 9713.47 Tick2= 9713.33 Tick3= 9713.33 Tick4= 9713.24 Extra= 9713.24 | LossLevel= 0 | LossCount= 0 | Stake= 10 | Regime= 3 | Score= 10 | Reconfirm= 1 | Guard= false | Reason= BLOCK: QUALITY
2026-09-08,10:58:48 GMT,[SCALPER V3] Direction= 0 | RSI= 25.71428571430056 | SMA2= 9713.74 | SMA3= 9713.863333333335 | Points= 0.09000000000014552 | Strength= 560 | Points2= 0 | Strength2= 560 | Tick1= 9713.33 Tick2= 9713.33 Tick3= 9713.24 Tick4= 9713.5 Extra= 9713.5 | LossLevel= 0 | LossCount= 0 | Stake= 10 | Regime= 1 | Score= 60 | Reconfirm= 1 | Guard= false | Reason= BLOCK: QUALITY
2026-09-08,10:58:48 GMT,[SCALPER V3] Direction= 0 | RSI= 0 | SMA2= 9713.74 | SMA3= 9713.863333333335 | Points= 0.2600000000002183 | Strength= 560 | Points2= 0.09000000000014552 | Strength2= 560 | Tick1= 9713.33 Tick2= 9713.24 Tick3= 9713.5 Tick4= 9713.54 Extra= 9713.54 | LossLevel= 0 | LossCount= 0 | Stake= 10 | Regime= 2 | Score= 40 | Reconfirm= 1 | Guard= false | Reason= BLOCK: QUALITY
2026-09-08,10:58:48 GMT,[SCALPER V3] Direction= 1 | RSI= 77.77777777755321 | SMA2= 9713.695 | SMA3= 9713.833333333334 | Points= 0.040000000000873115 | Strength= 560 | Points2= 0.2600000000002183 | Strength2= 560 | Tick1= 9713.24 Tick2= 9713.5 Tick3= 9713.54 Tick4= 9713.4 Extra= 9713.4 | LossLevel= 0 | LossCount= 0 | Stake= 10 | Regime= 3 | Score= 10 | Reconfirm= 1 | Guard= false | Reason= BLOCK: QUALITY
2026-09-08,10:58:48 GMT,[SCALPER V3] Direction= 0 | RSI= 25.454545454719835 | SMA2= 9713.825 | SMA3= 9713.92 | Points= 0.1400000000012369 | Strength= 560 | Points2= 0.040000000000873115 | Strength2= 560 | Tick1= 9713.5 Tick2= 9713.54 Tick3= 9713.4 Tick4= 9713.81 Extra= 9713.81 | LossLevel= 0 | LossCount= 0 | Stake= 10 | Regime= 1 | Score= 80 | Reconfirm= 1 | Guard= false | Reason= BLOCK: QUALITY
2026-09-08,10:58:48 GMT,[SCALPER V3] Direction= 0 | RSI= 0 | SMA2= 9713.845000000001 | SMA3= 9713.933333333334 | Points= 0.4099999999998545 | Strength= 560 | Points2= 0.1400000000012369 | Strength2= 560 | Tick1= 9713.54 Tick2= 9713.4 Tick3= 9713.81 Tick4= 9713.93 Extra= 9713.93 | LossLevel= 0 | LossCount= 0 | Stake= 10 | Regime= 2 | Score= 40 | Reconfirm= 1 | Guard= false | Reason= BLOCK: QUALITY
2026-09-08,10:58:48 GMT,[SCALPER V3] Direction= 1 | RSI= 68.42105263145298 | SMA2= 9713.775 | SMA3= 9713.886666666667 | Points= 0.12000000000080036 | Strength= 560 | Points2= 0.4099999999998545 | Strength2= 560 | Tick1= 9713.4 Tick2= 9713.81 Tick3= 9713.93 Tick4= 9713.67 Extra= 9713.67 | LossLevel= 0 | LossCount= 0 | Stake= 10 | Regime= 1 | Score= 90 | Reconfirm= 1 | Guard= false | Reason= BLOCK: QUALITY
2026-09-08,10:58:48 GMT,[SCALPER V3] Direction= 0 | RSI= 83.87096774214369 | SMA2= 9713.98 | SMA3= 9714.023333333333 | Points= 0.2600000000002183 | Strength= 560 | Points2= 0.12000000000080036 | Strength2= 560 | Tick1= 9713.81 Tick2= 9713.93 Tick3= 9713.67 Tick4= 9713.72 Extra= 9713.72 | LossLevel= 0 | LossCount= 0 | Stake= 10 | Regime= 2 | Score= 40 | Reconfirm= 1 | Guard= false | Reason= BLOCK: QUALITY
2026-09-08,10:58:48 GMT,[SCALPER V3] Direction= 0 | RSI= 54.545454545604876 | SMA2= 9714.04 | SMA3= 9714.063333333334 | Points= 0.049999999999272404 | Strength= 560 | Points2= 0.2600000000002183 | Strength2= 560 | Tick1= 9713.93 Tick2= 9713.67 Tick3= 9713.72 Tick4= 9713.66 Extra= 9713.66 | LossLevel= 0 | LossCount= 0 | Stake= 10 | Regime= 2 | Score= 30 | Reconfirm= 1 | Guard= false | Reason= BLOCK: QUALITY
2026-09-08,10:58:48 GMT,[SCALPER V3] Direction= 0 | RSI= 20.68965517230565 | SMA2= 9713.91 | SMA3= 9713.976666666667 | Points= 0.05999999999949068 | Strength= 560 | Points2= 0.049999999999272404 | Strength2= 560 | Tick1= 9713.67 Tick2= 9713.72 Tick3= 9713.66 Tick4= 9713.89 Extra= 9713.89 | LossLevel= 0 | LossCount= 0 | Stake= 10 | Regime= 3 | Score= 20 | Reconfirm= 1 | Guard= false | Reason= BLOCK: QUALITY
2026-09-08,10:58:48 GMT,[SCALPER V3] Direction= 0 | RSI= 20.68965517230565 | SMA2= 9713.935 | SMA3= 9713.993333333334 | Points= 0.22999999999956344 | Strength= 560 | Points2= 0.05999999999949068 | Strength2= 560 | Tick1= 9713.72 Tick2= 9713.66 Tick3= 9713.89 Tick4= 9713.83 Extra= 9713.83 | LossLevel= 0 | LossCount= 0 | Stake= 10 | Regime= 1 | Score= 80 | Reconfirm= 1 | Guard= false | Reason= BLOCK: QUALITY
2026-09-08,10:58:48 GMT,[SCALPER V3] Direction= 0 | RSI= 100 | SMA2= 9713.904999999999 | SMA3= 9713.973333333333 | Points= 0.05999999999949068 | Strength= 560 | Points2= 0.22999999999956344 | Strength2= 560 | Tick1= 9713.66 Tick2= 9713.89 Tick3= 9713.83 Tick4= 9713.72 Extra= 9713.72 | LossLevel= 0 | LossCount= 0 | Stake= 10 | Regime= 3 | Score= 10 | Reconfirm= 1 | Guard= false | Reason= BLOCK: QUALITY
2026-09-08,10:58:48 GMT,[SCALPER V3] Direction= 0 | RSI= 64.70588235256353 | SMA2= 9714.02 | SMA3= 9714.050000000001 | Points= 0.11000000000058208 | Strength= 560 | Points2= 0.05999999999949068 | Strength2= 560 | Tick1= 9713.89 Tick2= 9713.83 Tick3= 9713.72 Tick4= 9713.78 Extra= 9713.78 | LossLevel= 0 | LossCount= 0 | Stake= 10 | Regime= 2 | Score= 40 | Reconfirm= 1 | Guard= false | Reason= BLOCK: QUALITY
2026-09-08,10:58:48 GMT,[SCALPER V3] Direction= 0 | RSI= 0 | SMA2= 9713.99 | SMA3= 9714.03 | Points= 0.06000000000130967 | Strength= 560 | Points2= 0.11000000000058208 | Strength2= 560 | Tick1= 9713.83 Tick2= 9713.72 Tick3= 9713.78 Tick4= 9714.13 Extra= 9714.13 | LossLevel= 0 | LossCount= 0 | Stake= 10 | Regime= 3 | Score= 10 | Reconfirm= 1 | Guard= false | Reason= BLOCK: QUALITY
2026-09-08,10:58:48 GMT,[SCALPER V3] Direction= 0 | RSI= 0 | SMA2= 9713.935 | SMA3= 9713.993333333334 | Points= 0.3499999999985448 | Strength= 560 | Points2= 0.06000000000130967 | Strength2= 560 | Tick1= 9713.72 Tick2= 9713.78 Tick3= 9714.13 Tick4= 9714.32 Extra= 9714.32 | LossLevel= 0 | LossCount= 0 | Stake= 10 | Regime= 2 | Score= 40 | Reconfirm= 1 | Guard= false | Reason= BLOCK: QUALITY
2026-09-08,10:58:48 GMT,[SCALPER V3] Direction= 0 | RSI= 61.224489795797155 | SMA2= 9713.965 | SMA3= 9714.013333333334 | Points= 0.19000000000050932 | Strength= 560 | Points2= 0.3499999999985448 | Strength2= 560 | Tick1= 9713.78 Tick2= 9714.13 Tick3= 9714.32 Tick4= 9714.02 Extra= 9714.02 | LossLevel= 0 | LossCount= 0 | Stake= 10 | Regime= 1 | Score= 90 | Reconfirm= 1 | Guard= false | Reason= BLOCK: QUALITY
2026-09-08,10:58:48 GMT,[SCALPER V3] Direction= 0 | RSI= 46.15384615376005 | SMA2= 9714.14 | SMA3= 9714.13 | Points= 0.2999999999992724 | Strength= 560 | Points2= 0.19000000000050932 | Strength2= 560 | Tick1= 9714.13 Tick2= 9714.32 Tick3= 9714.02 Tick4= 9714.37 Extra= 9714.37 | LossLevel= 0 | LossCount= 0 | Stake= 10 | Regime= 2 | Score= 60 | Reconfirm= 1 | Guard= false | Reason= BLOCK: QUALITY
2026-09-08,10:58:48 GMT,[SCALPER V3] Direction= 0 | RSI= 38.596491228170954 | SMA2= 9714.235 | SMA3= 9714.193333333335 | Points= 0.3500000000003638 | Strength= 560 | Points2= 0.2999999999992724 | Strength2= 560 | Tick1= 9714.32 Tick2= 9714.02 Tick3= 9714.37 Tick4= 9714.15 Extra= 9714.15 | LossLevel= 0 | LossCount= 0 | Stake= 10 | Regime= 1 | Score= 100 | Reconfirm= 1 | Guard= false | Reason= BLOCK: QUALITY
2026-09-08,10:58:48 GMT,[SCALPER V3] Direction= 0 | RSI= 100 | SMA2= 9714.085 | SMA3= 9714.093333333334 | Points= 0.22000000000116415 | Strength= 560 | Points2= 0.3500000000003638 | Strength2= 560 | Tick1= 9714.02 Tick2= 9714.37 Tick3= 9714.15 Tick4= 9714.06 Extra= 9714.06 | LossLevel= 0 | LossCount= 0 | Stake= 10 | Regime= 2 | Score= 30 | Reconfirm= 1 | Guard= false | Reason= BLOCK: QUALITY
2026-09-08,10:58:48 GMT,[SCALPER V3] Direction= 2 | RSI= 69.2307692303387 | SMA2= 9714.26 | SMA3= 9714.210000000001 | Points= 0.09000000000014552 | Strength= 560 | Points2= 0.22000000000116415 | Strength2= 560 | Tick1= 9714.37 Tick2= 9714.15 Tick3= 9714.06 Tick4= 9714.1 Extra= 9714.1 | LossLevel= 0 | LossCount= 0 | Stake= 10 | Regime= 1 | Score= 70 | Reconfirm= 1 | Guard= false | Reason= BLOCK: QUALITY
2026-09-08,10:58:48 GMT,[SCALPER V3] Direction= 0 | RSI= 90.4761904760255 | SMA2= 9714.130000000001 | SMA3= 9714.1 | Points= 0.040000000000873115 | Strength= 560 | Points2= 0.09000000000014552 | Strength2= 560 | Tick1= 9714.15 Tick2= 9714.06 Tick3= 9714.1 Tick4= 9713.72 Extra= 9713.72 | LossLevel= 0 | LossCount= 0 | Stake= 10 | Regime= 3 | Score= 10 | Reconfirm= 1 | Guard= false | Reason= BLOCK: QUALITY
2026-09-08,10:58:48 GMT,[SCALPER V3] Direction= 0 | RSI= 64.40677966097515 | SMA2= 9714.085 | SMA3= 9714.07 | Points= 0.38000000000101863 | Strength= 560 | Points2= 0.040000000000873115 | Strength2= 560 | Tick1= 9714.06 Tick2= 9714.1 Tick3= 9713.72 Tick4= 9713.93 Extra= 9713.93 | LossLevel= 0 | LossCount= 0 | Stake= 10 | Regime= 1 | Score= 100 | Reconfirm= 1 | Guard= false | Reason= BLOCK: QUALITY
2026-09-08,10:58:48 GMT,[SCALPER V3] Direction= 0 | RSI= 0 | SMA2= 9714.105 | SMA3= 9714.083333333334 | Points= 0.21000000000094587 | Strength= 560 | Points2= 0.38000000000101863 | Strength2= 560 | Tick1= 9714.1 Tick2= 9713.72 Tick3= 9713.93 Tick4= 9714.03 Extra= 9714.03 | LossLevel= 0 | LossCount= 0 | Stake= 10 | Regime= 2 | Score= 30 | Reconfirm= 1 | Guard= false | Reason= BLOCK: QUALITY
2026-09-08,10:58:48 GMT,[SCALPER V3] Direction= 0 | RSI= 0 | SMA2= 9713.915 | SMA3= 9713.956666666667 | Points= 0.1000000000003638 | Strength= 560 | Points2= 0.21000000000094587 | Strength2= 560 | Tick1= 9713.72 Tick2= 9713.93 Tick3= 9714.03 Tick4= 9714.07 Extra= 9714.07 | LossLevel= 0 | LossCount= 0 | Stake= 10 | Regime= 3 | Score= 10 | Reconfirm= 1 | Guard= false | Reason= BLOCK: QUALITY
2026-09-08,10:58:48 GMT,[SCALPER V3] Direction= 0 | RSI= 0 | SMA2= 9714.02 | SMA3= 9714.026666666667 | Points= 0.039999999999054126 | Strength= 560 | Points2= 0.1000000000003638 | Strength2= 560 | Tick1= 9713.93 Tick2= 9714.03 Tick3= 9714.07 Tick4= 9714.14 Extra= 9714.14 | LossLevel= 0 | LossCount= 0 | Stake= 10 | Regime= 3 | Score= 10 | Reconfirm= 1 | Guard= false | Reason= BLOCK: QUALITY
2026-09-08,10:58:48 GMT,[SCALPER V3] Direction= 0 | RSI= 0 | SMA2= 9714.07 | SMA3= 9714.06 | Points= 0.06999999999970896 | Strength= 560 | Points2= 0.039999999999054126 | Strength2= 560 | Tick1= 9714.03 Tick2= 9714.07 Tick3= 9714.14 Tick4= 9714.17 Extra= 9714.17 | LossLevel= 0 | LossCount= 0 | Stake= 10 | Regime= 3 | Score= 20 | Reconfirm= 1 | Guard= false | Reason= BLOCK: QUALITY
2026-09-08,10:58:48 GMT,[SCALPER V3] Direction= 0 | RSI= 0 | SMA2= 9714.09 | SMA3= 9714.073333333334 | Points= 0.030000000000654836 | Strength= 560 | Points2= 0.06999999999970896 | Strength2= 560 | Tick1= 9714.07 Tick2= 9714.14 Tick3= 9714.17 Tick4= 9714.26 Extra= 9714.26 | LossLevel= 0 | LossCount= 0 | Stake= 10 | Regime= 3 | Score= 10 | Reconfirm= 1 | Guard= false | Reason= BLOCK: QUALITY
2026-09-08,10:58:48 GMT,[SCALPER V3] Direction= 0 | RSI= 0 | SMA2= 9714.125 | SMA3= 9714.096666666666 | Points= 0.09000000000014552 | Strength= 560 | Points2= 0.030000000000654836 | Strength2= 560 | Tick1= 9714.14 Tick2= 9714.17 Tick3= 9714.26 Tick4= 9714.38 Extra= 9714.38 | LossLevel= 0 | LossCount= 0 | Stake= 10 | Regime= 3 | Score= 20 | Reconfirm= 1 | Guard= false | Reason= BLOCK: QUALITY
2026-09-08,10:58:48 GMT,[SCALPER V3] Direction= 0 | RSI= 47.82608695645297 | SMA2= 9714.14 | SMA3= 9714.106666666667 | Points= 0.11999999999898137 | Strength= 560 | Points2= 0.09000000000014552 | Strength2= 560 | Tick1= 9714.17 Tick2= 9714.26 Tick3= 9714.38 Tick4= 9714.27 Extra= 9714.27 | LossLevel= 0 | LossCount= 0 | Stake= 10 | Regime= 2 | Score= 40 | Reconfirm= 1 | Guard= false | Reason= BLOCK: QUALITY
2026-09-08,10:58:48 GMT,[SCALPER V3] Direction= 0 | RSI= 52.380952380581164 | SMA2= 9714.185000000001 | SMA3= 9714.136666666667 | Points= 0.10999999999876309 | Strength= 560 | Points2= 0.11999999999898137 | Strength2= 560 | Tick1= 9714.26 Tick2= 9714.38 Tick3= 9714.27 Tick4= 9714.37 Extra= 9714.37 | LossLevel= 0 | LossCount= 0 | Stake= 10 | Regime= 2 | Score= 30 | Reconfirm= 1 | Guard= false | Reason= BLOCK: QUALITY
2026-09-08,10:58:48 GMT,[SCALPER V3] Direction= 0 | RSI= 0 | SMA2= 9714.244999999999 | SMA3= 9714.176666666666 | Points= 0.1000000000003638 | Strength= 560 | Points2= 0.10999999999876309 | Strength2= 560 | Tick1= 9714.38 Tick2= 9714.27 Tick3= 9714.37 Tick4= 9714.43 Extra= 9714.43 | LossLevel= 0 | LossCount= 0 | Stake= 10 | Regime= 3 | Score= 10 | Reconfirm= 1 | Guard= false | Reason= BLOCK: QUALITY
2026-09-08,10:58:48 GMT,[SCALPER V3] Direction= 0 | RSI= 53.84615384626148 | SMA2= 9714.19 | SMA3= 9714.140000000001 | Points= 0.05999999999949068 | Strength= 560 | Points2= 0.1000000000003638 | Strength2= 560 | Tick1= 9714.27 Tick2= 9714.37 Tick3= 9714.43 Tick4= 9714.36 Extra= 9714.36 | LossLevel= 0 | LossCount= 0 | Stake= 10 | Regime= 2 | Score= 30 | Reconfirm= 1 | Guard= false | Reason= BLOCK: QUALITY
2026-09-08,10:58:48 GMT,[SCALPER V3] Direction= 0 | RSI= 100 | SMA2= 9714.240000000002 | SMA3= 9714.173333333334 | Points= 0.06999999999970896 | Strength= 560 | Points2= 0.05999999999949068 | Strength2= 560 | Tick1= 9714.37 Tick2= 9714.43 Tick3= 9714.36 Tick4= 9714.06 Extra= 9714.06 | LossLevel= 0 | LossCount= 0 | Stake= 10 | Regime= 3 | Score= 20 | Reconfirm= 1 | Guard= false | Reason= BLOCK: QUALITY
2026-09-08,10:58:48 GMT,[SCALPER V3] Direction= 2 | RSI= 100 | SMA2= 9714.27 | SMA3= 9714.193333333335 | Points= 0.3000000000010914 | Strength= 560 | Points2= 0.06999999999970896 | Strength2= 560 | Tick1= 9714.43 Tick2= 9714.36 Tick3= 9714.06 Tick4= 9714.05 Extra= 9714.05 | LossLevel= 0 | LossCount= 0 | Stake= 10 | Regime= 2 | Score= 40 | Reconfirm= 1 | Guard= false | Reason= BLOCK: QUALITY
2026-09-08,10:58:48 GMT,[SCALPER V3] Direction= 0 | RSI= 6.666666666747517 | SMA2= 9714.235 | SMA3= 9714.17 | Points= 0.010000000000218279 | Strength= 560 | Points2= 0.3000000000010914 | Strength2= 560 | Tick1= 9714.36 Tick2= 9714.06 Tick3= 9714.05 Tick4= 9714.19 Extra= 9714.19 | LossLevel= 0 | LossCount= 0 | Stake= 10 | Regime= 3 | Score= 10 | Reconfirm= 1 | Guard= false | Reason= BLOCK: QUALITY
2026-09-08,10:58:48 GMT,[SCALPER V3] Direction= 0 | RSI= 6.666666666747517 | SMA2= 9714.085 | SMA3= 9714.07 | Points= 0.1400000000012369 | Strength= 560 | Points2= 0.010000000000218279 | Strength2= 560 | Tick1= 9714.06 Tick2= 9714.05 Tick3= 9714.19 Tick4= 9714.18 Extra= 9714.18 | LossLevel= 0 | LossCount= 0 | Stake= 10 | Regime= 2 | Score= 40 | Reconfirm= 1 | Guard= false | Reason= BLOCK: QUALITY
2026-09-08,10:58:48 GMT,[SCALPER V3] Direction= 0 | RSI= 100 | SMA2= 9714.08 | SMA3= 9714.066666666668 | Points= 0.010000000000218279 | Strength= 560 | Points2= 0.1400000000012369 | Strength2= 560 | Tick1= 9714.05 Tick2= 9714.19 Tick3= 9714.18 Tick4= 9714.02 Extra= 9714.02 | LossLevel= 0 | LossCount= 0 | Stake= 10 | Regime= 3 | Score= 10 | Reconfirm= 1 | Guard= false | Reason= BLOCK: QUALITY
2026-09-08,10:58:48 GMT,[SCALPER V3] Direction= 0 | RSI= 100 | SMA2= 9714.150000000001 | SMA3= 9714.113333333335 | Points= 0.15999999999985448 | Strength= 560 | Points2= 0.010000000000218279 | Strength2= 560 | Tick1= 9714.19 Tick2= 9714.18 Tick3= 9714.02 Tick4= 9713.91 Extra= 9713.91 | LossLevel= 0 | LossCount= 0 | Stake= 10 | Regime= 2 | Score= 40 | Reconfirm= 1 | Guard= false | Reason= BLOCK: QUALITY
2026-09-08,10:58:48 GMT,[SCALPER V3] Direction= 0 | RSI= 100 | SMA2= 9714.145 | SMA3= 9714.11 | Points= 0.11000000000058208 | Strength= 560 | Points2= 0.15999999999985448 | Strength2= 560 | Tick1= 9714.18 Tick2= 9714.02 Tick3= 9713.91 Tick4= 9713.9 Extra= 9713.9 | LossLevel= 0 | LossCount= 0 | Stake= 10 | Regime= 3 | Score= 10 | Reconfirm= 1 | Guard= false | Reason= BLOCK: QUALITY
2026-09-08,10:58:48 GMT,[SCALPER V3] Direction= 0 | RSI= 3.8461538462345715 | SMA2= 9714.065 | SMA3= 9714.056666666667 | Points= 0.010000000000218279 | Strength= 560 | Points2= 0.11000000000058208 | Strength2= 560 | Tick1= 9714.02 Tick2= 9713.91 Tick3= 9713.9 Tick4= 9714.15 Extra= 9714.15 | LossLevel= 0 | LossCount= 0 | Stake= 10 | Regime= 3 | Score= 10 | Reconfirm= 1 | Guard= false | Reason= BLOCK: QUALITY
2026-09-08,10:58:48 GMT,[SCALPER V3] Direction= 0 | RSI= 40.476190476200784 | SMA2= 9714.01 | SMA3= 9714.02 | Points= 0.25 | Strength= 560 | Points2= 0.010000000000218279 | Strength2= 560 | Tick1= 9713.91 Tick2= 9713.9 Tick3= 9714.15 Tick4= 9713.98 Extra= 9713.98 | LossLevel= 0 | LossCount= 0 | Stake= 10 | Regime= 1 | Score= 100 | Reconfirm= 1 | Guard= false | Reason= BLOCK: QUALITY
2026-09-08,10:58:48 GMT,[SCALPER V3] Direction= 0 | RSI= 34.00000000001455 | SMA2= 9714.005000000001 | SMA3= 9714.016666666668 | Points= 0.17000000000007276 | Strength= 560 | Points2= 0.25 | Strength2= 560 | Tick1= 9713.9 Tick2= 9714.15 Tick3= 9713.98 Tick4= 9714.31 Extra= 9714.31 | LossLevel= 0 | LossCount= 0 | Stake= 10 | Regime= 1 | Score= 90 | Reconfirm= 1 | Guard= false | Reason= BLOCK: QUALITY
2026-09-08,10:58:48 GMT,[SCALPER V3] Direction= 0 | RSI= 0 | SMA2= 9714.130000000001 | SMA3= 9714.1 | Points= 0.32999999999992724 | Strength= 560 | Points2= 0.17000000000007276 | Strength2= 560 | Tick1= 9714.15 Tick2= 9713.98 Tick3= 9714.31 Tick4= 9714.38 Extra= 9714.38 | LossLevel= 0 | LossCount= 0 | Stake= 10 | Regime= 2 | Score= 40 | Reconfirm= 1 | Guard= false | Reason= BLOCK: QUALITY
2026-09-08,10:58:48 GMT,[SCALPER V3] Direction= 0 | RSI= 0 | SMA2= 9714.045 | SMA3= 9714.043333333333 | Points= 0.06999999999970896 | Strength= 560 | Points2= 0.32999999999992724 | Strength2= 560 | Tick1= 9713.98 Tick2= 9714.31 Tick3= 9714.38 Tick4= 9714.67 Extra= 9714.67 | LossLevel= 0 | LossCount= 0 | Stake= 10 | Regime= 3 | Score= 10 | Reconfirm= 1 | Guard= false | Reason= BLOCK: QUALITY
2026-09-08,10:58:48 GMT,[SCALPER V3] Direction= 0 | RSI= 0 | SMA2= 9714.21 | SMA3= 9714.153333333334 | Points= 0.2900000000008731 | Strength= 560 | Points2= 0.06999999999970896 | Strength2= 560 | Tick1= 9714.31 Tick2= 9714.38 Tick3= 9714.67 Tick4= 9714.77 Extra= 9714.77 | LossLevel= 0 | LossCount= 0 | Stake= 10 | Regime= 2 | Score= 40 | Reconfirm= 1 | Guard= false | Reason= BLOCK: QUALITY
2026-09-08,10:58:48 GMT,[SCALPER V3] Direction= 0 | RSI= 0 | SMA2= 9714.244999999999 | SMA3= 9714.176666666666 | Points= 0.1000000000003638 | Strength= 560 | Points2= 0.2900000000008731 | Strength2= 560 | Tick1= 9714.38 Tick2= 9714.67 Tick3= 9714.77 Tick4= 9714.94 Extra= 9714.94 | LossLevel= 0 | LossCount= 0 | Stake= 10 | Regime= 3 | Score= 10 | Reconfirm= 1 | Guard= false | Reason= BLOCK: QUALITY
2026-09-08,10:58:48 GMT,[SCALPER V3] Direction= 0 | RSI= 59.52380952379921 | SMA2= 9714.39 | SMA3= 9714.273333333333 | Points= 0.17000000000007276 | Strength= 560 | Points2= 0.1000000000003638 | Strength2= 560 | Tick1= 9714.67 Tick2= 9714.77 Tick3= 9714.94 Tick4= 9714.69 Extra= 9714.69 | LossLevel= 0 | LossCount= 0 | Stake= 10 | Regime= 2 | Score= 60 | Reconfirm= 1 | Guard= false | Reason= BLOCK: QUALITY
2026-09-08,10:58:48 GMT,[SCALPER V3] Direction= 0 | RSI= 65.78947368434909 | SMA2= 9714.44 | SMA3= 9714.306666666667 | Points= 0.25 | Strength= 560 | Points2= 0.17000000000007276 | Strength2= 560 | Tick1= 9714.77 Tick2= 9714.94 Tick3= 9714.69 Tick4= 9714.82 Extra= 9714.82 | LossLevel= 0 | LossCount= 0 | Stake= 10 | Regime= 2 | Score= 60 | Reconfirm= 1 | Guard= false | Reason= BLOCK: QUALITY
2026-09-08,10:58:48 GMT,[SCALPER V3] Direction= 2 | RSI= 65.78947368434909 | SMA2= 9714.525000000001 | SMA3= 9714.363333333335 | Points= 0.12999999999919964 | Strength= 560 | Points2= 0.25 | Strength2= 560 | Tick1= 9714.94 Tick2= 9714.69 Tick3= 9714.82 Tick4= 9714.57 Extra= 9714.57 | LossLevel= 0 | LossCount= 0 | Stake= 10 | Regime= 1 | Score= 90 | Reconfirm= 1 | Guard= false | Reason= BLOCK: QUALITY
2026-09-08,10:58:48 GMT,[SCALPER V3] Direction= 0 | RSI= 100 | SMA2= 9714.400000000001 | SMA3= 9714.28 | Points= 0.25 | Strength= 560 | Points2= 0.12999999999919964 | Strength2= 560 | Tick1= 9714.69 Tick2= 9714.82 Tick3= 9714.57 Tick4= 9714.46 Extra= 9714.46 | LossLevel= 0 | LossCount= 0 | Stake= 10 | Regime= 2 | Score= 40 | Reconfirm= 1 | Guard= false | Reason= BLOCK: QUALITY
2026-09-08,10:58:48 GMT,[SCALPER V3] Direction= 2 | RSI= 100 | SMA2= 9714.465 | SMA3= 9714.323333333334 | Points= 0.11000000000058208 | Strength= 560 | Points2= 0.25 | Strength2= 560 | Tick1= 9714.82 Tick2= 9714.57 Tick3= 9714.46 Tick4= 9714.4 Extra= 9714.4 | LossLevel= 0 | LossCount= 0 | Stake= 10 | Regime= 3 | Score= 10 | Reconfirm= 1 | Guard= false | Reason= BLOCK: QUALITY
2026-09-08,10:58:48 GMT,[SCALPER V3] Direction= 0 | RSI= 46.15384615373853 | SMA2= 9714.34 | SMA3= 9714.24 | Points= 0.05999999999949068 | Strength= 560 | Points2= 0.11000000000058208 | Strength2= 560 | Tick1= 9714.57 Tick2= 9714.46 Tick3= 9714.4 Tick4= 9714.47 Extra= 9714.47 | LossLevel= 0 | LossCount= 0 | Stake= 10 | Regime= 1 | Score= 70 | Reconfirm= 1 | Guard= false | Reason= BLOCK: QUALITY
2026-09-08,10:58:48 GMT,[SCALPER V3] Direction= 0 | RSI= 0 | SMA2= 9714.285 | SMA3= 9714.203333333333 | Points= 0.06999999999970896 | Strength= 560 | Points2= 0.05999999999949068 | Strength2= 560 | Tick1= 9714.46 Tick2= 9714.4 Tick3= 9714.47 Tick4= 9714.72 Extra= 9714.72 | LossLevel= 0 | LossCount= 0 | Stake= 10 | Regime= 3 | Score= 20 | Reconfirm= 1 | Guard= false | Reason= BLOCK: QUALITY
2026-09-08,10:58:48 GMT,[SCALPER V3] Direction= 0 | RSI= 0 | SMA2= 9714.255000000001 | SMA3= 9714.183333333334 | Points= 0.25 | Strength= 560 | Points2= 0.06999999999970896 | Strength2= 560 | Tick1= 9714.4 Tick2= 9714.47 Tick3= 9714.72 Tick4= 9714.78 Extra= 9714.78 | LossLevel= 0 | LossCount= 0 | Stake= 10 | Regime= 2 | Score= 40 | Reconfirm= 1 | Guard= false | Reason= BLOCK: QUALITY
2026-09-08,10:58:48 GMT,[SCALPER V3] Direction= 0 | RSI= 66.66666666632982 | SMA2= 9714.29 | SMA3= 9714.206666666667 | Points= 0.06000000000130967 | Strength= 560 | Points2= 0.25 | Strength2= 560 | Tick1= 9714.47 Tick2= 9714.72 Tick3= 9714.78 Tick4= 9714.66 Extra= 9714.66 | LossLevel= 0 | LossCount= 0 | Stake= 10 | Regime= 2 | Score= 30 | Reconfirm= 1 | Guard= false | Reason= BLOCK: QUALITY
2026-09-08,10:58:48 GMT,[SCALPER V3] Direction= 0 | RSI= 100 | SMA2= 9714.415 | SMA3= 9714.29 | Points= 0.12000000000080036 | Strength= 560 | Points2= 0.06000000000130967 | Strength2= 560 | Tick1= 9714.72 Tick2= 9714.78 Tick3= 9714.66 Tick4= 9714.55 Extra= 9714.55 | LossLevel= 0 | LossCount= 0 | Stake= 10 | Regime= 2 | Score= 40 | Reconfirm= 1 | Guard= false | Reason= BLOCK: QUALITY
2026-09-08,10:58:48 GMT,[SCALPER V3] Direction= 2 | RSI= 100 | SMA2= 9714.445 | SMA3= 9714.31 | Points= 0.11000000000058208 | Strength= 560 | Points2= 0.12000000000080036 | Strength2= 560 | Tick1= 9714.78 Tick2= 9714.66 Tick3= 9714.55 Tick4= 9714.35 Extra= 9714.35 | LossLevel= 0 | LossCount= 0 | Stake= 10 | Regime= 3 | Score= 10 | Reconfirm= 1 | Guard= false | Reason= BLOCK: QUALITY
2026-09-08,10:58:48 GMT,[SCALPER V3] Direction= 2 | RSI= 100 | SMA2= 9714.385 | SMA3= 9714.27 | Points= 0.1999999999989086 | Strength= 560 | Points2= 0.11000000000058208 | Strength2= 560 | Tick1= 9714.66 Tick2= 9714.55 Tick3= 9714.35 Tick4= 9714.21 Extra= 9714.21 | LossLevel= 0 | LossCount= 0 | Stake= 10 | Regime= 2 | Score= 40 | Reconfirm= 1 | Guard= false | Reason= BLOCK: QUALITY
2026-09-08,10:58:48 GMT,[SCALPER V3] Direction= 2 | RSI= 100 | SMA2= 9714.33 | SMA3= 9714.233333333334 | Points= 0.1400000000012369 | Strength= 560 | Points2= 0.1999999999989086 | Strength2= 560 | Tick1= 9714.55 Tick2= 9714.35 Tick3= 9714.21 Tick4= 9714 Extra= 9714 | LossLevel= 0 | LossCount= 0 | Stake= 10 | Regime= 2 | Score= 30 | Reconfirm= 1 | Guard= false | Reason= BLOCK: QUALITY
2026-09-08,10:58:48 GMT,[SCALPER V3] Direction= 0 | RSI= 100 | SMA2= 9714.23 | SMA3= 9714.166666666666 | Points= 0.20999999999912689 | Strength= 560 | Points2= 0.1400000000012369 | Strength2= 560 | Tick1= 9714.35 Tick2= 9714.21 Tick3= 9714 Tick4= 9713.99 Extra= 9713.99 | LossLevel= 0 | LossCount= 0 | Stake= 10 | Regime= 2 | Score= 40 | Reconfirm= 1 | Guard= false | Reason= BLOCK: QUALITY
2026-09-08,10:58:48 GMT,[SCALPER V3] Direction= 0 | RSI= 14.285714286085508 | SMA2= 9714.16 | SMA3= 9714.12 | Points= 0.010000000000218279 | Strength= 560 | Points2= 0.20999999999912689 | Strength2= 560 | Tick1= 9714.21 Tick2= 9714 Tick3= 9713.99 Tick4= 9714.05 Extra= 9714.05 | LossLevel= 0 | LossCount= 0 | Stake= 10 | Regime= 3 | Score= 10 | Reconfirm= 1 | Guard= false | Reason= BLOCK: QUALITY
2026-09-08,10:58:48 GMT,[SCALPER V3] Direction= 0 | RSI= 0 | SMA2= 9714.055 | SMA3= 9714.050000000001 | Points= 0.05999999999949068 | Strength= 560 | Points2= 0.010000000000218279 | Strength2= 560 | Tick1= 9714 Tick2= 9713.99 Tick3= 9714.05 Tick4= 9714.2 Extra= 9714.2 | LossLevel= 0 | LossCount= 0 | Stake= 10 | Regime= 3 | Score= 20 | Reconfirm= 1 | Guard= false | Reason= BLOCK: QUALITY
2026-09-08,10:58:48 GMT,[SCALPER V3] Direction= 0 | RSI= 0 | SMA2= 9714.05 | SMA3= 9714.046666666667 | Points= 0.1500000000014552 | Strength= 560 | Points2= 0.05999999999949068 | Strength2= 560 | Tick1= 9713.99 Tick2= 9714.05 Tick3= 9714.2 Tick4= 9714.34 Extra= 9714.34 | LossLevel= 0 | LossCount= 0 | Stake= 10 | Regime= 2 | Score= 40 | Reconfirm= 1 | Guard= false | Reason= BLOCK: QUALITY
2026-09-08,10:58:48 GMT,[SCALPER V3] Direction= 0 | RSI= 0 | SMA2= 9714.08 | SMA3= 9714.066666666668 | Points= 0.13999999999941792 | Strength= 560 | Points2= 0.1500000000014552 | Strength2= 560 | Tick1= 9714.05 Tick2= 9714.2 Tick3= 9714.34 Tick4= 9714.41 Extra= 9714.41 | LossLevel= 0 | LossCount= 0 | Stake= 10 | Regime= 2 | Score= 30 | Reconfirm= 1 | Guard= false | Reason= BLOCK: QUALITY
2026-09-08,10:58:48 GMT,[SCALPER V3] Direction= 0 | RSI= 0 | SMA2= 9714.155 | SMA3= 9714.116666666667 | Points= 0.06999999999970896 | Strength= 560 | Points2= 0.13999999999941792 | Strength2= 560 | Tick1= 9714.2 Tick2= 9714.34 Tick3= 9714.41 Tick4= 9714.42 Extra= 9714.42 | LossLevel= 0 | LossCount= 0 | Stake= 10 | Regime= 3 | Score= 10 | Reconfirm= 1 | Guard= false | Reason= BLOCK: QUALITY
2026-09-08,10:58:48 GMT,[SCALPER V3] Direction= 0 | RSI= 95.65217391294033 | SMA2= 9714.225 | SMA3= 9714.163333333334 | Points= 0.010000000000218279 | Strength= 560 | Points2= 0.06999999999970896 | Strength2= 560 | Tick1= 9714.34 Tick2= 9714.41 Tick3= 9714.42 Tick4= 9714.2 Extra= 9714.2 | LossLevel= 0 | LossCount= 0 | Stake= 10 | Regime= 3 | Score= 10 | Reconfirm= 1 | Guard= false | Reason= BLOCK: QUALITY
2026-09-08,10:58:48 GMT,[SCALPER V3] Direction= 0 | RSI= 62.857142857217106 | SMA2= 9714.26 | SMA3= 9714.186666666666 | Points= 0.21999999999934516 | Strength= 560 | Points2= 0.010000000000218279 | Strength2= 560 | Tick1= 9714.41 Tick2= 9714.42 Tick3= 9714.2 Tick4= 9714.33 Extra= 9714.33 | LossLevel= 0 | LossCount= 0 | Stake= 10 | Regime= 1 | Score= 100 | Reconfirm= 1 | Guard= false | Reason= BLOCK: QUALITY
2026-09-08,10:58:48 GMT,[SCALPER V3] Direction= 0 | RSI= 7.142857143042761 | SMA2= 9714.265 | SMA3= 9714.19 | Points= 0.12999999999919964 | Strength= 560 | Points2= 0.21999999999934516 | Strength2= 560 | Tick1= 9714.42 Tick2= 9714.2 Tick3= 9714.33 Tick4= 9714.32 Extra= 9714.32 | LossLevel= 0 | LossCount= 0 | Stake= 10 | Regime= 1 | Score= 70 | Reconfirm= 1 | Guard= false | Reason= BLOCK: QUALITY
2026-09-08,10:58:48 GMT,[SCALPER V3] Direction= 0 | RSI= 100 | SMA2= 9714.155 | SMA3= 9714.116666666667 | Points= 0.010000000000218279 | Strength= 560 | Points2= 0.12999999999919964 | Strength2= 560 | Tick1= 9714.2 Tick2= 9714.33 Tick3= 9714.32 Tick4= 9714.05 Extra= 9714.05 | LossLevel= 0 | LossCount= 0 | Stake= 10 | Regime= 3 | Score= 10 | Reconfirm= 1 | Guard= false | Reason= BLOCK: QUALITY
2026-09-08,10:58:48 GMT,[SCALPER V3] Direction= 2 | RSI= 100 | SMA2= 9714.220000000001 | SMA3= 9714.160000000002 | Points= 0.27000000000043656 | Strength= 560 | Points2= 0.010000000000218279 | Strength2= 560 | Tick1= 9714.33 Tick2= 9714.32 Tick3= 9714.05 Tick4= 9713.92 Extra= 9713.92 | LossLevel= 0 | LossCount= 0 | Stake= 10 | Regime= 2 | Score= 40 | Reconfirm= 1 | Guard= false | Reason= BLOCK: QUALITY
2026-09-08,10:58:48 GMT,[SCALPER V3] Direction= 2 | RSI= 56.52173913019408 | SMA2= 9714.215 | SMA3= 9714.156666666668 | Points= 0.12999999999919964 | Strength= 560 | Points2= 0.27000000000043656 | Strength2= 560 | Tick1= 9714.32 Tick2= 9714.05 Tick3= 9713.92 Tick4= 9714.02 Extra= 9714.02 | LossLevel= 0 | LossCount= 0 | Stake= 10 | Regime= 1 | Score= 90 | Reconfirm= 1 | Guard= false | Reason= BLOCK: QUALITY
2026-09-08,10:58:48 GMT,[SCALPER V3] Direction= 0 | RSI= 61.53846153835391 | SMA2= 9714.08 | SMA3= 9714.066666666668 | Points= 0.1000000000003638 | Strength= 560 | Points2= 0.12999999999919964 | Strength2= 560 | Tick1= 9714.05 Tick2= 9713.92 Tick3= 9714.02 Tick4= 9713.86 Extra= 9713.86 | LossLevel= 0 | LossCount= 0 | Stake= 10 | Regime= 1 | Score= 70 | Reconfirm= 1 | Guard= false | Reason= BLOCK: QUALITY
2026-09-08,10:58:48 GMT,[SCALPER V3] Direction= 0 | RSI= 100 | SMA2= 9714.015 | SMA3= 9714.023333333333 | Points= 0.15999999999985448 | Strength= 560 | Points2= 0.1000000000003638 | Strength2= 560 | Tick1= 9713.92 Tick2= 9714.02 Tick3= 9713.86 Tick4= 9713.66 Extra= 9713.66 | LossLevel= 0 | LossCount= 0 | Stake= 10 | Regime= 2 | Score= 40 | Reconfirm= 1 | Guard= false | Reason= BLOCK: QUALITY
2026-09-08,10:58:48 GMT,[SCALPER V3] Direction= 0 | RSI= 60.60606060596039 | SMA2= 9714.065 | SMA3= 9714.056666666667 | Points= 0.2000000000007276 | Strength= 560 | Points2= 0.15999999999985448 | Strength2= 560 | Tick1= 9714.02 Tick2= 9713.86 Tick3= 9713.66 Tick4= 9713.79 Extra= 9713.79 | LossLevel= 0 | LossCount= 0 | Stake= 10 | Regime= 1 | Score= 100 | Reconfirm= 1 | Guard= false | Reason= BLOCK: QUALITY
2026-09-08,10:58:48 GMT,[SCALPER V3] Direction= 0 | RSI= 47.999999999970896 | SMA2= 9713.985 | SMA3= 9714.003333333334 | Points= 0.13000000000101863 | Strength= 560 | Points2= 0.2000000000007276 | Strength2= 560 | Tick1= 9713.86 Tick2= 9713.66 Tick3= 9713.79 Tick4= 9713.67 Extra= 9713.67 | LossLevel= 0 | LossCount= 0 | Stake= 10 | Regime= 2 | Score= 50 | Reconfirm= 1 | Guard= false | Reason= BLOCK: QUALITY
2026-09-08,10:58:48 GMT,[SCALPER V3] Direction= 0 | RSI= 100 | SMA2= 9713.885 | SMA3= 9713.936666666666 | Points= 0.12000000000080036 | Strength= 560 | Points2= 0.13000000000101863 | Strength2= 560 | Tick1= 9713.66 Tick2= 9713.79 Tick3= 9713.67 Tick4= 9713.6 Extra= 9713.6 | LossLevel= 0 | LossCount= 0 | Stake= 10 | Regime= 2 | Score= 30 | Reconfirm= 1 | Guard= false | Reason= BLOCK: QUALITY
2026-09-08,10:58:48 GMT,[SCALPER V3] Direction= 0 | RSI= 17.948717948670108 | SMA2= 9713.95 | SMA3= 9713.980000000001 | Points= 0.06999999999970896 | Strength= 560 | Points2= 0.12000000000080036 | Strength2= 560 | Tick1= 9713.79 Tick2= 9713.67 Tick3= 9713.6 Tick4= 9713.92 Extra= 9713.92 | LossLevel= 0 | LossCount= 0 | Stake= 10 | Regime= 3 | Score= 10 | Reconfirm= 1 | Guard= false | Reason= BLOCK: QUALITY
2026-09-08,10:58:48 GMT,[SCALPER V3] Direction= 0 | RSI= 0 | SMA2= 9713.89 | SMA3= 9713.94 | Points= 0.31999999999970896 | Strength= 560 | Points2= 0.06999999999970896 | Strength2= 560 | Tick1= 9713.67 Tick2= 9713.6 Tick3= 9713.92 Tick4= 9714.11 Extra= 9714.11 | LossLevel= 0 | LossCount= 0 | Stake= 10 | Regime= 2 | Score= 40 | Reconfirm= 1 | Guard= false | Reason= BLOCK: QUALITY
2026-09-08,10:58:48 GMT,[SCALPER V3] Direction= 1 | RSI= 0 | SMA2= 9713.855 | SMA3= 9713.916666666666 | Points= 0.19000000000050932 | Strength= 560 | Points2= 0.31999999999970896 | Strength2= 560 | Tick1= 9713.6 Tick2= 9713.92 Tick3= 9714.11 Tick4= 9714.2 Extra= 9714.2 | LossLevel= 0 | LossCount= 0 | Stake= 10 | Regime= 2 | Score= 30 | Reconfirm= 1 | Guard= false | Reason= BLOCK: QUALITY
2026-09-08,10:58:48 GMT,[SCALPER V3] Direction= 0 | RSI= 40.00000000048506 | SMA2= 9714.015 | SMA3= 9714.023333333333 | Points= 0.09000000000014552 | Strength= 560 | Points2= 0.19000000000050932 | Strength2= 560 | Tick1= 9713.92 Tick2= 9714.11 Tick3= 9714.2 Tick4= 9714.14 Extra= 9714.14 | LossLevel= 0 | LossCount= 0 | Stake= 10 | Regime= 1 | Score= 70 | Reconfirm= 1 | Guard= false | Reason= BLOCK: QUALITY
2026-09-08,10:58:48 GMT,[SCALPER V3] Direction= 0 | RSI= 100 | SMA2= 9714.075 | SMA3= 9713.853333333334 | Points= 0.06000000000130967 | Strength= 560 | Points2= 0.09000000000014552 | Strength2= 560 | Tick1= 9714.11 Tick2= 9714.2 Tick3= 9714.14 Tick4= 9714.12 Extra= 9714.12 | LossLevel= 0 | LossCount= 0 | Stake= 10 | Regime= 3 | Score= 10 | Reconfirm= 1 | Guard= false | Reason= BLOCK: QUALITY
2026-09-08,10:58:48 GMT,[SCALPER V3] Direction= 0 | RSI= 100 | SMA2= 9714.12 | SMA3= 9713.883333333333 | Points= 0.019999999998617568 | Strength= 560 | Points2= 0.06000000000130967 | Strength2= 560 | Tick1= 9714.2 Tick2= 9714.14 Tick3= 9714.12 Tick4= 9714.12 Extra= 9714.12 | LossLevel= 0 | LossCount= 0 | Stake= 10 | Regime= 3 | Score= 10 | Reconfirm= 1 | Guard= false | Reason= BLOCK: QUALITY
2026-09-08,10:58:48 GMT,[SCALPER V3] Direction= 0 | RSI= 0 | SMA2= 9714.09 | SMA3= 9713.863333333333 | Points= 0 | Strength= 560 | Points2= 0.019999999998617568 | Strength2= 560 | Tick1= 9714.14 Tick2= 9714.12 Tick3= 9714.12 Tick4= 9714.22 Extra= 9714.22 | LossLevel= 0 | LossCount= 0 | Stake= 10 | Regime= 3 | Score= 10 | Reconfirm= 1 | Guard= false | Reason= BLOCK: QUALITY
2026-09-08,10:58:48 GMT,[SCALPER V3] Direction= 0 | RSI= 47.36842105303467 | SMA2= 9714.080000000002 | SMA3= 9713.856666666667 | Points= 0.09999999999854481 | Strength= 560 | Points2= 0 | Strength2= 560 | Tick1= 9714.12 Tick2= 9714.12 Tick3= 9714.22 Tick4= 9714.13 Extra= 9714.13 | LossLevel= 0 | LossCount= 0 | Stake= 10 | Regime= 2 | Score= 40 | Reconfirm= 1 | Guard= false | Reason= BLOCK: QUALITY
2026-09-08,10:58:48 GMT,[SCALPER V3] Direction= 0 | RSI= 26.470588235325593 | SMA2= 9714.080000000002 | SMA3= 9713.856666666667 | Points= 0.09000000000014552 | Strength= 560 | Points2= 0.09999999999854481 | Strength2= 560 | Tick1= 9714.12 Tick2= 9714.22 Tick3= 9714.13 Tick4= 9714.38 Extra= 9714.38 | LossLevel= 0 | LossCount= 0 | Stake= 10 | Regime= 2 | Score= 10 | Reconfirm= 1 | Guard= false | Reason= BLOCK: QUALITY
2026-09-08,10:58:48 GMT,[SCALPER V3] Direction= 0 | RSI= 0 | SMA2= 9714.130000000001 | SMA3= 9713.89 | Points= 0.25 | Strength= 560 | Points2= 0.09000000000014552 | Strength2= 560 | Tick1= 9714.22 Tick2= 9714.13 Tick3= 9714.38 Tick4= 9714.5 Extra= 9714.5 | LossLevel= 0 | LossCount= 0 | Stake= 10 | Regime= 2 | Score= 40 | Reconfirm= 1 | Guard= false | Reason= BLOCK: QUALITY
2026-09-08,10:58:48 GMT,[SCALPER V3] Direction= 0 | RSI= 69.99999999990905 | SMA2= 9714.085 | SMA3= 9713.86 | Points= 0.12000000000080036 | Strength= 560 | Points2= 0.25 | Strength2= 560 | Tick1= 9714.13 Tick2= 9714.38 Tick3= 9714.5 Tick4= 9714.22 Extra= 9714.22 | LossLevel= 0 | LossCount= 0 | Stake= 10 | Regime= 2 | Score= 50 | Reconfirm= 1 | Guard= false | Reason= BLOCK: QUALITY
2026-09-08,10:58:48 GMT,[SCALPER V3] Direction= 0 | RSI= 37.83783783784448 | SMA2= 9714.21 | SMA3= 9713.943333333335 | Points= 0.28000000000065484 | Strength= 560 | Points2= 0.12000000000080036 | Strength2= 560 | Tick1= 9714.38 Tick2= 9714.5 Tick3= 9714.22 Tick4= 9714.68 Extra= 9714.68 | LossLevel= 0 | LossCount= 0 | Stake= 10 | Regime= 2 | Score= 60 | Reconfirm= 1 | Guard= false | Reason= BLOCK: QUALITY
2026-09-08,10:58:48 GMT,[SCALPER V3] Direction= 2 | RSI= 40.259740259651295 | SMA2= 9714.27 | SMA3= 9713.983333333334 | Points= 0.4600000000009459 | Strength= 560 | Points2= 0.28000000000065484 | Strength2= 560 | Tick1= 9714.5 Tick2= 9714.22 Tick3= 9714.68 Tick4= 9714.37 Extra= 9714.37 | LossLevel= 0 | LossCount= 0 | Stake= 10 | Regime= 1 | Score= 100 | Reconfirm= 1 | Guard= false | Reason= BLOCK: QUALITY
2026-09-08,10:58:48 GMT,[SCALPER V3] Direction= 0 | RSI= 100 | SMA2= 9714.130000000001 | SMA3= 9713.89 | Points= 0.3099999999994907 | Strength= 560 | Points2= 0.4600000000009459 | Strength2= 560 | Tick1= 9714.22 Tick2= 9714.68 Tick3= 9714.37 Tick4= 9714.25 Extra= 9714.25 | LossLevel= 0 | LossCount= 0 | Stake= 10 | Regime= 2 | Score= 30 | Reconfirm= 1 | Guard= false | Reason= BLOCK: QUALITY
2026-09-08,10:58:48 GMT,[SCALPER V3] Direction= 2 | RSI= 38.709677419449484 | SMA2= 9714.36 | SMA3= 9714.043333333333 | Points= 0.12000000000080036 | Strength= 560 | Points2= 0.3099999999994907 | Strength2= 560 | Tick1= 9714.68 Tick2= 9714.37 Tick3= 9714.25 Tick4= 9714.44 Extra= 9714.44 | LossLevel= 0 | LossCount= 0 | Stake= 10 | Regime= 1 | Score= 90 | Reconfirm= 1 | Guard= false | Reason= BLOCK: QUALITY
2026-09-08,10:58:48 GMT,[SCALPER V3] Direction= 0 | RSI= 0 | SMA2= 9714.205000000002 | SMA3= 9713.94 | Points= 0.19000000000050932 | Strength= 560 | Points2= 0.12000000000080036 | Strength2= 560 | Tick1= 9714.37 Tick2= 9714.25 Tick3= 9714.44 Tick4= 9714.44 Extra= 9714.44 | LossLevel= 0 | LossCount= 0 | Stake= 10 | Regime= 2 | Score= 40 | Reconfirm= 1 | Guard= false | Reason= BLOCK: QUALITY
2026-09-08,10:58:48 GMT,[SCALPER V3] Direction= 0 | RSI= 100 | SMA2= 9714.145 | SMA3= 9713.9 | Points= 0 | Strength= 560 | Points2= 0.19000000000050932 | Strength2= 560 | Tick1= 9714.25 Tick2= 9714.44 Tick3= 9714.44 Tick4= 9714.13 Extra= 9714.13 | LossLevel= 0 | LossCount= 0 | Stake= 10 | Regime= 3 | Score= 10 | Reconfirm= 1 | Guard= false | Reason= BLOCK: QUALITY
2026-09-08,10:58:48 GMT,[SCALPER V3] Direction= 0 | RSI= 100 | SMA2= 9714.240000000002 | SMA3= 9713.963333333333 | Points= 0.3100000000013097 | Strength= 560 | Points2= 0 | Strength2= 560 | Tick1= 9714.44 Tick2= 9714.44 Tick3= 9714.13 Tick4= 9714.01 Extra= 9714.01 | LossLevel= 0 | LossCount= 0 | Stake= 10 | Regime= 2 | Score= 40 | Reconfirm= 1 | Guard= false | Reason= BLOCK: QUALITY
2026-09-08,10:58:48 GMT,[SCALPER V3] Direction= 2 | RSI= 92.30769230747704 | SMA2= 9714.240000000002 | SMA3= 9713.963333333333 | Points= 0.11999999999898137 | Strength= 560 | Points2= 0.3100000000013097 | Strength2= 560 | Tick1= 9714.44 Tick2= 9714.13 Tick3= 9714.01 Tick4= 9714.02 Extra= 9714.02 | LossLevel= 0 | LossCount= 0 | Stake= 10 | Regime= 3 | Score= 10 | Reconfirm= 1 | Guard= false | Reason= BLOCK: QUALITY
2026-09-08,10:58:48 GMT,[SCALPER V3] Direction= 0 | RSI= 0 | SMA2= 9714.085 | SMA3= 9713.86 | Points= 0.010000000000218279 | Strength= 560 | Points2= 0.11999999999898137 | Strength2= 560 | Tick1= 9714.13 Tick2= 9714.01 Tick3= 9714.02 Tick4= 9714.3 Extra= 9714.3 | LossLevel= 0 | LossCount= 0 | Stake= 10 | Regime= 3 | Score= 10 | Reconfirm= 1 | Guard= false | Reason= BLOCK: QUALITY
2026-09-08,10:58:48 GMT,[SCALPER V3] Direction= 0 | RSI= 0 | SMA2= 9714.025000000001 | SMA3= 9713.82 | Points= 0.27999999999883585 | Strength= 560 | Points2= 0.010000000000218279 | Strength2= 560 | Tick1= 9714.01 Tick2= 9714.02 Tick3= 9714.3 Tick4= 9714.48 Extra= 9714.48 | LossLevel= 0 | LossCount= 0 | Stake= 10 | Regime= 2 | Score= 40 | Reconfirm= 1 | Guard= false | Reason= BLOCK: QUALITY
2026-09-08,10:58:48 GMT,[SCALPER V3] Direction= 0 | RSI= 64.70588235289921 | SMA2= 9714.03 | SMA3= 9713.823333333334 | Points= 0.18000000000029104 | Strength= 560 | Points2= 0.27999999999883585 | Strength2= 560 | Tick1= 9714.02 Tick2= 9714.3 Tick3= 9714.48 Tick4= 9714.15 Extra= 9714.15 | LossLevel= 0 | LossCount= 0 | Stake= 10 | Regime= 2 | Score= 50 | Reconfirm= 1 | Guard= false | Reason= BLOCK: QUALITY
2026-09-08,10:58:48 GMT,[SCALPER V3] Direction= 0 | RSI= 73.3333333331986 | SMA2= 9714.17 | SMA3= 9713.916666666666 | Points= 0.32999999999992724 | Strength= 560 | Points2= 0.18000000000029104 | Strength2= 560 | Tick1= 9714.3 Tick2= 9714.48 Tick3= 9714.15 Tick4= 9714.27 Extra= 9714.27 | LossLevel= 0 | LossCount= 0 | Stake= 10 | Regime= 1 | Score= 80 | Reconfirm= 1 | Guard= false | Reason= BLOCK: QUALITY
2026-09-08,10:58:48 GMT,[SCALPER V3] Direction= 2 | RSI= 0 | SMA2= 9714.26 | SMA3= 9713.976666666667 | Points= 0.12000000000080036 | Strength= 560 | Points2= 0.32999999999992724 | Strength2= 560 | Tick1= 9714.48 Tick2= 9714.15 Tick3= 9714.27 Tick4= 9714.28 Extra= 9714.28 | LossLevel= 0 | LossCount= 0 | Stake= 10 | Regime= 2 | Score= 30 | Reconfirm= 1 | Guard= false | Reason= BLOCK: QUALITY
2026-09-08,10:58:48 GMT,[SCALPER V3] Direction= 0 | RSI= 97.56097560971281 | SMA2= 9714.095000000001 | SMA3= 9713.866666666667 | Points= 0.010000000000218279 | Strength= 560 | Points2= 0.12000000000080036 | Strength2= 560 | Tick1= 9714.15 Tick2= 9714.27 Tick3= 9714.28 Tick4= 9713.88 Extra= 9713.88 | LossLevel= 0 | LossCount= 0 | Stake= 10 | Regime= 3 | Score= 10 | Reconfirm= 1 | Guard= false | Reason= BLOCK: QUALITY
2026-09-08,10:58:48 GMT,[SCALPER V3] Direction= 0 | RSI= 67.79661016951243 | SMA2= 9714.155 | SMA3= 9713.906666666668 | Points= 0.4000000000014552 | Strength= 560 | Points2= 0.010000000000218279 | Strength2= 560 | Tick1= 9714.27 Tick2= 9714.28 Tick3= 9713.88 Tick4= 9714.07 Extra= 9714.07 | LossLevel= 0 | LossCount= 0 | Stake= 10 | Regime= 1 | Score= 100 | Reconfirm= 1 | Guard= false | Reason= BLOCK: QUALITY
2026-09-08,10:58:48 GMT,[SCALPER V3] Direction= 2 | RSI= 29.62962962955477 | SMA2= 9714.16 | SMA3= 9713.910000000002 | Points= 0.19000000000050932 | Strength= 560 | Points2= 0.4000000000014552 | Strength2= 560 | Tick1= 9714.28 Tick2= 9713.88 Tick3= 9714.07 Tick4= 9713.99 Extra= 9713.99 | LossLevel= 0 | LossCount= 0 | Stake= 10 | Regime= 1 | Score= 70 | Reconfirm= 1 | Guard= false | Reason= BLOCK: QUALITY
2026-09-08,10:58:48 GMT,[SCALPER V3] Direction= 0 | RSI= 100 | SMA2= 9713.96 | SMA3= 9713.776666666667 | Points= 0.07999999999992724 | Strength= 560 | Points2= 0.19000000000050932 | Strength2= 560 | Tick1= 9713.88 Tick2= 9714.07 Tick3= 9713.99 Tick4= 9713.71 Extra= 9713.71 | LossLevel= 0 | LossCount= 0 | Stake= 10 | Regime= 3 | Score= 10 | Reconfirm= 1 | Guard= false | Reason= BLOCK: QUALITY
2026-09-08,10:58:48 GMT,[SCALPER V3] Direction= 0 | RSI= 46.666666666606034 | SMA2= 9714.055 | SMA3= 9713.84 | Points= 0.28000000000065484 | Strength= 560 | Points2= 0.07999999999992724 | Strength2= 560 | Tick1= 9714.07 Tick2= 9713.99 Tick3= 9713.71 Tick4= 9714.03 Extra= 9714.03 | LossLevel= 0 | LossCount= 0 | Stake= 10 | Regime= 1 | Score= 100 | Reconfirm= 1 | Guard= false | Reason= BLOCK: QUALITY
2026-09-08,10:58:48 GMT,[SCALPER V3] Direction= 0 | RSI= 0 | SMA2= 9714.015 | SMA3= 9713.813333333334 | Points= 0.32000000000152795 | Strength= 560 | Points2= 0.28000000000065484 | Strength2= 560 | Tick1= 9713.99 Tick2= 9713.71 Tick3= 9714.03 Tick4= 9714.06 Extra= 9714.06 | LossLevel= 0 | LossCount= 0 | Stake= 10 | Regime= 2 | Score= 40 | Reconfirm= 1 | Guard= false | Reason= BLOCK: QUALITY
2026-09-08,10:58:48 GMT,[SCALPER V3] Direction= 0 | RSI= 0 | SMA2= 9713.875 | SMA3= 9713.72 | Points= 0.029999999998835847 | Strength= 560 | Points2= 0.32000000000152795 | Strength2= 560 | Tick1= 9713.71 Tick2= 9714.03 Tick3= 9714.06 Tick4= 9714.13 Extra= 9714.13 | LossLevel= 0 | LossCount= 0 | Stake= 10 | Regime= 3 | Score= 10 | Reconfirm= 1 | Guard= false | Reason= BLOCK: QUALITY
2026-09-08,10:58:48 GMT,[SCALPER V3] Direction= 0 | RSI= 69.56521739137312 | SMA2= 9714.035 | SMA3= 9713.826666666668 | Points= 0.06999999999970896 | Strength= 560 | Points2= 0.029999999998835847 | Strength2= 560 | Tick1= 9714.03 Tick2= 9714.06 Tick3= 9714.13 Tick4= 9713.97 Extra= 9713.97 | LossLevel= 0 | LossCount= 0 | Stake= 10 | Regime= 1 | Score= 80 | Reconfirm= 1 | Guard= false | Reason= BLOCK: QUALITY
2026-09-08,10:58:48 GMT,[SCALPER V3] Direction= 0 | RSI= 94.11764705869764 | SMA2= 9714.05 | SMA3= 9713.836666666668 | Points= 0.15999999999985448 | Strength= 560 | Points2= 0.06999999999970896 | Strength2= 560 | Tick1= 9714.06 Tick2= 9714.13 Tick3= 9713.97 Tick4= 9713.98 Extra= 9713.98 | LossLevel= 0 | LossCount= 0 | Stake= 10 | Regime= 1 | Score= 80 | Reconfirm= 1 | Guard= false | Reason= BLOCK: QUALITY
2026-09-08,10:58:48 GMT,[SCALPER V3] Direction= 0 | RSI= 0 | SMA2= 9714.085 | SMA3= 9713.86 | Points= 0.010000000000218279 | Strength= 560 | Points2= 0.15999999999985448 | Strength2= 560 | Tick1= 9714.13 Tick2= 9713.97 Tick3= 9713.98 Tick4= 9714.12 Extra= 9714.12 | LossLevel= 0 | LossCount= 0 | Stake= 10 | Regime= 3 | Score= 10 | Reconfirm= 1 | Guard= false | Reason= BLOCK: QUALITY
2026-09-08,10:58:48 GMT,[SCALPER V3] Direction= 0 | RSI= 0 | SMA2= 9714.005000000001 | SMA3= 9713.806666666665 | Points= 0.1400000000012369 | Strength= 560 | Points2= 0.010000000000218279 | Strength2= 560 | Tick1= 9713.97 Tick2= 9713.98 Tick3= 9714.12 Tick4= 9714.15 Extra= 9714.15 | LossLevel= 0 | LossCount= 0 | Stake= 10 | Regime= 2 | Score= 40 | Reconfirm= 1 | Guard= false | Reason= BLOCK: QUALITY
2026-09-08,10:58:48 GMT,[SCALPER V3] Direction= 0 | RSI= 0 | SMA2= 9714.01 | SMA3= 9713.81 | Points= 0.029999999998835847 | Strength= 560 | Points2= 0.1400000000012369 | Strength2= 560 | Tick1= 9713.98 Tick2= 9714.12 Tick3= 9714.15 Tick4= 9714.2 Extra= 9714.2 | LossLevel= 0 | LossCount= 0 | Stake= 10 | Regime= 3 | Score= 10 | Reconfirm= 1 | Guard= false | Reason= BLOCK: QUALITY
2026-09-08,10:58:48 GMT,[SCALPER V3] Direction= 0 | RSI= 44.44444444444444 | SMA2= 9714.080000000002 | SMA3= 9713.856666666667 | Points= 0.050000000001091394 | Strength= 560 | Points2= 0.029999999998835847 | Strength2= 560 | Tick1= 9714.12 Tick2= 9714.15 Tick3= 9714.2 Tick4= 9714.16 Extra= 9714.16 | LossLevel= 0 | LossCount= 0 | Stake= 10 | Regime= 2 | Score= 40 | Reconfirm= 1 | Guard= false | Reason= BLOCK: QUALITY
2026-09-08,10:58:48 GMT,[SCALPER V3] Direction= 0 | RSI= 100 | SMA2= 9714.095000000001 | SMA3= 9713.866666666667 | Points= 0.040000000000873115 | Strength= 560 | Points2= 0.050000000001091394 | Strength2= 560 | Tick1= 9714.15 Tick2= 9714.2 Tick3= 9714.16 Tick4= 9713.96 Extra= 9713.96 | LossLevel= 0 | LossCount= 0 | Stake= 10 | Regime= 3 | Score= 10 | Reconfirm= 1 | Guard= false | Reason= BLOCK: QUALITY
2026-09-08,10:58:48 GMT,[SCALPER V3] Direction= 0 | RSI= 64.51612903222022 | SMA2= 9714.12 | SMA3= 9713.883333333333 | Points= 0.2000000000007276 | Strength= 560 | Points2= 0.040000000000873115 | Strength2= 560 | Tick1= 9714.2 Tick2= 9714.16 Tick3= 9713.96 Tick4= 9714.07 Extra= 9714.07 | LossLevel= 0 | LossCount= 0 | Stake= 10 | Regime= 1 | Score= 100 | Reconfirm= 1 | Guard= false | Reason= BLOCK: QUALITY
2026-09-08,10:58:48 GMT,[SCALPER V3] Direction= 0 | RSI= 54.16666666638245 | SMA2= 9714.1 | SMA3= 9713.87 | Points= 0.11000000000058208 | Strength= 560 | Points2= 0.2000000000007276 | Strength2= 560 | Tick1= 9714.16 Tick2= 9713.96 Tick3= 9714.07 Tick4= 9713.94 Extra= 9713.94 | LossLevel= 0 | LossCount= 0 | Stake= 10 | Regime= 1 | Score= 70 | Reconfirm= 1 | Guard= false | Reason= BLOCK: QUALITY
2026-09-08,10:58:48 GMT,[SCALPER V3] Direction= 0 | RSI= 100 | SMA2= 9714 | SMA3= 9713.803333333333 | Points= 0.12999999999919964 | Strength= 560 | Points2= 0.11000000000058208 | Strength2= 560 | Tick1= 9713.96 Tick2= 9714.07 Tick3= 9713.94 Tick4= 9713.88 Extra= 9713.88 | LossLevel= 0 | LossCount= 0 | Stake= 10 | Regime= 2 | Score= 40 | Reconfirm= 1 | Guard= false | Reason= BLOCK: QUALITY
2026-09-08,10:58:48 GMT,[SCALPER V3] Direction= 0 | RSI= 40.00000000048506 | SMA2= 9714.055 | SMA3= 9713.84 | Points= 0.06000000000130967 | Strength= 560 | Points2= 0.12999999999919964 | Strength2= 560 | Tick1= 9714.07 Tick2= 9713.94 Tick3= 9713.88 Tick4= 9713.97 Extra= 9713.97 | LossLevel= 0 | LossCount= 0 | Stake= 10 | Regime= 1 | Score= 70 | Reconfirm= 1 | Guard= false | Reason= BLOCK: QUALITY
2026-09-08,10:58:48 GMT,[SCALPER V3] Direction= 0 | RSI= 0 | SMA2= 9713.990000000002 | SMA3= 9713.796666666667 | Points= 0.09000000000014552 | Strength= 560 | Points2= 0.06000000000130967 | Strength2= 560 | Tick1= 9713.94 Tick2= 9713.88 Tick3= 9713.97 Tick4= 9714.07 Extra= 9714.07 | LossLevel= 0 | LossCount= 0 | Stake= 10 | Regime= 3 | Score= 20 | Reconfirm= 1 | Guard= false | Reason= BLOCK: QUALITY
2026-09-08,10:58:48 GMT,[SCALPER V3] Direction= 0 | RSI= 0 | SMA2= 9713.96 | SMA3= 9713.776666666667 | Points= 0.1000000000003638 | Strength= 560 | Points2= 0.09000000000014552 | Strength2= 560 | Tick1= 9713.88 Tick2= 9713.97 Tick3= 9714.07 Tick4= 9714.22 Extra= 9714.22 | LossLevel= 0 | LossCount= 0 | Stake= 10 | Regime= 3 | Score= 20 | Reconfirm= 1 | Guard= false | Reason= BLOCK: QUALITY
2026-09-08,10:58:48 GMT,[SCALPER V3] Direction= 0 | RSI= 0 | SMA2= 9714.005000000001 | SMA3= 9713.806666666665 | Points= 0.1499999999996362 | Strength= 560 | Points2= 0.1000000000003638 | Strength2= 560 | Tick1= 9713.97 Tick2= 9714.07 Tick3= 9714.22 Tick4= 9714.36 Extra= 9714.36 | LossLevel= 0 | LossCount= 0 | Stake= 10 | Regime= 2 | Score= 40 | Reconfirm= 1 | Guard= false | Reason= BLOCK: QUALITY
2026-09-08,10:58:48 GMT,[SCALPER V3] Direction= 0 | RSI= 0 | SMA2= 9714.055 | SMA3= 9713.84 | Points= 0.1400000000012369 | Strength= 560 | Points2= 0.1499999999996362 | Strength2= 560 | Tick1= 9714.07 Tick2= 9714.22 Tick3= 9714.36 Tick4= 9714.53 Extra= 9714.53 | LossLevel= 0 | LossCount= 0 | Stake= 10 | Regime= 2 | Score= 30 | Reconfirm= 1 | Guard= false | Reason= BLOCK: QUALITY
2026-09-08,10:58:48 GMT,[SCALPER V3] Direction= 0 | RSI= 55.26315789483761 | SMA2= 9714.130000000001 | SMA3= 9713.89 | Points= 0.17000000000007276 | Strength= 560 | Points2= 0.1400000000012369 | Strength2= 560 | Tick1= 9714.22 Tick2= 9714.36 Tick3= 9714.53 Tick4= 9714.32 Extra= 9714.32 | LossLevel= 0 | LossCount= 0 | Stake= 10 | Regime= 2 | Score= 60 | Reconfirm= 1 | Guard= false | Reason= BLOCK: QUALITY
2026-09-08,10:58:48 GMT,[SCALPER V3] Direction= 0 | RSI= 58.333333333501756 | SMA2= 9714.2 | SMA3= 9713.936666666666 | Points= 0.21000000000094587 | Strength= 560 | Points2= 0.17000000000007276 | Strength2= 560 | Tick1= 9714.36 Tick2= 9714.53 Tick3= 9714.32 Tick4= 9714.47 Extra= 9714.47 | LossLevel= 0 | LossCount= 0 | Stake= 10 | Regime= 2 | Score= 60 | Reconfirm= 1 | Guard= false | Reason= BLOCK: QUALITY
2026-09-08,10:58:48 GMT,[SCALPER V3] Direction= 2 | RSI= 0 | SMA2= 9714.285 | SMA3= 9713.993333333334 | Points= 0.1499999999996362 | Strength= 560 | Points2= 0.21000000000094587 | Strength2= 560 | Tick1= 9714.53 Tick2= 9714.32 Tick3= 9714.47 Tick4= 9714.49 Extra= 9714.49 | LossLevel= 0 | LossCount= 0 | Stake= 10 | Regime= 2 | Score= 30 | Reconfirm= 1 | Guard= false | Reason= BLOCK: QUALITY
2026-09-08,10:58:48 GMT,[SCALPER V3] Direction= 0 | RSI= 33.33333333333333 | SMA2= 9714.18 | SMA3= 9713.923333333334 | Points= 0.020000000000436557 | Strength= 560 | Points2= 0.1499999999996362 | Strength2= 560 | Tick1= 9714.32 Tick2= 9714.47 Tick3= 9714.49 Tick4= 9714.48 Extra= 9714.48 | LossLevel= 0 | LossCount= 0 | Stake= 10 | Regime= 2 | Score= 30 | Reconfirm= 1 | Guard= false | Reason= BLOCK: QUALITY
2026-09-08,10:58:48 GMT,[SCALPER V3] Direction= 0 | RSI= 25 | SMA2= 9714.255000000001 | SMA3= 9713.973333333333 | Points= 0.010000000000218279 | Strength= 560 | Points2= 0.020000000000436557 | Strength2= 560 | Tick1= 9714.47 Tick2= 9714.49 Tick3= 9714.48 Tick4= 9714.51 Extra= 9714.51 | LossLevel= 0 | LossCount= 0 | Stake= 10 | Regime= 3 | Score= 10 | Reconfirm= 1 | Guard= false | Reason= BLOCK: QUALITY
2026-09-08,10:58:48 GMT,[SCALPER V3] Direction= 2 | RSI= 90.62499999984013 | SMA2= 9714.265 | SMA3= 9713.980000000001 | Points= 0.030000000000654836 | Strength= 560 | Points2= 0.010000000000218279 | Strength2= 560 | Tick1= 9714.49 Tick2= 9714.48 Tick3= 9714.51 Tick4= 9714.22 Extra= 9714.22 | LossLevel= 0 | LossCount= 0 | Stake= 10 | Regime= 3 | Score= 20 | Reconfirm= 1 | Guard= false | Reason= BLOCK: QUALITY
2026-09-08,10:58:48 GMT,[SCALPER V3] Direction= 0 | RSI= 100 | SMA2= 9714.26 | SMA3= 9713.976666666667 | Points= 0.2900000000008731 | Strength= 560 | Points2= 0.030000000000654836 | Strength2= 560 | Tick1= 9714.48 Tick2= 9714.51 Tick3= 9714.22 Tick4= 9714.08 Extra= 9714.08 | LossLevel= 0 | LossCount= 0 | Stake= 10 | Regime= 2 | Score= 40 | Reconfirm= 1 | Guard= false | Reason= BLOCK: QUALITY
2026-09-08,10:58:48 GMT,[SCALPER V3] Direction= 2 | RSI= 43.7499999998579 | SMA2= 9714.275000000001 | SMA3= 9713.986666666666 | Points= 0.13999999999941792 | Strength= 560 | Points2= 0.2900000000008731 | Strength2= 560 | Tick1= 9714.51 Tick2= 9714.22 Tick3= 9714.08 Tick4= 9714.26 Extra= 9714.26 | LossLevel= 0 | LossCount= 0 | Stake= 10 | Regime= 1 | Score= 90 | Reconfirm= 1 | Guard= false | Reason= BLOCK: QUALITY
2026-09-08,10:58:48 GMT,[SCALPER V3] Direction= 2 | RSI= 24.999999999810527 | SMA2= 9714.130000000001 | SMA3= 9713.89 | Points= 0.18000000000029104 | Strength= 560 | Points2= 0.13999999999941792 | Strength2= 560 | Tick1= 9714.22 Tick2= 9714.08 Tick3= 9714.26 Tick4= 9714.2 Extra= 9714.2 | LossLevel= 0 | LossCount= 0 | Stake= 10 | Regime= 1 | Score= 80 | Reconfirm= 1 | Guard= false | Reason= BLOCK: QUALITY
2026-09-08,10:58:48 GMT,[SCALPER V3] Direction= 0 | RSI= 100 | SMA2= 9714.060000000001 | SMA3= 9713.843333333332 | Points= 0.05999999999949068 | Strength= 560 | Points2= 0.18000000000029104 | Strength2= 560 | Tick1= 9714.08 Tick2= 9714.26 Tick3= 9714.2 Tick4= 9714.1 Extra= 9714.1 | LossLevel= 0 | LossCount= 0 | Stake= 10 | Regime= 3 | Score= 10 | Reconfirm= 1 | Guard= false | Reason= BLOCK: QUALITY
2026-09-08,10:58:48 GMT,[SCALPER V3] Direction= 2 | RSI= 100 | SMA2= 9714.150000000001 | SMA3= 9713.903333333334 | Points= 0.1000000000003638 | Strength= 560 | Points2= 0.05999999999949068 | Strength2= 560 | Tick1= 9714.26 Tick2= 9714.2 Tick3= 9714.1 Tick4= 9714.1 Extra= 9714.1 | LossLevel= 0 | LossCount= 0 | Stake= 10 | Regime= 3 | Score= 20 | Reconfirm= 1 | Guard= false | Reason= BLOCK: QUALITY
2026-09-08,10:58:48 GMT,[SCALPER V3] Direction= 0 | RSI= 100 | SMA2= 9714.12 | SMA3= 9713.883333333333 | Points= 0 | Strength= 560 | Points2= 0.1000000000003638 | Strength2= 560 | Tick1= 9714.2 Tick2= 9714.1 Tick3= 9714.1 Tick4= 9714.07 Extra= 9714.07 | LossLevel= 0 | LossCount= 0 | Stake= 10 | Regime= 3 | Score= 10 | Reconfirm= 1 | Guard= false | Reason= BLOCK: QUALITY
2026-09-08,10:58:48 GMT,[SCALPER V3] Direction= 0 | RSI= 50 | SMA2= 9714.07 | SMA3= 9713.85 | Points= 0.030000000000654836 | Strength= 560 | Points2= 0 | Strength2= 560 | Tick1= 9714.1 Tick2= 9714.1 Tick3= 9714.07 Tick4= 9714.1 Extra= 9714.1 | LossLevel= 0 | LossCount= 0 | Stake= 10 | Regime= 2 | Score= 40 | Reconfirm= 1 | Guard= false | Reason= BLOCK: QUALITY
2026-09-08,10:58:48 GMT,[SCALPER V3] Direction= 0 | RSI= 78.57142857115015 | SMA2= 9714.07 | SMA3= 9713.85 | Points= 0.030000000000654836 | Strength= 560 | Points2= 0.030000000000654836 | Strength2= 560 | Tick1= 9714.1 Tick2= 9714.07 Tick3= 9714.1 Tick4= 9713.99 Extra= 9713.99 | LossLevel= 0 | LossCount= 0 | Stake= 10 | Regime= 3 | Score= 10 | Reconfirm= 1 | Guard= false | Reason= BLOCK: QUALITY
2026-09-08,10:58:48 GMT,[SCALPER V3] Direction= 0 | RSI= 100 | SMA2= 9714.055 | SMA3= 9713.84 | Points= 0.11000000000058208 | Strength= 560 | Points2= 0.030000000000654836 | Strength2= 560 | Tick1= 9714.07 Tick2= 9714.1 Tick3= 9713.99 Tick4= 9713.99 Extra= 9713.99 | LossLevel= 0 | LossCount= 0 | Stake= 10 | Regime= 3 | Score= 20 | Reconfirm= 1 | Guard= false | Reason= BLOCK: QUALITY
2026-09-08,10:58:48 GMT,[SCALPER V3] Direction= 0 | RSI= 0 | SMA2= 9714.07 | SMA3= 9713.85 | Points= 0 | Strength= 560 | Points2= 0.11000000000058208 | Strength2= 560 | Tick1= 9714.1 Tick2= 9713.99 Tick3= 9713.99 Tick4= 9714.04 Extra= 9714.04 | LossLevel= 0 | LossCount= 0 | Stake= 10 | Regime= 3 | Score= 10 | Reconfirm= 1 | Guard= false | Reason= BLOCK: QUALITY
2026-09-08,10:58:48 GMT,[SCALPER V3] Direction= 0 | RSI= 86.48648648628718 | SMA2= 9714.015 | SMA3= 9713.813333333334 | Points= 0.050000000001091394 | Strength= 560 | Points2= 0 | Strength2= 560 | Tick1= 9713.99 Tick2= 9713.99 Tick3= 9714.04 Tick4= 9713.72 Extra= 9713.72 | LossLevel= 0 | LossCount= 0 | Stake= 10 | Regime= 3 | Score= 20 | Reconfirm= 1 | Guard= false | Reason= BLOCK: QUALITY
2026-09-08,10:58:48 GMT,[SCALPER V3] Direction= 0 | RSI= 91.42857142843779 | SMA2= 9714.015 | SMA3= 9713.813333333334 | Points= 0.32000000000152795 | Strength= 560 | Points2= 0.050000000001091394 | Strength2= 560 | Tick1= 9713.99 Tick2= 9714.04 Tick3= 9713.72 Tick4= 9713.75 Extra= 9713.75 | LossLevel= 0 | LossCount= 0 | Stake= 10 | Regime= 1 | Score= 80 | Reconfirm= 1 | Guard= false | Reason= BLOCK: QUALITY
2026-09-08,10:58:48 GMT,[SCALPER V3] Direction= 0 | RSI= 0 | SMA2= 9713.725 | SMA3= 9713.643333333333 | Points= 0.030000000000654836 | Strength= 560 | Points2= 0.32000000000152795 | Strength2= 560 | Tick1= 9714.04 Tick2= 9713.72 Tick3= 9713.75 Tick4= 9713.97 Extra= 9713.97 | LossLevel= 0 | LossCount= 0 | Stake= 10 | Regime= 3 | Score= 10 | Reconfirm= 1 | Guard= false | Reason= BLOCK: QUALITY
2026-09-08,10:58:48 GMT,[SCALPER V3] Direction= 0 | RSI= 0 | SMA2= 9713.564999999999 | SMA3= 9713.536666666667 | Points= 0.21999999999934516 | Strength= 560 | Points2= 0.030000000000654836 | Strength2= 560 | Tick1= 9713.72 Tick2= 9713.75 Tick3= 9713.97 Tick4= 9714.15 Extra= 9714.15 | LossLevel= 0 | LossCount= 0 | Stake= 10 | Regime= 2 | Score= 40 | Reconfirm= 1 | Guard= false | Reason= BLOCK: QUALITY
2026-09-08,10:58:48 GMT,[SCALPER V3] Direction= 0 | RSI= 0 | SMA2= 9713.58 | SMA3= 9713.546666666667 | Points= 0.18000000000029104 | Strength= 560 | Points2= 0.21999999999934516 | Strength2= 560 | Tick1= 9713.75 Tick2= 9713.97 Tick3= 9714.15 Tick4= 9714.25 Extra= 9714.25 | LossLevel= 0 | LossCount= 0 | Stake= 10 | Regime= 2 | Score= 30 | Reconfirm= 1 | Guard= false | Reason= BLOCK: QUALITY
2026-09-08,10:58:48 GMT,[SCALPER V3] Direction= 0 | RSI= 9.09090909105943 | SMA2= 9713.689999999999 | SMA3= 9713.62 | Points= 0.1000000000003638 | Strength= 560 | Points2= 0.18000000000029104 | Strength2= 560 | Tick1= 9713.97 Tick2= 9714.15 Tick3= 9714.25 Tick4= 9714.24 Extra= 9714.24 | LossLevel= 0 | LossCount= 0 | Stake= 10 | Regime= 3 | Score= 10 | Reconfirm= 1 | Guard= false | Reason= BLOCK: QUALITY
2026-09-08,10:58:48 GMT,[SCALPER V3] Direction= 0 | RSI= 100 | SMA2= 9713.779999999999 | SMA3= 9713.68 | Points= 0.010000000000218279 | Strength= 560 | Points2= 0.1000000000003638 | Strength2= 560 | Tick1= 9714.15 Tick2= 9714.25 Tick3= 9714.24 Tick4= 9713.84 Extra= 9713.84 | LossLevel= 0 | LossCount= 0 | Stake= 10 | Regime= 3 | Score= 10 | Reconfirm= 1 | Guard= false | Reason= BLOCK: QUALITY
2026-09-08,10:58:48 GMT,[SCALPER V3] Direction= 0 | RSI= 100 | SMA2= 9713.83 | SMA3= 9713.713333333333 | Points= 0.3999999999996362 | Strength= 560 | Points2= 0.010000000000218279 | Strength2= 560 | Tick1= 9714.25 Tick2= 9714.24 Tick3= 9713.84 Tick4= 9713.8 Extra= 9713.8 | LossLevel= 0 | LossCount= 0 | Stake= 10 | Regime= 2 | Score= 40 | Reconfirm= 1 | Guard= false | Reason= BLOCK: QUALITY
2026-09-08,10:58:48 GMT,[SCALPER V3] Direction= 0 | RSI= 14.81481481501443 | SMA2= 9713.825 | SMA3= 9713.71 | Points= 0.040000000000873115 | Strength= 560 | Points2= 0.3999999999996362 | Strength2= 560 | Tick1= 9714.24 Tick2= 9713.84 Tick3= 9713.8 Tick4= 9714.03 Extra= 9714.03 | LossLevel= 0 | LossCount= 0 | Stake= 10 | Regime= 3 | Score= 10 | Reconfirm= 1 | Guard= false | Reason= BLOCK: QUALITY
2026-09-08,10:58:48 GMT,[SCALPER V3] Direction= 0 | RSI= 36.111111111153214 | SMA2= 9713.625 | SMA3= 9713.576666666666 | Points= 0.23000000000138243 | Strength= 560 | Points2= 0.040000000000873115 | Strength2= 560 | Tick1= 9713.84 Tick2= 9713.8 Tick3= 9714.03 Tick4= 9713.9 Extra= 9713.9 | LossLevel= 0 | LossCount= 0 | Stake= 10 | Regime= 2 | Score= 60 | Reconfirm= 1 | Guard= false | Reason= BLOCK: QUALITY
2026-09-08,10:58:48 GMT,[SCALPER V3] Direction= 0 | RSI= 27.65957446823333 | SMA2= 9713.605 | SMA3= 9713.563333333334 | Points= 0.13000000000101863 | Strength= 560 | Points2= 0.23000000000138243 | Strength2= 560 | Tick1= 9713.8 Tick2= 9714.03 Tick3= 9713.9 Tick4= 9714.24 Extra= 9714.24 | LossLevel= 0 | LossCount= 0 | Stake= 10 | Regime= 2 | Score= 30 | Reconfirm= 1 | Guard= false | Reason= BLOCK: QUALITY
2026-09-08,10:58:48 GMT,[SCALPER V3] Direction= 0 | RSI= 8.108108108267544 | SMA2= 9713.720000000001 | SMA3= 9713.64 | Points= 0.3400000000001455 | Strength= 560 | Points2= 0.13000000000101863 | Strength2= 560 | Tick1= 9714.03 Tick2= 9713.9 Tick3= 9714.24 Tick4= 9714.21 Extra= 9714.21 | LossLevel= 0 | LossCount= 0 | Stake= 10 | Regime= 2 | Score= 40 | Reconfirm= 1 | Guard= false | Reason= BLOCK: QUALITY
2026-09-08,10:58:48 GMT,[SCALPER V3] Direction= 0 | RSI= 100 | SMA2= 9713.654999999999 | SMA3= 9713.596666666666 | Points= 0.030000000000654836 | Strength= 560 | Points2= 0.3400000000001455 | Strength2= 560 | Tick1= 9713.9 Tick2= 9714.24 Tick3= 9714.21 Tick4= 9714.03 Extra= 9714.03 | LossLevel= 0 | LossCount= 0 | Stake= 10 | Regime= 3 | Score= 10 | Reconfirm= 1 | Guard= false | Reason= BLOCK: QUALITY
2026-09-08,10:58:48 GMT,[SCALPER V3] Direction= 0 | RSI= 100 | SMA2= 9713.825 | SMA3= 9713.71 | Points= 0.17999999999847205 | Strength= 560 | Points2= 0.030000000000654836 | Strength2= 560 | Tick1= 9714.24 Tick2= 9714.21 Tick3= 9714.03 Tick4= 9713.8 Extra= 9713.8 | LossLevel= 0 | LossCount= 0 | Stake= 10 | Regime= 2 | Score= 40 | Reconfirm= 1 | Guard= false | Reason= BLOCK: QUALITY
2026-09-08,10:58:48 GMT,[SCALPER V3] Direction= 0 | RSI= 74.19354838722927 | SMA2= 9713.81 | SMA3= 9713.699999999999 | Points= 0.23000000000138243 | Strength= 560 | Points2= 0.17999999999847205 | Strength2= 560 | Tick1= 9714.21 Tick2= 9714.03 Tick3= 9713.8 Tick4= 9713.88 Extra= 9713.88 | LossLevel= 0 | LossCount= 0 | Stake= 10 | Regime= 1 | Score= 80 | Reconfirm= 1 | Guard= false | Reason= BLOCK: QUALITY
2026-09-08,10:58:48 GMT,[SCALPER V3] Direction= 0 | RSI= 0 | SMA2= 9713.720000000001 | SMA3= 9713.64 | Points= 0.07999999999992724 | Strength= 560 | Points2= 0.23000000000138243 | Strength2= 560 | Tick1= 9714.03 Tick2= 9713.8 Tick3= 9713.88 Tick4= 9714.15 Extra= 9714.15 | LossLevel= 0 | LossCount= 0 | Stake= 10 | Regime= 3 | Score= 10 | Reconfirm= 1 | Guard= false | Reason= BLOCK: QUALITY
2026-09-08,10:58:48 GMT,[SCALPER V3] Direction= 0 | RSI= 0 | SMA2= 9713.605 | SMA3= 9713.563333333334 | Points= 0.27000000000043656 | Strength= 560 | Points2= 0.07999999999992724 | Strength2= 560 | Tick1= 9713.8 Tick2= 9713.88 Tick3= 9714.15 Tick4= 9714.34 Extra= 9714.34 | LossLevel= 0 | LossCount= 0 | Stake= 10 | Regime= 2 | Score= 40 | Reconfirm= 1 | Guard= false | Reason= BLOCK: QUALITY
2026-09-08,10:58:48 GMT,[SCALPER V3] Direction= 0 | RSI= 0 | SMA2= 9713.645 | SMA3= 9713.589999999998 | Points= 0.19000000000050932 | Strength= 560 | Points2= 0.27000000000043656 | Strength2= 560 | Tick1= 9713.88 Tick2= 9714.15 Tick3= 9714.34 Tick4= 9714.46 Extra= 9714.46 | LossLevel= 0 | LossCount= 0 | Stake= 10 | Regime= 2 | Score= 30 | Reconfirm= 1 | Guard= false | Reason= BLOCK: QUALITY
2026-09-08,10:58:48 GMT,[SCALPER V3] Direction= 0 | RSI= 68.42105263162934 | SMA2= 9713.779999999999 | SMA3= 9713.68 | Points= 0.11999999999898137 | Strength= 560 | Points2= 0.19000000000050932 | Strength2= 560 | Tick1= 9714.15 Tick2= 9714.34 Tick3= 9714.46 Tick4= 9714.2 Extra= 9714.2 | LossLevel= 0 | LossCount= 0 | Stake= 10 | Regime= 2 | Score= 30 | Reconfirm= 1 | Guard= false | Reason= BLOCK: QUALITY
2026-09-08,10:58:48 GMT,[SCALPER V3] Direction= 0 | RSI= 100 | SMA2= 9713.875 | SMA3= 9713.743333333334 | Points= 0.2599999999983993 | Strength= 560 | Points2= 0.11999999999898137 | Strength2= 560 | Tick1= 9714.34 Tick2= 9714.46 Tick3= 9714.2 Tick4= 9714.18 Extra= 9714.18 | LossLevel= 0 | LossCount= 0 | Stake= 10 | Regime= 2 | Score= 40 | Reconfirm= 1 | Guard= false | Reason= BLOCK: QUALITY
2026-09-08,10:58:48 GMT,[SCALPER V3] Direction= 2 | RSI= 28.571428572171016 | SMA2= 9713.935 | SMA3= 9713.783333333333 | Points= 0.020000000000436557 | Strength= 560 | Points2= 0.2599999999983993 | Strength2= 560 | Tick1= 9714.46 Tick2= 9714.2 Tick3= 9714.18 Tick4= 9714.23 Extra= 9714.23 | LossLevel= 0 | LossCount= 0 | Stake= 10 | Regime= 1 | Score= 50 | Reconfirm= 1 | Guard= false | Reason= BLOCK: QUALITY
2026-09-08,10:58:48 GMT,[SCALPER V3] Direction= 0 | RSI= 85.29411764720044 | SMA2= 9713.805 | SMA3= 9713.696666666667 | Points= 0.049999999999272404 | Strength= 560 | Points2= 0.020000000000436557 | Strength2= 560 | Tick1= 9714.2 Tick2= 9714.18 Tick3= 9714.23 Tick4= 9713.94 Extra= 9713.94 | LossLevel= 0 | LossCount= 0 | Stake= 10 | Regime= 3 | Score= 20 | Reconfirm= 1 | Guard= false | Reason= BLOCK: QUALITY
2026-09-08,10:58:48 GMT,[SCALPER V3] Direction= 0 | RSI= 74.3589743588428 | SMA2= 9713.795 | SMA3= 9713.69 | Points= 0.2899999999990541 | Strength= 560 | Points2= 0.049999999999272404 | Strength2= 560 | Tick1= 9714.18 Tick2= 9714.23 Tick3= 9713.94 Tick4= 9714.04 Extra= 9714.04 | LossLevel= 0 | LossCount= 0 | Stake= 10 | Regime= 1 | Score= 80 | Reconfirm= 1 | Guard= false | Reason= BLOCK: QUALITY
2026-09-08,10:58:48 GMT,[SCALPER V3] Direction= 2 | RSI= 62.96296296288811 | SMA2= 9713.82 | SMA3= 9713.706666666667 | Points= 0.1000000000003638 | Strength= 560 | Points2= 0.2899999999990541 | Strength2= 560 | Tick1= 9714.23 Tick2= 9713.94 Tick3= 9714.04 Tick4= 9713.87 Extra= 9713.87 | LossLevel= 0 | LossCount= 0 | Stake= 10 | Regime= 1 | Score= 70 | Reconfirm= 1 | Guard= false | Reason= BLOCK: QUALITY
2026-09-08,10:58:48 GMT,[SCALPER V3] Direction= 0 | RSI= 89.47368421118135 | SMA2= 9713.675 | SMA3= 9713.61 | Points= 0.17000000000007276 | Strength= 560 | Points2= 0.1000000000003638 | Strength2= 560 | Tick1= 9713.94 Tick2= 9714.04 Tick3= 9713.87 Tick4= 9713.89 Extra= 9713.89 | LossLevel= 0 | LossCount= 0 | Stake= 10 | Regime= 1 | Score= 80 | Reconfirm= 1 | Guard= false | Reason= BLOCK: QUALITY
2026-09-08,10:58:48 GMT,[SCALPER V3] Direction= 0 | RSI= 0 | SMA2= 9713.725 | SMA3= 9713.643333333333 | Points= 0.019999999998617568 | Strength= 560 | Points2= 0.17000000000007276 | Strength2= 560 | Tick1= 9714.04 Tick2= 9713.87 Tick3= 9713.89 Tick4= 9713.95 Extra= 9713.95 | LossLevel= 0 | LossCount= 0 | Stake= 10 | Regime= 3 | Score= 10 | Reconfirm= 1 | Guard= false | Reason= BLOCK: QUALITY
2026-09-08,10:58:48 GMT,[SCALPER V3] Direction= 0 | RSI= 69.99999999972715 | SMA2= 9713.64 | SMA3= 9713.586666666668 | Points= 0.06000000000130967 | Strength= 560 | Points2= 0.019999999998617568 | Strength2= 560 | Tick1= 9713.87 Tick2= 9713.89 Tick3= 9713.95 Tick4= 9713.81 Extra= 9713.81 | LossLevel= 0 | LossCount= 0 | Stake= 10 | Regime= 1 | Score= 80 | Reconfirm= 1 | Guard= false | Reason= BLOCK: QUALITY
2026-09-08,10:58:48 GMT,[SCALPER V3] Direction= 0 | RSI= 73.68421052606385 | SMA2= 9713.65 | SMA3= 9713.593333333332 | Points= 0.1400000000012369 | Strength= 560 | Points2= 0.06000000000130967 | Strength2= 560 | Tick1= 9713.89 Tick2= 9713.95 Tick3= 9713.81 Tick4= 9713.86 Extra= 9713.86 | LossLevel= 0 | LossCount= 0 | Stake= 10 | Regime= 1 | Score= 80 | Reconfirm= 1 | Guard= false | Reason= BLOCK: QUALITY
2026-09-08,10:58:48 GMT,[SCALPER V3] Direction= 2 | RSI= 84.37499999973355 | SMA2= 9713.68 | SMA3= 9713.613333333333 | Points= 0.050000000001091394 | Strength= 560 | Points2= 0.1400000000012369 | Strength2= 560 | Tick1= 9713.95 Tick2= 9713.81 Tick3= 9713.86 Tick4= 9713.59 Extra= 9713.59 | LossLevel= 0 | LossCount= 0 | Stake= 10 | Regime= 3 | Score= 10 | Reconfirm= 1 | Guard= false | Reason= BLOCK: QUALITY
2026-09-08,10:58:48 GMT,[SCALPER V3] Direction= 0 | RSI= 100 | SMA2= 9713.61 | SMA3= 9713.566666666666 | Points= 0.27000000000043656 | Strength= 560 | Points2= 0.050000000001091394 | Strength2= 560 | Tick1= 9713.81 Tick2= 9713.86 Tick3= 9713.59 Tick4= 9713.51 Extra= 9713.51 | LossLevel= 0 | LossCount= 0 | Stake= 10 | Regime= 2 | Score= 40 | Reconfirm= 1 | Guard= false | Reason= BLOCK: QUALITY
2026-09-08,10:58:48 GMT,[SCALPER V3] Direction= 2 | RSI= 100 | SMA2= 9713.635 | SMA3= 9713.583333333334 | Points= 0.07999999999992724 | Strength= 560 | Points2= 0.27000000000043656 | Strength2= 560 | Tick1= 9713.86 Tick2= 9713.59 Tick3= 9713.51 Tick4= 9713.36 Extra= 9713.36 | LossLevel= 0 | LossCount= 0 | Stake= 10 | Regime= 3 | Score= 10 | Reconfirm= 1 | Guard= false | Reason= BLOCK: QUALITY
2026-09-08,10:58:48 GMT,[SCALPER V3] Direction= 0 | RSI= 100 | SMA2= 9713.5 | SMA3= 9713.493333333334 | Points= 0.1499999999996362 | Strength= 560 | Points2= 0.07999999999992724 | Strength2= 560 | Tick1= 9713.59 Tick2= 9713.51 Tick3= 9713.36 Tick4= 9713.36 Extra= 9713.36 | LossLevel= 0 | LossCount= 0 | Stake= 10 | Regime= 2 | Score= 40 | Reconfirm= 1 | Guard= false | Reason= BLOCK: QUALITY
2026-09-08,10:58:48 GMT,[SCALPER V3] Direction= 0 | RSI= 100 | SMA2= 9713.46 | SMA3= 9713.466666666667 | Points= 0 | Strength= 560 | Points2= 0.1499999999996362 | Strength2= 560 | Tick1= 9713.51 Tick2= 9713.36 Tick3= 9713.36 Tick4= 9713.28 Extra= 9713.28 | LossLevel= 0 | LossCount= 0 | Stake= 10 | Regime= 3 | Score= 10 | Reconfirm= 1 | Guard= false | Reason= BLOCK: QUALITY
2026-09-08,10:58:48 GMT,[SCALPER V3] Direction= 0 | RSI= 80.0000000010914 | SMA2= 9713.385 | SMA3= 9713.416666666666 | Points= 0.07999999999992724 | Strength= 560 | Points2= 0 | Strength2= 560 | Tick1= 9713.36 Tick2= 9713.36 Tick3= 9713.28 Tick4= 9713.3 Extra= 9713.3 | LossLevel= 0 | LossCount= 0 | Stake= 10 | Regime= 3 | Score= 20 | Reconfirm= 1 | Guard= false | Reason= BLOCK: QUALITY
2026-09-08,10:58:48 GMT,[SCALPER V3] Direction= 0 | RSI= 0 | SMA2= 9713.385 | SMA3= 9713.416666666666 | Points= 0.019999999998617568 | Strength= 560 | Points2= 0.07999999999992724 | Strength2= 560 | Tick1= 9713.36 Tick2= 9713.28 Tick3= 9713.3 Tick4= 9713.34 Extra= 9713.34 | LossLevel= 0 | LossCount= 0 | Stake= 10 | Regime= 3 | Score= 10 | Reconfirm= 1 | Guard= false | Reason= BLOCK: QUALITY
2026-09-08,10:58:48 GMT,[SCALPER V3] Direction= 0 | RSI= 0 | SMA2= 9713.345000000001 | SMA3= 9713.39 | Points= 0.040000000000873115 | Strength= 560 | Points2= 0.019999999998617568 | Strength2= 560 | Tick1= 9713.28 Tick2= 9713.3 Tick3= 9713.34 Tick4= 9713.42 Extra= 9713.42 | LossLevel= 0 | LossCount= 0 | Stake= 10 | Regime= 3 | Score= 20 | Reconfirm= 1 | Guard= false | Reason= BLOCK: QUALITY
2026-09-08,10:58:48 GMT,[SCALPER V3] Direction= 0 | RSI= 0 | SMA2= 9713.355 | SMA3= 9713.396666666666 | Points= 0.07999999999992724 | Strength= 560 | Points2= 0.040000000000873115 | Strength2= 560 | Tick1= 9713.3 Tick2= 9713.34 Tick3= 9713.42 Tick4= 9713.81 Extra= 9713.81 | LossLevel= 0 | LossCount= 0 | Stake= 10 | Regime= 3 | Score= 20 | Reconfirm= 1 | Guard= false | Reason= BLOCK: QUALITY
2026-09-08,10:58:48 GMT,[SCALPER V3] Direction= 0 | RSI= 15.217391304313438 | SMA2= 9713.375 | SMA3= 9713.41 | Points= 0.3899999999994179 | Strength= 560 | Points2= 0.07999999999992724 | Strength2= 560 | Tick1= 9713.34 Tick2= 9713.42 Tick3= 9713.81 Tick4= 9713.74 Extra= 9713.74 | LossLevel= 0 | LossCount= 0 | Stake= 10 | Regime= 1 | Score= 80 | Reconfirm= 1 | Guard= false | Reason= BLOCK: QUALITY
2026-09-08,10:58:48 GMT,[SCALPER V3] Direction= 0 | RSI= 100 | SMA2= 9713.415 | SMA3= 9713.436666666666 | Points= 0.06999999999970896 | Strength= 560 | Points2= 0.3899999999994179 | Strength2= 560 | Tick1= 9713.42 Tick2= 9713.81 Tick3= 9713.74 Tick4= 9713.65 Extra= 9713.65 | LossLevel= 0 | LossCount= 0 | Stake= 10 | Regime= 3 | Score= 10 | Reconfirm= 1 | Guard= false | Reason= BLOCK: QUALITY
2026-09-08,10:58:48 GMT,[SCALPER V3] Direction= 0 | RSI= 100 | SMA2= 9713.61 | SMA3= 9713.566666666666 | Points= 0.09000000000014552 | Strength= 560 | Points2= 0.06999999999970896 | Strength2= 560 | Tick1= 9713.81 Tick2= 9713.74 Tick3= 9713.65 Tick4= 9713.37 Extra= 9713.37 | LossLevel= 0 | LossCount= 0 | Stake= 10 | Regime= 3 | Score= 20 | Reconfirm= 1 | Guard= false | Reason= BLOCK: QUALITY
2026-09-08,10:58:48 GMT,[SCALPER V3] Direction= 0 | RSI= 100 | SMA2= 9713.575 | SMA3= 9713.543333333333 | Points= 0.27999999999883585 | Strength= 560 | Points2= 0.09000000000014552 | Strength2= 560 | Tick1= 9713.74 Tick2= 9713.65 Tick3= 9713.37 Tick4= 9713.32 Extra= 9713.32 | LossLevel= 0 | LossCount= 0 | Stake= 10 | Regime= 2 | Score= 40 | Reconfirm= 1 | Guard= false | Reason= BLOCK: QUALITY
2026-09-08,10:58:48 GMT,[SCALPER V3] Direction= 0 | RSI= 26.315789474188094 | SMA2= 9713.529999999999 | SMA3= 9713.513333333334 | Points= 0.050000000001091394 | Strength= 560 | Points2= 0.27999999999883585 | Strength2= 560 | Tick1= 9713.65 Tick2= 9713.37 Tick3= 9713.32 Tick4= 9713.46 Extra= 9713.46 | LossLevel= 0 | LossCount= 0 | Stake= 10 | Regime= 1 | Score= 50 | Reconfirm= 1 | Guard= false | Reason= BLOCK: QUALITY
2026-09-08,10:58:48 GMT,[SCALPER V3] Direction= 0 | RSI= 0 | SMA2= 9713.39 | SMA3= 9713.42 | Points= 0.13999999999941792 | Strength= 560 | Points2= 0.050000000001091394 | Strength2= 560 | Tick1= 9713.37 Tick2= 9713.32 Tick3= 9713.46 Tick4= 9713.64 Extra= 9713.64 | LossLevel= 0 | LossCount= 0 | Stake= 10 | Regime= 2 | Score= 40 | Reconfirm= 1 | Guard= false | Reason= BLOCK: QUALITY
2026-09-08,10:58:48 GMT,[SCALPER V3] Direction= 0 | RSI= 14.285714285219328 | SMA2= 9713.365 | SMA3= 9713.403333333334 | Points= 0.18000000000029104 | Strength= 560 | Points2= 0.13999999999941792 | Strength2= 560 | Tick1= 9713.32 Tick2= 9713.46 Tick3= 9713.64 Tick4= 9713.61 Extra= 9713.61 | LossLevel= 0 | LossCount= 0 | Stake= 10 | Regime= 1 | Score= 80 | Reconfirm= 1 | Guard= false | Reason= BLOCK: QUALITY
2026-09-08,10:58:48 GMT,[SCALPER V3] Direction= 0 | RSI= 100 | SMA2= 9713.435 | SMA3= 9713.449999999999 | Points= 0.029999999998835847 | Strength= 560 | Points2= 0.18000000000029104 | Strength2= 560 | Tick1= 9713.46 Tick2= 9713.64 Tick3= 9713.61 Tick4= 9713.16 Extra= 9713.16 | LossLevel= 0 | LossCount= 0 | Stake= 10 | Regime= 3 | Score= 10 | Reconfirm= 1 | Guard= false | Reason= BLOCK: QUALITY
2026-09-08,10:58:48 GMT,[SCALPER V3] Direction= 2 | RSI= 97.82608695647876 | SMA2= 9713.525 | SMA3= 9713.51 | Points= 0.4500000000007276 | Strength= 560 | Points2= 0.029999999998835847 | Strength2= 560 | Tick1= 9713.64 Tick2= 9713.61 Tick3= 9713.16 Tick4= 9713.17 Extra= 9713.17 | LossLevel= 0 | LossCount= 0 | Stake= 10 | Regime= 1 | Score= 80 | Reconfirm= 1 | Guard= false | Reason= BLOCK: QUALITY
2026-09-08,10:58:48 GMT,[SCALPER V3] Direction= 2 | RSI= 66.66666666666666 | SMA2= 9713.51 | SMA3= 9713.5 | Points= 0.010000000000218279 | Strength= 560 | Points2= 0.4500000000007276 | Strength2= 560 | Tick1= 9713.61 Tick2= 9713.16 Tick3= 9713.17 Tick4= 9713.15 Extra= 9713.15 | LossLevel= 0 | LossCount= 0 | Stake= 10 | Regime= 1 | Score= 70 | Reconfirm= 1 | Guard= false | Reason= BLOCK: QUALITY
2026-09-08,10:58:48 GMT,[SCALPER V3] Direction= 0 | RSI= 100 | SMA2= 9713.285 | SMA3= 9713.35 | Points= 0.020000000000436557 | Strength= 560 | Points2= 0.010000000000218279 | Strength2= 560 | Tick1= 9713.16 Tick2= 9713.17 Tick3= 9713.15 Tick4= 9713.15 Extra= 9713.15 | LossLevel= 0 | LossCount= 0 | Stake= 10 | Regime= 3 | Score= 20 | Reconfirm= 1 | Guard= false | Reason= BLOCK: QUALITY
2026-09-08,10:58:48 GMT,[SCALPER V3] Direction= 0 | RSI= 100 | SMA2= 9713.29 | SMA3= 9713.353333333333 | Points= 0 | Strength= 560 | Points2= 0.020000000000436557 | Strength2= 560 | Tick1= 9713.17 Tick2= 9713.15 Tick3= 9713.15 Tick4= 9712.97 Extra= 9712.97 | LossLevel= 0 | LossCount= 0 | Stake= 10 | Regime= 3 | Score= 10 | Reconfirm= 1 | Guard= false | Reason= BLOCK: QUALITY
2026-09-08,10:58:48 GMT,[SCALPER V3] Direction= 0 | RSI= 100 | SMA2= 9713.279999999999 | SMA3= 9713.346666666666 | Points= 0.18000000000029104 | Strength= 560 | Points2= 0 | Strength2= 560 | Tick1= 9713.15 Tick2= 9713.15 Tick3= 9712.97 Tick4= 9712.85 Extra= 9712.85 | LossLevel= 0 | LossCount= 0 | Stake= 10 | Regime= 2 | Score= 40 | Reconfirm= 1 | Guard= false | Reason= BLOCK: QUALITY
2026-09-08,10:58:48 GMT,[SCALPER V3] Direction= 0 | RSI= 66.66666666666666 | SMA2= 9713.279999999999 | SMA3= 9713.346666666666 | Points= 0.11999999999898137 | Strength= 560 | Points2= 0.18000000000029104 | Strength2= 560 | Tick1= 9713.15 Tick2= 9712.97 Tick3= 9712.85 Tick4= 9712.91 Extra= 9712.91 | LossLevel= 0 | LossCount= 0 | Stake= 10 | Regime= 2 | Score= 30 | Reconfirm= 1 | Guard= false | Reason= BLOCK: QUALITY
2026-09-08,10:58:48 GMT,[SCALPER V3] Direction= 0 | RSI= 71.42857142869516 | SMA2= 9713.189999999999 | SMA3= 9713.286666666667 | Points= 0.05999999999949068 | Strength= 560 | Points2= 0.11999999999898137 | Strength2= 560 | Tick1= 9712.97 Tick2= 9712.85 Tick3= 9712.91 Tick4= 9712.76 Extra= 9712.76 | LossLevel= 0 | LossCount= 0 | Stake= 10 | Regime= 2 | Score= 10 | Reconfirm= 1 | Guard= false | Reason= BLOCK: QUALITY
2026-09-08,10:58:48 GMT,[SCALPER V3] Direction= 0 | RSI= 41.66666666670877 | SMA2= 9713.130000000001 | SMA3= 9713.246666666666 | Points= 0.1499999999996362 | Strength= 560 | Points2= 0.05999999999949068 | Strength2= 560 | Tick1= 9712.85 Tick2= 9712.91 Tick3= 9712.76 Tick4= 9712.97 Extra= 9712.97 | LossLevel= 0 | LossCount= 0 | Stake= 10 | Regime= 1 | Score= 100 | Reconfirm= 1 | Guard= false | Reason= BLOCK: QUALITY
2026-09-08,10:58:48 GMT,[SCALPER V3] Direction= 0 | RSI= 0 | SMA2= 9713.16 | SMA3= 9713.266666666666 | Points= 0.20999999999912689 | Strength= 560 | Points2= 0.1499999999996362 | Strength2= 560 | Tick1= 9712.91 Tick2= 9712.76 Tick3= 9712.97 Tick4= 9713.03 Extra= 9713.03 | LossLevel= 0 | LossCount= 0 | Stake= 10 | Regime= 2 | Score= 40 | Reconfirm= 1 | Guard= false | Reason= BLOCK: QUALITY
2026-09-08,10:58:48 GMT,[SCALPER V3] Direction= 0 | RSI= 33.33333333333333 | SMA2= 9713.085 | SMA3= 9713.216666666667 | Points= 0.06000000000130967 | Strength= 560 | Points2= 0.20999999999912689 | Strength2= 560 | Tick1= 9712.76 Tick2= 9712.97 Tick3= 9713.03 Tick4= 9713 Extra= 9713 | LossLevel= 0 | LossCount= 0 | Stake= 10 | Regime= 1 | Score= 70 | Reconfirm= 1 | Guard= false | Reason= BLOCK: QUALITY
2026-09-08,10:58:48 GMT,[SCALPER V3] Direction= 0 | RSI= 50 | SMA2= 9713.189999999999 | SMA3= 9713.286666666667 | Points= 0.030000000000654836 | Strength= 560 | Points2= 0.06000000000130967 | Strength2= 560 | Tick1= 9712.97 Tick2= 9713.03 Tick3= 9713 Tick4= 9713.03 Extra= 9713.03 | LossLevel= 0 | LossCount= 0 | Stake= 10 | Regime= 1 | Score= 70 | Reconfirm= 1 | Guard= false | Reason= BLOCK: QUALITY
2026-09-08,10:58:48 GMT,[SCALPER V3] Direction= 0 | RSI= 0 | SMA2= 9713.220000000001 | SMA3= 9713.306666666665 | Points= 0.030000000000654836 | Strength= 560 | Points2= 0.030000000000654836 | Strength2= 560 | Tick1= 9713.03 Tick2= 9713 Tick3= 9713.03 Tick4= 9713.14 Extra= 9713.14 | LossLevel= 0 | LossCount= 0 | Stake= 10 | Regime= 3 | Score= 10 | Reconfirm= 1 | Guard= false | Reason= BLOCK: QUALITY
2026-09-08,10:58:48 GMT,[SCALPER V3] Direction= 0 | RSI= 0 | SMA2= 9713.205 | SMA3= 9713.296666666667 | Points= 0.10999999999876309 | Strength= 560 | Points2= 0.030000000000654836 | Strength2= 560 | Tick1= 9713 Tick2= 9713.03 Tick3= 9713.14 Tick4= 9713.35 Extra= 9713.35 | LossLevel= 0 | LossCount= 0 | Stake= 10 | Regime= 3 | Score= 20 | Reconfirm= 1 | Guard= false | Reason= BLOCK: QUALITY
2026-09-08,10:58:48 GMT,[SCALPER V3] Direction= 0 | RSI= 0 | SMA2= 9713.220000000001 | SMA3= 9713.306666666665 | Points= 0.21000000000094587 | Strength= 560 | Points2= 0.10999999999876309 | Strength2= 560 | Tick1= 9713.03 Tick2= 9713.14 Tick3= 9713.35 Tick4= 9713.46 Extra= 9713.46 | LossLevel= 0 | LossCount= 0 | Stake= 10 | Regime= 2 | Score= 40 | Reconfirm= 1 | Guard= false | Reason= BLOCK: QUALITY
2026-09-08,10:58:48 GMT,[SCALPER V3] Direction= 0 | RSI= 31.249999999928946 | SMA2= 9713.275 | SMA3= 9713.343333333332 | Points= 0.10999999999876309 | Strength= 560 | Points2= 0.21000000000094587 | Strength2= 560 | Tick1= 9713.14 Tick2= 9713.35 Tick3= 9713.46 Tick4= 9713.41 Extra= 9713.41 | LossLevel= 0 | LossCount= 0 | Stake= 10 | Regime= 1 | Score= 70 | Reconfirm= 1 | Guard= false | Reason= BLOCK: QUALITY
2026-09-08,10:58:48 GMT,[SCALPER V3] Direction= 0 | RSI= 100 | SMA2= 9713.380000000001 | SMA3= 9713.413333333332 | Points= 0.049999999999272404 | Strength= 560 | Points2= 0.10999999999876309 | Strength2= 560 | Tick1= 9713.35 Tick2= 9713.46 Tick3= 9713.41 Tick4= 9713.32 Extra= 9713.32 | LossLevel= 0 | LossCount= 0 | Stake= 10 | Regime= 3 | Score= 10 | Reconfirm= 1 | Guard= false | Reason= BLOCK: QUALITY
2026-09-08,10:58:48 GMT,[SCALPER V3] Direction= 0 | RSI= 100 | SMA2= 9713.435 | SMA3= 9713.449999999999 | Points= 0.09000000000014552 | Strength= 560 | Points2= 0.049999999999272404 | Strength2= 560 | Tick1= 9713.46 Tick2= 9713.41 Tick3= 9713.32 Tick4= 9713.24 Extra= 9713.24 | LossLevel= 0 | LossCount= 0 | Stake= 10 | Regime= 3 | Score= 20 | Reconfirm= 1 | Guard= false | Reason= BLOCK: QUALITY
2026-09-08,10:58:48 GMT,[SCALPER V3] Direction= 0 | RSI= 50 | SMA2= 9713.445 | SMA3= 9712.836666666666 | Points= 0.07999999999992724 | Strength= 560 | Points2= 0.09000000000014552 | Strength2= 560 | Tick1= 9713.41 Tick2= 9713.32 Tick3= 9713.24 Tick4= 9713.32 Extra= 9713.32 | LossLevel= 0 | LossCount= 0 | Stake= 10 | Regime= 1 | Score= 70 | Reconfirm= 1 | Guard= false | Reason= BLOCK: QUALITY
2026-09-08,10:58:48 GMT,[SCALPER V3] Direction= 0 | RSI= 0 | SMA2= 9713.4 | SMA3= 9712.806666666665 | Points= 0.07999999999992724 | Strength= 560 | Points2= 0.07999999999992724 | Strength2= 560 | Tick1= 9713.32 Tick2= 9713.24 Tick3= 9713.32 Tick4= 9713.62 Extra= 9713.62 | LossLevel= 0 | LossCount= 0 | Stake= 10 | Regime= 3 | Score= 10 | Reconfirm= 1 | Guard= false | Reason= BLOCK: QUALITY
2026-09-08,10:58:48 GMT,[SCALPER V3] Direction= 0 | RSI= 0 | SMA2= 9713.36 | SMA3= 9712.779999999999 | Points= 0.3000000000010914 | Strength= 560 | Points2= 0.07999999999992724 | Strength2= 560 | Tick1= 9713.24 Tick2= 9713.32 Tick3= 9713.62 Tick4= 9713.77 Extra= 9713.77 | LossLevel= 0 | LossCount= 0 | Stake= 10 | Regime= 2 | Score= 40 | Reconfirm= 1 | Guard= false | Reason= BLOCK: QUALITY
2026-09-08,10:58:48 GMT,[SCALPER V3] Direction= 0 | RSI= 0 | SMA2= 9713.4 | SMA3= 9712.806666666665 | Points= 0.1499999999996362 | Strength= 560 | Points2= 0.3000000000010914 | Strength2= 560 | Tick1= 9713.32 Tick2= 9713.62 Tick3= 9713.77 Tick4= 9713.8 Extra= 9713.8 | LossLevel= 0 | LossCount= 0 | Stake= 10 | Regime= 2 | Score= 30 | Reconfirm= 1 | Guard= false | Reason= BLOCK: QUALITY
2026-09-08,10:58:48 GMT,[SCALPER V3] Direction= 0 | RSI= 50 | SMA2= 9713.55 | SMA3= 9712.906666666668 | Points= 0.029999999998835847 | Strength= 560 | Points2= 0.1499999999996362 | Strength2= 560 | Tick1= 9713.62 Tick2= 9713.77 Tick3= 9713.8 Tick4= 9713.77 Extra= 9713.77 | LossLevel= 0 | LossCount= 0 | Stake= 10 | Regime= 2 | Score= 30 | Reconfirm= 1 | Guard= false | Reason= BLOCK: QUALITY
2026-09-08,10:58:48 GMT,[SCALPER V3] Direction= 0 | RSI= 100 | SMA2= 9713.625 | SMA3= 9712.956666666667 | Points= 0.029999999998835847 | Strength= 560 | Points2= 0.029999999998835847 | Strength2= 560 | Tick1= 9713.77 Tick2= 9713.8 Tick3= 9713.77 Tick4= 9713.71 Extra= 9713.71 | LossLevel= 0 | LossCount= 0 | Stake= 10 | Regime= 3 | Score= 10 | Reconfirm= 1 | Guard= false | Reason= BLOCK: QUALITY
2026-09-08,10:58:48 GMT,[SCALPER V3] Direction= 0 | RSI= 85.71428571428571 | SMA2= 9713.64 | SMA3= 9712.966666666665 | Points= 0.06000000000130967 | Strength= 560 | Points2= 0.029999999998835847 | Strength2= 560 | Tick1= 9713.8 Tick2= 9713.77 Tick3= 9713.71 Tick4= 9713.72 Extra= 9713.72 | LossLevel= 0 | LossCount= 0 | Stake= 10 | Regime= 3 | Score= 20 | Reconfirm= 1 | Guard= false | Reason= BLOCK: QUALITY
2026-09-08,10:58:48 GMT,[SCALPER V3] Direction= 0 | RSI= 94.99999999986358 | SMA2= 9713.625 | SMA3= 9712.956666666667 | Points= 0.010000000000218279 | Strength= 560 | Points2= 0.06000000000130967 | Strength2= 560 | Tick1= 9713.77 Tick2= 9713.71 Tick3= 9713.72 Tick4= 9713.53 Extra= 9713.53 | LossLevel= 0 | LossCount= 0 | Stake= 10 | Regime= 3 | Score= 10 | Reconfirm= 1 | Guard= false | Reason= BLOCK: QUALITY
2026-09-08,10:58:48 GMT,[SCALPER V3] Direction= 0 | RSI= 37.99999999987631 | SMA2= 9713.595 | SMA3= 9712.936666666666 | Points= 0.18999999999869033 | Strength= 560 | Points2= 0.010000000000218279 | Strength2= 560 | Tick1= 9713.71 Tick2= 9713.72 Tick3= 9713.53 Tick4= 9713.84 Extra= 9713.84 | LossLevel= 0 | LossCount= 0 | Stake= 10 | Regime= 2 | Score= 60 | Reconfirm= 1 | Guard= false | Reason= BLOCK: QUALITY
2026-09-08,10:58:48 GMT,[SCALPER V3] Direction= 0 | RSI= 22.500000000056858 | SMA2= 9713.599999999999 | SMA3= 9712.94 | Points= 0.3099999999994907 | Strength= 560 | Points2= 0.18999999999869033 | Strength2= 560 | Tick1= 9713.72 Tick2= 9713.53 Tick3= 9713.84 Tick4= 9713.75 Extra= 9713.75 | LossLevel= 0 | LossCount= 0 | Stake= 10 | Regime= 2 | Score= 40 | Reconfirm= 1 | Guard= false | Reason= BLOCK: QUALITY
2026-09-08,10:58:48 GMT,[SCALPER V3] Direction= 0 | RSI= 100 | SMA2= 9713.505000000001 | SMA3= 9712.876666666665 | Points= 0.09000000000014552 | Strength= 560 | Points2= 0.3099999999994907 | Strength2= 560 | Tick1= 9713.53 Tick2= 9713.84 Tick3= 9713.75 Tick4= 9713.74 Extra= 9713.74 | LossLevel= 0 | LossCount= 0 | Stake= 10 | Regime= 3 | Score= 10 | Reconfirm= 1 | Guard= false | Reason= BLOCK: QUALITY
2026-09-08,10:58:48 GMT,[SCALPER V3] Direction= 0 | RSI= 8.333333333459663 | SMA2= 9713.66 | SMA3= 9712.98 | Points= 0.010000000000218279 | Strength= 560 | Points2= 0.09000000000014552 | Strength2= 560 | Tick1= 9713.84 Tick2= 9713.75 Tick3= 9713.74 Tick4= 9713.85 Extra= 9713.85 | LossLevel= 0 | LossCount= 0 | Stake= 10 | Regime= 3 | Score= 10 | Reconfirm= 1 | Guard= false | Reason= BLOCK: QUALITY
2026-09-08,10:58:48 GMT,[SCALPER V3] Direction= 0 | RSI= 0 | SMA2= 9713.615 | SMA3= 9712.949999999999 | Points= 0.11000000000058208 | Strength= 560 | Points2= 0.010000000000218279 | Strength2= 560 | Tick1= 9713.75 Tick2= 9713.74 Tick3= 9713.85 Tick4= 9713.95 Extra= 9713.95 | LossLevel= 0 | LossCount= 0 | Stake= 10 | Regime= 3 | Score= 20 | Reconfirm= 1 | Guard= false | Reason= BLOCK: QUALITY
2026-09-08,10:58:48 GMT,[SCALPER V3] Direction= 0 | RSI= 0 | SMA2= 9713.61 | SMA3= 9712.946666666665 | Points= 0.1000000000003638 | Strength= 560 | Points2= 0.11000000000058208 | Strength2= 560 | Tick1= 9713.74 Tick2= 9713.85 Tick3= 9713.95 Tick4= 9714.07 Extra= 9714.07 | LossLevel= 0 | LossCount= 0 | Stake= 10 | Regime= 3 | Score= 10 | Reconfirm= 1 | Guard= false | Reason= BLOCK: QUALITY
2026-09-08,10:58:48 GMT,[SCALPER V3] Direction= 0 | RSI= 0 | SMA2= 9713.665 | SMA3= 9712.983333333332 | Points= 0.11999999999898137 | Strength= 560 | Points2= 0.1000000000003638 | Strength2= 560 | Tick1= 9713.85 Tick2= 9713.95 Tick3= 9714.07 Tick4= 9714.22 Extra= 9714.22 | LossLevel= 0 | LossCount= 0 | Stake= 10 | Regime= 3 | Score= 20 | Reconfirm= 1 | Guard= false | Reason= BLOCK: QUALITY
2026-09-08,10:58:48 GMT,[SCALPER V3] Direction= 0 | RSI= 0 | SMA2= 9713.715 | SMA3= 9713.016666666666 | Points= 0.1499999999996362 | Strength= 560 | Points2= 0.11999999999898137 | Strength2= 560 | Tick1= 9713.95 Tick2= 9714.07 Tick3= 9714.22 Tick4= 9714.37 Extra= 9714.37 | LossLevel= 0 | LossCount= 0 | Stake= 10 | Regime= 2 | Score= 40 | Reconfirm= 1 | Guard= false | Reason= BLOCK: QUALITY
2026-09-08,10:58:48 GMT,[SCALPER V3] Direction= 0 | RSI= 0 | SMA2= 9713.775 | SMA3= 9713.056666666665 | Points= 0.1500000000014552 | Strength= 560 | Points2= 0.1499999999996362 | Strength2= 560 | Tick1= 9714.07 Tick2= 9714.22 Tick3= 9714.37 Tick4= 9714.46 Extra= 9714.46 | LossLevel= 0 | LossCount= 0 | Stake= 10 | Regime= 2 | Score= 40 | Reconfirm= 1 | Guard= false | Reason= BLOCK: QUALITY
2026-09-08,10:58:48 GMT,[SCALPER V3] Direction= 0 | RSI= 0 | SMA2= 9713.849999999999 | SMA3= 9713.106666666667 | Points= 0.08999999999832653 | Strength= 560 | Points2= 0.1500000000014552 | Strength2= 560 | Tick1= 9714.22 Tick2= 9714.37 Tick3= 9714.46 Tick4= 9714.59 Extra= 9714.59 | LossLevel= 0 | LossCount= 0 | Stake= 10 | Regime= 3 | Score= 10 | Reconfirm= 1 | Guard= false | Reason= BLOCK: QUALITY
2026-09-08,10:58:48 GMT,[SCALPER V3] Direction= 0 | RSI= 0 | SMA2= 9713.925 | SMA3= 9713.156666666668 | Points= 0.13000000000101863 | Strength= 560 | Points2= 0.08999999999832653 | Strength2= 560 | Tick1= 9714.37 Tick2= 9714.46 Tick3= 9714.59 Tick4= 9714.7 Extra= 9714.7 | LossLevel= 0 | LossCount= 0 | Stake= 10 | Regime= 2 | Score= 40 | Reconfirm= 1 | Guard= false | Reason= BLOCK: QUALITY
2026-09-08,10:58:48 GMT,[SCALPER V3] Direction= 0 | RSI= 0 | SMA2= 9713.97 | SMA3= 9713.186666666666 | Points= 0.11000000000058208 | Strength= 560 | Points2= 0.13000000000101863 | Strength2= 560 | Tick1= 9714.46 Tick2= 9714.59 Tick3= 9714.7 Tick4= 9714.75 Extra= 9714.75 | LossLevel= 0 | LossCount= 0 | Stake= 10 | Regime= 3 | Score= 10 | Reconfirm= 1 | Guard= false | Reason= BLOCK: QUALITY
2026-09-08,10:58:48 GMT,[SCALPER V3] Direction= 0 | RSI= 0 | SMA2= 9714.035 | SMA3= 9713.23 | Points= 0.049999999999272404 | Strength= 560 | Points2= 0.11000000000058208 | Strength2= 560 | Tick1= 9714.59 Tick2= 9714.7 Tick3= 9714.75 Tick4= 9714.97 Extra= 9714.97 | LossLevel= 0 | LossCount= 0 | Stake= 10 | Regime= 3 | Score= 10 | Reconfirm= 1 | Guard= false | Reason= BLOCK: QUALITY
2026-09-08,10:58:48 GMT,[SCALPER V3] Direction= 0 | RSI= 0 | SMA2= 9714.09 | SMA3= 9713.266666666666 | Points= 0.21999999999934516 | Strength= 560 | Points2= 0.049999999999272404 | Strength2= 560 | Tick1= 9714.7 Tick2= 9714.75 Tick3= 9714.97 Tick4= 9715.06 Extra= 9715.06 | LossLevel= 0 | LossCount= 0 | Stake= 10 | Regime= 2 | Score= 40 | Reconfirm= 1 | Guard= false | Reason= BLOCK: QUALITY
2026-09-08,10:58:48 GMT,[SCALPER V3] Direction= 0 | RSI= 18.181818180765873 | SMA2= 9714.115 | SMA3= 9713.283333333333 | Points= 0.09000000000014552 | Strength= 560 | Points2= 0.21999999999934516 | Strength2= 560 | Tick1= 9714.75 Tick2= 9714.97 Tick3= 9715.06 Tick4= 9715.04 Extra= 9715.04 | LossLevel= 0 | LossCount= 0 | Stake= 10 | Regime= 3 | Score= 10 | Reconfirm= 1 | Guard= false | Reason= BLOCK: QUALITY
2026-09-08,10:58:48 GMT,[SCALPER V3] Direction= 0 | RSI= 100 | SMA2= 9714.224999999999 | SMA3= 9713.356666666667 | Points= 0.019999999998617568 | Strength= 560 | Points2= 0.09000000000014552 | Strength2= 560 | Tick1= 9714.97 Tick2= 9715.06 Tick3= 9715.04 Tick4= 9714.87 Extra= 9714.87 | LossLevel= 0 | LossCount= 0 | Stake= 10 | Regime= 3 | Score= 10 | Reconfirm= 1 | Guard= false | Reason= BLOCK: QUALITY
2026-09-08,10:58:48 GMT,[SCALPER V3] Direction= 2 | RSI= 100 | SMA2= 9714.27 | SMA3= 9713.386666666665 | Points= 0.17000000000007276 | Strength= 560 | Points2= 0.019999999998617568 | Strength2= 560 | Tick1= 9715.06 Tick2= 9715.04 Tick3= 9714.87 Tick4= 9714.83 Extra= 9714.83 | LossLevel= 0 | LossCount= 0 | Stake= 10 | Regime= 2 | Score= 40 | Reconfirm= 1 | Guard= false | Reason= BLOCK: QUALITY
2026-09-08,10:58:48 GMT,[SCALPER V3] Direction= 2 | RSI= 100 | SMA2= 9714.26 | SMA3= 9713.38 | Points= 0.040000000000873115 | Strength= 560 | Points2= 0.17000000000007276 | Strength2= 560 | Tick1= 9715.04 Tick2= 9714.87 Tick3= 9714.83 Tick4= 9714.72 Extra= 9714.72 | LossLevel= 0 | LossCount= 0 | Stake= 10 | Regime= 3 | Score= 10 | Reconfirm= 1 | Guard= false | Reason= BLOCK: QUALITY
2026-09-08,10:58:48 GMT,[SCALPER V3] Direction= 2 | RSI= 100 | SMA2= 9714.175 | SMA3= 9713.323333333334 | Points= 0.11000000000058208 | Strength= 560 | Points2= 0.040000000000873115 | Strength2= 560 | Tick1= 9714.87 Tick2= 9714.83 Tick3= 9714.72 Tick4= 9714.69 Extra= 9714.69 | LossLevel= 0 | LossCount= 0 | Stake= 10 | Regime= 3 | Score= 20 | Reconfirm= 1 | Guard= false | Reason= BLOCK: QUALITY
2026-09-08,10:58:48 GMT,[SCALPER V3] Direction= 2 | RSI= 100 | SMA2= 9714.154999999999 | SMA3= 9713.31 | Points= 0.029999999998835847 | Strength= 560 | Points2= 0.11000000000058208 | Strength2= 560 | Tick1= 9714.83 Tick2= 9714.72 Tick3= 9714.69 Tick4= 9714.53 Extra= 9714.53 | LossLevel= 0 | LossCount= 0 | Stake= 10 | Regime= 3 | Score= 10 | Reconfirm= 1 | Guard= false | Reason= BLOCK: QUALITY
2026-09-08,10:58:48 GMT,[SCALPER V3] Direction= 0 | RSI= 37.20930232567978 | SMA2= 9714.099999999999 | SMA3= 9713.273333333333 | Points= 0.15999999999985448 | Strength= 560 | Points2= 0.029999999998835847 | Strength2= 560 | Tick1= 9714.72 Tick2= 9714.69 Tick3= 9714.53 Tick4= 9714.8 Extra= 9714.8 | LossLevel= 0 | LossCount= 0 | Stake= 10 | Regime= 2 | Score= 60 | Reconfirm= 1 | Guard= false | Reason= BLOCK: QUALITY
2026-09-08,10:58:48 GMT,[SCALPER V3] Direction= 0 | RSI= 3.5714285708949234 | SMA2= 9714.085 | SMA3= 9713.263333333334 | Points= 0.26999999999861757 | Strength= 560 | Points2= 0.15999999999985448 | Strength2= 560 | Tick1= 9714.69 Tick2= 9714.53 Tick3= 9714.8 Tick4= 9714.79 Extra= 9714.79 | LossLevel= 0 | LossCount= 0 | Stake= 10 | Regime= 2 | Score= 40 | Reconfirm= 1 | Guard= false | Reason= BLOCK: QUALITY
2026-09-08,10:58:48 GMT,[SCALPER V3] Direction= 0 | RSI= 100 | SMA2= 9714.005000000001 | SMA3= 9713.21 | Points= 0.00999999999839929 | Strength= 560 | Points2= 0.26999999999861757 | Strength2= 560 | Tick1= 9714.53 Tick2= 9714.8 Tick3= 9714.79 Tick4= 9714.64 Extra= 9714.64 | LossLevel= 0 | LossCount= 0 | Stake= 10 | Regime= 3 | Score= 10 | Reconfirm= 1 | Guard= false | Reason= BLOCK: QUALITY
2026-09-08,10:58:48 GMT,[SCALPER V3] Direction= 2 | RSI= 100 | SMA2= 9714.14 | SMA3= 9713.3 | Points= 0.1500000000014552 | Strength= 560 | Points2= 0.00999999999839929 | Strength2= 560 | Tick1= 9714.8 Tick2= 9714.79 Tick3= 9714.64 Tick4= 9714.28 Extra= 9714.28 | LossLevel= 0 | LossCount= 0 | Stake= 10 | Regime= 2 | Score= 40 | Reconfirm= 1 | Guard= false | Reason= BLOCK: QUALITY
2026-09-08,10:58:48 GMT,[SCALPER V3] Direction= 2 | RSI= 83.72093023256798 | SMA2= 9714.135 | SMA3= 9713.296666666667 | Points= 0.3599999999987631 | Strength= 560 | Points2= 0.1500000000014552 | Strength2= 560 | Tick1= 9714.79 Tick2= 9714.64 Tick3= 9714.28 Tick4= 9714.35 Extra= 9714.35 | LossLevel= 0 | LossCount= 0 | Stake= 10 | Regime= 1 | Score= 80 | Reconfirm= 1 | Guard= false | Reason= BLOCK: QUALITY
2026-09-08,10:58:48 GMT,[SCALPER V3] Direction= 2 | RSI= 86.00000000005821 | SMA2= 9714.06 | SMA3= 9713.246666666666 | Points= 0.06999999999970896 | Strength= 560 | Points2= 0.3599999999987631 | Strength2= 560 | Tick1= 9714.64 Tick2= 9714.28 Tick3= 9714.35 Tick4= 9713.92 Extra= 9713.92 | LossLevel= 0 | LossCount= 0 | Stake= 10 | Regime= 3 | Score= 10 | Reconfirm= 1 | Guard= false | Reason= BLOCK: QUALITY
2026-09-08,10:58:48 GMT,[SCALPER V3] Direction= 0 | RSI= 100 | SMA2= 9713.880000000001 | SMA3= 9713.126666666665 | Points= 0.43000000000029104 | Strength= 560 | Points2= 0.06999999999970896 | Strength2= 560 | Tick1= 9714.28 Tick2= 9714.35 Tick3= 9713.92 Tick4= 9713.8 Extra= 9713.8 | LossLevel= 0 | LossCount= 0 | Stake= 10 | Regime= 2 | Score= 40 | Reconfirm= 1 | Guard= false | Reason= BLOCK: QUALITY
2026-09-08,10:58:48 GMT,[SCALPER V3] Direction= 2 | RSI= 36.363636363686474 | SMA2= 9713.915 | SMA3= 9713.15 | Points= 0.12000000000080036 | Strength= 560 | Points2= 0.43000000000029104 | Strength2= 560 | Tick1= 9714.35 Tick2= 9713.92 Tick3= 9713.8 Tick4= 9714.01 Extra= 9714.01 | LossLevel= 0 | LossCount= 0 | Stake= 10 | Regime= 1 | Score= 90 | Reconfirm= 1 | Guard= false | Reason= BLOCK: QUALITY
2026-09-08,10:58:48 GMT,[SCALPER V3] Direction= 0 | RSI= 0 | SMA2= 9713.7 | SMA3= 9713.006666666666 | Points= 0.21000000000094587 | Strength= 560 | Points2= 0.12000000000080036 | Strength2= 560 | Tick1= 9713.92 Tick2= 9713.8 Tick3= 9714.01 Tick4= 9714.18 Extra= 9714.18 | LossLevel= 0 | LossCount= 0 | Stake= 10 | Regime= 2 | Score= 40 | Reconfirm= 1 | Guard= false | Reason= BLOCK: QUALITY
2026-09-08,10:58:48 GMT,[SCALPER V3] Direction= 0 | RSI= 0 | SMA2= 9713.64 | SMA3= 9712.966666666665 | Points= 0.17000000000007276 | Strength= 560 | Points2= 0.21000000000094587 | Strength2= 560 | Tick1= 9713.8 Tick2= 9714.01 Tick3= 9714.18 Tick4= 9714.22 Extra= 9714.22 | LossLevel= 0 | LossCount= 0 | Stake= 10 | Regime= 2 | Score= 30 | Reconfirm= 1 | Guard= false | Reason= BLOCK: QUALITY
2026-09-08,10:58:48 GMT,[SCALPER V3] Direction= 0 | RSI= 55.555555555780124 | SMA2= 9713.744999999999 | SMA3= 9713.036666666667 | Points= 0.039999999999054126 | Strength= 560 | Points2= 0.17000000000007276 | Strength2= 560 | Tick1= 9714.01 Tick2= 9714.18 Tick3= 9714.22 Tick4= 9714.17 Extra= 9714.17 | LossLevel= 0 | LossCount= 0 | Stake= 10 | Regime= 2 | Score= 30 | Reconfirm= 1 | Guard= false | Reason= BLOCK: QUALITY
2026-09-08,10:58:48 GMT,[SCALPER V3] Direction= 0 | RSI= 55.555555555780124 | SMA2= 9713.83 | SMA3= 9713.093333333332 | Points= 0.049999999999272404 | Strength= 560 | Points2= 0.039999999999054126 | Strength2= 560 | Tick1= 9714.18 Tick2= 9714.22 Tick3= 9714.17 Tick4= 9714.21 Extra= 9714.21 | LossLevel= 0 | LossCount= 0 | Stake= 10 | Regime= 2 | Score= 40 | Reconfirm= 1 | Guard= false | Reason= BLOCK: QUALITY
2026-09-08,10:58:48 GMT,[SCALPER V3] Direction= 2 | RSI= 88.57142857165131 | SMA2= 9713.849999999999 | SMA3= 9713.106666666667 | Points= 0.039999999999054126 | Strength= 560 | Points2= 0.049999999999272404 | Strength2= 560 | Tick1= 9714.22 Tick2= 9714.17 Tick3= 9714.21 Tick4= 9713.9 Extra= 9713.9 | LossLevel= 0 | LossCount= 0 | Stake= 10 | Regime= 3 | Score= 10 | Reconfirm= 1 | Guard= false | Reason= BLOCK: QUALITY
2026-09-08,10:58:48 GMT,[SCALPER V3] Direction= 0 | RSI= 86.11111111083041 | SMA2= 9713.825 | SMA3= 9713.089999999998 | Points= 0.3099999999994907 | Strength= 560 | Points2= 0.039999999999054126 | Strength2= 560 | Tick1= 9714.17 Tick2= 9714.21 Tick3= 9713.9 Tick4= 9713.95 Extra= 9713.95 | LossLevel= 0 | LossCount= 0 | Stake= 10 | Regime= 1 | Score= 80 | Reconfirm= 1 | Guard= false | Reason= BLOCK: QUALITY
2026-09-08,10:58:48 GMT,[SCALPER V3] Direction= 2 | RSI= 79.99999999970896 | SMA2= 9713.845 | SMA3= 9713.103333333333 | Points= 0.050000000001091394 | Strength= 560 | Points2= 0.3099999999994907 | Strength2= 560 | Tick1= 9714.21 Tick2= 9713.9 Tick3= 9713.95 Tick4= 9713.75 Extra= 9713.75 | LossLevel= 0 | LossCount= 0 | Stake= 10 | Regime= 3 | Score= 10 | Reconfirm= 1 | Guard= false | Reason= BLOCK: QUALITY
2026-09-08,10:58:48 GMT,[SCALPER V3] Direction= 0 | RSI= 60.606060606294456 | SMA2= 9713.689999999999 | SMA3= 9713 | Points= 0.2000000000007276 | Strength= 560 | Points2= 0.050000000001091394 | Strength2= 560 | Tick1= 9713.9 Tick2= 9713.95 Tick3= 9713.75 Tick4= 9713.88 Extra= 9713.88 | LossLevel= 0 | LossCount= 0 | Stake= 10 | Regime= 1 | Score= 100 | Reconfirm= 1 | Guard= false | Reason= BLOCK: QUALITY
2026-09-08,10:58:48 GMT,[SCALPER V3] Direction= 2 | RSI= 7.142857141836274 | SMA2= 9713.715 | SMA3= 9713.016666666666 | Points= 0.12999999999919964 | Strength= 560 | Points2= 0.2000000000007276 | Strength2= 560 | Tick1= 9713.95 Tick2= 9713.75 Tick3= 9713.88 Tick4= 9713.87 Extra= 9713.87 | LossLevel= 0 | LossCount= 0 | Stake= 10 | Regime= 1 | Score= 70 | Reconfirm= 1 | Guard= false | Reason= BLOCK: QUALITY
2026-09-08,10:58:48 GMT,[SCALPER V3] Direction= 0 | RSI= 100 | SMA2= 9713.615 | SMA3= 9712.949999999999 | Points= 0.00999999999839929 | Strength= 560 | Points2= 0.12999999999919964 | Strength2= 560 | Tick1= 9713.75 Tick2= 9713.88 Tick3= 9713.87 Tick4= 9713.44 Extra= 9713.44 | LossLevel= 0 | LossCount= 0 | Stake= 10 | Regime= 3 | Score= 10 | Reconfirm= 1 | Guard= false | Reason= BLOCK: QUALITY
2026-09-08,10:58:48 GMT,[SCALPER V3] Direction= 2 | RSI= 100 | SMA2= 9713.68 | SMA3= 9712.993333333332 | Points= 0.43000000000029104 | Strength= 560 | Points2= 0.00999999999839929 | Strength2= 560 | Tick1= 9713.88 Tick2= 9713.87 Tick3= 9713.44 Tick4= 9713.32 Extra= 9713.32 | LossLevel= 0 | LossCount= 0 | Stake= 10 | Regime= 2 | Score= 40 | Reconfirm= 1 | Guard= false | Reason= BLOCK: QUALITY
2026-09-08,10:58:48 GMT,[SCALPER V3] Direction= 2 | RSI= 66.66666666700351 | SMA2= 9713.675 | SMA3= 9712.99 | Points= 0.12000000000080036 | Strength= 560 | Points2= 0.43000000000029104 | Strength2= 560 | Tick1= 9713.87 Tick2= 9713.44 Tick3= 9713.32 Tick4= 9713.38 Extra= 9713.38 | LossLevel= 0 | LossCount= 0 | Stake= 10 | Regime= 1 | Score= 90 | Reconfirm= 1 | Guard= false | Reason= BLOCK: QUALITY
2026-09-08,10:58:48 GMT,[SCALPER V3] Direction= 0 | RSI= 0 | SMA2= 9713.46 | SMA3= 9712.846666666666 | Points= 0.05999999999949068 | Strength= 560 | Points2= 0.12000000000080036 | Strength2= 560 | Tick1= 9713.44 Tick2= 9713.32 Tick3= 9713.38 Tick4= 9713.55 Extra= 9713.55 | LossLevel= 0 | LossCount= 0 | Stake= 10 | Regime= 3 | Score= 10 | Reconfirm= 1 | Guard= false | Reason= BLOCK: QUALITY
2026-09-08,10:58:48 GMT,[SCALPER V3] Direction= 0 | RSI= 0 | SMA2= 9713.4 | SMA3= 9712.806666666665 | Points= 0.17000000000007276 | Strength= 560 | Points2= 0.05999999999949068 | Strength2= 560 | Tick1= 9713.32 Tick2= 9713.38 Tick3= 9713.55 Tick4= 9713.55 Extra= 9713.55 | LossLevel= 0 | LossCount= 0 | Stake= 10 | Regime= 2 | Score= 40 | Reconfirm= 1 | Guard= false | Reason= BLOCK: QUALITY
2026-09-08,10:58:48 GMT,[SCALPER V3] Direction= 0 | RSI= 0 | SMA2= 9713.43 | SMA3= 9712.826666666666 | Points= 0 | Strength= 560 | Points2= 0.17000000000007276 | Strength2= 560 | Tick1= 9713.38 Tick2= 9713.55 Tick3= 9713.55 Tick4= 9713.65 Extra= 9713.65 | LossLevel= 0 | LossCount= 0 | Stake= 10 | Regime= 3 | Score= 10 | Reconfirm= 1 | Guard= false | Reason= BLOCK: QUALITY
2026-09-08,10:58:48 GMT,[SCALPER V3] Direction= 0 | RSI= 37.49999999971578 | SMA2= 9713.515 | SMA3= 9712.883333333333 | Points= 0.1000000000003638 | Strength= 560 | Points2= 0 | Strength2= 560 | Tick1= 9713.55 Tick2= 9713.55 Tick3= 9713.65 Tick4= 9713.59 Extra= 9713.59 | LossLevel= 0 | LossCount= 0 | Stake= 10 | Regime= 2 | Score= 40 | Reconfirm= 1 | Guard= false | Reason= BLOCK: QUALITY
2026-09-08,10:58:48 GMT,[SCALPER V3] Direction= 0 | RSI= 100 | SMA2= 9713.515 | SMA3= 9712.883333333333 | Points= 0.05999999999949068 | Strength= 560 | Points2= 0.1000000000003638 | Strength2= 560 | Tick1= 9713.55 Tick2= 9713.65 Tick3= 9713.59 Tick4= 9713.5 Extra= 9713.5 | LossLevel= 0 | LossCount= 0 | Stake= 10 | Regime= 3 | Score= 10 | Reconfirm= 1 | Guard= false | Reason= BLOCK: QUALITY
2026-09-08,10:58:48 GMT,[SCALPER V3] Direction= 2 | RSI= 100 | SMA2= 9713.564999999999 | SMA3= 9712.916666666666 | Points= 0.09000000000014552 | Strength= 560 | Points2= 0.05999999999949068 | Strength2= 560 | Tick1= 9713.65 Tick2= 9713.59 Tick3= 9713.5 Tick4= 9713.35 Extra= 9713.35 | LossLevel= 0 | LossCount= 0 | Stake= 10 | Regime= 3 | Score= 20 | Reconfirm= 1 | Guard= false | Reason= BLOCK: QUALITY
2026-09-08,10:58:48 GMT,[SCALPER V3] Direction= 2 | RSI= 55.55555555570526 | SMA2= 9713.535 | SMA3= 9712.896666666666 | Points= 0.1499999999996362 | Strength= 560 | Points2= 0.09000000000014552 | Strength2= 560 | Tick1= 9713.59 Tick2= 9713.5 Tick3= 9713.35 Tick4= 9713.47 Extra= 9713.47 | LossLevel= 0 | LossCount= 0 | Stake= 10 | Regime= 1 | Score= 100 | Reconfirm= 1 | Guard= false | Reason= BLOCK: QUALITY
2026-09-08,10:58:48 GMT,[SCALPER V3] Direction= 0 | RSI= 0 | SMA2= 9713.49 | SMA3= 9712.866666666667 | Points= 0.11999999999898137 | Strength= 560 | Points2= 0.1499999999996362 | Strength2= 560 | Tick1= 9713.5 Tick2= 9713.35 Tick3= 9713.47 Tick4= 9713.55 Extra= 9713.55 | LossLevel= 0 | LossCount= 0 | Stake= 10 | Regime= 3 | Score= 10 | Reconfirm= 1 | Guard= false | Reason= BLOCK: QUALITY
2026-09-08,10:58:48 GMT,[SCALPER V3] Direction= 0 | RSI= 0 | SMA2= 9713.415 | SMA3= 9712.816666666666 | Points= 0.07999999999992724 | Strength= 560 | Points2= 0.11999999999898137 | Strength2= 560 | Tick1= 9713.35 Tick2= 9713.47 Tick3= 9713.55 Tick4= 9713.59 Extra= 9713.59 | LossLevel= 0 | LossCount= 0 | Stake= 10 | Regime= 3 | Score= 10 | Reconfirm= 1 | Guard= false | Reason= BLOCK: QUALITY
2026-09-08,10:58:48 GMT,[SCALPER V3] Direction= 0 | RSI= 73.33333333300996 | SMA2= 9713.474999999999 | SMA3= 9712.856666666667 | Points= 0.040000000000873115 | Strength= 560 | Points2= 0.07999999999992724 | Strength2= 560 | Tick1= 9713.47 Tick2= 9713.55 Tick3= 9713.59 Tick4= 9713.48 Extra= 9713.48 | LossLevel= 0 | LossCount= 0 | Stake= 10 | Regime= 2 | Score= 10 | Reconfirm= 1 | Guard= false | Reason= BLOCK: QUALITY
2026-09-08,10:58:48 GMT,[SCALPER V3] Direction= 0 | RSI= 100 | SMA2= 9713.515 | SMA3= 9712.883333333333 | Points= 0.11000000000058208 | Strength= 560 | Points2= 0.040000000000873115 | Strength2= 560 | Tick1= 9713.55 Tick2= 9713.59 Tick3= 9713.48 Tick4= 9713.32 Extra= 9713.32 | LossLevel= 0 | LossCount= 0 | Stake= 10 | Regime= 3 | Score= 20 | Reconfirm= 1 | Guard= false | Reason= BLOCK: QUALITY
2026-09-08,10:58:48 GMT,[SCALPER V3] Direction= 2 | RSI= 63.999999999941785 | SMA2= 9713.535 | SMA3= 9712.896666666666 | Points= 0.15999999999985448 | Strength= 560 | Points2= 0.11000000000058208 | Strength2= 560 | Tick1= 9713.59 Tick2= 9713.48 Tick3= 9713.32 Tick4= 9713.41 Extra= 9713.41 | LossLevel= 0 | LossCount= 0 | Stake= 10 | Regime= 1 | Score= 100 | Reconfirm= 1 | Guard= false | Reason= BLOCK: QUALITY
2026-09-08,10:58:48 GMT,[SCALPER V3] Direction= 0 | RSI= 0 | SMA2= 9712.55 | SMA3= 9711.820000000002 | Points= 0.09000000000014552 | Strength= 560 | Points2= 0.15999999999985448 | Strength2= 560 | Tick1= 9713.48 Tick2= 9713.32 Tick3= 9713.41 Tick4= 9713.62 Extra= 9713.62 | LossLevel= 0 | LossCount= 0 | Stake= 10 | Regime= 3 | Score= 10 | Reconfirm= 1 | Guard= false | Reason= BLOCK: QUALITY
2026-09-08,10:58:48 GMT,[SCALPER V3] Direction= 0 | RSI= 48.780487804856406 | SMA2= 9712.470000000001 | SMA3= 9711.766666666668 | Points= 0.21000000000094587 | Strength= 560 | Points2= 0.09000000000014552 | Strength2= 560 | Tick1= 9713.32 Tick2= 9713.41 Tick3= 9713.62 Tick4= 9713.42 Extra= 9713.42 | LossLevel= 0 | LossCount= 0 | Stake= 10 | Regime= 2 | Score= 60 | Reconfirm= 1 | Guard= false | Reason= BLOCK: QUALITY
2026-09-08,10:58:48 GMT,[SCALPER V3] Direction= 0 | RSI= 100 | SMA2= 9712.515 | SMA3= 9711.796666666667 | Points= 0.2000000000007276 | Strength= 560 | Points2= 0.21000000000094587 | Strength2= 560 | Tick1= 9713.41 Tick2= 9713.62 Tick3= 9713.42 Tick4= 9713.34 Extra= 9713.34 | LossLevel= 0 | LossCount= 0 | Stake= 10 | Regime= 2 | Score= 30 | Reconfirm= 1 | Guard= false | Reason= BLOCK: QUALITY
2026-09-08,10:58:48 GMT,[SCALPER V3] Direction= 2 | RSI= 100 | SMA2= 9712.62 | SMA3= 9711.866666666669 | Points= 0.07999999999992724 | Strength= 560 | Points2= 0.2000000000007276 | Strength2= 560 | Tick1= 9713.62 Tick2= 9713.42 Tick3= 9713.34 Tick4= 9713.15 Extra= 9713.15 | LossLevel= 0 | LossCount= 0 | Stake= 10 | Regime= 3 | Score= 10 | Reconfirm= 1 | Guard= false | Reason= BLOCK: QUALITY
2026-09-08,10:58:48 GMT,[SCALPER V3] Direction= 2 | RSI= 100 | SMA2= 9712.52 | SMA3= 9711.800000000001 | Points= 0.19000000000050932 | Strength= 560 | Points2= 0.07999999999992724 | Strength2= 560 | Tick1= 9713.42 Tick2= 9713.34 Tick3= 9713.15 Tick4= 9712.99 Extra= 9712.99 | LossLevel= 0 | LossCount= 0 | Stake= 10 | Regime= 2 | Score= 40 | Reconfirm= 1 | Guard= false | Reason= BLOCK: QUALITY
2026-09-08,10:58:48 GMT,[SCALPER V3] Direction= 2 | RSI= 84.21052631548714 | SMA2= 9712.48 | SMA3= 9711.773333333334 | Points= 0.15999999999985448 | Strength= 560 | Points2= 0.19000000000050932 | Strength2= 560 | Tick1= 9713.34 Tick2= 9713.15 Tick3= 9712.99 Tick4= 9713.02 Extra= 9713.02 | LossLevel= 0 | LossCount= 0 | Stake= 10 | Regime= 1 | Score= 70 | Reconfirm= 1 | Guard= false | Reason= BLOCK: QUALITY
2026-09-08,10:58:48 GMT,[SCALPER V3] Direction= 2 | RSI= 72.72727272682174 | SMA2= 9712.385 | SMA3= 9711.710000000001 | Points= 0.030000000000654836 | Strength= 560 | Points2= 0.15999999999985448 | Strength2= 560 | Tick1= 9713.15 Tick2= 9712.99 Tick3= 9713.02 Tick4= 9712.94 Extra= 9712.94 | LossLevel= 0 | LossCount= 0 | Stake= 10 | Regime= 1 | Score= 50 | Reconfirm= 1 | Guard= false | Reason= BLOCK: QUALITY
2026-09-08,10:58:48 GMT,[SCALPER V3] Direction= 0 | RSI= 100 | SMA2= 9712.305 | SMA3= 9711.656666666668 | Points= 0.07999999999992724 | Strength= 560 | Points2= 0.030000000000654836 | Strength2= 560 | Tick1= 9712.99 Tick2= 9713.02 Tick3= 9712.94 Tick4= 9712.9 Extra= 9712.9 | LossLevel= 0 | LossCount= 0 | Stake= 10 | Regime= 3 | Score= 20 | Reconfirm= 1 | Guard= false | Reason= BLOCK: QUALITY
2026-09-08,10:58:48 GMT,[SCALPER V3] Direction= 2 | RSI= 100 | SMA2= 9712.32 | SMA3= 9711.666666666668 | Points= 0.040000000000873115 | Strength= 560 | Points2= 0.07999999999992724 | Strength2= 560 | Tick1= 9713.02 Tick2= 9712.94 Tick3= 9712.9 Tick4= 9712.74 Extra= 9712.74 | LossLevel= 0 | LossCount= 0 | Stake= 10 | Regime= 3 | Score= 10 | Reconfirm= 1 | Guard= false | Reason= BLOCK: QUALITY
2026-09-08,10:58:48 GMT,[SCALPER V3] Direction= 2 | RSI= 88.88888888866433 | SMA2= 9712.28 | SMA3= 9711.640000000001 | Points= 0.15999999999985448 | Strength= 560 | Points2= 0.040000000000873115 | Strength2= 560 | Tick1= 9712.94 Tick2= 9712.9 Tick3= 9712.74 Tick4= 9712.76 Extra= 9712.76 | LossLevel= 0 | LossCount= 0 | Stake= 10 | Regime= 1 | Score= 80 | Reconfirm= 1 | Guard= false | Reason= BLOCK: QUALITY
2026-09-08,10:58:48 GMT,[SCALPER V3] Direction= 0 | RSI= 0 | SMA2= 9712.26 | SMA3= 9711.626666666669 | Points= 0.020000000000436557 | Strength= 560 | Points2= 0.15999999999985448 | Strength2= 560 | Tick1= 9712.9 Tick2= 9712.74 Tick3= 9712.76 Tick4= 9713.06 Extra= 9713.06 | LossLevel= 0 | LossCount= 0 | Stake= 10 | Regime= 3 | Score= 10 | Reconfirm= 1 | Guard= false | Reason= BLOCK: QUALITY
2026-09-08,10:58:48 GMT,[SCALPER V3] Direction= 0 | RSI= 49.15254237286045 | SMA2= 9712.18 | SMA3= 9711.573333333334 | Points= 0.2999999999992724 | Strength= 560 | Points2= 0.020000000000436557 | Strength2= 560 | Tick1= 9712.74 Tick2= 9712.76 Tick3= 9713.06 Tick4= 9712.77 Extra= 9712.77 | LossLevel= 0 | LossCount= 0 | Stake= 10 | Regime= 2 | Score= 60 | Reconfirm= 1 | Guard= false | Reason= BLOCK: QUALITY
2026-09-08,10:58:48 GMT,[SCALPER V3] Direction= 0 | RSI= 87.87878787900502 | SMA2= 9712.19 | SMA3= 9711.580000000002 | Points= 0.2899999999990541 | Strength= 560 | Points2= 0.2999999999992724 | Strength2= 560 | Tick1= 9712.76 Tick2= 9713.06 Tick3= 9712.77 Tick4= 9712.81 Extra= 9712.81 | LossLevel= 0 | LossCount= 0 | Stake= 10 | Regime= 2 | Score= 30 | Reconfirm= 1 | Guard= false | Reason= BLOCK: QUALITY
2026-09-08,10:58:48 GMT,[SCALPER V3] Direction= 2 | RSI= 0 | SMA2= 9712.34 | SMA3= 9711.68 | Points= 0.039999999999054126 | Strength= 560 | Points2= 0.2899999999990541 | Strength2= 560 | Tick1= 9713.06 Tick2= 9712.77 Tick3= 9712.81 Tick4= 9712.85 Extra= 9712.85 | LossLevel= 0 | LossCount= 0 | Stake= 10 | Regime= 3 | Score= 10 | Reconfirm= 1 | Guard= false | Reason= BLOCK: QUALITY
2026-09-08,10:58:48 GMT,[SCALPER V3] Direction= 0 | RSI= 66.66666666616139 | SMA2= 9712.195 | SMA3= 9711.583333333334 | Points= 0.040000000000873115 | Strength= 560 | Points2= 0.039999999999054126 | Strength2= 560 | Tick1= 9712.77 Tick2= 9712.81 Tick3= 9712.85 Tick4= 9712.77 Extra= 9712.77 | LossLevel= 0 | LossCount= 0 | Stake= 10 | Regime= 2 | Score= 40 | Reconfirm= 1 | Guard= false | Reason= BLOCK: QUALITY
2026-09-08,10:58:48 GMT,[SCALPER V3] Direction= 0 | RSI= 100 | SMA2= 9712.215 | SMA3= 9711.596666666666 | Points= 0.07999999999992724 | Strength= 560 | Points2= 0.040000000000873115 | Strength2= 560 | Tick1= 9712.81 Tick2= 9712.85 Tick3= 9712.77 Tick4= 9712.68 Extra= 9712.68 | LossLevel= 0 | LossCount= 0 | Stake= 10 | Regime= 3 | Score= 20 | Reconfirm= 1 | Guard= false | Reason= BLOCK: QUALITY
2026-09-08,10:58:48 GMT,[SCALPER V3] Direction= 2 | RSI= 75.00000000075792 | SMA2= 9712.235 | SMA3= 9711.61 | Points= 0.09000000000014552 | Strength= 560 | Points2= 0.07999999999992724 | Strength2= 560 | Tick1= 9712.85 Tick2= 9712.77 Tick3= 9712.68 Tick4= 9712.71 Extra= 9712.71 | LossLevel= 0 | LossCount= 0 | Stake= 10 | Regime= 3 | Score= 20 | Reconfirm= 1 | Guard= false | Reason= BLOCK: QUALITY
2026-09-08,10:58:48 GMT,[SCALPER V3] Direction= 0 | RSI= 0 | SMA2= 9712.195 | SMA3= 9711.583333333334 | Points= 0.029999999998835847 | Strength= 560 | Points2= 0.09000000000014552 | Strength2= 560 | Tick1= 9712.77 Tick2= 9712.68 Tick3= 9712.71 Tick4= 9712.82 Extra= 9712.82 | LossLevel= 0 | LossCount= 0 | Stake= 10 | Regime= 3 | Score= 10 | Reconfirm= 1 | Guard= false | Reason= BLOCK: QUALITY
2026-09-08,10:58:48 GMT,[SCALPER V3] Direction= 0 | RSI= 68.57142857129493 | SMA2= 9712.150000000001 | SMA3= 9711.553333333335 | Points= 0.11000000000058208 | Strength= 560 | Points2= 0.029999999998835847 | Strength2= 560 | Tick1= 9712.68 Tick2= 9712.71 Tick3= 9712.82 Tick4= 9712.58 Extra= 9712.58 | LossLevel= 0 | LossCount= 0 | Stake= 10 | Regime= 1 | Score= 80 | Reconfirm= 1 | Guard= false | Reason= BLOCK: QUALITY
2026-09-08,10:58:48 GMT,[SCALPER V3] Direction= 0 | RSI= 68.57142857129493 | SMA2= 9712.165 | SMA3= 9711.563333333334 | Points= 0.23999999999978172 | Strength= 560 | Points2= 0.11000000000058208 | Strength2= 560 | Tick1= 9712.71 Tick2= 9712.82 Tick3= 9712.58 Tick4= 9712.69 Extra= 9712.69 | LossLevel= 0 | LossCount= 0 | Stake= 10 | Regime= 1 | Score= 100 | Reconfirm= 1 | Guard= false | Reason= BLOCK: QUALITY
2026-09-08,10:58:48 GMT,[SCALPER V3] Direction= 2 | RSI= 8.333333333459663 | SMA2= 9712.220000000001 | SMA3= 9711.6 | Points= 0.11000000000058208 | Strength= 560 | Points2= 0.23999999999978172 | Strength2= 560 | Tick1= 9712.82 Tick2= 9712.58 Tick3= 9712.69 Tick4= 9712.68 Extra= 9712.68 | LossLevel= 0 | LossCount= 0 | Stake= 10 | Regime= 3 | Score= 10 | Reconfirm= 1 | Guard= false | Reason= BLOCK: QUALITY
2026-09-08,10:58:48 GMT,[SCALPER V3] Direction= 0 | RSI= 7.142857143042761 | SMA2= 9712.1 | SMA3= 9711.520000000002 | Points= 0.010000000000218279 | Strength= 560 | Points2= 0.11000000000058208 | Strength2= 560 | Tick1= 9712.58 Tick2= 9712.69 Tick3= 9712.68 Tick4= 9712.81 Extra= 9712.81 | LossLevel= 0 | LossCount= 0 | Stake= 10 | Regime= 3 | Score= 10 | Reconfirm= 1 | Guard= false | Reason= BLOCK: QUALITY
2026-09-08,10:58:48 GMT,[SCALPER V3] Direction= 0 | RSI= 38.095238095361836 | SMA2= 9712.155 | SMA3= 9711.55666666667 | Points= 0.12999999999919964 | Strength= 560 | Points2= 0.010000000000218279 | Strength2= 560 | Tick1= 9712.69 Tick2= 9712.68 Tick3= 9712.81 Tick4= 9712.73 Extra= 9712.73 | LossLevel= 0 | LossCount= 0 | Stake= 10 | Regime= 2 | Score= 60 | Reconfirm= 1 | Guard= false | Reason= BLOCK: QUALITY
2026-09-08,10:58:48 GMT,[SCALPER V3] Direction= 0 | RSI= 100 | SMA2= 9712.150000000001 | SMA3= 9711.553333333335 | Points= 0.07999999999992724 | Strength= 560 | Points2= 0.12999999999919964 | Strength2= 560 | Tick1= 9712.68 Tick2= 9712.81 Tick3= 9712.73 Tick4= 9712.66 Extra= 9712.66 | LossLevel= 0 | LossCount= 0 | Stake= 10 | Regime= 3 | Score= 10 | Reconfirm= 1 | Guard= false | Reason= BLOCK: QUALITY
2026-09-08,10:58:48 GMT,[SCALPER V3] Direction= 2 | RSI= 100 | SMA2= 9712.215 | SMA3= 9711.596666666666 | Points= 0.06999999999970896 | Strength= 560 | Points2= 0.07999999999992724 | Strength2= 560 | Tick1= 9712.81 Tick2= 9712.73 Tick3= 9712.66 Tick4= 9712.58 Extra= 9712.58 | LossLevel= 0 | LossCount= 0 | Stake= 10 | Regime= 3 | Score= 10 | Reconfirm= 1 | Guard= false | Reason= BLOCK: QUALITY
2026-09-08,10:58:48 GMT,[SCALPER V3] Direction= 2 | RSI= 100 | SMA2= 9712.175 | SMA3= 9711.570000000002 | Points= 0.07999999999992724 | Strength= 560 | Points2= 0.06999999999970896 | Strength2= 560 | Tick1= 9712.73 Tick2= 9712.66 Tick3= 9712.58 Tick4= 9712.49 Extra= 9712.49 | LossLevel= 0 | LossCount= 0 | Stake= 10 | Regime= 3 | Score= 20 | Reconfirm= 1 | Guard= false | Reason= BLOCK: QUALITY
2026-09-08,10:58:48 GMT,[SCALPER V3] Direction= 2 | RSI= 64.28571428525026 | SMA2= 9712.14 | SMA3= 9711.546666666667 | Points= 0.09000000000014552 | Strength= 560 | Points2= 0.07999999999992724 | Strength2= 560 | Tick1= 9712.66 Tick2= 9712.58 Tick3= 9712.49 Tick4= 9712.54 Extra= 9712.54 | LossLevel= 0 | LossCount= 0 | Stake= 10 | Regime= 1 | Score= 80 | Reconfirm= 1 | Guard= false | Reason= BLOCK: QUALITY
2026-09-08,10:58:48 GMT,[SCALPER V3] Direction= 0 | RSI= 73.68421052606385 | SMA2= 9712.1 | SMA3= 9711.520000000002 | Points= 0.050000000001091394 | Strength= 560 | Points2= 0.09000000000014552 | Strength2= 560 | Tick1= 9712.58 Tick2= 9712.49 Tick3= 9712.54 Tick4= 9712.4 Extra= 9712.4 | LossLevel= 0 | LossCount= 0 | Stake= 10 | Regime= 1 | Score= 50 | Reconfirm= 1 | Guard= false | Reason= BLOCK: QUALITY
2026-09-08,10:58:48 GMT,[SCALPER V3] Direction= 0 | RSI= 100 | SMA2= 9712.055 | SMA3= 9711.49 | Points= 0.1400000000012369 | Strength= 560 | Points2= 0.050000000001091394 | Strength2= 560 | Tick1= 9712.49 Tick2= 9712.54 Tick3= 9712.4 Tick4= 9712.32 Extra= 9712.32 | LossLevel= 0 | LossCount= 0 | Stake= 10 | Regime= 2 | Score= 40 | Reconfirm= 1 | Guard= false | Reason= BLOCK: QUALITY
2026-09-08,10:58:48 GMT,[SCALPER V3] Direction= 0 | RSI= 50 | SMA2= 9712.080000000002 | SMA3= 9711.506666666668 | Points= 0.07999999999992724 | Strength= 560 | Points2= 0.1400000000012369 | Strength2= 560 | Tick1= 9712.54 Tick2= 9712.4 Tick3= 9712.32 Tick4= 9712.4 Extra= 9712.4 | LossLevel= 0 | LossCount= 0 | Stake= 10 | Regime= 1 | Score= 70 | Reconfirm= 1 | Guard= false | Reason= BLOCK: QUALITY
2026-09-08,10:58:48 GMT,[SCALPER V3] Direction= 0 | RSI= 0 | SMA2= 9712.01 | SMA3= 9711.460000000001 | Points= 0.07999999999992724 | Strength= 560 | Points2= 0.07999999999992724 | Strength2= 560 | Tick1= 9712.4 Tick2= 9712.32 Tick3= 9712.4 Tick4= 9712.4 Extra= 9712.4 | LossLevel= 0 | LossCount= 0 | Stake= 10 | Regime= 3 | Score= 10 | Reconfirm= 1 | Guard= false | Reason= BLOCK: QUALITY
2026-09-08,10:58:48 GMT,[SCALPER V3] Direction= 0 | RSI= 0 | SMA2= 9711.970000000001 | SMA3= 9711.433333333334 | Points= 0 | Strength= 560 | Points2= 0.07999999999992724 | Strength2= 560 | Tick1= 9712.32 Tick2= 9712.4 Tick3= 9712.4 Tick4= 9712.61 Extra= 9712.61 | LossLevel= 0 | LossCount= 0 | Stake= 10 | Regime= 3 | Score= 10 | Reconfirm= 1 | Guard= false | Reason= BLOCK: QUALITY
2026-09-08,10:58:48 GMT,[SCALPER V3] Direction= 0 | RSI= 0 | SMA2= 9712.01 | SMA3= 9711.460000000001 | Points= 0.21000000000094587 | Strength= 560 | Points2= 0 | Strength2= 560 | Tick1= 9712.4 Tick2= 9712.4 Tick3= 9712.61 Tick4= 9712.63 Extra= 9712.63 | LossLevel= 0 | LossCount= 0 | Stake= 10 | Regime= 2 | Score= 40 | Reconfirm= 1 | Guard= false | Reason= BLOCK: QUALITY
2026-09-08,10:58:48 GMT,[SCALPER V3] Direction= 0 | RSI= 0 | SMA2= 9712.01 | SMA3= 9711.460000000001 | Points= 0.019999999998617568 | Strength= 560 | Points2= 0.21000000000094587 | Strength2= 560 | Tick1= 9712.4 Tick2= 9712.61 Tick3= 9712.63 Tick4= 9712.72 Extra= 9712.72 | LossLevel= 0 | LossCount= 0 | Stake= 10 | Regime= 3 | Score= 10 | Reconfirm= 1 | Guard= false | Reason= BLOCK: QUALITY
2026-09-08,10:58:48 GMT,[SCALPER V3] Direction= 0 | RSI= 79.06976744184078 | SMA2= 9712.115000000002 | SMA3= 9711.53 | Points= 0.09000000000014552 | Strength= 560 | Points2= 0.019999999998617568 | Strength2= 560 | Tick1= 9712.61 Tick2= 9712.63 Tick3= 9712.72 Tick4= 9712.38 Extra= 9712.38 | LossLevel= 0 | LossCount= 0 | Stake= 10 | Regime= 3 | Score= 20 | Reconfirm= 1 | Guard= false | Reason= BLOCK: QUALITY
2026-09-08,10:58:48 GMT,[SCALPER V3] Direction= 0 | RSI= 100 | SMA2= 9712.125 | SMA3= 9711.536666666667 | Points= 0.3400000000001455 | Strength= 560 | Points2= 0.09000000000014552 | Strength2= 560 | Tick1= 9712.63 Tick2= 9712.72 Tick3= 9712.38 Tick4= 9712.2 Extra= 9712.2 | LossLevel= 0 | LossCount= 0 | Stake= 10 | Regime= 2 | Score= 40 | Reconfirm= 1 | Guard= false | Reason= BLOCK: QUALITY
2026-09-08,10:58:48 GMT,[SCALPER V3] Direction= 2 | RSI= 66.6666666664421 | SMA2= 9712.17 | SMA3= 9711.566666666668 | Points= 0.17999999999847205 | Strength= 560 | Points2= 0.3400000000001455 | Strength2= 560 | Tick1= 9712.72 Tick2= 9712.38 Tick3= 9712.2 Tick4= 9712.29 Extra= 9712.29 | LossLevel= 0 | LossCount= 0 | Stake= 10 | Regime= 1 | Score= 90 | Reconfirm= 1 | Guard= false | Reason= BLOCK: QUALITY
2026-09-08,10:58:48 GMT,[SCALPER V3] Direction= 2 | RSI= 70.00000000006064 | SMA2= 9712 | SMA3= 9711.453333333333 | Points= 0.09000000000014552 | Strength= 560 | Points2= 0.17999999999847205 | Strength2= 560 | Tick1= 9712.38 Tick2= 9712.2 Tick3= 9712.29 Tick4= 9712.08 Extra= 9712.08 | LossLevel= 0 | LossCount= 0 | Stake= 10 | Regime= 1 | Score= 50 | Reconfirm= 1 | Guard= false | Reason= BLOCK: QUALITY
2026-09-08,10:58:48 GMT,[SCALPER V3] Direction= 0 | RSI= 100 | SMA2= 9711.91 | SMA3= 9711.393333333335 | Points= 0.21000000000094587 | Strength= 560 | Points2= 0.09000000000014552 | Strength2= 560 | Tick1= 9712.2 Tick2= 9712.29 Tick3= 9712.08 Tick4= 9712.03 Extra= 9712.03 | LossLevel= 0 | LossCount= 0 | Stake= 10 | Regime= 2 | Score= 40 | Reconfirm= 1 | Guard= false | Reason= BLOCK: QUALITY
2026-09-08,10:58:48 GMT,[SCALPER V3] Direction= 2 | RSI= 50 | SMA2= 9711.955000000002 | SMA3= 9711.423333333334 | Points= 0.049999999999272404 | Strength= 560 | Points2= 0.21000000000094587 | Strength2= 560 | Tick1= 9712.29 Tick2= 9712.08 Tick3= 9712.03 Tick4= 9712.08 Extra= 9712.08 | LossLevel= 0 | LossCount= 0 | Stake= 10 | Regime= 1 | Score= 70 | Reconfirm= 1 | Guard= false | Reason= BLOCK: QUALITY
2026-09-08,10:58:48 GMT,[SCALPER V3] Direction= 2 | RSI= 72.22222222239066 | SMA2= 9711.85 | SMA3= 9711.353333333334 | Points= 0.049999999999272404 | Strength= 560 | Points2= 0.049999999999272404 | Strength2= 560 | Tick1= 9712.08 Tick2= 9712.03 Tick3= 9712.08 Tick4= 9711.95 Extra= 9711.95 | LossLevel= 0 | LossCount= 0 | Stake= 10 | Regime= 1 | Score= 50 | Reconfirm= 1 | Guard= false | Reason= BLOCK: QUALITY
2026-09-08,10:58:48 GMT,[SCALPER V3] Direction= 0 | RSI= 44.82758620676678 | SMA2= 9711.825 | SMA3= 9711.336666666668 | Points= 0.12999999999919964 | Strength= 560 | Points2= 0.049999999999272404 | Strength2= 560 | Tick1= 9712.03 Tick2= 9712.08 Tick3= 9711.95 Tick4= 9712.11 Extra= 9712.11 | LossLevel= 0 | LossCount= 0 | Stake= 10 | Regime= 2 | Score= 60 | Reconfirm= 1 | Guard= false | Reason= BLOCK: QUALITY
2026-09-08,10:58:48 GMT,[SCALPER V3] Direction= 2 | RSI= 75.384615384624 | SMA2= 9711.85 | SMA3= 9711.353333333334 | Points= 0.15999999999985448 | Strength= 560 | Points2= 0.12999999999919964 | Strength2= 560 | Tick1= 9712.08 Tick2= 9711.95 Tick3= 9712.11 Tick4= 9711.62 Extra= 9711.62 | LossLevel= 0 | LossCount= 0 | Stake= 10 | Regime= 1 | Score= 80 | Reconfirm= 1 | Guard= false | Reason= BLOCK: QUALITY
2026-09-08,10:58:48 GMT,[SCALPER V3] Direction= 0 | RSI= 100 | SMA2= 9711.865000000002 | SMA3= 9711.363333333335 | Points= 0.4899999999997817 | Strength= 560 | Points2= 0.15999999999985448 | Strength2= 560 | Tick1= 9711.95 Tick2= 9712.11 Tick3= 9711.62 Tick4= 9711.45 Extra= 9711.45 | LossLevel= 0 | LossCount= 0 | Stake= 10 | Regime= 2 | Score= 40 | Reconfirm= 1 | Guard= false | Reason= BLOCK: QUALITY
2026-09-08,10:58:48 GMT,[SCALPER V3] Direction= 2 | RSI= 100 | SMA2= 9711.62 | SMA3= 9711.200000000003 | Points= 0.17000000000007276 | Strength= 560 | Points2= 0.4899999999997817 | Strength2= 560 | Tick1= 9712.11 Tick2= 9711.62 Tick3= 9711.45 Tick4= 9711.41 Extra= 9711.41 | LossLevel= 0 | LossCount= 0 | Stake= 10 | Regime= 2 | Score= 30 | Reconfirm= 1 | Guard= false | Reason= BLOCK: QUALITY
2026-09-08,10:58:48 GMT,[SCALPER V3] Direction= 0 | RSI= 100 | SMA2= 9711.535 | SMA3= 9711.143333333335 | Points= 0.040000000000873115 | Strength= 560 | Points2= 0.17000000000007276 | Strength2= 560 | Tick1= 9711.62 Tick2= 9711.45 Tick3= 9711.41 Tick4= 9711.32 Extra= 9711.32 | LossLevel= 0 | LossCount= 0 | Stake= 10 | Regime= 3 | Score= 10 | Reconfirm= 1 | Guard= false | Reason= BLOCK: QUALITY
2026-09-08,10:58:48 GMT,[SCALPER V3] Direction= 0 | RSI= 100 | SMA2= 9711.515 | SMA3= 9711.130000000001 | Points= 0.09000000000014552 | Strength= 560 | Points2= 0.040000000000873115 | Strength2= 560 | Tick1= 9711.45 Tick2= 9711.41 Tick3= 9711.32 Tick4= 9711.3 Extra= 9711.3 | LossLevel= 0 | LossCount= 0 | Stake= 10 | Regime= 3 | Score= 20 | Reconfirm= 1 | Guard= false | Reason= BLOCK: QUALITY
2026-09-08,10:58:48 GMT,[SCALPER V3] Direction= 0 | RSI= 100 | SMA2= 9711.470000000001 | SMA3= 9711.1 | Points= 0.020000000000436557 | Strength= 560 | Points2= 0.09000000000014552 | Strength2= 560 | Tick1= 9711.41 Tick2= 9711.32 Tick3= 9711.3 Tick4= 9711.28 Extra= 9711.28 | LossLevel= 0 | LossCount= 0 | Stake= 10 | Regime= 3 | Score= 10 | Reconfirm= 1 | Guard= false | Reason= BLOCK: QUALITY
2026-09-08,10:58:48 GMT,[SCALPER V3] Direction= 0 | RSI= 100 | SMA2= 9711.46 | SMA3= 9711.093333333334 | Points= 0.019999999998617568 | Strength= 560 | Points2= 0.020000000000436557 | Strength2= 560 | Tick1= 9711.32 Tick2= 9711.3 Tick3= 9711.28 Tick4= 9711.11 Extra= 9711.11 | LossLevel= 0 | LossCount= 0 | Stake= 10 | Regime= 3 | Score= 10 | Reconfirm= 1 | Guard= false | Reason= BLOCK: QUALITY
2026-09-08,10:58:48 GMT,[SCALPER V3] Direction= 0 | RSI= 100 | SMA2= 9711.45 | SMA3= 9711.086666666668 | Points= 0.17000000000007276 | Strength= 560 | Points2= 0.019999999998617568 | Strength2= 560 | Tick1= 9711.3 Tick2= 9711.28 Tick3= 9711.11 Tick4= 9710.9 Extra= 9710.9 | LossLevel= 0 | LossCount= 0 | Stake= 10 | Regime= 2 | Score= 40 | Reconfirm= 1 | Guard= false | Reason= BLOCK: QUALITY
2026-09-08,10:58:48 GMT,[SCALPER V3] Direction= 0 | RSI= 75.0000000001624 | SMA2= 9711.365000000002 | SMA3= 9711.03 | Points= 0.21000000000094587 | Strength= 560 | Points2= 0.17000000000007276 | Strength2= 560 | Tick1= 9711.28 Tick2= 9711.11 Tick3= 9710.9 Tick4= 9710.97 Extra= 9710.97 | LossLevel= 0 | LossCount= 0 | Stake= 10 | Regime= 1 | Score= 80 | Reconfirm= 1 | Guard= false | Reason= BLOCK: QUALITY
2026-09-08,10:58:48 GMT,[SCALPER V3] Direction= 0 | RSI= 0 | SMA2= 9711.26 | SMA3= 9710.960000000001 | Points= 0.06999999999970896 | Strength= 560 | Points2= 0.21000000000094587 | Strength2= 560 | Tick1= 9711.11 Tick2= 9710.9 Tick3= 9710.97 Tick4= 9711.15 Extra= 9711.15 | LossLevel= 0 | LossCount= 0 | Stake= 10 | Regime= 3 | Score= 10 | Reconfirm= 1 | Guard= false | Reason= BLOCK: QUALITY
2026-09-08,10:58:48 GMT,[SCALPER V3] Direction= 0 | RSI= 37.931034482455814 | SMA2= 9711.295 | SMA3= 9710.983333333335 | Points= 0.18000000000029104 | Strength= 560 | Points2= 0.06999999999970896 | Strength2= 560 | Tick1= 9710.9 Tick2= 9710.97 Tick3= 9711.15 Tick4= 9711.04 Extra= 9711.04 | LossLevel= 0 | LossCount= 0 | Stake= 10 | Regime= 2 | Score= 60 | Reconfirm= 1 | Guard= false | Reason= BLOCK: QUALITY
2026-09-08,10:58:48 GMT,[SCALPER V3] Direction= 0 | RSI= 14.86486486473865 | SMA2= 9711.385 | SMA3= 9711.043333333335 | Points= 0.10999999999876309 | Strength= 560 | Points2= 0.18000000000029104 | Strength2= 560 | Tick1= 9710.97 Tick2= 9711.15 Tick3= 9711.04 Tick4= 9711.67 Extra= 9711.67 | LossLevel= 0 | LossCount= 0 | Stake= 10 | Regime= 3 | Score= 10 | Reconfirm= 1 | Guard= false | Reason= BLOCK: QUALITY
2026-09-08,10:58:48 GMT,[SCALPER V3] Direction= 0 | RSI= 14.864864864947918 | SMA2= 9711.330000000002 | SMA3= 9711.006666666668 | Points= 0.6299999999991996 | Strength= 560 | Points2= 0.10999999999876309 | Strength2= 560 | Tick1= 9711.15 Tick2= 9711.04 Tick3= 9711.67 Tick4= 9711.56 Extra= 9711.56 | LossLevel= 0 | LossCount= 0 | Stake= 10 | Regime= 2 | Score= 40 | Reconfirm= 1 | Guard= false | Reason= BLOCK: QUALITY
2026-09-08,10:58:48 GMT,[SCALPER V3] Direction= 0 | RSI= 100 | SMA2= 9711.645 | SMA3= 9711.216666666667 | Points= 0.11000000000058208 | Strength= 560 | Points2= 0.6299999999991996 | Strength2= 560 | Tick1= 9711.04 Tick2= 9711.67 Tick3= 9711.56 Tick4= 9711.56 Extra= 9711.56 | LossLevel= 0 | LossCount= 0 | Stake= 10 | Regime= 3 | Score= 10 | Reconfirm= 1 | Guard= false | Reason= BLOCK: QUALITY
2026-09-08,10:58:48 GMT,[SCALPER V3] Direction= 0 | RSI= 100 | SMA2= 9711.59 | SMA3= 9711.18 | Points= 0 | Strength= 560 | Points2= 0.11000000000058208 | Strength2= 560 | Tick1= 9711.67 Tick2= 9711.56 Tick3= 9711.56 Tick4= 9711.53 Extra= 9711.53 | LossLevel= 0 | LossCount= 0 | Stake= 10 | Regime= 3 | Score= 10 | Reconfirm= 1 | Guard= false | Reason= BLOCK: QUALITY
2026-09-08,10:58:48 GMT,[SCALPER V3] Direction= 0 | RSI= 24.999999999242092 | SMA2= 9711.59 | SMA3= 9711.18 | Points= 0.029999999998835847 | Strength= 560 | Points2= 0 | Strength2= 560 | Tick1= 9711.56 Tick2= 9711.56 Tick3= 9711.53 Tick4= 9711.62 Extra= 9711.62 | LossLevel= 0 | LossCount= 0 | Stake= 10 | Regime= 3 | Score= 20 | Reconfirm= 1 | Guard= false | Reason= BLOCK: QUALITY
2026-09-08,10:58:48 GMT,[SCALPER V3] Direction= 0 | RSI= 75.67567567568896 | SMA2= 9711.575 | SMA3= 9711.17 | Points= 0.09000000000014552 | Strength= 560 | Points2= 0.029999999998835847 | Strength2= 560 | Tick1= 9711.56 Tick2= 9711.53 Tick3= 9711.62 Tick4= 9711.34 Extra= 9711.34 | LossLevel= 0 | LossCount= 0 | Stake= 10 | Regime= 3 | Score= 20 | Reconfirm= 1 | Guard= false | Reason= BLOCK: QUALITY
2026-09-08,10:58:48 GMT,[SCALPER V3] Direction= 0 | RSI= 65.11627906987566 | SMA2= 9710.990000000002 | SMA3= 9710.226666666667 | Points= 0.28000000000065484 | Strength= 560 | Points2= 0.09000000000014552 | Strength2= 560 | Tick1= 9711.53 Tick2= 9711.62 Tick3= 9711.34 Tick4= 9711.49 Extra= 9711.49 | LossLevel= 0 | LossCount= 0 | Stake= 10 | Regime= 1 | Score= 100 | Reconfirm= 1 | Guard= false | Reason= BLOCK: QUALITY
2026-09-08,10:58:48 GMT,[SCALPER V3] Direction= 0 | RSI= 54.54545454555476 | SMA2= 9710.85 | SMA3= 9710.133333333333 | Points= 0.1499999999996362 | Strength= 560 | Points2= 0.28000000000065484 | Strength2= 560 | Tick1= 9711.62 Tick2= 9711.34 Tick3= 9711.49 Tick4= 9711.31 Extra= 9711.31 | LossLevel= 0 | LossCount= 0 | Stake= 10 | Regime= 1 | Score= 90 | Reconfirm= 1 | Guard= false | Reason= BLOCK: QUALITY
2026-09-08,10:58:48 GMT,[SCALPER V3] Direction= 0 | RSI= 54.54545454555476 | SMA2= 9710.925 | SMA3= 9710.183333333334 | Points= 0.18000000000029104 | Strength= 560 | Points2= 0.1499999999996362 | Strength2= 560 | Tick1= 9711.34 Tick2= 9711.49 Tick3= 9711.31 Tick4= 9711.46 Extra= 9711.46 | LossLevel= 0 | LossCount= 0 | Stake= 10 | Regime= 2 | Score= 60 | Reconfirm= 1 | Guard= false | Reason= BLOCK: QUALITY
2026-09-08,10:58:48 GMT,[SCALPER V3] Direction= 0 | RSI= 0 | SMA2= 9710.835 | SMA3= 9710.123333333335 | Points= 0.1499999999996362 | Strength= 560 | Points2= 0.18000000000029104 | Strength2= 560 | Tick1= 9711.49 Tick2= 9711.31 Tick3= 9711.46 Tick4= 9711.62 Extra= 9711.62 | LossLevel= 0 | LossCount= 0 | Stake= 10 | Regime= 2 | Score= 30 | Reconfirm= 1 | Guard= false | Reason= BLOCK: QUALITY
2026-09-08,10:58:48 GMT,[SCALPER V3] Direction= 0 | RSI= 35.99999999979627 | SMA2= 9710.91 | SMA3= 9710.173333333334 | Points= 0.16000000000167347 | Strength= 560 | Points2= 0.1499999999996362 | Strength2= 560 | Tick1= 9711.31 Tick2= 9711.46 Tick3= 9711.62 Tick4= 9711.53 Extra= 9711.53 | LossLevel= 0 | LossCount= 0 | Stake= 10 | Regime= 2 | Score= 60 | Reconfirm= 1 | Guard= false | Reason= BLOCK: QUALITY
2026-09-08,10:58:48 GMT,[SCALPER V3] Direction= 0 | RSI= 34.61538461541153 | SMA2= 9710.990000000002 | SMA3= 9710.226666666667 | Points= 0.09000000000014552 | Strength= 560 | Points2= 0.16000000000167347 | Strength2= 560 | Tick1= 9711.46 Tick2= 9711.62 Tick3= 9711.53 Tick4= 9711.7 Extra= 9711.7 | LossLevel= 0 | LossCount= 0 | Stake= 10 | Regime= 2 | Score= 30 | Reconfirm= 1 | Guard= false | Reason= BLOCK: QUALITY
2026-09-08,10:58:48 GMT,[SCALPER V3] Direction= 0 | RSI= 0 | SMA2= 9710.945 | SMA3= 9710.196666666669 | Points= 0.17000000000007276 | Strength= 560 | Points2= 0.09000000000014552 | Strength2= 560 | Tick1= 9711.62 Tick2= 9711.53 Tick3= 9711.7 Tick4= 9711.74 Extra= 9711.74 | LossLevel= 0 | LossCount= 0 | Stake= 10 | Regime= 2 | Score= 40 | Reconfirm= 1 | Guard= false | Reason= BLOCK: QUALITY
2026-09-08,10:58:48 GMT,[SCALPER V3] Direction= 0 | RSI= 0 | SMA2= 9711.03 | SMA3= 9710.253333333334 | Points= 0.039999999999054126 | Strength= 560 | Points2= 0.17000000000007276 | Strength2= 560 | Tick1= 9711.53 Tick2= 9711.7 Tick3= 9711.74 Tick4= 9712.02 Extra= 9712.02 | LossLevel= 0 | LossCount= 0 | Stake= 10 | Regime= 3 | Score= 10 | Reconfirm= 1 | Guard= false | Reason= BLOCK: QUALITY
2026-09-08,10:58:48 GMT,[SCALPER V3] Direction= 0 | RSI= 12.500000000213163 | SMA2= 9711.05 | SMA3= 9710.266666666668 | Points= 0.28000000000065484 | Strength= 560 | Points2= 0.039999999999054126 | Strength2= 560 | Tick1= 9711.7 Tick2= 9711.74 Tick3= 9712.02 Tick4= 9711.98 Extra= 9711.98 | LossLevel= 0 | LossCount= 0 | Stake= 10 | Regime= 2 | Score= 40 | Reconfirm= 1 | Guard= false | Reason= BLOCK: QUALITY
2026-09-08,10:58:48 GMT,[SCALPER V3] Direction= 0 | RSI= 100 | SMA2= 9711.19 | SMA3= 9710.36 | Points= 0.040000000000873115 | Strength= 560 | Points2= 0.28000000000065484 | Strength2= 560 | Tick1= 9711.74 Tick2= 9712.02 Tick3= 9711.98 Tick4= 9711.71 Extra= 9711.71 | LossLevel= 0 | LossCount= 0 | Stake= 10 | Regime= 3 | Score= 10 | Reconfirm= 1 | Guard= false | Reason= BLOCK: QUALITY
2026-09-08,10:58:48 GMT,[SCALPER V3] Direction= 2 | RSI= 100 | SMA2= 9711.17 | SMA3= 9710.346666666666 | Points= 0.27000000000043656 | Strength= 560 | Points2= 0.040000000000873115 | Strength2= 560 | Tick1= 9712.02 Tick2= 9711.98 Tick3= 9711.71 Tick4= 9711.65 Extra= 9711.65 | LossLevel= 0 | LossCount= 0 | Stake= 10 | Regime= 2 | Score= 40 | Reconfirm= 1 | Guard= false | Reason= BLOCK: QUALITY
2026-09-08,10:58:48 GMT,[SCALPER V3] Direction= 2 | RSI= 100 | SMA2= 9711.035 | SMA3= 9710.256666666666 | Points= 0.05999999999949068 | Strength= 560 | Points2= 0.27000000000043656 | Strength2= 560 | Tick1= 9711.98 Tick2= 9711.71 Tick3= 9711.65 Tick4= 9711.61 Extra= 9711.61 | LossLevel= 0 | LossCount= 0 | Stake= 10 | Regime= 3 | Score= 10 | Reconfirm= 1 | Guard= false | Reason= BLOCK: QUALITY
2026-09-08,10:58:48 GMT,[SCALPER V3] Direction= 2 | RSI= 100 | SMA2= 9711.005000000001 | SMA3= 9710.236666666666 | Points= 0.039999999999054126 | Strength= 560 | Points2= 0.05999999999949068 | Strength2= 560 | Tick1= 9711.71 Tick2= 9711.65 Tick3= 9711.61 Tick4= 9711.54 Extra= 9711.54 | LossLevel= 0 | LossCount= 0 | Stake= 10 | Regime= 3 | Score= 10 | Reconfirm= 1 | Guard= false | Reason= BLOCK: QUALITY
2026-09-08,10:58:48 GMT,[SCALPER V3] Direction= 0 | RSI= 100 | SMA2= 9710.985 | SMA3= 9710.223333333333 | Points= 0.06999999999970896 | Strength= 560 | Points2= 0.039999999999054126 | Strength2= 560 | Tick1= 9711.65 Tick2= 9711.61 Tick3= 9711.54 Tick4= 9711.52 Extra= 9711.52 | LossLevel= 0 | LossCount= 0 | Stake= 10 | Regime= 3 | Score= 20 | Reconfirm= 1 | Guard= false | Reason= BLOCK: QUALITY
2026-09-08,10:58:48 GMT,[SCALPER V3] Direction= 0 | RSI= 100 | SMA2= 9710.95 | SMA3= 9710.2 | Points= 0.020000000000436557 | Strength= 560 | Points2= 0.06999999999970896 | Strength2= 560 | Tick1= 9711.61 Tick2= 9711.54 Tick3= 9711.52 Tick4= 9711.39 Extra= 9711.39 | LossLevel= 0 | LossCount= 0 | Stake= 10 | Regime= 3 | Score= 10 | Reconfirm= 1 | Guard= false | Reason= BLOCK: QUALITY
2026-09-08,10:58:48 GMT,[SCALPER V3] Direction= 0 | RSI= 100 | SMA2= 9710.94 | SMA3= 9710.193333333335 | Points= 0.13000000000101863 | Strength= 560 | Points2= 0.020000000000436557 | Strength2= 560 | Tick1= 9711.54 Tick2= 9711.52 Tick3= 9711.39 Tick4= 9711.27 Extra= 9711.27 | LossLevel= 0 | LossCount= 0 | Stake= 10 | Regime= 2 | Score= 40 | Reconfirm= 1 | Guard= false | Reason= BLOCK: QUALITY
2026-09-08,10:58:48 GMT,[SCALPER V3] Direction= 0 | RSI= 75.00000000028422 | SMA2= 9710.875 | SMA3= 9710.15 | Points= 0.11999999999898137 | Strength= 560 | Points2= 0.13000000000101863 | Strength2= 560 | Tick1= 9711.52 Tick2= 9711.39 Tick3= 9711.27 Tick4= 9711.31 Extra= 9711.31 | LossLevel= 0 | LossCount= 0 | Stake= 10 | Regime= 3 | Score= 10 | Reconfirm= 1 | Guard= false | Reason= BLOCK: QUALITY
2026-09-08,10:58:48 GMT,[SCALPER V3] Direction= 0 | RSI= 87.0967741937566 | SMA2= 9710.815 | SMA3= 9710.11 | Points= 0.039999999999054126 | Strength= 560 | Points2= 0.11999999999898137 | Strength2= 560 | Tick1= 9711.39 Tick2= 9711.27 Tick3= 9711.31 Tick4= 9711.04 Extra= 9711.04 | LossLevel= 0 | LossCount= 0 | Stake= 10 | Regime= 3 | Score= 10 | Reconfirm= 1 | Guard= false | Reason= BLOCK: QUALITY
2026-09-08,10:58:48 GMT,[SCALPER V3] Direction= 0 | RSI= 100 | SMA2= 9710.835 | SMA3= 9710.123333333335 | Points= 0.26999999999861757 | Strength= 560 | Points2= 0.039999999999054126 | Strength2= 560 | Tick1= 9711.27 Tick2= 9711.31 Tick3= 9711.04 Tick4= 9711 Extra= 9711 | LossLevel= 0 | LossCount= 0 | Stake= 10 | Regime= 2 | Score= 40 | Reconfirm= 1 | Guard= false | Reason= BLOCK: QUALITY
2026-09-08,10:58:48 GMT,[SCALPER V3] Direction= 0 | RSI= 100 | SMA2= 9710.7 | SMA3= 9710.033333333335 | Points= 0.040000000000873115 | Strength= 560 | Points2= 0.26999999999861757 | Strength2= 560 | Tick1= 9711.31 Tick2= 9711.04 Tick3= 9711 Tick4= 9710.87 Extra= 9710.87 | LossLevel= 0 | LossCount= 0 | Stake= 10 | Regime= 3 | Score= 10 | Reconfirm= 1 | Guard= false | Reason= BLOCK: QUALITY
2026-09-08,10:58:48 GMT,[SCALPER V3] Direction= 0 | RSI= 100 | SMA2= 9710.68 | SMA3= 9710.02 | Points= 0.12999999999919964 | Strength= 560 | Points2= 0.040000000000873115 | Strength2= 560 | Tick1= 9711.04 Tick2= 9711 Tick3= 9710.87 Tick4= 9710.85 Extra= 9710.85 | LossLevel= 0 | LossCount= 0 | Stake= 10 | Regime= 2 | Score= 40 | Reconfirm= 1 | Guard= false | Reason= BLOCK: QUALITY
2026-09-08,10:58:48 GMT,[SCALPER V3] Direction= 0 | RSI= 40.00000000145519 | SMA2= 9710.615000000002 | SMA3= 9709.976666666667 | Points= 0.020000000000436557 | Strength= 560 | Points2= 0.12999999999919964 | Strength2= 560 | Tick1= 9711 Tick2= 9710.87 Tick3= 9710.85 Tick4= 9710.88 Extra= 9710.88 | LossLevel= 0 | LossCount= 0 | Stake= 10 | Regime= 1 | Score= 70 | Reconfirm= 1 | Guard= false | Reason= BLOCK: QUALITY
2026-09-08,10:58:48 GMT,[SCALPER V3] Direction= 0 | RSI= 81.25000000049738 | SMA2= 9710.605 | SMA3= 9709.970000000001 | Points= 0.029999999998835847 | Strength= 560 | Points2= 0.020000000000436557 | Strength2= 560 | Tick1= 9710.87 Tick2= 9710.85 Tick3= 9710.88 Tick4= 9710.75 Extra= 9710.75 | LossLevel= 0 | LossCount= 0 | Stake= 10 | Regime= 3 | Score= 20 | Reconfirm= 1 | Guard= false | Reason= BLOCK: QUALITY
2026-09-08,10:58:48 GMT,[SCALPER V3] Direction= 0 | RSI= 100 | SMA2= 9710.619999999999 | SMA3= 9709.980000000001 | Points= 0.12999999999919964 | Strength= 560 | Points2= 0.029999999998835847 | Strength2= 560 | Tick1= 9710.85 Tick2= 9710.88 Tick3= 9710.75 Tick4= 9710.71 Extra= 9710.71 | LossLevel= 0 | LossCount= 0 | Stake= 10 | Regime= 2 | Score= 40 | Reconfirm= 1 | Guard= false | Reason= BLOCK: QUALITY
2026-09-08,10:58:48 GMT,[SCALPER V3] Direction= 0 | RSI= 100 | SMA2= 9710.555 | SMA3= 9709.936666666666 | Points= 0.040000000000873115 | Strength= 560 | Points2= 0.12999999999919964 | Strength2= 560 | Tick1= 9710.88 Tick2= 9710.75 Tick3= 9710.71 Tick4= 9710.52 Extra= 9710.52 | LossLevel= 0 | LossCount= 0 | Stake= 10 | Regime= 3 | Score= 10 | Reconfirm= 1 | Guard= false | Reason= BLOCK: QUALITY
2026-09-08,10:58:48 GMT,[SCALPER V3] Direction= 0 | RSI= 79.16666666679299 | SMA2= 9710.535 | SMA3= 9709.923333333334 | Points= 0.18999999999869033 | Strength= 560 | Points2= 0.040000000000873115 | Strength2= 560 | Tick1= 9710.75 Tick2= 9710.71 Tick3= 9710.52 Tick4= 9710.57 Extra= 9710.57 | LossLevel= 0 | LossCount= 0 | Stake= 10 | Regime= 1 | Score= 80 | Reconfirm= 1 | Guard= false | Reason= BLOCK: QUALITY
2026-09-08,10:58:48 GMT,[SCALPER V3] Direction= 0 | RSI= 0 | SMA2= 9710.44 | SMA3= 9709.86 | Points= 0.049999999999272404 | Strength= 560 | Points2= 0.18999999999869033 | Strength2= 560 | Tick1= 9710.71 Tick2= 9710.52 Tick3= 9710.57 Tick4= 9710.74 Extra= 9710.74 | LossLevel= 0 | LossCount= 0 | Stake= 10 | Regime= 3 | Score= 10 | Reconfirm= 1 | Guard= false | Reason= BLOCK: QUALITY
2026-09-08,10:58:48 GMT,[SCALPER V3] Direction= 0 | RSI= 50 | SMA2= 9710.465 | SMA3= 9709.876666666667 | Points= 0.17000000000007276 | Strength= 560 | Points2= 0.049999999999272404 | Strength2= 560 | Tick1= 9710.52 Tick2= 9710.57 Tick3= 9710.74 Tick4= 9710.57 Extra= 9710.57 | LossLevel= 0 | LossCount= 0 | Stake= 10 | Regime= 2 | Score= 60 | Reconfirm= 1 | Guard= false | Reason= BLOCK: QUALITY
2026-09-08,10:58:48 GMT,[SCALPER V3] Direction= 0 | RSI= 94.44444444433216 | SMA2= 9710.55 | SMA3= 9709.933333333334 | Points= 0.17000000000007276 | Strength= 560 | Points2= 0.17000000000007276 | Strength2= 560 | Tick1= 9710.57 Tick2= 9710.74 Tick3= 9710.57 Tick4= 9710.58 Extra= 9710.58 | LossLevel= 0 | LossCount= 0 | Stake= 10 | Regime= 2 | Score= 30 | Reconfirm= 1 | Guard= false | Reason= BLOCK: QUALITY
2026-09-08,10:58:48 GMT,[SCALPER V3] Direction= 0 | RSI= 0 | SMA2= 9710.465 | SMA3= 9709.876666666667 | Points= 0.010000000000218279 | Strength= 560 | Points2= 0.17000000000007276 | Strength2= 560 | Tick1= 9710.74 Tick2= 9710.57 Tick3= 9710.58 Tick4= 9710.63 Extra= 9710.63 | LossLevel= 0 | LossCount= 0 | Stake= 10 | Regime= 3 | Score= 10 | Reconfirm= 1 | Guard= false | Reason= BLOCK: QUALITY
2026-09-08,10:58:48 GMT,[SCALPER V3] Direction= 0 | RSI= 0 | SMA2= 9710.470000000001 | SMA3= 9709.88 | Points= 0.049999999999272404 | Strength= 560 | Points2= 0.010000000000218279 | Strength2= 560 | Tick1= 9710.57 Tick2= 9710.58 Tick3= 9710.63 Tick4= 9710.84 Extra= 9710.84 | LossLevel= 0 | LossCount= 0 | Stake= 10 | Regime= 3 | Score= 20 | Reconfirm= 1 | Guard= false | Reason= BLOCK: QUALITY
2026-09-08,10:58:48 GMT,[SCALPER V3] Direction= 0 | RSI= 0 | SMA2= 9710.494999999999 | SMA3= 9709.896666666667 | Points= 0.21000000000094587 | Strength= 560 | Points2= 0.049999999999272404 | Strength2= 560 | Tick1= 9710.58 Tick2= 9710.63 Tick3= 9710.84 Tick4= 9710.96 Extra= 9710.96 | LossLevel= 0 | LossCount= 0 | Stake= 10 | Regime= 2 | Score= 40 | Reconfirm= 1 | Guard= false | Reason= BLOCK: QUALITY
2026-09-08,10:58:48 GMT,[SCALPER V3] Direction= 0 | RSI= 36.84210526325867 | SMA2= 9710.6 | SMA3= 9709.966666666667 | Points= 0.11999999999898137 | Strength= 560 | Points2= 0.21000000000094587 | Strength2= 560 | Tick1= 9710.63 Tick2= 9710.84 Tick3= 9710.96 Tick4= 9710.89 Extra= 9710.89 | LossLevel= 0 | LossCount= 0 | Stake= 10 | Regime= 2 | Score= 30 | Reconfirm= 1 | Guard= false | Reason= BLOCK: QUALITY
2026-09-08,10:58:48 GMT,[SCALPER V3] Direction= 0 | RSI= 100 | SMA2= 9710.66 | SMA3= 9710.006666666666 | Points= 0.06999999999970896 | Strength= 560 | Points2= 0.11999999999898137 | Strength2= 560 | Tick1= 9710.84 Tick2= 9710.96 Tick3= 9710.89 Tick4= 9710.76 Extra= 9710.76 | LossLevel= 0 | LossCount= 0 | Stake= 10 | Regime= 3 | Score= 10 | Reconfirm= 1 | Guard= false | Reason= BLOCK: QUALITY
2026-09-08,10:58:48 GMT,[SCALPER V3] Direction= 0 | RSI= 100 | SMA2= 9710.625 | SMA3= 9709.983333333334 | Points= 0.12999999999919964 | Strength= 560 | Points2= 0.06999999999970896 | Strength2= 560 | Tick1= 9710.96 Tick2= 9710.89 Tick3= 9710.76 Tick4= 9710.57 Extra= 9710.57 | LossLevel= 0 | LossCount= 0 | Stake= 10 | Regime= 2 | Score= 40 | Reconfirm= 1 | Guard= false | Reason= BLOCK: QUALITY
2026-09-08,10:58:48 GMT,[SCALPER V3] Direction= 0 | RSI= 79.16666666635086 | SMA2= 9710.560000000001 | SMA3= 9709.94 | Points= 0.19000000000050932 | Strength= 560 | Points2= 0.12999999999919964 | Strength2= 560 | Tick1= 9710.89 Tick2= 9710.76 Tick3= 9710.57 Tick4= 9710.62 Extra= 9710.62 | LossLevel= 0 | LossCount= 0 | Stake= 10 | Regime= 1 | Score= 80 | Reconfirm= 1 | Guard= false | Reason= BLOCK: QUALITY
2026-09-08,10:58:48 GMT,[SCALPER V3] Direction= 0 | RSI= 0 | SMA2= 9710.465 | SMA3= 9709.876666666667 | Points= 0.050000000001091394 | Strength= 560 | Points2= 0.19000000000050932 | Strength2= 560 | Tick1= 9710.76 Tick2= 9710.57 Tick3= 9710.62 Tick4= 9710.62 Extra= 9710.62 | LossLevel= 0 | LossCount= 0 | Stake= 10 | Regime= 3 | Score= 10 | Reconfirm= 1 | Guard= false | Reason= BLOCK: QUALITY
2026-09-08,10:58:48 GMT,[SCALPER V3] Direction= 0 | RSI= 100 | SMA2= 9710.490000000002 | SMA3= 9709.893333333333 | Points= 0 | Strength= 560 | Points2= 0.050000000001091394 | Strength2= 560 | Tick1= 9710.57 Tick2= 9710.62 Tick3= 9710.62 Tick4= 9710.6 Extra= 9710.6 | LossLevel= 0 | LossCount= 0 | Stake= 10 | Regime= 3 | Score= 10 | Reconfirm= 1 | Guard= false | Reason= BLOCK: QUALITY
2026-09-08,10:58:48 GMT,[SCALPER V3] Direction= 0 | RSI= 100 | SMA2= 9710.490000000002 | SMA3= 9709.893333333333 | Points= 0.020000000000436557 | Strength= 560 | Points2= 0 | Strength2= 560 | Tick1= 9710.62 Tick2= 9710.62 Tick3= 9710.6 Tick4= 9710.55 Extra= 9710.55 | LossLevel= 0 | LossCount= 0 | Stake= 10 | Regime= 3 | Score= 20 | Reconfirm= 1 | Guard= false | Reason= BLOCK: QUALITY
2026-09-08,10:58:48 GMT,[SCALPER V3] Direction= 0 | RSI= 100 | SMA2= 9710.48 | SMA3= 9709.886666666667 | Points= 0.050000000001091394 | Strength= 560 | Points2= 0.020000000000436557 | Strength2= 560 | Tick1= 9710.62 Tick2= 9710.6 Tick3= 9710.55 Tick4= 9710.49 Extra= 9710.49 | LossLevel= 0 | LossCount= 0 | Stake= 10 | Regime= 3 | Score= 20 | Reconfirm= 1 | Guard= false | Reason= BLOCK: QUALITY
2026-09-08,10:58:48 GMT,[SCALPER V3] Direction= 0 | RSI= 42.857142856957246 | SMA2= 9710.455 | SMA3= 9709.87 | Points= 0.05999999999949068 | Strength= 560 | Points2= 0.050000000001091394 | Strength2= 560 | Tick1= 9710.6 Tick2= 9710.55 Tick3= 9710.49 Tick4= 9710.57 Extra= 9710.57 | LossLevel= 0 | LossCount= 0 | Stake= 10 | Regime= 1 | Score= 80 | Reconfirm= 1 | Guard= false | Reason= BLOCK: QUALITY
2026-09-08,10:58:48 GMT,[SCALPER V3] Direction= 0 | RSI= 63.63636363628847 | SMA2= 9710.425 | SMA3= 9709.85 | Points= 0.07999999999992724 | Strength= 560 | Points2= 0.05999999999949068 | Strength2= 560 | Tick1= 9710.55 Tick2= 9710.49 Tick3= 9710.57 Tick4= 9710.43 Extra= 9710.43 | LossLevel= 0 | LossCount= 0 | Stake= 10 | Regime= 1 | Score= 80 | Reconfirm= 1 | Guard= false | Reason= BLOCK: QUALITY
2026-09-08,10:58:48 GMT,[SCALPER V3] Direction= 0 | RSI= 93.33333333317165 | SMA2= 9710.465 | SMA3= 9709.876666666667 | Points= 0.13999999999941792 | Strength= 560 | Points2= 0.07999999999992724 | Strength2= 560 | Tick1= 9710.49 Tick2= 9710.57 Tick3= 9710.43 Tick4= 9710.44 Extra= 9710.44 | LossLevel= 0 | LossCount= 0 | Stake= 10 | Regime= 1 | Score= 80 | Reconfirm= 1 | Guard= false | Reason= BLOCK: QUALITY
2026-09-08,10:58:48 GMT,[SCALPER V3] Direction= 0 | RSI= 0 | SMA2= 9710.395 | SMA3= 9709.83 | Points= 0.010000000000218279 | Strength= 560 | Points2= 0.13999999999941792 | Strength2= 560 | Tick1= 9710.57 Tick2= 9710.43 Tick3= 9710.44 Tick4= 9710.8 Extra= 9710.8 | LossLevel= 0 | LossCount= 0 | Stake= 10 | Regime= 3 | Score= 10 | Reconfirm= 1 | Guard= false | Reason= BLOCK: QUALITY
2026-09-08,10:58:48 GMT,[SCALPER V3] Direction= 0 | RSI= 0 | SMA2= 9710.400000000001 | SMA3= 9709.833333333334 | Points= 0.3599999999987631 | Strength= 560 | Points2= 0.010000000000218279 | Strength2= 560 | Tick1= 9710.43 Tick2= 9710.44 Tick3= 9710.8 Tick4= 9710.93 Extra= 9710.93 | LossLevel= 0 | LossCount= 0 | Stake= 10 | Regime= 2 | Score= 40 | Reconfirm= 1 | Guard= false | Reason= BLOCK: QUALITY
2026-09-08,10:58:48 GMT,[SCALPER V3] Direction= 0 | RSI= 0 | SMA2= 9710.58 | SMA3= 9709.953333333333 | Points= 0.13000000000101863 | Strength= 560 | Points2= 0.3599999999987631 | Strength2= 560 | Tick1= 9710.44 Tick2= 9710.8 Tick3= 9710.93 Tick4= 9711.16 Extra= 9711.16 | LossLevel= 0 | LossCount= 0 | Stake= 10 | Regime= 2 | Score= 30 | Reconfirm= 1 | Guard= false | Reason= BLOCK: QUALITY
2026-09-08,10:58:48 GMT,[SCALPER V3] Direction= 0 | RSI= 32.35294117662794 | SMA2= 9710.645 | SMA3= 9709.996666666668 | Points= 0.22999999999956344 | Strength= 560 | Points2= 0.13000000000101863 | Strength2= 560 | Tick1= 9710.8 Tick2= 9710.93 Tick3= 9711.16 Tick4= 9711.05 Extra= 9711.05 | LossLevel= 0 | LossCount= 0 | Stake= 10 | Regime= 2 | Score= 60 | Reconfirm= 1 | Guard= false | Reason= BLOCK: QUALITY
2026-09-08,10:58:48 GMT,[SCALPER V3] Direction= 0 | RSI= 35.483870967779794 | SMA2= 9710.76 | SMA3= 9710.073333333334 | Points= 0.11000000000058208 | Strength= 560 | Points2= 0.22999999999956344 | Strength2= 560 | Tick1= 9710.93 Tick2= 9711.16 Tick3= 9711.05 Tick4= 9711.25 Extra= 9711.25 | LossLevel= 0 | LossCount= 0 | Stake= 10 | Regime= 2 | Score= 30 | Reconfirm= 1 | Guard= false | Reason= BLOCK: QUALITY
2026-09-08,10:58:48 GMT,[SCALPER V3] Direction= 0 | RSI= 59.18367346937261 | SMA2= 9710.705 | SMA3= 9710.036666666667 | Points= 0.2000000000007276 | Strength= 560 | Points2= 0.11000000000058208 | Strength2= 560 | Tick1= 9711.16 Tick2= 9711.05 Tick3= 9711.25 Tick4= 9710.96 Extra= 9710.96 | LossLevel= 0 | LossCount= 0 | Stake= 10 | Regime= 1 | Score= 100 | Reconfirm= 1 | Guard= false | Reason= BLOCK: QUALITY
2026-09-08,10:58:48 GMT,[SCALPER V3] Direction= 0 | RSI= 82.85714285687558 | SMA2= 9710.805 | SMA3= 9710.103333333334 | Points= 0.2900000000008731 | Strength= 560 | Points2= 0.2000000000007276 | Strength2= 560 | Tick1= 9711.05 Tick2= 9711.25 Tick3= 9710.96 Tick4= 9711.02 Extra= 9711.02 | LossLevel= 0 | LossCount= 0 | Stake= 10 | Regime= 1 | Score= 80 | Reconfirm= 1 | Guard= false | Reason= BLOCK: QUALITY
2026-09-08,10:58:48 GMT,[SCALPER V3] Direction= 0 | RSI= 39.99999999999999 | SMA2= 9710.66 | SMA3= 9710.006666666666 | Points= 0.06000000000130967 | Strength= 560 | Points2= 0.2900000000008731 | Strength2= 560 | Tick1= 9711.25 Tick2= 9710.96 Tick3= 9711.02 Tick4= 9710.98 Extra= 9710.98 | LossLevel= 0 | LossCount= 0 | Stake= 10 | Regime= 1 | Score= 70 | Reconfirm= 1 | Guard= false | Reason= BLOCK: QUALITY
2026-09-08,10:58:48 GMT,[SCALPER V3] Direction= 0 | RSI= 100 | SMA2= 9710.69 | SMA3= 9710.026666666667 | Points= 0.040000000000873115 | Strength= 560 | Points2= 0.06000000000130967 | Strength2= 560 | Tick1= 9710.96 Tick2= 9711.02 Tick3= 9710.98 Tick4= 9710.82 Extra= 9710.82 | LossLevel= 0 | LossCount= 0 | Stake= 10 | Regime= 3 | Score= 10 | Reconfirm= 1 | Guard= false | Reason= BLOCK: QUALITY
2026-09-08,10:58:48 GMT,[SCALPER V3] Direction= 0 | RSI= 100 | SMA2= 9710.67 | SMA3= 9710.013333333334 | Points= 0.15999999999985448 | Strength= 560 | Points2= 0.040000000000873115 | Strength2= 560 | Tick1= 9711.02 Tick2= 9710.98 Tick3= 9710.82 Tick4= 9710.63 Extra= 9710.63 | LossLevel= 0 | LossCount= 0 | Stake= 10 | Regime= 2 | Score= 40 | Reconfirm= 1 | Guard= false | Reason= BLOCK: QUALITY
2026-09-08,10:58:48 GMT,[SCALPER V3] Direction= 0 | RSI= 100 | SMA2= 9710.59 | SMA3= 9709.960000000001 | Points= 0.19000000000050932 | Strength= 560 | Points2= 0.15999999999985448 | Strength2= 560 | Tick1= 9710.98 Tick2= 9710.82 Tick3= 9710.63 Tick4= 9710.62 Extra= 9710.62 | LossLevel= 0 | LossCount= 0 | Stake= 10 | Regime= 2 | Score= 40 | Reconfirm= 1 | Guard= false | Reason= BLOCK: QUALITY
2026-09-08,10:58:48 GMT,[SCALPER V3] Direction= 0 | RSI= 33.33333333131223 | SMA2= 9710.494999999999 | SMA3= 9709.896666666667 | Points= 0.00999999999839929 | Strength= 560 | Points2= 0.19000000000050932 | Strength2= 560 | Tick1= 9710.82 Tick2= 9710.63 Tick3= 9710.62 Tick4= 9710.64 Extra= 9710.64 | LossLevel= 0 | LossCount= 0 | Stake= 10 | Regime= 1 | Score= 70 | Reconfirm= 1 | Guard= false | Reason= BLOCK: QUALITY
2026-09-08,10:58:48 GMT,[SCALPER V3] Direction= 0 | RSI= 0 | SMA2= 9710.490000000002 | SMA3= 9709.893333333333 | Points= 0.019999999998617568 | Strength= 560 | Points2= 0.00999999999839929 | Strength2= 560 | Tick1= 9710.63 Tick2= 9710.62 Tick3= 9710.64 Tick4= 9710.66 Extra= 9710.66 | LossLevel= 0 | LossCount= 0 | Stake= 10 | Regime= 3 | Score= 20 | Reconfirm= 1 | Guard= false | Reason= BLOCK: QUALITY
2026-09-08,10:58:48 GMT,[SCALPER V3] Direction= 0 | RSI= 90.90909090894058 | SMA2= 9710.5 | SMA3= 9709.9 | Points= 0.020000000000436557 | Strength= 560 | Points2= 0.019999999998617568 | Strength2= 560 | Tick1= 9710.62 Tick2= 9710.64 Tick3= 9710.66 Tick4= 9710.46 Extra= 9710.46 | LossLevel= 0 | LossCount= 0 | Stake= 10 | Regime= 3 | Score= 20 | Reconfirm= 1 | Guard= false | Reason= BLOCK: QUALITY
2026-09-08,10:58:48 GMT,[SCALPER V3] Direction= 0 | RSI= 100 | SMA2= 9710.51 | SMA3= 9709.906666666668 | Points= 0.2000000000007276 | Strength= 560 | Points2= 0.020000000000436557 | Strength2= 560 | Tick1= 9710.64 Tick2= 9710.66 Tick3= 9710.46 Tick4= 9710.45 Extra= 9710.45 | LossLevel= 0 | LossCount= 0 | Stake= 10 | Regime= 2 | Score= 40 | Reconfirm= 1 | Guard= false | Reason= BLOCK: QUALITY
2026-09-08,10:58:48 GMT,[SCALPER V3] Direction= 0 | RSI= 100 | SMA2= 9710.41 | SMA3= 9709.84 | Points= 0.00999999999839929 | Strength= 560 | Points2= 0.2000000000007276 | Strength2= 560 | Tick1= 9710.66 Tick2= 9710.46 Tick3= 9710.45 Tick4= 9710.36 Extra= 9710.36 | LossLevel= 0 | LossCount= 0 | Stake= 10 | Regime= 3 | Score= 10 | Reconfirm= 1 | Guard= false | Reason= BLOCK: QUALITY
2026-09-08,10:58:48 GMT,[SCALPER V3] Direction= 0 | RSI= 32.14285714304276 | SMA2= 9710.405 | SMA3= 9709.836666666668 | Points= 0.09000000000014552 | Strength= 560 | Points2= 0.00999999999839929 | Strength2= 560 | Tick1= 9710.46 Tick2= 9710.45 Tick3= 9710.36 Tick4= 9710.55 Extra= 9710.55 | LossLevel= 0 | LossCount= 0 | Stake= 10 | Regime= 2 | Score= 40 | Reconfirm= 1 | Guard= false | Reason= BLOCK: QUALITY
2026-09-08,10:58:48 GMT,[SCALPER V3] Direction= 0 | RSI= 13.636363635987806 | SMA2= 9709.53 | SMA3= 9708.906666666668 | Points= 0.18999999999869033 | Strength= 560 | Points2= 0.09000000000014552 | Strength2= 560 | Tick1= 9710.45 Tick2= 9710.36 Tick3= 9710.55 Tick4= 9710.52 Extra= 9710.52 | LossLevel= 0 | LossCount= 0 | Stake= 10 | Regime= 2 | Score= 40 | Reconfirm= 1 | Guard= false | Reason= BLOCK: QUALITY
2026-09-08,10:58:48 GMT,[SCALPER V3] Direction= 0 | RSI= 100 | SMA2= 9709.625 | SMA3= 9708.97 | Points= 0.029999999998835847 | Strength= 560 | Points2= 0.18999999999869033 | Strength2= 560 | Tick1= 9710.36 Tick2= 9710.55 Tick3= 9710.52 Tick4= 9710.34 Extra= 9710.34 | LossLevel= 0 | LossCount= 0 | Stake= 10 | Regime= 3 | Score= 10 | Reconfirm= 1 | Guard= false | Reason= BLOCK: QUALITY
2026-09-08,10:58:48 GMT,[SCALPER V3] Direction= 0 | RSI= 46.15384615398966 | SMA2= 9709.61 | SMA3= 9708.960000000001 | Points= 0.18000000000029104 | Strength= 560 | Points2= 0.029999999998835847 | Strength2= 560 | Tick1= 9710.55 Tick2= 9710.52 Tick3= 9710.34 Tick4= 9710.55 Extra= 9710.55 | LossLevel= 0 | LossCount= 0 | Stake= 10 | Regime= 2 | Score= 60 | Reconfirm= 1 | Guard= false | Reason= BLOCK: QUALITY
2026-09-08,10:58:48 GMT,[SCALPER V3] Direction= 0 | RSI= 15.999999999738066 | SMA2= 9709.52 | SMA3= 9708.9 | Points= 0.20999999999912689 | Strength= 560 | Points2= 0.18000000000029104 | Strength2= 560 | Tick1= 9710.52 Tick2= 9710.34 Tick3= 9710.55 Tick4= 9710.51 Extra= 9710.51 | LossLevel= 0 | LossCount= 0 | Stake= 10 | Regime= 1 | Score= 80 | Reconfirm= 1 | Guard= false | Reason= BLOCK: QUALITY
2026-09-08,10:58:48 GMT,[SCALPER V3] Direction= 0 | RSI= 100 | SMA2= 9709.625 | SMA3= 9708.97 | Points= 0.039999999999054126 | Strength= 560 | Points2= 0.20999999999912689 | Strength2= 560 | Tick1= 9710.34 Tick2= 9710.55 Tick3= 9710.51 Tick4= 9710.39 Extra= 9710.39 | LossLevel= 0 | LossCount= 0 | Stake= 10 | Regime= 3 | Score= 10 | Reconfirm= 1 | Guard= false | Reason= BLOCK: QUALITY
2026-09-08,10:58:48 GMT,[SCALPER V3] Direction= 0 | RSI= 100 | SMA2= 9709.605 | SMA3= 9708.956666666667 | Points= 0.12000000000080036 | Strength= 560 | Points2= 0.039999999999054126 | Strength2= 560 | Tick1= 9710.55 Tick2= 9710.51 Tick3= 9710.39 Tick4= 9710.31 Extra= 9710.31 | LossLevel= 0 | LossCount= 0 | Stake= 10 | Regime= 2 | Score= 40 | Reconfirm= 1 | Guard= false | Reason= BLOCK: QUALITY
2026-09-08,10:58:48 GMT,[SCALPER V3] Direction= 0 | RSI= 33.33333333333333 | SMA2= 9709.545 | SMA3= 9708.916666666666 | Points= 0.07999999999992724 | Strength= 560 | Points2= 0.12000000000080036 | Strength2= 560 | Tick1= 9710.51 Tick2= 9710.39 Tick3= 9710.31 Tick4= 9710.47 Extra= 9710.47 | LossLevel= 0 | LossCount= 0 | Stake= 10 | Regime= 1 | Score= 70 | Reconfirm= 1 | Guard= false | Reason= BLOCK: QUALITY
2026-09-08,10:58:48 GMT,[SCALPER V3] Direction= 0 | RSI= 19.999999999636202 | SMA2= 9709.505000000001 | SMA3= 9708.89 | Points= 0.15999999999985448 | Strength= 560 | Points2= 0.07999999999992724 | Strength2= 560 | Tick1= 9710.39 Tick2= 9710.31 Tick3= 9710.47 Tick4= 9710.43 Extra= 9710.43 | LossLevel= 0 | LossCount= 0 | Stake= 10 | Regime= 2 | Score= 40 | Reconfirm= 1 | Guard= false | Reason= BLOCK: QUALITY
2026-09-08,10:58:48 GMT,[SCALPER V3] Direction= 0 | RSI= 100 | SMA2= 9709.585 | SMA3= 9708.943333333335 | Points= 0.039999999999054126 | Strength= 560 | Points2= 0.15999999999985448 | Strength2= 560 | Tick1= 9710.31 Tick2= 9710.47 Tick3= 9710.43 Tick4= 9710.02 Extra= 9710.02 | LossLevel= 0 | LossCount= 0 | Stake= 10 | Regime= 3 | Score= 10 | Reconfirm= 1 | Guard= false | Reason= BLOCK: QUALITY
2026-09-08,10:58:48 GMT,[SCALPER V3] Direction= 0 | RSI= 71.9298245614147 | SMA2= 9709.565 | SMA3= 9708.93 | Points= 0.4099999999998545 | Strength= 560 | Points2= 0.039999999999054126 | Strength2= 560 | Tick1= 9710.47 Tick2= 9710.43 Tick3= 9710.02 Tick4= 9710.18 Extra= 9710.18 | LossLevel= 0 | LossCount= 0 | Stake= 10 | Regime= 1 | Score= 80 | Reconfirm= 1 | Guard= false | Reason= BLOCK: QUALITY
2026-09-08,10:58:48 GMT,[SCALPER V3] Direction= 0 | RSI= 23.80952380993628 | SMA2= 9709.36 | SMA3= 9708.793333333333 | Points= 0.15999999999985448 | Strength= 560 | Points2= 0.4099999999998545 | Strength2= 560 | Tick1= 9710.43 Tick2= 9710.02 Tick3= 9710.18 Tick4= 9710.13 Extra= 9710.13 | LossLevel= 0 | LossCount= 0 | Stake= 10 | Regime= 1 | Score= 70 | Reconfirm= 1 | Guard= false | Reason= BLOCK: QUALITY
2026-09-08,10:58:48 GMT,[SCALPER V3] Direction= 0 | RSI= 16.66666666696983 | SMA2= 9709.44 | SMA3= 9708.846666666666 | Points= 0.050000000001091394 | Strength= 560 | Points2= 0.15999999999985448 | Strength2= 560 | Tick1= 9710.02 Tick2= 9710.18 Tick3= 9710.13 Tick4= 9710.38 Extra= 9710.38 | LossLevel= 0 | LossCount= 0 | Stake= 10 | Regime= 3 | Score= 10 | Reconfirm= 1 | Guard= false | Reason= BLOCK: QUALITY
2026-09-08,10:58:48 GMT,[SCALPER V3] Direction= 0 | RSI= 56.89655172413252 | SMA2= 9709.415 | SMA3= 9708.83 | Points= 0.25 | Strength= 560 | Points2= 0.050000000001091394 | Strength2= 560 | Tick1= 9710.18 Tick2= 9710.13 Tick3= 9710.38 Tick4= 9710.05 Extra= 9710.05 | LossLevel= 0 | LossCount= 0 | Stake= 10 | Regime= 1 | Score= 100 | Reconfirm= 1 | Guard= false | Reason= BLOCK: QUALITY
2026-09-08,10:58:48 GMT,[SCALPER V3] Direction= 0 | RSI= 100 | SMA2= 9709.54 | SMA3= 9708.913333333332 | Points= 0.32999999999992724 | Strength= 560 | Points2= 0.25 | Strength2= 560 | Tick1= 9710.13 Tick2= 9710.38 Tick3= 9710.05 Tick4= 9709.98 Extra= 9709.98 | LossLevel= 0 | LossCount= 0 | Stake= 10 | Regime= 2 | Score= 40 | Reconfirm= 1 | Guard= false | Reason= BLOCK: QUALITY
2026-09-08,10:58:48 GMT,[SCALPER V3] Direction= 0 | RSI= 24.999999999837584 | SMA2= 9709.375 | SMA3= 9708.803333333333 | Points= 0.06999999999970896 | Strength= 560 | Points2= 0.32999999999992724 | Strength2= 560 | Tick1= 9710.38 Tick2= 9710.05 Tick3= 9709.98 Tick4= 9710.19 Extra= 9710.19 | LossLevel= 0 | LossCount= 0 | Stake= 10 | Regime= 3 | Score= 10 | Reconfirm= 1 | Guard= false | Reason= BLOCK: QUALITY
2026-09-08,10:58:48 GMT,[SCALPER V3] Direction= 0 | RSI= 48.780487804856406 | SMA2= 9709.34 | SMA3= 9708.78 | Points= 0.21000000000094587 | Strength= 560 | Points2= 0.06999999999970896 | Strength2= 560 | Tick1= 9710.05 Tick2= 9709.98 Tick3= 9710.19 Tick4= 9709.99 Extra= 9709.99 | LossLevel= 0 | LossCount= 0 | Stake= 10 | Regime= 1 | Score= 100 | Reconfirm= 1 | Guard= false | Reason= BLOCK: QUALITY
2026-09-08,10:58:48 GMT,[SCALPER V3] Direction= 0 | RSI= 86.95652173892412 | SMA2= 9709.445 | SMA3= 9708.85 | Points= 0.2000000000007276 | Strength= 560 | Points2= 0.21000000000094587 | Strength2= 560 | Tick1= 9709.98 Tick2= 9710.19 Tick3= 9709.99 Tick4= 9710.02 Extra= 9710.02 | LossLevel= 0 | LossCount= 0 | Stake= 10 | Regime= 2 | Score= 30 | Reconfirm= 1 | Guard= false | Reason= BLOCK: QUALITY
2026-09-08,10:58:48 GMT,[SCALPER V3] Direction= 0 | RSI= 72.72727272682174 | SMA2= 9709.345000000001 | SMA3= 9708.783333333333 | Points= 0.030000000000654836 | Strength= 560 | Points2= 0.2000000000007276 | Strength2= 560 | Tick1= 9710.19 Tick2= 9709.99 Tick3= 9710.02 Tick4= 9709.94 Extra= 9709.94 | LossLevel= 0 | LossCount= 0 | Stake= 10 | Regime= 1 | Score= 50 | Reconfirm= 1 | Guard= false | Reason= BLOCK: QUALITY
2026-09-08,10:58:48 GMT,[SCALPER V3] Direction= 0 | RSI= 66.66666666717194 | SMA2= 9709.36 | SMA3= 9708.793333333333 | Points= 0.07999999999992724 | Strength= 560 | Points2= 0.030000000000654836 | Strength2= 560 | Tick1= 9709.99 Tick2= 9710.02 Tick3= 9709.94 Tick4= 9709.98 Extra= 9709.98 | LossLevel= 0 | LossCount= 0 | Stake= 10 | Regime= 1 | Score= 80 | Reconfirm= 1 | Guard= false | Reason= BLOCK: QUALITY
2026-09-08,10:58:48 GMT,[SCALPER V3] Direction= 0 | RSI= 0 | SMA2= 9709.32 | SMA3= 9708.766666666668 | Points= 0.039999999999054126 | Strength= 560 | Points2= 0.07999999999992724 | Strength2= 560 | Tick1= 9710.02 Tick2= 9709.94 Tick3= 9709.98 Tick4= 9710.02 Extra= 9710.02 | LossLevel= 0 | LossCount= 0 | Stake= 10 | Regime= 3 | Score= 10 | Reconfirm= 1 | Guard= false | Reason= BLOCK: QUALITY
2026-09-08,10:58:48 GMT,[SCALPER V3] Direction= 0 | RSI= 81.81818181788115 | SMA2= 9709.34 | SMA3= 9708.78 | Points= 0.040000000000873115 | Strength= 560 | Points2= 0.039999999999054126 | Strength2= 560 | Tick1= 9709.94 Tick2= 9709.98 Tick3= 9710.02 Tick4= 9709.84 Extra= 9709.84 | LossLevel= 0 | LossCount= 0 | Stake= 10 | Regime= 3 | Score= 20 | Reconfirm= 1 | Guard= false | Reason= BLOCK: QUALITY
2026-09-08,10:58:48 GMT,[SCALPER V3] Direction= 0 | RSI= 100 | SMA2= 9709.36 | SMA3= 9708.793333333333 | Points= 0.18000000000029104 | Strength= 560 | Points2= 0.040000000000873115 | Strength2= 560 | Tick1= 9709.98 Tick2= 9710.02 Tick3= 9709.84 Tick4= 9709.73 Extra= 9709.73 | LossLevel= 0 | LossCount= 0 | Stake= 10 | Regime= 2 | Score= 40 | Reconfirm= 1 | Guard= false | Reason= BLOCK: QUALITY
2026-09-08,10:58:48 GMT,[SCALPER V3] Direction= 0 | RSI= 52.38095238099363 | SMA2= 9709.27 | SMA3= 9708.733333333334 | Points= 0.11000000000058208 | Strength= 560 | Points2= 0.18000000000029104 | Strength2= 560 | Tick1= 9710.02 Tick2= 9709.84 Tick3= 9709.73 Tick4= 9709.83 Extra= 9709.83 | LossLevel= 0 | LossCount= 0 | Stake= 10 | Regime= 1 | Score= 70 | Reconfirm= 1 | Guard= false | Reason= BLOCK: QUALITY
2026-09-08,10:58:48 GMT,[SCALPER V3] Direction= 0 | RSI= 59.99999999985448 | SMA2= 9709.215 | SMA3= 9708.696666666667 | Points= 0.1000000000003638 | Strength= 560 | Points2= 0.11000000000058208 | Strength2= 560 | Tick1= 9709.84 Tick2= 9709.73 Tick3= 9709.83 Tick4= 9709.68 Extra= 9709.68 | LossLevel= 0 | LossCount= 0 | Stake= 10 | Regime= 1 | Score= 70 | Reconfirm= 1 | Guard= false | Reason= BLOCK: QUALITY
2026-09-08,10:58:48 GMT,[SCALPER V3] Direction= 0 | RSI= 46.874999999928946 | SMA2= 9709.265 | SMA3= 9708.730000000001 | Points= 0.1499999999996362 | Strength= 560 | Points2= 0.1000000000003638 | Strength2= 560 | Tick1= 9709.73 Tick2= 9709.83 Tick3= 9709.68 Tick4= 9709.85 Extra= 9709.85 | LossLevel= 0 | LossCount= 0 | Stake= 10 | Regime= 2 | Score= 60 | Reconfirm= 1 | Guard= false | Reason= BLOCK: QUALITY
2026-09-08,10:58:48 GMT,[SCALPER V3] Direction= 0 | RSI= 0 | SMA2= 9709.19 | SMA3= 9708.68 | Points= 0.17000000000007276 | Strength= 560 | Points2= 0.1499999999996362 | Strength2= 560 | Tick1= 9709.83 Tick2= 9709.68 Tick3= 9709.85 Tick4= 9709.9 Extra= 9709.9 | LossLevel= 0 | LossCount= 0 | Stake= 10 | Regime= 2 | Score= 40 | Reconfirm= 1 | Guard= false | Reason= BLOCK: QUALITY
2026-09-08,10:58:48 GMT,[SCALPER V3] Direction= 0 | RSI= 0 | SMA2= 9709.275000000001 | SMA3= 9708.736666666666 | Points= 0.049999999999272404 | Strength= 560 | Points2= 0.17000000000007276 | Strength2= 560 | Tick1= 9709.68 Tick2= 9709.85 Tick3= 9709.9 Tick4= 9710.02 Extra= 9710.02 | LossLevel= 0 | LossCount= 0 | Stake= 10 | Regime= 3 | Score= 10 | Reconfirm= 1 | Guard= false | Reason= BLOCK: QUALITY
2026-09-08,10:58:48 GMT,[SCALPER V3] Direction= 0 | RSI= 63.636363636313526 | SMA2= 9709.3 | SMA3= 9708.753333333334 | Points= 0.12000000000080036 | Strength= 560 | Points2= 0.049999999999272404 | Strength2= 560 | Tick1= 9709.85 Tick2= 9709.9 Tick3= 9710.02 Tick4= 9709.81 Extra= 9709.81 | LossLevel= 0 | LossCount= 0 | Stake= 10 | Regime= 1 | Score= 100 | Reconfirm= 1 | Guard= false | Reason= BLOCK: QUALITY
2026-09-08,10:58:48 GMT,[SCALPER V3] Direction= 0 | RSI= 100 | SMA2= 9709.36 | SMA3= 9708.793333333333 | Points= 0.21000000000094587 | Strength= 560 | Points2= 0.12000000000080036 | Strength2= 560 | Tick1= 9709.9 Tick2= 9710.02 Tick3= 9709.81 Tick4= 9709.44 Extra= 9709.44 | LossLevel= 0 | LossCount= 0 | Stake= 10 | Regime= 2 | Score= 40 | Reconfirm= 1 | Guard= false | Reason= BLOCK: QUALITY
2026-09-08,10:58:48 GMT,[SCALPER V3] Direction= 0 | RSI= 100 | SMA2= 9709.255000000001 | SMA3= 9708.723333333333 | Points= 0.36999999999898137 | Strength= 560 | Points2= 0.21000000000094587 | Strength2= 560 | Tick1= 9710.02 Tick2= 9709.81 Tick3= 9709.44 Tick4= 9709.21 Extra= 9709.21 | LossLevel= 0 | LossCount= 0 | Stake= 10 | Regime= 2 | Score= 40 | Reconfirm= 1 | Guard= false | Reason= BLOCK: QUALITY
2026-09-08,10:58:48 GMT,[SCALPER V3] Direction= 0 | RSI= 67.64705882354514 | SMA2= 9709.07 | SMA3= 9708.6 | Points= 0.23000000000138243 | Strength= 560 | Points2= 0.36999999999898137 | Strength2= 560 | Tick1= 9709.81 Tick2= 9709.44 Tick3= 9709.21 Tick4= 9709.32 Extra= 9709.32 | LossLevel= 0 | LossCount= 0 | Stake= 10 | Regime= 1 | Score= 90 | Reconfirm= 1 | Guard= false | Reason= BLOCK: QUALITY
2026-09-08,10:58:48 GMT,[SCALPER V3] Direction= 0 | RSI= 26.666666666100767 | SMA2= 9708.955 | SMA3= 9708.523333333333 | Points= 0.11000000000058208 | Strength= 560 | Points2= 0.23000000000138243 | Strength2= 560 | Tick1= 9709.44 Tick2= 9709.21 Tick3= 9709.32 Tick4= 9709.28 Extra= 9709.28 | LossLevel= 0 | LossCount= 0 | Stake= 10 | Regime= 1 | Score= 50 | Reconfirm= 1 | Guard= false | Reason= BLOCK: QUALITY
2026-09-08,10:58:48 GMT,[SCALPER V3] Direction= 0 | RSI= 57.14285714322837 | SMA2= 9709.01 | SMA3= 9708.56 | Points= 0.039999999999054126 | Strength= 560 | Points2= 0.11000000000058208 | Strength2= 560 | Tick1= 9709.21 Tick2= 9709.32 Tick3= 9709.28 Tick4= 9709.31 Extra= 9709.31 | LossLevel= 0 | LossCount= 0 | Stake= 10 | Regime= 2 | Score= 30 | Reconfirm= 1 | Guard= false | Reason= BLOCK: QUALITY
2026-09-08,10:58:48 GMT,[SCALPER V3] Direction= 0 | RSI= 0 | SMA2= 9708.990000000002 | SMA3= 9708.546666666667 | Points= 0.029999999998835847 | Strength= 560 | Points2= 0.039999999999054126 | Strength2= 560 | Tick1= 9709.32 Tick2= 9709.28 Tick3= 9709.31 Tick4= 9709.55 Extra= 9709.55 | LossLevel= 0 | LossCount= 0 | Stake= 10 | Regime= 3 | Score= 10 | Reconfirm= 1 | Guard= false | Reason= BLOCK: QUALITY
2026-09-08,10:58:48 GMT,[SCALPER V3] Direction= 0 | RSI= 0 | SMA2= 9709.005000000001 | SMA3= 9708.556666666665 | Points= 0.23999999999978172 | Strength= 560 | Points2= 0.029999999998835847 | Strength2= 560 | Tick1= 9709.28 Tick2= 9709.31 Tick3= 9709.55 Tick4= 9709.64 Extra= 9709.64 | LossLevel= 0 | LossCount= 0 | Stake= 10 | Regime= 2 | Score= 40 | Reconfirm= 1 | Guard= false | Reason= BLOCK: QUALITY
2026-09-08,10:58:48 GMT,[SCALPER V3] Direction= 0 | RSI= 0 | SMA2= 9709.125 | SMA3= 9708.636666666667 | Points= 0.09000000000014552 | Strength= 560 | Points2= 0.23999999999978172 | Strength2= 560 | Tick1= 9709.31 Tick2= 9709.55 Tick3= 9709.64 Tick4= 9709.76 Extra= 9709.76 | LossLevel= 0 | LossCount= 0 | Stake= 10 | Regime= 3 | Score= 10 | Reconfirm= 1 | Guard= false | Reason= BLOCK: QUALITY
2026-09-08,10:58:48 GMT,[SCALPER V3] Direction= 0 | RSI= 14.285714285899886 | SMA2= 9709.17 | SMA3= 9708.666666666666 | Points= 0.12000000000080036 | Strength= 560 | Points2= 0.09000000000014552 | Strength2= 560 | Tick1= 9709.55 Tick2= 9709.64 Tick3= 9709.76 Tick4= 9709.74 Extra= 9709.74 | LossLevel= 0 | LossCount= 0 | Stake= 10 | Regime= 2 | Score= 40 | Reconfirm= 1 | Guard= false | Reason= BLOCK: QUALITY
2026-09-08,10:58:48 GMT,[SCALPER V3] Direction= 0 | RSI= 13.33333333349502 | SMA2= 9709.23 | SMA3= 9708.706666666667 | Points= 0.020000000000436557 | Strength= 560 | Points2= 0.12000000000080036 | Strength2= 560 | Tick1= 9709.64 Tick2= 9709.76 Tick3= 9709.74 Tick4= 9709.87 Extra= 9709.87 | LossLevel= 0 | LossCount= 0 | Stake= 10 | Regime= 3 | Score= 10 | Reconfirm= 1 | Guard= false | Reason= BLOCK: QUALITY
2026-09-08,10:58:48 GMT,[SCALPER V3] Direction= 0 | RSI= 58.06451612888083 | SMA2= 9709.220000000001 | SMA3= 9708.699999999999 | Points= 0.13000000000101863 | Strength= 560 | Points2= 0.020000000000436557 | Strength2= 560 | Tick1= 9709.76 Tick2= 9709.74 Tick3= 9709.87 Tick4= 9709.69 Extra= 9709.69 | LossLevel= 0 | LossCount= 0 | Stake= 10 | Regime= 1 | Score= 100 | Reconfirm= 1 | Guard= false | Reason= BLOCK: QUALITY
2026-09-08,10:58:48 GMT,[SCALPER V3] Direction= 0 | RSI= 100 | SMA2= 9709.285 | SMA3= 9708.743333333334 | Points= 0.18000000000029104 | Strength= 560 | Points2= 0.13000000000101863 | Strength2= 560 | Tick1= 9709.74 Tick2= 9709.87 Tick3= 9709.69 Tick4= 9709.42 Extra= 9709.42 | LossLevel= 0 | LossCount= 0 | Stake= 10 | Regime= 2 | Score= 40 | Reconfirm= 1 | Guard= false | Reason= BLOCK: QUALITY
2026-09-08,10:58:48 GMT,[SCALPER V3] Direction= 0 | RSI= 100 | SMA2= 9709.195 | SMA3= 9708.683333333334 | Points= 0.27000000000043656 | Strength= 560 | Points2= 0.18000000000029104 | Strength2= 560 | Tick1= 9709.87 Tick2= 9709.69 Tick3= 9709.42 Tick4= 9709.31 Extra= 9709.31 | LossLevel= 0 | LossCount= 0 | Stake= 10 | Regime= 2 | Score= 40 | Reconfirm= 1 | Guard= false | Reason= BLOCK: QUALITY
2026-09-08,10:58:48 GMT,[SCALPER V3] Direction= 0 | RSI= 47.82608695648735 | SMA2= 9709.060000000001 | SMA3= 9708.593333333332 | Points= 0.11000000000058208 | Strength= 560 | Points2= 0.27000000000043656 | Strength2= 560 | Tick1= 9709.69 Tick2= 9709.42 Tick3= 9709.31 Tick4= 9709.43 Extra= 9709.43 | LossLevel= 0 | LossCount= 0 | Stake= 10 | Regime= 1 | Score= 70 | Reconfirm= 1 | Guard= false | Reason= BLOCK: QUALITY
2026-09-08,10:58:48 GMT,[SCALPER V3] Direction= 0 | RSI= 7.692307692415326 | SMA2= 9709.005000000001 | SMA3= 9708.556666666665 | Points= 0.12000000000080036 | Strength= 560 | Points2= 0.11000000000058208 | Strength2= 560 | Tick1= 9709.42 Tick2= 9709.31 Tick3= 9709.43 Tick4= 9709.42 Extra= 9709.42 | LossLevel= 0 | LossCount= 0 | Stake= 10 | Regime= 2 | Score= 40 | Reconfirm= 1 | Guard= false | Reason= BLOCK: QUALITY
2026-09-08,10:58:48 GMT,[SCALPER V3] Direction= 0 | RSI= 100 | SMA2= 9709.065 | SMA3= 9708.596666666666 | Points= 0.010000000000218279 | Strength= 560 | Points2= 0.12000000000080036 | Strength2= 560 | Tick1= 9709.31 Tick2= 9709.43 Tick3= 9709.42 Tick4= 9709.36 Extra= 9709.36 | LossLevel= 0 | LossCount= 0 | Stake= 10 | Regime= 3 | Score= 10 | Reconfirm= 1 | Guard= false | Reason= BLOCK: QUALITY
2026-09-08,10:58:48 GMT,[SCALPER V3] Direction= 0 | RSI= 35.294117647121766 | SMA2= 9709.060000000001 | SMA3= 9708.593333333332 | Points= 0.05999999999949068 | Strength= 560 | Points2= 0.010000000000218279 | Strength2= 560 | Tick1= 9709.43 Tick2= 9709.42 Tick3= 9709.36 Tick4= 9709.47 Extra= 9709.47 | LossLevel= 0 | LossCount= 0 | Stake= 10 | Regime= 2 | Score= 40 | Reconfirm= 1 | Guard= false | Reason= BLOCK: QUALITY
2026-09-08,10:58:48 GMT,[SCALPER V3] Direction= 0 | RSI= NaN | SMA2= 9709.060000000001 | SMA3= 9708.593333333332 | Points= 0.10999999999876309 | Strength= 560 | Points2= 0.05999999999949068 | Strength2= 560 | Tick1= 9709.42 Tick2= 9709.36 Tick3= 9709.47 Tick4= 9709.19 Extra= 9709.19 | LossLevel= 0 | LossCount= 0 | Stake= 10 | Regime= 2 | Score= 20 | Reconfirm= 1 | Guard= false | Reason= BLOCK: QUALITY
2026-09-08,10:58:48 GMT,You are using your Demo account.