 Date,Time,Message
2026-09-05,03:17:17 GMT,V6.3 DIAG | 5 0 7 0.04999999999999993 -0.028571428571428567 -0.04999999999999999 0.06666666666666667 0.6 -0.1 -0.15 5 3 0 1 0 1 10 0
2026-09-05,03:17:16 GMT,V6.3 DIAG | 0 0 6 -0.09999999999999998 0 0.10000000000000003 0 0.6 -0.1 -0.4 5 3 0 1 0 1 10 0
2026-09-05,03:17:15 GMT,V6.3 DIAG | 7 0 6 -0.050000000000000044 0 0.050000000000000044 0 0.6 -0.1 -0.45 5 3 0 1 0 1 10 0
2026-09-05,03:17:15 GMT,Bought: (ID: 22526048279)
2026-09-05,03:17:09 GMT,SENTINEL V6 MULTI-WINDOW SCAN >>>
2026-09-05,03:17:09 GMT,V6.3 DIAG | 0 0 11 0.09999999999999998 0.028571428571428567 -0.10000000000000003 -0.06666666666666667 0.15000000000000002 -0.1 -0.55 5 3 0 0 1 1 10 0
2026-09-05,03:17:09 GMT,Loss amount: -2.42
2026-09-05,03:17:09 GMT,V6.3 DIAG | 6 0 7 0.09999999999999998 -0.028571428571428567 -0.10000000000000003 0.06666666666666667 0.15000000000000002 -0.1 0.25 5 3 0 0 0 1 9 0
2026-09-05,03:17:08 GMT,V6.3 DIAG | 7 0 6 0 0 0 0 0.1 -0.1 0 5 3 0 1 0 1 9 0
2026-09-05,03:17:08 GMT,V6.3 DIAG | 2 0 8 0.1499999999999999 -0.028571428571428567 -0.15000000000000002 0.06666666666666667 0.4 -0.1 -0.04999999999999999 6 2 0 0 0 1 9 0
2026-09-05,03:17:08 GMT,Bought: (ID: 22526039819)
2026-09-05,03:17:06 GMT,SENTINEL V6 MULTI-WINDOW SCAN >>>
2026-09-05,03:17:06 GMT,V6.3 DIAG | 0 0 11 0.1499999999999999 0.028571428571428567 -0.15000000000000002 -0.06666666666666667 0.35000000000000003 -0.35000000000000003 -0.55 6 2 0 0 1 1 9 0
2026-09-05,03:17:02 GMT,V6.3 BLOCK - final pressure/veto/active/timing gate failed or signal already used
2026-09-05,03:17:02 GMT,SENTINEL V6 MULTI-WINDOW SCAN >>>
2026-09-05,03:17:02 GMT,V6.3 DIAG | 7 0 5 0 0 0 0 0.35000000000000003 -0.6000000000000001 0.25 6 2 0 1 0 1 9 0
2026-09-05,03:17:00 GMT,Loss amount: -2.42
2026-09-05,03:17:00 GMT,V6.3 DIAG | 0 0 10 -0.050000000000000044 0.05714285714285714 0.050000000000000044 -0.13333333333333336 -0.15 -0.6000000000000001 0 6 2 1 1 0 1 8 0
2026-09-05,03:17:00 GMT,V6.3 DIAG | 4 0 9 -0.050000000000000044 0.05714285714285714 0.050000000000000044 -0.13333333333333336 -0.15 -0.6000000000000001 0 5 3 2 1 0 1 8 0
2026-09-05,03:17:00 GMT,V6.3 DIAG | 6 0 7 -0.050000000000000044 0.05714285714285714 0.050000000000000044 -0.13333333333333336 -0.15 -0.6000000000000001 0 4 4 2 1 0 1 8 0
2026-09-05,03:16:58 GMT,V6.3 DIAG | 9 0 3 0 0 0 0 -0.15 0.2 -0.04999999999999999 4 4 2 1 0 1 8 0
2026-09-05,03:16:58 GMT,Bought: (ID: 22526025759)
2026-09-05,03:16:56 GMT,SENTINEL V6 MULTI-WINDOW SCAN >>>
2026-09-05,03:16:56 GMT,V6.3 DIAG | 5 0 4 -0.050000000000000044 -0.05714285714285714 0.050000000000000044 0.13333333333333336 -0.4 1 0.25 5 3 2 1 0 1 8 0
2026-09-05,03:16:56 GMT,V6.3 BLOCK - final pressure/veto/active/timing gate failed or signal already used
2026-09-05,03:16:56 GMT,SENTINEL V6 MULTI-WINDOW SCAN >>>
2026-09-05,03:16:56 GMT,V6.3 DIAG | 8 0 4 -0.050000000000000044 -0.05714285714285714 0.050000000000000044 0.13333333333333336 -0.4 1 0.25 5 3 2 1 0 1 8 0
2026-09-05,03:16:55 GMT,Profit amount: 1.53
2026-09-05,03:16:55 GMT,V6.3 DIAG | 8 0 6 0.04999999999999993 -0.028571428571428567 -0.04999999999999999 0.06666666666666667 -0.4 0.5 0.25 5 3 1 1 0 1 7 0
2026-09-05,03:16:55 GMT,V6.3 DIAG | 9 0 11 0.04999999999999993 0.028571428571428567 -0.04999999999999999 -0.06666666666666667 -0.4 -0.05 0 6 2 0 1 0 1 7 0
2026-09-05,03:16:50 GMT,V6.3 DIAG | 1 0 10 0 0.08571428571428572 0 -0.2 -0.4 -0.05 -0.75 7 1 0 0 0 1 7 0
2026-09-05,03:16:50 GMT,V6.3 DIAG | 3 0 10 0.04999999999999993 0.028571428571428567 -0.04999999999999999 -0.06666666666666667 0.4 -0.05 -0.8 6 2 0 1 0 1 7 0
2026-09-05,03:16:50 GMT,Bought: (ID: 22526012159)
2026-09-05,03:16:48 GMT,SENTINEL V6 MULTI-WINDOW SCAN >>>
2026-09-05,03:16:48 GMT,V6.3 DIAG | 4 0 7 -0.25 0.028571428571428574 0.25 -0.06666666666666668 0.15000000000000002 -0.05 -0.25 4 4 0 1 0 1 7 0
2026-09-05,03:16:48 GMT,V6.3 DIAG | 7 0 2 -0.4 0 0.39999999999999997 0 0.15000000000000002 -0.05 0.30000000000000004 4 4 0 1 0 1 6 0
2026-09-05,03:16:48 GMT,Loss amount: -2.42
2026-09-05,03:16:47 GMT,V6.3 DIAG | 5 0 7 -0.30000000000000004 0.028571428571428574 0.3 -0.06666666666666668 -0.35000000000000003 -0.05 0.30000000000000004 4 4 0 1 0 1 6 0
2026-09-05,03:16:47 GMT,V6.3 DIAG | 6 0 4 -0.30000000000000004 -0.028571428571428574 0.3 0.06666666666666668 -0.35000000000000003 -0.05 1.1 3 5 0 1 0 1 6 0
2026-09-05,03:16:47 GMT,V6.3 DIAG | 9 0 3 -0.4 0 0.39999999999999997 0 -0.6000000000000001 -0.1 1.1 3 5 0 1 0 1 6 0
2026-09-05,03:16:45 GMT,Bought: (ID: 22526000019)
2026-09-05,03:16:41 GMT,SENTINEL V6 MULTI-WINDOW SCAN >>>
2026-09-05,03:16:41 GMT,V6.3 DIAG | 5 0 3 -0.15000000000000002 -0.05714285714285714 0.15000000000000002 0.13333333333333336 0.2 -0.1 0.8500000000000001 4 4 0 1 0 1 6 0
2026-09-05,03:16:40 GMT,Loss amount: -2.42
2026-09-05,03:16:40 GMT,V6.3 DIAG | 9 0 3 -0.09999999999999998 -0.05714285714285714 0.10000000000000003 0.13333333333333336 0.2 -0.15 0.8500000000000001 4 4 0 1 0 1 5 0
2026-09-05,03:16:40 GMT,V6.3 DIAG | 4 0 5 0 -0.028571428571428567 0 0.06666666666666667 0.2 -0.15 0.35000000000000003 5 3 0 0 0 1 5 0
2026-09-05,03:16:38 GMT,V6.3 DIAG | 7 0 5 -0.09999999999999998 -0.05714285714285714 0.10000000000000003 0.13333333333333336 1 -0.15 0.05000000000000002 5 3 0 1 0 1 5 0
2026-09-05,03:16:38 GMT,V6.3 DIAG | 9 0 6 0.04999999999999993 -0.028571428571428567 -0.04999999999999999 0.06666666666666667 0.45 -0.15 0.05000000000000002 6 2 0 1 0 1 5 0
2026-09-05,03:16:38 GMT,Bought: (ID: 22525991699)
2026-09-05,03:16:36 GMT,SENTINEL V6 MULTI-WINDOW SCAN >>>
2026-09-05,03:16:36 GMT,V6.3 DIAG | 6 0 8 0.15000000000000002 0 -0.14999999999999997 0 0.45 -0.15 -0.45 6 2 0 0 0 1 5 0
2026-09-05,03:16:35 GMT,V6.3 BLOCK - final pressure/veto/active/timing gate failed or signal already used
2026-09-05,03:16:35 GMT,SENTINEL V6 MULTI-WINDOW SCAN >>>
2026-09-05,03:16:35 GMT,V6.3 DIAG | 7 0 8 0.15000000000000002 0 -0.14999999999999997 0 0.45 -0.15 -0.45 6 2 0 1 0 1 5 0
2026-09-05,03:16:35 GMT,Profit amount: 1.53
2026-09-05,03:16:35 GMT,V6.3 DIAG | 5 0 8 0.25 -0.028571428571428567 -0.24999999999999997 0.06666666666666667 -0.05 -0.15 0.35000000000000003 7 1 0 0 0 1 4 0
2026-09-05,03:16:30 GMT,V6.3 DIAG | 6 0 8 0.15000000000000002 0 -0.14999999999999997 0 -0.05 -0.4 0.30000000000000004 7 1 0 0 0 1 4 1
2026-09-05,03:16:29 GMT,V6.3 DIAG | 0 0 8 0.15000000000000002 0 -0.14999999999999997 0 -0.05 -0.4 0.30000000000000004 7 1 0 0 0 1 4 0
2026-09-05,03:16:29 GMT,V6.3 DIAG | 1 0 9 0 0.028571428571428567 0 -0.06666666666666667 -0.05 -0.4 0.05000000000000002 6 2 1 1 0 1 4 0
2026-09-05,03:16:29 GMT,Bought: (ID: 22525980859)
2026-09-05,03:16:27 GMT,SENTINEL V6 MULTI-WINDOW SCAN >>>
2026-09-05,03:16:27 GMT,V6.3 DIAG | 6 0 12 0.10000000000000009 0.057142857142857134 -0.09999999999999998 -0.13333333333333333 -0.05 -0.4 -0.45 6 2 1 0 1 1 4 0
2026-09-05,03:16:27 GMT,Profit amount: 1.53
2026-09-05,03:16:27 GMT,V6.3 DIAG | 2 0 8 0.15000000000000002 0 -0.14999999999999997 0 -0.1 0.4 -0.45 6 2 1 1 0 1 3 0
2026-09-05,03:16:26 GMT,V6.3 DIAG | 6 0 8 0.20000000000000007 0 -0.2 0 -0.1 0.4 -0.5 6 2 1 1 0 1 3 0
2026-09-05,03:16:25 GMT,V6.3 DIAG | 2 0 7 0.20000000000000007 -0.057142857142857134 -0.2 0.13333333333333333 -0.1 0.4 0.30000000000000004 6 2 1 1 0 1 3 0
2026-09-05,03:16:25 GMT,V6.3 DIAG | 3 0 7 0.20000000000000007 -0.057142857142857134 -0.2 0.13333333333333333 -0.1 0.4 0.30000000000000004 6 2 1 1 0 1 3 0
2026-09-05,03:16:25 GMT,Bought: (ID: 22525971119)
2026-09-05,03:16:22 GMT,SENTINEL V6 MULTI-WINDOW SCAN >>>
2026-09-05,03:16:22 GMT,V6.3 DIAG | 1 0 10 0.04999999999999993 0.028571428571428567 -0.04999999999999999 -0.06666666666666667 -0.15 -0.35000000000000003 0.05000000000000002 7 1 0 0 0 1 3 0
2026-09-05,03:16:22 GMT,Profit amount: 1.53
2026-09-05,03:16:22 GMT,V6.3 DIAG | 9 0 10 0.04999999999999993 0.028571428571428567 -0.04999999999999999 -0.06666666666666667 -0.15 -0.35000000000000003 0.05000000000000002 6 2 1 1 0 1 2 0
2026-09-05,03:16:22 GMT,V6.3 DIAG | 0 0 11 0.04999999999999993 0.08571428571428572 -0.04999999999999999 -0.2 -0.2 -0.6000000000000001 -0.45 6 2 1 0 0 1 2 0
2026-09-05,03:16:21 GMT,V6.3 DIAG | 1 0 11 0.04999999999999993 0.08571428571428572 -0.04999999999999999 -0.2 -0.2 -0.6000000000000001 -0.45 6 2 1 0 0 1 2 0
2026-09-05,03:16:21 GMT,V6.3 DIAG | 6 0 8 -0.09999999999999998 0.05714285714285714 0.10000000000000003 -0.13333333333333336 -0.2 0.2 -0.7000000000000001 5 3 2 1 0 1 2 0
2026-09-05,03:16:19 GMT,Bought: (ID: 22525959959)
2026-09-05,03:16:18 GMT,SENTINEL V6 MULTI-WINDOW SCAN >>>
2026-09-05,03:16:18 GMT,V6.3 DIAG | 1 0 5 -0.25 0.028571428571428574 0.25 -0.06666666666666668 -0.45 0.2 0.1 4 4 2 1 0 1 2 0
2026-09-05,03:16:16 GMT,Loss amount: -2.42
2026-09-05,03:16:16 GMT,V6.3 DIAG | 5 0 2 -0.25 -0.028571428571428574 0.25 0.06666666666666668 -0.45 1 0.1 3 5 2 1 0 1 1 0
2026-09-05,03:16:16 GMT,V6.3 DIAG | 8 0 2 -0.25 -0.028571428571428574 0.25 0.06666666666666668 -0.45 1 0.1 3 5 2 1 0 1 1 0
2026-09-05,03:16:15 GMT,Bought: (ID: 22525950599)
2026-09-05,03:16:08 GMT,SENTINEL V6 MULTI-WINDOW SCAN >>>
2026-09-05,03:16:08 GMT,V6.3 DIAG | 6 0 5 -0.050000000000000044 -0.028571428571428567 0.04999999999999999 0.06666666666666667 0.30000000000000004 0 0.15000000000000002 5 3 0 0 0 1 1 0
2026-09-05,03:16:08 GMT,Loss amount: -3
2026-09-05,03:16:08 GMT,V6.3 DIAG | 9 0 5 -0.050000000000000044 -0.028571428571428567 0.04999999999999999 0.06666666666666667 0.30000000000000004 0 0.15000000000000002 5 3 0 1 0 1 0 1
2026-09-05,03:16:07 GMT,V6.3 DIAG | 7 0 8 0.10000000000000009 0 -0.09999999999999998 0 0.30000000000000004 -0.05 -0.35000000000000003 6 2 0 0 0 1 0 1
2026-09-05,03:16:06 GMT,Bought: (ID: 22525943019)
2026-09-05,03:16:05 GMT,SENTINEL V6 MULTI-WINDOW SCAN >>>
2026-09-05,03:16:05 GMT,V6.3 DIAG | 0 1 9 0 0.028571428571428567 0 -0.06666666666666667 -0.5 -0.1 0.2 6 2 0 0 0 1 0 1
2026-09-05,03:16:05 GMT,V6.3 DIAG | 6 0 9 0 0.028571428571428567 0 -0.06666666666666667 -0.5 -0.1 0.2 5 3 0 0 0 1 2 0
2026-09-05,03:16:05 GMT,Profit amount: 1.53
2026-09-05,03:16:04 GMT,Bought: (ID: 22525933979)
2026-09-05,03:15:59 GMT,SENTINEL V6 MULTI-WINDOW SCAN >>>
2026-09-05,03:15:59 GMT,V6.3 DIAG | 6 0 6 -0.15000000000000002 0 0.15000000000000002 0 -0.20000000000000004 -0.1 0.45 5 3 0 1 0 1 2 0
2026-09-05,03:15:59 GMT,V6.3 BLOCK - final pressure/veto/active/timing gate failed or signal already used
2026-09-05,03:15:59 GMT,SENTINEL V6 MULTI-WINDOW SCAN >>>
2026-09-05,03:15:59 GMT,V6.3 DIAG | 7 0 4 -0.15000000000000002 0 0.15000000000000002 0 -0.20000000000000004 -0.1 0.45 4 4 0 1 0 1 2 0
2026-09-05,03:15:59 GMT,V6.3 BLOCK - final pressure/veto/active/timing gate failed or signal already used
2026-09-05,03:15:59 GMT,SENTINEL V6 MULTI-WINDOW SCAN >>>
2026-09-05,03:15:59 GMT,V6.3 DIAG | 9 0 5 -0.050000000000000044 -0.028571428571428567 0.04999999999999999 0.06666666666666667 0.1 -0.1 0.45 5 3 0 1 0 1 2 0
2026-09-05,03:15:58 GMT,Profit amount: 1.53
2026-09-05,03:15:58 GMT,V6.3 DIAG | 0 0 8 0.10000000000000009 0 -0.09999999999999998 0 0.05000000000000002 -0.1 -0.05 6 2 0 0 0 1 1 0
2026-09-05,03:15:58 GMT,V6.3 DIAG | 4 0 8 0.10000000000000009 -0.057142857142857134 -0.09999999999999998 0.13333333333333333 0.8500000000000001 -0.1 -0.05 6 2 0 0 0 1 1 0
2026-09-05,03:15:56 GMT,V6.3 DIAG | 5 0 8 0.10000000000000009 -0.057142857142857134 -0.09999999999999998 0.13333333333333333 0.8500000000000001 -0.1 -0.05 6 2 0 0 0 1 1 0
2026-09-05,03:15:56 GMT,V6.3 DIAG | 7 0 6 -0.050000000000000044 -0.028571428571428567 0.04999999999999999 0.06666666666666667 0.6 -0.1 -0.05 6 2 0 1 0 1 1 0
2026-09-05,03:15:56 GMT,Bought: (ID: 22525918079)
2026-09-05,03:15:47 GMT,SENTINEL V6 MULTI-WINDOW SCAN >>>
2026-09-05,03:15:47 GMT,V6.3 DIAG | 4 0 12 0.15000000000000002 0.028571428571428567 -0.15 -0.06666666666666667 -0.4 -0.1 -0.05 7 1 0 0 1 1 1 0
2026-09-05,03:15:47 GMT,V6.3 BLOCK - final pressure/veto/active/timing gate failed or signal already used
2026-09-05,03:15:47 GMT,SENTINEL V6 MULTI-WINDOW SCAN >>>
2026-09-05,03:15:47 GMT,V6.3 DIAG | 1 0 6 0 0 0 0 0.4 -0.35000000000000003 -0.05 7 1 0 1 0 0 1 0
2026-09-05,03:15:46 GMT,V6.3 BLOCK - final pressure/veto/active/timing gate failed or signal already used
2026-09-05,03:15:46 GMT,SENTINEL V6 MULTI-WINDOW SCAN >>>
2026-09-05,03:15:46 GMT,V6.3 DIAG | 0 0 9 -0.15000000000000002 0.028571428571428567 0.15 -0.06666666666666667 0.4 -0.6000000000000001 -0.05 7 1 0 0 0 0 1 0
2026-09-05,03:15:46 GMT,V6.3 BLOCK - final pressure/veto/active/timing gate failed or signal already used
2026-09-05,03:15:46 GMT,SENTINEL V6 MULTI-WINDOW SCAN >>>
2026-09-05,03:15:46 GMT,V6.3 DIAG | 0 0 9 -0.15000000000000002 0.028571428571428567 0.15 -0.06666666666666667 0.4 -0.6000000000000001 -0.05 6 2 1 1 0 0 1 0
2026-09-05,03:15:45 GMT,V6.3 BLOCK - final pressure/veto/active/timing gate failed or signal already used
2026-09-05,03:15:45 GMT,SENTINEL V6 MULTI-WINDOW SCAN >>>
2026-09-05,03:15:45 GMT,V6.3 DIAG | 2 0 8 -0.30000000000000004 0.05714285714285714 0.30000000000000004 -0.13333333333333336 0.15000000000000002 -0.6000000000000001 -0.05 5 3 2 1 0 0 1 0
2026-09-05,03:15:45 GMT,V6.3 BLOCK - final pressure/veto/active/timing gate failed or signal already used
2026-09-05,03:15:45 GMT,SENTINEL V6 MULTI-WINDOW SCAN >>>
2026-09-05,03:15:45 GMT,V6.3 DIAG | 7 0 8 -0.25 0.05714285714285714 0.25 -0.13333333333333336 0.1 -0.6000000000000001 -0.05 5 3 2 0 0 0 1 0
2026-09-05,03:15:45 GMT,V6.3 BLOCK - final pressure/veto/active/timing gate failed or signal already used
2026-09-05,03:15:45 GMT,SENTINEL V6 MULTI-WINDOW SCAN >>>
2026-09-05,03:15:45 GMT,V6.3 DIAG | 0 0 8 -0.30000000000000004 0.05714285714285714 0.30000000000000004 -0.13333333333333336 -0.4 0.2 -0.30000000000000004 5 3 2 1 0 0 1 0
2026-09-05,03:15:41 GMT,V6.3 BLOCK - final pressure/veto/active/timing gate failed or signal already used
2026-09-05,03:15:41 GMT,SENTINEL V6 MULTI-WINDOW SCAN >>>
2026-09-05,03:15:41 GMT,V6.3 DIAG | 3 0 5 -0.25 0 0.25 0 -0.4 0.9500000000000001 -0.30000000000000004 5 3 2 1 0 0 1 0
2026-09-05,03:15:40 GMT,V6.3 BLOCK - final pressure/veto/active/timing gate failed or signal already used
2026-09-05,03:15:40 GMT,SENTINEL V6 MULTI-WINDOW SCAN >>>
2026-09-05,03:15:40 GMT,V6.3 DIAG | 3 0 3 -0.25 0 0.25 0 -0.4 0.9500000000000001 -0.30000000000000004 4 4 2 1 0 0 1 0
2026-09-05,03:15:40 GMT,V6.3 BLOCK - final pressure/veto/active/timing gate failed or signal already used
2026-09-05,03:15:40 GMT,SENTINEL V6 MULTI-WINDOW SCAN >>>
2026-09-05,03:15:40 GMT,V6.3 DIAG | 2 0 2 -0.20000000000000007 -0.05714285714285714 0.2 0.13333333333333336 0.35000000000000003 0.9500000000000001 -0.30000000000000004 4 4 2 1 0 0 1 0
2026-09-05,03:15:39 GMT,V6.3 BLOCK - final pressure/veto/active/timing gate failed or signal already used
2026-09-05,03:15:39 GMT,SENTINEL V6 MULTI-WINDOW SCAN >>>
2026-09-05,03:15:39 GMT,V6.3 DIAG | 8 0 2 -0.20000000000000007 -0.05714285714285714 0.2 0.13333333333333336 0.35000000000000003 0.9500000000000001 -0.30000000000000004 4 4 2 1 0 0 1 0
2026-09-05,03:15:38 GMT,Loss amount: -3
2026-09-05,03:15:38 GMT,V6.3 DIAG | 8 0 4 -0.10000000000000009 -0.08571428571428572 0.09999999999999998 0.2 0.35000000000000003 0.45 0.5 5 3 1 1 0 0 0 1
2026-09-05,03:15:38 GMT,V6.3 DIAG | 6 0 7 0.050000000000000044 -0.057142857142857134 -0.04999999999999999 0.13333333333333333 0.35000000000000003 -0.05 0.45 6 2 0 1 0 0 0 1
2026-09-05,03:15:37 GMT,V6.3 DIAG | 7 0 5 -0.10000000000000009 -0.028571428571428567 0.09999999999999998 0.06666666666666667 0.1 -0.05 0.45 6 2 0 1 0 0 0 1
2026-09-05,03:15:37 GMT,V6.3 DIAG | 2 0 6 0 0 0 0 -0.4 -0.05 0.45 7 1 0 1 0 0 0 1
2026-09-05,03:15:37 GMT,Bought: (ID: 22525890079)
2026-09-05,03:15:30 GMT,SENTINEL V6 MULTI-WINDOW SCAN >>>
2026-09-05,03:15:30 GMT,V6.3 DIAG | 0 1 12 0.25 0.028571428571428567 -0.24999999999999997 -0.06666666666666667 -0.45 -0.1 -0.1 7 1 0 0 1 1 0 1
2026-09-05,03:15:29 GMT,V6.3 BLOCK - final pressure/veto/active/timing gate failed or signal already used
2026-09-05,03:15:29 GMT,SENTINEL V6 MULTI-WINDOW SCAN >>>
2026-09-05,03:15:29 GMT,V6.3 DIAG | 6 0 8 0.25 -0.028571428571428567 -0.24999999999999997 0.06666666666666667 0.35000000000000003 -0.1 -0.1 7 1 0 1 0 0 0 1
2026-09-05,03:15:29 GMT,V6.3 BLOCK - final pressure/veto/active/timing gate failed or signal already used
2026-09-05,03:15:29 GMT,SENTINEL V6 MULTI-WINDOW SCAN >>>
2026-09-05,03:15:29 GMT,V6.3 DIAG | 3 0 8 0.30000000000000004 -0.028571428571428567 -0.30000000000000004 0.06666666666666667 0.30000000000000004 -0.1 -0.1 7 1 0 0 0 0 0 1
2026-09-05,03:15:28 GMT,V6.3 BLOCK - final pressure/veto/active/timing gate failed or signal already used
2026-09-05,03:15:28 GMT,SENTINEL V6 MULTI-WINDOW SCAN >>>
2026-09-05,03:15:28 GMT,V6.3 DIAG | 5 0 8 0.30000000000000004 -0.028571428571428567 -0.30000000000000004 0.06666666666666667 0.30000000000000004 -0.1 -0.1 7 1 0 0 0 0 0 1
2026-09-05,03:15:28 GMT,V6.3 BLOCK - final pressure/veto/active/timing gate failed or signal already used
2026-09-05,03:15:28 GMT,SENTINEL V6 MULTI-WINDOW SCAN >>>
2026-09-05,03:15:28 GMT,V6.3 DIAG | 3 0 8 0.30000000000000004 -0.028571428571428567 -0.30000000000000004 0.06666666666666667 0.30000000000000004 -0.1 -0.1 7 1 0 0 0 0 0 1
2026-09-05,03:15:28 GMT,V6.3 BLOCK - final pressure/veto/active/timing gate failed or signal already used
2026-09-05,03:15:28 GMT,SENTINEL V6 MULTI-WINDOW SCAN >>>
2026-09-05,03:15:28 GMT,V6.3 DIAG | 7 0 8 0.30000000000000004 -0.028571428571428567 -0.30000000000000004 0.06666666666666667 0.30000000000000004 -0.1 -0.1 7 1 0 1 0 0 0 1
2026-09-05,03:15:27 GMT,V6.3 BLOCK - final pressure/veto/active/timing gate failed or signal already used
2026-09-05,03:15:27 GMT,SENTINEL V6 MULTI-WINDOW SCAN >>>
2026-09-05,03:15:27 GMT,V6.3 DIAG | 6 1 9 0.44999999999999996 0 -0.45 0 -0.25 -0.1 -0.1 8 0 0 0 0 0 0 1
2026-09-05,03:15:27 GMT,V6.3 BLOCK - final pressure/veto/active/timing gate failed or signal already used
2026-09-05,03:15:27 GMT,SENTINEL V6 MULTI-WINDOW SCAN >>>
2026-09-05,03:15:27 GMT,V6.3 DIAG | 0 1 9 0.44999999999999996 0 -0.45 0 -0.25 -0.1 -0.1 8 0 0 0 0 0 0 1
2026-09-05,03:15:26 GMT,Profit amount: 1.21
2026-09-05,03:15:26 GMT,V6.3 DIAG | 3 1 12 0.30000000000000004 0.028571428571428567 -0.30000000000000004 -0.06666666666666667 -0.5 -0.1 -0.1 8 0 0 0 1 1 0 1
2026-09-05,03:15:26 GMT,V6.3 DIAG | 3 1 12 0.35 0.028571428571428567 -0.35 -0.06666666666666667 -0.55 -0.1 -0.1 8 0 0 0 0 0 0 1
2026-09-05,03:15:24 GMT,V6.3 DIAG | 4 1 12 0.20000000000000007 0.057142857142857134 -0.2 -0.13333333333333333 -0.55 -0.35000000000000003 -0.1 7 1 0 0 1 1 0 1
2026-09-05,03:15:24 GMT,V6.3 DIAG | 4 1 12 0.25 0.057142857142857134 -0.25 -0.13333333333333333 -0.55 -0.4 -0.1 7 1 0 0 1 1 0 1
2026-09-05,03:15:24 GMT,Bought: (ID: 22525869839)
2026-09-05,03:15:16 GMT,SENTINEL V6 MULTI-WINDOW SCAN >>>
2026-09-05,03:15:16 GMT,V6.3 DIAG | 3 1 12 0.1499999999999999 0.028571428571428567 -0.15000000000000002 -0.06666666666666667 -0.04999999999999999 -0.4 -0.1 5 3 1 0 1 1 0 1
2026-09-05,03:15:16 GMT,V6.3 BLOCK - final pressure/veto/active/timing gate failed or signal already used
2026-09-05,03:15:16 GMT,SENTINEL V6 MULTI-WINDOW SCAN >>>
2026-09-05,03:15:16 GMT,V6.3 DIAG | 5 0 6 0 0 0 0 -0.04999999999999999 0.4 -0.35000000000000003 5 3 1 1 0 0 0 1
2026-09-05,03:15:16 GMT,V6.3 BLOCK - final pressure/veto/active/timing gate failed or signal already used
2026-09-05,03:15:16 GMT,SENTINEL V6 MULTI-WINDOW SCAN >>>
2026-09-05,03:15:16 GMT,V6.3 DIAG | 2 0 6 0 0 0 0 -0.04999999999999999 0.4 -0.35000000000000003 5 3 1 1 0 0 0 1
2026-09-05,03:15:15 GMT,V6.3 BLOCK - final pressure/veto/active/timing gate failed or signal already used
2026-09-05,03:15:15 GMT,SENTINEL V6 MULTI-WINDOW SCAN >>>
2026-09-05,03:15:15 GMT,V6.3 DIAG | 7 0 3 0 -0.05714285714285714 0 0.13333333333333336 0.75 0.4 -0.35000000000000003 4 4 1 1 0 0 0 1
2026-09-05,03:15:15 GMT,V6.3 BLOCK - final pressure/veto/active/timing gate failed or signal already used
2026-09-05,03:15:15 GMT,SENTINEL V6 MULTI-WINDOW SCAN >>>
2026-09-05,03:15:15 GMT,V6.3 DIAG | 2 0 5 -0.050000000000000044 0 0.050000000000000044 0 0.25 0.15000000000000002 -0.35000000000000003 5 3 1 1 0 0 0 1
2026-09-05,03:15:15 GMT,V6.3 BLOCK - final pressure/veto/active/timing gate failed or signal already used
2026-09-05,03:15:15 GMT,SENTINEL V6 MULTI-WINDOW SCAN >>>
2026-09-05,03:15:15 GMT,V6.3 DIAG | 8 0 9 -0.19999999999999996 0.028571428571428574 0.2 -0.06666666666666668 0 0.15000000000000002 -0.35000000000000003 5 3 1 1 0 0 0 1
2026-09-05,03:15:09 GMT,V6.3 BLOCK - final pressure/veto/active/timing gate failed or signal already used
2026-09-05,03:15:09 GMT,SENTINEL V6 MULTI-WINDOW SCAN >>>
2026-09-05,03:15:09 GMT,V6.3 DIAG | 3 1 9 -0.25 0.028571428571428574 0.25 -0.06666666666666668 0 -0.35000000000000003 0.2 5 3 1 0 0 0 0 1
2026-09-05,03:15:09 GMT,V6.3 BLOCK - final pressure/veto/active/timing gate failed or signal already used
2026-09-05,03:15:09 GMT,SENTINEL V6 MULTI-WINDOW SCAN >>>
2026-09-05,03:15:09 GMT,V6.3 DIAG | 7 0 7 -0.25 0.028571428571428574 0.25 -0.06666666666666668 0 -0.35000000000000003 0.2 4 4 1 1 0 0 0 1
2026-09-05,03:15:09 GMT,V6.3 BLOCK - final pressure/veto/active/timing gate failed or signal already used
2026-09-05,03:15:09 GMT,SENTINEL V6 MULTI-WINDOW SCAN >>>
2026-09-05,03:15:09 GMT,V6.3 DIAG | 4 0 7 -0.30000000000000004 0.08571428571428572 0.3 -0.2 -0.75 -0.35000000000000003 0.2 4 4 1 0 0 0 0 1
2026-09-05,03:15:08 GMT,V6.3 BLOCK - final pressure/veto/active/timing gate failed or signal already used
2026-09-05,03:15:08 GMT,SENTINEL V6 MULTI-WINDOW SCAN >>>
2026-09-05,03:15:08 GMT,V6.3 DIAG | 3 0 6 -0.30000000000000004 0.028571428571428574 0.3 -0.06666666666666668 -0.75 0.45 0.2 4 4 1 1 0 0 0 1
2026-09-05,03:15:08 GMT,V6.3 BLOCK - final pressure/veto/active/timing gate failed or signal already used
2026-09-05,03:15:08 GMT,SENTINEL V6 MULTI-WINDOW SCAN >>>
2026-09-05,03:15:08 GMT,V6.3 DIAG | 9 0 2 -0.30000000000000004 -0.028571428571428574 0.3 0.06666666666666668 0.05000000000000002 0.45 0.2 3 5 1 1 0 0 0 1
2026-09-05,03:15:08 GMT,V6.3 BLOCK - final pressure/veto/active/timing gate failed or signal already used
2026-09-05,03:15:08 GMT,SENTINEL V6 MULTI-WINDOW SCAN >>>
2026-09-05,03:15:08 GMT,V6.3 DIAG | 3 0 2 -0.20000000000000007 -0.05714285714285714 0.2 0.13333333333333336 0.05000000000000002 0.45 0.5 4 4 1 1 0 0 0 1
2026-09-05,03:15:07 GMT,V6.3 BLOCK - final pressure/veto/active/timing gate failed or signal already used
2026-09-05,03:15:07 GMT,SENTINEL V6 MULTI-WINDOW SCAN >>>
2026-09-05,03:15:07 GMT,V6.3 DIAG | 5 0 3 -0.35 -0.028571428571428574 0.35 0.06666666666666668 -0.20000000000000004 0.45 0.5 4 4 1 1 0 0 0 1
2026-09-05,03:15:07 GMT,V6.3 BLOCK - final pressure/veto/active/timing gate failed or signal already used
2026-09-05,03:15:07 GMT,SENTINEL V6 MULTI-WINDOW SCAN >>>
2026-09-05,03:15:07 GMT,V6.3 DIAG | 8 0 2 -0.35 -0.08571428571428572 0.35 0.2 0.6 0.45 0.5 4 4 1 1 0 0 0 1
2026-09-05,03:15:07 GMT,V6.3 BLOCK - final pressure/veto/active/timing gate failed or signal already used
2026-09-05,03:15:07 GMT,SENTINEL V6 MULTI-WINDOW SCAN >>>
2026-09-05,03:15:07 GMT,V6.3 DIAG | 7 0 3 -0.20000000000000007 -0.05714285714285714 0.2 0.13333333333333336 0.6 -0.1 0.5 4 4 0 1 0 0 0 1
2026-09-05,03:14:59 GMT,V6.3 BLOCK - final pressure/veto/active/timing gate failed or signal already used
2026-09-05,03:14:59 GMT,SENTINEL V6 MULTI-WINDOW SCAN >>>
2026-09-05,03:14:59 GMT,V6.3 DIAG | 9 0 6 -0.20000000000000007 0 0.2 0 -0.15000000000000002 -0.15 0.5 5 3 0 1 0 0 0 1
2026-09-05,03:14:58 GMT,V6.3 BLOCK - final pressure/veto/active/timing gate failed or signal already used
2026-09-05,03:14:58 GMT,SENTINEL V6 MULTI-WINDOW SCAN >>>
2026-09-05,03:14:58 GMT,V6.3 DIAG | 2 1 10 -0.10000000000000009 0.028571428571428567 0.09999999999999998 -0.06666666666666667 -0.15000000000000002 -0.15 0 6 2 0 0 0 0 0 1
2026-09-05,03:14:58 GMT,V6.3 BLOCK - final pressure/veto/active/timing gate failed or signal already used
2026-09-05,03:14:58 GMT,SENTINEL V6 MULTI-WINDOW SCAN >>>
2026-09-05,03:14:58 GMT,V6.3 DIAG | 7 0 6 -0.25 0 0.25 0 0.65 -0.4 0 5 3 0 1 0 0 0 1
2026-09-05,03:14:58 GMT,V6.3 BLOCK - final pressure/veto/active/timing gate failed or signal already used
2026-09-05,03:14:58 GMT,SENTINEL V6 MULTI-WINDOW SCAN >>>
2026-09-05,03:14:58 GMT,V6.3 DIAG | 6 1 9 -0.15000000000000002 0.028571428571428567 0.15 -0.06666666666666667 0.15000000000000002 -0.4 0 6 2 0 1 0 0 0 1
2026-09-05,03:14:57 GMT,V6.3 BLOCK - final pressure/veto/active/timing gate failed or signal already used
2026-09-05,03:14:57 GMT,SENTINEL V6 MULTI-WINDOW SCAN >>>
2026-09-05,03:14:57 GMT,V6.3 DIAG | 4 1 10 -0.25 0.05714285714285714 0.25 -0.13333333333333336 -0.10000000000000003 -0.45 0 5 3 1 0 0 0 0 1
2026-09-05,03:14:57 GMT,V6.3 BLOCK - final pressure/veto/active/timing gate failed or signal already used
2026-09-05,03:14:57 GMT,SENTINEL V6 MULTI-WINDOW SCAN >>>
2026-09-05,03:14:57 GMT,V6.3 DIAG | 2 0 6 -0.25 0 0.25 0 0.7 -0.45 0 5 3 1 0 0 0 0 1
2026-09-05,03:14:56 GMT,V6.3 BLOCK - final pressure/veto/active/timing gate failed or signal already used
2026-09-05,03:14:56 GMT,SENTINEL V6 MULTI-WINDOW SCAN >>>
2026-09-05,03:14:56 GMT,V6.3 DIAG | 7 0 4 -0.25 0 0.25 0 0.7 -0.45 0 4 4 1 1 0 0 0 1
2026-09-05,03:14:56 GMT,V6.3 BLOCK - final pressure/veto/active/timing gate failed or signal already used
2026-09-05,03:14:56 GMT,SENTINEL V6 MULTI-WINDOW SCAN >>>
2026-09-05,03:14:56 GMT,V6.3 DIAG | 1 0 5 -0.15000000000000002 -0.028571428571428567 0.15 0.06666666666666667 0.2 0.35000000000000003 0 5 3 1 1 0 0 0 1
2026-09-05,03:14:56 GMT,V6.3 BLOCK - final pressure/veto/active/timing gate failed or signal already used
2026-09-05,03:14:56 GMT,SENTINEL V6 MULTI-WINDOW SCAN >>>
2026-09-05,03:14:56 GMT,V6.3 DIAG | 2 0 5 -0.15000000000000002 -0.028571428571428567 0.15 0.06666666666666667 0.2 0.35000000000000003 0 5 3 1 1 0 0 0 1
2026-09-05,03:14:56 GMT,V6.3 BLOCK - final pressure/veto/active/timing gate failed or signal already used
2026-09-05,03:14:56 GMT,SENTINEL V6 MULTI-WINDOW SCAN >>>
2026-09-05,03:14:56 GMT,V6.3 DIAG | 7 0 5 -0.15000000000000002 -0.08571428571428572 0.15 0.2 1 0.35000000000000003 0 5 3 1 1 0 0 0 1
2026-09-05,03:14:52 GMT,V6.3 BLOCK - final pressure/veto/active/timing gate failed or signal already used
2026-09-05,03:14:52 GMT,SENTINEL V6 MULTI-WINDOW SCAN >>>
2026-09-05,03:14:52 GMT,V6.3 DIAG | 2 0 5 0 -0.057142857142857134 0 0.13333333333333333 0.5 0.35000000000000003 -0.05 6 2 1 1 0 0 0 1
2026-09-05,03:14:51 GMT,V6.3 BLOCK - final pressure/veto/active/timing gate failed or signal already used
2026-09-05,03:14:51 GMT,SENTINEL V6 MULTI-WINDOW SCAN >>>
2026-09-05,03:14:51 GMT,V6.3 DIAG | 8 0 5 0 -0.057142857142857134 0 0.13333333333333333 0.5 0.35000000000000003 -0.05 6 2 1 1 0 0 0 1
2026-09-05,03:14:51 GMT,V6.3 BLOCK - final pressure/veto/active/timing gate failed or signal already used
2026-09-05,03:14:51 GMT,SENTINEL V6 MULTI-WINDOW SCAN >>>
2026-09-05,03:14:51 GMT,V6.3 DIAG | 2 0 8 0.15000000000000002 -0.028571428571428567 -0.15 0.06666666666666667 0.5 -0.2 -0.05 7 1 0 0 0 0 0 1
2026-09-05,03:14:51 GMT,V6.3 BLOCK - final pressure/veto/active/timing gate failed or signal already used
2026-09-05,03:14:51 GMT,SENTINEL V6 MULTI-WINDOW SCAN >>>
2026-09-05,03:14:51 GMT,V6.3 DIAG | 7 0 8 0.15000000000000002 -0.028571428571428567 -0.15 0.06666666666666667 0.5 -0.2 -0.05 7 1 0 1 0 0 0 1
2026-09-05,03:14:50 GMT,V6.3 BLOCK - final pressure/veto/active/timing gate failed or signal already used
2026-09-05,03:14:50 GMT,SENTINEL V6 MULTI-WINDOW SCAN >>>
2026-09-05,03:14:50 GMT,V6.3 DIAG | 6 1 9 0.25 0 -0.25 0 0 -0.2 -0.05 8 0 0 0 0 0 0 1
2026-09-05,03:14:50 GMT,V6.3 BLOCK - final pressure/veto/active/timing gate failed or signal already used
2026-09-05,03:14:50 GMT,SENTINEL V6 MULTI-WINDOW SCAN >>>
2026-09-05,03:14:50 GMT,V6.3 DIAG | 3 1 9 0.25 0 -0.25 0 0 -0.2 -0.05 8 0 0 0 0 0 0 1
2026-09-05,03:14:49 GMT,Profit amount: 1.21
2026-09-05,03:14:49 GMT,V6.3 DIAG | 4 1 9 0.30000000000000004 0 -0.3 0 -0.05 -0.2 -0.05 8 0 0 0 0 0 0 1
2026-09-05,03:14:49 GMT,V6.3 DIAG | 1 1 9 0.30000000000000004 0 -0.3 0 -0.05 -0.2 -0.05 8 0 0 0 0 0 0 1
2026-09-05,03:14:48 GMT,V6.3 DIAG | 1 1 9 0.30000000000000004 0 -0.3 0 -0.05 -0.2 -0.05 8 0 0 0 0 0 0 1
2026-09-05,03:14:47 GMT,V6.3 DIAG | 3 1 12 0.15000000000000002 0.028571428571428567 -0.15 -0.06666666666666667 -0.05 -0.45 -0.05 8 0 0 0 0 0 0 1
2026-09-05,03:14:47 GMT,Bought: (ID: 22525808259)
2026-09-05,03:14:40 GMT,SENTINEL V6 MULTI-WINDOW SCAN >>>
2026-09-05,03:14:40 GMT,V6.3 DIAG | 5 1 12 0.050000000000000044 0.057142857142857134 -0.04999999999999999 -0.13333333333333333 -0.1 -0.7000000000000001 -0.05 7 1 1 0 1 1 0 1
2026-09-05,03:14:39 GMT,V6.3 BLOCK - final pressure/veto/active/timing gate failed or signal already used
2026-09-05,03:14:39 GMT,SENTINEL V6 MULTI-WINDOW SCAN >>>
2026-09-05,03:14:39 GMT,V6.3 DIAG | 0 0 11 0.050000000000000044 0.057142857142857134 -0.04999999999999999 -0.13333333333333333 -0.1 -0.7000000000000001 -0.05 6 2 2 0 1 0 0 1
2026-09-05,03:14:39 GMT,V6.3 BLOCK - final pressure/veto/active/timing gate failed or signal already used
2026-09-05,03:14:39 GMT,SENTINEL V6 MULTI-WINDOW SCAN >>>
2026-09-05,03:14:39 GMT,V6.3 DIAG | 1 0 11 0.050000000000000044 0.057142857142857134 -0.04999999999999999 -0.13333333333333333 -0.1 -0.7000000000000001 -0.05 6 2 2 0 1 0 0 1
2026-09-05,03:14:39 GMT,V6.3 BLOCK - final pressure/veto/active/timing gate failed or signal already used
2026-09-05,03:14:39 GMT,SENTINEL V6 MULTI-WINDOW SCAN >>>
2026-09-05,03:14:39 GMT,V6.3 DIAG | 2 0 9 -0.10000000000000009 0.028571428571428567 0.09999999999999998 -0.06666666666666667 -0.1 -0.15000000000000002 -0.05 6 2 2 0 0 0 0 1
2026-09-05,03:14:38 GMT,V6.3 BLOCK - final pressure/veto/active/timing gate failed or signal already used
2026-09-05,03:14:38 GMT,SENTINEL V6 MULTI-WINDOW SCAN >>>
2026-09-05,03:14:38 GMT,V6.3 DIAG | 3 0 5 -0.10000000000000009 -0.028571428571428567 0.09999999999999998 0.06666666666666667 -0.1 0.65 -0.05 6 2 2 1 0 0 0 1
2026-09-05,03:14:38 GMT,V6.3 BLOCK - final pressure/veto/active/timing gate failed or signal already used
2026-09-05,03:14:38 GMT,SENTINEL V6 MULTI-WINDOW SCAN >>>
2026-09-05,03:14:38 GMT,V6.3 DIAG | 6 0 5 -0.050000000000000044 -0.028571428571428567 0.04999999999999999 0.06666666666666667 -0.15 0.65 -0.05 5 3 3 1 0 0 0 1
2026-09-05,03:14:37 GMT,V6.3 BLOCK - final pressure/veto/active/timing gate failed or signal already used
2026-09-05,03:14:37 GMT,SENTINEL V6 MULTI-WINDOW SCAN >>>
2026-09-05,03:14:37 GMT,V6.3 DIAG | 0 0 5 -0.050000000000000044 -0.028571428571428567 0.04999999999999999 0.06666666666666667 -0.15 0.65 -0.05 5 3 3 1 0 0 0 1
2026-09-05,03:14:37 GMT,V6.3 BLOCK - final pressure/veto/active/timing gate failed or signal already used
2026-09-05,03:14:37 GMT,SENTINEL V6 MULTI-WINDOW SCAN >>>
2026-09-05,03:14:37 GMT,V6.3 DIAG | 8 0 5 -0.050000000000000044 -0.028571428571428567 0.04999999999999999 0.06666666666666667 -0.15 0.65 -0.05 5 3 3 1 0 0 0 1
2026-09-05,03:14:36 GMT,Profit amount: 1.21
2026-09-05,03:14:35 GMT,V6.3 DIAG | 8 0 7 0.050000000000000044 -0.057142857142857134 -0.04999999999999999 0.13333333333333333 -0.15 0.9500000000000001 -0.05 6 2 2 1 0 0 0 1
2026-09-05,03:14:35 GMT,V6.3 DIAG | 2 0 6 0 0 0 0 -0.15 0.45 -0.30000000000000004 7 1 1 1 0 0 0 1
2026-09-05,03:14:35 GMT,V6.3 DIAG | 3 0 8 0.050000000000000044 0 -0.04999999999999999 0 -0.2 0.45 -0.30000000000000004 7 1 1 1 0 0 0 1
2026-09-05,03:14:34 GMT,V6.3 DIAG | 2 0 9 -0.050000000000000044 0.028571428571428567 0.04999999999999999 -0.06666666666666667 -0.2 0.2 -0.35000000000000003 6 2 1 1 0 0 0 1
2026-09-05,03:14:34 GMT,Bought: (ID: 22525790259)
2026-09-05,03:14:27 GMT,SENTINEL V6 MULTI-WINDOW SCAN >>>
2026-09-05,03:14:27 GMT,V6.3 DIAG | 5 1 12 0.050000000000000044 0.057142857142857134 -0.04999999999999999 -0.13333333333333333 -0.2 -0.30000000000000004 -0.35000000000000003 6 2 1 0 1 1 0 1
2026-09-05,03:14:27 GMT,V6.3 BLOCK - final pressure/veto/active/timing gate failed or signal already used
2026-09-05,03:14:27 GMT,SENTINEL V6 MULTI-WINDOW SCAN >>>
2026-09-05,03:14:27 GMT,V6.3 DIAG | 6 0 8 0.050000000000000044 0 -0.04999999999999999 0 -0.2 -0.30000000000000004 0.45 6 2 1 1 0 0 0 1
2026-09-05,03:14:26 GMT,V6.3 BLOCK - final pressure/veto/active/timing gate failed or signal already used
2026-09-05,03:14:26 GMT,SENTINEL V6 MULTI-WINDOW SCAN >>>
2026-09-05,03:14:26 GMT,V6.3 DIAG | 6 1 9 -0.050000000000000044 0.028571428571428567 0.04999999999999999 -0.06666666666666667 -0.45 -0.30000000000000004 0.4 6 2 1 0 0 0 0 1
2026-09-05,03:14:26 GMT,V6.3 BLOCK - final pressure/veto/active/timing gate failed or signal already used
2026-09-05,03:14:26 GMT,SENTINEL V6 MULTI-WINDOW SCAN >>>
2026-09-05,03:14:26 GMT,V6.3 DIAG | 4 0 5 0 -0.028571428571428567 0 0.06666666666666667 -0.45 0.45 0.4 6 2 1 1 0 0 0 1
2026-09-05,03:14:26 GMT,V6.3 BLOCK - final pressure/veto/active/timing gate failed or signal already used
2026-09-05,03:14:26 GMT,SENTINEL V6 MULTI-WINDOW SCAN >>>
2026-09-05,03:14:26 GMT,V6.3 DIAG | 0 0 5 0 -0.028571428571428567 0 0.06666666666666667 -0.45 0.45 0.4 5 3 1 1 0 0 0 1
2026-09-05,03:14:26 GMT,V6.3 BLOCK - final pressure/veto/active/timing gate failed or signal already used
2026-09-05,03:14:26 GMT,SENTINEL V6 MULTI-WINDOW SCAN >>>
2026-09-05,03:14:26 GMT,V6.3 DIAG | 9 0 5 0 -0.028571428571428567 0 0.06666666666666667 -0.45 0.45 0.4 5 3 1 1 0 0 0 1
2026-09-05,03:14:19 GMT,V6.3 BLOCK - final pressure/veto/active/timing gate failed or signal already used
2026-09-05,03:14:19 GMT,SENTINEL V6 MULTI-WINDOW SCAN >>>
2026-09-05,03:14:19 GMT,V6.3 DIAG | 1 0 8 0.10000000000000009 0 -0.09999999999999998 0 -0.45 0.45 -0.1 6 2 1 1 0 0 0 1
2026-09-05,03:14:19 GMT,V6.3 BLOCK - final pressure/veto/active/timing gate failed or signal already used
2026-09-05,03:14:19 GMT,SENTINEL V6 MULTI-WINDOW SCAN >>>
2026-09-05,03:14:19 GMT,V6.3 DIAG | 8 0 5 -0.050000000000000044 -0.028571428571428567 0.04999999999999999 0.06666666666666667 0.1 0.45 -0.1 6 2 1 1 0 0 0 1
2026-09-05,03:14:18 GMT,V6.3 BLOCK - final pressure/veto/active/timing gate failed or signal already used
2026-09-05,03:14:18 GMT,SENTINEL V6 MULTI-WINDOW SCAN >>>
2026-09-05,03:14:18 GMT,V6.3 DIAG | 2 0 8 0.10000000000000009 0 -0.09999999999999998 0 0.1 -0.1 -0.1 7 1 0 0 0 0 0 1
2026-09-05,03:14:18 GMT,V6.3 BLOCK - final pressure/veto/active/timing gate failed or signal already used
2026-09-05,03:14:18 GMT,SENTINEL V6 MULTI-WINDOW SCAN >>>
2026-09-05,03:14:18 GMT,V6.3 DIAG | 1 0 8 0.15000000000000002 0 -0.14999999999999997 0 0.05000000000000002 -0.1 -0.1 6 2 0 0 0 0 0 1
2026-09-05,03:14:18 GMT,V6.3 BLOCK - final pressure/veto/active/timing gate failed or signal already used
2026-09-05,03:14:18 GMT,SENTINEL V6 MULTI-WINDOW SCAN >>>
2026-09-05,03:14:18 GMT,V6.3 DIAG | 3 0 8 0.15000000000000002 0 -0.14999999999999997 0 0.05000000000000002 -0.1 -0.1 6 2 0 1 0 0 0 1
2026-09-05,03:14:17 GMT,V6.3 BLOCK - final pressure/veto/active/timing gate failed or signal already used
2026-09-05,03:14:17 GMT,SENTINEL V6 MULTI-WINDOW SCAN >>>
2026-09-05,03:14:17 GMT,V6.3 DIAG | 7 1 9 0.20000000000000007 0 -0.2 0 0 -0.1 -0.1 6 2 0 0 0 0 0 1
2026-09-05,03:14:17 GMT,V6.3 BLOCK - final pressure/veto/active/timing gate failed or signal already used
2026-09-05,03:14:17 GMT,SENTINEL V6 MULTI-WINDOW SCAN >>>
2026-09-05,03:14:17 GMT,V6.3 DIAG | 5 0 8 0.15000000000000002 0 -0.14999999999999997 0 0.05000000000000002 -0.1 -0.1 7 1 0 1 0 0 0 1
2026-09-05,03:14:16 GMT,V6.3 BLOCK - final pressure/veto/active/timing gate failed or signal already used
2026-09-05,03:14:16 GMT,SENTINEL V6 MULTI-WINDOW SCAN >>>
2026-09-05,03:14:16 GMT,V6.3 DIAG | 3 0 8 0.20000000000000007 0 -0.2 0 0.05000000000000002 -0.15 -0.1 7 1 0 0 0 0 0 1
2026-09-05,03:14:16 GMT,V6.3 BLOCK - final pressure/veto/active/timing gate failed or signal already used
2026-09-05,03:14:16 GMT,SENTINEL V6 MULTI-WINDOW SCAN >>>
2026-09-05,03:14:16 GMT,V6.3 DIAG | 4 0 8 0.20000000000000007 0 -0.2 0 0.05000000000000002 -0.15 -0.1 6 2 0 0 0 0 0 1
2026-09-05,03:14:15 GMT,Profit amount: 1.21
2026-09-05,03:14:15 GMT,V6.3 DIAG | 3 1 9 0.25 0 -0.25 0 0 -0.15 -0.1 6 2 0 0 0 0 0 1
2026-09-05,03:14:15 GMT,V6.3 DIAG | 7 1 9 0.30000000000000004 0 -0.3 0 0 -0.2 -0.1 6 2 0 0 0 0 0 1
2026-09-05,03:14:14 GMT,V6.3 DIAG | 0 0 8 0.25 0 -0.25 0 0.05000000000000002 -0.2 -0.1 7 1 0 0 0 0 0 1
2026-09-05,03:14:14 GMT,V6.3 DIAG | 4 1 11 0.09999999999999998 0.028571428571428567 -0.10000000000000003 -0.06666666666666667 0.05000000000000002 -0.2 -0.35000000000000003 7 1 0 0 1 1 0 1
2026-09-05,03:14:14 GMT,Bought: (ID: 22525760259)
2026-09-05,03:14:09 GMT,SENTINEL V6 MULTI-WINDOW SCAN >>>
2026-09-05,03:14:09 GMT,V6.3 DIAG | 4 1 11 0.09999999999999998 0.028571428571428567 -0.10000000000000003 -0.06666666666666667 0.35000000000000003 -0.25 -0.6000000000000001 6 2 0 0 1 1 0 1
2026-09-05,03:13:58 GMT,V6.3 BLOCK - final pressure/veto/active/timing gate failed or signal already used
2026-09-05,03:13:58 GMT,SENTINEL V6 MULTI-WINDOW SCAN >>>
2026-09-05,03:13:58 GMT,V6.3 DIAG | 1 0 5 -0.050000000000000044 0 0.050000000000000044 0 0.35000000000000003 -0.5 0.2 6 2 0 0 0 0 0 1
2026-09-05,03:13:58 GMT,V6.3 BLOCK - final pressure/veto/active/timing gate failed or signal already used
2026-09-05,03:13:58 GMT,SENTINEL V6 MULTI-WINDOW SCAN >>>
2026-09-05,03:13:58 GMT,V6.3 DIAG | 2 0 5 -0.050000000000000044 0 0.050000000000000044 0 0.35000000000000003 -0.5 0.2 5 3 0 1 0 0 0 1
2026-09-05,03:13:58 GMT,V6.3 BLOCK - final pressure/veto/active/timing gate failed or signal already used
2026-09-05,03:13:58 GMT,SENTINEL V6 MULTI-WINDOW SCAN >>>
2026-09-05,03:13:58 GMT,V6.3 DIAG | 3 0 3 0 0 0 0 0.35000000000000003 -0.55 0.2 4 4 1 0 0 0 0 1
2026-09-05,03:13:57 GMT,V6.3 BLOCK - final pressure/veto/active/timing gate failed or signal already used
2026-09-05,03:13:57 GMT,SENTINEL V6 MULTI-WINDOW SCAN >>>
2026-09-05,03:13:57 GMT,V6.3 DIAG | 7 0 4 0.04999999999999993 0 -0.04999999999999999 0 0.30000000000000004 -0.55 0.2 4 4 1 1 0 0 0 1
2026-09-05,03:13:57 GMT,V6.3 BLOCK - final pressure/veto/active/timing gate failed or signal already used
2026-09-05,03:13:57 GMT,SENTINEL V6 MULTI-WINDOW SCAN >>>
2026-09-05,03:13:57 GMT,V6.3 DIAG | 9 0 8 0.1499999999999999 -0.028571428571428567 -0.15000000000000002 0.06666666666666667 -0.2 -0.55 1 5 3 1 0 0 0 0 1
2026-09-05,03:13:57 GMT,V6.3 BLOCK - final pressure/veto/active/timing gate failed or signal already used
2026-09-05,03:13:57 GMT,SENTINEL V6 MULTI-WINDOW SCAN >>>
2026-09-05,03:13:57 GMT,V6.3 DIAG | 0 0 8 0.1499999999999999 -0.028571428571428567 -0.15000000000000002 0.06666666666666667 -0.2 -0.04999999999999999 0.5 6 2 1 0 0 0 0 1
2026-09-05,03:13:57 GMT,V6.3 BLOCK - final pressure/veto/active/timing gate failed or signal already used
2026-09-05,03:13:57 GMT,SENTINEL V6 MULTI-WINDOW SCAN >>>
2026-09-05,03:13:57 GMT,V6.3 DIAG | 4 0 6 0 0 0 0 -0.45 -0.04999999999999999 0.5 6 2 1 0 0 0 0 1
2026-09-05,03:13:57 GMT,V6.3 BLOCK - final pressure/veto/active/timing gate failed or signal already used
2026-09-05,03:13:57 GMT,SENTINEL V6 MULTI-WINDOW SCAN >>>
2026-09-05,03:13:57 GMT,V6.3 DIAG | 6 0 6 0.04999999999999993 0 -0.04999999999999999 0 -0.5 -0.04999999999999999 0.5 5 3 2 1 0 0 0 1
2026-09-05,03:13:56 GMT,V6.3 BLOCK - final pressure/veto/active/timing gate failed or signal already used
2026-09-05,03:13:56 GMT,SENTINEL V6 MULTI-WINDOW SCAN >>>
2026-09-05,03:13:56 GMT,V6.3 DIAG | 9 0 6 -0.050000000000000044 0.028571428571428574 0.04999999999999999 -0.06666666666666668 -0.8 -0.04999999999999999 0.5 4 4 2 1 0 0 0 1
2026-09-05,03:13:56 GMT,V6.3 BLOCK - final pressure/veto/active/timing gate failed or signal already used
2026-09-05,03:13:56 GMT,SENTINEL V6 MULTI-WINDOW SCAN >>>
2026-09-05,03:13:56 GMT,V6.3 DIAG | 8 0 10 0.04999999999999993 0.05714285714285714 -0.04999999999999999 -0.13333333333333336 -0.8 -0.04999999999999999 0 5 3 2 0 0 0 0 1
2026-09-05,03:13:56 GMT,V6.3 BLOCK - final pressure/veto/active/timing gate failed or signal already used
2026-09-05,03:13:56 GMT,SENTINEL V6 MULTI-WINDOW SCAN >>>
2026-09-05,03:13:56 GMT,V6.3 DIAG | 6 1 11 0.04999999999999993 0.05714285714285714 -0.04999999999999999 -0.13333333333333336 -0.8500000000000001 0 0 5 3 1 0 0 0 0 1
2026-09-05,03:13:56 GMT,V6.3 BLOCK - final pressure/veto/active/timing gate failed or signal already used
2026-09-05,03:13:56 GMT,SENTINEL V6 MULTI-WINDOW SCAN >>>
2026-09-05,03:13:56 GMT,V6.3 DIAG | 2 0 8 0.04999999999999993 0 -0.04999999999999999 0 -0.04999999999999999 0 0 5 3 1 1 0 0 0 1
2026-09-05,03:13:56 GMT,V6.3 BLOCK - final pressure/veto/active/timing gate failed or signal already used
2026-09-05,03:13:56 GMT,SENTINEL V6 MULTI-WINDOW SCAN >>>
2026-09-05,03:13:56 GMT,V6.3 DIAG | 3 0 7 -0.09999999999999998 0.028571428571428574 0.09999999999999998 -0.06666666666666668 -0.30000000000000004 0 0 4 4 2 0 0 0 0 1
2026-09-05,03:13:49 GMT,V6.3 BLOCK - final pressure/veto/active/timing gate failed or signal already used
2026-09-05,03:13:49 GMT,SENTINEL V6 MULTI-WINDOW SCAN >>>
2026-09-05,03:13:49 GMT,V6.3 DIAG | 2 0 2 -0.25 0 0.25 0 0.5 -0.25 0 4 4 2 1 0 0 0 1
2026-09-05,03:13:49 GMT,V6.3 BLOCK - final pressure/veto/active/timing gate failed or signal already used
2026-09-05,03:13:49 GMT,SENTINEL V6 MULTI-WINDOW SCAN >>>
2026-09-05,03:13:49 GMT,V6.3 DIAG | 8 0 2 -0.19999999999999996 0 0.19999999999999996 0 0.45 -0.25 0 3 5 2 1 0 0 0 1
2026-09-05,03:13:49 GMT,V6.3 BLOCK - final pressure/veto/active/timing gate failed or signal already used
2026-09-05,03:13:49 GMT,SENTINEL V6 MULTI-WINDOW SCAN >>>
2026-09-05,03:13:49 GMT,V6.3 DIAG | 7 0 2 -0.09999999999999998 -0.028571428571428574 0.09999999999999998 0.06666666666666668 0.45 0.05000000000000002 0 3 5 2 1 0 0 0 1
2026-09-05,03:13:49 GMT,V6.3 BLOCK - final pressure/veto/active/timing gate failed or signal already used
2026-09-05,03:13:49 GMT,SENTINEL V6 MULTI-WINDOW SCAN >>>
2026-09-05,03:13:49 GMT,V6.3 DIAG | 2 0 4 0.04999999999999993 0 -0.04999999999999999 0 -0.04999999999999999 0.05000000000000002 -0.05 4 4 2 0 0 0 0 1
2026-09-05,03:13:48 GMT,V6.3 BLOCK - final pressure/veto/active/timing gate failed or signal already used
2026-09-05,03:13:48 GMT,SENTINEL V6 MULTI-WINDOW SCAN >>>
2026-09-05,03:13:48 GMT,V6.3 DIAG | 7 0 3 0.04999999999999993 -0.05714285714285714 -0.04999999999999999 0.13333333333333336 0.75 0.05000000000000002 -0.05 4 4 2 0 0 0 0 1
2026-09-05,03:13:48 GMT,V6.3 BLOCK - final pressure/veto/active/timing gate failed or signal already used
2026-09-05,03:13:48 GMT,SENTINEL V6 MULTI-WINDOW SCAN >>>
2026-09-05,03:13:48 GMT,V6.3 DIAG | 5 0 4 0 -0.05714285714285714 0 0.13333333333333336 0.25 0.6 -0.05 5 3 2 1 0 0 0 1
2026-09-05,03:13:48 GMT,V6.3 BLOCK - final pressure/veto/active/timing gate failed or signal already used
2026-09-05,03:13:48 GMT,SENTINEL V6 MULTI-WINDOW SCAN >>>
2026-09-05,03:13:48 GMT,V6.3 DIAG | 8 0 4 0 -0.05714285714285714 0 0.13333333333333336 0.25 0.6 -0.05 5 3 2 1 0 0 0 1
2026-09-05,03:13:48 GMT,V6.3 BLOCK - final pressure/veto/active/timing gate failed or signal already used
2026-09-05,03:13:48 GMT,SENTINEL V6 MULTI-WINDOW SCAN >>>
2026-09-05,03:13:48 GMT,V6.3 DIAG | 2 0 6 0.09999999999999998 -0.028571428571428567 -0.10000000000000003 0.06666666666666667 0.25 0.1 -0.05 5 3 2 0 0 0 0 1
2026-09-05,03:13:39 GMT,V6.3 BLOCK - final pressure/veto/active/timing gate failed or signal already used
2026-09-05,03:13:39 GMT,SENTINEL V6 MULTI-WINDOW SCAN >>>
2026-09-05,03:13:39 GMT,V6.3 DIAG | 7 0 6 0.09999999999999998 -0.028571428571428567 -0.10000000000000003 0.06666666666666667 0.25 0.1 -0.05 5 3 2 0 0 0 0 1
2026-09-05,03:13:39 GMT,V6.3 BLOCK - final pressure/veto/active/timing gate failed or signal already used
2026-09-05,03:13:39 GMT,SENTINEL V6 MULTI-WINDOW SCAN >>>
2026-09-05,03:13:39 GMT,V6.3 DIAG | 8 0 10 0.04999999999999993 0.028571428571428567 -0.04999999999999999 -0.06666666666666667 -0.25 -0.15000000000000002 -0.05 6 2 2 0 0 0 0 1
2026-09-05,03:13:39 GMT,V6.3 BLOCK - final pressure/veto/active/timing gate failed or signal already used
2026-09-05,03:13:39 GMT,SENTINEL V6 MULTI-WINDOW SCAN >>>
2026-09-05,03:13:39 GMT,V6.3 DIAG | 0 0 10 0.04999999999999993 0.028571428571428567 -0.04999999999999999 -0.06666666666666667 -0.5 0.15000000000000002 -0.1 7 1 1 1 0 0 0 1
2026-09-05,03:13:39 GMT,V6.3 BLOCK - final pressure/veto/active/timing gate failed or signal already used
2026-09-05,03:13:39 GMT,SENTINEL V6 MULTI-WINDOW SCAN >>>
2026-09-05,03:13:39 GMT,V6.3 DIAG | 1 0 10 0.09999999999999998 0.028571428571428567 -0.10000000000000003 -0.06666666666666667 -0.5 0.15000000000000002 -0.15 6 2 2 1 0 0 0 1
2026-09-05,03:13:38 GMT,V6.3 BLOCK - final pressure/veto/active/timing gate failed or signal already used
2026-09-05,03:13:38 GMT,SENTINEL V6 MULTI-WINDOW SCAN >>>
2026-09-05,03:13:38 GMT,V6.3 DIAG | 6 0 9 0 0.05714285714285714 0 -0.13333333333333336 -0.55 -0.10000000000000003 -0.15 5 3 2 0 0 0 0 1
2026-09-05,03:13:38 GMT,V6.3 BLOCK - final pressure/veto/active/timing gate failed or signal already used
2026-09-05,03:13:38 GMT,SENTINEL V6 MULTI-WINDOW SCAN >>>
2026-09-05,03:13:38 GMT,V6.3 DIAG | 6 0 9 0 0.05714285714285714 0 -0.13333333333333336 -0.55 -0.10000000000000003 -0.15 5 3 2 0 0 0 0 1
2026-09-05,03:13:38 GMT,V6.3 BLOCK - final pressure/veto/active/timing gate failed or signal already used
2026-09-05,03:13:38 GMT,SENTINEL V6 MULTI-WINDOW SCAN >>>
2026-09-05,03:13:38 GMT,V6.3 DIAG | 8 0 6 -0.15000000000000002 0.028571428571428574 0.15000000000000002 -0.06666666666666668 -0.8 0.7 -0.15 4 4 3 1 0 0 0 1
2026-09-05,03:13:38 GMT,V6.3 BLOCK - final pressure/veto/active/timing gate failed or signal already used
2026-09-05,03:13:38 GMT,SENTINEL V6 MULTI-WINDOW SCAN >>>
2026-09-05,03:13:38 GMT,V6.3 DIAG | 2 0 8 -0.15000000000000002 0.028571428571428574 0.15000000000000002 -0.06666666666666668 -0.30000000000000004 0.2 -0.15 5 3 2 1 0 0 0 1
2026-09-05,03:13:37 GMT,V6.3 BLOCK - final pressure/veto/active/timing gate failed or signal already used
2026-09-05,03:13:37 GMT,SENTINEL V6 MULTI-WINDOW SCAN >>>
2026-09-05,03:13:37 GMT,V6.3 DIAG | 1 0 6 -0.15000000000000002 0.028571428571428574 0.15000000000000002 -0.06666666666666668 -0.30000000000000004 0.2 -0.15 4 4 2 1 0 0 0 1
2026-09-05,03:13:37 GMT,V6.3 BLOCK - final pressure/veto/active/timing gate failed or signal already used
2026-09-05,03:13:37 GMT,SENTINEL V6 MULTI-WINDOW SCAN >>>
2026-09-05,03:13:37 GMT,V6.3 DIAG | 3 0 2 -0.29999999999999993 0 0.3 0 -0.5499999999999999 1 -0.15 3 5 2 1 0 0 0 1
2026-09-05,03:13:37 GMT,V6.3 BLOCK - final pressure/veto/active/timing gate failed or signal already used
2026-09-05,03:13:37 GMT,SENTINEL V6 MULTI-WINDOW SCAN >>>
2026-09-05,03:13:37 GMT,V6.3 DIAG | 8 0 2 -0.29999999999999993 0 0.3 0 -0.5499999999999999 1 -0.15 3 5 2 1 0 0 0 1
2026-09-05,03:13:30 GMT,V6.3 BLOCK - final pressure/veto/active/timing gate failed or signal already used
2026-09-05,03:13:30 GMT,SENTINEL V6 MULTI-WINDOW SCAN >>>
2026-09-05,03:13:30 GMT,V6.3 DIAG | 7 0 3 -0.15000000000000002 -0.028571428571428574 0.15000000000000002 0.06666666666666668 0.25 0.5 -0.2 3 5 1 1 0 0 0 1
2026-09-05,03:13:29 GMT,V6.3 BLOCK - final pressure/veto/active/timing gate failed or signal already used
2026-09-05,03:13:29 GMT,SENTINEL V6 MULTI-WINDOW SCAN >>>
2026-09-05,03:13:29 GMT,V6.3 DIAG | 2 0 3 -0.050000000000000044 -0.05714285714285714 0.050000000000000044 0.13333333333333336 0.55 0.5 -0.2 4 4 1 1 0 0 0 1
2026-09-05,03:13:29 GMT,V6.3 BLOCK - final pressure/veto/active/timing gate failed or signal already used
2026-09-05,03:13:29 GMT,SENTINEL V6 MULTI-WINDOW SCAN >>>
2026-09-05,03:13:29 GMT,V6.3 DIAG | 8 0 3 -0.19999999999999996 -0.028571428571428574 0.2 0.06666666666666668 0.30000000000000004 0.5 -0.2 4 4 1 1 0 0 0 1
2026-09-05,03:13:29 GMT,V6.3 BLOCK - final pressure/veto/active/timing gate failed or signal already used
2026-09-05,03:13:29 GMT,SENTINEL V6 MULTI-WINDOW SCAN >>>
2026-09-05,03:13:29 GMT,V6.3 DIAG | 5 0 6 -0.09999999999999998 -0.05714285714285714 0.10000000000000003 0.13333333333333336 1.1 0 -0.2 5 3 0 1 0 0 0 1
2026-09-05,03:13:28 GMT,V6.3 BLOCK - final pressure/veto/active/timing gate failed or signal already used
2026-09-05,03:13:28 GMT,SENTINEL V6 MULTI-WINDOW SCAN >>>
2026-09-05,03:13:28 GMT,V6.3 DIAG | 7 0 4 -0.25 -0.028571428571428574 0.25 0.06666666666666668 1.1 0 -0.45 4 4 0 1 0 0 0 1
2026-09-05,03:13:28 GMT,V6.3 BLOCK - final pressure/veto/active/timing gate failed or signal already used
2026-09-05,03:13:28 GMT,SENTINEL V6 MULTI-WINDOW SCAN >>>
2026-09-05,03:13:28 GMT,V6.3 DIAG | 7 0 6 -0.15000000000000002 0 0.15000000000000002 0 0.6 0 -0.45 5 3 0 1 0 0 0 1
2026-09-05,03:13:28 GMT,V6.3 BLOCK - final pressure/veto/active/timing gate failed or signal already used
2026-09-05,03:13:28 GMT,SENTINEL V6 MULTI-WINDOW SCAN >>>
2026-09-05,03:13:28 GMT,V6.3 DIAG | 2 1 9 -0.050000000000000044 0.028571428571428567 0.04999999999999999 -0.06666666666666667 0.1 0 -0.45 5 3 0 0 0 0 0 1
2026-09-05,03:13:27 GMT,V6.3 BLOCK - final pressure/veto/active/timing gate failed or signal already used
2026-09-05,03:13:27 GMT,SENTINEL V6 MULTI-WINDOW SCAN >>>
2026-09-05,03:13:27 GMT,V6.3 DIAG | 7 0 6 -0.050000000000000044 -0.028571428571428567 0.04999999999999999 0.06666666666666667 0.9 0 -0.45 5 3 0 1 0 0 0 1
2026-09-05,03:13:27 GMT,V6.3 BLOCK - final pressure/veto/active/timing gate failed or signal already used
2026-09-05,03:13:27 GMT,SENTINEL V6 MULTI-WINDOW SCAN >>>
2026-09-05,03:13:27 GMT,V6.3 DIAG | 0 0 8 0.10000000000000009 0 -0.09999999999999998 0 0.4 -0.05 -0.45 6 2 0 0 0 0 0 1
2026-09-05,03:13:27 GMT,V6.3 BLOCK - final pressure/veto/active/timing gate failed or signal already used
2026-09-05,03:13:27 GMT,SENTINEL V6 MULTI-WINDOW SCAN >>>
2026-09-05,03:13:27 GMT,V6.3 DIAG | 2 0 7 0.10000000000000009 -0.057142857142857134 -0.09999999999999998 0.13333333333333333 0.4 -0.05 0.35000000000000003 6 2 0 0 0 0 0 1
2026-09-05,03:13:18 GMT,V6.3 BLOCK - final pressure/veto/active/timing gate failed or signal already used
2026-09-05,03:13:18 GMT,SENTINEL V6 MULTI-WINDOW SCAN >>>
2026-09-05,03:13:18 GMT,V6.3 DIAG | 5 0 7 0.15000000000000002 -0.057142857142857134 -0.14999999999999997 0.13333333333333333 0.35000000000000003 -0.05 0.35000000000000003 6 2 0 0 0 0 0 1
2026-09-05,03:13:18 GMT,V6.3 BLOCK - final pressure/veto/active/timing gate failed or signal already used
2026-09-05,03:13:18 GMT,SENTINEL V6 MULTI-WINDOW SCAN >>>
2026-09-05,03:13:18 GMT,V6.3 DIAG | 7 0 5 0 -0.028571428571428567 0 0.06666666666666667 0.35000000000000003 -0.05 0.1 6 2 0 1 0 0 0 1
2026-09-05,03:13:18 GMT,V6.3 BLOCK - final pressure/veto/active/timing gate failed or signal already used
2026-09-05,03:13:18 GMT,SENTINEL V6 MULTI-WINDOW SCAN >>>
2026-09-05,03:13:18 GMT,V6.3 DIAG | 6 1 10 -0.050000000000000044 0.028571428571428567 0.04999999999999999 -0.06666666666666667 -0.15 -0.05 -0.15000000000000002 7 1 0 1 0 0 0 1
2026-09-05,03:13:17 GMT,V6.3 BLOCK - final pressure/veto/active/timing gate failed or signal already used
2026-09-05,03:13:17 GMT,SENTINEL V6 MULTI-WINDOW SCAN >>>
2026-09-05,03:13:17 GMT,V6.3 DIAG | 9 1 10 -0.15000000000000002 0.05714285714285714 0.15000000000000002 -0.13333333333333336 -0.4 -0.1 -0.15000000000000002 6 2 0 1 0 0 0 1
2026-09-05,03:13:17 GMT,V6.3 BLOCK - final pressure/veto/active/timing gate failed or signal already used
2026-09-05,03:13:17 GMT,SENTINEL V6 MULTI-WINDOW SCAN >>>
2026-09-05,03:13:17 GMT,V6.3 DIAG | 6 1 10 -0.050000000000000044 0.08571428571428572 0.04999999999999999 -0.2 -0.4 -0.1 -0.65 6 2 0 0 0 0 0 1
2026-09-05,03:13:17 GMT,V6.3 BLOCK - final pressure/veto/active/timing gate failed or signal already used
2026-09-05,03:13:17 GMT,SENTINEL V6 MULTI-WINDOW SCAN >>>
2026-09-05,03:13:17 GMT,V6.3 DIAG | 1 1 10 -0.050000000000000044 0.08571428571428572 0.04999999999999999 -0.2 -0.4 -0.1 -0.65 5 3 0 0 0 0 0 1
2026-09-05,03:13:16 GMT,V6.3 BLOCK - final pressure/veto/active/timing gate failed or signal already used
2026-09-05,03:13:16 GMT,SENTINEL V6 MULTI-WINDOW SCAN >>>
2026-09-05,03:13:16 GMT,V6.3 DIAG | 4 1 9 -0.15000000000000002 0.05714285714285714 0.15000000000000002 -0.13333333333333336 -0.65 -0.15 0.15000000000000002 5 3 0 0 0 0 0 1
2026-09-05,03:13:16 GMT,V6.3 BLOCK - final pressure/veto/active/timing gate failed or signal already used
2026-09-05,03:13:16 GMT,SENTINEL V6 MULTI-WINDOW SCAN >>>
2026-09-05,03:13:16 GMT,V6.3 DIAG | 5 0 6 -0.15000000000000002 0 0.15000000000000002 0 -0.65 -0.15 0.9500000000000001 5 3 0 0 0 0 0 1
2026-09-05,03:13:16 GMT,V6.3 BLOCK - final pressure/veto/active/timing gate failed or signal already used
2026-09-05,03:13:16 GMT,SENTINEL V6 MULTI-WINDOW SCAN >>>
2026-09-05,03:13:16 GMT,V6.3 DIAG | 1 0 3 -0.15000000000000002 -0.05714285714285714 0.15000000000000002 0.13333333333333336 0.15000000000000002 -0.15 0.9500000000000001 4 4 0 0 0 0 0 1
2026-09-05,03:13:15 GMT,V6.3 BLOCK - final pressure/veto/active/timing gate failed or signal already used
2026-09-05,03:13:15 GMT,SENTINEL V6 MULTI-WINDOW SCAN >>>
2026-09-05,03:13:15 GMT,V6.3 DIAG | 1 0 3 -0.15000000000000002 -0.05714285714285714 0.15000000000000002 0.13333333333333336 0.15000000000000002 -0.15 0.9500000000000001 4 4 0 1 0 0 0 1
2026-09-05,03:13:15 GMT,V6.3 BLOCK - final pressure/veto/active/timing gate failed or signal already used
2026-09-05,03:13:15 GMT,SENTINEL V6 MULTI-WINDOW SCAN >>>
2026-09-05,03:13:15 GMT,V6.3 DIAG | 9 0 3 -0.30000000000000004 -0.028571428571428574 0.3 0.06666666666666668 0.15000000000000002 -0.15 0.7 4 4 0 1 0 0 0 1
2026-09-05,03:13:15 GMT,V6.3 BLOCK - final pressure/veto/active/timing gate failed or signal already used
2026-09-05,03:13:15 GMT,SENTINEL V6 MULTI-WINDOW SCAN >>>
2026-09-05,03:13:15 GMT,V6.3 DIAG | 9 0 5 -0.15000000000000002 -0.05714285714285714 0.15000000000000002 0.13333333333333336 0.9500000000000001 -0.15 0.15000000000000002 5 3 0 1 0 0 0 1
2026-09-05,03:13:12 GMT,V6.3 BLOCK - final pressure/veto/active/timing gate failed or signal already used
2026-09-05,03:13:12 GMT,SENTINEL V6 MULTI-WINDOW SCAN >>>
2026-09-05,03:13:12 GMT,V6.3 DIAG | 7 0 6 -0.050000000000000044 -0.028571428571428567 0.04999999999999999 0.06666666666666667 0.9500000000000001 -0.15 -0.35000000000000003 5 3 0 1 0 0 0 1
2026-09-05,03:13:12 GMT,V6.3 BLOCK - final pressure/veto/active/timing gate failed or signal already used
2026-09-05,03:13:12 GMT,SENTINEL V6 MULTI-WINDOW SCAN >>>
2026-09-05,03:13:12 GMT,V6.3 DIAG | 5 0 8 0.050000000000000044 0 -0.04999999999999999 0 0.45 -0.15 -0.35000000000000003 6 2 0 0 0 0 0 1
2026-09-05,03:13:11 GMT,V6.3 BLOCK - final pressure/veto/active/timing gate failed or signal already used
2026-09-05,03:13:11 GMT,SENTINEL V6 MULTI-WINDOW SCAN >>>
2026-09-05,03:13:11 GMT,V6.3 DIAG | 4 0 8 0.10000000000000009 0 -0.09999999999999998 0 0.45 -0.2 -0.35000000000000003 6 2 0 0 0 0 0 1
2026-09-05,03:13:11 GMT,Profit amount: 1.21
2026-09-05,03:13:11 GMT,V6.3 DIAG | 7 0 7 0.10000000000000009 -0.057142857142857134 -0.09999999999999998 0.13333333333333333 0.45 -0.2 0.45 6 2 0 1 0 0 0 1
2026-09-05,03:13:10 GMT,V6.3 DIAG | 0 0 8 0.20000000000000007 -0.028571428571428567 -0.19999999999999998 0.06666666666666667 -0.05 -0.2 0.45 7 1 0 0 0 0 0 1
2026-09-05,03:13:10 GMT,V6.3 DIAG | 5 0 8 0.20000000000000007 -0.028571428571428567 -0.19999999999999998 0.06666666666666667 -0.05 -0.2 0.45 7 1 0 0 0 0 0 1
2026-09-05,03:13:10 GMT,Bought: (ID: 22525663539)
2026-09-05,03:13:00 GMT,SENTINEL V6 MULTI-WINDOW SCAN >>>
2026-09-05,03:13:00 GMT,V6.3 DIAG | 2 1 12 0.10000000000000009 0.057142857142857134 -0.09999999999999998 -0.13333333333333333 -0.35000000000000003 -0.5 -0.05 6 2 1 0 1 1 0 1
2026-09-05,03:12:59 GMT,V6.3 BLOCK - final pressure/veto/active/timing gate failed or signal already used
2026-09-05,03:12:59 GMT,SENTINEL V6 MULTI-WINDOW SCAN >>>
2026-09-05,03:12:59 GMT,V6.3 DIAG | 2 1 9 -0.050000000000000044 0.028571428571428567 0.04999999999999999 -0.06666666666666667 -0.35000000000000003 0.05000000000000002 -0.05 6 2 1 0 0 0 0 1
2026-09-05,03:12:59 GMT,V6.3 BLOCK - final pressure/veto/active/timing gate failed or signal already used
2026-09-05,03:12:59 GMT,SENTINEL V6 MULTI-WINDOW SCAN >>>
2026-09-05,03:12:59 GMT,V6.3 DIAG | 1 1 9 -0.050000000000000044 0.028571428571428567 0.04999999999999999 -0.06666666666666667 -0.35000000000000003 0.05000000000000002 -0.05 6 2 1 0 0 0 0 1
2026-09-05,03:12:59 GMT,V6.3 BLOCK - final pressure/veto/active/timing gate failed or signal already used
2026-09-05,03:12:59 GMT,SENTINEL V6 MULTI-WINDOW SCAN >>>
2026-09-05,03:12:59 GMT,V6.3 DIAG | 0 0 4 -0.050000000000000044 -0.028571428571428567 0.04999999999999999 0.06666666666666667 0.45 0.05000000000000002 -0.05 5 3 2 1 0 0 0 1
2026-09-05,03:12:59 GMT,V6.3 BLOCK - final pressure/veto/active/timing gate failed or signal already used
2026-09-05,03:12:59 GMT,SENTINEL V6 MULTI-WINDOW SCAN >>>
2026-09-05,03:12:59 GMT,V6.3 DIAG | 0 0 5 -0.20000000000000007 0 0.2 0 0.45 -0.20000000000000004 -0.05 5 3 2 0 0 0 0 1
2026-09-05,03:12:59 GMT,V6.3 BLOCK - final pressure/veto/active/timing gate failed or signal already used
2026-09-05,03:12:59 GMT,SENTINEL V6 MULTI-WINDOW SCAN >>>
2026-09-05,03:12:59 GMT,V6.3 DIAG | 8 0 5 -0.15000000000000002 0 0.15000000000000002 0 0.45 -0.20000000000000004 -0.1 5 3 2 1 0 0 0 1
2026-09-05,03:12:51 GMT,V6.3 BLOCK - final pressure/veto/active/timing gate failed or signal already used
2026-09-05,03:12:51 GMT,SENTINEL V6 MULTI-WINDOW SCAN >>>
2026-09-05,03:12:51 GMT,V6.3 DIAG | 2 0 4 -0.050000000000000044 -0.028571428571428567 0.04999999999999999 0.06666666666666667 0.45 0.1 -0.1 5 3 2 0 0 0 0 1
2026-09-05,03:12:51 GMT,V6.3 BLOCK - final pressure/veto/active/timing gate failed or signal already used
2026-09-05,03:12:51 GMT,SENTINEL V6 MULTI-WINDOW SCAN >>>
2026-09-05,03:12:51 GMT,V6.3 DIAG | 7 0 4 -0.050000000000000044 -0.028571428571428567 0.04999999999999999 0.06666666666666667 0.45 0.1 -0.1 5 3 2 1 0 0 0 1
2026-09-05,03:12:51 GMT,V6.3 BLOCK - final pressure/veto/active/timing gate failed or signal already used
2026-09-05,03:12:51 GMT,SENTINEL V6 MULTI-WINDOW SCAN >>>
2026-09-05,03:12:51 GMT,V6.3 DIAG | 0 0 7 0.050000000000000044 0 -0.04999999999999999 0 -0.05 0.1 -0.1 6 2 2 0 0 0 0 1
2026-09-05,03:12:50 GMT,V6.3 BLOCK - final pressure/veto/active/timing gate failed or signal already used
2026-09-05,03:12:50 GMT,SENTINEL V6 MULTI-WINDOW SCAN >>>
2026-09-05,03:12:50 GMT,V6.3 DIAG | 5 0 5 -0.050000000000000044 -0.028571428571428567 0.04999999999999999 0.06666666666666667 -0.05 0.9 -0.4 6 2 2 1 0 0 0 1
2026-09-05,03:12:50 GMT,V6.3 BLOCK - final pressure/veto/active/timing gate failed or signal already used
2026-09-05,03:12:50 GMT,SENTINEL V6 MULTI-WINDOW SCAN >>>
2026-09-05,03:12:50 GMT,V6.3 DIAG | 8 0 5 0 -0.028571428571428567 0 0.06666666666666667 -0.05 0.9 -0.45 6 2 2 1 0 0 0 1
2026-09-05,03:12:50 GMT,V6.3 BLOCK - final pressure/veto/active/timing gate failed or signal already used
2026-09-05,03:12:50 GMT,SENTINEL V6 MULTI-WINDOW SCAN >>>
2026-09-05,03:12:50 GMT,V6.3 DIAG | 1 0 8 0.15000000000000002 0 -0.14999999999999997 0 -0.1 0.4 -0.45 6 2 1 1 0 0 0 1
2026-09-05,03:12:50 GMT,V6.3 BLOCK - final pressure/veto/active/timing gate failed or signal already used
2026-09-05,03:12:50 GMT,SENTINEL V6 MULTI-WINDOW SCAN >>>
2026-09-05,03:12:50 GMT,V6.3 DIAG | 2 0 9 0 0.028571428571428567 0 -0.06666666666666667 -0.1 0.15000000000000002 -0.45 6 2 1 1 0 0 0 1
2026-09-05,03:12:49 GMT,V6.3 BLOCK - final pressure/veto/active/timing gate failed or signal already used
2026-09-05,03:12:49 GMT,SENTINEL V6 MULTI-WINDOW SCAN >>>
2026-09-05,03:12:49 GMT,V6.3 DIAG | 8 0 10 0.04999999999999993 0.028571428571428567 -0.04999999999999999 -0.06666666666666667 -0.15 0.15000000000000002 -0.45 6 2 1 1 0 0 0 1
2026-09-05,03:12:49 GMT,Profit amount: 1.21
2026-09-05,03:12:49 GMT,V6.3 DIAG | 1 0 8 0.15000000000000002 0 -0.14999999999999997 0 -0.15 -0.35000000000000003 0.35000000000000003 6 2 1 1 0 0 0 1
2026-09-05,03:12:49 GMT,V6.3 DIAG | 1 0 8 0.20000000000000007 0 -0.2 0 -0.2 -0.35000000000000003 0.35000000000000003 6 2 1 0 0 0 0 1
2026-09-05,03:12:49 GMT,V6.3 DIAG | 4 0 8 0.20000000000000007 0 -0.2 0 -0.2 -0.35000000000000003 0.35000000000000003 6 2 1 0 0 0 0 1
2026-09-05,03:12:49 GMT,Bought: (ID: 22525623959)
2026-09-05,03:12:42 GMT,SENTINEL V6 MULTI-WINDOW SCAN >>>
2026-09-05,03:12:42 GMT,V6.3 DIAG | 2 1 12 0.15000000000000002 0.057142857142857134 -0.14999999999999997 -0.13333333333333333 -0.45 -0.30000000000000004 -0.2 6 2 1 0 1 1 0 1
2026-09-05,03:12:41 GMT,V6.3 BLOCK - final pressure/veto/active/timing gate failed or signal already used
2026-09-05,03:12:41 GMT,SENTINEL V6 MULTI-WINDOW SCAN >>>
2026-09-05,03:12:41 GMT,V6.3 DIAG | 3 0 8 0.15000000000000002 0 -0.14999999999999997 0 -0.45 0.5 -0.2 6 2 1 1 0 0 0 1
2026-09-05,03:12:41 GMT,V6.3 DIAG | 0 0 7 0.15000000000000002 -0.057142857142857134 -0.14999999999999997 0.13333333333333333 0.35000000000000003 0.5 -0.2 6 2 1 1 0 0 0 1
2026-09-05,03:10:55 GMT,Welcome back! Your messages have been restored. You are using your Demo account.
2026-09-05,03:09:01 GMT,V6.2 BLOCK - final pressure/veto/active/timing gate failed or signal already used
2026-09-05,03:09:01 GMT,SENTINEL V6 MULTI-WINDOW SCAN >>>
2026-09-05,03:09:01 GMT,V6.2 DIAG | 0 0 8 0.10000000000000009 -0.057142857142857134 -0.09999999999999998 0.13333333333333333 -0.15 -0.1 0.9500000000000001 6 2 0 0 0 0 1 0
2026-09-05,03:09:01 GMT,V6.2 BLOCK - final pressure/veto/active/timing gate failed or signal already used
2026-09-05,03:09:01 GMT,SENTINEL V6 MULTI-WINDOW SCAN >>>
2026-09-05,03:09:01 GMT,V6.2 DIAG | 9 0 6 -0.050000000000000044 -0.028571428571428567 0.04999999999999999 0.06666666666666667 -0.4 -0.1 0.9500000000000001 6 2 0 1 0 0 1 0
2026-09-05,03:09:01 GMT,V6.2 BLOCK - final pressure/veto/active/timing gate failed or signal already used
2026-09-05,03:09:01 GMT,SENTINEL V6 MULTI-WINDOW SCAN >>>
2026-09-05,03:09:01 GMT,V6.2 DIAG | 2 0 8 0.050000000000000044 0 -0.04999999999999999 0 -0.4 -0.1 0.45 7 1 0 0 0 0 1 0
2026-09-05,03:09:00 GMT,V6.2 BLOCK - final pressure/veto/active/timing gate failed or signal already used
2026-09-05,03:09:00 GMT,SENTINEL V6 MULTI-WINDOW SCAN >>>
2026-09-05,03:09:00 GMT,V6.2 DIAG | 3 0 8 0.050000000000000044 0 -0.04999999999999999 0 -0.4 -0.1 0.45 6 2 0 0 0 0 1 0
2026-09-05,03:09:00 GMT,V6.2 BLOCK - final pressure/veto/active/timing gate failed or signal already used
2026-09-05,03:09:00 GMT,SENTINEL V6 MULTI-WINDOW SCAN >>>
2026-09-05,03:09:00 GMT,V6.2 DIAG | 9 0 8 0.050000000000000044 0 -0.04999999999999999 0 -0.4 -0.1 0.45 6 2 0 1 0 0 1 0
2026-09-05,03:09:00 GMT,V6.2 BLOCK - final pressure/veto/active/timing gate failed or signal already used
2026-09-05,03:09:00 GMT,SENTINEL V6 MULTI-WINDOW SCAN >>>
2026-09-05,03:09:00 GMT,V6.2 DIAG | 6 0 12 0.20000000000000007 0.028571428571428567 -0.19999999999999998 -0.06666666666666667 -0.4 -0.1 -0.1 7 1 0 0 1 0 1 0
2026-09-05,03:09:00 GMT,V6.2 BLOCK - final pressure/veto/active/timing gate failed or signal already used
2026-09-05,03:09:00 GMT,SENTINEL V6 MULTI-WINDOW SCAN >>>
2026-09-05,03:09:00 GMT,V6.2 DIAG | 4 0 8 0.20000000000000007 -0.028571428571428567 -0.19999999999999998 0.06666666666666667 0.4 -0.1 -0.1 7 1 0 0 0 0 1 0
2026-09-05,03:09:00 GMT,V6.2 BLOCK - final pressure/veto/active/timing gate failed or signal already used
2026-09-05,03:09:00 GMT,SENTINEL V6 MULTI-WINDOW SCAN >>>
2026-09-05,03:09:00 GMT,V6.2 DIAG | 4 0 8 0.050000000000000044 0 -0.04999999999999999 0 0.4 -0.35000000000000003 -0.1 7 1 0 1 0 0 1 0
2026-09-05,03:08:59 GMT,V6.2 BLOCK - final pressure/veto/active/timing gate failed or signal already used
2026-09-05,03:08:59 GMT,SENTINEL V6 MULTI-WINDOW SCAN >>>
2026-09-05,03:08:59 GMT,V6.2 DIAG | 1 0 9 -0.10000000000000009 0.028571428571428567 0.09999999999999998 -0.06666666666666667 0.4 -0.6000000000000001 -0.1 7 1 0 1 0 0 1 0
2026-09-05,03:08:59 GMT,V6.2 BLOCK - final pressure/veto/active/timing gate failed or signal already used
2026-09-05,03:08:59 GMT,SENTINEL V6 MULTI-WINDOW SCAN >>>
2026-09-05,03:08:59 GMT,V6.2 DIAG | 4 0 9 -0.25 0.05714285714285714 0.25 -0.13333333333333336 0.4 -0.6000000000000001 -0.35000000000000003 6 2 1 0 0 0 1 0
2026-09-05,03:08:59 GMT,V6.2 BLOCK - final pressure/veto/active/timing gate failed or signal already used
2026-09-05,03:08:59 GMT,SENTINEL V6 MULTI-WINDOW SCAN >>>
2026-09-05,03:08:59 GMT,V6.2 DIAG | 7 0 8 -0.20000000000000007 0.05714285714285714 0.2 -0.13333333333333336 0.4 -0.65 -0.35000000000000003 5 3 2 1 0 0 1 0
2026-09-05,03:08:59 GMT,V6.2 BLOCK - final pressure/veto/active/timing gate failed or signal already used
2026-09-05,03:08:59 GMT,SENTINEL V6 MULTI-WINDOW SCAN >>>
2026-09-05,03:08:59 GMT,V6.2 DIAG | 2 0 9 -0.10000000000000009 0.08571428571428572 0.09999999999999998 -0.2 -0.1 -0.65 -0.35000000000000003 5 3 2 0 0 0 1 0
2026-09-05,03:08:55 GMT,V6.2 BLOCK - final pressure/veto/active/timing gate failed or signal already used
2026-09-05,03:08:55 GMT,SENTINEL V6 MULTI-WINDOW SCAN >>>
2026-09-05,03:08:55 GMT,V6.2 DIAG | 6 0 8 -0.050000000000000044 0.028571428571428567 0.04999999999999999 -0.06666666666666667 -0.1 0.1 -0.35000000000000003 5 3 2 0 0 0 1 0
2026-09-05,03:08:55 GMT,V6.2 BLOCK - final pressure/veto/active/timing gate failed or signal already used
2026-09-05,03:08:55 GMT,SENTINEL V6 MULTI-WINDOW SCAN >>>
2026-09-05,03:08:55 GMT,V6.2 DIAG | 0 0 5 0 -0.028571428571428567 0 0.06666666666666667 -0.1 0.9 -0.4 5 3 2 1 0 0 1 0
2026-09-05,03:08:54 GMT,V6.2 BLOCK - final pressure/veto/active/timing gate failed or signal already used
2026-09-05,03:08:54 GMT,SENTINEL V6 MULTI-WINDOW SCAN >>>
2026-09-05,03:08:54 GMT,V6.2 DIAG | 6 0 4 -0.15000000000000002 -0.05714285714285714 0.15000000000000002 0.13333333333333336 -0.35000000000000003 0.9 0.4 5 3 2 1 0 0 1 0
2026-09-05,03:08:54 GMT,V6.2 BLOCK - final pressure/veto/active/timing gate failed or signal already used
2026-09-05,03:08:54 GMT,SENTINEL V6 MULTI-WINDOW SCAN >>>
2026-09-05,03:08:54 GMT,V6.2 DIAG | 5 0 4 -0.15000000000000002 -0.05714285714285714 0.15000000000000002 0.13333333333333336 -0.35000000000000003 0.9 0.4 5 3 2 1 0 0 1 0
2026-09-05,03:08:53 GMT,Loss amount: -3
2026-09-05,03:08:53 GMT,V6.2 DIAG | 8 0 2 -0.15000000000000002 -0.05714285714285714 0.15000000000000002 0.13333333333333336 -0.35000000000000003 0.9 0.4 4 4 2 1 0 0 0 1
2026-09-05,03:08:53 GMT,V6.2 DIAG | 8 0 5 -0.20000000000000007 0 0.2 0 -0.6000000000000001 0.4 0.4 5 3 1 1 0 0 0 1
2026-09-05,03:08:52 GMT,V6.2 DIAG | 9 1 9 -0.10000000000000009 0.028571428571428567 0.09999999999999998 -0.06666666666666667 -0.6000000000000001 -0.1 0.4 6 2 0 1 0 0 0 1
2026-09-05,03:08:52 GMT,V6.2 DIAG | 4 0 6 0 0 0 0 0.2 -0.1 -0.1 6 2 0 1 0 0 0 1
2026-09-05,03:08:52 GMT,Bought: (ID: 22525252019)
2026-09-05,03:08:04 GMT,SENTINEL V6 MULTI-WINDOW SCAN >>>
2026-09-05,03:08:04 GMT,V6.2 DIAG | 0 1 12 0.050000000000000044 0.057142857142857134 -0.04999999999999999 -0.13333333333333333 -0.4 -0.35000000000000003 -0.1 6 2 1 0 1 1 0 1
2026-09-05,03:08:04 GMT,V6.2 BLOCK - final pressure/veto/active/timing gate failed or signal already used
2026-09-05,03:08:04 GMT,SENTINEL V6 MULTI-WINDOW SCAN >>>
2026-09-05,03:08:04 GMT,V6.2 DIAG | 3 0 8 0.050000000000000044 0 -0.04999999999999999 0 0.4 -0.35000000000000003 -0.1 6 2 1 0 0 0 0 1
2026-09-05,03:08:04 GMT,V6.2 BLOCK - final pressure/veto/active/timing gate failed or signal already used
2026-09-05,03:08:04 GMT,SENTINEL V6 MULTI-WINDOW SCAN >>>
2026-09-05,03:08:04 GMT,V6.2 DIAG | 0 0 8 0.050000000000000044 0 -0.04999999999999999 0 0.4 -0.35000000000000003 -0.1 6 2 1 0 0 0 0 1
2026-09-05,03:08:04 GMT,V6.2 BLOCK - final pressure/veto/active/timing gate failed or signal already used
2026-09-05,03:08:04 GMT,SENTINEL V6 MULTI-WINDOW SCAN >>>
2026-09-05,03:08:04 GMT,V6.2 DIAG | 6 0 5 -0.050000000000000044 -0.028571428571428567 0.04999999999999999 0.06666666666666667 0.4 0.4 -0.35000000000000003 6 2 1 1 0 0 0 1
2026-09-05,03:08:04 GMT,V6.2 BLOCK - final pressure/veto/active/timing gate failed or signal already used
2026-09-05,03:08:04 GMT,SENTINEL V6 MULTI-WINDOW SCAN >>>
2026-09-05,03:08:04 GMT,V6.2 DIAG | 4 0 5 -0.15000000000000002 0 0.15000000000000002 0 0.15000000000000002 0.4 -0.4 6 2 1 1 0 0 0 1
2026-09-05,03:08:04 GMT,V6.2 BLOCK - final pressure/veto/active/timing gate failed or signal already used
2026-09-05,03:08:04 GMT,SENTINEL V6 MULTI-WINDOW SCAN >>>
2026-09-05,03:08:04 GMT,V6.2 DIAG | 7 0 9 -0.25 0.028571428571428574 0.25 -0.06666666666666668 -0.10000000000000003 0.4 -0.45 5 3 1 1 0 0 0 1
2026-09-05,03:08:04 GMT,V6.2 BLOCK - final pressure/veto/active/timing gate failed or signal already used
2026-09-05,03:08:04 GMT,SENTINEL V6 MULTI-WINDOW SCAN >>>
2026-09-05,03:08:04 GMT,V6.2 DIAG | 0 0 9 -0.15000000000000002 0.05714285714285714 0.15000000000000002 -0.13333333333333336 -0.6000000000000001 0.4 -0.45 5 3 1 1 0 0 0 1
2026-09-05,03:08:04 GMT,V6.2 BLOCK - final pressure/veto/active/timing gate failed or signal already used
2026-09-05,03:08:04 GMT,SENTINEL V6 MULTI-WINDOW SCAN >>>
2026-09-05,03:08:04 GMT,V6.2 DIAG | 8 0 7 -0.30000000000000004 0.08571428571428572 0.3 -0.2 -0.6000000000000001 0.4 -0.7000000000000001 4 4 1 1 0 0 0 1
2026-09-05,03:07:52 GMT,V6.2 BLOCK - final pressure/veto/active/timing gate failed or signal already used
2026-09-05,03:07:52 GMT,SENTINEL V6 MULTI-WINDOW SCAN >>>
2026-09-05,03:07:52 GMT,V6.2 DIAG | 2 1 9 -0.20000000000000007 0.05714285714285714 0.2 -0.13333333333333336 -0.6000000000000001 -0.1 0.1 5 3 0 0 0 0 0 1
2026-09-05,03:07:52 GMT,V6.2 BLOCK - final pressure/veto/active/timing gate failed or signal already used
2026-09-05,03:07:52 GMT,SENTINEL V6 MULTI-WINDOW SCAN >>>
2026-09-05,03:07:52 GMT,V6.2 DIAG | 4 0 3 -0.20000000000000007 0 0.2 0 0.2 -0.1 0.1 4 4 0 0 0 0 0 1
2026-09-05,03:07:52 GMT,V6.2 BLOCK - final pressure/veto/active/timing gate failed or signal already used
2026-09-05,03:07:52 GMT,SENTINEL V6 MULTI-WINDOW SCAN >>>
2026-09-05,03:07:52 GMT,V6.2 DIAG | 5 0 3 -0.20000000000000007 -0.05714285714285714 0.2 0.13333333333333336 1 -0.1 0.1 4 4 0 0 0 0 0 1
2026-09-05,03:07:52 GMT,V6.2 BLOCK - final pressure/veto/active/timing gate failed or signal already used
2026-09-05,03:07:52 GMT,SENTINEL V6 MULTI-WINDOW SCAN >>>
2026-09-05,03:07:52 GMT,V6.2 DIAG | 6 0 3 -0.20000000000000007 -0.05714285714285714 0.2 0.13333333333333336 1 -0.1 0.1 4 4 0 0 0 0 0 1
2026-09-05,03:07:52 GMT,V6.2 BLOCK - final pressure/veto/active/timing gate failed or signal already used
2026-09-05,03:07:52 GMT,SENTINEL V6 MULTI-WINDOW SCAN >>>
2026-09-05,03:07:52 GMT,V6.2 DIAG | 9 0 3 -0.20000000000000007 -0.11428571428571428 0.2 0.26666666666666666 1 -0.1 0.9 4 4 0 1 0 0 0 1
2026-09-05,03:07:51 GMT,V6.2 BLOCK - final pressure/veto/active/timing gate failed or signal already used
2026-09-05,03:07:51 GMT,SENTINEL V6 MULTI-WINDOW SCAN >>>
2026-09-05,03:07:51 GMT,V6.2 DIAG | 7 0 5 -0.10000000000000009 -0.08571428571428572 0.09999999999999998 0.2 1 -0.1 0.4 5 3 0 1 0 0 0 1
2026-09-05,03:07:51 GMT,V6.2 BLOCK - final pressure/veto/active/timing gate failed or signal already used
2026-09-05,03:07:51 GMT,SENTINEL V6 MULTI-WINDOW SCAN >>>
2026-09-05,03:07:51 GMT,V6.2 DIAG | 7 0 5 0 -0.057142857142857134 0 0.13333333333333333 0.5 -0.1 0.4 6 2 0 1 0 0 0 1
2026-09-05,03:07:51 GMT,Profit amount: 1.17
2026-09-05,03:07:51 GMT,V6.2 DIAG | 2 0 8 0.15000000000000002 -0.028571428571428567 -0.15 0.06666666666666667 0 -0.1 0.35000000000000003 7 1 0 0 0 0 0 1
2026-09-05,03:07:51 GMT,V6.2 DIAG | 9 0 8 0.15000000000000002 -0.028571428571428567 -0.15 0.06666666666666667 0 -0.1 0.35000000000000003 7 1 0 1 0 0 0 1
2026-09-05,03:07:50 GMT,V6.2 DIAG | 2 1 9 0.25 0 -0.25 0 0 -0.1 -0.15 8 0 0 0 0 0 0 1
2026-09-05,03:07:50 GMT,V6.2 DIAG | 4 1 12 0.15000000000000002 0.028571428571428567 -0.15 -0.06666666666666667 0 -0.35000000000000003 -0.2 8 0 0 0 1 1 0 1
2026-09-05,03:07:50 GMT,Bought: (ID: 22525161579)
2026-09-05,03:07:49 GMT,SENTINEL V6 MULTI-WINDOW SCAN >>>
2026-09-05,03:07:49 GMT,V6.2 DIAG | 6 1 12 0.20000000000000007 0.028571428571428567 -0.19999999999999998 -0.06666666666666667 -0.05 -0.35000000000000003 -0.2 7 1 1 0 1 1 0 1
2026-09-05,03:07:42 GMT,V6.2 BLOCK - final pressure/veto/active/timing gate failed or signal already used
2026-09-05,03:07:42 GMT,SENTINEL V6 MULTI-WINDOW SCAN >>>
2026-09-05,03:07:42 GMT,V6.2 DIAG | 6 0 8 0.10000000000000009 0 -0.09999999999999998 0 -0.05 0.2 -0.25 7 1 1 1 0 0 0 1
2026-09-05,03:07:41 GMT,V6.2 BLOCK - final pressure/veto/active/timing gate failed or signal already used
2026-09-05,03:07:41 GMT,SENTINEL V6 MULTI-WINDOW SCAN >>>
2026-09-05,03:07:41 GMT,V6.2 DIAG | 6 0 9 -0.050000000000000044 0.028571428571428567 0.04999999999999999 -0.06666666666666667 -0.05 0.2 -0.5 7 1 1 1 0 0 0 1
2026-09-05,03:07:41 GMT,V6.2 BLOCK - final pressure/veto/active/timing gate failed or signal already used
2026-09-05,03:07:41 GMT,SENTINEL V6 MULTI-WINDOW SCAN >>>
2026-09-05,03:07:41 GMT,V6.2 DIAG | 5 0 8 -0.20000000000000007 0.05714285714285714 0.2 -0.13333333333333336 -0.05 0.2 -0.75 6 2 2 1 0 0 0 1
2026-09-05,03:07:41 GMT,V6.2 BLOCK - final pressure/veto/active/timing gate failed or signal already used
2026-09-05,03:07:41 GMT,SENTINEL V6 MULTI-WINDOW SCAN >>>
2026-09-05,03:07:41 GMT,V6.2 DIAG | 2 0 8 -0.20000000000000007 0.05714285714285714 0.2 -0.13333333333333336 -0.05 0.2 -0.75 5 3 2 1 0 0 0 1
2026-09-05,03:07:41 GMT,V6.2 BLOCK - final pressure/veto/active/timing gate failed or signal already used
2026-09-05,03:07:41 GMT,SENTINEL V6 MULTI-WINDOW SCAN >>>
2026-09-05,03:07:41 GMT,V6.2 DIAG | 8 0 6 -0.20000000000000007 0.05714285714285714 0.2 -0.13333333333333336 -0.05 0.2 -0.75 4 4 2 1 0 0 0 1
2026-09-05,03:07:40 GMT,V6.2 BLOCK - final pressure/veto/active/timing gate failed or signal already used
2026-09-05,03:07:40 GMT,SENTINEL V6 MULTI-WINDOW SCAN >>>
2026-09-05,03:07:40 GMT,V6.2 DIAG | 0 0 9 -0.10000000000000009 0.028571428571428567 0.09999999999999998 -0.06666666666666667 -0.05 0.5 -0.75 5 3 1 1 0 0 0 1
2026-09-05,03:07:40 GMT,V6.2 BLOCK - final pressure/veto/active/timing gate failed or signal already used
2026-09-05,03:07:40 GMT,SENTINEL V6 MULTI-WINDOW SCAN >>>
2026-09-05,03:07:40 GMT,V6.2 DIAG | 0 0 5 -0.10000000000000009 -0.028571428571428567 0.09999999999999998 0.06666666666666667 -0.05 0.5 0.05000000000000002 5 3 1 1 0 0 0 1
2026-09-05,03:07:40 GMT,V6.2 BLOCK - final pressure/veto/active/timing gate failed or signal already used
2026-09-05,03:07:40 GMT,SENTINEL V6 MULTI-WINDOW SCAN >>>
2026-09-05,03:07:40 GMT,V6.2 DIAG | 6 0 5 -0.10000000000000009 -0.08571428571428572 0.09999999999999998 0.2 -0.05 0.5 0.8500000000000001 5 3 1 1 0 0 0 1
2026-09-05,03:07:39 GMT,V6.2 BLOCK - final pressure/veto/active/timing gate failed or signal already used
2026-09-05,03:07:39 GMT,SENTINEL V6 MULTI-WINDOW SCAN >>>
2026-09-05,03:07:39 GMT,V6.2 DIAG | 6 0 5 -0.10000000000000009 -0.08571428571428572 0.09999999999999998 0.2 -0.05 0.5 0.8500000000000001 5 3 1 1 0 0 0 1
2026-09-05,03:07:39 GMT,V6.2 BLOCK - final pressure/veto/active/timing gate failed or signal already used
2026-09-05,03:07:39 GMT,SENTINEL V6 MULTI-WINDOW SCAN >>>
2026-09-05,03:07:39 GMT,V6.2 DIAG | 8 0 5 -0.10000000000000009 -0.08571428571428572 0.09999999999999998 0.2 -0.05 0.5 0.8500000000000001 5 3 1 1 0 0 0 1
2026-09-05,03:07:38 GMT,Profit amount: 1.17
2026-09-05,03:07:38 GMT,V6.2 DIAG | 9 0 6 0 -0.057142857142857134 0 0.13333333333333333 -0.05 0 0.8500000000000001 6 2 0 1 0 0 0 1
2026-09-05,03:07:37 GMT,V6.2 DIAG | 9 0 8 0.15000000000000002 -0.028571428571428567 -0.15 0.06666666666666667 -0.05 0 0.30000000000000004 7 1 0 0 0 0 0 1
2026-09-05,03:07:36 GMT,V6.2 DIAG | 2 1 12 0.15000000000000002 0.028571428571428567 -0.15 -0.06666666666666667 -0.1 0 -0.45 8 0 0 0 1 1 0 1
2026-09-05,03:07:35 GMT,V6.2 DIAG | 4 1 12 0.15000000000000002 0.028571428571428567 -0.15 -0.06666666666666667 -0.1 0 -0.45 8 0 0 0 0 0 0 1
2026-09-05,03:07:35 GMT,Bought: (ID: 22525132879)
2026-09-05,03:07:34 GMT,SENTINEL V6 MULTI-WINDOW SCAN >>>
2026-09-05,03:07:34 GMT,V6.2 DIAG | 5 1 12 0.050000000000000044 0.057142857142857134 -0.04999999999999999 -0.13333333333333333 -0.1 -0.05 -0.7000000000000001 7 1 0 0 1 1 0 1
2026-09-05,03:07:32 GMT,Profit amount: 1.17
2026-09-05,03:07:32 GMT,V6.2 DIAG | 5 1 12 0.10000000000000009 0.057142857142857134 -0.09999999999999998 -0.13333333333333333 -0.1 -0.1 -0.7000000000000001 7 1 0 0 1 1 0 1
2026-09-05,03:07:31 GMT,V6.2 DIAG | 2 1 9 -0.050000000000000044 0.028571428571428567 0.04999999999999999 -0.06666666666666667 -0.35000000000000003 -0.1 0.1 6 2 0 0 0 0 0 1
2026-09-05,03:07:30 GMT,V6.2 DIAG | 0 1 9 -0.050000000000000044 0.028571428571428567 0.04999999999999999 -0.06666666666666667 -0.35000000000000003 -0.1 0.1 6 2 0 0 0 0 0 1
2026-09-05,03:07:30 GMT,V6.2 DIAG | 4 1 9 -0.050000000000000044 0.028571428571428567 0.04999999999999999 -0.06666666666666667 -0.35000000000000003 -0.1 0.1 5 3 0 1 0 0 0 1
2026-09-05,03:07:30 GMT,Bought: (ID: 22525124619)
2026-09-05,03:07:00 GMT,SENTINEL V6 MULTI-WINDOW SCAN >>>
2026-09-05,03:07:00 GMT,V6.2 DIAG | 3 1 12 0.10000000000000009 0.057142857142857134 -0.09999999999999998 -0.13333333333333333 -0.35000000000000003 -0.15 -0.4 8 0 0 0 1 1 0 1
2026-09-05,03:07:00 GMT,V6.2 BLOCK - final pressure/veto/active/timing gate failed or signal already used
2026-09-05,03:07:00 GMT,SENTINEL V6 MULTI-WINDOW SCAN >>>
2026-09-05,03:07:00 GMT,V6.2 DIAG | 0 1 12 0.10000000000000009 0.057142857142857134 -0.09999999999999998 -0.13333333333333333 -0.35000000000000003 -0.15 -0.4 7 1 0 0 0 0 0 1
2026-09-05,03:07:00 GMT,V6.2 BLOCK - final pressure/veto/active/timing gate failed or signal already used
2026-09-05,03:07:00 GMT,SENTINEL V6 MULTI-WINDOW SCAN >>>
2026-09-05,03:07:00 GMT,V6.2 DIAG | 5 1 10 -0.050000000000000044 0.08571428571428572 0.04999999999999999 -0.2 -0.35000000000000003 -0.4 -0.4 6 2 0 0 0 0 0 1
2026-09-05,03:07:00 GMT,V6.2 BLOCK - final pressure/veto/active/timing gate failed or signal already used
2026-09-05,03:07:00 GMT,SENTINEL V6 MULTI-WINDOW SCAN >>>
2026-09-05,03:07:00 GMT,V6.2 DIAG | 2 1 10 -0.050000000000000044 0.08571428571428572 0.04999999999999999 -0.2 -0.35000000000000003 -0.4 -0.4 6 2 0 0 0 0 0 1
2026-09-05,03:07:00 GMT,V6.2 BLOCK - final pressure/veto/active/timing gate failed or signal already used
2026-09-05,03:07:00 GMT,SENTINEL V6 MULTI-WINDOW SCAN >>>
2026-09-05,03:07:00 GMT,V6.2 DIAG | 6 1 9 -0.20000000000000007 0.05714285714285714 0.2 -0.13333333333333336 -0.35000000000000003 -0.65 0.4 5 3 1 0 0 0 0 1
2026-09-05,03:07:00 GMT,V6.2 BLOCK - final pressure/veto/active/timing gate failed or signal already used
2026-09-05,03:07:00 GMT,SENTINEL V6 MULTI-WINDOW SCAN >>>
2026-09-05,03:07:00 GMT,V6.2 DIAG | 5 0 5 -0.20000000000000007 0 0.2 0 0.45 -0.65 0.4 5 3 1 0 0 0 0 1
2026-09-05,03:07:00 GMT,V6.2 BLOCK - final pressure/veto/active/timing gate failed or signal already used
2026-09-05,03:07:00 GMT,SENTINEL V6 MULTI-WINDOW SCAN >>>
2026-09-05,03:07:00 GMT,V6.2 DIAG | 1 0 2 -0.20000000000000007 0 0.2 0 0.45 -0.65 0.4 4 4 2 0 0 0 0 1
2026-09-05,03:07:00 GMT,V6.2 BLOCK - final pressure/veto/active/timing gate failed or signal already used
2026-09-05,03:07:00 GMT,SENTINEL V6 MULTI-WINDOW SCAN >>>
2026-09-05,03:07:00 GMT,V6.2 DIAG | 1 0 1 -0.20000000000000007 -0.05714285714285714 0.2 0.13333333333333336 0.45 0.15000000000000002 0.4 4 4 2 1 0 0 0 1
2026-09-05,03:07:00 GMT,V6.2 BLOCK - final pressure/veto/active/timing gate failed or signal already used
2026-09-05,03:07:00 GMT,SENTINEL V6 MULTI-WINDOW SCAN >>>
2026-09-05,03:07:00 GMT,V6.2 DIAG | 9 0 1 -0.20000000000000007 -0.05714285714285714 0.2 0.13333333333333336 0.45 0.15000000000000002 0.4 4 4 2 1 0 0 0 1
2026-09-05,03:06:59 GMT,V6.2 BLOCK - final pressure/veto/active/timing gate failed or signal already used
2026-09-05,03:06:59 GMT,SENTINEL V6 MULTI-WINDOW SCAN >>>
2026-09-05,03:06:59 GMT,V6.2 DIAG | 7 0 4 -0.10000000000000009 -0.08571428571428572 0.09999999999999998 0.2 0.45 0.9500000000000001 -0.1 5 3 2 1 0 0 0 1
2026-09-05,03:06:59 GMT,V6.2 BLOCK - final pressure/veto/active/timing gate failed or signal already used
2026-09-05,03:06:59 GMT,SENTINEL V6 MULTI-WINDOW SCAN >>>
2026-09-05,03:06:59 GMT,V6.2 DIAG | 2 0 5 -0.15000000000000002 -0.028571428571428567 0.15 0.06666666666666667 -0.05 0.9500000000000001 -0.35000000000000003 6 2 2 1 0 0 0 1
2026-09-05,03:06:59 GMT,V6.2 BLOCK - final pressure/veto/active/timing gate failed or signal already used
2026-09-05,03:06:59 GMT,SENTINEL V6 MULTI-WINDOW SCAN >>>
2026-09-05,03:06:59 GMT,V6.2 DIAG | 8 0 5 -0.10000000000000009 -0.028571428571428567 0.09999999999999998 0.06666666666666667 -0.05 0.9500000000000001 -0.4 6 2 2 1 0 0 0 1
2026-09-05,03:06:59 GMT,V6.2 BLOCK - final pressure/veto/active/timing gate failed or signal already used
2026-09-05,03:06:59 GMT,SENTINEL V6 MULTI-WINDOW SCAN >>>
2026-09-05,03:06:59 GMT,V6.2 DIAG | 0 0 9 -0.15000000000000002 0.028571428571428567 0.15 -0.06666666666666667 -0.05 0.45 -0.65 6 2 1 1 0 0 0 1
2026-09-05,03:06:59 GMT,V6.2 BLOCK - final pressure/veto/active/timing gate failed or signal already used
2026-09-05,03:06:59 GMT,SENTINEL V6 MULTI-WINDOW SCAN >>>
2026-09-05,03:06:59 GMT,V6.2 DIAG | 8 0 9 -0.15000000000000002 0.028571428571428567 0.15 -0.06666666666666667 -0.05 0.45 -0.65 6 2 1 1 0 0 0 1
2026-09-05,03:06:59 GMT,V6.2 BLOCK - final pressure/veto/active/timing gate failed or signal already used
2026-09-05,03:06:59 GMT,SENTINEL V6 MULTI-WINDOW SCAN >>>
2026-09-05,03:06:59 GMT,V6.2 DIAG | 1 1 10 0 0.057142857142857134 0 -0.13333333333333333 -0.05 -0.1 -0.65 6 2 0 0 0 0 0 1
2026-09-05,03:06:59 GMT,V6.2 BLOCK - final pressure/veto/active/timing gate failed or signal already used
2026-09-05,03:06:59 GMT,SENTINEL V6 MULTI-WINDOW SCAN >>>
2026-09-05,03:06:59 GMT,V6.2 DIAG | 0 0 6 0 0 0 0 -0.05 -0.1 0.15000000000000002 6 2 0 0 0 0 0 1
2026-09-05,03:06:59 GMT,V6.2 BLOCK - final pressure/veto/active/timing gate failed or signal already used
2026-09-05,03:06:59 GMT,SENTINEL V6 MULTI-WINDOW SCAN >>>
2026-09-05,03:06:59 GMT,V6.2 DIAG | 3 0 6 0 0 0 0 -0.05 -0.1 0.15000000000000002 6 2 0 0 0 0 0 1
2026-09-05,03:06:59 GMT,V6.2 BLOCK - final pressure/veto/active/timing gate failed or signal already used
2026-09-05,03:06:59 GMT,SENTINEL V6 MULTI-WINDOW SCAN >>>
2026-09-05,03:06:59 GMT,V6.2 DIAG | 0 0 6 -0.15000000000000002 -0.028571428571428567 0.15 0.06666666666666667 -0.30000000000000004 -0.1 0.9500000000000001 6 2 0 0 0 0 0 1
2026-09-05,03:06:51 GMT,V6.2 BLOCK - final pressure/veto/active/timing gate failed or signal already used
2026-09-05,03:06:51 GMT,SENTINEL V6 MULTI-WINDOW SCAN >>>
2026-09-05,03:06:51 GMT,V6.2 DIAG | 6 0 6 -0.15000000000000002 -0.028571428571428567 0.15 0.06666666666666667 -0.30000000000000004 -0.1 0.9500000000000001 6 2 0 1 0 0 0 1
2026-09-05,03:06:51 GMT,V6.2 BLOCK - final pressure/veto/active/timing gate failed or signal already used
2026-09-05,03:06:51 GMT,SENTINEL V6 MULTI-WINDOW SCAN >>>
2026-09-05,03:06:51 GMT,V6.2 DIAG | 9 0 6 -0.25 0 0.25 0 -0.30000000000000004 -0.4 0.9500000000000001 5 3 0 1 0 0 0 1
2026-09-05,03:06:50 GMT,V6.2 BLOCK - final pressure/veto/active/timing gate failed or signal already used
2026-09-05,03:06:50 GMT,SENTINEL V6 MULTI-WINDOW SCAN >>>
2026-09-05,03:06:50 GMT,V6.2 DIAG | 0 1 9 -0.15000000000000002 0.028571428571428567 0.15 -0.06666666666666667 -0.30000000000000004 -0.4 0.45 6 2 0 1 0 0 0 1
2026-09-05,03:06:50 GMT,V6.2 BLOCK - final pressure/veto/active/timing gate failed or signal already used
2026-09-05,03:06:50 GMT,SENTINEL V6 MULTI-WINDOW SCAN >>>
2026-09-05,03:06:50 GMT,V6.2 DIAG | 9 1 9 -0.10000000000000009 0.028571428571428567 0.09999999999999998 -0.06666666666666667 -0.30000000000000004 -0.4 0.4 5 3 1 1 0 0 0 1
2026-09-05,03:06:50 GMT,V6.2 BLOCK - final pressure/veto/active/timing gate failed or signal already used
2026-09-05,03:06:50 GMT,SENTINEL V6 MULTI-WINDOW SCAN >>>
2026-09-05,03:06:50 GMT,V6.2 DIAG | 3 0 6 0 0 0 0 0.5 -0.4 -0.1 6 2 1 0 0 0 0 1
2026-09-05,03:06:49 GMT,V6.2 BLOCK - final pressure/veto/active/timing gate failed or signal already used
2026-09-05,03:06:49 GMT,SENTINEL V6 MULTI-WINDOW SCAN >>>
2026-09-05,03:06:49 GMT,V6.2 DIAG | 6 0 6 0 0 0 0 0.5 -0.4 -0.1 6 2 1 0 0 0 0 1
2026-09-05,03:06:49 GMT,V6.2 BLOCK - final pressure/veto/active/timing gate failed or signal already used
2026-09-05,03:06:49 GMT,SENTINEL V6 MULTI-WINDOW SCAN >>>
2026-09-05,03:06:49 GMT,V6.2 DIAG | 3 0 7 0.050000000000000044 -0.057142857142857134 -0.04999999999999999 0.13333333333333333 0.5 0.35000000000000003 -0.1 6 2 1 1 0 0 0 1
2026-09-05,03:06:49 GMT,V6.2 BLOCK - final pressure/veto/active/timing gate failed or signal already used
2026-09-05,03:06:49 GMT,SENTINEL V6 MULTI-WINDOW SCAN >>>
2026-09-05,03:06:49 GMT,V6.2 DIAG | 4 0 7 0.050000000000000044 -0.057142857142857134 -0.04999999999999999 0.13333333333333333 0.5 0.35000000000000003 -0.1 6 2 1 1 0 0 0 1
2026-09-05,03:06:48 GMT,V6.2 BLOCK - final pressure/veto/active/timing gate failed or signal already used
2026-09-05,03:06:48 GMT,SENTINEL V6 MULTI-WINDOW SCAN >>>
2026-09-05,03:06:48 GMT,V6.2 DIAG | 7 0 7 0.10000000000000009 -0.057142857142857134 -0.09999999999999998 0.13333333333333333 0.5 0.35000000000000003 -0.15 6 2 1 1 0 0 0 1
2026-09-05,03:06:48 GMT,V6.2 BLOCK - final pressure/veto/active/timing gate failed or signal already used
2026-09-05,03:06:48 GMT,SENTINEL V6 MULTI-WINDOW SCAN >>>
2026-09-05,03:06:48 GMT,V6.2 DIAG | 1 0 8 0.20000000000000007 -0.028571428571428567 -0.19999999999999998 0.06666666666666667 0 0.35000000000000003 -0.15 7 1 1 1 0 0 0 1
2026-09-05,03:06:48 GMT,V6.2 BLOCK - final pressure/veto/active/timing gate failed or signal already used
2026-09-05,03:06:48 GMT,SENTINEL V6 MULTI-WINDOW SCAN >>>
2026-09-05,03:06:48 GMT,V6.2 DIAG | 8 0 8 0.25 -0.028571428571428567 -0.24999999999999997 0.06666666666666667 -0.05 0.35000000000000003 -0.15 7 1 1 1 0 0 0 1
2026-09-05,03:06:46 GMT,V6.2 BLOCK - final pressure/veto/active/timing gate failed or signal already used
2026-09-05,03:06:46 GMT,SENTINEL V6 MULTI-WINDOW SCAN >>>
2026-09-05,03:06:46 GMT,V6.2 DIAG | 3 1 9 0.35 0 -0.35 0 -0.05 -0.15 -0.15 8 0 0 1 0 0 0 1
2026-09-05,03:06:45 GMT,V6.2 BLOCK - final pressure/veto/active/timing gate failed or signal already used
2026-09-05,03:06:45 GMT,SENTINEL V6 MULTI-WINDOW SCAN >>>
2026-09-05,03:06:45 GMT,V6.2 DIAG | 5 1 9 0.4 0 -0.4 0 -0.1 -0.15 -0.15 8 0 0 0 0 0 0 1
2026-09-05,03:06:45 GMT,V6.2 BLOCK - final pressure/veto/active/timing gate failed or signal already used
2026-09-05,03:06:45 GMT,SENTINEL V6 MULTI-WINDOW SCAN >>>
2026-09-05,03:06:45 GMT,V6.2 DIAG | 3 1 12 0.25 0.028571428571428567 -0.24999999999999997 -0.06666666666666667 -0.1 -0.15 -0.4 8 0 0 1 1 0 0 1
2026-09-05,03:06:44 GMT,Profit amount: 2.72
2026-09-05,03:06:44 GMT,V6.2 DIAG | 1 1 12 0.30000000000000004 0.028571428571428567 -0.30000000000000004 -0.06666666666666667 -0.1 -0.15 -0.45 8 0 0 0 1 1 0 1
2026-09-05,03:06:44 GMT,V6.2 DIAG | 4 1 12 0.30000000000000004 0.028571428571428567 -0.30000000000000004 -0.06666666666666667 -0.1 -0.15 -0.45 7 1 0 0 0 0 0 1
2026-09-05,03:06:42 GMT,V6.2 DIAG | 4 1 12 0.15000000000000002 0.057142857142857134 -0.14999999999999997 -0.13333333333333333 -0.1 -0.4 -0.45 7 1 0 0 1 1 0 1
2026-09-05,03:06:42 GMT,V6.2 DIAG | 4 1 12 0.15000000000000002 0.057142857142857134 -0.14999999999999997 -0.13333333333333333 -0.1 -0.4 -0.45 7 1 0 0 1 1 0 1
2026-09-05,03:06:42 GMT,Bought: (ID: 22525054179)
2026-09-05,03:06:23 GMT,SENTINEL V6 MULTI-WINDOW SCAN >>>
2026-09-05,03:06:23 GMT,V6.2 DIAG | 5 1 12 0.09999999999999998 0.028571428571428567 -0.10000000000000003 -0.06666666666666667 -0.1 0 -0.4 6 2 1 0 1 1 0 1
2026-09-05,03:06:23 GMT,V6.2 BLOCK - final pressure/veto/active/timing gate failed or signal already used
2026-09-05,03:06:23 GMT,SENTINEL V6 MULTI-WINDOW SCAN >>>
2026-09-05,03:06:23 GMT,V6.2 DIAG | 4 0 5 -0.050000000000000044 0 0.050000000000000044 0 -0.1 0 0.15000000000000002 5 3 2 0 0 0 0 1
2026-09-05,03:06:23 GMT,V6.2 BLOCK - final pressure/veto/active/timing gate failed or signal already used
2026-09-05,03:06:23 GMT,SENTINEL V6 MULTI-WINDOW SCAN >>>
2026-09-05,03:06:23 GMT,V6.2 DIAG | 2 0 5 -0.050000000000000044 0 0.050000000000000044 0 -0.1 0 0.15000000000000002 5 3 2 1 0 0 0 1
2026-09-05,03:06:22 GMT,V6.2 BLOCK - final pressure/veto/active/timing gate failed or signal already used
2026-09-05,03:06:22 GMT,SENTINEL V6 MULTI-WINDOW SCAN >>>
2026-09-05,03:06:22 GMT,V6.2 DIAG | 8 0 6 -0.15000000000000002 0.028571428571428574 0.15000000000000002 -0.06666666666666668 -0.35000000000000003 -0.04999999999999999 0.15000000000000002 4 4 2 1 0 0 0 1
2026-09-05,03:06:22 GMT,V6.2 BLOCK - final pressure/veto/active/timing gate failed or signal already used
2026-09-05,03:06:22 GMT,SENTINEL V6 MULTI-WINDOW SCAN >>>
2026-09-05,03:06:22 GMT,V6.2 DIAG | 4 0 5 0 0 0 0 -0.35000000000000003 0.25 0.1 5 3 1 1 0 0 0 1
2026-09-05,03:06:22 GMT,V6.2 BLOCK - final pressure/veto/active/timing gate failed or signal already used
2026-09-05,03:06:22 GMT,SENTINEL V6 MULTI-WINDOW SCAN >>>
2026-09-05,03:06:22 GMT,V6.2 DIAG | 9 0 6 -0.09999999999999998 0.028571428571428574 0.09999999999999998 -0.06666666666666668 -0.6000000000000001 0.25 0.05000000000000002 4 4 1 1 0 0 0 1
2026-09-05,03:06:22 GMT,V6.2 BLOCK - final pressure/veto/active/timing gate failed or signal already used
2026-09-05,03:06:22 GMT,SENTINEL V6 MULTI-WINDOW SCAN >>>
2026-09-05,03:06:22 GMT,V6.2 DIAG | 4 0 6 0.04999999999999993 0 -0.04999999999999999 0 -0.6000000000000001 0.25 0.30000000000000004 5 3 1 1 0 0 0 1
2026-09-05,03:06:22 GMT,V6.2 BLOCK - final pressure/veto/active/timing gate failed or signal already used
2026-09-05,03:06:22 GMT,SENTINEL V6 MULTI-WINDOW SCAN >>>
2026-09-05,03:06:22 GMT,V6.2 DIAG | 4 0 6 -0.050000000000000044 0.028571428571428574 0.04999999999999999 -0.06666666666666668 -0.65 0.25 0.05000000000000002 4 4 1 1 0 0 0 1
2026-09-05,03:06:22 GMT,V6.2 BLOCK - final pressure/veto/active/timing gate failed or signal already used
2026-09-05,03:06:22 GMT,SENTINEL V6 MULTI-WINDOW SCAN >>>
2026-09-05,03:06:22 GMT,V6.2 DIAG | 8 0 2 -0.050000000000000044 -0.028571428571428574 0.04999999999999999 0.06666666666666668 0.15000000000000002 0.25 0.05000000000000002 4 4 1 1 0 0 0 1
2026-09-05,03:06:22 GMT,V6.2 BLOCK - final pressure/veto/active/timing gate failed or signal already used
2026-09-05,03:06:22 GMT,SENTINEL V6 MULTI-WINDOW SCAN >>>
2026-09-05,03:06:22 GMT,V6.2 DIAG | 1 0 4 0.04999999999999993 0 -0.04999999999999999 0 0.15000000000000002 -0.25 0.05000000000000002 4 4 0 0 0 0 0 1
2026-09-05,03:06:13 GMT,V6.2 BLOCK - final pressure/veto/active/timing gate failed or signal already used
2026-09-05,03:06:13 GMT,SENTINEL V6 MULTI-WINDOW SCAN >>>
2026-09-05,03:06:13 GMT,V6.2 DIAG | 9 0 5 0.09999999999999998 -0.05714285714285714 -0.09999999999999998 0.13333333333333336 0.9500000000000001 -0.3 0.05000000000000002 4 4 0 0 0 0 0 1
2026-09-05,03:06:13 GMT,V6.2 BLOCK - final pressure/veto/active/timing gate failed or signal already used
2026-09-05,03:06:13 GMT,SENTINEL V6 MULTI-WINDOW SCAN >>>
2026-09-05,03:06:13 GMT,V6.2 DIAG | 5 0 7 0.04999999999999993 0 -0.04999999999999999 0 0.9500000000000001 -0.55 -0.45 5 3 0 0 0 0 0 1
2026-09-05,03:06:13 GMT,V6.2 BLOCK - final pressure/veto/active/timing gate failed or signal already used
2026-09-05,03:06:13 GMT,SENTINEL V6 MULTI-WINDOW SCAN >>>
2026-09-05,03:06:13 GMT,V6.2 DIAG | 7 0 5 -0.050000000000000044 -0.028571428571428574 0.04999999999999999 0.06666666666666668 0.9 -0.8 0.35000000000000003 5 3 0 1 0 0 0 1
2026-09-05,03:06:12 GMT,V6.2 BLOCK - final pressure/veto/active/timing gate failed or signal already used
2026-09-05,03:06:12 GMT,SENTINEL V6 MULTI-WINDOW SCAN >>>
2026-09-05,03:06:12 GMT,V6.2 DIAG | 3 0 6 0.04999999999999993 0 -0.04999999999999999 0 0.4 -0.8 0.35000000000000003 5 3 1 0 0 0 0 1
2026-09-05,03:06:12 GMT,V6.2 BLOCK - final pressure/veto/active/timing gate failed or signal already used
2026-09-05,03:06:12 GMT,SENTINEL V6 MULTI-WINDOW SCAN >>>
2026-09-05,03:06:12 GMT,V6.2 DIAG | 7 0 3 0.04999999999999993 0 -0.04999999999999999 0 0.4 -0.8 0.35000000000000003 4 4 2 1 0 0 0 1
2026-09-05,03:06:12 GMT,V6.2 BLOCK - final pressure/veto/active/timing gate failed or signal already used
2026-09-05,03:06:12 GMT,SENTINEL V6 MULTI-WINDOW SCAN >>>
2026-09-05,03:06:12 GMT,V6.2 DIAG | 2 0 8 0 0.05714285714285714 0 -0.13333333333333336 -0.1 -1.05 0.35000000000000003 5 3 2 0 0 0 0 1
2026-09-05,03:06:12 GMT,V6.2 BLOCK - final pressure/veto/active/timing gate failed or signal already used
2026-09-05,03:06:12 GMT,SENTINEL V6 MULTI-WINDOW SCAN >>>
2026-09-05,03:06:12 GMT,V6.2 DIAG | 9 0 6 0.04999999999999993 0 -0.04999999999999999 0 -0.15 -0.25 0.35000000000000003 5 3 2 1 0 0 0 1
2026-09-05,03:06:12 GMT,V6.2 BLOCK - final pressure/veto/active/timing gate failed or signal already used
2026-09-05,03:06:12 GMT,SENTINEL V6 MULTI-WINDOW SCAN >>>
2026-09-05,03:06:12 GMT,V6.2 DIAG | 3 0 7 0.19999999999999996 -0.028571428571428567 -0.2 0.06666666666666667 -0.2 0.55 -0.15 5 3 3 1 0 0 0 1
2026-09-05,03:06:12 GMT,V6.2 BLOCK - final pressure/veto/active/timing gate failed or signal already used
2026-09-05,03:06:12 GMT,SENTINEL V6 MULTI-WINDOW SCAN >>>
2026-09-05,03:06:12 GMT,V6.2 DIAG | 6 0 7 0.09999999999999998 0 -0.09999999999999998 0 -0.2 0.25 -0.15 5 3 3 1 0 0 0 1
2026-09-05,03:06:12 GMT,V6.2 BLOCK - final pressure/veto/active/timing gate failed or signal already used
2026-09-05,03:06:12 GMT,SENTINEL V6 MULTI-WINDOW SCAN >>>
2026-09-05,03:06:12 GMT,V6.2 DIAG | 6 0 7 0.09999999999999998 0 -0.09999999999999998 0 -0.2 0.25 -0.15 5 3 3 1 0 0 0 1
2026-09-05,03:06:01 GMT,V6.2 BLOCK - final pressure/veto/active/timing gate failed or signal already used
2026-09-05,03:06:01 GMT,SENTINEL V6 MULTI-WINDOW SCAN >>>
2026-09-05,03:06:01 GMT,V6.2 DIAG | 8 0 5 0.14999999999999997 -0.05714285714285714 -0.15000000000000002 0.13333333333333336 -0.25 1.0499999999999998 -0.15 4 4 4 1 0 0 0 1
2026-09-05,03:06:01 GMT,V6.2 BLOCK - final pressure/veto/active/timing gate failed or signal already used
2026-09-05,03:06:01 GMT,SENTINEL V6 MULTI-WINDOW SCAN >>>
2026-09-05,03:06:01 GMT,V6.2 DIAG | 8 0 7 0.24999999999999994 -0.028571428571428567 -0.25000000000000006 0.06666666666666667 -0.25 0.55 -0.15 5 3 3 1 0 0 0 1
2026-09-05,03:06:00 GMT,V6.2 BLOCK - final pressure/veto/active/timing gate failed or signal already used
2026-09-05,03:06:00 GMT,SENTINEL V6 MULTI-WINDOW SCAN >>>
2026-09-05,03:06:00 GMT,V6.2 DIAG | 1 0 7 0.35000000000000003 0 -0.35000000000000003 0 -0.25 0.05000000000000002 -0.15 6 2 2 0 0 0 0 1
2026-09-05,03:06:00 GMT,V6.2 BLOCK - final pressure/veto/active/timing gate failed or signal already used
2026-09-05,03:06:00 GMT,SENTINEL V6 MULTI-WINDOW SCAN >>>
2026-09-05,03:06:00 GMT,V6.2 DIAG | 6 0 7 0.19999999999999996 -0.028571428571428567 -0.2 0.06666666666666667 -0.25 0.6 -0.15 6 2 2 1 0 0 0 1
2026-09-05,03:06:00 GMT,V6.2 BLOCK - final pressure/veto/active/timing gate failed or signal already used
2026-09-05,03:06:00 GMT,SENTINEL V6 MULTI-WINDOW SCAN >>>
2026-09-05,03:06:00 GMT,V6.2 DIAG | 8 0 6 0.04999999999999993 0 -0.04999999999999999 0 -0.25 0.6 -0.4 6 2 2 1 0 0 0 1
2026-09-05,03:06:00 GMT,V6.2 BLOCK - final pressure/veto/active/timing gate failed or signal already used
2026-09-05,03:06:00 GMT,SENTINEL V6 MULTI-WINDOW SCAN >>>
2026-09-05,03:06:00 GMT,V6.2 DIAG | 4 0 8 0 0.05714285714285714 0 -0.13333333333333336 -0.25 0.1 -0.65 6 2 2 1 0 0 0 1
2026-09-05,03:06:00 GMT,V6.2 BLOCK - final pressure/veto/active/timing gate failed or signal already used
2026-09-05,03:06:00 GMT,SENTINEL V6 MULTI-WINDOW SCAN >>>
2026-09-05,03:06:00 GMT,V6.2 DIAG | 3 0 8 -0.09999999999999998 0.08571428571428572 0.09999999999999998 -0.2 -0.25 0.1 -0.95 5 3 2 1 0 0 0 1
2026-09-05,03:05:59 GMT,V6.2 BLOCK - final pressure/veto/active/timing gate failed or signal already used
2026-09-05,03:05:59 GMT,SENTINEL V6 MULTI-WINDOW SCAN >>>
2026-09-05,03:05:59 GMT,V6.2 DIAG | 8 0 5 -0.25 0.11428571428571428 0.25 -0.26666666666666666 -0.5 0.1 -0.95 4 4 2 1 0 0 0 1
2026-09-05,03:05:59 GMT,V6.2 BLOCK - final pressure/veto/active/timing gate failed or signal already used
2026-09-05,03:05:59 GMT,SENTINEL V6 MULTI-WINDOW SCAN >>>
2026-09-05,03:05:59 GMT,V6.2 DIAG | 5 0 7 -0.15000000000000002 0.08571428571428572 0.15000000000000002 -0.2 -0.5 0.4 -0.95 4 4 1 1 0 0 0 1
2026-09-05,03:05:59 GMT,V6.2 BLOCK - final pressure/veto/active/timing gate failed or signal already used
2026-09-05,03:05:59 GMT,SENTINEL V6 MULTI-WINDOW SCAN >>>
2026-09-05,03:05:59 GMT,V6.2 DIAG | 6 0 7 -0.09999999999999998 0.028571428571428574 0.09999999999999998 -0.06666666666666668 -0.5 0.4 -0.20000000000000004 3 5 1 1 0 0 0 1
2026-09-05,03:05:59 GMT,V6.2 BLOCK - final pressure/veto/active/timing gate failed or signal already used
2026-09-05,03:05:59 GMT,SENTINEL V6 MULTI-WINDOW SCAN >>>
2026-09-05,03:05:59 GMT,V6.2 DIAG | 3 0 2 -0.19999999999999996 0 0.19999999999999996 0 -0.5 0.1 0.6 3 5 1 0 0 0 0 1
2026-09-05,03:05:59 GMT,V6.2 BLOCK - final pressure/veto/active/timing gate failed or signal already used
2026-09-05,03:05:59 GMT,SENTINEL V6 MULTI-WINDOW SCAN >>>
2026-09-05,03:05:59 GMT,V6.2 DIAG | 0 0 2 -0.15000000000000002 -0.05714285714285715 0.14999999999999997 0.13333333333333333 -0.5 0.05000000000000002 1.4 3 5 1 0 0 0 0 1
2026-09-05,03:05:58 GMT,V6.2 BLOCK - final pressure/veto/active/timing gate failed or signal already used
2026-09-05,03:05:58 GMT,SENTINEL V6 MULTI-WINDOW SCAN >>>
2026-09-05,03:05:58 GMT,V6.2 DIAG | 8 0 0 -0.3 -0.08571428571428572 0.29999999999999993 0.19999999999999998 0.05000000000000002 0.05000000000000002 1.4 2 6 2 1 0 0 0 1
2026-09-05,03:05:58 GMT,V6.2 DIAG | 9 0 2 -0.19999999999999996 -0.05714285714285715 0.19999999999999996 0.13333333333333333 0.05000000000000002 -0.45 1.4 3 5 1 0 0 0 0 1
2026-09-05,03:04:06 GMT,V6.2 BLOCK - final pressure/veto/active/timing gate failed or signal already used
2026-09-05,03:04:06 GMT,SENTINEL V6 MULTI-WINDOW SCAN >>>
2026-09-05,03:04:06 GMT,V6.2 DIAG | 8 0 1 -0.4 -0.05714285714285715 0.39999999999999997 0.13333333333333333 0.9500000000000001 0.25 0 3 5 3 1 0 0 2 0
2026-09-05,03:04:06 GMT,V6.2 BLOCK - final pressure/veto/active/timing gate failed or signal already used
2026-09-05,03:04:06 GMT,SENTINEL V6 MULTI-WINDOW SCAN >>>
2026-09-05,03:04:06 GMT,V6.2 DIAG | 7 0 2 -0.25 -0.08571428571428572 0.25 0.2 0.9500000000000001 0.5 0 4 4 2 1 0 0 2 0
2026-09-05,03:04:06 GMT,V6.2 BLOCK - final pressure/veto/active/timing gate failed or signal already used
2026-09-05,03:04:06 GMT,SENTINEL V6 MULTI-WINDOW SCAN >>>
2026-09-05,03:04:06 GMT,V6.2 DIAG | 7 0 2 -0.09999999999999998 -0.05714285714285714 0.10000000000000003 0.13333333333333336 0.4 0.5 0 4 4 3 1 0 0 2 0
2026-09-05,03:04:06 GMT,V6.2 BLOCK - final pressure/veto/active/timing gate failed or signal already used
2026-09-05,03:04:06 GMT,SENTINEL V6 MULTI-WINDOW SCAN >>>
2026-09-05,03:04:06 GMT,V6.2 DIAG | 3 0 5 0 -0.028571428571428567 0 0.06666666666666667 -0.1 0.5 0 5 3 3 1 0 0 2 0
2026-09-05,03:04:06 GMT,V6.2 BLOCK - final pressure/veto/active/timing gate failed or signal already used
2026-09-05,03:04:06 GMT,SENTINEL V6 MULTI-WINDOW SCAN >>>
2026-09-05,03:04:06 GMT,V6.2 DIAG | 8 0 5 -0.15000000000000002 0 0.15000000000000002 0 -0.1 0.25 0 5 3 3 1 0 0 2 0
2026-09-05,03:04:06 GMT,V6.2 BLOCK - final pressure/veto/active/timing gate failed or signal already used
2026-09-05,03:04:06 GMT,SENTINEL V6 MULTI-WINDOW SCAN >>>
2026-09-05,03:04:06 GMT,V6.2 DIAG | 8 0 5 -0.050000000000000044 -0.028571428571428567 0.04999999999999999 0.06666666666666667 -0.1 0.55 0 6 2 2 1 0 0 2 0
2026-09-05,03:04:06 GMT,V6.2 BLOCK - final pressure/veto/active/timing gate failed or signal already used
2026-09-05,03:04:06 GMT,SENTINEL V6 MULTI-WINDOW SCAN >>>
2026-09-05,03:04:06 GMT,V6.2 DIAG | 6 0 7 0.10000000000000009 0 -0.09999999999999998 0 -0.1 0.05000000000000002 -0.05 6 2 2 0 0 0 2 0
2026-09-05,03:04:06 GMT,V6.2 BLOCK - final pressure/veto/active/timing gate failed or signal already used
2026-09-05,03:04:06 GMT,SENTINEL V6 MULTI-WINDOW SCAN >>>
2026-09-05,03:04:06 GMT,V6.2 DIAG | 6 0 7 0.10000000000000009 0 -0.09999999999999998 0 -0.1 0.05000000000000002 -0.05 6 2 2 0 0 0 2 0
2026-09-05,03:04:06 GMT,V6.2 BLOCK - final pressure/veto/active/timing gate failed or signal already used
2026-09-05,03:04:06 GMT,SENTINEL V6 MULTI-WINDOW SCAN >>>
2026-09-05,03:04:06 GMT,V6.2 DIAG | 3 0 7 0.10000000000000009 0 -0.09999999999999998 0 -0.1 0.05000000000000002 -0.05 6 2 2 0 0 0 2 0
2026-09-05,03:04:06 GMT,V6.2 BLOCK - final pressure/veto/active/timing gate failed or signal already used
2026-09-05,03:04:06 GMT,SENTINEL V6 MULTI-WINDOW SCAN >>>
2026-09-05,03:04:06 GMT,V6.2 DIAG | 8 0 5 -0.050000000000000044 -0.028571428571428567 0.04999999999999999 0.06666666666666667 -0.1 0.6 -0.05 6 2 2 1 0 0 2 0
2026-09-05,03:04:06 GMT,V6.2 BLOCK - final pressure/veto/active/timing gate failed or signal already used
2026-09-05,03:04:06 GMT,SENTINEL V6 MULTI-WINDOW SCAN >>>
2026-09-05,03:04:06 GMT,V6.2 DIAG | 6 0 8 0.10000000000000009 0 -0.09999999999999998 0 -0.1 0.05000000000000002 -0.05 7 1 1 0 0 0 2 0
2026-09-05,03:04:06 GMT,V6.2 BLOCK - final pressure/veto/active/timing gate failed or signal already used
2026-09-05,03:04:06 GMT,SENTINEL V6 MULTI-WINDOW SCAN >>>
2026-09-05,03:04:06 GMT,V6.2 DIAG | 6 0 7 0.15000000000000002 0 -0.14999999999999997 0 -0.1 0.05000000000000002 -0.1 6 2 2 0 0 0 2 0
2026-09-05,03:04:06 GMT,V6.2 BLOCK - final pressure/veto/active/timing gate failed or signal already used
2026-09-05,03:04:06 GMT,SENTINEL V6 MULTI-WINDOW SCAN >>>
2026-09-05,03:04:06 GMT,V6.2 DIAG | 4 0 7 0.15000000000000002 0 -0.14999999999999997 0 -0.1 0.05000000000000002 -0.1 6 2 2 1 0 0 2 0
2026-09-05,03:04:06 GMT,V6.2 BLOCK - final pressure/veto/active/timing gate failed or signal already used
2026-09-05,03:04:06 GMT,SENTINEL V6 MULTI-WINDOW SCAN >>>
2026-09-05,03:04:06 GMT,V6.2 DIAG | 8 0 7 0.20000000000000007 0 -0.2 0 -0.1 0.05000000000000002 -0.15 6 2 2 1 0 0 2 0
2026-09-05,03:04:06 GMT,V6.2 BLOCK - final pressure/veto/active/timing gate failed or signal already used
2026-09-05,03:04:06 GMT,SENTINEL V6 MULTI-WINDOW SCAN >>>
2026-09-05,03:04:06 GMT,V6.2 DIAG | 3 0 8 0.30000000000000004 -0.028571428571428567 -0.30000000000000004 0.06666666666666667 -0.1 0.35000000000000003 -0.15 7 1 1 1 0 0 2 0
2026-09-05,03:04:06 GMT,V6.2 BLOCK - final pressure/veto/active/timing gate failed or signal already used
2026-09-05,03:04:06 GMT,SENTINEL V6 MULTI-WINDOW SCAN >>>
2026-09-05,03:04:06 GMT,V6.2 DIAG | 1 0 8 0.15000000000000002 0 -0.14999999999999997 0 -0.35000000000000003 0.35000000000000003 -0.15 7 1 1 1 0 0 2 0
2026-09-05,03:04:06 GMT,V6.2 BLOCK - final pressure/veto/active/timing gate failed or signal already used
2026-09-05,03:04:06 GMT,SENTINEL V6 MULTI-WINDOW SCAN >>>
2026-09-05,03:04:06 GMT,V6.2 DIAG | 3 0 8 0.15000000000000002 0 -0.14999999999999997 0 -0.35000000000000003 0.35000000000000003 -0.15 7 1 1 1 0 0 2 0
2026-09-05,03:04:06 GMT,V6.2 BLOCK - final pressure/veto/active/timing gate failed or signal already used
2026-09-05,03:04:06 GMT,SENTINEL V6 MULTI-WINDOW SCAN >>>
2026-09-05,03:04:06 GMT,V6.2 DIAG | 2 0 8 0.15000000000000002 0 -0.14999999999999997 0 -0.35000000000000003 0.35000000000000003 -0.15 6 2 1 1 0 0 2 0
2026-09-05,03:04:06 GMT,V6.2 BLOCK - final pressure/veto/active/timing gate failed or signal already used
2026-09-05,03:04:06 GMT,SENTINEL V6 MULTI-WINDOW SCAN >>>
2026-09-05,03:04:06 GMT,V6.2 DIAG | 8 0 8 0.20000000000000007 0 -0.2 0 -0.35000000000000003 0.30000000000000004 -0.15 6 2 1 1 0 0 2 0
2026-09-05,03:04:06 GMT,V6.2 BLOCK - final pressure/veto/active/timing gate failed or signal already used
2026-09-05,03:04:06 GMT,SENTINEL V6 MULTI-WINDOW SCAN >>>
2026-09-05,03:04:06 GMT,V6.2 DIAG | 0 0 12 0.15000000000000002 0.057142857142857134 -0.14999999999999997 -0.13333333333333333 -0.35000000000000003 -0.45 -0.15 7 1 0 0 1 0 2 0
2026-09-05,03:04:06 GMT,V6.2 BLOCK - final pressure/veto/active/timing gate failed or signal already used
2026-09-05,03:04:06 GMT,SENTINEL V6 MULTI-WINDOW SCAN >>>
2026-09-05,03:04:06 GMT,V6.2 DIAG | 4 0 8 0.15000000000000002 0 -0.14999999999999997 0 0.45 -0.45 -0.15 7 1 0 0 0 0 2 0
2026-09-05,03:04:06 GMT,V6.2 BLOCK - final pressure/veto/active/timing gate failed or signal already used
2026-09-05,03:04:06 GMT,SENTINEL V6 MULTI-WINDOW SCAN >>>
2026-09-05,03:04:06 GMT,V6.2 DIAG | 1 0 9 0 0.028571428571428567 0 -0.06666666666666667 0.45 -0.7000000000000001 -0.15 6 2 1 1 0 0 2 0
2026-09-05,03:04:06 GMT,V6.2 BLOCK - final pressure/veto/active/timing gate failed or signal already used
2026-09-05,03:04:06 GMT,SENTINEL V6 MULTI-WINDOW SCAN >>>
2026-09-05,03:04:06 GMT,V6.2 DIAG | 5 0 9 -0.15000000000000002 0.05714285714285714 0.15000000000000002 -0.13333333333333336 0.2 -0.7000000000000001 -0.15 6 2 1 1 0 0 2 0
2026-09-05,03:04:06 GMT,V6.2 BLOCK - final pressure/veto/active/timing gate failed or signal already used
2026-09-05,03:04:06 GMT,SENTINEL V6 MULTI-WINDOW SCAN >>>
2026-09-05,03:04:06 GMT,V6.2 DIAG | 2 0 8 -0.09999999999999998 0.05714285714285714 0.10000000000000003 -0.13333333333333336 0.2 -0.7000000000000001 -0.2 5 3 2 1 0 0 2 0
2026-09-05,03:04:06 GMT,V6.2 BLOCK - final pressure/veto/active/timing gate failed or signal already used
2026-09-05,03:04:06 GMT,SENTINEL V6 MULTI-WINDOW SCAN >>>
2026-09-05,03:04:06 GMT,V6.2 DIAG | 7 0 2 -0.09999999999999998 0 0.10000000000000003 0 0.2 0.1 -0.2 4 4 2 1 0 0 2 0
2026-09-05,03:04:06 GMT,V6.2 BLOCK - final pressure/veto/active/timing gate failed or signal already used
2026-09-05,03:04:06 GMT,SENTINEL V6 MULTI-WINDOW SCAN >>>
2026-09-05,03:04:06 GMT,V6.2 DIAG | 5 0 8 0 0.028571428571428567 0 -0.06666666666666667 -0.30000000000000004 0.1 -0.2 5 3 2 0 0 0 2 0
2026-09-05,03:04:06 GMT,V6.2 BLOCK - final pressure/veto/active/timing gate failed or signal already used
2026-09-05,03:04:06 GMT,SENTINEL V6 MULTI-WINDOW SCAN >>>
2026-09-05,03:04:06 GMT,V6.2 DIAG | 5 0 5 -0.15000000000000002 0 0.15000000000000002 0 -0.30000000000000004 0.9 -0.45 5 3 2 1 0 0 2 0
2026-09-05,03:04:06 GMT,V6.2 BLOCK - final pressure/veto/active/timing gate failed or signal already used
2026-09-05,03:04:06 GMT,SENTINEL V6 MULTI-WINDOW SCAN >>>
2026-09-05,03:04:06 GMT,V6.2 DIAG | 0 0 4 -0.15000000000000002 -0.05714285714285714 0.15000000000000002 0.13333333333333336 0.5 0.9 -0.45 5 3 2 1 0 0 2 0
2026-09-05,03:04:06 GMT,V6.2 BLOCK - final pressure/veto/active/timing gate failed or signal already used
2026-09-05,03:04:06 GMT,SENTINEL V6 MULTI-WINDOW SCAN >>>
2026-09-05,03:04:06 GMT,V6.2 DIAG | 8 0 2 -0.15000000000000002 -0.05714285714285714 0.15000000000000002 0.13333333333333336 0.5 0.9 -0.45 4 4 2 1 0 0 2 0
2026-09-05,03:04:06 GMT,V6.2 BLOCK - final pressure/veto/active/timing gate failed or signal already used
2026-09-05,03:04:06 GMT,SENTINEL V6 MULTI-WINDOW SCAN >>>
2026-09-05,03:04:06 GMT,V6.2 DIAG | 2 0 5 0 -0.028571428571428567 0 0.06666666666666667 0.45 0.4 -0.45 5 3 1 1 0 0 2 0
2026-09-05,03:04:06 GMT,V6.2 BLOCK - final pressure/veto/active/timing gate failed or signal already used
2026-09-05,03:04:06 GMT,SENTINEL V6 MULTI-WINDOW SCAN >>>
2026-09-05,03:04:06 GMT,V6.2 DIAG | 8 0 5 -0.09999999999999998 0 0.10000000000000003 0 0.45 0.15000000000000002 -0.5 5 3 1 1 0 0 2 0
2026-09-05,03:04:06 GMT,V6.2 BLOCK - final pressure/veto/active/timing gate failed or signal already used
2026-09-05,03:04:06 GMT,SENTINEL V6 MULTI-WINDOW SCAN >>>
2026-09-05,03:04:06 GMT,V6.2 DIAG | 7 0 5 -0.15000000000000002 0 0.15000000000000002 0 0.45 -0.35000000000000003 0.05000000000000002 6 2 0 1 0 0 2 0
2026-09-05,03:04:06 GMT,V6.2 BLOCK - final pressure/veto/active/timing gate failed or signal already used
2026-09-05,03:04:06 GMT,SENTINEL V6 MULTI-WINDOW SCAN >>>
2026-09-05,03:04:06 GMT,V6.2 DIAG | 5 0 9 -0.050000000000000044 0.028571428571428567 0.04999999999999999 -0.06666666666666667 -0.05 -0.35000000000000003 0.05000000000000002 6 2 1 1 0 0 2 0
2026-09-05,03:04:06 GMT,V6.2 BLOCK - final pressure/veto/active/timing gate failed or signal already used
2026-09-05,03:04:06 GMT,SENTINEL V6 MULTI-WINDOW SCAN >>>
2026-09-05,03:04:06 GMT,V6.2 DIAG | 0 0 10 -0.20000000000000007 0.05714285714285714 0.2 -0.13333333333333336 -0.05 -0.35000000000000003 -0.20000000000000004 5 3 1 1 0 0 2 0
2026-09-05,03:04:06 GMT,V6.2 BLOCK - final pressure/veto/active/timing gate failed or signal already used
2026-09-05,03:04:06 GMT,SENTINEL V6 MULTI-WINDOW SCAN >>>
2026-09-05,03:04:06 GMT,V6.2 DIAG | 0 0 10 -0.20000000000000007 0.05714285714285714 0.2 -0.13333333333333336 -0.05 -0.35000000000000003 -0.20000000000000004 5 3 1 1 0 0 2 0
2026-09-05,03:04:06 GMT,V6.2 BLOCK - final pressure/veto/active/timing gate failed or signal already used
2026-09-05,03:04:06 GMT,SENTINEL V6 MULTI-WINDOW SCAN >>>
2026-09-05,03:04:06 GMT,V6.2 DIAG | 9 0 4 -0.15000000000000002 0 0.15000000000000002 0 -0.1 0.45 -0.20000000000000004 4 4 1 1 0 0 2 0
2026-09-05,03:04:06 GMT,V6.2 BLOCK - final pressure/veto/active/timing gate failed or signal already used
2026-09-05,03:04:06 GMT,SENTINEL V6 MULTI-WINDOW SCAN >>>
2026-09-05,03:04:06 GMT,V6.2 DIAG | 3 0 5 -0.050000000000000044 -0.028571428571428567 0.04999999999999999 0.06666666666666667 -0.1 0.45 0.1 5 3 1 1 0 0 2 0
2026-09-05,03:04:06 GMT,V6.2 BLOCK - final pressure/veto/active/timing gate failed or signal already used
2026-09-05,03:04:06 GMT,SENTINEL V6 MULTI-WINDOW SCAN >>>
2026-09-05,03:04:06 GMT,V6.2 DIAG | 4 0 5 -0.050000000000000044 -0.028571428571428567 0.04999999999999999 0.06666666666666667 -0.1 0.45 0.1 5 3 1 1 0 0 2 0
2026-09-05,03:04:06 GMT,V6.2 BLOCK - final pressure/veto/active/timing gate failed or signal already used
2026-09-05,03:04:06 GMT,SENTINEL V6 MULTI-WINDOW SCAN >>>
2026-09-05,03:04:06 GMT,V6.2 DIAG | 3 0 5 -0.20000000000000007 -0.05714285714285714 0.2 0.13333333333333336 -0.1 0.2 0.9 5 3 1 1 0 0 2 0
2026-09-05,03:04:06 GMT,V6.2 BLOCK - final pressure/veto/active/timing gate failed or signal already used
2026-09-05,03:04:06 GMT,SENTINEL V6 MULTI-WINDOW SCAN >>>
2026-09-05,03:04:06 GMT,V6.2 DIAG | 8 0 5 -0.15000000000000002 -0.05714285714285714 0.15000000000000002 0.13333333333333336 -0.1 0.2 0.8500000000000001 5 3 1 1 0 0 2 0
2026-09-05,03:04:06 GMT,V6.2 BLOCK - final pressure/veto/active/timing gate failed or signal already used
2026-09-05,03:04:06 GMT,SENTINEL V6 MULTI-WINDOW SCAN >>>
2026-09-05,03:04:06 GMT,V6.2 DIAG | 9 0 6 -0.050000000000000044 -0.028571428571428567 0.04999999999999999 0.06666666666666667 -0.1 -0.30000000000000004 0.8500000000000001 5 3 1 1 0 0 2 0
2026-09-05,03:04:06 GMT,V6.2 BLOCK - final pressure/veto/active/timing gate failed or signal already used
2026-09-05,03:04:06 GMT,SENTINEL V6 MULTI-WINDOW SCAN >>>
2026-09-05,03:04:06 GMT,V6.2 DIAG | 2 0 8 0.10000000000000009 0 -0.09999999999999998 0 -0.15 -0.30000000000000004 0.35000000000000003 6 2 1 0 0 0 2 0
2026-09-05,03:04:06 GMT,V6.2 BLOCK - final pressure/veto/active/timing gate failed or signal already used
2026-09-05,03:04:06 GMT,SENTINEL V6 MULTI-WINDOW SCAN >>>
2026-09-05,03:04:06 GMT,V6.2 DIAG | 9 0 8 0.15000000000000002 0 -0.14999999999999997 0 -0.2 -0.30000000000000004 0.35000000000000003 6 2 1 0 0 0 2 0
2026-09-05,03:04:06 GMT,V6.2 BLOCK - final pressure/veto/active/timing gate failed or signal already used
2026-09-05,03:04:06 GMT,SENTINEL V6 MULTI-WINDOW SCAN >>>
2026-09-05,03:04:06 GMT,V6.2 DIAG | 2 0 8 0.15000000000000002 0 -0.14999999999999997 0 -0.2 0.45 -0.4 7 1 1 1 0 0 2 0
2026-09-05,03:04:06 GMT,V6.2 BLOCK - final pressure/veto/active/timing gate failed or signal already used
2026-09-05,03:04:06 GMT,SENTINEL V6 MULTI-WINDOW SCAN >>>
2026-09-05,03:04:06 GMT,V6.2 DIAG | 2 0 8 0.15000000000000002 0 -0.14999999999999997 0 -0.2 0.45 -0.4 7 1 1 1 0 0 2 0
2026-09-05,03:04:06 GMT,V6.2 BLOCK - final pressure/veto/active/timing gate failed or signal already used
2026-09-05,03:04:06 GMT,SENTINEL V6 MULTI-WINDOW SCAN >>>
2026-09-05,03:04:06 GMT,V6.2 DIAG | 5 0 8 0.15000000000000002 0 -0.14999999999999997 0 -0.2 0.45 -0.4 6 2 1 1 0 0 2 0
2026-09-05,03:03:31 GMT,V6.2 BLOCK - final pressure/veto/active/timing gate failed or signal already used
2026-09-05,03:03:31 GMT,SENTINEL V6 MULTI-WINDOW SCAN >>>
2026-09-05,03:03:31 GMT,V6.2 DIAG | 5 0 8 0.20000000000000007 0 -0.2 0 -0.25 0.45 -0.4 6 2 1 1 0 0 2 0
2026-09-05,03:03:31 GMT,V6.2 BLOCK - final pressure/veto/active/timing gate failed or signal already used
2026-09-05,03:03:31 GMT,SENTINEL V6 MULTI-WINDOW SCAN >>>
2026-09-05,03:03:31 GMT,V6.2 DIAG | 8 0 8 0.25 0 -0.25 0 -0.25 0.45 -0.45 6 2 1 1 0 0 2 0
2026-09-05,03:03:31 GMT,V6.2 BLOCK - final pressure/veto/active/timing gate failed or signal already used
2026-09-05,03:03:31 GMT,SENTINEL V6 MULTI-WINDOW SCAN >>>
2026-09-05,03:03:31 GMT,V6.2 DIAG | 0 0 8 0.35 -0.028571428571428567 -0.35 0.06666666666666667 -0.25 -0.05 0.35000000000000003 7 1 0 0 0 0 2 0
2026-09-05,03:03:31 GMT,V6.2 BLOCK - final pressure/veto/active/timing gate failed or signal already used
2026-09-05,03:03:31 GMT,SENTINEL V6 MULTI-WINDOW SCAN >>>
2026-09-05,03:03:31 GMT,V6.2 DIAG | 5 0 8 0.25 0 -0.25 0 -0.55 -0.05 0.35000000000000003 7 1 0 0 0 0 2 1
2026-09-05,03:03:31 GMT,V6.2 BLOCK - final pressure/veto/active/timing gate failed or signal already used
2026-09-05,03:03:31 GMT,SENTINEL V6 MULTI-WINDOW SCAN >>>
2026-09-05,03:03:31 GMT,V6.2 DIAG | 0 0 11 0.09999999999999998 0.028571428571428567 -0.10000000000000003 -0.06666666666666667 -0.55 -0.05 0.1 7 1 0 0 1 0 2 1
2026-09-05,03:03:31 GMT,V6.2 BLOCK - final pressure/veto/active/timing gate failed or signal already used
2026-09-05,03:03:31 GMT,SENTINEL V6 MULTI-WINDOW SCAN >>>
2026-09-05,03:03:31 GMT,V6.2 DIAG | 1 0 11 0.09999999999999998 0.028571428571428567 -0.10000000000000003 -0.06666666666666667 -0.55 -0.05 0.1 6 2 0 0 1 0 2 0
2026-09-05,03:03:31 GMT,V6.2 BLOCK - final pressure/veto/active/timing gate failed or signal already used
2026-09-05,03:03:31 GMT,SENTINEL V6 MULTI-WINDOW SCAN >>>
2026-09-05,03:03:31 GMT,V6.2 DIAG | 9 0 11 0.09999999999999998 0.028571428571428567 -0.10000000000000003 -0.06666666666666667 -0.55 -0.05 0.1 5 3 0 1 0 0 2 0
2026-09-05,03:03:31 GMT,V6.2 BLOCK - final pressure/veto/active/timing gate failed or signal already used
2026-09-05,03:03:31 GMT,SENTINEL V6 MULTI-WINDOW SCAN >>>
2026-09-05,03:03:31 GMT,V6.2 DIAG | 2 0 12 0.25 0.057142857142857134 -0.25 -0.13333333333333333 -0.55 -0.05 -0.45 6 2 0 0 1 0 2 0
2026-09-05,03:03:31 GMT,V6.2 BLOCK - final pressure/veto/active/timing gate failed or signal already used
2026-09-05,03:03:31 GMT,SENTINEL V6 MULTI-WINDOW SCAN >>>
2026-09-05,03:03:31 GMT,V6.2 DIAG | 5 0 8 0.30000000000000004 0 -0.3 0 0.20000000000000004 -0.05 -0.45 6 2 0 0 0 0 2 0
2026-09-05,03:03:31 GMT,V6.2 BLOCK - final pressure/veto/active/timing gate failed or signal already used
2026-09-05,03:03:31 GMT,SENTINEL V6 MULTI-WINDOW SCAN >>>
2026-09-05,03:03:31 GMT,V6.2 DIAG | 2 0 8 0.1499999999999999 -0.028571428571428567 -0.15000000000000002 0.06666666666666667 -0.04999999999999999 -0.05 0.35000000000000003 6 2 0 0 0 0 2 0
2026-09-05,03:03:31 GMT,V6.2 BLOCK - final pressure/veto/active/timing gate failed or signal already used
2026-09-05,03:03:31 GMT,SENTINEL V6 MULTI-WINDOW SCAN >>>
2026-09-05,03:03:31 GMT,V6.2 DIAG | 2 0 8 0.19999999999999996 -0.028571428571428567 -0.2 0.06666666666666667 -0.09999999999999998 -0.05 0.35000000000000003 6 2 0 1 0 0 2 0
2026-09-05,03:03:31 GMT,V6.2 BLOCK - final pressure/veto/active/timing gate failed or signal already used
2026-09-05,03:03:31 GMT,SENTINEL V6 MULTI-WINDOW SCAN >>>
2026-09-05,03:03:31 GMT,V6.2 DIAG | 0 0 8 0.24999999999999994 -0.028571428571428567 -0.25000000000000006 0.06666666666666667 -0.09999999999999998 -0.1 0.35000000000000003 5 3 0 0 0 0 2 0
2026-09-05,03:03:31 GMT,V6.2 BLOCK - final pressure/veto/active/timing gate failed or signal already used
2026-09-05,03:03:31 GMT,SENTINEL V6 MULTI-WINDOW SCAN >>>
2026-09-05,03:03:31 GMT,V6.2 DIAG | 7 0 8 0.29999999999999993 -0.028571428571428567 -0.3 0.06666666666666667 -0.14999999999999997 -0.1 0.35000000000000003 5 3 0 0 0 0 2 0
2026-09-05,03:03:31 GMT,V6.2 BLOCK - final pressure/veto/active/timing gate failed or signal already used
2026-09-05,03:03:31 GMT,SENTINEL V6 MULTI-WINDOW SCAN >>>
2026-09-05,03:03:31 GMT,V6.2 DIAG | 9 0 11 0.24999999999999994 0.028571428571428567 -0.25000000000000006 -0.06666666666666667 -0.65 -0.1 0.1 6 2 0 1 1 0 2 0
2026-09-05,03:03:31 GMT,V6.2 BLOCK - final pressure/veto/active/timing gate failed or signal already used
2026-09-05,03:03:31 GMT,SENTINEL V6 MULTI-WINDOW SCAN >>>
2026-09-05,03:03:31 GMT,V6.2 DIAG | 1 0 8 0.35000000000000003 0 -0.35000000000000003 0 0.15000000000000005 -0.1 -0.4 7 1 0 0 0 0 2 0
2026-09-05,03:03:31 GMT,V6.2 BLOCK - final pressure/veto/active/timing gate failed or signal already used
2026-09-05,03:03:31 GMT,SENTINEL V6 MULTI-WINDOW SCAN >>>
2026-09-05,03:03:31 GMT,V6.2 DIAG | 4 0 12 0.19999999999999996 0.028571428571428567 -0.2 -0.06666666666666667 -0.09999999999999998 -0.1 -0.4 6 2 0 0 0 0 2 0
2026-09-05,03:03:31 GMT,V6.2 BLOCK - final pressure/veto/active/timing gate failed or signal already used
2026-09-05,03:03:31 GMT,SENTINEL V6 MULTI-WINDOW SCAN >>>
2026-09-05,03:03:31 GMT,V6.2 DIAG | 4 0 12 0.09999999999999998 0.05714285714285714 -0.09999999999999998 -0.13333333333333336 -0.35000000000000003 -0.15 -0.4 6 2 0 0 0 0 2 0
2026-09-05,03:03:31 GMT,V6.2 BLOCK - final pressure/veto/active/timing gate failed or signal already used
2026-09-05,03:03:31 GMT,SENTINEL V6 MULTI-WINDOW SCAN >>>
2026-09-05,03:03:31 GMT,V6.2 DIAG | 0 0 10 -0.050000000000000044 0.08571428571428572 0.04999999999999999 -0.2 -0.35000000000000003 -0.4 -0.4 5 3 0 1 0 0 2 0
2026-09-05,03:03:31 GMT,V6.2 BLOCK - final pressure/veto/active/timing gate failed or signal already used
2026-09-05,03:03:31 GMT,SENTINEL V6 MULTI-WINDOW SCAN >>>
2026-09-05,03:03:31 GMT,V6.2 DIAG | 7 0 7 -0.050000000000000044 0.028571428571428574 0.04999999999999999 -0.06666666666666668 -0.35000000000000003 -0.4 0.4 4 4 0 1 0 0 2 0
2026-09-05,03:03:31 GMT,V6.2 BLOCK - final pressure/veto/active/timing gate failed or signal already used
2026-09-05,03:03:31 GMT,SENTINEL V6 MULTI-WINDOW SCAN >>>
2026-09-05,03:03:31 GMT,V6.2 DIAG | 1 0 8 0.04999999999999993 0.05714285714285714 -0.04999999999999999 -0.13333333333333336 -0.8500000000000001 -0.4 0.4 4 4 1 0 0 0 2 0
2026-09-05,03:03:31 GMT,V6.2 BLOCK - final pressure/veto/active/timing gate failed or signal already used
2026-09-05,03:03:31 GMT,SENTINEL V6 MULTI-WINDOW SCAN >>>
2026-09-05,03:03:31 GMT,V6.2 DIAG | 2 0 7 -0.09999999999999998 0.028571428571428574 0.09999999999999998 -0.06666666666666668 -0.30000000000000004 -0.4 0.4 4 4 1 1 0 0 2 0
2026-09-05,03:03:31 GMT,V6.2 BLOCK - final pressure/veto/active/timing gate failed or signal already used
2026-09-05,03:03:31 GMT,SENTINEL V6 MULTI-WINDOW SCAN >>>
2026-09-05,03:03:31 GMT,V6.2 DIAG | 4 0 2 -0.25 0 0.25 0 0.5 -0.4 0.15000000000000002 4 4 1 1 0 0 2 0
2026-09-05,03:03:31 GMT,V6.2 BLOCK - final pressure/veto/active/timing gate failed or signal already used
2026-09-05,03:03:31 GMT,SENTINEL V6 MULTI-WINDOW SCAN >>>
2026-09-05,03:03:31 GMT,V6.2 DIAG | 9 0 1 -0.19999999999999996 -0.05714285714285715 0.19999999999999996 0.13333333333333333 0.5 0.35000000000000003 0.15000000000000002 3 5 1 1 0 0 2 0
2026-09-05,03:03:30 GMT,V6.2 BLOCK - final pressure/veto/active/timing gate failed or signal already used
2026-09-05,03:03:30 GMT,SENTINEL V6 MULTI-WINDOW SCAN >>>
2026-09-05,03:03:30 GMT,V6.2 DIAG | 2 0 2 -0.25 0 0.25 0 0.25 0.35000000000000003 -0.35000000000000003 3 5 1 1 0 0 2 0
2026-09-05,03:03:30 GMT,V6.2 BLOCK - final pressure/veto/active/timing gate failed or signal already used
2026-09-05,03:03:30 GMT,SENTINEL V6 MULTI-WINDOW SCAN >>>
2026-09-05,03:03:30 GMT,V6.2 DIAG | 7 0 2 -0.25 0 0.25 0 0.25 0.35000000000000003 -0.35000000000000003 3 5 1 1 0 0 2 0
2026-09-05,03:03:30 GMT,V6.2 BLOCK - final pressure/veto/active/timing gate failed or signal already used
2026-09-05,03:03:30 GMT,SENTINEL V6 MULTI-WINDOW SCAN >>>
2026-09-05,03:03:30 GMT,V6.2 DIAG | 7 0 3 -0.15000000000000002 -0.028571428571428574 0.15000000000000002 0.06666666666666668 0.55 0.35000000000000003 -0.35000000000000003 3 5 1 1 0 0 2 0
2026-09-05,03:03:30 GMT,V6.2 BLOCK - final pressure/veto/active/timing gate failed or signal already used
2026-09-05,03:03:30 GMT,SENTINEL V6 MULTI-WINDOW SCAN >>>
2026-09-05,03:03:30 GMT,V6.2 DIAG | 8 0 2 -0.050000000000000044 -0.05714285714285714 0.050000000000000044 0.13333333333333336 0.05000000000000002 0.35000000000000003 0.45 4 4 1 1 0 0 2 0
2026-09-05,03:03:30 GMT,V6.2 BLOCK - final pressure/veto/active/timing gate failed or signal already used
2026-09-05,03:03:30 GMT,SENTINEL V6 MULTI-WINDOW SCAN >>>
2026-09-05,03:03:30 GMT,V6.2 DIAG | 1 0 5 -0.09999999999999998 0 0.10000000000000003 0 0.05000000000000002 -0.15 0.2 5 3 0 1 0 0 2 0
2026-09-05,03:03:30 GMT,V6.2 BLOCK - final pressure/veto/active/timing gate failed or signal already used
2026-09-05,03:03:30 GMT,SENTINEL V6 MULTI-WINDOW SCAN >>>
2026-09-05,03:03:30 GMT,V6.2 DIAG | 0 0 5 -0.25 -0.028571428571428574 0.25 0.06666666666666668 0.6 -0.15 0.2 5 3 0 1 0 0 2 0
2026-09-05,03:03:30 GMT,V6.2 BLOCK - final pressure/veto/active/timing gate failed or signal already used
2026-09-05,03:03:30 GMT,SENTINEL V6 MULTI-WINDOW SCAN >>>
2026-09-05,03:03:30 GMT,V6.2 DIAG | 7 0 3 -0.19999999999999996 -0.028571428571428574 0.2 0.06666666666666668 0.6 -0.2 0.2 4 4 0 1 0 0 2 0
2026-09-05,03:03:30 GMT,V6.2 BLOCK - final pressure/veto/active/timing gate failed or signal already used
2026-09-05,03:03:30 GMT,SENTINEL V6 MULTI-WINDOW SCAN >>>
2026-09-05,03:03:30 GMT,V6.2 DIAG | 9 0 7 -0.25 0.028571428571428574 0.25 -0.06666666666666668 -0.15000000000000002 -0.2 0.2 4 4 0 1 0 0 2 0
2026-09-05,03:03:30 GMT,V6.2 BLOCK - final pressure/veto/active/timing gate failed or signal already used
2026-09-05,03:03:30 GMT,SENTINEL V6 MULTI-WINDOW SCAN >>>
2026-09-05,03:03:30 GMT,V6.2 DIAG | 3 0 10 -0.25 0.08571428571428572 0.25 -0.2 -0.20000000000000004 -0.45 -0.30000000000000004 5 3 0 1 0 0 2 0
2026-09-05,03:03:30 GMT,V6.2 BLOCK - final pressure/veto/active/timing gate failed or signal already used
2026-09-05,03:03:30 GMT,SENTINEL V6 MULTI-WINDOW SCAN >>>
2026-09-05,03:03:30 GMT,V6.2 DIAG | 7 0 6 -0.4 0.05714285714285715 0.39999999999999997 -0.13333333333333333 -0.4499999999999999 -0.45 0.5 4 4 0 1 0 0 2 0
2026-09-05,03:03:30 GMT,V6.2 BLOCK - final pressure/veto/active/timing gate failed or signal already used
2026-09-05,03:03:30 GMT,SENTINEL V6 MULTI-WINDOW SCAN >>>
2026-09-05,03:03:30 GMT,V6.2 DIAG | 2 0 7 -0.25 0.028571428571428574 0.25 -0.06666666666666668 -0.15000000000000002 -0.5 0.5 4 4 1 1 0 0 2 0
2026-09-05,03:03:29 GMT,Loss amount: -2.42
2026-09-05,03:03:29 GMT,V6.2 DIAG | 1 0 7 -0.25 0.028571428571428574 0.25 -0.06666666666666668 -0.15000000000000002 -0.5 0.5 3 5 1 0 0 0 1 0
2026-09-05,03:03:29 GMT,V6.2 DIAG | 6 0 3 -0.25 -0.028571428571428574 0.25 0.06666666666666668 0.65 -0.5 0.5 3 5 1 0 0 0 1 0
2026-09-05,03:03:29 GMT,V6.2 DIAG | 9 0 1 -0.4 -0.05714285714285715 0.39999999999999997 0.13333333333333333 0.65 0.05000000000000002 0.5 3 5 1 1 0 0 1 0
2026-09-05,03:03:29 GMT,V6.2 DIAG | 7 0 3 -0.30000000000000004 -0.08571428571428572 0.3 0.2 1.45 0.05000000000000002 0 4 4 1 1 0 0 1 0
2026-09-05,03:03:29 GMT,Bought: (ID: 22524767159)
2026-09-05,03:02:06 GMT,SENTINEL V6 MULTI-WINDOW SCAN >>>
2026-09-05,03:02:06 GMT,V6.2 DIAG | 4 1 12 0.20000000000000007 0.057142857142857134 -0.2 -0.13333333333333333 -0.2 -0.7000000000000001 -0.1 7 1 1 0 1 1 1 1
2026-09-05,03:02:06 GMT,V6.2 BLOCK - final pressure/veto/active/timing gate failed or signal already used
2026-09-05,03:02:06 GMT,SENTINEL V6 MULTI-WINDOW SCAN >>>
2026-09-05,03:02:06 GMT,V6.2 DIAG | 6 0 12 0.20000000000000007 0.057142857142857134 -0.2 -0.13333333333333333 -0.2 -0.7000000000000001 -0.1 7 1 1 0 1 0 1 1
2026-09-05,03:02:06 GMT,V6.2 BLOCK - final pressure/veto/active/timing gate failed or signal already used
2026-09-05,03:02:06 GMT,SENTINEL V6 MULTI-WINDOW SCAN >>>
2026-09-05,03:02:06 GMT,V6.2 DIAG | 3 0 11 0.20000000000000007 0.057142857142857134 -0.2 -0.13333333333333333 -0.2 -0.7000000000000001 -0.1 6 2 2 0 1 0 1 0
2026-09-05,03:02:06 GMT,V6.2 BLOCK - final pressure/veto/active/timing gate failed or signal already used
2026-09-05,03:02:06 GMT,SENTINEL V6 MULTI-WINDOW SCAN >>>
2026-09-05,03:02:06 GMT,V6.2 DIAG | 4 0 7 0.20000000000000007 0 -0.2 0 -0.2 0.1 -0.1 6 2 2 0 0 0 1 0
2026-09-05,03:02:06 GMT,V6.2 BLOCK - final pressure/veto/active/timing gate failed or signal already used
2026-09-05,03:02:06 GMT,SENTINEL V6 MULTI-WINDOW SCAN >>>
2026-09-05,03:02:06 GMT,V6.2 DIAG | 0 0 9 0.04999999999999993 0.028571428571428567 -0.04999999999999999 -0.06666666666666667 -0.2 0.1 -0.35000000000000003 6 2 2 0 0 0 1 0
2026-09-05,03:02:06 GMT,V6.2 BLOCK - final pressure/veto/active/timing gate failed or signal already used
2026-09-05,03:02:06 GMT,SENTINEL V6 MULTI-WINDOW SCAN >>>
2026-09-05,03:02:06 GMT,V6.2 DIAG | 3 0 5 -0.050000000000000044 0 0.050000000000000044 0 -0.2 0.9 -0.65 6 2 2 1 0 0 1 0
2026-09-05,03:02:06 GMT,V6.2 BLOCK - final pressure/veto/active/timing gate failed or signal already used
2026-09-05,03:02:06 GMT,SENTINEL V6 MULTI-WINDOW SCAN >>>
2026-09-05,03:02:06 GMT,V6.2 DIAG | 4 0 8 -0.19999999999999996 0.028571428571428574 0.2 -0.06666666666666668 -0.45 0.9 -0.65 5 3 2 1 0 0 1 0
2026-09-05,03:02:06 GMT,V6.2 BLOCK - final pressure/veto/active/timing gate failed or signal already used
2026-09-05,03:02:06 GMT,SENTINEL V6 MULTI-WINDOW SCAN >>>
2026-09-05,03:02:06 GMT,V6.2 DIAG | 8 0 5 -0.35 0.05714285714285715 0.35 -0.13333333333333333 -0.7000000000000001 0.9 -0.65 4 4 2 1 0 0 1 0
2026-09-05,03:02:06 GMT,V6.2 BLOCK - final pressure/veto/active/timing gate failed or signal already used
2026-09-05,03:02:06 GMT,SENTINEL V6 MULTI-WINDOW SCAN >>>
2026-09-05,03:02:06 GMT,V6.2 DIAG | 3 0 7 -0.19999999999999996 0.08571428571428572 0.2 -0.2 -0.7000000000000001 0.4 -0.7000000000000001 4 4 1 1 0 0 1 0
2026-09-05,03:02:06 GMT,V6.2 BLOCK - final pressure/veto/active/timing gate failed or signal already used
2026-09-05,03:02:06 GMT,SENTINEL V6 MULTI-WINDOW SCAN >>>
2026-09-05,03:02:06 GMT,V6.2 DIAG | 8 0 5 -0.29999999999999993 0.05714285714285715 0.3 -0.13333333333333333 -0.75 0.15000000000000002 0.1 3 5 1 1 0 0 1 0
2026-09-05,03:02:06 GMT,V6.2 BLOCK - final pressure/veto/active/timing gate failed or signal already used
2026-09-05,03:02:06 GMT,SENTINEL V6 MULTI-WINDOW SCAN >>>
2026-09-05,03:02:06 GMT,V6.2 DIAG | 0 0 6 -0.35 0.05714285714285715 0.35 -0.13333333333333333 -1 -0.35000000000000003 0.9 4 4 0 0 0 0 1 0
2026-09-05,03:02:06 GMT,V6.2 BLOCK - final pressure/veto/active/timing gate failed or signal already used
2026-09-05,03:02:06 GMT,SENTINEL V6 MULTI-WINDOW SCAN >>>
2026-09-05,03:02:06 GMT,V6.2 DIAG | 5 0 3 -0.29999999999999993 0 0.3 0 -0.20000000000000004 -0.4 0.9 3 5 1 0 0 0 1 0
2026-09-05,03:02:06 GMT,V6.2 BLOCK - final pressure/veto/active/timing gate failed or signal already used
2026-09-05,03:02:06 GMT,SENTINEL V6 MULTI-WINDOW SCAN >>>
2026-09-05,03:02:06 GMT,V6.2 DIAG | 0 0 2 -0.29999999999999993 -0.05714285714285715 0.3 0.13333333333333333 0.6 -0.4 0.9 2 6 1 1 0 0 1 0
2026-09-05,03:02:06 GMT,V6.2 BLOCK - final pressure/veto/active/timing gate failed or signal already used
2026-09-05,03:02:06 GMT,SENTINEL V6 MULTI-WINDOW SCAN >>>
2026-09-05,03:02:06 GMT,V6.2 DIAG | 9 0 2 -0.45 -0.02857142857142857 0.44999999999999996 0.06666666666666665 0.6 -0.65 0.9 2 6 1 1 0 0 1 0
2026-09-05,03:02:06 GMT,V6.2 BLOCK - final pressure/veto/active/timing gate failed or signal already used
2026-09-05,03:02:06 GMT,SENTINEL V6 MULTI-WINDOW SCAN >>>
2026-09-05,03:02:06 GMT,V6.2 DIAG | 9 0 1 -0.35 -0.05714285714285715 0.35 0.13333333333333333 0.6 0.15000000000000002 0.4 3 5 1 1 0 0 1 0
2026-09-05,03:02:06 GMT,V6.2 BLOCK - final pressure/veto/active/timing gate failed or signal already used
2026-09-05,03:02:06 GMT,SENTINEL V6 MULTI-WINDOW SCAN >>>
2026-09-05,03:02:06 GMT,V6.2 DIAG | 7 0 1 -0.35 -0.05714285714285715 0.35 0.13333333333333333 1.15 0.15000000000000002 -0.15 3 5 2 1 0 0 1 0
2026-09-05,03:02:05 GMT,V6.2 BLOCK - final pressure/veto/active/timing gate failed or signal already used
2026-09-05,03:02:05 GMT,SENTINEL V6 MULTI-WINDOW SCAN >>>
2026-09-05,03:02:05 GMT,V6.2 DIAG | 7 0 2 -0.19999999999999996 -0.028571428571428574 0.2 0.06666666666666668 0.65 0.1 -0.15 4 4 2 1 0 0 1 0
2026-09-05,03:02:05 GMT,V6.2 BLOCK - final pressure/veto/active/timing gate failed or signal already used
2026-09-05,03:02:05 GMT,SENTINEL V6 MULTI-WINDOW SCAN >>>
2026-09-05,03:02:05 GMT,V6.2 DIAG | 5 0 2 -0.050000000000000044 0 0.050000000000000044 0 0.15000000000000002 0.05000000000000002 -0.15 4 4 2 1 0 0 1 0
2026-09-05,03:02:05 GMT,V6.2 BLOCK - final pressure/veto/active/timing gate failed or signal already used
2026-09-05,03:02:05 GMT,SENTINEL V6 MULTI-WINDOW SCAN >>>
2026-09-05,03:02:05 GMT,V6.2 DIAG | 8 0 2 0 -0.05714285714285714 0 0.13333333333333336 0.15000000000000002 0.8500000000000001 -0.2 4 4 2 1 0 0 1 0
2026-09-05,03:02:05 GMT,V6.2 BLOCK - final pressure/veto/active/timing gate failed or signal already used
2026-09-05,03:02:05 GMT,SENTINEL V6 MULTI-WINDOW SCAN >>>
2026-09-05,03:02:05 GMT,V6.2 DIAG | 7 0 7 0.09999999999999998 -0.028571428571428567 -0.10000000000000003 0.06666666666666667 0.15000000000000002 0.35000000000000003 -0.2 5 3 1 1 0 0 1 0
2026-09-05,03:02:05 GMT,Loss amount: -3
2026-09-05,03:02:05 GMT,V6.2 DIAG | 3 0 7 0.20000000000000007 -0.057142857142857134 -0.2 0.13333333333333333 0.45 0.35000000000000003 -0.2 6 2 1 1 0 0 0 1
2026-09-05,03:02:04 GMT,V6.2 DIAG | 0 0 7 0.20000000000000007 -0.057142857142857134 -0.2 0.13333333333333333 0.45 0.35000000000000003 -0.2 6 2 1 1 0 0 0 1
2026-09-05,03:02:04 GMT,V6.2 DIAG | 8 0 7 0.20000000000000007 -0.057142857142857134 -0.2 0.13333333333333333 0.45 0.35000000000000003 -0.2 6 2 1 1 0 0 0 1
2026-09-05,03:02:04 GMT,V6.2 DIAG | 0 0 8 0.30000000000000004 -0.028571428571428567 -0.30000000000000004 0.06666666666666667 0.45 -0.15 -0.2 7 1 0 0 0 0 0 1
2026-09-05,03:02:04 GMT,Bought: (ID: 22524652039)
2026-09-05,03:00:41 GMT,SENTINEL V6 MULTI-WINDOW SCAN >>>
2026-09-05,03:00:41 GMT,V6.2 DIAG | 3 1 12 0.10000000000000009 0.057142857142857134 -0.09999999999999998 -0.13333333333333333 -0.75 -0.15 0 6 2 0 0 1 1 0 1
2026-09-05,03:00:41 GMT,V6.2 BLOCK - final pressure/veto/active/timing gate failed or signal already used
2026-09-05,03:00:41 GMT,SENTINEL V6 MULTI-WINDOW SCAN >>>
2026-09-05,03:00:41 GMT,V6.2 DIAG | 3 1 9 -0.050000000000000044 0.028571428571428567 0.04999999999999999 -0.06666666666666667 0.05000000000000002 -0.4 0 6 2 0 0 0 0 0 1
2026-09-05,03:00:41 GMT,V6.2 BLOCK - final pressure/veto/active/timing gate failed or signal already used
2026-09-05,03:00:41 GMT,SENTINEL V6 MULTI-WINDOW SCAN >>>
2026-09-05,03:00:41 GMT,V6.2 DIAG | 5 1 9 0 0.028571428571428567 0 -0.06666666666666667 0.05000000000000002 -0.4 -0.05 6 2 0 0 0 0 0 1
2026-09-05,03:00:41 GMT,V6.2 BLOCK - final pressure/veto/active/timing gate failed or signal already used
2026-09-05,03:00:41 GMT,SENTINEL V6 MULTI-WINDOW SCAN >>>
2026-09-05,03:00:41 GMT,V6.2 DIAG | 4 0 6 0 -0.028571428571428567 0 0.06666666666666667 0.8500000000000001 -0.4 -0.05 5 3 1 0 0 0 0 1
2026-09-05,03:00:41 GMT,V6.2 BLOCK - final pressure/veto/active/timing gate failed or signal already used
2026-09-05,03:00:41 GMT,SENTINEL V6 MULTI-WINDOW SCAN >>>
2026-09-05,03:00:41 GMT,V6.2 DIAG | 6 0 6 0 -0.028571428571428567 0 0.06666666666666667 0.8500000000000001 -0.4 -0.05 5 3 1 1 0 0 0 1
2026-09-05,03:00:41 GMT,V6.2 BLOCK - final pressure/veto/active/timing gate failed or signal already used
2026-09-05,03:00:41 GMT,SENTINEL V6 MULTI-WINDOW SCAN >>>
2026-09-05,03:00:41 GMT,V6.2 DIAG | 7 0 6 -0.15000000000000002 0 0.15000000000000002 0 0.6 -0.4 -0.05 5 3 1 1 0 0 0 1
2026-09-05,03:00:41 GMT,V6.2 BLOCK - final pressure/veto/active/timing gate failed or signal already used
2026-09-05,03:00:41 GMT,SENTINEL V6 MULTI-WINDOW SCAN >>>
2026-09-05,03:00:41 GMT,V6.2 DIAG | 4 0 5 -0.050000000000000044 -0.028571428571428567 0.04999999999999999 0.06666666666666667 0.1 0.4 -0.05 6 2 1 1 0 0 0 1
2026-09-05,03:00:41 GMT,V6.2 BLOCK - final pressure/veto/active/timing gate failed or signal already used
2026-09-05,03:00:41 GMT,SENTINEL V6 MULTI-WINDOW SCAN >>>
2026-09-05,03:00:41 GMT,V6.2 DIAG | 7 0 5 -0.050000000000000044 -0.028571428571428567 0.04999999999999999 0.06666666666666667 0.1 0.4 -0.05 5 3 1 1 0 0 0 1
2026-09-05,03:00:41 GMT,V6.2 BLOCK - final pressure/veto/active/timing gate failed or signal already used
2026-09-05,03:00:41 GMT,SENTINEL V6 MULTI-WINDOW SCAN >>>
2026-09-05,03:00:41 GMT,V6.2 DIAG | 0 0 9 -0.050000000000000044 0.028571428571428567 0.04999999999999999 -0.06666666666666667 -0.65 0.35000000000000003 -0.05 6 2 1 1 0 0 0 1
2026-09-05,03:00:40 GMT,V6.2 BLOCK - final pressure/veto/active/timing gate failed or signal already used
2026-09-05,03:00:40 GMT,SENTINEL V6 MULTI-WINDOW SCAN >>>
2026-09-05,03:00:40 GMT,V6.2 DIAG | 3 0 9 -0.050000000000000044 0.028571428571428567 0.04999999999999999 -0.06666666666666667 -0.65 0.35000000000000003 -0.05 6 2 1 1 0 0 0 1
2026-09-05,03:00:40 GMT,V6.2 BLOCK - final pressure/veto/active/timing gate failed or signal already used
2026-09-05,03:00:40 GMT,SENTINEL V6 MULTI-WINDOW SCAN >>>
2026-09-05,03:00:40 GMT,V6.2 DIAG | 8 0 5 -0.050000000000000044 -0.028571428571428567 0.04999999999999999 0.06666666666666667 0.15000000000000002 0.35000000000000003 -0.05 5 3 1 1 0 0 0 1
2026-09-05,03:00:40 GMT,V6.2 BLOCK - final pressure/veto/active/timing gate failed or signal already used
2026-09-05,03:00:40 GMT,SENTINEL V6 MULTI-WINDOW SCAN >>>
2026-09-05,03:00:40 GMT,V6.2 DIAG | 4 0 8 0.10000000000000009 0 -0.09999999999999998 0 0.15000000000000002 -0.2 -0.05 6 2 0 0 0 0 0 1
2026-09-05,03:00:40 GMT,V6.2 BLOCK - final pressure/veto/active/timing gate failed or signal already used
2026-09-05,03:00:40 GMT,SENTINEL V6 MULTI-WINDOW SCAN >>>
2026-09-05,03:00:40 GMT,V6.2 DIAG | 6 0 8 0.10000000000000009 0 -0.09999999999999998 0 0.15000000000000002 -0.2 -0.05 6 2 0 0 0 0 0 1
2026-09-05,03:00:40 GMT,V6.2 BLOCK - final pressure/veto/active/timing gate failed or signal already used
2026-09-05,03:00:40 GMT,SENTINEL V6 MULTI-WINDOW SCAN >>>
2026-09-05,03:00:40 GMT,V6.2 DIAG | 0 0 8 0.15000000000000002 -0.057142857142857134 -0.14999999999999997 0.13333333333333333 0.9500000000000001 -0.25 -0.05 6 2 0 0 0 0 0 1
2026-09-05,03:00:40 GMT,V6.2 BLOCK - final pressure/veto/active/timing gate failed or signal already used
2026-09-05,03:00:40 GMT,SENTINEL V6 MULTI-WINDOW SCAN >>>
2026-09-05,03:00:40 GMT,V6.2 DIAG | 7 0 8 0.15000000000000002 -0.057142857142857134 -0.14999999999999997 0.13333333333333333 0.9500000000000001 -0.25 -0.05 6 2 0 0 0 0 0 1
2026-09-05,03:00:40 GMT,V6.2 BLOCK - final pressure/veto/active/timing gate failed or signal already used
2026-09-05,03:00:40 GMT,SENTINEL V6 MULTI-WINDOW SCAN >>>
2026-09-05,03:00:40 GMT,V6.2 DIAG | 5 0 8 0.10000000000000009 0 -0.09999999999999998 0 0.2 -0.25 -0.05 7 1 0 0 0 0 0 1
2026-09-05,03:00:40 GMT,V6.2 BLOCK - final pressure/veto/active/timing gate failed or signal already used
2026-09-05,03:00:40 GMT,SENTINEL V6 MULTI-WINDOW SCAN >>>
2026-09-05,03:00:40 GMT,V6.2 DIAG | 6 1 9 -0.050000000000000044 0.028571428571428567 0.04999999999999999 -0.06666666666666667 0.2 -0.5 -0.05 7 1 0 1 0 0 0 1
2026-09-05,03:00:40 GMT,V6.2 BLOCK - final pressure/veto/active/timing gate failed or signal already used
2026-09-05,03:00:40 GMT,SENTINEL V6 MULTI-WINDOW SCAN >>>
2026-09-05,03:00:40 GMT,V6.2 DIAG | 7 1 9 -0.20000000000000007 0.05714285714285714 0.2 -0.13333333333333336 0.2 -0.75 -0.05 6 2 0 1 0 0 0 1
2026-09-05,03:00:40 GMT,V6.2 BLOCK - final pressure/veto/active/timing gate failed or signal already used
2026-09-05,03:00:40 GMT,SENTINEL V6 MULTI-WINDOW SCAN >>>
2026-09-05,03:00:40 GMT,V6.2 DIAG | 0 1 10 -0.10000000000000009 0.08571428571428572 0.09999999999999998 -0.2 -0.30000000000000004 -0.75 -0.05 6 2 1 0 0 0 0 1
2026-09-05,03:00:40 GMT,V6.2 BLOCK - final pressure/veto/active/timing gate failed or signal already used
2026-09-05,03:00:40 GMT,SENTINEL V6 MULTI-WINDOW SCAN >>>
2026-09-05,03:00:40 GMT,V6.2 DIAG | 6 0 9 -0.10000000000000009 0.08571428571428572 0.09999999999999998 -0.2 -0.30000000000000004 -0.75 -0.05 5 3 2 0 0 0 0 1
2026-09-05,03:00:39 GMT,V6.2 BLOCK - final pressure/veto/active/timing gate failed or signal already used
2026-09-05,03:00:39 GMT,SENTINEL V6 MULTI-WINDOW SCAN >>>
2026-09-05,03:00:39 GMT,V6.2 DIAG | 1 0 8 -0.10000000000000009 0.028571428571428567 0.09999999999999998 -0.06666666666666667 0.5 -0.75 -0.05 5 3 2 0 0 0 0 1
2026-09-05,03:00:39 GMT,Profit amount: 1.21
2026-09-05,03:00:39 GMT,V6.2 DIAG | 6 0 4 -0.10000000000000009 -0.028571428571428567 0.09999999999999998 0.06666666666666667 0.5 0.05000000000000002 -0.05 5 3 2 0 0 0 0 1
2026-09-05,03:00:39 GMT,V6.2 DIAG | 3 0 4 -0.25 -0.05714285714285714 0.25 0.13333333333333336 0.5 0.8500000000000001 -0.30000000000000004 5 3 2 1 0 0 0 1
2026-09-05,03:00:38 GMT,V6.2 DIAG | 2 0 4 -0.25 -0.05714285714285714 0.25 0.13333333333333336 0.5 0.8500000000000001 -0.30000000000000004 5 3 2 1 0 0 0 1
2026-09-05,03:00:38 GMT,V6.2 DIAG | 7 0 2 -0.20000000000000007 -0.05714285714285714 0.2 0.13333333333333336 0.5 0.8 -0.30000000000000004 4 4 2 1 0 0 0 1
2026-09-05,03:00:38 GMT,Bought: (ID: 22524526599)
2026-09-05,03:00:19 GMT,SENTINEL V6 MULTI-WINDOW SCAN >>>
2026-09-05,03:00:19 GMT,V6.2 DIAG | 6 1 12 0.10000000000000009 0.057142857142857134 -0.09999999999999998 -0.13333333333333333 0 -0.7000000000000001 -0.2 7 1 1 0 1 1 0 1
2026-09-05,03:00:19 GMT,V6.2 BLOCK - final pressure/veto/active/timing gate failed or signal already used
2026-09-05,03:00:19 GMT,SENTINEL V6 MULTI-WINDOW SCAN >>>
2026-09-05,03:00:19 GMT,V6.2 DIAG | 1 0 9 0 0.028571428571428567 0 -0.06666666666666667 0 -0.15000000000000002 -0.25 6 2 2 0 0 0 0 1
2026-09-05,03:00:19 GMT,V6.2 BLOCK - final pressure/veto/active/timing gate failed or signal already used
2026-09-05,03:00:19 GMT,SENTINEL V6 MULTI-WINDOW SCAN >>>
2026-09-05,03:00:19 GMT,V6.2 DIAG | 4 0 10 0.04999999999999993 0.028571428571428567 -0.04999999999999999 -0.06666666666666667 0 -0.20000000000000004 -0.25 6 2 2 1 0 0 0 1
2026-09-05,03:00:19 GMT,V6.2 BLOCK - final pressure/veto/active/timing gate failed or signal already used
2026-09-05,03:00:19 GMT,SENTINEL V6 MULTI-WINDOW SCAN >>>
2026-09-05,03:00:19 GMT,V6.2 DIAG | 2 0 11 0.09999999999999998 0.028571428571428567 -0.10000000000000003 -0.06666666666666667 -0.05 -0.20000000000000004 -0.25 5 3 3 0 1 0 0 1
2026-09-05,03:00:19 GMT,V6.2 BLOCK - final pressure/veto/active/timing gate failed or signal already used
2026-09-05,03:00:19 GMT,SENTINEL V6 MULTI-WINDOW SCAN >>>
2026-09-05,03:00:19 GMT,V6.2 DIAG | 3 0 7 0.1499999999999999 -0.028571428571428567 -0.15000000000000002 0.06666666666666667 -0.05 0.6 -0.3 5 3 3 1 0 0 0 1
2026-09-05,03:00:19 GMT,V6.2 BLOCK - final pressure/veto/active/timing gate failed or signal already used
2026-09-05,03:00:19 GMT,SENTINEL V6 MULTI-WINDOW SCAN >>>
2026-09-05,03:00:19 GMT,V6.2 DIAG | 8 0 7 0.19999999999999996 -0.028571428571428567 -0.2 0.06666666666666667 -0.05 0.55 -0.3 5 3 3 1 0 0 0 1
2026-09-05,03:00:19 GMT,V6.2 BLOCK - final pressure/veto/active/timing gate failed or signal already used
2026-09-05,03:00:19 GMT,SENTINEL V6 MULTI-WINDOW SCAN >>>
2026-09-05,03:00:19 GMT,V6.2 DIAG | 6 0 7 0.30000000000000004 -0.057142857142857134 -0.3 0.13333333333333333 -0.05 0.8500000000000001 -0.3 6 2 2 1 0 0 0 1
2026-09-05,03:00:19 GMT,V6.2 BLOCK - final pressure/veto/active/timing gate failed or signal already used
2026-09-05,03:00:19 GMT,SENTINEL V6 MULTI-WINDOW SCAN >>>
2026-09-05,03:00:19 GMT,V6.2 DIAG | 5 0 7 0.35000000000000003 -0.057142857142857134 -0.35000000000000003 0.13333333333333333 -0.05 0.8 -0.3 6 2 2 1 0 0 0 1
2026-09-05,03:00:18 GMT,V6.2 BLOCK - final pressure/veto/active/timing gate failed or signal already used
2026-09-05,03:00:18 GMT,SENTINEL V6 MULTI-WINDOW SCAN >>>
2026-09-05,03:00:18 GMT,V6.2 DIAG | 8 0 7 0.35000000000000003 -0.057142857142857134 -0.35000000000000003 0.13333333333333333 -0.05 0.8 -0.3 6 2 2 1 0 0 0 1
2026-09-05,03:00:18 GMT,Profit amount: 2.83
2026-09-05,03:00:18 GMT,V6.2 DIAG | 4 0 8 0.45 -0.028571428571428567 -0.45000000000000007 0.06666666666666667 -0.05 0.30000000000000004 -0.3 7 1 1 1 0 0 0 1
2026-09-05,03:00:18 GMT,V6.2 DIAG | 8 0 8 0.45 -0.028571428571428567 -0.45000000000000007 0.06666666666666667 -0.05 0.30000000000000004 -0.3 7 1 1 1 0 0 0 1
2026-09-05,03:00:18 GMT,V6.2 DIAG | 4 1 9 0.55 0 -0.55 0 -0.05 -0.2 -0.3 8 0 0 0 0 0 0 1
2026-09-05,03:00:18 GMT,V6.2 DIAG | 5 1 12 0.4 0.028571428571428567 -0.4 -0.06666666666666667 -0.05 -0.45 -0.3 8 0 0 0 0 0 0 1
2026-09-05,03:00:18 GMT,Bought: (ID: 22524499599)
2026-09-05,03:00:12 GMT,SENTINEL V6 MULTI-WINDOW SCAN >>>
2026-09-05,03:00:12 GMT,V6.2 DIAG | 3 1 12 0.09999999999999998 0.08571428571428572 -0.10000000000000003 -0.2 -0.05 -0.45 -0.8 5 3 1 0 1 1 0 1
2026-09-05,03:00:12 GMT,V6.2 DIAG | 4 0 11 0.09999999999999998 0.028571428571428567 -0.10000000000000003 -0.06666666666666667 -0.05 0.35000000000000003 -0.8 5 3 1 1 0 0 0 1
2026-09-05,02:55:46 GMT,V6.2 BLOCK - final pressure/veto/active/timing gate failed or signal already used
2026-09-05,02:55:46 GMT,SENTINEL V6 MULTI-WINDOW SCAN >>>
2026-09-05,02:55:46 GMT,V6.2 DIAG | 4 0 5 -0.10000000000000009 -0.028571428571428567 0.09999999999999998 0.06666666666666667 0.5 -0.4 0.4 5 3 1 1 0 0 2 0
2026-09-05,02:55:46 GMT,V6.2 BLOCK - final pressure/veto/active/timing gate failed or signal already used
2026-09-05,02:55:46 GMT,SENTINEL V6 MULTI-WINDOW SCAN >>>
2026-09-05,02:55:46 GMT,V6.2 DIAG | 4 0 5 -0.10000000000000009 -0.028571428571428567 0.09999999999999998 0.06666666666666667 0.5 -0.4 0.4 5 3 1 1 0 0 2 0
2026-09-05,02:55:46 GMT,V6.2 BLOCK - final pressure/veto/active/timing gate failed or signal already used
2026-09-05,02:55:46 GMT,SENTINEL V6 MULTI-WINDOW SCAN >>>
2026-09-05,02:55:46 GMT,V6.2 DIAG | 1 0 4 -0.10000000000000009 -0.08571428571428572 0.09999999999999998 0.2 0.5 0.4 0.4 5 3 1 1 0 0 2 0
2026-09-05,02:55:46 GMT,V6.2 BLOCK - final pressure/veto/active/timing gate failed or signal already used
2026-09-05,02:55:46 GMT,SENTINEL V6 MULTI-WINDOW SCAN >>>
2026-09-05,02:55:46 GMT,V6.2 DIAG | 9 0 4 -0.25 -0.05714285714285714 0.25 0.13333333333333336 0.5 0.4 0.15000000000000002 5 3 1 1 0 0 2 0
2026-09-05,02:55:46 GMT,V6.2 BLOCK - final pressure/veto/active/timing gate failed or signal already used
2026-09-05,02:55:46 GMT,SENTINEL V6 MULTI-WINDOW SCAN >>>
2026-09-05,02:55:46 GMT,V6.2 DIAG | 7 0 5 -0.15000000000000002 -0.028571428571428567 0.15 0.06666666666666667 0.5 0.4 -0.35000000000000003 6 2 1 1 0 0 2 0
2026-09-05,02:55:46 GMT,V6.2 BLOCK - final pressure/veto/active/timing gate failed or signal already used
2026-09-05,02:55:46 GMT,SENTINEL V6 MULTI-WINDOW SCAN >>>
2026-09-05,02:55:46 GMT,V6.2 DIAG | 5 0 6 -0.04999999999999993 0 0.05000000000000002 0 0 0.4 -0.35000000000000003 6 2 1 1 0 0 2 0
2026-09-05,02:55:46 GMT,V6.2 BLOCK - final pressure/veto/active/timing gate failed or signal already used
2026-09-05,02:55:46 GMT,SENTINEL V6 MULTI-WINDOW SCAN >>>
2026-09-05,02:55:46 GMT,V6.2 DIAG | 8 0 6 -0.04999999999999993 0 0.05000000000000002 0 0 0.4 -0.35000000000000003 6 2 1 1 0 0 2 0
2026-09-05,02:55:46 GMT,V6.2 BLOCK - final pressure/veto/active/timing gate failed or signal already used
2026-09-05,02:55:46 GMT,SENTINEL V6 MULTI-WINDOW SCAN >>>
2026-09-05,02:55:46 GMT,V6.2 DIAG | 1 0 10 -0.09999999999999998 0.057142857142857134 0.1 -0.13333333333333333 0 -0.1 -0.6000000000000001 7 1 0 1 0 0 2 0
2026-09-05,02:55:46 GMT,V6.2 BLOCK - final pressure/veto/active/timing gate failed or signal already used
2026-09-05,02:55:46 GMT,SENTINEL V6 MULTI-WINDOW SCAN >>>
2026-09-05,02:55:46 GMT,V6.2 DIAG | 3 0 6 -0.04999999999999993 0 0.05000000000000002 0 0 -0.15 0.2 7 1 0 1 0 0 2 0
2026-09-05,02:55:14 GMT,V6.2 BLOCK - final pressure/veto/active/timing gate failed or signal already used
2026-09-05,02:55:14 GMT,SENTINEL V6 MULTI-WINDOW SCAN >>>
2026-09-05,02:55:14 GMT,V6.2 DIAG | 6 0 6 -0.04999999999999993 0 0.05000000000000002 0 0 -0.15 0.2 6 2 0 1 0 0 2 0
2026-09-05,02:55:14 GMT,V6.2 BLOCK - final pressure/veto/active/timing gate failed or signal already used
2026-09-05,02:55:14 GMT,SENTINEL V6 MULTI-WINDOW SCAN >>>
2026-09-05,02:55:14 GMT,V6.2 DIAG | 5 0 6 0 0 0 0 0 -0.2 0.2 6 2 0 0 0 0 2 0
2026-09-05,02:55:14 GMT,V6.2 BLOCK - final pressure/veto/active/timing gate failed or signal already used
2026-09-05,02:55:14 GMT,SENTINEL V6 MULTI-WINDOW SCAN >>>
2026-09-05,02:55:14 GMT,V6.2 DIAG | 1 0 6 0 0 0 0 0 -0.2 0.2 6 2 0 0 0 0 2 0
2026-09-05,02:55:13 GMT,V6.2 BLOCK - final pressure/veto/active/timing gate failed or signal already used
2026-09-05,02:55:13 GMT,SENTINEL V6 MULTI-WINDOW SCAN >>>
2026-09-05,02:55:13 GMT,V6.2 DIAG | 9 0 6 0 -0.057142857142857134 0 0.13333333333333333 0 -0.2 1 6 2 0 1 0 0 2 0
2026-09-05,02:55:13 GMT,V6.2 BLOCK - final pressure/veto/active/timing gate failed or signal already used
2026-09-05,02:55:13 GMT,SENTINEL V6 MULTI-WINDOW SCAN >>>
2026-09-05,02:55:13 GMT,V6.2 DIAG | 6 0 8 0.15000000000000002 -0.028571428571428567 -0.15 0.06666666666666667 -0.05 -0.2 0.5 7 1 0 0 0 0 2 0
2026-09-05,02:55:13 GMT,V6.2 BLOCK - final pressure/veto/active/timing gate failed or signal already used
2026-09-05,02:55:13 GMT,SENTINEL V6 MULTI-WINDOW SCAN >>>
2026-09-05,02:55:13 GMT,V6.2 DIAG | 3 0 8 0.20000000000000007 -0.028571428571428567 -0.19999999999999998 0.06666666666666667 -0.05 -0.2 0.45 7 1 0 0 0 0 2 0
2026-09-05,02:55:13 GMT,V6.2 BLOCK - final pressure/veto/active/timing gate failed or signal already used
2026-09-05,02:55:13 GMT,SENTINEL V6 MULTI-WINDOW SCAN >>>
2026-09-05,02:55:13 GMT,V6.2 DIAG | 1 0 8 0.25 -0.028571428571428567 -0.24999999999999997 0.06666666666666667 -0.1 -0.2 0.45 7 1 0 1 0 0 2 0
2026-09-05,02:55:13 GMT,V6.2 BLOCK - final pressure/veto/active/timing gate failed or signal already used
2026-09-05,02:55:13 GMT,SENTINEL V6 MULTI-WINDOW SCAN >>>
2026-09-05,02:55:13 GMT,V6.2 DIAG | 9 0 8 0.30000000000000004 -0.028571428571428567 -0.30000000000000004 0.06666666666666667 -0.1 -0.2 0.4 7 1 0 1 0 0 2 0
2026-09-05,02:55:13 GMT,V6.2 BLOCK - final pressure/veto/active/timing gate failed or signal already used
2026-09-05,02:55:13 GMT,SENTINEL V6 MULTI-WINDOW SCAN >>>
2026-09-05,02:55:13 GMT,V6.2 DIAG | 2 0 9 0.4 0 -0.4 0 -0.1 -0.2 -0.1 8 0 0 0 0 0 2 0
2026-09-05,02:55:13 GMT,V6.2 BLOCK - final pressure/veto/active/timing gate failed or signal already used
2026-09-05,02:55:13 GMT,SENTINEL V6 MULTI-WINDOW SCAN >>>
2026-09-05,02:55:13 GMT,V6.2 DIAG | 2 0 12 0.25 0.028571428571428567 -0.24999999999999997 -0.06666666666666667 -0.1 -0.45 -0.1 8 0 0 0 0 0 2 0
2026-09-05,02:55:13 GMT,V6.2 BLOCK - final pressure/veto/active/timing gate failed or signal already used
2026-09-05,02:55:13 GMT,SENTINEL V6 MULTI-WINDOW SCAN >>>
2026-09-05,02:55:13 GMT,V6.2 DIAG | 2 0 12 0.10000000000000009 0.057142857142857134 -0.09999999999999998 -0.13333333333333333 -0.1 -0.7000000000000001 -0.1 8 0 0 0 1 0 2 0
2026-09-05,02:55:13 GMT,V6.2 BLOCK - final pressure/veto/active/timing gate failed or signal already used
2026-09-05,02:55:13 GMT,SENTINEL V6 MULTI-WINDOW SCAN >>>
2026-09-05,02:55:13 GMT,V6.2 DIAG | 2 1 12 0.10000000000000009 0.057142857142857134 -0.09999999999999998 -0.13333333333333333 -0.1 -0.7000000000000001 -0.1 7 1 1 0 1 0 2 0
2026-09-05,02:55:13 GMT,V6.2 BLOCK - final pressure/veto/active/timing gate failed or signal already used
2026-09-05,02:55:13 GMT,SENTINEL V6 MULTI-WINDOW SCAN >>>
2026-09-05,02:55:13 GMT,V6.2 DIAG | 0 0 11 0.15000000000000002 0.057142857142857134 -0.14999999999999997 -0.13333333333333333 -0.1 -0.7000000000000001 -0.15 6 2 2 0 1 0 2 1
2026-09-05,02:55:13 GMT,V6.2 BLOCK - final pressure/veto/active/timing gate failed or signal already used
2026-09-05,02:55:13 GMT,SENTINEL V6 MULTI-WINDOW SCAN >>>
2026-09-05,02:55:13 GMT,V6.2 DIAG | 4 0 11 0.15000000000000002 0.057142857142857134 -0.14999999999999997 -0.13333333333333333 -0.1 -0.7000000000000001 -0.15 6 2 2 0 1 0 2 0
2026-09-05,02:55:13 GMT,V6.2 BLOCK - final pressure/veto/active/timing gate failed or signal already used
2026-09-05,02:55:13 GMT,SENTINEL V6 MULTI-WINDOW SCAN >>>
2026-09-05,02:55:13 GMT,V6.2 DIAG | 6 0 7 0.15000000000000002 0 -0.14999999999999997 0 -0.1 0.1 -0.15 6 2 2 0 0 0 2 0
2026-09-05,02:55:13 GMT,V6.2 BLOCK - final pressure/veto/active/timing gate failed or signal already used
2026-09-05,02:55:13 GMT,SENTINEL V6 MULTI-WINDOW SCAN >>>
2026-09-05,02:55:13 GMT,V6.2 DIAG | 0 0 7 0.15000000000000002 -0.057142857142857134 -0.14999999999999997 0.13333333333333333 -0.1 0.9 -0.15 6 2 2 1 0 0 2 0
2026-09-05,02:55:13 GMT,V6.2 BLOCK - final pressure/veto/active/timing gate failed or signal already used
2026-09-05,02:55:13 GMT,SENTINEL V6 MULTI-WINDOW SCAN >>>
2026-09-05,02:55:13 GMT,V6.2 DIAG | 5 0 7 0.20000000000000007 -0.057142857142857134 -0.2 0.13333333333333333 -0.1 0.8500000000000001 -0.15 6 2 2 1 0 0 2 0
2026-09-05,02:55:13 GMT,V6.2 BLOCK - final pressure/veto/active/timing gate failed or signal already used
2026-09-05,02:55:13 GMT,SENTINEL V6 MULTI-WINDOW SCAN >>>
2026-09-05,02:55:13 GMT,V6.2 DIAG | 6 0 7 0.20000000000000007 -0.057142857142857134 -0.2 0.13333333333333333 -0.1 0.8500000000000001 -0.15 6 2 2 1 0 0 2 0
2026-09-05,02:55:13 GMT,V6.2 BLOCK - final pressure/veto/active/timing gate failed or signal already used
2026-09-05,02:55:13 GMT,SENTINEL V6 MULTI-WINDOW SCAN >>>
2026-09-05,02:55:13 GMT,V6.2 DIAG | 8 0 7 0.20000000000000007 -0.057142857142857134 -0.2 0.13333333333333333 -0.1 0.8500000000000001 -0.15 6 2 2 1 0 0 2 0
2026-09-05,02:55:13 GMT,V6.2 BLOCK - final pressure/veto/active/timing gate failed or signal already used
2026-09-05,02:55:13 GMT,SENTINEL V6 MULTI-WINDOW SCAN >>>
2026-09-05,02:55:13 GMT,V6.2 DIAG | 8 0 8 0.15000000000000002 0 -0.14999999999999997 0 -0.1 0.1 -0.15 7 1 1 1 0 0 2 0
2026-09-05,02:55:13 GMT,V6.2 BLOCK - final pressure/veto/active/timing gate failed or signal already used
2026-09-05,02:55:13 GMT,SENTINEL V6 MULTI-WINDOW SCAN >>>
2026-09-05,02:55:13 GMT,V6.2 DIAG | 4 0 12 0.25 0.028571428571428567 -0.24999999999999997 -0.06666666666666667 -0.1 -0.4 -0.15 8 0 0 0 0 0 2 0
2026-09-05,02:55:13 GMT,V6.2 BLOCK - final pressure/veto/active/timing gate failed or signal already used
2026-09-05,02:55:13 GMT,SENTINEL V6 MULTI-WINDOW SCAN >>>
2026-09-05,02:55:13 GMT,V6.2 DIAG | 1 0 12 0.15000000000000002 0.057142857142857134 -0.14999999999999997 -0.13333333333333333 -0.1 -0.65 -0.2 7 1 1 0 1 0 2 0
2026-09-05,02:55:13 GMT,V6.2 BLOCK - final pressure/veto/active/timing gate failed or signal already used
2026-09-05,02:55:13 GMT,SENTINEL V6 MULTI-WINDOW SCAN >>>
2026-09-05,02:55:13 GMT,V6.2 DIAG | 2 0 12 0.15000000000000002 0.057142857142857134 -0.14999999999999997 -0.13333333333333333 -0.1 -0.65 -0.2 7 1 1 1 1 0 2 0
2026-09-05,02:55:13 GMT,V6.2 BLOCK - final pressure/veto/active/timing gate failed or signal already used
2026-09-05,02:55:13 GMT,SENTINEL V6 MULTI-WINDOW SCAN >>>
2026-09-05,02:55:13 GMT,V6.2 DIAG | 5 0 11 0.20000000000000007 0.057142857142857134 -0.2 -0.13333333333333333 -0.1 -0.7000000000000001 -0.2 6 2 2 0 1 0 2 0
2026-09-05,02:55:13 GMT,V6.2 BLOCK - final pressure/veto/active/timing gate failed or signal already used
2026-09-05,02:55:13 GMT,SENTINEL V6 MULTI-WINDOW SCAN >>>
2026-09-05,02:55:13 GMT,V6.2 DIAG | 6 0 9 0.04999999999999993 0.028571428571428567 -0.04999999999999999 -0.06666666666666667 -0.35000000000000003 0.1 -0.2 6 2 2 1 0 0 2 0
2026-09-05,02:55:13 GMT,V6.2 BLOCK - final pressure/veto/active/timing gate failed or signal already used
2026-09-05,02:55:13 GMT,SENTINEL V6 MULTI-WINDOW SCAN >>>
2026-09-05,02:55:13 GMT,V6.2 DIAG | 4 0 8 -0.09999999999999998 0.05714285714285714 0.10000000000000003 -0.13333333333333336 -0.35000000000000003 0.1 -0.45 6 2 2 1 0 0 2 0
2026-09-05,02:55:13 GMT,V6.2 BLOCK - final pressure/veto/active/timing gate failed or signal already used
2026-09-05,02:55:13 GMT,SENTINEL V6 MULTI-WINDOW SCAN >>>
2026-09-05,02:55:13 GMT,V6.2 DIAG | 6 0 8 -0.19999999999999996 0.028571428571428574 0.2 -0.06666666666666668 -0.6000000000000001 0.9 -0.5 5 3 2 1 0 0 2 0
2026-09-05,02:55:13 GMT,V6.2 BLOCK - final pressure/veto/active/timing gate failed or signal already used
2026-09-05,02:55:13 GMT,SENTINEL V6 MULTI-WINDOW SCAN >>>
2026-09-05,02:55:13 GMT,V6.2 DIAG | 6 0 5 -0.29999999999999993 0.05714285714285715 0.3 -0.13333333333333333 -0.6000000000000001 0.8500000000000001 -0.75 4 4 2 1 0 0 2 0
2026-09-05,02:55:13 GMT,V6.2 BLOCK - final pressure/veto/active/timing gate failed or signal already used
2026-09-05,02:55:13 GMT,SENTINEL V6 MULTI-WINDOW SCAN >>>
2026-09-05,02:55:13 GMT,V6.2 DIAG | 8 0 5 -0.29999999999999993 0.05714285714285715 0.3 -0.13333333333333333 -0.6000000000000001 0.8500000000000001 -0.75 3 5 2 1 0 0 2 0
2026-09-05,02:55:13 GMT,V6.2 BLOCK - final pressure/veto/active/timing gate failed or signal already used
2026-09-05,02:55:13 GMT,SENTINEL V6 MULTI-WINDOW SCAN >>>
2026-09-05,02:55:13 GMT,V6.2 DIAG | 5 0 6 -0.19999999999999996 0.028571428571428574 0.2 -0.06666666666666668 0.2 0.35000000000000003 -0.75 3 5 1 1 0 0 2 0
2026-09-05,02:55:13 GMT,V6.2 BLOCK - final pressure/veto/active/timing gate failed or signal already used
2026-09-05,02:55:13 GMT,SENTINEL V6 MULTI-WINDOW SCAN >>>
2026-09-05,02:55:13 GMT,V6.2 DIAG | 8 0 2 -0.19999999999999996 -0.028571428571428574 0.2 0.06666666666666668 0.2 0.35000000000000003 0.05000000000000002 3 5 1 1 0 0 2 0
2026-09-05,02:55:13 GMT,V6.2 BLOCK - final pressure/veto/active/timing gate failed or signal already used
2026-09-05,02:55:13 GMT,SENTINEL V6 MULTI-WINDOW SCAN >>>
2026-09-05,02:55:13 GMT,V6.2 DIAG | 1 0 3 -0.09999999999999998 -0.05714285714285714 0.10000000000000003 0.13333333333333336 1 -0.15 0.05000000000000002 4 4 0 1 0 0 2 0
2026-09-05,02:55:13 GMT,V6.2 BLOCK - final pressure/veto/active/timing gate failed or signal already used
2026-09-05,02:55:13 GMT,SENTINEL V6 MULTI-WINDOW SCAN >>>
2026-09-05,02:55:13 GMT,V6.2 DIAG | 3 0 3 -0.19999999999999996 -0.08571428571428572 0.2 0.2 1 -0.2 0.6 4 4 0 1 0 0 2 0
2026-09-05,02:54:41 GMT,V6.2 BLOCK - final pressure/veto/active/timing gate failed or signal already used
2026-09-05,02:54:41 GMT,SENTINEL V6 MULTI-WINDOW SCAN >>>
2026-09-05,02:54:41 GMT,V6.2 DIAG | 7 0 3 -0.19999999999999996 -0.08571428571428572 0.2 0.2 1 -0.2 0.6 4 4 0 1 0 0 2 0
2026-09-05,02:54:41 GMT,V6.2 BLOCK - final pressure/veto/active/timing gate failed or signal already used
2026-09-05,02:54:41 GMT,SENTINEL V6 MULTI-WINDOW SCAN >>>
2026-09-05,02:54:41 GMT,V6.2 DIAG | 9 0 3 -0.050000000000000044 -0.05714285714285714 0.050000000000000044 0.13333333333333336 0.5 -0.25 0.6 4 4 0 1 0 0 2 0
2026-09-05,02:54:41 GMT,V6.2 BLOCK - final pressure/veto/active/timing gate failed or signal already used
2026-09-05,02:54:41 GMT,SENTINEL V6 MULTI-WINDOW SCAN >>>
2026-09-05,02:54:41 GMT,V6.2 DIAG | 7 0 7 0.09999999999999998 -0.028571428571428567 -0.10000000000000003 0.06666666666666667 0.5 -0.25 0.05000000000000002 5 3 0 0 0 0 2 0
2026-09-05,02:54:41 GMT,V6.2 BLOCK - final pressure/veto/active/timing gate failed or signal already used
2026-09-05,02:54:41 GMT,SENTINEL V6 MULTI-WINDOW SCAN >>>
2026-09-05,02:54:41 GMT,V6.2 DIAG | 9 0 10 0.04999999999999993 0.028571428571428567 -0.04999999999999999 -0.06666666666666667 0 -0.5 0.05000000000000002 6 2 0 1 0 0 2 0
2026-09-05,02:54:41 GMT,V6.2 BLOCK - final pressure/veto/active/timing gate failed or signal already used
2026-09-05,02:54:41 GMT,SENTINEL V6 MULTI-WINDOW SCAN >>>
2026-09-05,02:54:41 GMT,V6.2 DIAG | 4 0 8 0.15000000000000002 0 -0.14999999999999997 0 0 -0.5 0.35000000000000003 7 1 0 1 0 0 2 0
2026-09-05,02:54:41 GMT,V6.2 BLOCK - final pressure/veto/active/timing gate failed or signal already used
2026-09-05,02:54:41 GMT,SENTINEL V6 MULTI-WINDOW SCAN >>>
2026-09-05,02:54:41 GMT,V6.2 DIAG | 6 0 8 0.20000000000000007 0 -0.2 0 -0.05 -0.5 0.35000000000000003 6 2 1 0 0 0 2 0
2026-09-05,02:54:41 GMT,V6.2 BLOCK - final pressure/veto/active/timing gate failed or signal already used
2026-09-05,02:54:41 GMT,SENTINEL V6 MULTI-WINDOW SCAN >>>
2026-09-05,02:54:41 GMT,V6.2 DIAG | 1 0 8 0.20000000000000007 0 -0.2 0 -0.05 -0.5 0.35000000000000003 6 2 1 0 0 0 2 0
2026-09-05,02:54:40 GMT,V6.2 BLOCK - final pressure/veto/active/timing gate failed or signal already used
2026-09-05,02:54:40 GMT,SENTINEL V6 MULTI-WINDOW SCAN >>>
2026-09-05,02:54:40 GMT,V6.2 DIAG | 6 0 8 0.25 0 -0.25 0 -0.05 -0.5 0.30000000000000004 6 2 1 0 0 0 2 0
2026-09-05,02:54:40 GMT,V6.2 BLOCK - final pressure/veto/active/timing gate failed or signal already used
2026-09-05,02:54:40 GMT,SENTINEL V6 MULTI-WINDOW SCAN >>>
2026-09-05,02:54:40 GMT,V6.2 DIAG | 9 0 8 0.1499999999999999 -0.028571428571428567 -0.15000000000000002 0.06666666666666667 -0.05 0.30000000000000004 0 6 2 1 1 0 0 2 0
2026-09-05,02:54:40 GMT,V6.2 BLOCK - final pressure/veto/active/timing gate failed or signal already used
2026-09-05,02:54:40 GMT,SENTINEL V6 MULTI-WINDOW SCAN >>>
2026-09-05,02:54:40 GMT,V6.2 DIAG | 3 0 8 0.25 0 -0.25 0 -0.05 0.30000000000000004 -0.5 7 1 1 1 0 0 2 0
2026-09-05,02:54:40 GMT,V6.2 BLOCK - final pressure/veto/active/timing gate failed or signal already used
2026-09-05,02:54:40 GMT,SENTINEL V6 MULTI-WINDOW SCAN >>>
2026-09-05,02:54:40 GMT,V6.2 DIAG | 5 0 11 0.09999999999999998 0.028571428571428567 -0.10000000000000003 -0.06666666666666667 -0.05 0.05000000000000002 -0.5 6 2 1 0 1 0 2 0
2026-09-05,02:54:40 GMT,V6.2 BLOCK - final pressure/veto/active/timing gate failed or signal already used
2026-09-05,02:54:40 GMT,SENTINEL V6 MULTI-WINDOW SCAN >>>
2026-09-05,02:54:40 GMT,V6.2 DIAG | 1 0 11 0.1499999999999999 0.028571428571428567 -0.15000000000000002 -0.06666666666666667 -0.05 0.05000000000000002 -0.55 6 2 1 0 1 0 2 0
2026-09-05,02:54:40 GMT,V6.2 BLOCK - final pressure/veto/active/timing gate failed or signal already used
2026-09-05,02:54:40 GMT,SENTINEL V6 MULTI-WINDOW SCAN >>>
2026-09-05,02:54:40 GMT,V6.2 DIAG | 8 0 10 0.1499999999999999 0.028571428571428567 -0.15000000000000002 -0.06666666666666667 -0.05 0.05000000000000002 -0.55 5 3 2 0 1 0 2 0
2026-09-05,02:54:40 GMT,V6.2 BLOCK - final pressure/veto/active/timing gate failed or signal already used
2026-09-05,02:54:40 GMT,SENTINEL V6 MULTI-WINDOW SCAN >>>
2026-09-05,02:54:40 GMT,V6.2 DIAG | 0 0 12 0.1499999999999999 0.028571428571428567 -0.15000000000000002 -0.06666666666666667 -0.05 -0.45 -0.04999999999999999 6 2 1 0 0 0 2 0
2026-09-05,02:54:40 GMT,V6.2 BLOCK - final pressure/veto/active/timing gate failed or signal already used
2026-09-05,02:54:40 GMT,SENTINEL V6 MULTI-WINDOW SCAN >>>
2026-09-05,02:54:40 GMT,V6.2 DIAG | 6 0 10 0 0.05714285714285714 0 -0.13333333333333336 -0.05 -0.7000000000000001 -0.04999999999999999 6 2 1 0 0 0 2 0
2026-09-05,02:54:40 GMT,V6.2 BLOCK - final pressure/veto/active/timing gate failed or signal already used
2026-09-05,02:54:40 GMT,SENTINEL V6 MULTI-WINDOW SCAN >>>
2026-09-05,02:54:40 GMT,V6.2 DIAG | 0 0 6 0 0 0 0 -0.05 0.1 -0.04999999999999999 5 3 1 0 0 0 2 0
2026-09-05,02:54:40 GMT,V6.2 BLOCK - final pressure/veto/active/timing gate failed or signal already used
2026-09-05,02:54:40 GMT,SENTINEL V6 MULTI-WINDOW SCAN >>>
2026-09-05,02:54:40 GMT,V6.2 DIAG | 6 0 3 0 0 0 0 -0.05 0.1 -0.04999999999999999 4 4 2 0 0 0 2 0
2026-09-05,02:54:40 GMT,V6.2 BLOCK - final pressure/veto/active/timing gate failed or signal already used
2026-09-05,02:54:40 GMT,SENTINEL V6 MULTI-WINDOW SCAN >>>
2026-09-05,02:54:40 GMT,V6.2 DIAG | 9 0 3 0 0 0 0 -0.05 0.1 -0.04999999999999999 4 4 2 1 0 0 2 0
2026-09-05,02:54:40 GMT,V6.2 BLOCK - final pressure/veto/active/timing gate failed or signal already used
2026-09-05,02:54:40 GMT,SENTINEL V6 MULTI-WINDOW SCAN >>>
2026-09-05,02:54:40 GMT,V6.2 DIAG | 0 0 6 0.09999999999999998 -0.028571428571428567 -0.10000000000000003 0.06666666666666667 -0.05 0.1 0.25 5 3 2 0 0 0 2 0
2026-09-05,02:54:40 GMT,V6.2 BLOCK - final pressure/veto/active/timing gate failed or signal already used
2026-09-05,02:54:40 GMT,SENTINEL V6 MULTI-WINDOW SCAN >>>
2026-09-05,02:54:40 GMT,V6.2 DIAG | 8 0 4 -0.050000000000000044 -0.05714285714285714 0.050000000000000044 0.13333333333333336 -0.05 0.65 0.25 5 3 2 1 0 0 2 0
2026-09-05,02:54:40 GMT,V6.2 BLOCK - final pressure/veto/active/timing gate failed or signal already used
2026-09-05,02:54:40 GMT,SENTINEL V6 MULTI-WINDOW SCAN >>>
2026-09-05,02:54:40 GMT,V6.2 DIAG | 0 0 6 0.04999999999999993 -0.028571428571428567 -0.04999999999999999 0.06666666666666667 -0.05 0.15000000000000002 0.25 6 2 1 1 0 0 2 0
2026-09-05,02:54:40 GMT,V6.2 BLOCK - final pressure/veto/active/timing gate failed or signal already used
2026-09-05,02:54:40 GMT,SENTINEL V6 MULTI-WINDOW SCAN >>>
2026-09-05,02:54:40 GMT,V6.2 DIAG | 0 0 5 -0.09999999999999998 0 0.10000000000000003 0 -0.05 -0.10000000000000003 0.25 5 3 2 1 0 0 2 0
2026-09-05,02:54:40 GMT,V6.2 BLOCK - final pressure/veto/active/timing gate failed or signal already used
2026-09-05,02:54:40 GMT,SENTINEL V6 MULTI-WINDOW SCAN >>>
2026-09-05,02:54:40 GMT,V6.2 DIAG | 9 0 9 -0.19999999999999996 0.028571428571428574 0.2 -0.06666666666666668 -0.1 -0.10000000000000003 0 5 3 2 1 0 0 2 0
2026-09-05,02:54:40 GMT,V6.2 BLOCK - final pressure/veto/active/timing gate failed or signal already used
2026-09-05,02:54:40 GMT,SENTINEL V6 MULTI-WINDOW SCAN >>>
2026-09-05,02:54:40 GMT,V6.2 DIAG | 8 0 9 -0.050000000000000044 0.05714285714285714 0.050000000000000044 -0.13333333333333336 -0.1 -0.15000000000000002 -0.5 5 3 3 1 0 0 2 0
2026-09-05,02:54:40 GMT,V6.2 BLOCK - final pressure/veto/active/timing gate failed or signal already used
2026-09-05,02:54:40 GMT,SENTINEL V6 MULTI-WINDOW SCAN >>>
2026-09-05,02:54:40 GMT,V6.2 DIAG | 1 0 10 0.09999999999999998 0.028571428571428567 -0.10000000000000003 -0.06666666666666667 -0.15 0.15000000000000002 -0.5 5 3 2 1 0 0 2 0
2026-09-05,02:54:40 GMT,V6.2 BLOCK - final pressure/veto/active/timing gate failed or signal already used
2026-09-05,02:54:40 GMT,SENTINEL V6 MULTI-WINDOW SCAN >>>
2026-09-05,02:54:40 GMT,V6.2 DIAG | 0 0 8 -0.050000000000000044 0.05714285714285714 0.050000000000000044 -0.13333333333333336 -0.4 0.15000000000000002 -0.5 5 3 2 1 0 0 2 0
2026-09-05,02:54:40 GMT,V6.2 BLOCK - final pressure/veto/active/timing gate failed or signal already used
2026-09-05,02:54:40 GMT,SENTINEL V6 MULTI-WINDOW SCAN >>>
2026-09-05,02:54:40 GMT,V6.2 DIAG | 4 0 5 -0.050000000000000044 0 0.050000000000000044 0 -0.4 0.9500000000000001 -0.5 5 3 2 1 0 0 2 0
2026-09-05,02:54:40 GMT,V6.2 BLOCK - final pressure/veto/active/timing gate failed or signal already used
2026-09-05,02:54:40 GMT,SENTINEL V6 MULTI-WINDOW SCAN >>>
2026-09-05,02:54:40 GMT,V6.2 DIAG | 1 0 2 -0.19999999999999996 -0.028571428571428574 0.2 0.06666666666666668 -0.4 0.9500000000000001 0.05000000000000002 4 4 2 1 0 0 2 0
2026-09-05,02:54:40 GMT,V6.2 BLOCK - final pressure/veto/active/timing gate failed or signal already used
2026-09-05,02:54:40 GMT,SENTINEL V6 MULTI-WINDOW SCAN >>>
2026-09-05,02:54:40 GMT,V6.2 DIAG | 8 0 2 -0.35 0 0.35 0 -0.4 0.9500000000000001 -0.20000000000000004 4 4 2 1 0 0 2 0
2026-09-05,02:54:40 GMT,V6.2 BLOCK - final pressure/veto/active/timing gate failed or signal already used
2026-09-05,02:54:40 GMT,SENTINEL V6 MULTI-WINDOW SCAN >>>
2026-09-05,02:54:40 GMT,V6.2 DIAG | 5 0 7 -0.19999999999999996 0.028571428571428574 0.2 -0.06666666666666668 -0.4 0.45 -0.25 4 4 1 1 0 0 2 0
2026-09-05,02:54:40 GMT,V6.2 BLOCK - final pressure/veto/active/timing gate failed or signal already used
2026-09-05,02:54:40 GMT,SENTINEL V6 MULTI-WINDOW SCAN >>>
2026-09-05,02:54:40 GMT,V6.2 DIAG | 8 0 3 -0.15000000000000002 -0.028571428571428574 0.15000000000000002 0.06666666666666668 0.35000000000000003 0.45 -0.25 3 5 1 1 0 0 2 0
2026-09-05,02:54:40 GMT,V6.2 BLOCK - final pressure/veto/active/timing gate failed or signal already used
2026-09-05,02:54:40 GMT,SENTINEL V6 MULTI-WINDOW SCAN >>>
2026-09-05,02:54:40 GMT,V6.2 DIAG | 9 0 7 -0.19999999999999996 0.028571428571428574 0.2 -0.06666666666666668 0.35000000000000003 -0.05 -0.4999999999999999 4 4 0 1 0 0 2 0
2026-09-05,02:54:40 GMT,V6.2 BLOCK - final pressure/veto/active/timing gate failed or signal already used
2026-09-05,02:54:40 GMT,SENTINEL V6 MULTI-WINDOW SCAN >>>
2026-09-05,02:54:40 GMT,V6.2 DIAG | 0 0 6 -0.09999999999999998 0 0.10000000000000003 0 0.35000000000000003 -0.05 -0.20000000000000004 5 3 0 1 0 0 2 0
2026-09-05,02:54:07 GMT,V6.2 BLOCK - final pressure/veto/active/timing gate failed or signal already used
2026-09-05,02:54:07 GMT,SENTINEL V6 MULTI-WINDOW SCAN >>>
2026-09-05,02:54:07 GMT,V6.2 DIAG | 2 0 3 -0.25 -0.028571428571428574 0.25 0.06666666666666668 0.35000000000000003 -0.05 0.35000000000000003 4 4 0 1 0 0 2 0
2026-09-05,02:54:07 GMT,V6.2 BLOCK - final pressure/veto/active/timing gate failed or signal already used
2026-09-05,02:54:07 GMT,SENTINEL V6 MULTI-WINDOW SCAN >>>
2026-09-05,02:54:07 GMT,V6.2 DIAG | 7 0 3 -0.19999999999999996 -0.028571428571428574 0.2 0.06666666666666668 0.35000000000000003 -0.1 0.35000000000000003 4 4 0 1 0 0 2 0
2026-09-05,02:54:07 GMT,V6.2 BLOCK - final pressure/veto/active/timing gate failed or signal already used
2026-09-05,02:54:07 GMT,SENTINEL V6 MULTI-WINDOW SCAN >>>
2026-09-05,02:54:07 GMT,V6.2 DIAG | 0 0 4 -0.09999999999999998 0 0.10000000000000003 0 -0.15 -0.1 0.35000000000000003 4 4 0 1 0 0 2 0
2026-09-05,02:54:07 GMT,V6.2 BLOCK - final pressure/veto/active/timing gate failed or signal already used
2026-09-05,02:54:07 GMT,SENTINEL V6 MULTI-WINDOW SCAN >>>
2026-09-05,02:54:07 GMT,V6.2 DIAG | 9 0 4 -0.050000000000000044 -0.05714285714285714 0.050000000000000044 0.13333333333333336 -0.15 -0.1 1.1 4 4 0 1 0 0 2 0
2026-09-05,02:54:07 GMT,V6.2 BLOCK - final pressure/veto/active/timing gate failed or signal already used
2026-09-05,02:54:07 GMT,SENTINEL V6 MULTI-WINDOW SCAN >>>
2026-09-05,02:54:07 GMT,V6.2 DIAG | 9 0 7 0.04999999999999993 -0.028571428571428567 -0.04999999999999999 0.06666666666666667 -0.15 -0.1 0.6 5 3 0 1 0 0 2 0
2026-09-05,02:54:07 GMT,V6.2 BLOCK - final pressure/veto/active/timing gate failed or signal already used
2026-09-05,02:54:07 GMT,SENTINEL V6 MULTI-WINDOW SCAN >>>
2026-09-05,02:54:07 GMT,V6.2 DIAG | 5 0 8 0.20000000000000007 -0.057142857142857134 -0.2 0.13333333333333333 -0.2 -0.1 0.9 6 2 0 0 0 0 2 0
2026-09-05,02:54:07 GMT,V6.2 BLOCK - final pressure/veto/active/timing gate failed or signal already used
2026-09-05,02:54:07 GMT,SENTINEL V6 MULTI-WINDOW SCAN >>>
2026-09-05,02:54:07 GMT,V6.2 DIAG | 4 0 8 0.20000000000000007 -0.057142857142857134 -0.2 0.13333333333333333 -0.2 -0.1 0.9 6 2 0 0 0 0 2 0
2026-09-05,02:54:07 GMT,V6.2 BLOCK - final pressure/veto/active/timing gate failed or signal already used
2026-09-05,02:54:07 GMT,SENTINEL V6 MULTI-WINDOW SCAN >>>
2026-09-05,02:54:07 GMT,V6.2 DIAG | 9 0 8 0.20000000000000007 -0.057142857142857134 -0.2 0.13333333333333333 -0.2 -0.1 0.9 6 2 0 1 0 0 2 0
2026-09-05,02:54:07 GMT,V6.2 BLOCK - final pressure/veto/active/timing gate failed or signal already used
2026-09-05,02:54:07 GMT,SENTINEL V6 MULTI-WINDOW SCAN >>>
2026-09-05,02:54:07 GMT,V6.2 DIAG | 6 0 8 0.35 -0.028571428571428567 -0.35 0.06666666666666667 -0.2 -0.1 0.35000000000000003 7 1 0 0 0 0 2 0
2026-09-05,02:54:07 GMT,V6.2 BLOCK - final pressure/veto/active/timing gate failed or signal already used
2026-09-05,02:54:07 GMT,SENTINEL V6 MULTI-WINDOW SCAN >>>
2026-09-05,02:54:07 GMT,V6.2 DIAG | 9 0 8 0.25 0 -0.25 0 -0.5 -0.1 0.35000000000000003 7 1 0 0 0 0 2 0
2026-09-05,02:54:07 GMT,V6.2 BLOCK - final pressure/veto/active/timing gate failed or signal already used
2026-09-05,02:54:07 GMT,SENTINEL V6 MULTI-WINDOW SCAN >>>
2026-09-05,02:54:07 GMT,V6.2 DIAG | 5 0 12 0.20000000000000007 0.057142857142857134 -0.2 -0.13333333333333333 -0.5 -0.35000000000000003 -0.15 8 0 0 0 0 0 2 0
2026-09-05,02:54:07 GMT,V6.2 BLOCK - final pressure/veto/active/timing gate failed or signal already used
2026-09-05,02:54:07 GMT,SENTINEL V6 MULTI-WINDOW SCAN >>>
2026-09-05,02:54:07 GMT,V6.2 DIAG | 5 0 12 0.09999999999999998 0.08571428571428572 -0.10000000000000003 -0.2 -0.75 -0.4 -0.15 7 1 0 0 1 0 2 0
2026-09-05,02:54:06 GMT,V6.2 BLOCK - final pressure/veto/active/timing gate failed or signal already used
2026-09-05,02:54:06 GMT,SENTINEL V6 MULTI-WINDOW SCAN >>>
2026-09-05,02:54:06 GMT,V6.2 DIAG | 3 0 12 0.1499999999999999 0.08571428571428572 -0.15000000000000002 -0.2 -0.8 -0.4 -0.15 6 2 1 0 1 0 2 0
2026-09-05,02:54:06 GMT,V6.2 BLOCK - final pressure/veto/active/timing gate failed or signal already used
2026-09-05,02:54:06 GMT,SENTINEL V6 MULTI-WINDOW SCAN >>>
2026-09-05,02:54:06 GMT,V6.2 DIAG | 5 0 12 0.19999999999999996 0.08571428571428572 -0.2 -0.2 -0.8 -0.4 -0.2 5 3 1 1 1 0 2 0
2026-09-05,02:54:06 GMT,V6.2 BLOCK - final pressure/veto/active/timing gate failed or signal already used
2026-09-05,02:54:06 GMT,SENTINEL V6 MULTI-WINDOW SCAN >>>
2026-09-05,02:54:06 GMT,V6.2 DIAG | 1 0 12 0.24999999999999994 0.028571428571428567 -0.25000000000000006 -0.06666666666666667 0 -0.4 -0.25 5 3 1 0 1 0 2 0
2026-09-05,02:54:06 GMT,V6.2 BLOCK - final pressure/veto/active/timing gate failed or signal already used
2026-09-05,02:54:06 GMT,SENTINEL V6 MULTI-WINDOW SCAN >>>
2026-09-05,02:54:06 GMT,V6.2 DIAG | 2 0 8 0.24999999999999994 -0.028571428571428567 -0.25000000000000006 0.06666666666666667 0 0.4 -0.25 5 3 1 1 0 0 2 0
2026-09-05,02:54:06 GMT,V6.2 BLOCK - final pressure/veto/active/timing gate failed or signal already used
2026-09-05,02:54:06 GMT,SENTINEL V6 MULTI-WINDOW SCAN >>>
2026-09-05,02:54:06 GMT,V6.2 DIAG | 4 0 7 0.09999999999999998 -0.05714285714285714 -0.09999999999999998 0.13333333333333336 0.8 0.4 -0.5 5 3 1 1 0 0 2 0
2026-09-05,02:54:06 GMT,V6.2 BLOCK - final pressure/veto/active/timing gate failed or signal already used
2026-09-05,02:54:06 GMT,SENTINEL V6 MULTI-WINDOW SCAN >>>
2026-09-05,02:54:06 GMT,V6.2 DIAG | 3 0 5 -0.050000000000000044 -0.028571428571428574 0.04999999999999999 0.06666666666666668 0.55 0.4 -0.5 5 3 1 1 0 0 2 0
2026-09-05,02:54:06 GMT,V6.2 BLOCK - final pressure/veto/active/timing gate failed or signal already used
2026-09-05,02:54:06 GMT,SENTINEL V6 MULTI-WINDOW SCAN >>>
2026-09-05,02:54:06 GMT,V6.2 DIAG | 7 0 3 -0.050000000000000044 -0.028571428571428574 0.04999999999999999 0.06666666666666668 0.55 0.4 -0.5 4 4 1 1 0 0 2 0
2026-09-05,02:54:06 GMT,V6.2 BLOCK - final pressure/veto/active/timing gate failed or signal already used
2026-09-05,02:54:06 GMT,SENTINEL V6 MULTI-WINDOW SCAN >>>
2026-09-05,02:54:06 GMT,V6.2 DIAG | 8 0 4 0.04999999999999993 0 -0.04999999999999999 0 0.05000000000000002 0.4 -0.5 4 4 1 1 0 0 2 0
2026-09-05,02:54:06 GMT,V6.2 BLOCK - final pressure/veto/active/timing gate failed or signal already used
2026-09-05,02:54:06 GMT,SENTINEL V6 MULTI-WINDOW SCAN >>>
2026-09-05,02:54:06 GMT,V6.2 DIAG | 7 0 11 0.1499999999999999 0.028571428571428567 -0.15000000000000002 -0.06666666666666667 0.05000000000000002 -0.1 -0.5 5 3 0 0 1 0 2 0
2026-09-05,02:54:06 GMT,V6.2 BLOCK - final pressure/veto/active/timing gate failed or signal already used
2026-09-05,02:54:06 GMT,SENTINEL V6 MULTI-WINDOW SCAN >>>
2026-09-05,02:54:06 GMT,V6.2 DIAG | 3 0 11 0.09999999999999998 0.028571428571428567 -0.10000000000000003 -0.06666666666666667 -0.45 -0.35000000000000003 0.30000000000000004 6 2 0 0 1 0 2 0
2026-09-05,02:54:06 GMT,V6.2 BLOCK - final pressure/veto/active/timing gate failed or signal already used
2026-09-05,02:54:06 GMT,SENTINEL V6 MULTI-WINDOW SCAN >>>
2026-09-05,02:54:06 GMT,V6.2 DIAG | 5 0 7 0.09999999999999998 -0.028571428571428567 -0.10000000000000003 0.06666666666666667 0.35000000000000003 -0.35000000000000003 0.30000000000000004 6 2 0 0 0 0 2 0
2026-09-05,02:54:06 GMT,V6.2 BLOCK - final pressure/veto/active/timing gate failed or signal already used
2026-09-05,02:54:06 GMT,SENTINEL V6 MULTI-WINDOW SCAN >>>
2026-09-05,02:54:06 GMT,V6.2 DIAG | 4 0 5 -0.050000000000000044 0 0.050000000000000044 0 0.35000000000000003 -0.35000000000000003 0.05000000000000002 5 3 1 1 0 0 2 0
2026-09-05,02:54:06 GMT,V6.2 BLOCK - final pressure/veto/active/timing gate failed or signal already used
2026-09-05,02:54:06 GMT,SENTINEL V6 MULTI-WINDOW SCAN >>>
2026-09-05,02:54:06 GMT,V6.2 DIAG | 5 0 5 0 0 0 0 0.30000000000000004 -0.35000000000000003 0.05000000000000002 5 3 1 1 0 0 2 0
2026-09-05,02:54:06 GMT,V6.2 BLOCK - final pressure/veto/active/timing gate failed or signal already used
2026-09-05,02:54:06 GMT,SENTINEL V6 MULTI-WINDOW SCAN >>>
2026-09-05,02:54:06 GMT,V6.2 DIAG | 9 0 6 -0.15000000000000002 0.028571428571428574 0.15000000000000002 -0.06666666666666668 0.05000000000000002 -0.35000000000000003 0.05000000000000002 4 4 1 1 0 0 2 0
2026-09-05,02:54:06 GMT,V6.2 BLOCK - final pressure/veto/active/timing gate failed or signal already used
2026-09-05,02:54:06 GMT,SENTINEL V6 MULTI-WINDOW SCAN >>>
2026-09-05,02:54:06 GMT,V6.2 DIAG | 7 0 5 -0.050000000000000044 0 0.050000000000000044 0 0.05000000000000002 0.45 -0.45 5 3 1 1 0 0 2 0
2026-09-05,02:54:06 GMT,V6.2 BLOCK - final pressure/veto/active/timing gate failed or signal already used
2026-09-05,02:54:06 GMT,SENTINEL V6 MULTI-WINDOW SCAN >>>
2026-09-05,02:54:06 GMT,V6.2 DIAG | 6 0 10 0.04999999999999993 0.028571428571428567 -0.04999999999999999 -0.06666666666666667 -0.45 0.45 -0.45 5 3 1 1 0 0 2 0
2026-09-05,02:54:06 GMT,V6.2 BLOCK - final pressure/veto/active/timing gate failed or signal already used
2026-09-05,02:54:06 GMT,SENTINEL V6 MULTI-WINDOW SCAN >>>
2026-09-05,02:54:06 GMT,V6.2 DIAG | 0 0 5 -0.09999999999999998 0 0.10000000000000003 0 -0.45 0.45 0.1 5 3 1 1 0 0 2 0
2026-09-05,02:54:06 GMT,V6.2 BLOCK - final pressure/veto/active/timing gate failed or signal already used
2026-09-05,02:54:06 GMT,SENTINEL V6 MULTI-WINDOW SCAN >>>
2026-09-05,02:54:06 GMT,V6.2 DIAG | 0 0 8 -0.25 0.028571428571428574 0.25 -0.06666666666666668 -0.7000000000000001 0.45 0.1 5 3 1 1 0 0 2 0
2026-09-05,02:54:06 GMT,V6.2 BLOCK - final pressure/veto/active/timing gate failed or signal already used
2026-09-05,02:54:06 GMT,SENTINEL V6 MULTI-WINDOW SCAN >>>
2026-09-05,02:54:06 GMT,V6.2 DIAG | 8 0 2 -0.25 -0.028571428571428574 0.25 0.06666666666666668 0.1 0.45 0.1 4 4 1 1 0 0 2 0
2026-09-05,02:54:06 GMT,V6.2 BLOCK - final pressure/veto/active/timing gate failed or signal already used
2026-09-05,02:54:06 GMT,SENTINEL V6 MULTI-WINDOW SCAN >>>
2026-09-05,02:54:06 GMT,V6.2 DIAG | 6 0 6 -0.25 0.028571428571428574 0.25 -0.06666666666666668 0.1 -0.30000000000000004 0.05000000000000002 4 4 0 1 0 0 2 0
2026-09-05,02:54:06 GMT,V6.2 BLOCK - final pressure/veto/active/timing gate failed or signal already used
2026-09-05,02:54:06 GMT,SENTINEL V6 MULTI-WINDOW SCAN >>>
2026-09-05,02:54:06 GMT,V6.2 DIAG | 9 0 7 -0.35 0.05714285714285715 0.35 -0.13333333333333333 -0.15000000000000002 -0.30000000000000004 0 4 4 0 1 0 0 2 0
2026-09-05,02:54:06 GMT,V6.2 BLOCK - final pressure/veto/active/timing gate failed or signal already used
2026-09-05,02:54:06 GMT,SENTINEL V6 MULTI-WINDOW SCAN >>>
2026-09-05,02:54:06 GMT,V6.2 DIAG | 4 0 6 -0.35 0.05714285714285715 0.35 -0.13333333333333333 -0.15000000000000002 -0.35000000000000003 0.05000000000000002 4 4 1 1 0 0 2 0
2026-09-05,02:53:46 GMT,V6.2 BLOCK - final pressure/veto/active/timing gate failed or signal already used
2026-09-05,02:53:46 GMT,SENTINEL V6 MULTI-WINDOW SCAN >>>
2026-09-05,02:53:46 GMT,V6.2 DIAG | 7 0 6 -0.5 0.02857142857142857 0.49999999999999994 -0.06666666666666665 0.65 -0.35000000000000003 -0.20000000000000004 3 5 1 1 0 0 2 0
2026-09-05,02:53:46 GMT,V6.2 BLOCK - final pressure/veto/active/timing gate failed or signal already used
2026-09-05,02:53:46 GMT,SENTINEL V6 MULTI-WINDOW SCAN >>>
2026-09-05,02:53:46 GMT,V6.2 DIAG | 4 0 6 -0.4 0.05714285714285715 0.39999999999999997 -0.13333333333333333 0.15000000000000002 -0.35000000000000003 -0.20000000000000004 3 5 1 1 0 0 2 0
2026-09-05,02:53:46 GMT,V6.2 BLOCK - final pressure/veto/active/timing gate failed or signal already used
2026-09-05,02:53:46 GMT,SENTINEL V6 MULTI-WINDOW SCAN >>>
2026-09-05,02:53:46 GMT,V6.2 DIAG | 0 0 2 -0.4 0 0.39999999999999997 0 0.15000000000000002 0.45 -0.20000000000000004 2 6 1 1 0 0 2 0
2026-09-05,02:53:46 GMT,V6.2 BLOCK - final pressure/veto/active/timing gate failed or signal already used
2026-09-05,02:53:46 GMT,SENTINEL V6 MULTI-WINDOW SCAN >>>
2026-09-05,02:53:46 GMT,V6.2 DIAG | 9 0 2 -0.4 -0.05714285714285715 0.39999999999999997 0.13333333333333333 0.9500000000000001 0.45 -0.20000000000000004 2 6 1 1 0 0 2 0
2026-09-05,02:53:46 GMT,V6.2 BLOCK - final pressure/veto/active/timing gate failed or signal already used
2026-09-05,02:53:46 GMT,SENTINEL V6 MULTI-WINDOW SCAN >>>
2026-09-05,02:53:46 GMT,V6.2 DIAG | 7 0 2 -0.25 -0.08571428571428572 0.25 0.2 0.9500000000000001 0.4 0.1 3 5 1 1 0 0 2 0
2026-09-05,02:53:46 GMT,V6.2 BLOCK - final pressure/veto/active/timing gate failed or signal already used
2026-09-05,02:53:46 GMT,SENTINEL V6 MULTI-WINDOW SCAN >>>
2026-09-05,02:53:46 GMT,V6.2 DIAG | 2 0 2 -0.15000000000000002 -0.11428571428571428 0.15000000000000002 0.26666666666666666 0.45 0.4 0.9 4 4 1 1 0 0 2 0
2026-09-05,02:53:46 GMT,V6.2 BLOCK - final pressure/veto/active/timing gate failed or signal already used
2026-09-05,02:53:46 GMT,SENTINEL V6 MULTI-WINDOW SCAN >>>
2026-09-05,02:53:46 GMT,V6.2 DIAG | 8 0 2 -0.15000000000000002 -0.11428571428571428 0.15000000000000002 0.26666666666666666 0.45 0.4 0.9 4 4 1 1 0 0 2 0
2026-09-05,02:53:46 GMT,V6.2 BLOCK - final pressure/veto/active/timing gate failed or signal already used
2026-09-05,02:53:46 GMT,SENTINEL V6 MULTI-WINDOW SCAN >>>
2026-09-05,02:53:46 GMT,V6.2 DIAG | 7 0 5 -0.050000000000000044 -0.08571428571428572 0.04999999999999999 0.2 0.45 -0.1 0.9 5 3 0 1 0 0 2 0
2026-09-05,02:53:46 GMT,V6.2 BLOCK - final pressure/veto/active/timing gate failed or signal already used
2026-09-05,02:53:46 GMT,SENTINEL V6 MULTI-WINDOW SCAN >>>
2026-09-05,02:53:46 GMT,V6.2 DIAG | 9 0 8 0.050000000000000044 -0.057142857142857134 -0.04999999999999999 0.13333333333333333 -0.05 -0.1 0.9 6 2 0 1 0 0 2 0
2026-09-05,02:53:46 GMT,V6.2 BLOCK - final pressure/veto/active/timing gate failed or signal already used
2026-09-05,02:53:46 GMT,SENTINEL V6 MULTI-WINDOW SCAN >>>
2026-09-05,02:53:46 GMT,V6.2 DIAG | 9 0 8 0.20000000000000007 -0.028571428571428567 -0.19999999999999998 0.06666666666666667 -0.05 -0.1 0.35000000000000003 7 1 0 0 0 0 2 0
2026-09-05,02:53:46 GMT,V6.2 BLOCK - final pressure/veto/active/timing gate failed or signal already used
2026-09-05,02:53:46 GMT,SENTINEL V6 MULTI-WINDOW SCAN >>>
2026-09-05,02:53:46 GMT,V6.2 DIAG | 0 0 12 0.15000000000000002 0.028571428571428567 -0.15 -0.06666666666666667 -0.30000000000000004 -0.1 -0.15 8 0 0 0 1 0 2 1
2026-09-05,02:53:46 GMT,V6.2 BLOCK - final pressure/veto/active/timing gate failed or signal already used
2026-09-05,02:53:46 GMT,SENTINEL V6 MULTI-WINDOW SCAN >>>
2026-09-05,02:53:46 GMT,V6.2 DIAG | 4 0 12 0.15000000000000002 0.028571428571428567 -0.15 -0.06666666666666667 -0.30000000000000004 -0.1 -0.15 8 0 0 0 1 0 2 0
2026-09-05,02:53:46 GMT,V6.2 BLOCK - final pressure/veto/active/timing gate failed or signal already used
2026-09-05,02:53:46 GMT,SENTINEL V6 MULTI-WINDOW SCAN >>>
2026-09-05,02:53:46 GMT,V6.2 DIAG | 3 0 12 0.15000000000000002 0.028571428571428567 -0.15 -0.06666666666666667 -0.30000000000000004 -0.1 -0.15 7 1 0 0 1 0 2 0
2026-09-05,02:53:46 GMT,V6.2 BLOCK - final pressure/veto/active/timing gate failed or signal already used
2026-09-05,02:53:46 GMT,SENTINEL V6 MULTI-WINDOW SCAN >>>
2026-09-05,02:53:46 GMT,V6.2 DIAG | 6 0 12 0.20000000000000007 0.028571428571428567 -0.19999999999999998 -0.06666666666666667 -0.30000000000000004 -0.1 -0.2 7 1 0 0 1 0 2 0
2026-09-05,02:53:46 GMT,V6.2 BLOCK - final pressure/veto/active/timing gate failed or signal already used
2026-09-05,02:53:46 GMT,SENTINEL V6 MULTI-WINDOW SCAN >>>
2026-09-05,02:53:46 GMT,V6.2 DIAG | 1 0 12 0.25 0.028571428571428567 -0.24999999999999997 -0.06666666666666667 -0.30000000000000004 -0.1 -0.25 7 1 0 0 1 0 2 0
2026-09-05,02:53:46 GMT,V6.2 BLOCK - final pressure/veto/active/timing gate failed or signal already used
2026-09-05,02:53:46 GMT,SENTINEL V6 MULTI-WINDOW SCAN >>>
2026-09-05,02:53:46 GMT,V6.2 DIAG | 0 0 8 0.25 -0.028571428571428567 -0.24999999999999997 0.06666666666666667 0.5 -0.1 -0.25 7 1 0 0 0 0 2 0
2026-09-05,02:53:46 GMT,V6.2 BLOCK - final pressure/veto/active/timing gate failed or signal already used
2026-09-05,02:53:46 GMT,SENTINEL V6 MULTI-WINDOW SCAN >>>
2026-09-05,02:53:46 GMT,V6.2 DIAG | 5 0 8 0.25 -0.028571428571428567 -0.24999999999999997 0.06666666666666667 0.5 -0.1 -0.25 7 1 0 0 0 0 2 0
2026-09-05,02:53:46 GMT,V6.2 BLOCK - final pressure/veto/active/timing gate failed or signal already used
2026-09-05,02:53:46 GMT,SENTINEL V6 MULTI-WINDOW SCAN >>>
2026-09-05,02:53:46 GMT,V6.2 DIAG | 0 0 8 0.10000000000000009 0 -0.09999999999999998 0 0.5 -0.1 -0.5 7 1 0 0 0 0 2 0
2026-09-05,02:53:46 GMT,V6.2 BLOCK - final pressure/veto/active/timing gate failed or signal already used
2026-09-05,02:53:46 GMT,SENTINEL V6 MULTI-WINDOW SCAN >>>
2026-09-05,02:53:46 GMT,V6.2 DIAG | 0 0 9 -0.050000000000000044 0.028571428571428567 0.04999999999999999 -0.06666666666666667 0.5 -0.1 -0.75 7 1 0 1 0 0 2 0
2026-09-05,02:53:46 GMT,V6.2 BLOCK - final pressure/veto/active/timing gate failed or signal already used
2026-09-05,02:53:46 GMT,SENTINEL V6 MULTI-WINDOW SCAN >>>
2026-09-05,02:53:46 GMT,V6.2 DIAG | 7 0 9 -0.20000000000000007 0.05714285714285714 0.2 -0.13333333333333336 0.5 -0.35000000000000003 -0.75 6 2 0 1 0 0 2 0
2026-09-05,02:53:25 GMT,V6.2 BLOCK - final pressure/veto/active/timing gate failed or signal already used
2026-09-05,02:53:25 GMT,SENTINEL V6 MULTI-WINDOW SCAN >>>
2026-09-05,02:53:25 GMT,V6.2 DIAG | 5 0 10 -0.10000000000000009 0.08571428571428572 0.09999999999999998 -0.2 0 -0.35000000000000003 -0.75 6 2 0 1 0 0 2 0
2026-09-05,02:53:25 GMT,V6.2 BLOCK - final pressure/veto/active/timing gate failed or signal already used
2026-09-05,02:53:25 GMT,SENTINEL V6 MULTI-WINDOW SCAN >>>
2026-09-05,02:53:25 GMT,V6.2 DIAG | 5 0 10 -0.10000000000000009 0.08571428571428572 0.09999999999999998 -0.2 0 -0.35000000000000003 -0.75 5 3 1 1 0 0 2 0
2026-09-05,02:53:25 GMT,V6.2 BLOCK - final pressure/veto/active/timing gate failed or signal already used
2026-09-05,02:53:25 GMT,SENTINEL V6 MULTI-WINDOW SCAN >>>
2026-09-05,02:53:25 GMT,V6.2 DIAG | 6 0 9 -0.10000000000000009 0.028571428571428567 0.09999999999999998 -0.06666666666666667 0 -0.35000000000000003 0.05000000000000002 5 3 1 1 0 0 2 0
2026-09-05,02:53:24 GMT,V6.2 BLOCK - final pressure/veto/active/timing gate failed or signal already used
2026-09-05,02:53:24 GMT,SENTINEL V6 MULTI-WINDOW SCAN >>>
2026-09-05,02:53:24 GMT,V6.2 DIAG | 0 0 6 -0.10000000000000009 -0.028571428571428567 0.09999999999999998 0.06666666666666667 0 -0.35000000000000003 0.8500000000000001 5 3 1 1 0 0 2 0
2026-09-05,02:53:24 GMT,V6.2 BLOCK - final pressure/veto/active/timing gate failed or signal already used
2026-09-05,02:53:24 GMT,SENTINEL V6 MULTI-WINDOW SCAN >>>
2026-09-05,02:53:24 GMT,V6.2 DIAG | 5 0 5 -0.25 -0.05714285714285714 0.25 0.13333333333333336 0 0.2 0.8500000000000001 5 3 1 1 0 0 2 0
2026-09-05,02:53:24 GMT,V6.2 BLOCK - final pressure/veto/active/timing gate failed or signal already used
2026-09-05,02:53:24 GMT,SENTINEL V6 MULTI-WINDOW SCAN >>>
2026-09-05,02:53:24 GMT,V6.2 DIAG | 6 0 5 -0.20000000000000007 -0.05714285714285714 0.2 0.13333333333333336 0 0.15000000000000002 0.8500000000000001 5 3 1 1 0 0 2 0
2026-09-05,02:53:24 GMT,V6.2 BLOCK - final pressure/veto/active/timing gate failed or signal already used
2026-09-05,02:53:24 GMT,SENTINEL V6 MULTI-WINDOW SCAN >>>
2026-09-05,02:53:24 GMT,V6.2 DIAG | 9 0 2 -0.15000000000000002 -0.05714285714285714 0.15000000000000002 0.13333333333333336 0 0.15000000000000002 0.8 4 4 2 1 0 0 2 0
2026-09-05,02:53:24 GMT,V6.2 BLOCK - final pressure/veto/active/timing gate failed or signal already used
2026-09-05,02:53:24 GMT,SENTINEL V6 MULTI-WINDOW SCAN >>>
2026-09-05,02:53:24 GMT,V6.2 DIAG | 9 0 4 -0.050000000000000044 -0.028571428571428567 0.04999999999999999 0.06666666666666667 0 0.15000000000000002 0.30000000000000004 5 3 2 1 0 0 2 0
2026-09-05,02:53:24 GMT,V6.2 BLOCK - final pressure/veto/active/timing gate failed or signal already used
2026-09-05,02:53:24 GMT,SENTINEL V6 MULTI-WINDOW SCAN >>>
2026-09-05,02:53:24 GMT,V6.2 DIAG | 8 0 7 0.10000000000000009 0 -0.09999999999999998 0 -0.05 0.15000000000000002 -0.2 6 2 2 1 0 0 2 0
2026-09-05,02:53:24 GMT,V6.2 BLOCK - final pressure/veto/active/timing gate failed or signal already used
2026-09-05,02:53:24 GMT,SENTINEL V6 MULTI-WINDOW SCAN >>>
2026-09-05,02:53:24 GMT,V6.2 DIAG | 5 0 8 0.050000000000000044 0 -0.04999999999999999 0 -0.05 0.45 -0.45 7 1 1 1 0 0 2 0
2026-09-05,02:53:24 GMT,V6.2 BLOCK - final pressure/veto/active/timing gate failed or signal already used
2026-09-05,02:53:24 GMT,SENTINEL V6 MULTI-WINDOW SCAN >>>
2026-09-05,02:53:24 GMT,V6.2 DIAG | 5 0 8 0.050000000000000044 0 -0.04999999999999999 0 -0.05 0.45 -0.45 7 1 1 1 0 0 2 0
2026-09-05,02:53:24 GMT,V6.2 BLOCK - final pressure/veto/active/timing gate failed or signal already used
2026-09-05,02:53:24 GMT,SENTINEL V6 MULTI-WINDOW SCAN >>>
2026-09-05,02:53:24 GMT,V6.2 DIAG | 4 0 8 0.050000000000000044 0 -0.04999999999999999 0 -0.05 0.45 -0.45 6 2 1 1 0 0 2 0
2026-09-05,02:53:24 GMT,V6.2 BLOCK - final pressure/veto/active/timing gate failed or signal already used
2026-09-05,02:53:24 GMT,SENTINEL V6 MULTI-WINDOW SCAN >>>
2026-09-05,02:53:24 GMT,V6.2 DIAG | 6 0 8 0.10000000000000009 0 -0.09999999999999998 0 -0.05 0.4 -0.45 6 2 1 1 0 0 2 0
2026-09-05,02:53:24 GMT,V6.2 BLOCK - final pressure/veto/active/timing gate failed or signal already used
2026-09-05,02:53:24 GMT,SENTINEL V6 MULTI-WINDOW SCAN >>>
2026-09-05,02:53:24 GMT,V6.2 DIAG | 8 0 9 -0.050000000000000044 0.028571428571428567 0.04999999999999999 -0.06666666666666667 -0.05 0.4 -0.7000000000000001 6 2 1 1 0 0 2 0
2026-09-05,02:53:24 GMT,V6.2 BLOCK - final pressure/veto/active/timing gate failed or signal already used
2026-09-05,02:53:24 GMT,SENTINEL V6 MULTI-WINDOW SCAN >>>
2026-09-05,02:53:24 GMT,V6.2 DIAG | 2 0 10 -0.050000000000000044 0.028571428571428567 0.04999999999999999 -0.06666666666666667 -0.05 -0.15 -0.15000000000000002 7 1 0 1 0 0 2 0
2026-09-05,02:53:24 GMT,V6.2 BLOCK - final pressure/veto/active/timing gate failed or signal already used
2026-09-05,02:53:24 GMT,SENTINEL V6 MULTI-WINDOW SCAN >>>
2026-09-05,02:53:24 GMT,V6.2 DIAG | 4 0 10 -0.050000000000000044 0.028571428571428567 0.04999999999999999 -0.06666666666666667 -0.05 -0.15 -0.15000000000000002 6 2 0 1 0 0 2 0
2026-09-05,02:53:24 GMT,V6.2 BLOCK - final pressure/veto/active/timing gate failed or signal already used
2026-09-05,02:53:24 GMT,SENTINEL V6 MULTI-WINDOW SCAN >>>
2026-09-05,02:53:24 GMT,V6.2 DIAG | 1 0 10 -0.050000000000000044 0.028571428571428567 0.04999999999999999 -0.06666666666666667 -0.05 -0.15 -0.15000000000000002 5 3 0 1 0 0 2 0
2026-09-05,02:53:24 GMT,V6.2 BLOCK - final pressure/veto/active/timing gate failed or signal already used
2026-09-05,02:53:24 GMT,SENTINEL V6 MULTI-WINDOW SCAN >>>
2026-09-05,02:53:24 GMT,V6.2 DIAG | 4 0 10 0 0.028571428571428567 0 -0.06666666666666667 -0.05 -0.15 -0.20000000000000004 5 3 0 0 0 0 2 0
2026-09-05,02:53:24 GMT,V6.2 BLOCK - final pressure/veto/active/timing gate failed or signal already used
2026-09-05,02:53:24 GMT,SENTINEL V6 MULTI-WINDOW SCAN >>>
2026-09-05,02:53:24 GMT,V6.2 DIAG | 9 0 6 0 -0.028571428571428567 0 0.06666666666666667 -0.05 -0.15 0.6 5 3 0 1 0 0 2 0
2026-09-05,02:53:24 GMT,V6.2 BLOCK - final pressure/veto/active/timing gate failed or signal already used
2026-09-05,02:53:24 GMT,SENTINEL V6 MULTI-WINDOW SCAN >>>
2026-09-05,02:53:24 GMT,V6.2 DIAG | 4 0 8 0.10000000000000009 -0.057142857142857134 -0.09999999999999998 0.13333333333333333 -0.05 -0.15 0.9 6 2 0 0 0 0 2 0
2026-09-05,02:53:24 GMT,V6.2 BLOCK - final pressure/veto/active/timing gate failed or signal already used
2026-09-05,02:53:24 GMT,SENTINEL V6 MULTI-WINDOW SCAN >>>
2026-09-05,02:53:24 GMT,V6.2 DIAG | 3 0 8 0.15000000000000002 -0.057142857142857134 -0.14999999999999997 0.13333333333333333 -0.05 -0.2 0.9 6 2 0 0 0 0 2 0
2026-09-05,02:53:24 GMT,V6.2 BLOCK - final pressure/veto/active/timing gate failed or signal already used
2026-09-05,02:53:24 GMT,SENTINEL V6 MULTI-WINDOW SCAN >>>
2026-09-05,02:53:24 GMT,V6.2 DIAG | 6 0 8 0.15000000000000002 -0.057142857142857134 -0.14999999999999997 0.13333333333333333 -0.05 -0.2 0.9 6 2 0 0 0 0 2 0
2026-09-05,02:53:05 GMT,V6.2 BLOCK - final pressure/veto/active/timing gate failed or signal already used
2026-09-05,02:53:05 GMT,SENTINEL V6 MULTI-WINDOW SCAN >>>
2026-09-05,02:53:05 GMT,V6.2 DIAG | 9 0 8 0.15000000000000002 -0.057142857142857134 -0.14999999999999997 0.13333333333333333 -0.05 -0.2 0.9 6 2 0 1 0 0 2 0
2026-09-05,02:53:05 GMT,V6.2 BLOCK - final pressure/veto/active/timing gate failed or signal already used
2026-09-05,02:53:05 GMT,SENTINEL V6 MULTI-WINDOW SCAN >>>
2026-09-05,02:53:05 GMT,V6.2 DIAG | 9 0 8 0.25 -0.028571428571428567 -0.24999999999999997 0.06666666666666667 -0.05 -0.2 0.4 7 1 0 1 0 0 2 0
2026-09-05,02:53:05 GMT,V6.2 BLOCK - final pressure/veto/active/timing gate failed or signal already used
2026-09-05,02:53:05 GMT,SENTINEL V6 MULTI-WINDOW SCAN >>>
2026-09-05,02:53:05 GMT,V6.2 DIAG | 1 0 9 0.35 0 -0.35 0 -0.05 -0.2 -0.1 8 0 0 0 0 0 2 0
2026-09-05,02:53:04 GMT,V6.2 BLOCK - final pressure/veto/active/timing gate failed or signal already used
2026-09-05,02:53:04 GMT,SENTINEL V6 MULTI-WINDOW SCAN >>>
2026-09-05,02:53:04 GMT,V6.2 DIAG | 2 0 12 0.20000000000000007 0.028571428571428567 -0.19999999999999998 -0.06666666666666667 -0.05 -0.45 -0.1 8 0 0 0 0 0 2 0
2026-09-05,02:53:04 GMT,V6.2 BLOCK - final pressure/veto/active/timing gate failed or signal already used
2026-09-05,02:53:04 GMT,SENTINEL V6 MULTI-WINDOW SCAN >>>
2026-09-05,02:53:04 GMT,V6.2 DIAG | 6 0 12 0.10000000000000009 0.057142857142857134 -0.09999999999999998 -0.13333333333333333 -0.05 -0.45 -0.4 8 0 0 0 1 0 2 0
2026-09-05,02:53:04 GMT,V6.2 BLOCK - final pressure/veto/active/timing gate failed or signal already used
2026-09-05,02:53:04 GMT,SENTINEL V6 MULTI-WINDOW SCAN >>>
2026-09-05,02:53:04 GMT,V6.2 DIAG | 3 0 12 0.15000000000000002 0.057142857142857134 -0.14999999999999997 -0.13333333333333333 -0.05 -0.45 -0.45 7 1 1 0 0 0 2 0
2026-09-05,02:53:04 GMT,V6.2 BLOCK - final pressure/veto/active/timing gate failed or signal already used
2026-09-05,02:53:04 GMT,SENTINEL V6 MULTI-WINDOW SCAN >>>
2026-09-05,02:53:04 GMT,V6.2 DIAG | 5 0 10 0 0.08571428571428572 0 -0.2 -0.30000000000000004 -0.45 -0.45 6 2 1 0 0 0 2 0
2026-09-05,02:53:04 GMT,V6.2 BLOCK - final pressure/veto/active/timing gate failed or signal already used
2026-09-05,02:53:04 GMT,SENTINEL V6 MULTI-WINDOW SCAN >>>
2026-09-05,02:53:04 GMT,V6.2 DIAG | 5 0 11 0.04999999999999993 0.08571428571428572 -0.04999999999999999 -0.2 -0.30000000000000004 -0.45 -0.5 6 2 1 1 0 0 2 0
2026-09-05,02:53:04 GMT,V6.2 BLOCK - final pressure/veto/active/timing gate failed or signal already used
2026-09-05,02:53:04 GMT,SENTINEL V6 MULTI-WINDOW SCAN >>>
2026-09-05,02:53:04 GMT,V6.2 DIAG | 1 0 11 0.09999999999999998 0.028571428571428567 -0.10000000000000003 -0.06666666666666667 -0.35000000000000003 0.35000000000000003 -0.5 5 3 1 1 1 0 2 0
2026-09-05,02:53:04 GMT,V6.2 BLOCK - final pressure/veto/active/timing gate failed or signal already used
2026-09-05,02:53:04 GMT,SENTINEL V6 MULTI-WINDOW SCAN >>>
2026-09-05,02:53:04 GMT,V6.2 DIAG | 1 0 7 0.1499999999999999 -0.028571428571428567 -0.15000000000000002 0.06666666666666667 -0.35000000000000003 0.35000000000000003 0.25 5 3 1 1 0 0 2 0
2026-09-05,02:53:04 GMT,V6.2 BLOCK - final pressure/veto/active/timing gate failed or signal already used
2026-09-05,02:53:04 GMT,SENTINEL V6 MULTI-WINDOW SCAN >>>
2026-09-05,02:53:04 GMT,V6.2 DIAG | 4 0 5 0 0 0 0 -0.35000000000000003 0.1 0.25 5 3 1 0 0 0 2 0
2026-09-05,02:53:04 GMT,V6.2 BLOCK - final pressure/veto/active/timing gate failed or signal already used
2026-09-05,02:53:04 GMT,SENTINEL V6 MULTI-WINDOW SCAN >>>
2026-09-05,02:53:04 GMT,V6.2 DIAG | 0 0 4 0 -0.05714285714285714 0 0.13333333333333336 0.45 0.1 0.25 5 3 1 1 0 0 2 0
2026-09-05,02:53:04 GMT,V6.2 BLOCK - final pressure/veto/active/timing gate failed or signal already used
2026-09-05,02:53:04 GMT,SENTINEL V6 MULTI-WINDOW SCAN >>>
2026-09-05,02:53:04 GMT,V6.2 DIAG | 8 0 2 -0.15000000000000002 -0.028571428571428574 0.15000000000000002 0.06666666666666668 0.45 -0.15000000000000002 0.25 4 4 2 1 0 0 2 0
2026-09-05,02:53:04 GMT,V6.2 BLOCK - final pressure/veto/active/timing gate failed or signal already used
2026-09-05,02:53:04 GMT,SENTINEL V6 MULTI-WINDOW SCAN >>>
2026-09-05,02:53:04 GMT,V6.2 DIAG | 9 0 5 -0.050000000000000044 0 0.050000000000000044 0 0.45 -0.65 0.25 5 3 1 1 0 0 2 0
2026-09-05,02:53:04 GMT,V6.2 BLOCK - final pressure/veto/active/timing gate failed or signal already used
2026-09-05,02:53:04 GMT,SENTINEL V6 MULTI-WINDOW SCAN >>>
2026-09-05,02:53:04 GMT,V6.2 DIAG | 2 0 10 0.09999999999999998 0.028571428571428567 -0.10000000000000003 -0.06666666666666667 0.4 -0.65 -0.25 5 3 2 0 1 0 2 0
2026-09-05,02:53:04 GMT,V6.2 BLOCK - final pressure/veto/active/timing gate failed or signal already used
2026-09-05,02:53:04 GMT,SENTINEL V6 MULTI-WINDOW SCAN >>>
2026-09-05,02:53:04 GMT,V6.2 DIAG | 7 0 4 -0.050000000000000044 0 0.050000000000000044 0 0.4 0.15000000000000002 -0.5 5 3 2 1 0 0 2 0
2026-09-05,02:53:04 GMT,V6.2 BLOCK - final pressure/veto/active/timing gate failed or signal already used
2026-09-05,02:53:04 GMT,SENTINEL V6 MULTI-WINDOW SCAN >>>
2026-09-05,02:53:04 GMT,V6.2 DIAG | 0 0 10 0.09999999999999998 0.028571428571428567 -0.10000000000000003 -0.06666666666666667 -0.1 0.1 -0.5 6 2 2 0 1 0 2 0
2026-09-05,02:53:04 GMT,V6.2 BLOCK - final pressure/veto/active/timing gate failed or signal already used
2026-09-05,02:53:04 GMT,SENTINEL V6 MULTI-WINDOW SCAN >>>
2026-09-05,02:53:04 GMT,V6.2 DIAG | 1 0 7 0.09999999999999998 -0.028571428571428567 -0.10000000000000003 0.06666666666666667 -0.1 0.9 -0.5 5 3 2 1 0 0 2 0
2026-09-05,02:53:04 GMT,V6.2 BLOCK - final pressure/veto/active/timing gate failed or signal already used
2026-09-05,02:53:04 GMT,SENTINEL V6 MULTI-WINDOW SCAN >>>
2026-09-05,02:53:04 GMT,V6.2 DIAG | 4 0 5 -0.050000000000000044 0 0.050000000000000044 0 -0.1 0.65 -0.5 5 3 2 1 0 0 2 0
2026-09-05,02:53:04 GMT,V6.2 BLOCK - final pressure/veto/active/timing gate failed or signal already used
2026-09-05,02:53:04 GMT,SENTINEL V6 MULTI-WINDOW SCAN >>>
2026-09-05,02:53:04 GMT,V6.2 DIAG | 8 0 5 -0.050000000000000044 0 0.050000000000000044 0 -0.1 0.65 -0.5 5 3 2 1 0 0 2 0
2026-09-05,02:52:42 GMT,V6.2 BLOCK - final pressure/veto/active/timing gate failed or signal already used
2026-09-05,02:52:42 GMT,SENTINEL V6 MULTI-WINDOW SCAN >>>
2026-09-05,02:52:42 GMT,V6.2 DIAG | 6 0 6 0.09999999999999998 -0.028571428571428567 -0.10000000000000003 0.06666666666666667 -0.1 0.15000000000000002 0.25 5 3 2 1 0 0 2 0
2026-09-05,02:52:42 GMT,V6.2 BLOCK - final pressure/veto/active/timing gate failed or signal already used
2026-09-05,02:52:42 GMT,SENTINEL V6 MULTI-WINDOW SCAN >>>
2026-09-05,02:52:42 GMT,V6.2 DIAG | 8 0 6 0.09999999999999998 -0.028571428571428567 -0.10000000000000003 0.06666666666666667 -0.1 0.15000000000000002 0.25 5 3 2 1 0 0 2 0
2026-09-05,02:52:42 GMT,V6.2 BLOCK - final pressure/veto/active/timing gate failed or signal already used
2026-09-05,02:52:42 GMT,SENTINEL V6 MULTI-WINDOW SCAN >>>
2026-09-05,02:52:42 GMT,V6.2 DIAG | 4 0 8 0.25 0 -0.25 0 -0.15 -0.35000000000000003 0.25 6 2 1 0 0 0 2 0
2026-09-05,02:52:42 GMT,V6.2 BLOCK - final pressure/veto/active/timing gate failed or signal already used
2026-09-05,02:52:42 GMT,SENTINEL V6 MULTI-WINDOW SCAN >>>
2026-09-05,02:52:42 GMT,V6.2 DIAG | 5 0 7 0.30000000000000004 -0.057142857142857134 -0.3 0.13333333333333333 -0.15 0.45 0.20000000000000004 6 2 1 1 0 0 2 0
2026-09-05,02:52:42 GMT,V6.2 BLOCK - final pressure/veto/active/timing gate failed or signal already used
2026-09-05,02:52:42 GMT,SENTINEL V6 MULTI-WINDOW SCAN >>>
2026-09-05,02:52:42 GMT,V6.2 DIAG | 9 0 8 0.19999999999999996 -0.028571428571428567 -0.2 0.06666666666666667 -0.15 0.4 -0.04999999999999999 6 2 1 1 0 0 2 0
2026-09-05,02:52:42 GMT,V6.2 BLOCK - final pressure/veto/active/timing gate failed or signal already used
2026-09-05,02:52:42 GMT,SENTINEL V6 MULTI-WINDOW SCAN >>>
2026-09-05,02:52:42 GMT,V6.2 DIAG | 5 0 11 0.19999999999999996 0.028571428571428567 -0.2 -0.06666666666666667 -0.15 0.35000000000000003 -0.8 7 1 1 1 1 0 2 0
2026-09-05,02:52:42 GMT,V6.2 BLOCK - final pressure/veto/active/timing gate failed or signal already used
2026-09-05,02:52:42 GMT,SENTINEL V6 MULTI-WINDOW SCAN >>>
2026-09-05,02:52:42 GMT,V6.2 DIAG | 0 0 11 0.24999999999999994 0.028571428571428567 -0.25000000000000006 -0.06666666666666667 -0.15 0.35000000000000003 -0.8500000000000001 6 2 1 1 0 0 2 0
2026-09-05,02:52:42 GMT,V6.2 BLOCK - final pressure/veto/active/timing gate failed or signal already used
2026-09-05,02:52:42 GMT,SENTINEL V6 MULTI-WINDOW SCAN >>>
2026-09-05,02:52:42 GMT,V6.2 DIAG | 8 0 11 0.14999999999999997 0.05714285714285714 -0.15000000000000002 -0.13333333333333336 -0.15 0.35000000000000003 -1.15 5 3 1 1 0 0 2 0
2026-09-05,02:52:41 GMT,V6.2 BLOCK - final pressure/veto/active/timing gate failed or signal already used
2026-09-05,02:52:41 GMT,SENTINEL V6 MULTI-WINDOW SCAN >>>
2026-09-05,02:52:41 GMT,V6.2 DIAG | 5 0 12 0.09999999999999998 0.11428571428571428 -0.09999999999999998 -0.26666666666666666 -0.4 -0.15 -1.15 6 2 0 0 1 0 2 0
2026-09-05,02:52:41 GMT,V6.2 BLOCK - final pressure/veto/active/timing gate failed or signal already used
2026-09-05,02:52:41 GMT,SENTINEL V6 MULTI-WINDOW SCAN >>>
2026-09-05,02:52:41 GMT,V6.2 DIAG | 4 0 10 -0.050000000000000044 0.08571428571428572 0.04999999999999999 -0.2 -0.4 -0.15 -0.5999999999999999 5 3 0 1 0 0 2 0
2026-09-05,02:52:41 GMT,V6.2 BLOCK - final pressure/veto/active/timing gate failed or signal already used
2026-09-05,02:52:41 GMT,SENTINEL V6 MULTI-WINDOW SCAN >>>
2026-09-05,02:52:41 GMT,V6.2 DIAG | 1 0 7 -0.050000000000000044 0.028571428571428574 0.04999999999999999 -0.06666666666666668 -0.4 -0.15 0.2 4 4 0 1 0 0 2 0
2026-09-05,02:52:41 GMT,V6.2 BLOCK - final pressure/veto/active/timing gate failed or signal already used
2026-09-05,02:52:41 GMT,SENTINEL V6 MULTI-WINDOW SCAN >>>
2026-09-05,02:52:41 GMT,V6.2 DIAG | 5 0 7 -0.050000000000000044 0.028571428571428574 0.04999999999999999 -0.06666666666666668 -0.4 -0.15 0.2 3 5 0 1 0 0 2 0
2026-09-05,02:52:41 GMT,V6.2 BLOCK - final pressure/veto/active/timing gate failed or signal already used
2026-09-05,02:52:41 GMT,SENTINEL V6 MULTI-WINDOW SCAN >>>
2026-09-05,02:52:41 GMT,V6.2 DIAG | 4 0 4 -0.050000000000000044 -0.028571428571428574 0.04999999999999999 0.06666666666666668 -0.4 -0.15 1 3 5 0 1 0 0 2 0
2026-09-05,02:52:41 GMT,V6.2 BLOCK - final pressure/veto/active/timing gate failed or signal already used
2026-09-05,02:52:41 GMT,SENTINEL V6 MULTI-WINDOW SCAN >>>
2026-09-05,02:52:41 GMT,V6.2 DIAG | 9 0 3 -0.050000000000000044 -0.08571428571428572 0.04999999999999999 0.2 0.4 -0.15 1 3 5 0 1 0 0 2 0
2026-09-05,02:52:41 GMT,V6.2 BLOCK - final pressure/veto/active/timing gate failed or signal already used
2026-09-05,02:52:41 GMT,SENTINEL V6 MULTI-WINDOW SCAN >>>
2026-09-05,02:52:41 GMT,V6.2 DIAG | 9 0 3 -0.09999999999999998 -0.08571428571428572 0.09999999999999998 0.2 0.15000000000000002 -0.15 1.2999999999999998 4 4 0 1 0 0 2 0
2026-09-05,02:52:41 GMT,V6.2 BLOCK - final pressure/veto/active/timing gate failed or signal already used
2026-09-05,02:52:41 GMT,SENTINEL V6 MULTI-WINDOW SCAN >>>
2026-09-05,02:52:41 GMT,V6.2 DIAG | 0 0 5 0 -0.05714285714285714 0 0.13333333333333336 0.15000000000000002 -0.15 0.8 5 3 0 1 0 0 2 0
2026-09-05,02:52:41 GMT,V6.2 BLOCK - final pressure/veto/active/timing gate failed or signal already used
2026-09-05,02:52:41 GMT,SENTINEL V6 MULTI-WINDOW SCAN >>>
2026-09-05,02:52:41 GMT,V6.2 DIAG | 9 0 3 -0.15000000000000002 -0.028571428571428574 0.15000000000000002 0.06666666666666668 0.15000000000000002 -0.4 0.8 4 4 0 1 0 0 2 0
2026-09-05,02:52:41 GMT,V6.2 BLOCK - final pressure/veto/active/timing gate failed or signal already used
2026-09-05,02:52:41 GMT,SENTINEL V6 MULTI-WINDOW SCAN >>>
2026-09-05,02:52:41 GMT,V6.2 DIAG | 7 0 5 -0.050000000000000044 0 0.050000000000000044 0 0.15000000000000002 -0.4 0.30000000000000004 5 3 0 1 0 0 2 0
2026-09-05,02:52:41 GMT,V6.2 BLOCK - final pressure/veto/active/timing gate failed or signal already used
2026-09-05,02:52:41 GMT,SENTINEL V6 MULTI-WINDOW SCAN >>>
2026-09-05,02:52:41 GMT,V6.2 DIAG | 9 0 10 0.04999999999999993 0.028571428571428567 -0.04999999999999999 -0.06666666666666667 -0.35000000000000003 -0.4 0.30000000000000004 5 3 1 1 0 0 2 0
2026-09-05,02:52:41 GMT,V6.2 BLOCK - final pressure/veto/active/timing gate failed or signal already used
2026-09-05,02:52:41 GMT,SENTINEL V6 MULTI-WINDOW SCAN >>>
2026-09-05,02:52:41 GMT,V6.2 DIAG | 0 0 8 0.15000000000000002 0 -0.14999999999999997 0 0.45 -0.4 -0.2 6 2 1 0 0 0 2 0
2026-09-05,02:52:41 GMT,V6.2 BLOCK - final pressure/veto/active/timing gate failed or signal already used
2026-09-05,02:52:41 GMT,SENTINEL V6 MULTI-WINDOW SCAN >>>
2026-09-05,02:52:41 GMT,V6.2 DIAG | 1 0 10 0.04999999999999993 0.028571428571428567 -0.04999999999999999 -0.06666666666666667 0.4 -0.4 -0.45 6 2 1 0 0 0 2 0
2026-09-05,02:52:41 GMT,V6.2 BLOCK - final pressure/veto/active/timing gate failed or signal already used
2026-09-05,02:52:41 GMT,SENTINEL V6 MULTI-WINDOW SCAN >>>
2026-09-05,02:52:41 GMT,V6.2 DIAG | 5 0 6 0.04999999999999993 -0.028571428571428567 -0.04999999999999999 0.06666666666666667 0.4 0.4 -0.45 6 2 1 1 0 0 2 0
2026-09-05,02:52:41 GMT,V6.2 BLOCK - final pressure/veto/active/timing gate failed or signal already used
2026-09-05,02:52:41 GMT,SENTINEL V6 MULTI-WINDOW SCAN >>>
2026-09-05,02:52:41 GMT,V6.2 DIAG | 6 0 5 -0.09999999999999998 0 0.10000000000000003 0 0.15000000000000002 0.4 -0.45 5 3 1 1 0 0 2 0
2026-09-05,02:52:19 GMT,V6.2 BLOCK - final pressure/veto/active/timing gate failed or signal already used
2026-09-05,02:52:19 GMT,SENTINEL V6 MULTI-WINDOW SCAN >>>
2026-09-05,02:52:19 GMT,V6.2 DIAG | 7 0 8 -0.25 0.028571428571428574 0.25 -0.06666666666666668 0.15000000000000002 0.4 -0.7000000000000001 5 3 1 1 0 0 2 0
2026-09-05,02:52:19 GMT,V6.2 BLOCK - final pressure/veto/active/timing gate failed or signal already used
2026-09-05,02:52:19 GMT,SENTINEL V6 MULTI-WINDOW SCAN >>>
2026-09-05,02:52:19 GMT,V6.2 DIAG | 2 0 9 -0.30000000000000004 0.08571428571428572 0.3 -0.2 -0.35000000000000003 0.15000000000000002 -0.7000000000000001 5 3 1 1 0 0 2 0
2026-09-05,02:52:19 GMT,V6.2 BLOCK - final pressure/veto/active/timing gate failed or signal already used
2026-09-05,02:52:19 GMT,SENTINEL V6 MULTI-WINDOW SCAN >>>
2026-09-05,02:52:19 GMT,V6.2 DIAG | 8 0 6 -0.44999999999999996 0.05714285714285715 0.44999999999999996 -0.13333333333333333 -0.35000000000000003 -0.10000000000000003 0.1 4 4 1 1 0 0 2 0
2026-09-05,02:52:19 GMT,V6.2 BLOCK - final pressure/veto/active/timing gate failed or signal already used
2026-09-05,02:52:19 GMT,SENTINEL V6 MULTI-WINDOW SCAN >>>
2026-09-05,02:52:19 GMT,V6.2 DIAG | 5 0 7 -0.44999999999999996 0.11428571428571428 0.44999999999999996 -0.26666666666666666 -0.35000000000000003 -0.65 -0.15000000000000002 4 4 1 1 0 0 2 0
2026-09-05,02:52:19 GMT,V6.2 BLOCK - final pressure/veto/active/timing gate failed or signal already used
2026-09-05,02:52:19 GMT,SENTINEL V6 MULTI-WINDOW SCAN >>>
2026-09-05,02:52:19 GMT,V6.2 DIAG | 5 0 5 -0.55 0.08571428571428572 0.5499999999999999 -0.19999999999999998 0.45 -0.65 -0.4499999999999999 3 5 2 1 0 0 2 0
2026-09-05,02:52:19 GMT,V6.2 BLOCK - final pressure/veto/active/timing gate failed or signal already used
2026-09-05,02:52:19 GMT,SENTINEL V6 MULTI-WINDOW SCAN >>>
2026-09-05,02:52:19 GMT,V6.2 DIAG | 2 0 4 -0.55 0.02857142857142857 0.5499999999999999 -0.06666666666666665 0.45 -0.65 0.35000000000000003 2 6 2 1 0 0 2 0
2026-09-05,02:52:19 GMT,V6.2 BLOCK - final pressure/veto/active/timing gate failed or signal already used
2026-09-05,02:52:19 GMT,SENTINEL V6 MULTI-WINDOW SCAN >>>
2026-09-05,02:52:19 GMT,V6.2 DIAG | 9 0 0 -0.55 -0.02857142857142857 0.5499999999999999 0.06666666666666665 0.45 0.15000000000000002 0.35000000000000003 1 7 2 1 0 0 2 0
2026-09-05,02:52:19 GMT,V6.2 BLOCK - final pressure/veto/active/timing gate failed or signal already used
2026-09-05,02:52:19 GMT,SENTINEL V6 MULTI-WINDOW SCAN >>>
2026-09-05,02:52:19 GMT,V6.2 DIAG | 1 0 1 -0.44999999999999996 -0.05714285714285715 0.44999999999999996 0.13333333333333333 0.45 0.9500000000000001 -0.15000000000000002 2 6 2 1 0 0 2 0
2026-09-05,02:52:19 GMT,V6.2 BLOCK - final pressure/veto/active/timing gate failed or signal already used
2026-09-05,02:52:19 GMT,SENTINEL V6 MULTI-WINDOW SCAN >>>
2026-09-05,02:52:19 GMT,V6.2 DIAG | 7 0 0 -0.44999999999999996 -0.11428571428571428 0.44999999999999996 0.26666666666666666 0.45 0.9500000000000001 0.65 2 6 2 1 0 0 2 0
2026-09-05,02:52:19 GMT,V6.2 BLOCK - final pressure/veto/active/timing gate failed or signal already used
2026-09-05,02:52:19 GMT,SENTINEL V6 MULTI-WINDOW SCAN >>>
2026-09-05,02:52:19 GMT,V6.2 DIAG | 9 0 2 -0.30000000000000004 -0.14285714285714285 0.3 0.3333333333333333 -0.1 0.9500000000000001 1.45 3 5 2 1 0 0 2 0
2026-09-05,02:52:18 GMT,V6.2 BLOCK - final pressure/veto/active/timing gate failed or signal already used
2026-09-05,02:52:18 GMT,SENTINEL V6 MULTI-WINDOW SCAN >>>
2026-09-05,02:52:18 GMT,V6.2 DIAG | 8 0 2 -0.15000000000000002 -0.11428571428571428 0.15000000000000002 0.26666666666666666 -0.1 0.9500000000000001 0.9 4 4 2 1 0 0 2 0
2026-09-05,02:52:18 GMT,V6.2 BLOCK - final pressure/veto/active/timing gate failed or signal already used
2026-09-05,02:52:18 GMT,SENTINEL V6 MULTI-WINDOW SCAN >>>
2026-09-05,02:52:18 GMT,V6.2 DIAG | 8 0 5 -0.050000000000000044 -0.08571428571428572 0.04999999999999999 0.2 -0.1 0.45 0.9 5 3 1 1 0 0 2 0
2026-09-05,02:52:18 GMT,V6.2 BLOCK - final pressure/veto/active/timing gate failed or signal already used
2026-09-05,02:52:18 GMT,SENTINEL V6 MULTI-WINDOW SCAN >>>
2026-09-05,02:52:18 GMT,V6.2 DIAG | 9 0 8 0.050000000000000044 -0.057142857142857134 -0.04999999999999999 0.13333333333333333 -0.1 -0.05 0.9 6 2 0 1 0 0 2 0
2026-09-05,02:52:18 GMT,V6.2 BLOCK - final pressure/veto/active/timing gate failed or signal already used
2026-09-05,02:52:18 GMT,SENTINEL V6 MULTI-WINDOW SCAN >>>
2026-09-05,02:52:18 GMT,V6.2 DIAG | 9 0 8 0.15000000000000002 -0.028571428571428567 -0.15 0.06666666666666667 -0.1 -0.05 0.4 7 1 0 1 0 0 2 0
2026-09-05,02:52:18 GMT,V6.2 BLOCK - final pressure/veto/active/timing gate failed or signal already used
2026-09-05,02:52:18 GMT,SENTINEL V6 MULTI-WINDOW SCAN >>>
2026-09-05,02:52:18 GMT,V6.2 DIAG | 1 0 9 0.25 0 -0.25 0 -0.1 -0.05 -0.1 8 0 0 0 0 0 2 0
2026-09-05,02:52:18 GMT,V6.2 BLOCK - final pressure/veto/active/timing gate failed or signal already used
2026-09-05,02:52:18 GMT,SENTINEL V6 MULTI-WINDOW SCAN >>>
2026-09-05,02:52:18 GMT,V6.2 DIAG | 1 0 9 0.25 0 -0.25 0 -0.1 -0.05 -0.1 8 0 0 0 0 0 2 0
2026-09-05,02:52:18 GMT,V6.2 BLOCK - final pressure/veto/active/timing gate failed or signal already used
2026-09-05,02:52:18 GMT,SENTINEL V6 MULTI-WINDOW SCAN >>>
2026-09-05,02:52:18 GMT,V6.2 DIAG | 3 0 9 0.30000000000000004 0 -0.3 0 -0.1 -0.05 -0.15 8 0 0 0 0 0 2 0
2026-09-05,02:52:18 GMT,V6.2 BLOCK - final pressure/veto/active/timing gate failed or signal already used
2026-09-05,02:52:18 GMT,SENTINEL V6 MULTI-WINDOW SCAN >>>
2026-09-05,02:52:18 GMT,V6.2 DIAG | 1 0 12 0.15000000000000002 0.028571428571428567 -0.15 -0.06666666666666667 -0.35000000000000003 -0.05 -0.15 8 0 0 0 1 0 2 0
2026-09-05,02:52:18 GMT,V6.2 BLOCK - final pressure/veto/active/timing gate failed or signal already used
2026-09-05,02:52:18 GMT,SENTINEL V6 MULTI-WINDOW SCAN >>>
2026-09-05,02:52:18 GMT,V6.2 DIAG | 6 0 12 0.20000000000000007 0.028571428571428567 -0.19999999999999998 -0.06666666666666667 -0.4 -0.05 -0.15 8 0 0 0 1 0 2 0
2026-09-05,02:52:18 GMT,V6.2 BLOCK - final pressure/veto/active/timing gate failed or signal already used
2026-09-05,02:52:18 GMT,SENTINEL V6 MULTI-WINDOW SCAN >>>
2026-09-05,02:52:18 GMT,V6.2 DIAG | 3 0 12 0.20000000000000007 0.028571428571428567 -0.19999999999999998 -0.06666666666666667 -0.4 -0.05 -0.15 7 1 0 0 1 0 2 0
2026-09-05,02:52:18 GMT,V6.2 BLOCK - final pressure/veto/active/timing gate failed or signal already used
2026-09-05,02:52:18 GMT,SENTINEL V6 MULTI-WINDOW SCAN >>>
2026-09-05,02:52:18 GMT,V6.2 DIAG | 2 0 12 0.25 0.028571428571428567 -0.24999999999999997 -0.06666666666666667 -0.4 -0.1 -0.15 7 1 0 0 1 0 2 0
2026-09-05,02:52:18 GMT,V6.2 BLOCK - final pressure/veto/active/timing gate failed or signal already used
2026-09-05,02:52:18 GMT,SENTINEL V6 MULTI-WINDOW SCAN >>>
2026-09-05,02:52:18 GMT,V6.2 DIAG | 4 0 12 0.25 0.028571428571428567 -0.24999999999999997 -0.06666666666666667 -0.4 -0.1 -0.15 7 1 0 1 1 0 2 0
2026-09-05,02:52:18 GMT,V6.2 BLOCK - final pressure/veto/active/timing gate failed or signal already used
2026-09-05,02:52:18 GMT,SENTINEL V6 MULTI-WINDOW SCAN >>>
2026-09-05,02:52:18 GMT,V6.2 DIAG | 6 0 8 0.30000000000000004 -0.028571428571428567 -0.30000000000000004 0.06666666666666667 0.35000000000000003 -0.1 -0.15 7 1 0 0 0 0 2 0
2026-09-05,02:51:58 GMT,V6.2 BLOCK - final pressure/veto/active/timing gate failed or signal already used
2026-09-05,02:51:58 GMT,SENTINEL V6 MULTI-WINDOW SCAN >>>
2026-09-05,02:51:58 GMT,V6.2 DIAG | 0 0 8 0.15000000000000002 0 -0.14999999999999997 0 0.35000000000000003 -0.35000000000000003 -0.15 7 1 0 0 0 0 2 0
2026-09-05,02:51:58 GMT,V6.2 BLOCK - final pressure/veto/active/timing gate failed or signal already used
2026-09-05,02:51:58 GMT,SENTINEL V6 MULTI-WINDOW SCAN >>>
2026-09-05,02:51:58 GMT,V6.2 DIAG | 0 0 9 0 0.028571428571428567 0 -0.06666666666666667 0.35000000000000003 -0.35000000000000003 -0.4 7 1 0 0 0 0 2 0
2026-09-05,02:51:58 GMT,V6.2 BLOCK - final pressure/veto/active/timing gate failed or signal already used
2026-09-05,02:51:58 GMT,SENTINEL V6 MULTI-WINDOW SCAN >>>
2026-09-05,02:51:58 GMT,V6.2 DIAG | 5 0 9 0 0.028571428571428567 0 -0.06666666666666667 0.35000000000000003 -0.35000000000000003 -0.4 6 2 1 0 0 0 2 0
2026-09-05,02:51:58 GMT,V6.2 BLOCK - final pressure/veto/active/timing gate failed or signal already used
2026-09-05,02:51:58 GMT,SENTINEL V6 MULTI-WINDOW SCAN >>>
2026-09-05,02:51:58 GMT,V6.2 DIAG | 7 0 9 0 0.028571428571428567 0 -0.06666666666666667 0.35000000000000003 -0.35000000000000003 -0.4 5 3 1 1 0 0 2 0
2026-09-05,02:51:58 GMT,V6.2 BLOCK - final pressure/veto/active/timing gate failed or signal already used
2026-09-05,02:51:58 GMT,SENTINEL V6 MULTI-WINDOW SCAN >>>
2026-09-05,02:51:58 GMT,V6.2 DIAG | 6 0 12 0.15000000000000002 0.057142857142857134 -0.14999999999999997 -0.13333333333333333 -0.15 -0.4 -0.4 6 2 1 0 1 0 2 0
2026-09-05,02:51:58 GMT,V6.2 BLOCK - final pressure/veto/active/timing gate failed or signal already used
2026-09-05,02:51:58 GMT,SENTINEL V6 MULTI-WINDOW SCAN >>>
2026-09-05,02:51:58 GMT,V6.2 DIAG | 1 0 8 0.15000000000000002 0 -0.14999999999999997 0 -0.15 0.4 -0.4 6 2 1 1 0 0 2 0
2026-09-05,02:51:58 GMT,V6.2 BLOCK - final pressure/veto/active/timing gate failed or signal already used
2026-09-05,02:51:58 GMT,SENTINEL V6 MULTI-WINDOW SCAN >>>
2026-09-05,02:51:58 GMT,V6.2 DIAG | 3 0 5 0 -0.028571428571428567 0 0.06666666666666667 -0.4 0.4 0.4 6 2 1 1 0 0 2 0
2026-09-05,02:51:58 GMT,V6.2 BLOCK - final pressure/veto/active/timing gate failed or signal already used
2026-09-05,02:51:58 GMT,SENTINEL V6 MULTI-WINDOW SCAN >>>
2026-09-05,02:51:58 GMT,V6.2 DIAG | 1 0 5 -0.09999999999999998 0 0.10000000000000003 0 -0.4 0.4 0.1 6 2 1 1 0 0 2 0
2026-09-05,02:51:57 GMT,V6.2 BLOCK - final pressure/veto/active/timing gate failed or signal already used
2026-09-05,02:51:57 GMT,SENTINEL V6 MULTI-WINDOW SCAN >>>
2026-09-05,02:51:57 GMT,V6.2 DIAG | 4 0 5 -0.09999999999999998 0 0.10000000000000003 0 -0.4 0.4 0.1 5 3 1 1 0 0 2 0
2026-09-05,02:51:57 GMT,V6.2 BLOCK - final pressure/veto/active/timing gate failed or signal already used
2026-09-05,02:51:57 GMT,SENTINEL V6 MULTI-WINDOW SCAN >>>
2026-09-05,02:51:57 GMT,V6.2 DIAG | 8 0 3 -0.09999999999999998 0 0.10000000000000003 0 -0.4 0.4 0.1 4 4 1 1 0 0 2 0
2026-09-05,02:51:57 GMT,V6.2 BLOCK - final pressure/veto/active/timing gate failed or signal already used
2026-09-05,02:51:57 GMT,SENTINEL V6 MULTI-WINDOW SCAN >>>
2026-09-05,02:51:57 GMT,V6.2 DIAG | 9 0 9 0 0.028571428571428567 0 -0.06666666666666667 -0.4 -0.1 0.1 5 3 0 1 0 0 2 0
2026-09-05,02:51:57 GMT,V6.2 BLOCK - final pressure/veto/active/timing gate failed or signal already used
2026-09-05,02:51:57 GMT,SENTINEL V6 MULTI-WINDOW SCAN >>>
2026-09-05,02:51:57 GMT,V6.2 DIAG | 6 0 8 0.10000000000000009 0 -0.09999999999999998 0 0.4 -0.1 -0.4 6 2 0 0 0 0 2 0
2026-09-05,02:51:57 GMT,V6.2 BLOCK - final pressure/veto/active/timing gate failed or signal already used
2026-09-05,02:51:57 GMT,SENTINEL V6 MULTI-WINDOW SCAN >>>
2026-09-05,02:51:57 GMT,V6.2 DIAG | 3 0 7 0.15000000000000002 -0.057142857142857134 -0.14999999999999997 0.13333333333333333 0.4 -0.15 0.4 6 2 0 0 0 0 2 0
2026-09-05,02:51:57 GMT,V6.2 BLOCK - final pressure/veto/active/timing gate failed or signal already used
2026-09-05,02:51:57 GMT,SENTINEL V6 MULTI-WINDOW SCAN >>>
2026-09-05,02:51:57 GMT,V6.2 DIAG | 2 0 6 0.04999999999999993 -0.028571428571428567 -0.04999999999999999 0.06666666666666667 0.4 -0.2 0.15000000000000002 6 2 0 1 0 0 2 0
2026-09-05,02:51:57 GMT,V6.2 BLOCK - final pressure/veto/active/timing gate failed or signal already used
2026-09-05,02:51:57 GMT,SENTINEL V6 MULTI-WINDOW SCAN >>>
2026-09-05,02:51:57 GMT,V6.2 DIAG | 5 0 7 0.09999999999999998 -0.028571428571428567 -0.10000000000000003 0.06666666666666667 0.4 -0.25 0.15000000000000002 6 2 0 0 0 0 2 0
2026-09-05,02:51:57 GMT,V6.2 BLOCK - final pressure/veto/active/timing gate failed or signal already used
2026-09-05,02:51:57 GMT,SENTINEL V6 MULTI-WINDOW SCAN >>>
2026-09-05,02:51:57 GMT,V6.2 DIAG | 7 0 5 -0.050000000000000044 0 0.050000000000000044 0 0.15000000000000002 -0.25 0.15000000000000002 5 3 0 1 0 0 2 0
2026-09-05,02:51:57 GMT,V6.2 BLOCK - final pressure/veto/active/timing gate failed or signal already used
2026-09-05,02:51:57 GMT,SENTINEL V6 MULTI-WINDOW SCAN >>>
2026-09-05,02:51:57 GMT,V6.2 DIAG | 9 0 10 0.04999999999999993 0.028571428571428567 -0.04999999999999999 -0.06666666666666667 -0.35000000000000003 -0.25 0.15000000000000002 6 2 0 1 0 0 2 0
2026-09-05,02:51:57 GMT,V6.2 BLOCK - final pressure/veto/active/timing gate failed or signal already used
2026-09-05,02:51:57 GMT,SENTINEL V6 MULTI-WINDOW SCAN >>>
2026-09-05,02:51:57 GMT,V6.2 DIAG | 4 0 10 0 0.08571428571428572 0 -0.2 -0.35000000000000003 -0.5 -0.35000000000000003 6 2 0 0 0 0 2 0
2026-09-05,02:51:57 GMT,V6.2 BLOCK - final pressure/veto/active/timing gate failed or signal already used
2026-09-05,02:51:57 GMT,SENTINEL V6 MULTI-WINDOW SCAN >>>
2026-09-05,02:51:57 GMT,V6.2 DIAG | 0 0 9 0 0.028571428571428567 0 -0.06666666666666667 -0.35000000000000003 -0.5 0.45 6 2 0 1 0 0 2 0
2026-09-05,02:51:57 GMT,V6.2 BLOCK - final pressure/veto/active/timing gate failed or signal already used
2026-09-05,02:51:57 GMT,SENTINEL V6 MULTI-WINDOW SCAN >>>
2026-09-05,02:51:57 GMT,V6.2 DIAG | 0 0 9 -0.15000000000000002 0.05714285714285714 0.15000000000000002 -0.13333333333333336 -0.6000000000000001 -0.5 0.45 5 3 1 1 0 0 2 0
2026-09-05,02:51:57 GMT,V6.2 BLOCK - final pressure/veto/active/timing gate failed or signal already used
2026-09-05,02:51:57 GMT,SENTINEL V6 MULTI-WINDOW SCAN >>>
2026-09-05,02:51:57 GMT,V6.2 DIAG | 3 0 5 -0.09999999999999998 0 0.10000000000000003 0 0.2 -0.5 0.4 5 3 1 1 0 0 2 0
2026-09-05,02:51:46 GMT,V6.2 BLOCK - final pressure/veto/active/timing gate failed or signal already used
2026-09-05,02:51:46 GMT,SENTINEL V6 MULTI-WINDOW SCAN >>>
2026-09-05,02:51:46 GMT,V6.2 DIAG | 1 0 3 -0.09999999999999998 0 0.10000000000000003 0 0.2 -0.5 0.4 4 4 1 1 0 0 2 0
2026-09-05,02:51:46 GMT,V6.2 BLOCK - final pressure/veto/active/timing gate failed or signal already used
2026-09-05,02:51:46 GMT,SENTINEL V6 MULTI-WINDOW SCAN >>>
2026-09-05,02:51:46 GMT,V6.2 DIAG | 9 0 2 -0.050000000000000044 -0.05714285714285714 0.050000000000000044 0.13333333333333336 0.2 0.30000000000000004 0.35000000000000003 4 4 1 1 0 0 2 0
2026-09-05,02:51:46 GMT,V6.2 BLOCK - final pressure/veto/active/timing gate failed or signal already used
2026-09-05,02:51:46 GMT,SENTINEL V6 MULTI-WINDOW SCAN >>>
2026-09-05,02:51:46 GMT,V6.2 DIAG | 1 0 7 0.09999999999999998 -0.028571428571428567 -0.10000000000000003 0.06666666666666667 0.15000000000000002 0.30000000000000004 -0.15 5 3 1 1 0 0 2 0
2026-09-05,02:51:46 GMT,V6.2 BLOCK - final pressure/veto/active/timing gate failed or signal already used
2026-09-05,02:51:46 GMT,SENTINEL V6 MULTI-WINDOW SCAN >>>
2026-09-05,02:51:46 GMT,V6.2 DIAG | 7 0 5 -0.050000000000000044 -0.05714285714285714 0.050000000000000044 0.13333333333333336 0.9500000000000001 0.05000000000000002 -0.15 5 3 1 1 0 0 2 0
2026-09-05,02:51:46 GMT,V6.2 BLOCK - final pressure/veto/active/timing gate failed or signal already used
2026-09-05,02:51:46 GMT,SENTINEL V6 MULTI-WINDOW SCAN >>>
2026-09-05,02:51:46 GMT,V6.2 DIAG | 3 0 6 0.04999999999999993 -0.028571428571428567 -0.04999999999999999 0.06666666666666667 0.45 0.05000000000000002 -0.15 6 2 1 0 0 0 2 0
2026-09-05,02:51:46 GMT,V6.2 BLOCK - final pressure/veto/active/timing gate failed or signal already used
2026-09-05,02:51:46 GMT,SENTINEL V6 MULTI-WINDOW SCAN >>>
2026-09-05,02:51:46 GMT,V6.2 DIAG | 8 0 5 0.04999999999999993 -0.028571428571428567 -0.04999999999999999 0.06666666666666667 0.45 0.05000000000000002 -0.15 5 3 2 1 0 0 2 0
2026-09-05,02:51:46 GMT,V6.2 BLOCK - final pressure/veto/active/timing gate failed or signal already used
2026-09-05,02:51:46 GMT,SENTINEL V6 MULTI-WINDOW SCAN >>>
2026-09-05,02:51:46 GMT,V6.2 DIAG | 6 0 9 0 0.028571428571428567 0 -0.06666666666666667 0.45 -0.45 -0.4 6 2 1 0 0 0 2 0
2026-09-05,02:51:46 GMT,V6.2 BLOCK - final pressure/veto/active/timing gate failed or signal already used
2026-09-05,02:51:46 GMT,SENTINEL V6 MULTI-WINDOW SCAN >>>
2026-09-05,02:51:46 GMT,V6.2 DIAG | 7 0 9 0 0.028571428571428567 0 -0.06666666666666667 0.45 -0.45 -0.4 6 2 1 1 0 0 2 0
2026-09-05,02:51:46 GMT,V6.2 BLOCK - final pressure/veto/active/timing gate failed or signal already used
2026-09-05,02:51:46 GMT,SENTINEL V6 MULTI-WINDOW SCAN >>>
2026-09-05,02:51:46 GMT,V6.2 DIAG | 0 0 8 0.10000000000000009 0 -0.09999999999999998 0 -0.05 0.35000000000000003 -0.4 6 2 1 1 0 0 2 0
2026-09-05,02:51:46 GMT,V6.2 BLOCK - final pressure/veto/active/timing gate failed or signal already used
2026-09-05,02:51:46 GMT,SENTINEL V6 MULTI-WINDOW SCAN >>>
2026-09-05,02:51:46 GMT,V6.2 DIAG | 6 0 8 0.15000000000000002 0 -0.14999999999999997 0 -0.05 0.35000000000000003 -0.45 6 2 1 1 0 0 2 0
2026-09-05,02:51:46 GMT,V6.2 BLOCK - final pressure/veto/active/timing gate failed or signal already used
2026-09-05,02:51:46 GMT,SENTINEL V6 MULTI-WINDOW SCAN >>>
2026-09-05,02:51:46 GMT,V6.2 DIAG | 5 0 8 0.20000000000000007 0 -0.2 0 -0.05 0.35000000000000003 -0.5 6 2 1 1 0 0 2 0
2026-09-05,02:51:46 GMT,V6.2 BLOCK - final pressure/veto/active/timing gate failed or signal already used
2026-09-05,02:51:46 GMT,SENTINEL V6 MULTI-WINDOW SCAN >>>
2026-09-05,02:51:46 GMT,V6.2 DIAG | 4 0 6 0.04999999999999993 -0.028571428571428567 -0.04999999999999999 0.06666666666666667 -0.05 0.1 0.30000000000000004 6 2 1 1 0 0 2 0
2026-09-05,02:51:35 GMT,V6.2 BLOCK - final pressure/veto/active/timing gate failed or signal already used
2026-09-05,02:51:35 GMT,SENTINEL V6 MULTI-WINDOW SCAN >>>
2026-09-05,02:51:35 GMT,V6.2 DIAG | 8 0 6 -0.09999999999999998 0 0.10000000000000003 0 -0.05 -0.15000000000000002 0.30000000000000004 6 2 1 1 0 0 2 0
2026-09-05,02:51:35 GMT,V6.2 BLOCK - final pressure/veto/active/timing gate failed or signal already used
2026-09-05,02:51:35 GMT,SENTINEL V6 MULTI-WINDOW SCAN >>>
2026-09-05,02:51:35 GMT,V6.2 DIAG | 5 0 9 -0.15000000000000002 0.05714285714285714 0.15000000000000002 -0.13333333333333336 -0.05 -0.8999999999999999 0.30000000000000004 6 2 1 1 0 0 2 0
2026-09-05,02:51:35 GMT,V6.2 BLOCK - final pressure/veto/active/timing gate failed or signal already used
2026-09-05,02:51:35 GMT,SENTINEL V6 MULTI-WINDOW SCAN >>>
2026-09-05,02:51:35 GMT,V6.2 DIAG | 4 0 8 -0.15000000000000002 0.05714285714285714 0.15000000000000002 -0.13333333333333336 -0.05 -0.8999999999999999 0.30000000000000004 5 3 2 1 0 0 2 0
2026-09-05,02:51:35 GMT,V6.2 BLOCK - final pressure/veto/active/timing gate failed or signal already used
2026-09-05,02:51:35 GMT,SENTINEL V6 MULTI-WINDOW SCAN >>>
2026-09-05,02:51:35 GMT,V6.2 DIAG | 9 0 6 -0.15000000000000002 0.05714285714285714 0.15000000000000002 -0.13333333333333336 -0.05 -0.8999999999999999 0.30000000000000004 4 4 3 1 0 0 2 0
2026-09-05,02:51:35 GMT,V6.2 BLOCK - final pressure/veto/active/timing gate failed or signal already used
2026-09-05,02:51:35 GMT,SENTINEL V6 MULTI-WINDOW SCAN >>>
2026-09-05,02:51:35 GMT,V6.2 DIAG | 4 0 9 0 0.028571428571428567 0 -0.06666666666666667 -0.05 -0.15000000000000002 -0.2 5 3 3 0 0 0 2 0
2026-09-05,02:51:35 GMT,V6.2 BLOCK - final pressure/veto/active/timing gate failed or signal already used
2026-09-05,02:51:35 GMT,SENTINEL V6 MULTI-WINDOW SCAN >>>
2026-09-05,02:51:35 GMT,V6.2 DIAG | 6 0 5 0 -0.028571428571428567 0 0.06666666666666667 -0.05 0.65 -0.2 5 3 3 1 0 0 2 0
2026-09-05,02:51:35 GMT,V6.2 BLOCK - final pressure/veto/active/timing gate failed or signal already used
2026-09-05,02:51:35 GMT,SENTINEL V6 MULTI-WINDOW SCAN >>>
2026-09-05,02:51:35 GMT,V6.2 DIAG | 2 0 6 0.04999999999999993 -0.08571428571428572 -0.04999999999999999 0.2 -0.1 1.45 -0.2 5 3 3 1 0 0 2 0
2026-09-05,02:51:35 GMT,V6.2 BLOCK - final pressure/veto/active/timing gate failed or signal already used
2026-09-05,02:51:35 GMT,SENTINEL V6 MULTI-WINDOW SCAN >>>
2026-09-05,02:51:35 GMT,V6.2 DIAG | 4 0 5 -0.09999999999999998 -0.05714285714285714 0.10000000000000003 0.13333333333333336 -0.1 1.45 -0.45 5 3 3 1 0 0 2 0
2026-09-05,02:51:35 GMT,V6.2 BLOCK - final pressure/veto/active/timing gate failed or signal already used
2026-09-05,02:51:35 GMT,SENTINEL V6 MULTI-WINDOW SCAN >>>
2026-09-05,02:51:35 GMT,V6.2 DIAG | 8 0 5 -0.09999999999999998 -0.05714285714285714 0.10000000000000003 0.13333333333333336 -0.1 1.45 -0.45 5 3 3 1 0 0 2 0
2026-09-05,02:51:35 GMT,V6.2 BLOCK - final pressure/veto/active/timing gate failed or signal already used
2026-09-05,02:51:35 GMT,SENTINEL V6 MULTI-WINDOW SCAN >>>
2026-09-05,02:51:35 GMT,V6.2 DIAG | 8 0 5 -0.09999999999999998 0 0.10000000000000003 0 -0.15 0.9500000000000001 -0.7000000000000001 5 3 2 1 0 0 2 0
2026-09-05,02:51:26 GMT,V6.2 BLOCK - final pressure/veto/active/timing gate failed or signal already used
2026-09-05,02:51:26 GMT,SENTINEL V6 MULTI-WINDOW SCAN >>>
2026-09-05,02:51:26 GMT,V6.2 DIAG | 8 0 9 -0.15000000000000002 0.05714285714285714 0.15000000000000002 -0.13333333333333336 -0.4 0.45 -0.7000000000000001 6 2 1 1 0 0 2 0
2026-09-05,02:51:25 GMT,V6.2 BLOCK - final pressure/veto/active/timing gate failed or signal already used
2026-09-05,02:51:25 GMT,SENTINEL V6 MULTI-WINDOW SCAN >>>
2026-09-05,02:51:25 GMT,V6.2 DIAG | 1 0 10 -0.050000000000000044 0.08571428571428572 0.04999999999999999 -0.2 -0.4 -0.05 -0.7000000000000001 6 2 0 1 0 0 2 0
2026-09-05,02:51:25 GMT,V6.2 BLOCK - final pressure/veto/active/timing gate failed or signal already used
2026-09-05,02:51:25 GMT,SENTINEL V6 MULTI-WINDOW SCAN >>>
2026-09-05,02:51:25 GMT,V6.2 DIAG | 5 0 9 -0.050000000000000044 0.028571428571428567 0.04999999999999999 -0.06666666666666667 -0.4 -0.05 0.1 5 3 0 1 0 0 2 0
2026-09-05,02:51:25 GMT,V6.2 BLOCK - final pressure/veto/active/timing gate failed or signal already used
2026-09-05,02:51:25 GMT,SENTINEL V6 MULTI-WINDOW SCAN >>>
2026-09-05,02:51:25 GMT,V6.2 DIAG | 6 0 9 -0.050000000000000044 0.028571428571428567 0.04999999999999999 -0.06666666666666667 -0.4 -0.05 0.1 5 3 0 1 0 0 2 0
2026-09-05,02:51:25 GMT,V6.2 BLOCK - final pressure/veto/active/timing gate failed or signal already used
2026-09-05,02:51:25 GMT,SENTINEL V6 MULTI-WINDOW SCAN >>>
2026-09-05,02:51:25 GMT,V6.2 DIAG | 2 0 6 -0.050000000000000044 -0.028571428571428567 0.04999999999999999 0.06666666666666667 -0.4 -0.05 0.9 5 3 0 1 0 0 2 0
2026-09-05,02:51:25 GMT,V6.2 BLOCK - final pressure/veto/active/timing gate failed or signal already used
2026-09-05,02:51:25 GMT,SENTINEL V6 MULTI-WINDOW SCAN >>>
2026-09-05,02:51:25 GMT,V6.2 DIAG | 2 0 5 -0.050000000000000044 -0.08571428571428572 0.04999999999999999 0.2 0.4 -0.05 0.9 5 3 0 1 0 0 2 0
2026-09-05,02:51:25 GMT,V6.2 BLOCK - final pressure/veto/active/timing gate failed or signal already used
2026-09-05,02:51:25 GMT,SENTINEL V6 MULTI-WINDOW SCAN >>>
2026-09-05,02:51:25 GMT,V6.2 DIAG | 9 0 5 -0.050000000000000044 -0.08571428571428572 0.04999999999999999 0.2 0.4 -0.05 0.9 5 3 0 1 0 0 2 0
2026-09-05,02:51:25 GMT,V6.2 BLOCK - final pressure/veto/active/timing gate failed or signal already used
2026-09-05,02:51:25 GMT,SENTINEL V6 MULTI-WINDOW SCAN >>>
2026-09-05,02:51:25 GMT,V6.2 DIAG | 1 0 5 -0.050000000000000044 -0.028571428571428567 0.04999999999999999 0.06666666666666667 0.35000000000000003 -0.05 0.15000000000000002 6 2 0 1 0 0 2 0
2026-09-05,02:51:25 GMT,V6.2 BLOCK - final pressure/veto/active/timing gate failed or signal already used
2026-09-05,02:51:25 GMT,SENTINEL V6 MULTI-WINDOW SCAN >>>
2026-09-05,02:51:25 GMT,V6.2 DIAG | 9 0 6 -0.15000000000000002 0 0.15000000000000002 0 0.30000000000000004 -0.05 -0.10000000000000003 6 2 0 1 0 0 2 0
2026-09-05,02:51:25 GMT,V6.2 BLOCK - final pressure/veto/active/timing gate failed or signal already used
2026-09-05,02:51:25 GMT,SENTINEL V6 MULTI-WINDOW SCAN >>>
2026-09-05,02:51:25 GMT,V6.2 DIAG | 7 0 9 0 0.028571428571428567 0 -0.06666666666666667 0.25 -0.05 -0.6000000000000001 6 2 0 1 0 0 2 0
2026-09-05,02:51:15 GMT,V6.2 BLOCK - final pressure/veto/active/timing gate failed or signal already used
2026-09-05,02:51:15 GMT,SENTINEL V6 MULTI-WINDOW SCAN >>>
2026-09-05,02:51:15 GMT,V6.2 DIAG | 0 0 12 0.10000000000000009 0.057142857142857134 -0.09999999999999998 -0.13333333333333333 -0.25 -0.05 -0.6000000000000001 6 2 0 0 1 0 2 0
2026-09-05,02:51:15 GMT,V6.2 BLOCK - final pressure/veto/active/timing gate failed or signal already used
2026-09-05,02:51:15 GMT,SENTINEL V6 MULTI-WINDOW SCAN >>>
2026-09-05,02:51:15 GMT,V6.2 DIAG | 2 0 12 0.10000000000000009 0.057142857142857134 -0.09999999999999998 -0.13333333333333333 -0.25 -0.05 -0.6000000000000001 6 2 0 0 1 0 2 0
2026-09-05,02:51:15 GMT,V6.2 BLOCK - final pressure/veto/active/timing gate failed or signal already used
2026-09-05,02:51:15 GMT,SENTINEL V6 MULTI-WINDOW SCAN >>>
2026-09-05,02:51:15 GMT,V6.2 DIAG | 3 0 8 0.15000000000000002 0 -0.14999999999999997 0 -0.25 -0.05 0.15000000000000002 6 2 0 0 0 0 2 0
2026-09-05,02:51:14 GMT,V6.2 BLOCK - final pressure/veto/active/timing gate failed or signal already used
2026-09-05,02:51:14 GMT,SENTINEL V6 MULTI-WINDOW SCAN >>>
2026-09-05,02:51:14 GMT,V6.2 DIAG | 1 0 8 0.15000000000000002 -0.057142857142857134 -0.14999999999999997 0.13333333333333333 -0.25 -0.05 0.9500000000000001 6 2 0 0 0 0 2 0
2026-09-05,02:51:14 GMT,V6.2 BLOCK - final pressure/veto/active/timing gate failed or signal already used
2026-09-05,02:51:14 GMT,SENTINEL V6 MULTI-WINDOW SCAN >>>
2026-09-05,02:51:14 GMT,V6.2 DIAG | 0 0 6 0 -0.028571428571428567 0 0.06666666666666667 -0.25 -0.30000000000000004 0.9500000000000001 6 2 0 0 0 0 2 0
2026-09-05,02:51:14 GMT,V6.2 BLOCK - final pressure/veto/active/timing gate failed or signal already used
2026-09-05,02:51:14 GMT,SENTINEL V6 MULTI-WINDOW SCAN >>>
2026-09-05,02:51:14 GMT,V6.2 DIAG | 0 0 6 0 -0.028571428571428567 0 0.06666666666666667 -0.25 -0.30000000000000004 0.9500000000000001 6 2 0 1 0 0 2 0
2026-09-05,02:51:14 GMT,V6.2 BLOCK - final pressure/veto/active/timing gate failed or signal already used
2026-09-05,02:51:14 GMT,SENTINEL V6 MULTI-WINDOW SCAN >>>
2026-09-05,02:51:14 GMT,V6.2 DIAG | 9 0 6 -0.15000000000000002 0 0.15000000000000002 0 -0.5 -0.30000000000000004 0.9500000000000001 5 3 1 1 0 0 2 0
2026-09-05,02:51:14 GMT,V6.2 BLOCK - final pressure/veto/active/timing gate failed or signal already used
2026-09-05,02:51:14 GMT,SENTINEL V6 MULTI-WINDOW SCAN >>>
2026-09-05,02:51:14 GMT,V6.2 DIAG | 9 0 9 -0.050000000000000044 0.028571428571428567 0.04999999999999999 -0.06666666666666667 -0.5 -0.30000000000000004 0.45 6 2 1 1 0 0 2 0
2026-09-05,02:51:14 GMT,V6.2 BLOCK - final pressure/veto/active/timing gate failed or signal already used
2026-09-05,02:51:14 GMT,SENTINEL V6 MULTI-WINDOW SCAN >>>
2026-09-05,02:51:14 GMT,V6.2 DIAG | 2 0 12 0.10000000000000009 0.057142857142857134 -0.09999999999999998 -0.13333333333333333 -0.5 -0.30000000000000004 -0.1 6 2 1 0 1 0 2 0
2026-09-05,02:51:14 GMT,V6.2 BLOCK - final pressure/veto/active/timing gate failed or signal already used
2026-09-05,02:51:14 GMT,SENTINEL V6 MULTI-WINDOW SCAN >>>
2026-09-05,02:51:14 GMT,V6.2 DIAG | 3 0 9 -0.050000000000000044 0.028571428571428567 0.04999999999999999 -0.06666666666666667 -0.75 0.5 -0.1 6 2 1 1 0 0 2 0
2026-09-05,02:51:14 GMT,V6.2 BLOCK - final pressure/veto/active/timing gate failed or signal already used
2026-09-05,02:51:14 GMT,SENTINEL V6 MULTI-WINDOW SCAN >>>
2026-09-05,02:51:14 GMT,V6.2 DIAG | 0 0 9 -0.050000000000000044 0.028571428571428567 0.04999999999999999 -0.06666666666666667 -0.75 0.5 -0.1 6 2 1 1 0 0 2 0
2026-09-05,02:51:04 GMT,V6.2 BLOCK - final pressure/veto/active/timing gate failed or signal already used
2026-09-05,02:51:04 GMT,SENTINEL V6 MULTI-WINDOW SCAN >>>
2026-09-05,02:51:04 GMT,V6.2 DIAG | 5 0 6 0 -0.028571428571428567 0 0.06666666666666667 0 0.5 -0.1 5 3 1 1 0 0 2 0
2026-09-05,02:51:04 GMT,V6.2 BLOCK - final pressure/veto/active/timing gate failed or signal already used
2026-09-05,02:51:04 GMT,SENTINEL V6 MULTI-WINDOW SCAN >>>
2026-09-05,02:51:04 GMT,V6.2 DIAG | 5 0 7 0.04999999999999993 -0.028571428571428567 -0.04999999999999999 0.06666666666666667 -0.04999999999999999 0.5 -0.1 5 3 1 1 0 0 2 0
2026-09-05,02:51:04 GMT,V6.2 BLOCK - final pressure/veto/active/timing gate failed or signal already used
2026-09-05,02:51:04 GMT,SENTINEL V6 MULTI-WINDOW SCAN >>>
2026-09-05,02:51:04 GMT,V6.2 DIAG | 8 0 7 0.04999999999999993 -0.028571428571428567 -0.04999999999999999 0.06666666666666667 -0.04999999999999999 0.5 -0.1 5 3 1 1 0 0 2 0
2026-09-05,02:51:03 GMT,V6.2 BLOCK - final pressure/veto/active/timing gate failed or signal already used
2026-09-05,02:51:03 GMT,SENTINEL V6 MULTI-WINDOW SCAN >>>
2026-09-05,02:51:03 GMT,V6.2 DIAG | 3 0 8 0.15000000000000002 -0.057142857142857134 -0.14999999999999997 0.13333333333333333 0.75 0 -0.1 6 2 0 0 0 0 2 0
2026-09-05,02:51:03 GMT,V6.2 BLOCK - final pressure/veto/active/timing gate failed or signal already used
2026-09-05,02:51:03 GMT,SENTINEL V6 MULTI-WINDOW SCAN >>>
2026-09-05,02:51:03 GMT,V6.2 DIAG | 7 0 8 0.15000000000000002 -0.057142857142857134 -0.14999999999999997 0.13333333333333333 0.75 0 -0.1 6 2 0 1 0 0 2 0
2026-09-05,02:51:03 GMT,V6.2 BLOCK - final pressure/veto/active/timing gate failed or signal already used
2026-09-05,02:51:03 GMT,SENTINEL V6 MULTI-WINDOW SCAN >>>
2026-09-05,02:51:03 GMT,V6.2 DIAG | 1 0 8 0.25 -0.028571428571428567 -0.24999999999999997 0.06666666666666667 0.25 0 -0.1 7 1 0 0 0 0 2 0
2026-09-05,02:51:03 GMT,V6.2 BLOCK - final pressure/veto/active/timing gate failed or signal already used
2026-09-05,02:51:03 GMT,SENTINEL V6 MULTI-WINDOW SCAN >>>
2026-09-05,02:51:03 GMT,V6.2 DIAG | 4 0 9 0.10000000000000009 0 -0.09999999999999998 0 0 0 -0.1 7 1 0 0 0 0 2 0
2026-09-05,02:51:03 GMT,V6.2 BLOCK - final pressure/veto/active/timing gate failed or signal already used
2026-09-05,02:51:03 GMT,SENTINEL V6 MULTI-WINDOW SCAN >>>
2026-09-05,02:51:03 GMT,V6.2 DIAG | 7 0 10 0 0.028571428571428567 0 -0.06666666666666667 -0.25 -0.05 -0.1 7 1 0 1 0 0 2 0
2026-09-05,02:51:03 GMT,V6.2 BLOCK - final pressure/veto/active/timing gate failed or signal already used
2026-09-05,02:51:03 GMT,SENTINEL V6 MULTI-WINDOW SCAN >>>
2026-09-05,02:51:03 GMT,V6.2 DIAG | 4 0 10 -0.050000000000000044 0.08571428571428572 0.04999999999999999 -0.2 -1 -0.05 -0.1 7 1 0 1 0 0 2 0
2026-09-05,02:51:03 GMT,V6.2 BLOCK - final pressure/veto/active/timing gate failed or signal already used
2026-09-05,02:51:03 GMT,SENTINEL V6 MULTI-WINDOW SCAN >>>
2026-09-05,02:51:03 GMT,V6.2 DIAG | 4 0 10 -0.050000000000000044 0.08571428571428572 0.04999999999999999 -0.2 -1 -0.05 -0.1 6 2 0 1 0 0 2 0
2026-09-05,02:51:03 GMT,V6.2 BLOCK - final pressure/veto/active/timing gate failed or signal already used
2026-09-05,02:51:03 GMT,SENTINEL V6 MULTI-WINDOW SCAN >>>
2026-09-05,02:51:03 GMT,V6.2 DIAG | 5 0 10 -0.050000000000000044 0.08571428571428572 0.04999999999999999 -0.2 -1 -0.05 -0.1 5 3 0 1 0 0 2 0
2026-09-05,02:50:52 GMT,V6.2 BLOCK - final pressure/veto/active/timing gate failed or signal already used
2026-09-05,02:50:52 GMT,SENTINEL V6 MULTI-WINDOW SCAN >>>
2026-09-05,02:50:52 GMT,V6.2 DIAG | 6 0 10 -0.15000000000000002 0.05714285714285714 0.15000000000000002 -0.13333333333333336 -0.25 -0.05 -0.35000000000000003 5 3 0 1 0 0 2 0
2026-09-05,02:50:52 GMT,V6.2 BLOCK - final pressure/veto/active/timing gate failed or signal already used
2026-09-05,02:50:52 GMT,SENTINEL V6 MULTI-WINDOW SCAN >>>
2026-09-05,02:50:52 GMT,V6.2 DIAG | 5 0 6 -0.15000000000000002 0 0.15000000000000002 0 0.55 -0.05 -0.35000000000000003 5 3 0 1 0 0 2 0
2026-09-05,02:50:52 GMT,V6.2 BLOCK - final pressure/veto/active/timing gate failed or signal already used
2026-09-05,02:50:52 GMT,SENTINEL V6 MULTI-WINDOW SCAN >>>
2026-09-05,02:50:52 GMT,V6.2 DIAG | 1 0 4 -0.15000000000000002 -0.05714285714285714 0.15000000000000002 0.13333333333333336 1.3499999999999999 -0.05 -0.35000000000000003 4 4 0 1 0 0 2 0
2026-09-05,02:50:52 GMT,V6.2 BLOCK - final pressure/veto/active/timing gate failed or signal already used
2026-09-05,02:50:52 GMT,SENTINEL V6 MULTI-WINDOW SCAN >>>
2026-09-05,02:50:52 GMT,V6.2 DIAG | 0 0 4 -0.15000000000000002 -0.05714285714285714 0.15000000000000002 0.13333333333333336 1.3499999999999999 -0.05 -0.35000000000000003 4 4 0 1 0 0 2 0
2026-09-05,02:50:52 GMT,V6.2 BLOCK - final pressure/veto/active/timing gate failed or signal already used
2026-09-05,02:50:52 GMT,SENTINEL V6 MULTI-WINDOW SCAN >>>
2026-09-05,02:50:52 GMT,V6.2 DIAG | 7 0 4 -0.15000000000000002 -0.05714285714285714 0.15000000000000002 0.13333333333333336 1.3499999999999999 -0.05 -0.35000000000000003 4 4 0 1 0 0 2 0
2026-09-05,02:50:52 GMT,V6.2 BLOCK - final pressure/veto/active/timing gate failed or signal already used
2026-09-05,02:50:52 GMT,SENTINEL V6 MULTI-WINDOW SCAN >>>
2026-09-05,02:50:52 GMT,V6.2 DIAG | 7 0 5 0 -0.08571428571428572 0 0.2 0.8 -0.05 0.45 5 3 0 1 0 0 2 0
2026-09-05,02:50:51 GMT,V6.2 BLOCK - final pressure/veto/active/timing gate failed or signal already used
2026-09-05,02:50:51 GMT,SENTINEL V6 MULTI-WINDOW SCAN >>>
2026-09-05,02:50:51 GMT,V6.2 DIAG | 7 0 5 0 -0.028571428571428567 0 0.06666666666666667 0.30000000000000004 -0.1 0.2 6 2 0 1 0 0 2 0
2026-09-05,02:50:51 GMT,V6.2 BLOCK - final pressure/veto/active/timing gate failed or signal already used
2026-09-05,02:50:51 GMT,SENTINEL V6 MULTI-WINDOW SCAN >>>
2026-09-05,02:50:51 GMT,V6.2 DIAG | 2 0 8 0.10000000000000009 0 -0.09999999999999998 0 -0.2 -0.1 0.2 7 1 0 0 0 0 2 0
2026-09-05,02:50:51 GMT,V6.2 BLOCK - final pressure/veto/active/timing gate failed or signal already used
2026-09-05,02:50:51 GMT,SENTINEL V6 MULTI-WINDOW SCAN >>>
2026-09-05,02:50:51 GMT,V6.2 DIAG | 6 0 8 0.15000000000000002 0 -0.14999999999999997 0 -0.2 -0.1 0.15000000000000002 6 2 0 0 0 0 2 0
2026-09-05,02:50:51 GMT,V6.2 BLOCK - final pressure/veto/active/timing gate failed or signal already used
2026-09-05,02:50:51 GMT,SENTINEL V6 MULTI-WINDOW SCAN >>>
2026-09-05,02:50:51 GMT,V6.2 DIAG | 9 0 9 0 0.028571428571428567 0 -0.06666666666666667 -0.45 -0.1 0.15000000000000002 6 2 0 1 0 0 2 0
2026-09-05,02:50:51 GMT,V6.2 BLOCK - final pressure/veto/active/timing gate failed or signal already used
2026-09-05,02:50:51 GMT,SENTINEL V6 MULTI-WINDOW SCAN >>>
2026-09-05,02:50:51 GMT,V6.2 DIAG | 4 0 10 0 0.08571428571428572 0 -0.2 -0.75 -0.1 -0.35000000000000003 7 1 0 0 0 0 2 0
2026-09-05,02:50:51 GMT,V6.2 BLOCK - final pressure/veto/active/timing gate failed or signal already used
2026-09-05,02:50:51 GMT,SENTINEL V6 MULTI-WINDOW SCAN >>>
2026-09-05,02:50:51 GMT,V6.2 DIAG | 4 1 10 0.04999999999999993 0.028571428571428567 -0.04999999999999999 -0.06666666666666667 -0.75 -0.1 0.4 6 2 0 1 0 0 2 0
2026-09-05,02:50:41 GMT,V6.2 BLOCK - final pressure/veto/active/timing gate failed or signal already used
2026-09-05,02:50:41 GMT,SENTINEL V6 MULTI-WINDOW SCAN >>>
2026-09-05,02:50:41 GMT,V6.2 DIAG | 0 0 11 0.09999999999999998 0.028571428571428567 -0.10000000000000003 -0.06666666666666667 -0.75 -0.15 0.4 5 3 0 0 1 0 2 1
2026-09-05,02:50:41 GMT,V6.2 BLOCK - final pressure/veto/active/timing gate failed or signal already used
2026-09-05,02:50:41 GMT,SENTINEL V6 MULTI-WINDOW SCAN >>>
2026-09-05,02:50:41 GMT,V6.2 DIAG | 6 0 11 0.09999999999999998 0.028571428571428567 -0.10000000000000003 -0.06666666666666667 -0.75 -0.15 0.4 5 3 0 0 1 0 2 0
2026-09-05,02:50:41 GMT,V6.2 BLOCK - final pressure/veto/active/timing gate failed or signal already used
2026-09-05,02:50:41 GMT,SENTINEL V6 MULTI-WINDOW SCAN >>>
2026-09-05,02:50:41 GMT,V6.2 DIAG | 3 0 7 0.09999999999999998 -0.028571428571428567 -0.10000000000000003 0.06666666666666667 0.05000000000000002 -0.15 0.4 5 3 0 0 0 0 2 0
2026-09-05,02:50:41 GMT,V6.2 BLOCK - final pressure/veto/active/timing gate failed or signal already used
2026-09-05,02:50:41 GMT,SENTINEL V6 MULTI-WINDOW SCAN >>>
2026-09-05,02:50:41 GMT,V6.2 DIAG | 9 0 7 0.1499999999999999 -0.08571428571428572 -0.15000000000000002 0.2 0.8 -0.15 0.4 5 3 0 0 0 0 2 0
2026-09-05,02:50:41 GMT,V6.2 BLOCK - final pressure/veto/active/timing gate failed or signal already used
2026-09-05,02:50:41 GMT,SENTINEL V6 MULTI-WINDOW SCAN >>>
2026-09-05,02:50:41 GMT,V6.2 DIAG | 2 0 8 0.09999999999999998 -0.028571428571428567 -0.10000000000000003 0.06666666666666667 0.8 -0.4 -0.1 6 2 0 0 0 0 2 0
2026-09-05,02:50:41 GMT,V6.2 BLOCK - final pressure/veto/active/timing gate failed or signal already used
2026-09-05,02:50:41 GMT,SENTINEL V6 MULTI-WINDOW SCAN >>>
2026-09-05,02:50:41 GMT,V6.2 DIAG | 2 0 8 0.09999999999999998 -0.028571428571428567 -0.10000000000000003 0.06666666666666667 0.8 -0.4 -0.1 6 2 0 0 0 0 2 0
2026-09-05,02:50:40 GMT,V6.2 BLOCK - final pressure/veto/active/timing gate failed or signal already used
2026-09-05,02:50:40 GMT,SENTINEL V6 MULTI-WINDOW SCAN >>>
2026-09-05,02:50:40 GMT,V6.2 DIAG | 7 0 8 0.09999999999999998 -0.028571428571428567 -0.10000000000000003 0.06666666666666667 0.8 -0.4 -0.1 5 3 1 1 0 0 2 0
2026-09-05,02:50:40 GMT,V6.2 BLOCK - final pressure/veto/active/timing gate failed or signal already used
2026-09-05,02:50:40 GMT,SENTINEL V6 MULTI-WINDOW SCAN >>>
2026-09-05,02:50:40 GMT,V6.2 DIAG | 7 0 8 0.25 0 -0.25 0 0.30000000000000004 -0.4 -0.15 6 2 1 0 0 0 2 0
2026-09-05,02:50:40 GMT,V6.2 BLOCK - final pressure/veto/active/timing gate failed or signal already used
2026-09-05,02:50:40 GMT,SENTINEL V6 MULTI-WINDOW SCAN >>>
2026-09-05,02:50:40 GMT,V6.2 DIAG | 1 0 12 0.20000000000000007 0.057142857142857134 -0.2 -0.13333333333333333 -0.45 -0.4 -0.15 7 1 1 0 1 0 2 0
2026-09-05,02:50:40 GMT,V6.2 BLOCK - final pressure/veto/active/timing gate failed or signal already used
2026-09-05,02:50:40 GMT,SENTINEL V6 MULTI-WINDOW SCAN >>>
2026-09-05,02:50:40 GMT,V6.2 DIAG | 3 0 8 0.25 0 -0.25 0 -0.45 0.4 -0.2 7 1 1 1 0 0 2 0
2026-09-05,02:50:40 GMT,V6.2 BLOCK - final pressure/veto/active/timing gate failed or signal already used
2026-09-05,02:50:40 GMT,SENTINEL V6 MULTI-WINDOW SCAN >>>
2026-09-05,02:50:40 GMT,V6.2 DIAG | 3 0 8 0.25 0 -0.25 0 -0.45 0.4 -0.2 6 2 1 1 0 0 2 0
2026-09-05,02:50:32 GMT,V6.2 BLOCK - final pressure/veto/active/timing gate failed or signal already used
2026-09-05,02:50:32 GMT,SENTINEL V6 MULTI-WINDOW SCAN >>>
2026-09-05,02:50:32 GMT,V6.2 DIAG | 6 0 8 0.25 0 -0.25 0 -0.45 0.4 -0.2 6 2 1 1 0 0 2 0
2026-09-05,02:50:32 GMT,V6.2 BLOCK - final pressure/veto/active/timing gate failed or signal already used
2026-09-05,02:50:32 GMT,SENTINEL V6 MULTI-WINDOW SCAN >>>
2026-09-05,02:50:32 GMT,V6.2 DIAG | 3 0 8 0.25 0 -0.25 0 -0.45 0.4 -0.2 6 2 1 1 0 0 2 0
2026-09-05,02:50:32 GMT,V6.2 BLOCK - final pressure/veto/active/timing gate failed or signal already used
2026-09-05,02:50:32 GMT,SENTINEL V6 MULTI-WINDOW SCAN >>>
2026-09-05,02:50:32 GMT,V6.2 DIAG | 8 0 7 0.09999999999999998 -0.028571428571428567 -0.10000000000000003 0.06666666666666667 0.1 0.4 -0.2 6 2 1 1 0 0 2 0
2026-09-05,02:50:32 GMT,V6.2 BLOCK - final pressure/veto/active/timing gate failed or signal already used
2026-09-05,02:50:32 GMT,SENTINEL V6 MULTI-WINDOW SCAN >>>
2026-09-05,02:50:32 GMT,V6.2 DIAG | 2 0 11 0.09999999999999998 0.028571428571428567 -0.10000000000000003 -0.06666666666666667 0.1 -0.4 -0.2 7 1 0 0 1 0 2 1
2026-09-05,02:50:32 GMT,V6.2 BLOCK - final pressure/veto/active/timing gate failed or signal already used
2026-09-05,02:50:32 GMT,SENTINEL V6 MULTI-WINDOW SCAN >>>
2026-09-05,02:50:32 GMT,V6.2 DIAG | 3 0 11 0.09999999999999998 0.028571428571428567 -0.10000000000000003 -0.06666666666666667 0.1 -0.4 -0.2 6 2 0 0 0 0 2 0
2026-09-05,02:50:31 GMT,V6.2 BLOCK - final pressure/veto/active/timing gate failed or signal already used
2026-09-05,02:50:31 GMT,SENTINEL V6 MULTI-WINDOW SCAN >>>
2026-09-05,02:50:31 GMT,V6.2 DIAG | 2 0 9 -0.050000000000000044 0.05714285714285714 0.050000000000000044 -0.13333333333333336 0.1 -0.4 -0.45 5 3 1 1 0 0 2 0
2026-09-05,02:50:31 GMT,V6.2 BLOCK - final pressure/veto/active/timing gate failed or signal already used
2026-09-05,02:50:31 GMT,SENTINEL V6 MULTI-WINDOW SCAN >>>
2026-09-05,02:50:31 GMT,V6.2 DIAG | 7 0 9 -0.050000000000000044 0.05714285714285714 0.050000000000000044 -0.13333333333333336 0.1 -0.4 -0.45 5 3 1 1 0 0 2 0
2026-09-05,02:50:31 GMT,V6.2 BLOCK - final pressure/veto/active/timing gate failed or signal already used
2026-09-05,02:50:31 GMT,SENTINEL V6 MULTI-WINDOW SCAN >>>
2026-09-05,02:50:31 GMT,V6.2 DIAG | 2 0 9 -0.09999999999999998 0.05714285714285714 0.10000000000000003 -0.13333333333333336 0.15000000000000002 -0.4 -0.45 5 3 1 1 0 0 2 0
2026-09-05,02:50:31 GMT,V6.2 BLOCK - final pressure/veto/active/timing gate failed or signal already used
2026-09-05,02:50:31 GMT,SENTINEL V6 MULTI-WINDOW SCAN >>>
2026-09-05,02:50:31 GMT,V6.2 DIAG | 4 0 8 -0.25 0.028571428571428574 0.25 -0.06666666666666668 0.15000000000000002 0.4 -0.7000000000000001 5 3 1 1 0 0 2 0
2026-09-05,02:50:23 GMT,V6.2 BLOCK - final pressure/veto/active/timing gate failed or signal already used
2026-09-05,02:50:23 GMT,SENTINEL V6 MULTI-WINDOW SCAN >>>
2026-09-05,02:50:23 GMT,V6.2 DIAG | 6 0 5 -0.4 0.05714285714285715 0.39999999999999997 -0.13333333333333333 0.15000000000000002 0.15000000000000002 -0.7000000000000001 4 4 1 1 0 0 2 0
2026-09-05,02:50:22 GMT,V6.2 BLOCK - final pressure/veto/active/timing gate failed or signal already used
2026-09-05,02:50:22 GMT,SENTINEL V6 MULTI-WINDOW SCAN >>>
2026-09-05,02:50:22 GMT,V6.2 DIAG | 0 0 1 -0.4 0 0.39999999999999997 0 0.15000000000000002 0.15000000000000002 0.1 3 5 1 1 0 0 2 0
2026-09-05,02:50:22 GMT,V6.2 BLOCK - final pressure/veto/active/timing gate failed or signal already used
2026-09-05,02:50:22 GMT,SENTINEL V6 MULTI-WINDOW SCAN >>>
2026-09-05,02:50:22 GMT,V6.2 DIAG | 7 0 0 -0.35 0 0.35 0 0.1 0.15000000000000002 0.1 2 6 2 1 0 0 2 0
2026-09-05,02:50:22 GMT,V6.2 BLOCK - final pressure/veto/active/timing gate failed or signal already used
2026-09-05,02:50:22 GMT,SENTINEL V6 MULTI-WINDOW SCAN >>>
2026-09-05,02:50:22 GMT,V6.2 DIAG | 8 0 0 -0.4 0 0.39999999999999997 0 0.15000000000000002 0.15000000000000002 0.1 3 5 2 1 0 0 2 0
2026-09-05,02:50:22 GMT,V6.2 BLOCK - final pressure/veto/active/timing gate failed or signal already used
2026-09-05,02:50:22 GMT,SENTINEL V6 MULTI-WINDOW SCAN >>>
2026-09-05,02:50:22 GMT,V6.2 DIAG | 3 0 3 -0.30000000000000004 -0.028571428571428574 0.3 0.06666666666666668 0.15000000000000002 -0.35000000000000003 0.9 4 4 1 1 0 0 2 0
2026-09-05,02:50:21 GMT,V6.2 BLOCK - final pressure/veto/active/timing gate failed or signal already used
2026-09-05,02:50:21 GMT,SENTINEL V6 MULTI-WINDOW SCAN >>>
2026-09-05,02:50:21 GMT,V6.2 DIAG | 9 0 2 -0.30000000000000004 -0.08571428571428572 0.3 0.2 0.15000000000000002 0.45 0.9 3 5 1 1 0 0 2 0
2026-09-05,02:50:21 GMT,V6.2 BLOCK - final pressure/veto/active/timing gate failed or signal already used
2026-09-05,02:50:21 GMT,SENTINEL V6 MULTI-WINDOW SCAN >>>
2026-09-05,02:50:21 GMT,V6.2 DIAG | 6 0 2 -0.20000000000000007 -0.05714285714285714 0.2 0.13333333333333336 0.15000000000000002 0.45 0.4 4 4 1 1 0 0 2 0
2026-09-05,02:50:21 GMT,V6.2 BLOCK - final pressure/veto/active/timing gate failed or signal already used
2026-09-05,02:50:21 GMT,SENTINEL V6 MULTI-WINDOW SCAN >>>
2026-09-05,02:50:21 GMT,V6.2 DIAG | 7 0 2 -0.30000000000000004 -0.028571428571428574 0.3 0.06666666666666668 0.15000000000000002 0.4 0.15000000000000002 4 4 1 1 0 0 2 0
2026-09-05,02:50:21 GMT,V6.2 BLOCK - final pressure/veto/active/timing gate failed or signal already used
2026-09-05,02:50:21 GMT,SENTINEL V6 MULTI-WINDOW SCAN >>>
2026-09-05,02:50:21 GMT,V6.2 DIAG | 9 0 4 -0.15000000000000002 -0.05714285714285714 0.15000000000000002 0.13333333333333336 0.45 0.4 0.1 5 3 1 1 0 0 2 0
2026-09-05,02:50:20 GMT,V6.2 BLOCK - final pressure/veto/active/timing gate failed or signal already used
2026-09-05,02:50:20 GMT,SENTINEL V6 MULTI-WINDOW SCAN >>>
2026-09-05,02:50:20 GMT,V6.2 DIAG | 8 0 5 -0.20000000000000007 0 0.2 0 0.45 0.4 -0.65 5 3 1 1 0 0 2 0
2026-09-05,02:50:20 GMT,V6.2 BLOCK - final pressure/veto/active/timing gate failed or signal already used
2026-09-05,02:50:20 GMT,SENTINEL V6 MULTI-WINDOW SCAN >>>
2026-09-05,02:50:20 GMT,V6.2 DIAG | 5 0 9 -0.050000000000000044 0.028571428571428567 0.04999999999999999 -0.06666666666666667 0.45 -0.1 -0.7000000000000001 6 2 0 1 0 0 2 0
2026-09-05,02:50:20 GMT,V6.2 BLOCK - final pressure/veto/active/timing gate failed or signal already used
2026-09-05,02:50:20 GMT,SENTINEL V6 MULTI-WINDOW SCAN >>>
2026-09-05,02:50:20 GMT,V6.2 DIAG | 3 0 9 -0.050000000000000044 0.028571428571428567 0.04999999999999999 -0.06666666666666667 0.45 -0.1 -0.7000000000000001 5 3 0 1 0 0 2 0
2026-09-05,02:50:14 GMT,V6.2 BLOCK - final pressure/veto/active/timing gate failed or signal already used
2026-09-05,02:50:14 GMT,SENTINEL V6 MULTI-WINDOW SCAN >>>
2026-09-05,02:50:14 GMT,V6.2 DIAG | 7 0 5 0 -0.028571428571428567 0 0.06666666666666667 0.45 -0.1 0.05000000000000002 5 3 0 1 0 0 2 0
2026-09-05,02:50:13 GMT,V6.2 BLOCK - final pressure/veto/active/timing gate failed or signal already used
2026-09-05,02:50:13 GMT,SENTINEL V6 MULTI-WINDOW SCAN >>>
2026-09-05,02:50:13 GMT,V6.2 DIAG | 3 0 9 0.15000000000000002 0 -0.14999999999999997 0 -0.05 -0.1 0 6 2 0 0 0 0 2 0
2026-09-05,02:50:13 GMT,V6.2 BLOCK - final pressure/veto/active/timing gate failed or signal already used
2026-09-05,02:50:13 GMT,SENTINEL V6 MULTI-WINDOW SCAN >>>
2026-09-05,02:50:13 GMT,V6.2 DIAG | 6 0 7 0.04999999999999993 -0.028571428571428567 -0.04999999999999999 0.06666666666666667 -0.05 -0.35000000000000003 0.75 6 2 0 1 0 0 2 0
2026-09-05,02:50:13 GMT,V6.2 BLOCK - final pressure/veto/active/timing gate failed or signal already used
2026-09-05,02:50:13 GMT,SENTINEL V6 MULTI-WINDOW SCAN >>>
2026-09-05,02:50:13 GMT,V6.2 DIAG | 5 0 8 0.09999999999999998 -0.028571428571428567 -0.10000000000000003 0.06666666666666667 -0.05 -0.35000000000000003 0.7000000000000001 6 2 0 0 0 0 2 0
2026-09-05,02:50:12 GMT,V6.2 BLOCK - final pressure/veto/active/timing gate failed or signal already used
2026-09-05,02:50:12 GMT,SENTINEL V6 MULTI-WINDOW SCAN >>>
2026-09-05,02:50:12 GMT,V6.2 DIAG | 9 0 8 0.1499999999999999 -0.028571428571428567 -0.15000000000000002 0.06666666666666667 -0.05 -0.4 0.7000000000000001 5 3 1 1 0 0 2 0
2026-09-05,02:50:12 GMT,V6.2 BLOCK - final pressure/veto/active/timing gate failed or signal already used
2026-09-05,02:50:12 GMT,SENTINEL V6 MULTI-WINDOW SCAN >>>
2026-09-05,02:50:12 GMT,V6.2 DIAG | 5 0 8 0.25 0 -0.25 0 -0.05 -0.4 0.20000000000000004 6 2 1 0 0 0 2 0
2026-09-05,02:50:12 GMT,V6.2 BLOCK - final pressure/veto/active/timing gate failed or signal already used
2026-09-05,02:50:12 GMT,SENTINEL V6 MULTI-WINDOW SCAN >>>
2026-09-05,02:50:12 GMT,V6.2 DIAG | 9 0 8 0.30000000000000004 0 -0.3 0 -0.05 -0.45 0.20000000000000004 6 2 1 1 0 0 2 0
2026-09-05,02:50:11 GMT,Profit amount: 1.53
2026-09-05,02:50:11 GMT,V6.2 DIAG | 4 0 8 0.45 -0.028571428571428567 -0.45000000000000007 0.06666666666666667 -0.1 0.35000000000000003 -0.3 7 1 1 1 0 0 1 0
2026-09-05,02:50:10 GMT,V6.2 DIAG | 1 0 8 0.45 -0.028571428571428567 -0.45000000000000007 0.06666666666666667 -0.1 0.35000000000000003 -0.3 7 1 1 1 0 0 1 0
2026-09-05,02:50:09 GMT,V6.2 DIAG | 5 0 8 0.45 -0.028571428571428567 -0.45000000000000007 0.06666666666666667 -0.1 0.35000000000000003 -0.3 7 1 1 1 0 0 1 0
2026-09-05,02:50:09 GMT,V6.2 DIAG | 5 0 8 0.30000000000000004 0 -0.3 0 -0.35000000000000003 0.35000000000000003 -0.3 7 1 1 1 0 0 1 0
2026-09-05,02:50:09 GMT,Bought: (ID: 22523588719)
2026-09-05,02:50:02 GMT,SENTINEL V6 MULTI-WINDOW SCAN >>>
2026-09-05,02:50:02 GMT,V6.2 DIAG | 5 1 11 0.24999999999999994 0.028571428571428567 -0.25000000000000006 -0.06666666666666667 0.4 -0.5 -0.55 7 1 0 0 1 1 1 1
2026-09-05,02:49:52 GMT,V6.2 BLOCK - final pressure/veto/active/timing gate failed or signal already used
2026-09-05,02:49:52 GMT,SENTINEL V6 MULTI-WINDOW SCAN >>>
2026-09-05,02:49:52 GMT,V6.2 DIAG | 3 1 11 0.24999999999999994 0.028571428571428567 -0.25000000000000006 -0.06666666666666667 0.4 -0.5 -0.55 6 2 1 0 0 0 1 1
2026-09-05,02:49:51 GMT,V6.2 BLOCK - final pressure/veto/active/timing gate failed or signal already used
2026-09-05,02:49:51 GMT,SENTINEL V6 MULTI-WINDOW SCAN >>>
2026-09-05,02:49:51 GMT,V6.2 DIAG | 5 0 11 0.14999999999999997 0.05714285714285714 -0.15000000000000002 -0.13333333333333336 0.35000000000000003 -0.5 -0.8 5 3 1 0 1 0 1 1
2026-09-05,02:49:51 GMT,V6.2 BLOCK - final pressure/veto/active/timing gate failed or signal already used
2026-09-05,02:49:51 GMT,SENTINEL V6 MULTI-WINDOW SCAN >>>
2026-09-05,02:49:51 GMT,V6.2 DIAG | 7 0 11 0.14999999999999997 0.05714285714285714 -0.15000000000000002 -0.13333333333333336 0.35000000000000003 -0.5 -0.8 5 3 1 0 1 0 1 0
2026-09-05,02:49:51 GMT,V6.2 BLOCK - final pressure/veto/active/timing gate failed or signal already used
2026-09-05,02:49:51 GMT,SENTINEL V6 MULTI-WINDOW SCAN >>>
2026-09-05,02:49:51 GMT,V6.2 DIAG | 0 0 11 0.09999999999999998 0.05714285714285714 -0.09999999999999998 -0.13333333333333336 -0.15 0.30000000000000004 -1.05 5 3 1 1 1 0 1 0
2026-09-05,02:49:51 GMT,V6.2 BLOCK - final pressure/veto/active/timing gate failed or signal already used
2026-09-05,02:49:51 GMT,SENTINEL V6 MULTI-WINDOW SCAN >>>
2026-09-05,02:49:51 GMT,V6.2 DIAG | 6 0 9 -0.050000000000000044 0.028571428571428574 0.04999999999999999 -0.06666666666666668 -0.15 0.30000000000000004 -0.4999999999999999 5 3 1 1 0 0 1 0
2026-09-05,02:49:51 GMT,V6.2 BLOCK - final pressure/veto/active/timing gate failed or signal already used
2026-09-05,02:49:51 GMT,SENTINEL V6 MULTI-WINDOW SCAN >>>
2026-09-05,02:49:51 GMT,V6.2 DIAG | 4 0 6 -0.15000000000000002 0.05714285714285715 0.14999999999999997 -0.13333333333333333 -0.15 0.25 -0.7500000000000002 4 4 1 1 0 0 1 0
2026-09-05,02:49:51 GMT,V6.2 BLOCK - final pressure/veto/active/timing gate failed or signal already used
2026-09-05,02:49:51 GMT,SENTINEL V6 MULTI-WINDOW SCAN >>>
2026-09-05,02:49:51 GMT,V6.2 DIAG | 0 0 6 -0.25000000000000006 0.02857142857142857 0.24999999999999994 -0.06666666666666665 -0.15 0.25 -0.2500000000000001 3 5 1 1 0 0 1 0
2026-09-05,02:49:50 GMT,V6.2 BLOCK - final pressure/veto/active/timing gate failed or signal already used
2026-09-05,02:49:50 GMT,SENTINEL V6 MULTI-WINDOW SCAN >>>
2026-09-05,02:49:50 GMT,V6.2 DIAG | 8 0 7 -0.39999999999999997 0.05714285714285714 0.4 -0.1333333333333333 -0.15 0 -0.2500000000000001 2 6 1 1 0 0 1 0
2026-09-05,02:49:50 GMT,V6.2 BLOCK - final pressure/veto/active/timing gate failed or signal already used
2026-09-05,02:49:50 GMT,SENTINEL V6 MULTI-WINDOW SCAN >>>
2026-09-05,02:49:50 GMT,V6.2 DIAG | 9 0 6 -0.3 0.02857142857142857 0.29999999999999993 -0.06666666666666665 -0.15 -0.5 0.5499999999999999 2 6 0 0 0 0 1 0
2026-09-05,02:49:50 GMT,V6.2 BLOCK - final pressure/veto/active/timing gate failed or signal already used
2026-09-05,02:49:50 GMT,SENTINEL V6 MULTI-WINDOW SCAN >>>
2026-09-05,02:49:50 GMT,V6.2 DIAG | 4 0 6 -0.35000000000000003 0.02857142857142857 0.35 -0.06666666666666665 -0.15 -0.75 0.8499999999999999 2 6 1 0 0 0 1 0
2026-09-05,02:49:50 GMT,V6.2 BLOCK - final pressure/veto/active/timing gate failed or signal already used
2026-09-05,02:49:50 GMT,SENTINEL V6 MULTI-WINDOW SCAN >>>
2026-09-05,02:49:50 GMT,V6.2 DIAG | 9 0 3 -0.49999999999999994 0 0.5 0 -0.4 -0.75 1.6500000000000001 2 6 1 1 0 0 1 0
2026-09-05,02:49:50 GMT,V6.2 BLOCK - final pressure/veto/active/timing gate failed or signal already used
2026-09-05,02:49:50 GMT,SENTINEL V6 MULTI-WINDOW SCAN >>>
2026-09-05,02:49:50 GMT,V6.2 DIAG | 3 0 2 -0.39999999999999997 -0.02857142857142857 0.39999999999999997 0.06666666666666665 -0.4 -0.75 1.9500000000000002 2 6 2 0 0 0 1 0
2026-09-05,02:49:42 GMT,V6.2 BLOCK - final pressure/veto/active/timing gate failed or signal already used
2026-09-05,02:49:42 GMT,SENTINEL V6 MULTI-WINDOW SCAN >>>
2026-09-05,02:49:42 GMT,V6.2 DIAG | 9 0 1 -0.39999999999999997 -0.08571428571428572 0.39999999999999997 0.19999999999999998 -0.4 0.05000000000000002 1.9500000000000002 1 7 2 1 0 0 1 0
2026-09-05,02:49:42 GMT,V6.2 BLOCK - final pressure/veto/active/timing gate failed or signal already used
2026-09-05,02:49:42 GMT,SENTINEL V6 MULTI-WINDOW SCAN >>>
2026-09-05,02:49:42 GMT,V6.2 DIAG | 9 0 1 -0.29999999999999993 -0.05714285714285715 0.3 0.13333333333333333 -0.4 0.05000000000000002 1.45 2 6 2 0 0 0 1 0
2026-09-05,02:49:41 GMT,V6.2 BLOCK - final pressure/veto/active/timing gate failed or signal already used
2026-09-05,02:49:41 GMT,SENTINEL V6 MULTI-WINDOW SCAN >>>
2026-09-05,02:49:41 GMT,V6.2 DIAG | 9 0 1 -0.29999999999999993 -0.05714285714285715 0.3 0.13333333333333333 -0.65 0.8 0.9500000000000001 3 5 2 1 0 0 1 0
2026-09-05,02:49:41 GMT,V6.2 BLOCK - final pressure/veto/active/timing gate failed or signal already used
2026-09-05,02:49:41 GMT,SENTINEL V6 MULTI-WINDOW SCAN >>>
2026-09-05,02:49:41 GMT,V6.2 DIAG | 9 0 1 -0.15000000000000002 -0.08571428571428572 0.15000000000000002 0.2 0.15000000000000002 0.8 0.4 4 4 2 1 0 0 1 0
2026-09-05,02:49:41 GMT,V6.2 BLOCK - final pressure/veto/active/timing gate failed or signal already used
2026-09-05,02:49:41 GMT,SENTINEL V6 MULTI-WINDOW SCAN >>>
2026-09-05,02:49:41 GMT,V6.2 DIAG | 8 0 2 -0.050000000000000044 -0.05714285714285714 0.050000000000000044 0.13333333333333336 0.15000000000000002 0.8 -0.1 4 4 2 1 0 0 1 0
2026-09-05,02:49:41 GMT,V6.2 BLOCK - final pressure/veto/active/timing gate failed or signal already used
2026-09-05,02:49:41 GMT,SENTINEL V6 MULTI-WINDOW SCAN >>>
2026-09-05,02:49:41 GMT,V6.2 DIAG | 2 0 5 -0.09999999999999998 0 0.10000000000000003 0 0.15000000000000002 0.05000000000000002 -0.1 5 3 1 1 0 0 1 0
2026-09-05,02:49:40 GMT,V6.2 BLOCK - final pressure/veto/active/timing gate failed or signal already used
2026-09-05,02:49:40 GMT,SENTINEL V6 MULTI-WINDOW SCAN >>>
2026-09-05,02:49:40 GMT,V6.2 DIAG | 8 0 9 -0.25 0.028571428571428574 0.25 -0.06666666666666668 0.15000000000000002 -0.20000000000000004 -0.1 5 3 1 1 0 0 1 0
2026-09-05,02:49:40 GMT,V6.2 BLOCK - final pressure/veto/active/timing gate failed or signal already used
2026-09-05,02:49:40 GMT,SENTINEL V6 MULTI-WINDOW SCAN >>>
2026-09-05,02:49:40 GMT,V6.2 DIAG | 7 0 6 -0.09999999999999998 0 0.10000000000000003 0 0.9500000000000001 -0.75 -0.1 5 3 1 1 0 0 1 0
2026-09-05,02:49:40 GMT,V6.2 BLOCK - final pressure/veto/active/timing gate failed or signal already used
2026-09-05,02:49:40 GMT,SENTINEL V6 MULTI-WINDOW SCAN >>>
2026-09-05,02:49:40 GMT,V6.2 DIAG | 4 0 8 0 0.028571428571428567 0 -0.06666666666666667 0.45 -0.75 -0.1 5 3 2 1 0 0 1 0
2026-09-05,02:49:40 GMT,V6.2 BLOCK - final pressure/veto/active/timing gate failed or signal already used
2026-09-05,02:49:40 GMT,SENTINEL V6 MULTI-WINDOW SCAN >>>
2026-09-05,02:49:40 GMT,V6.2 DIAG | 4 0 8 -0.09999999999999998 0.05714285714285714 0.10000000000000003 -0.13333333333333336 0.2 -0.8 -0.1 5 3 2 0 0 0 1 0
2026-09-05,02:49:33 GMT,V6.2 BLOCK - final pressure/veto/active/timing gate failed or signal already used
2026-09-05,02:49:33 GMT,SENTINEL V6 MULTI-WINDOW SCAN >>>
2026-09-05,02:49:33 GMT,V6.2 DIAG | 3 0 5 -0.09999999999999998 0 0.10000000000000003 0 0.2 0 -0.1 5 3 2 0 0 0 1 0
2026-09-05,02:49:33 GMT,V6.2 BLOCK - final pressure/veto/active/timing gate failed or signal already used
2026-09-05,02:49:33 GMT,SENTINEL V6 MULTI-WINDOW SCAN >>>
2026-09-05,02:49:33 GMT,V6.2 DIAG | 7 0 2 -0.050000000000000044 -0.05714285714285714 0.050000000000000044 0.13333333333333336 0.2 0.75 -0.1 4 4 2 1 0 0 1 0
2026-09-05,02:49:32 GMT,V6.2 BLOCK - final pressure/veto/active/timing gate failed or signal already used
2026-09-05,02:49:32 GMT,SENTINEL V6 MULTI-WINDOW SCAN >>>
2026-09-05,02:49:32 GMT,V6.2 DIAG | 2 0 6 0.04999999999999993 -0.028571428571428567 -0.04999999999999999 0.06666666666666667 -0.30000000000000004 0.75 -0.1 5 3 2 1 0 0 1 0
2026-09-05,02:49:32 GMT,V6.2 BLOCK - final pressure/veto/active/timing gate failed or signal already used
2026-09-05,02:49:32 GMT,SENTINEL V6 MULTI-WINDOW SCAN >>>
2026-09-05,02:49:32 GMT,V6.2 DIAG | 0 0 5 -0.09999999999999998 0 0.10000000000000003 0 -0.30000000000000004 0.5 -0.1 5 3 2 1 0 0 1 0
2026-09-05,02:49:32 GMT,V6.2 BLOCK - final pressure/veto/active/timing gate failed or signal already used
2026-09-05,02:49:32 GMT,SENTINEL V6 MULTI-WINDOW SCAN >>>
2026-09-05,02:49:32 GMT,V6.2 DIAG | 8 0 4 -0.25 -0.028571428571428574 0.25 0.06666666666666668 0.5 0.5 -0.35000000000000003 5 3 2 1 0 0 1 0
2026-09-05,02:49:31 GMT,V6.2 BLOCK - final pressure/veto/active/timing gate failed or signal already used
2026-09-05,02:49:31 GMT,SENTINEL V6 MULTI-WINDOW SCAN >>>
2026-09-05,02:49:31 GMT,V6.2 DIAG | 8 0 5 -0.15000000000000002 0 0.15000000000000002 0 0.5 0 -0.35000000000000003 5 3 2 1 0 0 1 0
2026-09-05,02:49:31 GMT,V6.2 BLOCK - final pressure/veto/active/timing gate failed or signal already used
2026-09-05,02:49:31 GMT,SENTINEL V6 MULTI-WINDOW SCAN >>>
2026-09-05,02:49:31 GMT,V6.2 DIAG | 5 0 9 -0.050000000000000044 0.028571428571428567 0.04999999999999999 -0.06666666666666667 0.5 -0.5 -0.35000000000000003 5 3 1 0 0 0 1 0
2026-09-05,02:49:31 GMT,V6.2 BLOCK - final pressure/veto/active/timing gate failed or signal already used
2026-09-05,02:49:31 GMT,SENTINEL V6 MULTI-WINDOW SCAN >>>
2026-09-05,02:49:31 GMT,V6.2 DIAG | 6 0 9 -0.050000000000000044 0.028571428571428567 0.04999999999999999 -0.06666666666666667 0.5 -0.5 -0.35000000000000003 5 3 1 0 0 0 1 0
2026-09-05,02:49:30 GMT,V6.2 BLOCK - final pressure/veto/active/timing gate failed or signal already used
2026-09-05,02:49:30 GMT,SENTINEL V6 MULTI-WINDOW SCAN >>>
2026-09-05,02:49:30 GMT,V6.2 DIAG | 7 0 5 -0.050000000000000044 -0.028571428571428567 0.04999999999999999 0.06666666666666667 0.5 0.30000000000000004 -0.35000000000000003 5 3 1 1 0 0 1 0
2026-09-05,02:49:30 GMT,V6.2 BLOCK - final pressure/veto/active/timing gate failed or signal already used
2026-09-05,02:49:30 GMT,SENTINEL V6 MULTI-WINDOW SCAN >>>
2026-09-05,02:49:30 GMT,V6.2 DIAG | 4 0 7 0.050000000000000044 -0.057142857142857134 -0.04999999999999999 0.13333333333333333 0 0.30000000000000004 0.45 6 2 1 1 0 0 1 0
2026-09-05,02:49:29 GMT,Loss amount: -3
2026-09-05,02:49:29 GMT,V6.2 DIAG | 2 0 7 0.050000000000000044 -0.057142857142857134 -0.04999999999999999 0.13333333333333333 0 0.30000000000000004 0.45 6 2 1 1 0 0 0 1
2026-09-05,02:49:28 GMT,V6.2 DIAG | 6 0 7 0.050000000000000044 -0.057142857142857134 -0.04999999999999999 0.13333333333333333 0 0.30000000000000004 0.45 6 2 1 1 0 0 0 1
2026-09-05,02:49:27 GMT,V6.2 DIAG | 8 0 5 -0.10000000000000009 -0.028571428571428567 0.09999999999999998 0.06666666666666667 0 0.05000000000000002 0.45 6 2 1 1 0 0 0 1
2026-09-05,02:49:27 GMT,V6.2 DIAG | 9 1 9 -0.10000000000000009 0.028571428571428567 0.09999999999999998 -0.06666666666666667 0 -0.45 0.15000000000000002 7 1 0 1 0 0 0 1
2026-09-05,02:49:21 GMT,Bought: (ID: 22523522739)
2026-09-05,02:49:20 GMT,SENTINEL V6 MULTI-WINDOW SCAN >>>
2026-09-05,02:49:20 GMT,V6.2 DIAG | 0 1 12 0.050000000000000044 0.057142857142857134 -0.04999999999999999 -0.13333333333333333 -0.05 -0.45 -0.35000000000000003 6 2 1 0 1 1 0 1
2026-09-05,02:49:20 GMT,V6.2 BLOCK - final pressure/veto/active/timing gate failed or signal already used
2026-09-05,02:49:20 GMT,SENTINEL V6 MULTI-WINDOW SCAN >>>
2026-09-05,02:49:20 GMT,V6.2 DIAG | 2 1 9 -0.10000000000000009 0.028571428571428567 0.09999999999999998 -0.06666666666666667 -0.05 0.1 -0.35000000000000003 6 2 1 0 0 0 0 1
2026-09-05,02:49:19 GMT,V6.2 BLOCK - final pressure/veto/active/timing gate failed or signal already used
2026-09-05,02:49:19 GMT,SENTINEL V6 MULTI-WINDOW SCAN >>>
2026-09-05,02:49:19 GMT,V6.2 DIAG | 0 0 5 -0.10000000000000009 -0.028571428571428567 0.09999999999999998 0.06666666666666667 -0.05 0.1 0.45 6 2 1 1 0 0 0 1
2026-09-05,02:49:19 GMT,V6.2 BLOCK - final pressure/veto/active/timing gate failed or signal already used
2026-09-05,02:49:19 GMT,SENTINEL V6 MULTI-WINDOW SCAN >>>
2026-09-05,02:49:19 GMT,V6.2 DIAG | 2 0 5 -0.20000000000000007 0 0.2 0 -0.05 -0.15000000000000002 0.4 5 3 2 0 0 0 0 1
2026-09-05,02:49:19 GMT,V6.2 BLOCK - final pressure/veto/active/timing gate failed or signal already used
2026-09-05,02:49:19 GMT,SENTINEL V6 MULTI-WINDOW SCAN >>>
2026-09-05,02:49:19 GMT,V6.2 DIAG | 2 0 5 -0.20000000000000007 0 0.2 0 -0.05 -0.15000000000000002 0.4 5 3 2 1 0 0 0 1
2026-09-05,02:49:16 GMT,V6.2 BLOCK - final pressure/veto/active/timing gate failed or signal already used
2026-09-05,02:49:16 GMT,SENTINEL V6 MULTI-WINDOW SCAN >>>
2026-09-05,02:49:16 GMT,V6.2 DIAG | 8 0 6 -0.35 0.028571428571428574 0.35 -0.06666666666666668 -0.05 -0.3999999999999999 0.4 4 4 3 1 0 0 0 1
2026-09-05,02:49:16 GMT,V6.2 BLOCK - final pressure/veto/active/timing gate failed or signal already used
2026-09-05,02:49:16 GMT,SENTINEL V6 MULTI-WINDOW SCAN >>>
2026-09-05,02:49:16 GMT,V6.2 DIAG | 9 0 5 -0.25 0 0.25 0 -0.05 -0.10000000000000003 0.4 5 3 2 1 0 0 0 1
2026-09-05,02:49:15 GMT,V6.2 BLOCK - final pressure/veto/active/timing gate failed or signal already used
2026-09-05,02:49:15 GMT,SENTINEL V6 MULTI-WINDOW SCAN >>>
2026-09-05,02:49:15 GMT,V6.2 DIAG | 1 0 9 -0.15000000000000002 0.028571428571428567 0.15 -0.06666666666666667 -0.05 -0.10000000000000003 -0.1 5 3 3 1 0 0 0 1
2026-09-05,02:49:15 GMT,V6.2 BLOCK - final pressure/veto/active/timing gate failed or signal already used
2026-09-05,02:49:15 GMT,SENTINEL V6 MULTI-WINDOW SCAN >>>
2026-09-05,02:49:15 GMT,V6.2 DIAG | 5 0 5 -0.10000000000000009 -0.028571428571428567 0.09999999999999998 0.06666666666666667 -0.05 0.7 -0.15 5 3 3 1 0 0 0 1
2026-09-05,02:49:14 GMT,Profit amount: 1.53
2026-09-05,02:49:14 GMT,V6.2 DIAG | 4 0 5 -0.10000000000000009 -0.028571428571428567 0.09999999999999998 0.06666666666666667 -0.05 0.7 -0.15 5 3 3 1 0 0 2 0
2026-09-05,02:49:13 GMT,V6.2 DIAG | 8 0 5 -0.050000000000000044 -0.08571428571428572 0.04999999999999999 0.2 -0.05 1.5 -0.2 5 3 3 1 0 0 2 0
2026-09-05,02:49:12 GMT,V6.2 DIAG | 3 0 7 0.050000000000000044 -0.057142857142857134 -0.04999999999999999 0.13333333333333333 -0.05 1 -0.2 6 2 2 1 0 0 2 0
2026-09-05,02:49:12 GMT,V6.2 DIAG | 8 0 7 0.10000000000000009 -0.057142857142857134 -0.09999999999999998 0.13333333333333333 -0.05 0.9500000000000001 -0.2 6 2 2 1 0 0 2 0
2026-09-05,02:49:12 GMT,Bought: (ID: 22523496619)
2026-09-05,02:49:01 GMT,SENTINEL V6 MULTI-WINDOW SCAN >>>
2026-09-05,02:49:01 GMT,V6.2 DIAG | 5 1 12 0.25 0.028571428571428567 -0.24999999999999997 -0.06666666666666667 -0.05 -0.1 -0.5 8 0 0 0 1 1 2 1
2026-09-05,02:49:01 GMT,V6.2 BLOCK - final pressure/veto/active/timing gate failed or signal already used
2026-09-05,02:49:01 GMT,SENTINEL V6 MULTI-WINDOW SCAN >>>
2026-09-05,02:49:01 GMT,V6.2 DIAG | 3 0 12 0.25 0.028571428571428567 -0.24999999999999997 -0.06666666666666667 -0.05 -0.1 -0.5 8 0 0 0 0 0 2 1
2026-09-05,02:49:00 GMT,V6.2 BLOCK - final pressure/veto/active/timing gate failed or signal already used
2026-09-05,02:49:00 GMT,SENTINEL V6 MULTI-WINDOW SCAN >>>
2026-09-05,02:49:00 GMT,V6.2 DIAG | 4 0 12 0.10000000000000009 0.057142857142857134 -0.09999999999999998 -0.13333333333333333 -0.30000000000000004 -0.1 -0.5 7 1 0 0 1 0 2 0
2026-09-05,02:49:00 GMT,V6.2 BLOCK - final pressure/veto/active/timing gate failed or signal already used
2026-09-05,02:49:00 GMT,SENTINEL V6 MULTI-WINDOW SCAN >>>
2026-09-05,02:49:00 GMT,V6.2 DIAG | 1 1 12 0.10000000000000009 0.057142857142857134 -0.09999999999999998 -0.13333333333333333 -0.30000000000000004 -0.1 -0.5 7 1 0 0 1 0 2 0
2026-09-05,02:49:00 GMT,V6.2 BLOCK - final pressure/veto/active/timing gate failed or signal already used
2026-09-05,02:49:00 GMT,SENTINEL V6 MULTI-WINDOW SCAN >>>
2026-09-05,02:49:00 GMT,V6.2 DIAG | 3 0 12 0.15000000000000002 0.057142857142857134 -0.14999999999999997 -0.13333333333333333 -0.35000000000000003 -0.1 -0.5 6 2 0 0 1 0 2 1
2026-09-05,02:49:00 GMT,V6.2 BLOCK - final pressure/veto/active/timing gate failed or signal already used
2026-09-05,02:49:00 GMT,SENTINEL V6 MULTI-WINDOW SCAN >>>
2026-09-05,02:49:00 GMT,V6.2 DIAG | 3 0 8 0.15000000000000002 0 -0.14999999999999997 0 -0.35000000000000003 -0.1 0.30000000000000004 6 2 0 0 0 0 2 0
2026-09-05,02:49:00 GMT,V6.2 BLOCK - final pressure/veto/active/timing gate failed or signal already used
2026-09-05,02:49:00 GMT,SENTINEL V6 MULTI-WINDOW SCAN >>>
2026-09-05,02:49:00 GMT,V6.2 DIAG | 1 0 9 0 0.028571428571428567 0 -0.06666666666666667 -0.35000000000000003 -0.1 0.05000000000000002 6 2 0 0 0 0 2 0
2026-09-05,02:48:52 GMT,V6.2 BLOCK - final pressure/veto/active/timing gate failed or signal already used
2026-09-05,02:48:52 GMT,SENTINEL V6 MULTI-WINDOW SCAN >>>
2026-09-05,02:48:52 GMT,V6.2 DIAG | 1 0 5 0 -0.028571428571428567 0 0.06666666666666667 0.45 -0.1 0.05000000000000002 6 2 0 0 0 0 2 0
2026-09-05,02:48:51 GMT,V6.2 BLOCK - final pressure/veto/active/timing gate failed or signal already used
2026-09-05,02:48:51 GMT,SENTINEL V6 MULTI-WINDOW SCAN >>>
2026-09-05,02:48:51 GMT,V6.2 DIAG | 1 0 5 0 -0.028571428571428567 0 0.06666666666666667 0.45 -0.1 0.05000000000000002 5 3 0 0 0 0 2 0
2026-09-05,02:48:51 GMT,V6.2 BLOCK - final pressure/veto/active/timing gate failed or signal already used
2026-09-05,02:48:51 GMT,SENTINEL V6 MULTI-WINDOW SCAN >>>
2026-09-05,02:48:51 GMT,V6.2 DIAG | 9 0 7 0.04999999999999993 -0.028571428571428567 -0.04999999999999999 0.06666666666666667 0.45 -0.1 0 5 3 0 1 0 0 2 0
2026-09-05,02:48:51 GMT,V6.2 BLOCK - final pressure/veto/active/timing gate failed or signal already used
2026-09-05,02:48:51 GMT,SENTINEL V6 MULTI-WINDOW SCAN >>>
2026-09-05,02:48:51 GMT,V6.2 DIAG | 4 0 8 0.15000000000000002 0 -0.14999999999999997 0 0.45 -0.1 -0.5 6 2 0 0 0 0 2 0
2026-09-05,02:48:51 GMT,V6.2 BLOCK - final pressure/veto/active/timing gate failed or signal already used
2026-09-05,02:48:51 GMT,SENTINEL V6 MULTI-WINDOW SCAN >>>
2026-09-05,02:48:51 GMT,V6.2 DIAG | 7 0 5 0 -0.028571428571428567 0 0.06666666666666667 0.45 -0.1 0.05000000000000002 6 2 0 1 0 0 2 0
2026-09-05,02:48:51 GMT,V6.2 BLOCK - final pressure/veto/active/timing gate failed or signal already used
2026-09-05,02:48:51 GMT,SENTINEL V6 MULTI-WINDOW SCAN >>>
2026-09-05,02:48:51 GMT,V6.2 DIAG | 0 0 8 0.10000000000000009 0 -0.09999999999999998 0 -0.05 -0.1 0.05000000000000002 7 1 0 0 0 0 2 0
2026-09-05,02:48:50 GMT,V6.2 BLOCK - final pressure/veto/active/timing gate failed or signal already used
2026-09-05,02:48:50 GMT,SENTINEL V6 MULTI-WINDOW SCAN >>>
2026-09-05,02:48:50 GMT,V6.2 DIAG | 5 0 10 -0.050000000000000044 0.028571428571428567 0.04999999999999999 -0.06666666666666667 -0.05 -0.1 -0.20000000000000004 6 2 0 1 0 0 2 0
2026-09-05,02:48:50 GMT,V6.2 BLOCK - final pressure/veto/active/timing gate failed or signal already used
2026-09-05,02:48:50 GMT,SENTINEL V6 MULTI-WINDOW SCAN >>>
2026-09-05,02:48:50 GMT,V6.2 DIAG | 0 0 10 -0.050000000000000044 0.028571428571428567 0.04999999999999999 -0.06666666666666667 -0.05 -0.1 -0.20000000000000004 6 2 0 1 0 0 2 0
2026-09-05,02:48:50 GMT,V6.2 BLOCK - final pressure/veto/active/timing gate failed or signal already used
2026-09-05,02:48:50 GMT,SENTINEL V6 MULTI-WINDOW SCAN >>>
2026-09-05,02:48:50 GMT,V6.2 DIAG | 9 0 10 -0.20000000000000007 0.05714285714285714 0.2 -0.13333333333333336 -0.05 -0.35000000000000003 -0.20000000000000004 5 3 0 1 0 0 2 0
2026-09-05,02:48:50 GMT,V6.2 BLOCK - final pressure/veto/active/timing gate failed or signal already used
2026-09-05,02:48:50 GMT,SENTINEL V6 MULTI-WINDOW SCAN >>>
2026-09-05,02:48:50 GMT,V6.2 DIAG | 4 0 9 -0.10000000000000009 0.028571428571428567 0.09999999999999998 -0.06666666666666667 -0.05 -0.35000000000000003 0.1 6 2 0 1 0 0 2 0
2026-09-05,02:48:41 GMT,V6.2 BLOCK - final pressure/veto/active/timing gate failed or signal already used
2026-09-05,02:48:41 GMT,SENTINEL V6 MULTI-WINDOW SCAN >>>
2026-09-05,02:48:41 GMT,V6.2 DIAG | 1 0 9 -0.10000000000000009 0.028571428571428567 0.09999999999999998 -0.06666666666666667 -0.05 -0.35000000000000003 0.1 5 3 1 1 0 0 2 0
2026-09-05,02:48:41 GMT,V6.2 BLOCK - final pressure/veto/active/timing gate failed or signal already used
2026-09-05,02:48:41 GMT,SENTINEL V6 MULTI-WINDOW SCAN >>>
2026-09-05,02:48:41 GMT,V6.2 DIAG | 5 0 6 -0.25 0 0.25 0 -0.05 -0.6000000000000001 0.9 5 3 1 1 0 0 2 0
2026-09-05,02:48:41 GMT,V6.2 BLOCK - final pressure/veto/active/timing gate failed or signal already used
2026-09-05,02:48:41 GMT,SENTINEL V6 MULTI-WINDOW SCAN >>>
2026-09-05,02:48:41 GMT,V6.2 DIAG | 0 0 9 -0.4 0.028571428571428574 0.4 -0.06666666666666668 -0.05 -0.6000000000000001 0.65 5 3 1 1 0 0 2 0
2026-09-05,02:48:40 GMT,V6.2 BLOCK - final pressure/veto/active/timing gate failed or signal already used
2026-09-05,02:48:40 GMT,SENTINEL V6 MULTI-WINDOW SCAN >>>
2026-09-05,02:48:40 GMT,V6.2 DIAG | 9 0 2 -0.35 -0.028571428571428574 0.35 0.06666666666666668 -0.05 0.2 0.6 4 4 2 1 0 0 2 0
2026-09-05,02:48:40 GMT,V6.2 BLOCK - final pressure/veto/active/timing gate failed or signal already used
2026-09-05,02:48:40 GMT,SENTINEL V6 MULTI-WINDOW SCAN >>>
2026-09-05,02:48:40 GMT,V6.2 DIAG | 4 0 2 -0.25 0 0.25 0 -0.05 0.2 0.1 4 4 2 1 0 0 2 0
2026-09-05,02:48:40 GMT,V6.2 BLOCK - final pressure/veto/active/timing gate failed or signal already used
2026-09-05,02:48:40 GMT,SENTINEL V6 MULTI-WINDOW SCAN >>>
2026-09-05,02:48:40 GMT,V6.2 DIAG | 9 0 2 -0.25 0 0.25 0 -0.05 0.2 0.1 4 4 2 1 0 0 2 0
2026-09-05,02:48:39 GMT,V6.2 BLOCK - final pressure/veto/active/timing gate failed or signal already used
2026-09-05,02:48:39 GMT,SENTINEL V6 MULTI-WINDOW SCAN >>>
2026-09-05,02:48:39 GMT,V6.2 DIAG | 6 0 5 -0.15000000000000002 -0.028571428571428567 0.15 0.06666666666666667 -0.05 1 -0.4 5 3 2 1 0 0 2 0
2026-09-05,02:48:39 GMT,V6.2 BLOCK - final pressure/veto/active/timing gate failed or signal already used
2026-09-05,02:48:39 GMT,SENTINEL V6 MULTI-WINDOW SCAN >>>
2026-09-05,02:48:39 GMT,V6.2 DIAG | 8 0 4 -0.25 -0.05714285714285714 0.25 0.13333333333333336 -0.30000000000000004 1 0.35000000000000003 5 3 2 1 0 0 2 0
2026-09-05,02:48:39 GMT,V6.2 BLOCK - final pressure/veto/active/timing gate failed or signal already used
2026-09-05,02:48:39 GMT,SENTINEL V6 MULTI-WINDOW SCAN >>>
2026-09-05,02:48:39 GMT,V6.2 DIAG | 5 0 5 -0.15000000000000002 -0.028571428571428567 0.15 0.06666666666666667 -0.30000000000000004 0.5 0.35000000000000003 6 2 1 1 0 0 2 0
2026-09-05,02:48:38 GMT,V6.2 BLOCK - final pressure/veto/active/timing gate failed or signal already used
2026-09-05,02:48:38 GMT,SENTINEL V6 MULTI-WINDOW SCAN >>>
2026-09-05,02:48:38 GMT,V6.2 DIAG | 2 0 5 -0.10000000000000009 -0.028571428571428567 0.09999999999999998 0.06666666666666667 -0.35000000000000003 0.5 0.35000000000000003 5 3 1 1 0 0 2 0
2026-09-05,02:48:38 GMT,V6.2 BLOCK - final pressure/veto/active/timing gate failed or signal already used
2026-09-05,02:48:38 GMT,SENTINEL V6 MULTI-WINDOW SCAN >>>
2026-09-05,02:48:38 GMT,V6.2 DIAG | 8 0 5 -0.10000000000000009 -0.028571428571428567 0.09999999999999998 0.06666666666666667 -0.35000000000000003 0.5 0.35000000000000003 5 3 1 1 0 0 2 0
2026-09-05,02:48:37 GMT,V6.2 BLOCK - final pressure/veto/active/timing gate failed or signal already used
2026-09-05,02:48:37 GMT,SENTINEL V6 MULTI-WINDOW SCAN >>>
2026-09-05,02:48:37 GMT,V6.2 DIAG | 9 0 6 0 0 0 0 -0.35000000000000003 0 0.35000000000000003 6 2 0 0 0 0 2 0
2026-09-05,02:48:37 GMT,V6.2 BLOCK - final pressure/veto/active/timing gate failed or signal already used
2026-09-05,02:48:37 GMT,SENTINEL V6 MULTI-WINDOW SCAN >>>
2026-09-05,02:48:37 GMT,V6.2 DIAG | 1 0 6 -0.04999999999999993 0 0.05000000000000002 0 0.45 0 -0.4 7 1 0 1 0 0 2 0
2026-09-05,02:48:36 GMT,Profit amount: 1.53
2026-09-05,02:48:36 GMT,V6.2 DIAG | 5 0 6 0 0 0 0 0.4 0 -0.4 7 1 0 0 0 0 1 0
2026-09-05,02:48:35 GMT,V6.2 DIAG | 5 0 6 0 0 0 0 0.4 0 -0.4 6 2 0 0 0 0 1 0
2026-09-05,02:48:34 GMT,V6.2 DIAG | 2 0 6 0 0 0 0 0.4 0 -0.4 6 2 0 0 0 0 1 0
2026-09-05,02:48:34 GMT,V6.2 DIAG | 7 0 8 0.050000000000000044 0 -0.04999999999999999 0 0.35000000000000003 0 -0.4 6 2 0 1 0 0 1 0
2026-09-05,02:48:34 GMT,Bought: (ID: 22523439239)
2026-09-05,02:48:25 GMT,SENTINEL V6 MULTI-WINDOW SCAN >>>
2026-09-05,02:48:25 GMT,V6.2 DIAG | 4 1 12 0.20000000000000007 0.028571428571428567 -0.19999999999999998 -0.06666666666666667 -0.15 -0.1 -0.35000000000000003 8 0 0 0 1 1 1 1
2026-09-05,02:48:25 GMT,V6.2 BLOCK - final pressure/veto/active/timing gate failed or signal already used
2026-09-05,02:48:25 GMT,SENTINEL V6 MULTI-WINDOW SCAN >>>
2026-09-05,02:48:25 GMT,V6.2 DIAG | 1 0 12 0.20000000000000007 0.028571428571428567 -0.19999999999999998 -0.06666666666666667 -0.15 -0.1 -0.35000000000000003 7 1 0 0 1 0 1 1
2026-09-05,02:48:15 GMT,V6.2 BLOCK - final pressure/veto/active/timing gate failed or signal already used
2026-09-05,02:48:15 GMT,SENTINEL V6 MULTI-WINDOW SCAN >>>
2026-09-05,02:48:15 GMT,V6.2 DIAG | 3 0 12 0.20000000000000007 0.028571428571428567 -0.19999999999999998 -0.06666666666666667 -0.15 -0.1 -0.35000000000000003 7 1 0 0 0 0 1 0
2026-09-05,02:48:15 GMT,V6.2 BLOCK - final pressure/veto/active/timing gate failed or signal already used
2026-09-05,02:48:15 GMT,SENTINEL V6 MULTI-WINDOW SCAN >>>
2026-09-05,02:48:15 GMT,V6.2 DIAG | 3 0 12 0.050000000000000044 0.057142857142857134 -0.04999999999999999 -0.13333333333333333 -0.15 -0.1 -0.6000000000000001 7 1 0 0 1 0 1 0
2026-09-05,02:48:15 GMT,V6.2 BLOCK - final pressure/veto/active/timing gate failed or signal already used
2026-09-05,02:48:15 GMT,SENTINEL V6 MULTI-WINDOW SCAN >>>
2026-09-05,02:48:15 GMT,V6.2 DIAG | 4 0 8 0.050000000000000044 0 -0.04999999999999999 0 -0.15 -0.1 0.2 7 1 0 1 0 0 1 0
2026-09-05,02:48:14 GMT,V6.2 BLOCK - final pressure/veto/active/timing gate failed or signal already used
2026-09-05,02:48:14 GMT,SENTINEL V6 MULTI-WINDOW SCAN >>>
2026-09-05,02:48:14 GMT,V6.2 DIAG | 0 0 9 -0.10000000000000009 0.028571428571428567 0.09999999999999998 -0.06666666666666667 -0.4 -0.1 0.2 6 2 0 0 0 0 1 0
2026-09-05,02:48:14 GMT,V6.2 BLOCK - final pressure/veto/active/timing gate failed or signal already used
2026-09-05,02:48:14 GMT,SENTINEL V6 MULTI-WINDOW SCAN >>>
2026-09-05,02:48:14 GMT,V6.2 DIAG | 3 0 9 -0.10000000000000009 0.028571428571428567 0.09999999999999998 -0.06666666666666667 -0.4 -0.1 0.2 6 2 0 0 0 0 1 0
2026-09-05,02:48:14 GMT,V6.2 BLOCK - final pressure/veto/active/timing gate failed or signal already used
2026-09-05,02:48:14 GMT,SENTINEL V6 MULTI-WINDOW SCAN >>>
2026-09-05,02:48:14 GMT,V6.2 DIAG | 4 0 9 -0.050000000000000044 0.028571428571428567 0.04999999999999999 -0.06666666666666667 -0.45 -0.1 0.2 5 3 0 0 0 0 1 0
2026-09-05,02:48:14 GMT,V6.2 BLOCK - final pressure/veto/active/timing gate failed or signal already used
2026-09-05,02:48:14 GMT,SENTINEL V6 MULTI-WINDOW SCAN >>>
2026-09-05,02:48:14 GMT,V6.2 DIAG | 9 0 6 0 -0.028571428571428567 0 0.06666666666666667 -0.45 -0.15 1 5 3 0 1 0 0 1 0
2026-09-05,02:48:14 GMT,V6.2 BLOCK - final pressure/veto/active/timing gate failed or signal already used
2026-09-05,02:48:14 GMT,SENTINEL V6 MULTI-WINDOW SCAN >>>
2026-09-05,02:48:14 GMT,V6.2 DIAG | 0 0 9 0 0.028571428571428567 0 -0.06666666666666667 -0.7000000000000001 -0.2 0.5 6 2 0 0 0 0 1 0
2026-09-05,02:48:14 GMT,V6.2 BLOCK - final pressure/veto/active/timing gate failed or signal already used
2026-09-05,02:48:14 GMT,SENTINEL V6 MULTI-WINDOW SCAN >>>
2026-09-05,02:48:14 GMT,V6.2 DIAG | 0 0 5 0 -0.028571428571428567 0 0.06666666666666667 0.1 -0.2 0.5 6 2 0 0 0 0 1 0
2026-09-05,02:48:14 GMT,V6.2 BLOCK - final pressure/veto/active/timing gate failed or signal already used
2026-09-05,02:48:14 GMT,SENTINEL V6 MULTI-WINDOW SCAN >>>
2026-09-05,02:48:14 GMT,V6.2 DIAG | 4 0 5 0 -0.028571428571428567 0 0.06666666666666667 0.1 -0.2 0.5 5 3 0 1 0 0 1 0
2026-09-05,02:48:14 GMT,V6.2 BLOCK - final pressure/veto/active/timing gate failed or signal already used
2026-09-05,02:48:14 GMT,SENTINEL V6 MULTI-WINDOW SCAN >>>
2026-09-05,02:48:14 GMT,V6.2 DIAG | 9 0 6 -0.15000000000000002 0 0.15000000000000002 0 -0.15000000000000002 -0.2 0.5 5 3 0 1 0 0 1 0
2026-09-05,02:48:04 GMT,V6.2 BLOCK - final pressure/veto/active/timing gate failed or signal already used
2026-09-05,02:48:04 GMT,SENTINEL V6 MULTI-WINDOW SCAN >>>
2026-09-05,02:48:04 GMT,V6.2 DIAG | 0 0 10 0 0.028571428571428567 0 -0.06666666666666667 -0.20000000000000004 -0.2 0 6 2 0 0 0 0 1 0
2026-09-05,02:48:04 GMT,V6.2 BLOCK - final pressure/veto/active/timing gate failed or signal already used
2026-09-05,02:48:04 GMT,SENTINEL V6 MULTI-WINDOW SCAN >>>
2026-09-05,02:48:04 GMT,V6.2 DIAG | 7 0 7 0.04999999999999993 -0.028571428571428567 -0.04999999999999999 0.06666666666666667 0.6 -0.25 0 5 3 0 1 0 0 1 0
2026-09-05,02:48:04 GMT,V6.2 BLOCK - final pressure/veto/active/timing gate failed or signal already used
2026-09-05,02:48:04 GMT,SENTINEL V6 MULTI-WINDOW SCAN >>>
2026-09-05,02:48:04 GMT,V6.2 DIAG | 1 0 10 0.04999999999999993 0.028571428571428567 -0.04999999999999999 -0.06666666666666667 0.1 -0.55 0 6 2 0 0 0 0 1 0
2026-09-05,02:48:04 GMT,V6.2 BLOCK - final pressure/veto/active/timing gate failed or signal already used
2026-09-05,02:48:04 GMT,SENTINEL V6 MULTI-WINDOW SCAN >>>
2026-09-05,02:48:04 GMT,V6.2 DIAG | 4 0 10 0.04999999999999993 0.028571428571428567 -0.04999999999999999 -0.06666666666666667 0.1 -0.55 0 6 2 0 0 0 0 1 0
2026-09-05,02:48:03 GMT,V6.2 BLOCK - final pressure/veto/active/timing gate failed or signal already used
2026-09-05,02:48:03 GMT,SENTINEL V6 MULTI-WINDOW SCAN >>>
2026-09-05,02:48:03 GMT,V6.2 DIAG | 2 0 6 -0.09999999999999998 0 0.10000000000000003 0 0.9 -0.8 0 5 3 1 0 0 0 1 0
2026-09-05,02:48:03 GMT,V6.2 BLOCK - final pressure/veto/active/timing gate failed or signal already used
2026-09-05,02:48:03 GMT,SENTINEL V6 MULTI-WINDOW SCAN >>>
2026-09-05,02:48:03 GMT,V6.2 DIAG | 7 0 6 -0.09999999999999998 0 0.10000000000000003 0 0.9 -0.8 0 5 3 1 1 0 0 1 0
2026-09-05,02:48:03 GMT,V6.2 BLOCK - final pressure/veto/active/timing gate failed or signal already used
2026-09-05,02:48:03 GMT,SENTINEL V6 MULTI-WINDOW SCAN >>>
2026-09-05,02:48:03 GMT,V6.2 DIAG | 2 0 8 0 0.028571428571428567 0 -0.06666666666666667 0.4 -0.8 0 5 3 2 0 0 0 1 0
2026-09-05,02:48:03 GMT,V6.2 BLOCK - final pressure/veto/active/timing gate failed or signal already used
2026-09-05,02:48:03 GMT,SENTINEL V6 MULTI-WINDOW SCAN >>>
2026-09-05,02:48:03 GMT,V6.2 DIAG | 2 0 6 0.04999999999999993 -0.028571428571428567 -0.04999999999999999 0.06666666666666667 0.4 -0.04999999999999999 0 5 3 2 0 0 0 1 0
2026-09-05,02:48:03 GMT,V6.2 BLOCK - final pressure/veto/active/timing gate failed or signal already used
2026-09-05,02:48:03 GMT,SENTINEL V6 MULTI-WINDOW SCAN >>>
2026-09-05,02:48:03 GMT,V6.2 DIAG | 7 0 6 0.04999999999999993 -0.028571428571428567 -0.04999999999999999 0.06666666666666667 0.4 -0.04999999999999999 0 5 3 2 1 0 0 1 0
2026-09-05,02:48:03 GMT,V6.2 BLOCK - final pressure/veto/active/timing gate failed or signal already used
2026-09-05,02:48:03 GMT,SENTINEL V6 MULTI-WINDOW SCAN >>>
2026-09-05,02:48:03 GMT,V6.2 DIAG | 4 0 7 0.15000000000000002 -0.057142857142857134 -0.14999999999999997 0.13333333333333333 -0.1 0.75 0 6 2 2 1 0 0 1 0
2026-09-05,02:47:53 GMT,V6.2 BLOCK - final pressure/veto/active/timing gate failed or signal already used
2026-09-05,02:47:53 GMT,SENTINEL V6 MULTI-WINDOW SCAN >>>
2026-09-05,02:47:53 GMT,V6.2 DIAG | 4 0 7 0.20000000000000007 -0.057142857142857134 -0.2 0.13333333333333333 -0.1 0.7000000000000001 0 6 2 2 1 0 0 1 0
2026-09-05,02:47:53 GMT,V6.2 BLOCK - final pressure/veto/active/timing gate failed or signal already used
2026-09-05,02:47:53 GMT,SENTINEL V6 MULTI-WINDOW SCAN >>>
2026-09-05,02:47:53 GMT,V6.2 DIAG | 8 0 7 0.20000000000000007 -0.057142857142857134 -0.2 0.13333333333333333 -0.1 0.7000000000000001 0 6 2 2 1 0 0 1 0
2026-09-05,02:47:53 GMT,V6.2 BLOCK - final pressure/veto/active/timing gate failed or signal already used
2026-09-05,02:47:53 GMT,SENTINEL V6 MULTI-WINDOW SCAN >>>
2026-09-05,02:47:53 GMT,V6.2 DIAG | 5 0 8 0.30000000000000004 -0.028571428571428567 -0.30000000000000004 0.06666666666666667 -0.1 0.20000000000000004 0 7 1 1 1 0 0 1 0
2026-09-05,02:47:53 GMT,V6.2 BLOCK - final pressure/veto/active/timing gate failed or signal already used
2026-09-05,02:47:53 GMT,SENTINEL V6 MULTI-WINDOW SCAN >>>
2026-09-05,02:47:53 GMT,V6.2 DIAG | 8 0 8 0.30000000000000004 -0.028571428571428567 -0.30000000000000004 0.06666666666666667 -0.1 0.20000000000000004 0 7 1 1 1 0 0 1 0
2026-09-05,02:47:53 GMT,V6.2 BLOCK - final pressure/veto/active/timing gate failed or signal already used
2026-09-05,02:47:53 GMT,SENTINEL V6 MULTI-WINDOW SCAN >>>
2026-09-05,02:47:53 GMT,V6.2 DIAG | 5 0 12 0.25 0.028571428571428567 -0.24999999999999997 -0.06666666666666667 -0.35000000000000003 -0.3 0 8 0 0 0 0 0 1 0
2026-09-05,02:47:52 GMT,V6.2 BLOCK - final pressure/veto/active/timing gate failed or signal already used
2026-09-05,02:47:52 GMT,SENTINEL V6 MULTI-WINDOW SCAN >>>
2026-09-05,02:47:52 GMT,V6.2 DIAG | 2 0 12 0.10000000000000009 0.057142857142857134 -0.09999999999999998 -0.13333333333333333 -0.35000000000000003 -0.55 0 8 0 0 0 0 0 1 0
2026-09-05,02:47:52 GMT,V6.2 BLOCK - final pressure/veto/active/timing gate failed or signal already used
2026-09-05,02:47:52 GMT,SENTINEL V6 MULTI-WINDOW SCAN >>>
2026-09-05,02:47:52 GMT,V6.2 DIAG | 1 0 10 -0.050000000000000044 0.08571428571428572 0.04999999999999999 -0.2 -0.35000000000000003 -0.8 0 7 1 0 0 0 0 1 0
2026-09-05,02:47:52 GMT,V6.2 BLOCK - final pressure/veto/active/timing gate failed or signal already used
2026-09-05,02:47:52 GMT,SENTINEL V6 MULTI-WINDOW SCAN >>>
2026-09-05,02:47:52 GMT,V6.2 DIAG | 0 0 10 -0.050000000000000044 0.08571428571428572 0.04999999999999999 -0.2 -0.35000000000000003 -0.8 0 6 2 1 0 0 0 1 0
2026-09-05,02:47:52 GMT,V6.2 BLOCK - final pressure/veto/active/timing gate failed or signal already used
2026-09-05,02:47:52 GMT,SENTINEL V6 MULTI-WINDOW SCAN >>>
2026-09-05,02:47:52 GMT,V6.2 DIAG | 1 0 9 -0.050000000000000044 0.08571428571428572 0.04999999999999999 -0.2 -0.35000000000000003 -0.8 0 5 3 2 0 0 0 1 0
2026-09-05,02:47:52 GMT,V6.2 BLOCK - final pressure/veto/active/timing gate failed or signal already used
2026-09-05,02:47:52 GMT,SENTINEL V6 MULTI-WINDOW SCAN >>>
2026-09-05,02:47:52 GMT,V6.2 DIAG | 5 0 8 -0.050000000000000044 0.028571428571428567 0.04999999999999999 -0.06666666666666667 0.45 -0.8 0 5 3 2 0 0 0 1 0
2026-09-05,02:47:52 GMT,V6.2 BLOCK - final pressure/veto/active/timing gate failed or signal already used
2026-09-05,02:47:52 GMT,SENTINEL V6 MULTI-WINDOW SCAN >>>
2026-09-05,02:47:52 GMT,V6.2 DIAG | 4 0 5 -0.20000000000000007 0 0.2 0 0.2 0 0 5 3 2 0 0 0 1 0
2026-09-05,02:47:42 GMT,V6.2 BLOCK - final pressure/veto/active/timing gate failed or signal already used
2026-09-05,02:47:42 GMT,SENTINEL V6 MULTI-WINDOW SCAN >>>
2026-09-05,02:47:42 GMT,V6.2 DIAG | 5 0 4 -0.35 -0.028571428571428574 0.35 0.06666666666666668 0.2 0.55 0 5 3 2 1 0 0 1 0
2026-09-05,02:47:42 GMT,V6.2 BLOCK - final pressure/veto/active/timing gate failed or signal already used
2026-09-05,02:47:42 GMT,SENTINEL V6 MULTI-WINDOW SCAN >>>
2026-09-05,02:47:42 GMT,V6.2 DIAG | 2 0 1 -0.5 0 0.5 0 0.2 0.30000000000000004 0 4 4 2 1 0 0 1 0
2026-09-05,02:47:41 GMT,V6.2 BLOCK - final pressure/veto/active/timing gate failed or signal already used
2026-09-05,02:47:41 GMT,SENTINEL V6 MULTI-WINDOW SCAN >>>
2026-09-05,02:47:41 GMT,V6.2 DIAG | 7 0 1 -0.44999999999999996 0 0.44999999999999996 0 0.2 0.25 0 3 5 3 1 0 0 1 0
2026-09-05,02:47:41 GMT,V6.2 BLOCK - final pressure/veto/active/timing gate failed or signal already used
2026-09-05,02:47:41 GMT,SENTINEL V6 MULTI-WINDOW SCAN >>>
2026-09-05,02:47:41 GMT,V6.2 DIAG | 8 0 6 -0.35 0.028571428571428574 0.35 -0.06666666666666668 -0.30000000000000004 0.25 0 3 5 4 1 0 0 1 0
2026-09-05,02:47:41 GMT,V6.2 BLOCK - final pressure/veto/active/timing gate failed or signal already used
2026-09-05,02:47:41 GMT,SENTINEL V6 MULTI-WINDOW SCAN >>>
2026-09-05,02:47:41 GMT,V6.2 DIAG | 8 0 3 -0.25 0 0.25 0 0.5 -0.25 0 4 4 3 1 0 0 1 0
2026-09-05,02:47:41 GMT,V6.2 BLOCK - final pressure/veto/active/timing gate failed or signal already used
2026-09-05,02:47:41 GMT,SENTINEL V6 MULTI-WINDOW SCAN >>>
2026-09-05,02:47:41 GMT,V6.2 DIAG | 3 0 5 -0.10000000000000009 -0.028571428571428567 0.09999999999999998 0.06666666666666667 0.5 0 0 5 3 2 0 0 0 1 0
2026-09-05,02:47:41 GMT,V6.2 BLOCK - final pressure/veto/active/timing gate failed or signal already used
2026-09-05,02:47:41 GMT,SENTINEL V6 MULTI-WINDOW SCAN >>>
2026-09-05,02:47:41 GMT,V6.2 DIAG | 2 0 4 -0.25 -0.05714285714285714 0.25 0.13333333333333336 0.5 0.55 0 5 3 2 1 0 0 1 0
2026-09-05,02:47:40 GMT,V6.2 BLOCK - final pressure/veto/active/timing gate failed or signal already used
2026-09-05,02:47:40 GMT,SENTINEL V6 MULTI-WINDOW SCAN >>>
2026-09-05,02:47:40 GMT,V6.2 DIAG | 2 0 4 -0.25 -0.05714285714285714 0.25 0.13333333333333336 0.5 0.55 0 5 3 2 1 0 0 1 0
2026-09-05,02:47:40 GMT,V6.2 BLOCK - final pressure/veto/active/timing gate failed or signal already used
2026-09-05,02:47:40 GMT,SENTINEL V6 MULTI-WINDOW SCAN >>>
2026-09-05,02:47:40 GMT,V6.2 DIAG | 7 0 2 -0.20000000000000007 -0.05714285714285714 0.2 0.13333333333333336 0.5 0.55 -0.05 4 4 3 1 0 0 1 0
2026-09-05,02:47:40 GMT,V6.2 BLOCK - final pressure/veto/active/timing gate failed or signal already used
2026-09-05,02:47:40 GMT,SENTINEL V6 MULTI-WINDOW SCAN >>>
2026-09-05,02:47:40 GMT,V6.2 DIAG | 8 0 5 -0.25 0 0.25 0 0 0.30000000000000004 -0.05 5 3 3 1 0 0 1 0
2026-09-05,02:47:40 GMT,V6.2 BLOCK - final pressure/veto/active/timing gate failed or signal already used
2026-09-05,02:47:40 GMT,SENTINEL V6 MULTI-WINDOW SCAN >>>
2026-09-05,02:47:40 GMT,V6.2 DIAG | 8 0 9 -0.15000000000000002 0.028571428571428567 0.15 -0.06666666666666667 0 -0.20000000000000004 -0.05 6 2 2 1 0 0 1 0
2026-09-05,02:47:40 GMT,V6.2 BLOCK - final pressure/veto/active/timing gate failed or signal already used
2026-09-05,02:47:40 GMT,SENTINEL V6 MULTI-WINDOW SCAN >>>
2026-09-05,02:47:40 GMT,V6.2 DIAG | 0 0 5 -0.04999999999999993 0 0.05000000000000002 0 0 0.1 -0.05 6 2 2 0 0 0 1 0
2026-09-05,02:47:31 GMT,V6.2 BLOCK - final pressure/veto/active/timing gate failed or signal already used
2026-09-05,02:47:31 GMT,SENTINEL V6 MULTI-WINDOW SCAN >>>
2026-09-05,02:47:31 GMT,V6.2 DIAG | 2 0 5 -0.04999999999999993 0 0.05000000000000002 0 0 0.1 -0.05 6 2 2 0 0 0 1 0
2026-09-05,02:47:31 GMT,V6.2 BLOCK - final pressure/veto/active/timing gate failed or signal already used
2026-09-05,02:47:31 GMT,SENTINEL V6 MULTI-WINDOW SCAN >>>
2026-09-05,02:47:31 GMT,V6.2 DIAG | 6 0 5 -0.04999999999999993 0 0.05000000000000002 0 0 0.1 -0.05 6 2 2 0 0 0 1 0
2026-09-05,02:47:31 GMT,V6.2 BLOCK - final pressure/veto/active/timing gate failed or signal already used
2026-09-05,02:47:31 GMT,SENTINEL V6 MULTI-WINDOW SCAN >>>
2026-09-05,02:47:31 GMT,V6.2 DIAG | 6 0 5 -0.04999999999999993 -0.057142857142857134 0.05000000000000002 0.13333333333333333 0 0.9 -0.05 6 2 2 1 0 0 1 0
2026-09-05,02:47:30 GMT,V6.2 BLOCK - final pressure/veto/active/timing gate failed or signal already used
2026-09-05,02:47:30 GMT,SENTINEL V6 MULTI-WINDOW SCAN >>>
2026-09-05,02:47:30 GMT,V6.2 DIAG | 8 0 5 0 -0.057142857142857134 0 0.13333333333333333 0 0.9 -0.1 6 2 2 1 0 0 1 0
2026-09-05,02:47:30 GMT,V6.2 BLOCK - final pressure/veto/active/timing gate failed or signal already used
2026-09-05,02:47:30 GMT,SENTINEL V6 MULTI-WINDOW SCAN >>>
2026-09-05,02:47:30 GMT,V6.2 DIAG | 6 0 8 0.15000000000000002 -0.028571428571428567 -0.15 0.06666666666666667 -0.05 0.4 -0.1 7 1 1 1 0 0 1 0
2026-09-05,02:47:30 GMT,V6.2 BLOCK - final pressure/veto/active/timing gate failed or signal already used
2026-09-05,02:47:30 GMT,SENTINEL V6 MULTI-WINDOW SCAN >>>
2026-09-05,02:47:30 GMT,V6.2 DIAG | 0 0 8 0.15000000000000002 -0.028571428571428567 -0.15 0.06666666666666667 -0.05 0.4 -0.1 7 1 1 1 0 0 1 0
2026-09-05,02:47:30 GMT,V6.2 BLOCK - final pressure/veto/active/timing gate failed or signal already used
2026-09-05,02:47:30 GMT,SENTINEL V6 MULTI-WINDOW SCAN >>>
2026-09-05,02:47:30 GMT,V6.2 DIAG | 8 0 8 0.15000000000000002 -0.028571428571428567 -0.15 0.06666666666666667 -0.05 0.4 -0.1 7 1 1 1 0 0 1 0
2026-09-05,02:47:29 GMT,V6.2 BLOCK - final pressure/veto/active/timing gate failed or signal already used
2026-09-05,02:47:29 GMT,SENTINEL V6 MULTI-WINDOW SCAN >>>
2026-09-05,02:47:29 GMT,V6.2 DIAG | 1 0 9 0.25 0 -0.25 0 -0.05 -0.1 -0.1 8 0 0 0 0 0 1 1
2026-09-05,02:47:29 GMT,V6.2 BLOCK - final pressure/veto/active/timing gate failed or signal already used
2026-09-05,02:47:29 GMT,SENTINEL V6 MULTI-WINDOW SCAN >>>
2026-09-05,02:47:29 GMT,V6.2 DIAG | 1 0 9 0.25 0 -0.25 0 -0.05 -0.1 -0.1 8 0 0 0 0 0 1 0
2026-09-05,02:47:29 GMT,V6.2 BLOCK - final pressure/veto/active/timing gate failed or signal already used
2026-09-05,02:47:29 GMT,SENTINEL V6 MULTI-WINDOW SCAN >>>
2026-09-05,02:47:29 GMT,V6.2 DIAG | 0 0 9 0.25 0 -0.25 0 -0.05 -0.1 -0.1 8 0 0 0 0 0 1 0
2026-09-05,02:47:29 GMT,V6.2 BLOCK - final pressure/veto/active/timing gate failed or signal already used
2026-09-05,02:47:29 GMT,SENTINEL V6 MULTI-WINDOW SCAN >>>
2026-09-05,02:47:29 GMT,V6.2 DIAG | 5 0 12 0.09999999999999998 0.028571428571428567 -0.1 -0.06666666666666667 -0.05 -0.35000000000000003 -0.1 8 0 0 0 1 0 1 0
2026-09-05,02:47:22 GMT,V6.2 BLOCK - final pressure/veto/active/timing gate failed or signal already used
2026-09-05,02:47:22 GMT,SENTINEL V6 MULTI-WINDOW SCAN >>>
2026-09-05,02:47:22 GMT,V6.2 DIAG | 4 0 12 0.15000000000000002 0.028571428571428567 -0.15 -0.06666666666666667 -0.05 -0.35000000000000003 -0.15 8 0 0 0 1 0 1 0
2026-09-05,02:47:22 GMT,V6.2 BLOCK - final pressure/veto/active/timing gate failed or signal already used
2026-09-05,02:47:22 GMT,SENTINEL V6 MULTI-WINDOW SCAN >>>
2026-09-05,02:47:22 GMT,V6.2 DIAG | 1 0 12 0.15000000000000002 0.028571428571428567 -0.15 -0.06666666666666667 -0.05 -0.35000000000000003 -0.15 7 1 1 0 0 0 1 0
2026-09-05,02:47:22 GMT,V6.2 BLOCK - final pressure/veto/active/timing gate failed or signal already used
2026-09-05,02:47:22 GMT,SENTINEL V6 MULTI-WINDOW SCAN >>>
2026-09-05,02:47:22 GMT,V6.2 DIAG | 4 0 10 0 0.057142857142857134 0 -0.13333333333333333 -0.05 -0.6000000000000001 -0.15 7 1 1 0 0 0 1 0
2026-09-05,02:47:21 GMT,V6.2 BLOCK - final pressure/veto/active/timing gate failed or signal already used
2026-09-05,02:47:21 GMT,SENTINEL V6 MULTI-WINDOW SCAN >>>
2026-09-05,02:47:21 GMT,V6.2 DIAG | 5 0 10 0 0.057142857142857134 0 -0.13333333333333333 -0.05 -0.6000000000000001 -0.15 7 1 1 0 0 0 1 0
2026-09-05,02:47:21 GMT,V6.2 BLOCK - final pressure/veto/active/timing gate failed or signal already used
2026-09-05,02:47:21 GMT,SENTINEL V6 MULTI-WINDOW SCAN >>>
2026-09-05,02:47:21 GMT,V6.2 DIAG | 1 0 7 0.050000000000000044 0 -0.04999999999999999 0 -0.05 0.2 -0.2 6 2 2 1 0 0 1 0
2026-09-05,02:47:21 GMT,V6.2 BLOCK - final pressure/veto/active/timing gate failed or signal already used
2026-09-05,02:47:21 GMT,SENTINEL V6 MULTI-WINDOW SCAN >>>
2026-09-05,02:47:21 GMT,V6.2 DIAG | 1 0 8 -0.10000000000000009 0.028571428571428567 0.09999999999999998 -0.06666666666666667 -0.05 0.2 -0.45 6 2 2 1 0 0 1 0
2026-09-05,02:47:20 GMT,V6.2 BLOCK - final pressure/veto/active/timing gate failed or signal already used
2026-09-05,02:47:20 GMT,SENTINEL V6 MULTI-WINDOW SCAN >>>
2026-09-05,02:47:20 GMT,V6.2 DIAG | 0 0 8 -0.10000000000000009 0.028571428571428567 0.09999999999999998 -0.06666666666666667 -0.05 0.2 -0.45 6 2 2 1 0 0 1 0
2026-09-05,02:47:20 GMT,V6.2 BLOCK - final pressure/veto/active/timing gate failed or signal already used
2026-09-05,02:47:20 GMT,SENTINEL V6 MULTI-WINDOW SCAN >>>
2026-09-05,02:47:20 GMT,V6.2 DIAG | 2 0 5 -0.10000000000000009 -0.028571428571428567 0.09999999999999998 0.06666666666666667 -0.05 1 -0.45 5 3 2 1 0 0 1 0
2026-09-05,02:47:20 GMT,V6.2 BLOCK - final pressure/veto/active/timing gate failed or signal already used
2026-09-05,02:47:20 GMT,SENTINEL V6 MULTI-WINDOW SCAN >>>
2026-09-05,02:47:20 GMT,V6.2 DIAG | 8 0 5 -0.10000000000000009 -0.028571428571428567 0.09999999999999998 0.06666666666666667 -0.05 1 -0.45 5 3 2 1 0 0 1 0
2026-09-05,02:47:13 GMT,V6.2 BLOCK - final pressure/veto/active/timing gate failed or signal already used
2026-09-05,02:47:13 GMT,SENTINEL V6 MULTI-WINDOW SCAN >>>
2026-09-05,02:47:13 GMT,V6.2 DIAG | 5 0 6 0 0 0 0 -0.05 0.5 -0.45 6 2 1 1 0 0 1 0
2026-09-05,02:47:13 GMT,V6.2 BLOCK - final pressure/veto/active/timing gate failed or signal already used
2026-09-05,02:47:13 GMT,SENTINEL V6 MULTI-WINDOW SCAN >>>
2026-09-05,02:47:13 GMT,V6.2 DIAG | 2 0 5 0 -0.057142857142857134 0 0.13333333333333333 -0.05 0.5 0.35000000000000003 6 2 1 1 0 0 1 0
2026-09-05,02:47:12 GMT,V6.2 BLOCK - final pressure/veto/active/timing gate failed or signal already used
2026-09-05,02:47:12 GMT,SENTINEL V6 MULTI-WINDOW SCAN >>>
2026-09-05,02:47:12 GMT,V6.2 DIAG | 8 0 5 0 -0.057142857142857134 0 0.13333333333333333 -0.05 0.5 0.35000000000000003 6 2 1 1 0 0 1 0
2026-09-05,02:47:12 GMT,V6.2 BLOCK - final pressure/veto/active/timing gate failed or signal already used
2026-09-05,02:47:12 GMT,SENTINEL V6 MULTI-WINDOW SCAN >>>
2026-09-05,02:47:12 GMT,V6.2 DIAG | 0 0 6 0 0 0 0 -0.05 0 0.05000000000000002 7 1 0 1 0 0 1 0
2026-09-05,02:47:12 GMT,V6.2 BLOCK - final pressure/veto/active/timing gate failed or signal already used
2026-09-05,02:47:12 GMT,SENTINEL V6 MULTI-WINDOW SCAN >>>
2026-09-05,02:47:12 GMT,V6.2 DIAG | 4 0 9 -0.15000000000000002 0.028571428571428567 0.15 -0.06666666666666667 -0.30000000000000004 0 0.05000000000000002 7 1 0 1 0 0 1 0
2026-09-05,02:47:11 GMT,V6.2 BLOCK - final pressure/veto/active/timing gate failed or signal already used
2026-09-05,02:47:11 GMT,SENTINEL V6 MULTI-WINDOW SCAN >>>
2026-09-05,02:47:11 GMT,V6.2 DIAG | 9 0 9 -0.10000000000000009 0.028571428571428567 0.09999999999999998 -0.06666666666666667 -0.35000000000000003 0 0.05000000000000002 6 2 0 1 0 0 1 0
2026-09-05,02:47:11 GMT,V6.2 BLOCK - final pressure/veto/active/timing gate failed or signal already used
2026-09-05,02:47:11 GMT,SENTINEL V6 MULTI-WINDOW SCAN >>>
2026-09-05,02:47:11 GMT,V6.2 DIAG | 0 0 10 0 0.057142857142857134 0 -0.13333333333333333 -0.35000000000000003 0 -0.45 6 2 0 0 0 0 1 0
2026-09-05,02:47:11 GMT,V6.2 BLOCK - final pressure/veto/active/timing gate failed or signal already used
2026-09-05,02:47:11 GMT,SENTINEL V6 MULTI-WINDOW SCAN >>>
2026-09-05,02:47:11 GMT,V6.2 DIAG | 2 0 10 0 0.057142857142857134 0 -0.13333333333333333 -0.35000000000000003 0 -0.45 6 2 0 0 0 0 1 0
2026-09-05,02:47:10 GMT,V6.2 BLOCK - final pressure/veto/active/timing gate failed or signal already used
2026-09-05,02:47:10 GMT,SENTINEL V6 MULTI-WINDOW SCAN >>>
2026-09-05,02:47:10 GMT,V6.2 DIAG | 2 0 8 0.050000000000000044 0 -0.04999999999999999 0 -0.35000000000000003 -0.05 0.35000000000000003 6 2 0 0 0 0 1 0
2026-09-05,02:47:10 GMT,V6.2 BLOCK - final pressure/veto/active/timing gate failed or signal already used
2026-09-05,02:47:10 GMT,SENTINEL V6 MULTI-WINDOW SCAN >>>
2026-09-05,02:47:10 GMT,V6.2 DIAG | 6 0 7 0.10000000000000009 -0.057142857142857134 -0.09999999999999998 0.13333333333333333 0.45 -0.1 0.35000000000000003 6 2 0 0 0 0 1 0
2026-09-05,02:47:09 GMT,Loss amount: -3
2026-09-05,02:47:09 GMT,V6.2 DIAG | 4 0 7 0.10000000000000009 -0.057142857142857134 -0.09999999999999998 0.13333333333333333 0.45 -0.1 0.35000000000000003 6 2 0 0 0 0 0 1
2026-09-05,02:47:08 GMT,V6.2 DIAG | 2 0 5 -0.050000000000000044 -0.028571428571428567 0.04999999999999999 0.06666666666666667 0.45 -0.1 0.1 6 2 0 0 0 0 0 1
2026-09-05,02:47:07 GMT,V6.2 DIAG | 9 0 5 -0.050000000000000044 -0.028571428571428567 0.04999999999999999 0.06666666666666667 0.45 -0.1 0.1 6 2 0 1 0 0 0 1
2026-09-05,02:47:07 GMT,V6.2 DIAG | 7 0 8 0.10000000000000009 0 -0.09999999999999998 0 0.45 -0.15 -0.4 6 2 0 0 0 0 0 1
2026-09-05,02:47:07 GMT,Bought: (ID: 22523301679)
2026-09-05,02:47:03 GMT,SENTINEL V6 MULTI-WINDOW SCAN >>>
2026-09-05,02:47:03 GMT,V6.2 DIAG | 1 1 12 0.10000000000000009 0.057142857142857134 -0.09999999999999998 -0.13333333333333333 -0.1 -0.15 -0.65 7 1 0 0 1 1 0 1
2026-09-05,02:47:03 GMT,V6.2 BLOCK - final pressure/veto/active/timing gate failed or signal already used
2026-09-05,02:47:03 GMT,SENTINEL V6 MULTI-WINDOW SCAN >>>
2026-09-05,02:47:03 GMT,V6.2 DIAG | 1 0 8 0.10000000000000009 0 -0.09999999999999998 0 -0.1 -0.15 0.15000000000000002 7 1 0 0 0 0 0 1
2026-09-05,02:47:02 GMT,Profit amount: 1.21
2026-09-05,02:47:02 GMT,V6.2 DIAG | 3 0 8 0.15000000000000002 0 -0.14999999999999997 0 -0.1 -0.2 0.15000000000000002 6 2 0 0 0 0 0 1
2026-09-05,02:47:01 GMT,V6.2 DIAG | 1 0 8 0.15000000000000002 0 -0.14999999999999997 0 -0.1 -0.2 0.15000000000000002 6 2 0 0 0 0 0 1
2026-09-05,02:47:00 GMT,V6.2 DIAG | 2 0 8 0.15000000000000002 0 -0.14999999999999997 0 -0.1 -0.2 0.15000000000000002 6 2 0 0 0 0 0 1
2026-09-05,02:47:00 GMT,V6.2 DIAG | 9 0 8 0.15000000000000002 -0.057142857142857134 -0.14999999999999997 0.13333333333333333 -0.1 -0.2 0.9500000000000001 6 2 0 0 0 0 0 1
2026-09-05,02:47:00 GMT,Bought: (ID: 22523289699)
2026-09-05,02:46:43 GMT,SENTINEL V6 MULTI-WINDOW SCAN >>>
2026-09-05,02:46:43 GMT,V6.2 DIAG | 3 1 12 0.15000000000000002 0.057142857142857134 -0.14999999999999997 -0.13333333333333333 -0.35000000000000003 -0.25 -0.35000000000000003 6 2 0 0 1 1 0 1
2026-09-05,02:46:43 GMT,V6.2 BLOCK - final pressure/veto/active/timing gate failed or signal already used
2026-09-05,02:46:43 GMT,SENTINEL V6 MULTI-WINDOW SCAN >>>
2026-09-05,02:46:43 GMT,V6.2 DIAG | 5 1 9 0 0.028571428571428567 0 -0.06666666666666667 -0.35000000000000003 -0.5 0.45 6 2 0 1 0 0 0 1
2026-09-05,02:46:43 GMT,V6.2 BLOCK - final pressure/veto/active/timing gate failed or signal already used
2026-09-05,02:46:43 GMT,SENTINEL V6 MULTI-WINDOW SCAN >>>
2026-09-05,02:46:43 GMT,V6.2 DIAG | 2 1 9 -0.09999999999999998 0.05714285714285714 0.10000000000000003 -0.13333333333333336 -0.4 -0.75 0.45 6 2 0 0 0 0 0 1
2026-09-05,02:46:43 GMT,V6.2 BLOCK - final pressure/veto/active/timing gate failed or signal already used
2026-09-05,02:46:43 GMT,SENTINEL V6 MULTI-WINDOW SCAN >>>
2026-09-05,02:46:43 GMT,V6.2 DIAG | 4 0 5 -0.09999999999999998 0 0.10000000000000003 0 0.4 -0.75 0.45 5 3 1 0 0 0 0 1
2026-09-05,02:46:42 GMT,V6.2 BLOCK - final pressure/veto/active/timing gate failed or signal already used
2026-09-05,02:46:42 GMT,SENTINEL V6 MULTI-WINDOW SCAN >>>
2026-09-05,02:46:42 GMT,V6.2 DIAG | 0 0 2 -0.09999999999999998 0 0.10000000000000003 0 0.4 -0.75 0.45 4 4 2 0 0 0 0 1
2026-09-05,02:46:42 GMT,V6.2 BLOCK - final pressure/veto/active/timing gate failed or signal already used
2026-09-05,02:46:42 GMT,SENTINEL V6 MULTI-WINDOW SCAN >>>
2026-09-05,02:46:42 GMT,V6.2 DIAG | 9 0 2 -0.050000000000000044 0 0.050000000000000044 0 0.4 -0.8 0.45 4 4 2 0 0 0 0 1
2026-09-05,02:46:42 GMT,V6.2 BLOCK - final pressure/veto/active/timing gate failed or signal already used
2026-09-05,02:46:42 GMT,SENTINEL V6 MULTI-WINDOW SCAN >>>
2026-09-05,02:46:42 GMT,V6.2 DIAG | 3 0 5 -0.050000000000000044 0 0.050000000000000044 0 0.4 -0.25 -0.1 5 3 2 0 0 0 0 1
2026-09-05,02:46:42 GMT,V6.2 BLOCK - final pressure/veto/active/timing gate failed or signal already used
2026-09-05,02:46:42 GMT,SENTINEL V6 MULTI-WINDOW SCAN >>>
2026-09-05,02:46:42 GMT,V6.2 DIAG | 7 0 4 -0.050000000000000044 -0.05714285714285714 0.050000000000000044 0.13333333333333336 0.4 0.55 -0.1 5 3 2 1 0 0 0 1
2026-09-05,02:46:42 GMT,V6.2 BLOCK - final pressure/veto/active/timing gate failed or signal already used
2026-09-05,02:46:42 GMT,SENTINEL V6 MULTI-WINDOW SCAN >>>
2026-09-05,02:46:42 GMT,V6.2 DIAG | 5 0 5 -0.09999999999999998 0 0.10000000000000003 0 -0.35000000000000003 0.55 -0.1 5 3 3 1 0 0 0 1
2026-09-05,02:46:42 GMT,V6.2 BLOCK - final pressure/veto/active/timing gate failed or signal already used
2026-09-05,02:46:42 GMT,SENTINEL V6 MULTI-WINDOW SCAN >>>
2026-09-05,02:46:42 GMT,V6.2 DIAG | 4 0 5 -0.050000000000000044 0 0.050000000000000044 0 -0.4 0.55 -0.1 5 3 3 1 0 0 0 1
2026-09-05,02:46:42 GMT,V6.2 BLOCK - final pressure/veto/active/timing gate failed or signal already used
2026-09-05,02:46:42 GMT,SENTINEL V6 MULTI-WINDOW SCAN >>>
2026-09-05,02:46:42 GMT,V6.2 DIAG | 8 0 6 -0.15000000000000002 0.028571428571428574 0.15000000000000002 -0.06666666666666668 -0.4 0.30000000000000004 -0.15 4 4 3 1 0 0 0 1
2026-09-05,02:46:32 GMT,V6.2 BLOCK - final pressure/veto/active/timing gate failed or signal already used
2026-09-05,02:46:32 GMT,SENTINEL V6 MULTI-WINDOW SCAN >>>
2026-09-05,02:46:32 GMT,V6.2 DIAG | 8 0 5 -0.050000000000000044 0 0.050000000000000044 0 -0.4 0.6 -0.15 5 3 2 1 0 0 0 1
2026-09-05,02:46:32 GMT,V6.2 BLOCK - final pressure/veto/active/timing gate failed or signal already used
2026-09-05,02:46:32 GMT,SENTINEL V6 MULTI-WINDOW SCAN >>>
2026-09-05,02:46:32 GMT,V6.2 DIAG | 4 0 9 0.04999999999999993 0.028571428571428567 -0.04999999999999999 -0.06666666666666667 -0.4 0.1 -0.15 5 3 2 0 0 0 0 1
2026-09-05,02:46:32 GMT,V6.2 BLOCK - final pressure/veto/active/timing gate failed or signal already used
2026-09-05,02:46:32 GMT,SENTINEL V6 MULTI-WINDOW SCAN >>>
2026-09-05,02:46:32 GMT,V6.2 DIAG | 4 0 5 0.04999999999999993 -0.028571428571428567 -0.04999999999999999 0.06666666666666667 0.4 0.1 -0.15 5 3 2 1 0 0 0 1
2026-09-05,02:46:32 GMT,V6.2 BLOCK - final pressure/veto/active/timing gate failed or signal already used
2026-09-05,02:46:32 GMT,SENTINEL V6 MULTI-WINDOW SCAN >>>
2026-09-05,02:46:32 GMT,V6.2 DIAG | 6 0 5 -0.09999999999999998 0 0.10000000000000003 0 0.4 -0.15000000000000002 -0.15 5 3 2 0 0 0 0 1
2026-09-05,02:46:32 GMT,V6.2 BLOCK - final pressure/veto/active/timing gate failed or signal already used
2026-09-05,02:46:32 GMT,SENTINEL V6 MULTI-WINDOW SCAN >>>
2026-09-05,02:46:32 GMT,V6.2 DIAG | 8 0 4 -0.09999999999999998 -0.05714285714285714 0.10000000000000003 0.13333333333333336 0.4 0.65 -0.15 5 3 2 1 0 0 0 1
2026-09-05,02:46:32 GMT,V6.2 BLOCK - final pressure/veto/active/timing gate failed or signal already used
2026-09-05,02:46:32 GMT,SENTINEL V6 MULTI-WINDOW SCAN >>>
2026-09-05,02:46:32 GMT,V6.2 DIAG | 6 0 4 0 -0.028571428571428567 0 0.06666666666666667 0.4 0.15000000000000002 -0.15 5 3 2 1 0 0 0 1
2026-09-05,02:46:31 GMT,V6.2 BLOCK - final pressure/veto/active/timing gate failed or signal already used
2026-09-05,02:46:31 GMT,SENTINEL V6 MULTI-WINDOW SCAN >>>
2026-09-05,02:46:31 GMT,V6.2 DIAG | 7 0 4 -0.15000000000000002 0 0.15000000000000002 0 0.4 0.15000000000000002 -0.4 5 3 2 1 0 0 0 1
2026-09-05,02:46:31 GMT,V6.2 BLOCK - final pressure/veto/active/timing gate failed or signal already used
2026-09-05,02:46:31 GMT,SENTINEL V6 MULTI-WINDOW SCAN >>>
2026-09-05,02:46:31 GMT,V6.2 DIAG | 5 0 8 -0.050000000000000044 0.028571428571428567 0.04999999999999999 -0.06666666666666667 -0.1 0.15000000000000002 -0.4 6 2 2 1 0 0 0 1
2026-09-05,02:46:31 GMT,V6.2 BLOCK - final pressure/veto/active/timing gate failed or signal already used
2026-09-05,02:46:31 GMT,SENTINEL V6 MULTI-WINDOW SCAN >>>
2026-09-05,02:46:31 GMT,V6.2 DIAG | 8 0 5 -0.050000000000000044 -0.028571428571428567 0.04999999999999999 0.06666666666666667 -0.1 0.9500000000000001 -0.4 5 3 2 1 0 0 0 1
2026-09-05,02:46:31 GMT,V6.2 BLOCK - final pressure/veto/active/timing gate failed or signal already used
2026-09-05,02:46:31 GMT,SENTINEL V6 MULTI-WINDOW SCAN >>>
2026-09-05,02:46:31 GMT,V6.2 DIAG | 1 0 8 0.050000000000000044 0 -0.04999999999999999 0 -0.1 0.45 -0.4 6 2 1 1 0 0 0 1
2026-09-05,02:46:31 GMT,V6.2 BLOCK - final pressure/veto/active/timing gate failed or signal already used
2026-09-05,02:46:31 GMT,SENTINEL V6 MULTI-WINDOW SCAN >>>
2026-09-05,02:46:31 GMT,V6.2 DIAG | 3 0 8 0.050000000000000044 0 -0.04999999999999999 0 -0.1 0.45 -0.4 6 2 1 1 0 0 0 1
2026-09-05,02:46:22 GMT,V6.2 BLOCK - final pressure/veto/active/timing gate failed or signal already used
2026-09-05,02:46:22 GMT,SENTINEL V6 MULTI-WINDOW SCAN >>>
2026-09-05,02:46:22 GMT,V6.2 DIAG | 5 0 5 -0.10000000000000009 -0.028571428571428567 0.09999999999999998 0.06666666666666667 -0.35000000000000003 0.45 0.4 6 2 1 1 0 0 0 1
2026-09-05,02:46:22 GMT,V6.2 BLOCK - final pressure/veto/active/timing gate failed or signal already used
2026-09-05,02:46:22 GMT,SENTINEL V6 MULTI-WINDOW SCAN >>>
2026-09-05,02:46:22 GMT,V6.2 DIAG | 8 0 5 -0.050000000000000044 -0.028571428571428567 0.04999999999999999 0.06666666666666667 -0.4 0.45 0.4 6 2 1 1 0 0 0 1
2026-09-05,02:46:21 GMT,V6.2 BLOCK - final pressure/veto/active/timing gate failed or signal already used
2026-09-05,02:46:21 GMT,SENTINEL V6 MULTI-WINDOW SCAN >>>
2026-09-05,02:46:21 GMT,V6.2 DIAG | 4 0 8 0.050000000000000044 0 -0.04999999999999999 0 -0.4 -0.05 0.4 6 2 0 1 0 0 0 1
2026-09-05,02:46:21 GMT,V6.2 BLOCK - final pressure/veto/active/timing gate failed or signal already used
2026-09-05,02:46:21 GMT,SENTINEL V6 MULTI-WINDOW SCAN >>>
2026-09-05,02:46:21 GMT,V6.2 DIAG | 1 1 9 -0.10000000000000009 0.028571428571428567 0.09999999999999998 -0.06666666666666667 -0.4 -0.30000000000000004 0.4 6 2 0 1 0 0 0 1
2026-09-05,02:46:21 GMT,V6.2 BLOCK - final pressure/veto/active/timing gate failed or signal already used
2026-09-05,02:46:21 GMT,SENTINEL V6 MULTI-WINDOW SCAN >>>
2026-09-05,02:46:21 GMT,V6.2 DIAG | 9 1 9 -0.25 0.05714285714285714 0.25 -0.13333333333333336 -0.4 -0.30000000000000004 0.15000000000000002 6 2 0 1 0 0 0 1
2026-09-05,02:46:21 GMT,V6.2 BLOCK - final pressure/veto/active/timing gate failed or signal already used
2026-09-05,02:46:21 GMT,SENTINEL V6 MULTI-WINDOW SCAN >>>
2026-09-05,02:46:21 GMT,V6.2 DIAG | 4 1 9 -0.10000000000000009 0.028571428571428567 0.09999999999999998 -0.06666666666666667 0.4 -0.30000000000000004 -0.4 6 2 1 0 0 0 0 1
2026-09-05,02:46:20 GMT,V6.2 BLOCK - final pressure/veto/active/timing gate failed or signal already used
2026-09-05,02:46:20 GMT,SENTINEL V6 MULTI-WINDOW SCAN >>>
2026-09-05,02:46:20 GMT,V6.2 DIAG | 1 1 9 -0.10000000000000009 0.028571428571428567 0.09999999999999998 -0.06666666666666667 0.4 -0.30000000000000004 -0.4 5 3 1 1 0 0 0 1
2026-09-05,02:46:20 GMT,V6.2 BLOCK - final pressure/veto/active/timing gate failed or signal already used
2026-09-05,02:46:20 GMT,SENTINEL V6 MULTI-WINDOW SCAN >>>
2026-09-05,02:46:20 GMT,V6.2 DIAG | 0 1 9 -0.25 0.05714285714285714 0.25 -0.13333333333333336 0.15000000000000002 -0.30000000000000004 -0.4 5 3 1 0 0 0 0 1
2026-09-05,02:46:20 GMT,V6.2 BLOCK - final pressure/veto/active/timing gate failed or signal already used
2026-09-05,02:46:20 GMT,SENTINEL V6 MULTI-WINDOW SCAN >>>
2026-09-05,02:46:20 GMT,V6.2 DIAG | 3 0 8 -0.4 0.028571428571428574 0.4 -0.06666666666666668 0.15000000000000002 0.5 -0.65 5 3 1 1 0 0 0 1
2026-09-05,02:46:19 GMT,V6.2 BLOCK - final pressure/veto/active/timing gate failed or signal already used
2026-09-05,02:46:19 GMT,SENTINEL V6 MULTI-WINDOW SCAN >>>
2026-09-05,02:46:19 GMT,V6.2 DIAG | 7 0 2 -0.35 -0.028571428571428574 0.35 0.06666666666666668 0.15000000000000002 0.5 0.1 4 4 1 1 0 0 0 1
2026-09-05,02:46:19 GMT,V6.2 BLOCK - final pressure/veto/active/timing gate failed or signal already used
2026-09-05,02:46:19 GMT,SENTINEL V6 MULTI-WINDOW SCAN >>>
2026-09-05,02:46:19 GMT,V6.2 DIAG | 3 0 3 -0.25 0 0.25 0 -0.35000000000000003 0.5 0.1 4 4 1 1 0 0 0 1
2026-09-05,02:46:19 GMT,V6.2 BLOCK - final pressure/veto/active/timing gate failed or signal already used
2026-09-05,02:46:19 GMT,SENTINEL V6 MULTI-WINDOW SCAN >>>
2026-09-05,02:46:19 GMT,V6.2 DIAG | 3 0 3 -0.25 0 0.25 0 -0.35000000000000003 0.5 0.1 4 4 1 1 0 0 0 1
2026-09-05,02:46:14 GMT,V6.2 BLOCK - final pressure/veto/active/timing gate failed or signal already used
2026-09-05,02:46:14 GMT,SENTINEL V6 MULTI-WINDOW SCAN >>>
2026-09-05,02:46:14 GMT,V6.2 DIAG | 8 0 2 -0.25 -0.05714285714285714 0.25 0.13333333333333336 0.45 0.5 0.1 4 4 1 1 0 0 0 1
2026-09-05,02:46:14 GMT,V6.2 BLOCK - final pressure/veto/active/timing gate failed or signal already used
2026-09-05,02:46:14 GMT,SENTINEL V6 MULTI-WINDOW SCAN >>>
2026-09-05,02:46:14 GMT,V6.2 DIAG | 9 0 5 -0.15000000000000002 -0.08571428571428572 0.15 0.2 0.45 0 0.9 5 3 0 1 0 0 0 1
2026-09-05,02:46:13 GMT,V6.2 BLOCK - final pressure/veto/active/timing gate failed or signal already used
2026-09-05,02:46:13 GMT,SENTINEL V6 MULTI-WINDOW SCAN >>>
2026-09-05,02:46:13 GMT,V6.2 DIAG | 5 0 5 -0.04999999999999993 -0.057142857142857134 0.05000000000000002 0.13333333333333333 0.45 0 0.4 6 2 0 1 0 0 0 1
2026-09-05,02:46:13 GMT,V6.2 BLOCK - final pressure/veto/active/timing gate failed or signal already used
2026-09-05,02:46:13 GMT,SENTINEL V6 MULTI-WINDOW SCAN >>>
2026-09-05,02:46:13 GMT,V6.2 DIAG | 6 0 5 0 -0.057142857142857134 0 0.13333333333333333 0.45 0 0.35000000000000003 6 2 0 0 0 0 0 1
2026-09-05,02:46:12 GMT,Profit amount: 1.21
2026-09-05,02:46:12 GMT,V6.2 DIAG | 7 0 7 0.050000000000000044 -0.057142857142857134 -0.04999999999999999 0.13333333333333333 0.45 -0.05 0.35000000000000003 6 2 0 1 0 0 0 1
2026-09-05,02:46:12 GMT,V6.2 DIAG | 9 0 8 0.15000000000000002 -0.028571428571428567 -0.15 0.06666666666666667 -0.05 -0.05 0.35000000000000003 7 1 0 1 0 0 0 1
2026-09-05,02:46:11 GMT,V6.2 DIAG | 4 1 9 0.25 0 -0.25 0 -0.05 -0.05 -0.15 8 0 0 0 0 0 0 1
2026-09-05,02:46:11 GMT,V6.2 DIAG | 4 1 9 0.25 0 -0.25 0 -0.05 -0.05 -0.15 8 0 0 0 0 0 0 1
2026-09-05,02:46:11 GMT,Bought: (ID: 22523220759)
2026-09-05,02:46:01 GMT,SENTINEL V6 MULTI-WINDOW SCAN >>>
2026-09-05,02:46:01 GMT,V6.2 DIAG | 6 1 12 0.15000000000000002 0.028571428571428567 -0.15 -0.06666666666666667 -0.35000000000000003 -0.05 -0.15 7 1 0 0 1 1 0 1
2026-09-05,02:46:01 GMT,V6.2 BLOCK - final pressure/veto/active/timing gate failed or signal already used
2026-09-05,02:46:01 GMT,SENTINEL V6 MULTI-WINDOW SCAN >>>
2026-09-05,02:46:01 GMT,V6.2 DIAG | 0 1 12 0.15000000000000002 0.028571428571428567 -0.15 -0.06666666666666667 -0.35000000000000003 -0.05 -0.15 7 1 0 0 0 0 0 1
2026-09-05,02:46:01 GMT,V6.2 BLOCK - final pressure/veto/active/timing gate failed or signal already used
2026-09-05,02:46:01 GMT,SENTINEL V6 MULTI-WINDOW SCAN >>>
2026-09-05,02:46:01 GMT,V6.2 DIAG | 3 1 10 0 0.057142857142857134 0 -0.13333333333333333 -0.35000000000000003 -0.05 -0.4 7 1 0 0 0 0 0 1
2026-09-05,02:46:01 GMT,V6.2 BLOCK - final pressure/veto/active/timing gate failed or signal already used
2026-09-05,02:46:01 GMT,SENTINEL V6 MULTI-WINDOW SCAN >>>
2026-09-05,02:46:01 GMT,V6.2 DIAG | 6 0 6 0 0 0 0 0.45 -0.05 -0.4 7 1 0 0 0 0 0 1
2026-09-05,02:46:00 GMT,V6.2 BLOCK - final pressure/veto/active/timing gate failed or signal already used
2026-09-05,02:46:00 GMT,SENTINEL V6 MULTI-WINDOW SCAN >>>
2026-09-05,02:46:00 GMT,V6.2 DIAG | 1 0 6 0 0 0 0 0.45 -0.05 -0.4 6 2 0 0 0 0 0 1
2026-09-05,02:46:00 GMT,V6.2 BLOCK - final pressure/veto/active/timing gate failed or signal already used
2026-09-05,02:46:00 GMT,SENTINEL V6 MULTI-WINDOW SCAN >>>
2026-09-05,02:46:00 GMT,V6.2 DIAG | 4 0 6 0 0 0 0 0.45 -0.05 -0.4 6 2 0 1 0 0 0 1
2026-09-05,02:46:00 GMT,V6.2 BLOCK - final pressure/veto/active/timing gate failed or signal already used
2026-09-05,02:46:00 GMT,SENTINEL V6 MULTI-WINDOW SCAN >>>
2026-09-05,02:46:00 GMT,V6.2 DIAG | 3 1 9 -0.15000000000000002 0.028571428571428567 0.15 -0.06666666666666667 0.45 -0.05 -0.65 6 2 0 0 0 0 0 1
2026-09-05,02:46:00 GMT,V6.2 BLOCK - final pressure/veto/active/timing gate failed or signal already used
2026-09-05,02:46:00 GMT,SENTINEL V6 MULTI-WINDOW SCAN >>>
2026-09-05,02:46:00 GMT,V6.2 DIAG | 7 0 5 -0.15000000000000002 -0.028571428571428567 0.15 0.06666666666666667 0.45 -0.05 0.15000000000000002 6 2 0 1 0 0 0 1
2026-09-05,02:45:53 GMT,V6.2 BLOCK - final pressure/veto/active/timing gate failed or signal already used
2026-09-05,02:45:53 GMT,SENTINEL V6 MULTI-WINDOW SCAN >>>
2026-09-05,02:45:53 GMT,V6.2 DIAG | 0 0 6 -0.04999999999999993 0 0.05000000000000002 0 -0.05 -0.05 0.15000000000000002 6 2 0 0 0 0 0 1
2026-09-05,02:45:52 GMT,V6.2 BLOCK - final pressure/veto/active/timing gate failed or signal already used
2026-09-05,02:45:52 GMT,SENTINEL V6 MULTI-WINDOW SCAN >>>
2026-09-05,02:45:52 GMT,V6.2 DIAG | 1 0 6 -0.04999999999999993 0 0.05000000000000002 0 -0.05 -0.05 0.15000000000000002 6 2 0 1 0 0 0 1
2026-09-05,02:45:52 GMT,V6.2 BLOCK - final pressure/veto/active/timing gate failed or signal already used
2026-09-05,02:45:52 GMT,SENTINEL V6 MULTI-WINDOW SCAN >>>
2026-09-05,02:45:52 GMT,V6.2 DIAG | 0 0 6 0 0 0 0 -0.1 -0.05 0.15000000000000002 6 2 0 0 0 0 0 1
2026-09-05,02:45:52 GMT,V6.2 BLOCK - final pressure/veto/active/timing gate failed or signal already used
2026-09-05,02:45:52 GMT,SENTINEL V6 MULTI-WINDOW SCAN >>>
2026-09-05,02:45:52 GMT,V6.2 DIAG | 9 0 8 0.050000000000000044 -0.057142857142857134 -0.04999999999999999 0.13333333333333333 -0.1 -0.1 0.9500000000000001 6 2 0 1 0 0 0 1
2026-09-05,02:45:51 GMT,V6.2 BLOCK - final pressure/veto/active/timing gate failed or signal already used
2026-09-05,02:45:51 GMT,SENTINEL V6 MULTI-WINDOW SCAN >>>
2026-09-05,02:45:51 GMT,V6.2 DIAG | 3 0 6 0 0 0 0 -0.1 -0.1 0.2 7 1 0 1 0 0 0 1
2026-09-05,02:45:51 GMT,V6.2 BLOCK - final pressure/veto/active/timing gate failed or signal already used
2026-09-05,02:45:51 GMT,SENTINEL V6 MULTI-WINDOW SCAN >>>
2026-09-05,02:45:51 GMT,V6.2 DIAG | 6 1 9 -0.15000000000000002 0.028571428571428567 0.15 -0.06666666666666667 -0.1 -0.35000000000000003 0.2 7 1 0 0 0 0 0 1
2026-09-05,02:45:51 GMT,V6.2 BLOCK - final pressure/veto/active/timing gate failed or signal already used
2026-09-05,02:45:51 GMT,SENTINEL V6 MULTI-WINDOW SCAN >>>
2026-09-05,02:45:51 GMT,V6.2 DIAG | 1 1 9 -0.15000000000000002 0.028571428571428567 0.15 -0.06666666666666667 -0.1 -0.35000000000000003 0.2 6 2 0 0 0 0 0 1
2026-09-05,02:45:50 GMT,V6.2 BLOCK - final pressure/veto/active/timing gate failed or signal already used
2026-09-05,02:45:50 GMT,SENTINEL V6 MULTI-WINDOW SCAN >>>
2026-09-05,02:45:50 GMT,V6.2 DIAG | 9 1 9 -0.15000000000000002 0.028571428571428567 0.15 -0.06666666666666667 -0.1 -0.35000000000000003 0.2 5 3 1 1 0 0 0 1
2026-09-05,02:45:50 GMT,V6.2 BLOCK - final pressure/veto/active/timing gate failed or signal already used
2026-09-05,02:45:50 GMT,SENTINEL V6 MULTI-WINDOW SCAN >>>
2026-09-05,02:45:50 GMT,V6.2 DIAG | 1 1 10 -0.04999999999999993 0.057142857142857134 0.05000000000000002 -0.13333333333333333 -0.1 -0.35000000000000003 -0.30000000000000004 6 2 1 0 0 0 0 1
2026-09-05,02:45:50 GMT,V6.2 BLOCK - final pressure/veto/active/timing gate failed or signal already used
2026-09-05,02:45:50 GMT,SENTINEL V6 MULTI-WINDOW SCAN >>>
2026-09-05,02:45:50 GMT,V6.2 DIAG | 0 0 6 -0.04999999999999993 0 0.05000000000000002 0 -0.1 -0.35000000000000003 0.5 6 2 1 0 0 0 0 1
2026-09-05,02:45:49 GMT,Profit amount: 1.21
2026-09-05,02:45:49 GMT,V6.2 DIAG | 6 0 5 -0.04999999999999993 -0.057142857142857134 0.05000000000000002 0.13333333333333333 -0.1 0.45 0.5 6 2 1 1 0 0 0 1
2026-09-05,02:45:48 GMT,V6.2 DIAG | 0 0 5 -0.20000000000000007 -0.028571428571428567 0.19999999999999998 0.06666666666666667 -0.35000000000000003 0.45 0.5 6 2 1 1 0 0 0 1
2026-09-05,02:45:47 GMT,V6.2 DIAG | 5 0 5 -0.15000000000000002 -0.028571428571428567 0.15 0.06666666666666667 -0.4 0.45 0.5 6 2 1 1 0 0 0 1
2026-09-05,02:45:47 GMT,V6.2 DIAG | 9 0 5 -0.15000000000000002 -0.028571428571428567 0.15 0.06666666666666667 -0.4 0.45 0.5 5 3 1 1 0 0 0 1
2026-09-05,02:45:47 GMT,Bought: (ID: 22523174919)
2026-09-05,02:45:40 GMT,SENTINEL V6 MULTI-WINDOW SCAN >>>
2026-09-05,02:45:40 GMT,V6.2 DIAG | 0 1 12 0.09999999999999998 0.028571428571428567 -0.1 -0.06666666666666667 -0.4 -0.1 0 7 1 0 0 1 1 0 1
2026-09-05,02:45:40 GMT,V6.2 BLOCK - final pressure/veto/active/timing gate failed or signal already used
2026-09-05,02:45:40 GMT,SENTINEL V6 MULTI-WINDOW SCAN >>>
2026-09-05,02:45:40 GMT,V6.2 DIAG | 0 0 8 0.09999999999999998 -0.028571428571428567 -0.1 0.06666666666666667 0.4 -0.1 0 7 1 0 0 0 0 0 1
2026-09-05,02:45:39 GMT,V6.2 BLOCK - final pressure/veto/active/timing gate failed or signal already used
2026-09-05,02:45:39 GMT,SENTINEL V6 MULTI-WINDOW SCAN >>>
2026-09-05,02:45:39 GMT,V6.2 DIAG | 1 0 8 0.15000000000000002 -0.028571428571428567 -0.15 0.06666666666666667 0.4 -0.15 0 7 1 0 0 0 0 0 1
2026-09-05,02:45:39 GMT,V6.2 BLOCK - final pressure/veto/active/timing gate failed or signal already used
2026-09-05,02:45:39 GMT,SENTINEL V6 MULTI-WINDOW SCAN >>>
2026-09-05,02:45:39 GMT,V6.2 DIAG | 4 0 8 0.15000000000000002 -0.028571428571428567 -0.15 0.06666666666666667 0.4 -0.15 0 7 1 0 0 0 0 0 1
2026-09-05,02:45:39 GMT,V6.2 BLOCK - final pressure/veto/active/timing gate failed or signal already used
2026-09-05,02:45:39 GMT,SENTINEL V6 MULTI-WINDOW SCAN >>>
2026-09-05,02:45:39 GMT,V6.2 DIAG | 0 0 8 0.15000000000000002 -0.028571428571428567 -0.15 0.06666666666666667 0.4 -0.15 0 7 1 0 0 0 0 0 1
2026-09-05,02:45:38 GMT,V6.2 BLOCK - final pressure/veto/active/timing gate failed or signal already used
2026-09-05,02:45:38 GMT,SENTINEL V6 MULTI-WINDOW SCAN >>>
2026-09-05,02:45:38 GMT,V6.2 DIAG | 7 0 8 0.20000000000000007 -0.028571428571428567 -0.19999999999999998 0.06666666666666667 0.4 -0.15 -0.05 7 1 0 1 0 0 0 1
2026-09-05,02:45:38 GMT,Profit amount: 1.21
2026-09-05,02:45:38 GMT,V6.2 DIAG | 3 1 9 0.30000000000000004 0 -0.3 0 -0.1 -0.15 -0.05 8 0 0 0 0 0 0 1
2026-09-05,02:45:37 GMT,V6.2 DIAG | 3 1 12 0.20000000000000007 0.028571428571428567 -0.19999999999999998 -0.06666666666666667 -0.35000000000000003 -0.2 -0.05 8 0 0 0 0 0 0 1
2026-09-05,02:45:34 GMT,V6.2 DIAG | 2 1 12 0.050000000000000044 0.057142857142857134 -0.04999999999999999 -0.13333333333333333 -0.35000000000000003 -0.45 -0.05 8 0 0 0 1 1 0 1
2026-09-05,02:45:34 GMT,V6.2 DIAG | 1 1 12 0.050000000000000044 0.057142857142857134 -0.04999999999999999 -0.13333333333333333 -0.35000000000000003 -0.45 -0.05 7 1 0 0 1 1 0 1
2026-09-05,02:45:33 GMT,Bought: (ID: 22523157539)
2026-09-05,02:45:32 GMT,SENTINEL V6 MULTI-WINDOW SCAN >>>
2026-09-05,02:45:32 GMT,V6.2 DIAG | 2 1 12 0.050000000000000044 0.057142857142857134 -0.04999999999999999 -0.13333333333333333 -0.35000000000000003 -0.45 -0.05 6 2 1 0 1 1 0 1
2026-09-05,02:45:32 GMT,V6.2 BLOCK - final pressure/veto/active/timing gate failed or signal already used
2026-09-05,02:45:32 GMT,SENTINEL V6 MULTI-WINDOW SCAN >>>
2026-09-05,02:45:32 GMT,V6.2 DIAG | 2 0 8 0.10000000000000009 0 -0.09999999999999998 0 0.45 -0.5 -0.05 6 2 1 0 0 0 0 1
2026-09-05,02:45:31 GMT,Profit amount: 1.21
2026-09-05,02:45:31 GMT,V6.2 DIAG | 5 0 7 0.15000000000000002 -0.057142857142857134 -0.14999999999999997 0.13333333333333333 0.4 0.30000000000000004 -0.05 6 2 1 1 0 0 0 1
2026-09-05,02:45:30 GMT,V6.2 DIAG | 3 0 7 0.15000000000000002 -0.057142857142857134 -0.14999999999999997 0.13333333333333333 0.4 0.30000000000000004 -0.05 6 2 1 1 0 0 0 1
2026-09-05,02:45:29 GMT,V6.2 DIAG | 6 0 7 0.15000000000000002 -0.057142857142857134 -0.14999999999999997 0.13333333333333333 0.4 0.30000000000000004 -0.05 6 2 1 1 0 0 0 1
2026-09-05,02:45:29 GMT,V6.2 DIAG | 7 0 7 0.15000000000000002 -0.057142857142857134 -0.14999999999999997 0.13333333333333333 0.4 0.30000000000000004 -0.05 6 2 1 1 0 0 0 1
2026-09-05,02:45:29 GMT,Bought: (ID: 22523147199)
2026-09-05,02:45:21 GMT,SENTINEL V6 MULTI-WINDOW SCAN >>>
2026-09-05,02:45:21 GMT,V6.2 DIAG | 2 1 12 0.15000000000000002 0.057142857142857134 -0.14999999999999997 -0.13333333333333333 -0.4 -0.5 -0.05 7 1 0 0 1 1 0 1
2026-09-05,02:45:21 GMT,V6.2 BLOCK - final pressure/veto/active/timing gate failed or signal already used
2026-09-05,02:45:21 GMT,SENTINEL V6 MULTI-WINDOW SCAN >>>
2026-09-05,02:45:21 GMT,V6.2 DIAG | 3 1 9 0 0.028571428571428567 0 -0.06666666666666667 0.4 -0.75 -0.05 6 2 1 0 0 0 0 1
2026-09-05,02:45:21 GMT,V6.2 BLOCK - final pressure/veto/active/timing gate failed or signal already used
2026-09-05,02:45:21 GMT,SENTINEL V6 MULTI-WINDOW SCAN >>>
2026-09-05,02:45:21 GMT,V6.2 DIAG | 6 1 9 0 0.028571428571428567 0 -0.06666666666666667 0.4 -0.75 -0.05 6 2 1 0 0 0 0 1
2026-09-05,02:45:21 GMT,V6.2 BLOCK - final pressure/veto/active/timing gate failed or signal already used
2026-09-05,02:45:21 GMT,SENTINEL V6 MULTI-WINDOW SCAN >>>
2026-09-05,02:45:21 GMT,V6.2 DIAG | 1 0 8 0 0.028571428571428567 0 -0.06666666666666667 0.4 -0.75 -0.05 5 3 2 0 0 0 0 1
2026-09-05,02:45:12 GMT,V6.2 BLOCK - final pressure/veto/active/timing gate failed or signal already used
2026-09-05,02:45:12 GMT,SENTINEL V6 MULTI-WINDOW SCAN >>>
2026-09-05,02:45:12 GMT,V6.2 DIAG | 2 0 4 -0.09999999999999998 0 0.10000000000000003 0 0.35000000000000003 0.05000000000000002 -0.30000000000000004 5 3 2 0 0 0 0 1
2026-09-05,02:45:11 GMT,V6.2 BLOCK - final pressure/veto/active/timing gate failed or signal already used
2026-09-05,02:45:11 GMT,SENTINEL V6 MULTI-WINDOW SCAN >>>
2026-09-05,02:45:11 GMT,V6.2 DIAG | 7 0 4 -0.09999999999999998 0 0.10000000000000003 0 0.35000000000000003 0.05000000000000002 -0.30000000000000004 5 3 2 0 0 0 0 1
2026-09-05,02:45:11 GMT,V6.2 BLOCK - final pressure/veto/active/timing gate failed or signal already used
2026-09-05,02:45:11 GMT,SENTINEL V6 MULTI-WINDOW SCAN >>>
2026-09-05,02:45:11 GMT,V6.2 DIAG | 3 0 5 -0.15000000000000002 0 0.15000000000000002 0 -0.15 0.6 -0.30000000000000004 5 3 2 1 0 0 0 1
2026-09-05,02:45:11 GMT,V6.2 BLOCK - final pressure/veto/active/timing gate failed or signal already used
2026-09-05,02:45:11 GMT,SENTINEL V6 MULTI-WINDOW SCAN >>>
2026-09-05,02:45:11 GMT,V6.2 DIAG | 0 0 5 -0.15000000000000002 0 0.15000000000000002 0 -0.15 0.6 -0.30000000000000004 5 3 2 1 0 0 0 1
2026-09-05,02:45:11 GMT,V6.2 BLOCK - final pressure/veto/active/timing gate failed or signal already used
2026-09-05,02:45:11 GMT,SENTINEL V6 MULTI-WINDOW SCAN >>>
2026-09-05,02:45:11 GMT,V6.2 DIAG | 8 0 3 -0.15000000000000002 0 0.15000000000000002 0 -0.15 0.6 -0.30000000000000004 4 4 3 1 0 0 0 1
2026-09-05,02:45:11 GMT,V6.2 BLOCK - final pressure/veto/active/timing gate failed or signal already used
2026-09-05,02:45:11 GMT,SENTINEL V6 MULTI-WINDOW SCAN >>>
2026-09-05,02:45:11 GMT,V6.2 DIAG | 1 0 4 -0.050000000000000044 -0.028571428571428567 0.04999999999999999 0.06666666666666667 -0.15 0.1 0.5 5 3 2 0 0 0 0 1
2026-09-05,02:45:10 GMT,V6.2 BLOCK - final pressure/veto/active/timing gate failed or signal already used
2026-09-05,02:45:10 GMT,SENTINEL V6 MULTI-WINDOW SCAN >>>
2026-09-05,02:45:10 GMT,V6.2 DIAG | 8 0 4 -0.050000000000000044 -0.028571428571428567 0.04999999999999999 0.06666666666666667 -0.15 0.1 0.5 5 3 2 0 0 0 0 1
2026-09-05,02:45:10 GMT,V6.2 BLOCK - final pressure/veto/active/timing gate failed or signal already used
2026-09-05,02:45:10 GMT,SENTINEL V6 MULTI-WINDOW SCAN >>>
2026-09-05,02:45:10 GMT,V6.2 DIAG | 2 0 5 -0.10000000000000009 -0.028571428571428567 0.09999999999999998 0.06666666666666667 -0.15 0.15000000000000002 0.5 6 2 1 1 0 0 0 1
2026-09-05,02:45:10 GMT,V6.2 BLOCK - final pressure/veto/active/timing gate failed or signal already used
2026-09-05,02:45:10 GMT,SENTINEL V6 MULTI-WINDOW SCAN >>>
2026-09-05,02:45:10 GMT,V6.2 DIAG | 1 0 5 -0.25 0 0.25 0 -0.4 0.15000000000000002 0.5 6 2 1 1 0 0 0 1
2026-09-05,02:45:10 GMT,V6.2 BLOCK - final pressure/veto/active/timing gate failed or signal already used
2026-09-05,02:45:10 GMT,SENTINEL V6 MULTI-WINDOW SCAN >>>
2026-09-05,02:45:10 GMT,V6.2 DIAG | 9 0 4 -0.25 0 0.25 0 -0.4 0.15000000000000002 0.5 5 3 2 1 0 0 0 1
2026-09-05,02:45:03 GMT,V6.2 BLOCK - final pressure/veto/active/timing gate failed or signal already used
2026-09-05,02:45:03 GMT,SENTINEL V6 MULTI-WINDOW SCAN >>>
2026-09-05,02:45:03 GMT,V6.2 DIAG | 0 0 8 -0.15000000000000002 0.028571428571428567 0.15 -0.06666666666666667 -0.4 0.15000000000000002 0 5 3 2 1 0 0 0 1
2026-09-05,02:45:03 GMT,V6.2 BLOCK - final pressure/veto/active/timing gate failed or signal already used
2026-09-05,02:45:03 GMT,SENTINEL V6 MULTI-WINDOW SCAN >>>
2026-09-05,02:45:03 GMT,V6.2 DIAG | 8 0 8 -0.10000000000000009 0.028571428571428567 0.09999999999999998 -0.06666666666666667 -0.4 0.1 0 5 3 2 1 0 0 0 1
2026-09-05,02:45:03 GMT,V6.2 BLOCK - final pressure/veto/active/timing gate failed or signal already used
2026-09-05,02:45:03 GMT,SENTINEL V6 MULTI-WINDOW SCAN >>>
2026-09-05,02:45:03 GMT,V6.2 DIAG | 4 0 6 0 0 0 0 -0.4 0.4 0 6 2 1 1 0 0 0 1
2026-09-05,02:45:03 GMT,V6.2 BLOCK - final pressure/veto/active/timing gate failed or signal already used
2026-09-05,02:45:03 GMT,SENTINEL V6 MULTI-WINDOW SCAN >>>
2026-09-05,02:45:03 GMT,V6.2 DIAG | 0 0 5 0 -0.057142857142857134 0 0.13333333333333333 0.4 0.4 0 6 2 1 1 0 0 0 1
2026-09-05,02:45:02 GMT,V6.2 BLOCK - final pressure/veto/active/timing gate failed or signal already used
2026-09-05,02:45:02 GMT,SENTINEL V6 MULTI-WINDOW SCAN >>>
2026-09-05,02:45:02 GMT,V6.2 DIAG | 5 0 5 -0.15000000000000002 -0.028571428571428567 0.15 0.06666666666666667 0.15000000000000002 0.4 0 6 2 1 1 0 0 0 1
2026-09-05,02:45:02 GMT,V6.2 BLOCK - final pressure/veto/active/timing gate failed or signal already used
2026-09-05,02:45:02 GMT,SENTINEL V6 MULTI-WINDOW SCAN >>>
2026-09-05,02:45:02 GMT,V6.2 DIAG | 4 0 5 -0.30000000000000004 0 0.30000000000000004 0 0.15000000000000002 0.15000000000000002 0 6 2 1 1 0 0 0 1
2026-09-05,02:45:02 GMT,V6.2 BLOCK - final pressure/veto/active/timing gate failed or signal already used
2026-09-05,02:45:02 GMT,SENTINEL V6 MULTI-WINDOW SCAN >>>
2026-09-05,02:45:02 GMT,V6.2 DIAG | 8 0 5 -0.25 0 0.25 0 0.1 0.15000000000000002 0 5 3 1 1 0 0 0 1
2026-09-05,02:45:01 GMT,V6.2 BLOCK - final pressure/veto/active/timing gate failed or signal already used
2026-09-05,02:45:01 GMT,SENTINEL V6 MULTI-WINDOW SCAN >>>
2026-09-05,02:45:01 GMT,V6.2 DIAG | 7 1 9 -0.15000000000000002 0.028571428571428567 0.15 -0.06666666666666667 0.1 -0.35000000000000003 0 5 3 1 1 0 0 0 1
2026-09-05,02:45:01 GMT,V6.2 BLOCK - final pressure/veto/active/timing gate failed or signal already used
2026-09-05,02:45:01 GMT,SENTINEL V6 MULTI-WINDOW SCAN >>>
2026-09-05,02:45:01 GMT,V6.2 DIAG | 5 1 10 -0.04999999999999993 0.057142857142857134 0.05000000000000002 -0.13333333333333333 -0.4 -0.35000000000000003 0 6 2 1 0 0 0 0 1
2026-09-05,02:45:00 GMT,V6.2 BLOCK - final pressure/veto/active/timing gate failed or signal already used
2026-09-05,02:45:00 GMT,SENTINEL V6 MULTI-WINDOW SCAN >>>
2026-09-05,02:45:00 GMT,V6.2 DIAG | 5 0 6 -0.04999999999999993 0 0.05000000000000002 0 0.4 -0.35000000000000003 0 6 2 1 0 0 0 0 1
2026-09-05,02:45:00 GMT,Profit amount: 3.58
2026-09-05,02:45:00 GMT,V6.2 DIAG | 1 0 5 -0.20000000000000007 -0.028571428571428567 0.19999999999999998 0.06666666666666667 0.15000000000000002 0.45 0 6 2 1 1 0 0 2 0
2026-09-05,02:44:59 GMT,V6.2 DIAG | 2 0 5 -0.20000000000000007 -0.028571428571428567 0.19999999999999998 0.06666666666666667 0.15000000000000002 0.45 0 6 2 1 1 0 0 2 0
2026-09-05,02:44:58 GMT,Bought: (ID: 22523096899)
2026-09-05,02:44:38 GMT,SENTINEL V6 MULTI-WINDOW SCAN >>>
2026-09-05,02:44:38 GMT,V6.2 DIAG | 4 1 12 0.20000000000000007 0.028571428571428567 -0.19999999999999998 -0.06666666666666667 -0.15 -0.4 -0.05 7 1 1 0 1 1 2 1
2026-09-05,02:44:37 GMT,V6.2 BLOCK - final pressure/veto/active/timing gate failed or signal already used
2026-09-05,02:44:37 GMT,SENTINEL V6 MULTI-WINDOW SCAN >>>
2026-09-05,02:44:37 GMT,V6.2 DIAG | 0 0 12 0.20000000000000007 0.028571428571428567 -0.19999999999999998 -0.06666666666666667 -0.15 -0.4 -0.05 7 1 1 0 1 0 2 1
2026-09-05,02:44:37 GMT,V6.2 BLOCK - final pressure/veto/active/timing gate failed or signal already used
2026-09-05,02:44:37 GMT,SENTINEL V6 MULTI-WINDOW SCAN >>>
2026-09-05,02:44:37 GMT,V6.2 DIAG | 1 0 12 0.20000000000000007 0.028571428571428567 -0.19999999999999998 -0.06666666666666667 -0.15 -0.4 -0.05 7 1 1 0 1 0 2 0
2026-09-05,02:44:37 GMT,V6.2 BLOCK - final pressure/veto/active/timing gate failed or signal already used
2026-09-05,02:44:37 GMT,SENTINEL V6 MULTI-WINDOW SCAN >>>
2026-09-05,02:44:37 GMT,V6.2 DIAG | 1 0 8 0.10000000000000009 0 -0.09999999999999998 0 -0.4 0.35000000000000003 -0.05 7 1 1 1 0 0 2 0
2026-09-05,02:44:37 GMT,V6.2 BLOCK - final pressure/veto/active/timing gate failed or signal already used
2026-09-05,02:44:37 GMT,SENTINEL V6 MULTI-WINDOW SCAN >>>
2026-09-05,02:44:37 GMT,V6.2 DIAG | 4 0 8 0.10000000000000009 0 -0.09999999999999998 0 -0.4 0.35000000000000003 -0.05 7 1 1 1 0 0 2 0
2026-09-05,02:44:37 GMT,V6.2 BLOCK - final pressure/veto/active/timing gate failed or signal already used
2026-09-05,02:44:37 GMT,SENTINEL V6 MULTI-WINDOW SCAN >>>
2026-09-05,02:44:37 GMT,V6.2 DIAG | 2 0 8 0.10000000000000009 0 -0.09999999999999998 0 -0.4 0.35000000000000003 -0.05 6 2 1 1 0 0 2 0
2026-09-05,02:44:37 GMT,V6.2 BLOCK - final pressure/veto/active/timing gate failed or signal already used
2026-09-05,02:44:37 GMT,SENTINEL V6 MULTI-WINDOW SCAN >>>
2026-09-05,02:44:37 GMT,V6.2 DIAG | 6 0 8 0.10000000000000009 0 -0.09999999999999998 0 -0.4 0.35000000000000003 -0.05 6 2 1 1 0 0 2 0
2026-09-05,02:44:37 GMT,V6.2 BLOCK - final pressure/veto/active/timing gate failed or signal already used
2026-09-05,02:44:37 GMT,SENTINEL V6 MULTI-WINDOW SCAN >>>
2026-09-05,02:44:37 GMT,V6.2 DIAG | 8 0 8 0.10000000000000009 0 -0.09999999999999998 0 -0.4 0.35000000000000003 -0.05 6 2 1 1 0 0 2 0
2026-09-05,02:44:37 GMT,V6.2 BLOCK - final pressure/veto/active/timing gate failed or signal already used
2026-09-05,02:44:37 GMT,SENTINEL V6 MULTI-WINDOW SCAN >>>
2026-09-05,02:44:37 GMT,V6.2 DIAG | 3 0 8 0.20000000000000007 -0.028571428571428567 -0.19999999999999998 0.06666666666666667 0.4 -0.15 -0.05 7 1 0 0 0 0 2 0
2026-09-05,02:44:37 GMT,V6.2 BLOCK - final pressure/veto/active/timing gate failed or signal already used
2026-09-05,02:44:37 GMT,SENTINEL V6 MULTI-WINDOW SCAN >>>
2026-09-05,02:44:37 GMT,V6.2 DIAG | 0 0 8 0.10000000000000009 0 -0.09999999999999998 0 0.4 -0.4 -0.1 7 1 0 0 0 0 2 1
2026-09-05,02:44:37 GMT,V6.2 BLOCK - final pressure/veto/active/timing gate failed or signal already used
2026-09-05,02:44:37 GMT,SENTINEL V6 MULTI-WINDOW SCAN >>>
2026-09-05,02:44:37 GMT,V6.2 DIAG | 6 0 8 0.10000000000000009 0 -0.09999999999999998 0 0.4 -0.4 -0.1 7 1 0 0 0 0 2 1
2026-09-05,02:44:25 GMT,V6.2 BLOCK - final pressure/veto/active/timing gate failed or signal already used
2026-09-05,02:44:25 GMT,SENTINEL V6 MULTI-WINDOW SCAN >>>
2026-09-05,02:44:25 GMT,V6.2 DIAG | 3 0 8 0.10000000000000009 0 -0.09999999999999998 0 0.4 -0.4 -0.1 6 2 1 0 0 0 2 0
2026-09-05,02:44:25 GMT,V6.2 BLOCK - final pressure/veto/active/timing gate failed or signal already used
2026-09-05,02:44:25 GMT,SENTINEL V6 MULTI-WINDOW SCAN >>>
2026-09-05,02:44:25 GMT,V6.2 DIAG | 7 0 9 0 0.028571428571428567 0 -0.06666666666666667 0.4 -0.4 -0.4 6 2 1 1 0 0 2 0
2026-09-05,02:44:25 GMT,V6.2 BLOCK - final pressure/veto/active/timing gate failed or signal already used
2026-09-05,02:44:25 GMT,SENTINEL V6 MULTI-WINDOW SCAN >>>
2026-09-05,02:44:25 GMT,V6.2 DIAG | 2 0 10 -0.050000000000000044 0.08571428571428572 0.04999999999999999 -0.2 -0.35000000000000003 -0.4 -0.4 7 1 1 1 0 0 2 0
2026-09-05,02:44:25 GMT,V6.2 BLOCK - final pressure/veto/active/timing gate failed or signal already used
2026-09-05,02:44:25 GMT,SENTINEL V6 MULTI-WINDOW SCAN >>>
2026-09-05,02:44:25 GMT,V6.2 DIAG | 0 0 9 0 0.028571428571428567 0 -0.06666666666666667 -0.35000000000000003 0.4 -0.45 6 2 1 1 0 0 2 0
2026-09-05,02:44:24 GMT,V6.2 BLOCK - final pressure/veto/active/timing gate failed or signal already used
2026-09-05,02:44:24 GMT,SENTINEL V6 MULTI-WINDOW SCAN >>>
2026-09-05,02:44:24 GMT,V6.2 DIAG | 5 0 10 0.04999999999999993 0.028571428571428567 -0.04999999999999999 -0.06666666666666667 -0.4 0.4 -0.45 5 3 1 1 0 0 2 0
2026-09-05,02:44:24 GMT,V6.2 BLOCK - final pressure/veto/active/timing gate failed or signal already used
2026-09-05,02:44:24 GMT,SENTINEL V6 MULTI-WINDOW SCAN >>>
2026-09-05,02:44:24 GMT,V6.2 DIAG | 1 0 9 -0.09999999999999998 0.05714285714285714 0.10000000000000003 -0.13333333333333336 -0.65 0.4 -0.45 5 3 1 1 0 0 2 0
2026-09-05,02:44:24 GMT,V6.2 BLOCK - final pressure/veto/active/timing gate failed or signal already used
2026-09-05,02:44:24 GMT,SENTINEL V6 MULTI-WINDOW SCAN >>>
2026-09-05,02:44:24 GMT,V6.2 DIAG | 6 0 5 -0.050000000000000044 0 0.050000000000000044 0 -0.7000000000000001 0.4 0.35000000000000003 5 3 1 1 0 0 2 0
2026-09-05,02:44:24 GMT,V6.2 BLOCK - final pressure/veto/active/timing gate failed or signal already used
2026-09-05,02:44:24 GMT,SENTINEL V6 MULTI-WINDOW SCAN >>>
2026-09-05,02:44:24 GMT,V6.2 DIAG | 8 0 2 0 -0.05714285714285714 0 0.13333333333333336 0.1 0.4 0.30000000000000004 4 4 1 1 0 0 2 0
2026-09-05,02:44:24 GMT,V6.2 BLOCK - final pressure/veto/active/timing gate failed or signal already used
2026-09-05,02:44:24 GMT,SENTINEL V6 MULTI-WINDOW SCAN >>>
2026-09-05,02:44:24 GMT,V6.2 DIAG | 0 0 7 0.09999999999999998 -0.028571428571428567 -0.10000000000000003 0.06666666666666667 0.1 -0.1 0.30000000000000004 5 3 0 0 0 0 2 0
2026-09-05,02:44:24 GMT,V6.2 BLOCK - final pressure/veto/active/timing gate failed or signal already used
2026-09-05,02:44:24 GMT,SENTINEL V6 MULTI-WINDOW SCAN >>>
2026-09-05,02:44:24 GMT,V6.2 DIAG | 3 0 5 -0.050000000000000044 0 0.050000000000000044 0 0.1 -0.35000000000000003 0.30000000000000004 5 3 0 1 0 0 2 0
2026-09-05,02:44:24 GMT,V6.2 BLOCK - final pressure/veto/active/timing gate failed or signal already used
2026-09-05,02:44:24 GMT,SENTINEL V6 MULTI-WINDOW SCAN >>>
2026-09-05,02:44:24 GMT,V6.2 DIAG | 9 0 5 -0.050000000000000044 -0.05714285714285714 0.050000000000000044 0.13333333333333336 0.9 -0.35000000000000003 0.30000000000000004 5 3 0 1 0 0 2 0
2026-09-05,02:44:24 GMT,V6.2 BLOCK - final pressure/veto/active/timing gate failed or signal already used
2026-09-05,02:44:24 GMT,SENTINEL V6 MULTI-WINDOW SCAN >>>
2026-09-05,02:44:24 GMT,V6.2 DIAG | 7 0 7 0.04999999999999993 -0.028571428571428567 -0.04999999999999999 0.06666666666666667 0.9 -0.35000000000000003 -0.2 5 3 1 1 0 0 2 0
2026-09-05,02:44:14 GMT,V6.2 BLOCK - final pressure/veto/active/timing gate failed or signal already used
2026-09-05,02:44:14 GMT,SENTINEL V6 MULTI-WINDOW SCAN >>>
2026-09-05,02:44:14 GMT,V6.2 DIAG | 5 0 10 0.04999999999999993 0.028571428571428567 -0.04999999999999999 -0.06666666666666667 0.35000000000000003 -0.6000000000000001 -0.2 6 2 1 1 0 0 2 0
2026-09-05,02:44:14 GMT,V6.2 BLOCK - final pressure/veto/active/timing gate failed or signal already used
2026-09-05,02:44:14 GMT,SENTINEL V6 MULTI-WINDOW SCAN >>>
2026-09-05,02:44:14 GMT,V6.2 DIAG | 6 0 11 0.09999999999999998 0.028571428571428567 -0.10000000000000003 -0.06666666666666667 0.30000000000000004 -0.6000000000000001 -0.2 6 2 1 0 1 0 2 0
2026-09-05,02:44:14 GMT,V6.2 BLOCK - final pressure/veto/active/timing gate failed or signal already used
2026-09-05,02:44:14 GMT,SENTINEL V6 MULTI-WINDOW SCAN >>>
2026-09-05,02:44:14 GMT,V6.2 DIAG | 7 0 6 0.09999999999999998 -0.028571428571428567 -0.10000000000000003 0.06666666666666667 0.30000000000000004 0.2 -0.2 5 3 2 1 0 0 2 0
2026-09-05,02:44:14 GMT,V6.2 BLOCK - final pressure/veto/active/timing gate failed or signal already used
2026-09-05,02:44:14 GMT,SENTINEL V6 MULTI-WINDOW SCAN >>>
2026-09-05,02:44:14 GMT,V6.2 DIAG | 3 0 7 0.20000000000000007 0 -0.2 0 -0.2 0.2 -0.2 6 2 2 1 0 0 2 0
2026-09-05,02:44:13 GMT,V6.2 BLOCK - final pressure/veto/active/timing gate failed or signal already used
2026-09-05,02:44:13 GMT,SENTINEL V6 MULTI-WINDOW SCAN >>>
2026-09-05,02:44:13 GMT,V6.2 DIAG | 3 0 7 0.20000000000000007 0 -0.2 0 -0.2 0.2 -0.2 6 2 2 1 0 0 2 0
2026-09-05,02:44:13 GMT,V6.2 BLOCK - final pressure/veto/active/timing gate failed or signal already used
2026-09-05,02:44:13 GMT,SENTINEL V6 MULTI-WINDOW SCAN >>>
2026-09-05,02:44:13 GMT,V6.2 DIAG | 0 0 7 0.20000000000000007 -0.057142857142857134 -0.2 0.13333333333333333 -0.2 1 -0.2 6 2 2 1 0 0 2 0
2026-09-05,02:44:13 GMT,V6.2 BLOCK - final pressure/veto/active/timing gate failed or signal already used
2026-09-05,02:44:13 GMT,SENTINEL V6 MULTI-WINDOW SCAN >>>
2026-09-05,02:44:13 GMT,V6.2 DIAG | 8 0 6 0.04999999999999993 -0.028571428571428567 -0.04999999999999999 0.06666666666666667 -0.2 1 -0.45 6 2 2 1 0 0 2 0
2026-09-05,02:44:13 GMT,V6.2 BLOCK - final pressure/veto/active/timing gate failed or signal already used
2026-09-05,02:44:13 GMT,SENTINEL V6 MULTI-WINDOW SCAN >>>
2026-09-05,02:44:13 GMT,V6.2 DIAG | 0 0 8 0.15000000000000002 0 -0.14999999999999997 0 -0.2 0.5 -0.45 7 1 1 1 0 0 2 0
2026-09-05,02:44:13 GMT,V6.2 BLOCK - final pressure/veto/active/timing gate failed or signal already used
2026-09-05,02:44:13 GMT,SENTINEL V6 MULTI-WINDOW SCAN >>>
2026-09-05,02:44:13 GMT,V6.2 DIAG | 2 0 8 0.15000000000000002 0 -0.14999999999999997 0 -0.2 0.5 -0.45 6 2 1 1 0 0 2 0
2026-09-05,02:44:13 GMT,V6.2 BLOCK - final pressure/veto/active/timing gate failed or signal already used
2026-09-05,02:44:13 GMT,SENTINEL V6 MULTI-WINDOW SCAN >>>
2026-09-05,02:44:13 GMT,V6.2 DIAG | 8 0 10 0.04999999999999993 0.028571428571428567 -0.04999999999999999 -0.06666666666666667 -0.2 0.5 -0.75 6 2 1 1 0 0 2 0
2026-09-05,02:44:13 GMT,V6.2 BLOCK - final pressure/veto/active/timing gate failed or signal already used
2026-09-05,02:44:13 GMT,SENTINEL V6 MULTI-WINDOW SCAN >>>
2026-09-05,02:44:13 GMT,V6.2 DIAG | 4 0 12 0.15000000000000002 0.057142857142857134 -0.14999999999999997 -0.13333333333333333 -0.2 0 -0.75 7 1 0 0 1 0 2 0
2026-09-05,02:44:02 GMT,V6.2 BLOCK - final pressure/veto/active/timing gate failed or signal already used
2026-09-05,02:44:02 GMT,SENTINEL V6 MULTI-WINDOW SCAN >>>
2026-09-05,02:44:02 GMT,V6.2 DIAG | 0 0 10 0 0.028571428571428567 0 -0.06666666666666667 -0.2 0 -0.20000000000000004 6 2 0 1 0 0 2 0
2026-09-05,02:44:02 GMT,V6.2 BLOCK - final pressure/veto/active/timing gate failed or signal already used
2026-09-05,02:44:02 GMT,SENTINEL V6 MULTI-WINDOW SCAN >>>
2026-09-05,02:44:02 GMT,V6.2 DIAG | 4 0 10 -0.15000000000000002 0.05714285714285714 0.15000000000000002 -0.13333333333333336 -0.45 0 -0.20000000000000004 6 2 0 1 0 0 2 0
2026-09-05,02:44:02 GMT,V6.2 BLOCK - final pressure/veto/active/timing gate failed or signal already used
2026-09-05,02:44:02 GMT,SENTINEL V6 MULTI-WINDOW SCAN >>>
2026-09-05,02:44:02 GMT,V6.2 DIAG | 2 0 10 -0.15000000000000002 0.05714285714285714 0.15000000000000002 -0.13333333333333336 -0.45 0 -0.20000000000000004 5 3 0 1 0 0 2 0
2026-09-05,02:44:02 GMT,V6.2 BLOCK - final pressure/veto/active/timing gate failed or signal already used
2026-09-05,02:44:02 GMT,SENTINEL V6 MULTI-WINDOW SCAN >>>
2026-09-05,02:44:02 GMT,V6.2 DIAG | 6 0 7 -0.30000000000000004 0.028571428571428574 0.3 -0.06666666666666668 -0.7000000000000001 0 0.6 4 4 0 1 0 0 2 0
2026-09-05,02:44:02 GMT,V6.2 BLOCK - final pressure/veto/active/timing gate failed or signal already used
2026-09-05,02:44:02 GMT,SENTINEL V6 MULTI-WINDOW SCAN >>>
2026-09-05,02:44:02 GMT,V6.2 DIAG | 9 0 6 -0.4 0.05714285714285715 0.39999999999999997 -0.13333333333333333 -0.7000000000000001 -0.05 0.35000000000000003 4 4 0 1 0 0 2 0
2026-09-05,02:44:02 GMT,V6.2 BLOCK - final pressure/veto/active/timing gate failed or signal already used
2026-09-05,02:44:02 GMT,SENTINEL V6 MULTI-WINDOW SCAN >>>
2026-09-05,02:44:02 GMT,V6.2 DIAG | 0 0 7 -0.30000000000000004 0.028571428571428574 0.3 -0.06666666666666668 -0.7000000000000001 -0.05 0.65 4 4 0 1 0 0 2 0
2026-09-05,02:44:01 GMT,V6.2 BLOCK - final pressure/veto/active/timing gate failed or signal already used
2026-09-05,02:44:01 GMT,SENTINEL V6 MULTI-WINDOW SCAN >>>
2026-09-05,02:44:01 GMT,V6.2 DIAG | 1 0 3 -0.25 -0.028571428571428574 0.25 0.06666666666666668 0.1 -0.1 0.65 3 5 0 1 0 0 2 0
2026-09-05,02:44:01 GMT,V6.2 BLOCK - final pressure/veto/active/timing gate failed or signal already used
2026-09-05,02:44:01 GMT,SENTINEL V6 MULTI-WINDOW SCAN >>>
2026-09-05,02:44:01 GMT,V6.2 DIAG | 9 0 3 -0.25 -0.028571428571428574 0.25 0.06666666666666668 0.1 -0.1 0.65 3 5 0 1 0 0 2 0
2026-09-05,02:44:01 GMT,V6.2 BLOCK - final pressure/veto/active/timing gate failed or signal already used
2026-09-05,02:44:01 GMT,SENTINEL V6 MULTI-WINDOW SCAN >>>
2026-09-05,02:44:01 GMT,V6.2 DIAG | 2 0 3 -0.09999999999999998 -0.05714285714285714 0.10000000000000003 0.13333333333333336 0.8500000000000001 -0.1 0.15000000000000002 4 4 0 1 0 0 2 0
2026-09-05,02:44:01 GMT,V6.2 BLOCK - final pressure/veto/active/timing gate failed or signal already used
2026-09-05,02:44:01 GMT,SENTINEL V6 MULTI-WINDOW SCAN >>>
2026-09-05,02:44:01 GMT,V6.2 DIAG | 9 0 3 -0.25 -0.08571428571428572 0.25 0.2 0.6 -0.1 0.9500000000000001 4 4 0 1 0 0 2 0
2026-09-05,02:44:01 GMT,V6.2 BLOCK - final pressure/veto/active/timing gate failed or signal already used
2026-09-05,02:44:01 GMT,SENTINEL V6 MULTI-WINDOW SCAN >>>
2026-09-05,02:44:01 GMT,V6.2 DIAG | 7 0 5 -0.25 -0.028571428571428574 0.25 0.06666666666666668 0.30000000000000004 -0.1 0.45 5 3 0 1 0 0 2 0
2026-09-05,02:44:01 GMT,V6.2 BLOCK - final pressure/veto/active/timing gate failed or signal already used
2026-09-05,02:44:01 GMT,SENTINEL V6 MULTI-WINDOW SCAN >>>
2026-09-05,02:44:01 GMT,V6.2 DIAG | 0 0 6 -0.15000000000000002 0 0.15000000000000002 0 -0.20000000000000004 -0.1 0.45 5 3 0 1 0 0 2 0
2026-09-05,02:43:53 GMT,V6.2 BLOCK - final pressure/veto/active/timing gate failed or signal already used
2026-09-05,02:43:53 GMT,SENTINEL V6 MULTI-WINDOW SCAN >>>
2026-09-05,02:43:53 GMT,V6.2 DIAG | 7 0 4 -0.15000000000000002 0 0.15000000000000002 0 -0.20000000000000004 -0.1 0.45 4 4 0 1 0 0 2 0
2026-09-05,02:43:52 GMT,V6.2 BLOCK - final pressure/veto/active/timing gate failed or signal already used
2026-09-05,02:43:52 GMT,SENTINEL V6 MULTI-WINDOW SCAN >>>
2026-09-05,02:43:52 GMT,V6.2 DIAG | 9 0 9 -0.050000000000000044 0.028571428571428567 0.04999999999999999 -0.06666666666666667 -0.7000000000000001 -0.1 0.45 5 3 0 1 0 0 2 0
2026-09-05,02:43:52 GMT,V6.2 BLOCK - final pressure/veto/active/timing gate failed or signal already used
2026-09-05,02:43:52 GMT,SENTINEL V6 MULTI-WINDOW SCAN >>>
2026-09-05,02:43:52 GMT,V6.2 DIAG | 5 0 8 0.10000000000000009 0 -0.09999999999999998 0 0.1 -0.15 -0.05 6 2 0 0 0 0 2 0
2026-09-05,02:43:52 GMT,V6.2 BLOCK - final pressure/veto/active/timing gate failed or signal already used
2026-09-05,02:43:52 GMT,SENTINEL V6 MULTI-WINDOW SCAN >>>
2026-09-05,02:43:52 GMT,V6.2 DIAG | 2 0 8 0.10000000000000009 -0.057142857142857134 -0.09999999999999998 0.13333333333333333 0.9 -0.15 -0.05 6 2 0 0 0 0 2 0
2026-09-05,02:43:52 GMT,V6.2 BLOCK - final pressure/veto/active/timing gate failed or signal already used
2026-09-05,02:43:52 GMT,SENTINEL V6 MULTI-WINDOW SCAN >>>
2026-09-05,02:43:52 GMT,V6.2 DIAG | 0 0 8 0.15000000000000002 -0.057142857142857134 -0.14999999999999997 0.13333333333333333 0.9 -0.2 -0.05 6 2 0 0 0 0 2 0
2026-09-05,02:43:52 GMT,V6.2 BLOCK - final pressure/veto/active/timing gate failed or signal already used
2026-09-05,02:43:52 GMT,SENTINEL V6 MULTI-WINDOW SCAN >>>
2026-09-05,02:43:52 GMT,V6.2 DIAG | 4 0 8 0.15000000000000002 -0.057142857142857134 -0.14999999999999997 0.13333333333333333 0.9 -0.2 -0.05 6 2 0 0 0 0 2 0
2026-09-05,02:43:51 GMT,V6.2 BLOCK - final pressure/veto/active/timing gate failed or signal already used
2026-09-05,02:43:51 GMT,SENTINEL V6 MULTI-WINDOW SCAN >>>
2026-09-05,02:43:51 GMT,V6.2 DIAG | 7 0 7 0.04999999999999993 -0.028571428571428567 -0.04999999999999999 0.06666666666666667 0.9 -0.2 -0.35000000000000003 6 2 0 1 0 0 2 0
2026-09-05,02:43:51 GMT,V6.2 BLOCK - final pressure/veto/active/timing gate failed or signal already used
2026-09-05,02:43:51 GMT,SENTINEL V6 MULTI-WINDOW SCAN >>>
2026-09-05,02:43:51 GMT,V6.2 DIAG | 7 0 8 0.15000000000000002 0 -0.14999999999999997 0 0.4 -0.2 -0.35000000000000003 7 1 0 1 0 0 2 0
2026-09-05,02:43:51 GMT,V6.2 BLOCK - final pressure/veto/active/timing gate failed or signal already used
2026-09-05,02:43:51 GMT,SENTINEL V6 MULTI-WINDOW SCAN >>>
2026-09-05,02:43:51 GMT,V6.2 DIAG | 5 0 12 0.25 0.028571428571428567 -0.24999999999999997 -0.06666666666666667 -0.1 -0.2 -0.35000000000000003 7 1 0 0 1 0 2 0
2026-09-05,02:43:51 GMT,V6.2 BLOCK - final pressure/veto/active/timing gate failed or signal already used
2026-09-05,02:43:51 GMT,SENTINEL V6 MULTI-WINDOW SCAN >>>
2026-09-05,02:43:51 GMT,V6.2 DIAG | 1 0 12 0.25 0.028571428571428567 -0.24999999999999997 -0.06666666666666667 -0.1 -0.2 -0.35000000000000003 7 1 0 1 1 0 2 0
2026-09-05,02:43:41 GMT,V6.2 BLOCK - final pressure/veto/active/timing gate failed or signal already used
2026-09-05,02:43:41 GMT,SENTINEL V6 MULTI-WINDOW SCAN >>>
2026-09-05,02:43:41 GMT,V6.2 DIAG | 5 0 12 0.30000000000000004 0.028571428571428567 -0.30000000000000004 -0.06666666666666667 -0.1 -0.25 -0.35000000000000003 7 1 0 0 1 0 2 0
2026-09-05,02:43:41 GMT,V6.2 BLOCK - final pressure/veto/active/timing gate failed or signal already used
2026-09-05,02:43:41 GMT,SENTINEL V6 MULTI-WINDOW SCAN >>>
2026-09-05,02:43:41 GMT,V6.2 DIAG | 5 0 8 0.30000000000000004 -0.028571428571428567 -0.30000000000000004 0.06666666666666667 -0.1 -0.25 0.45 7 1 0 0 0 0 2 0
2026-09-05,02:43:41 GMT,V6.2 BLOCK - final pressure/veto/active/timing gate failed or signal already used
2026-09-05,02:43:41 GMT,SENTINEL V6 MULTI-WINDOW SCAN >>>
2026-09-05,02:43:41 GMT,V6.2 DIAG | 2 0 8 0.15000000000000002 0 -0.14999999999999997 0 -0.1 -0.5 0.45 7 1 0 0 0 0 2 0
2026-09-05,02:43:40 GMT,V6.2 BLOCK - final pressure/veto/active/timing gate failed or signal already used
2026-09-05,02:43:40 GMT,SENTINEL V6 MULTI-WINDOW SCAN >>>
2026-09-05,02:43:40 GMT,V6.2 DIAG | 6 0 8 0.15000000000000002 0 -0.14999999999999997 0 -0.1 -0.5 0.45 7 1 0 0 0 0 2 0
2026-09-05,02:43:40 GMT,V6.2 BLOCK - final pressure/veto/active/timing gate failed or signal already used
2026-09-05,02:43:40 GMT,SENTINEL V6 MULTI-WINDOW SCAN >>>
2026-09-05,02:43:40 GMT,V6.2 DIAG | 0 0 9 0 0.028571428571428567 0 -0.06666666666666667 -0.1 -0.75 0.45 6 2 1 0 0 0 2 0
2026-09-05,02:43:40 GMT,V6.2 BLOCK - final pressure/veto/active/timing gate failed or signal already used
2026-09-05,02:43:40 GMT,SENTINEL V6 MULTI-WINDOW SCAN >>>
2026-09-05,02:43:40 GMT,V6.2 DIAG | 9 0 9 0 0.028571428571428567 0 -0.06666666666666667 -0.1 -0.75 0.45 6 2 1 1 0 0 2 0
2026-09-05,02:43:40 GMT,V6.2 BLOCK - final pressure/veto/active/timing gate failed or signal already used
2026-09-05,02:43:40 GMT,SENTINEL V6 MULTI-WINDOW SCAN >>>
2026-09-05,02:43:40 GMT,V6.2 DIAG | 0 0 9 -0.050000000000000044 0.08571428571428572 0.04999999999999999 -0.2 -0.35000000000000003 -0.75 -0.05 6 2 2 1 0 0 2 0
2026-09-05,02:43:39 GMT,V6.2 BLOCK - final pressure/veto/active/timing gate failed or signal already used
2026-09-05,02:43:39 GMT,SENTINEL V6 MULTI-WINDOW SCAN >>>
2026-09-05,02:43:39 GMT,V6.2 DIAG | 3 0 8 -0.050000000000000044 0.028571428571428567 0.04999999999999999 -0.06666666666666667 -0.35000000000000003 0.05000000000000002 -0.05 6 2 2 1 0 0 2 0
2026-09-05,02:43:39 GMT,V6.2 BLOCK - final pressure/veto/active/timing gate failed or signal already used
2026-09-05,02:43:39 GMT,SENTINEL V6 MULTI-WINDOW SCAN >>>
2026-09-05,02:43:39 GMT,V6.2 DIAG | 2 0 9 -0.15000000000000002 0.05714285714285714 0.15000000000000002 -0.13333333333333336 -0.6000000000000001 0 -0.05 5 3 2 1 0 0 2 0
2026-09-05,02:43:39 GMT,V6.2 BLOCK - final pressure/veto/active/timing gate failed or signal already used
2026-09-05,02:43:39 GMT,SENTINEL V6 MULTI-WINDOW SCAN >>>
2026-09-05,02:43:39 GMT,V6.2 DIAG | 6 0 5 -0.09999999999999998 0 0.10000000000000003 0 -0.6000000000000001 0.8 -0.1 5 3 2 1 0 0 2 0
2026-09-05,02:43:38 GMT,V6.2 BLOCK - final pressure/veto/active/timing gate failed or signal already used
2026-09-05,02:43:38 GMT,SENTINEL V6 MULTI-WINDOW SCAN >>>
2026-09-05,02:43:38 GMT,V6.2 DIAG | 5 0 3 -0.09999999999999998 0 0.10000000000000003 0 -0.6000000000000001 0.8 -0.1 4 4 2 1 0 0 2 0
2026-09-05,02:43:38 GMT,V6.2 BLOCK - final pressure/veto/active/timing gate failed or signal already used
2026-09-05,02:43:38 GMT,SENTINEL V6 MULTI-WINDOW SCAN >>>
2026-09-05,02:43:38 GMT,V6.2 DIAG | 8 0 2 -0.050000000000000044 -0.05714285714285714 0.050000000000000044 0.13333333333333336 0.15000000000000002 0.8 -0.1 4 4 2 1 0 0 2 0
2026-09-05,02:43:38 GMT,V6.2 BLOCK - final pressure/veto/active/timing gate failed or signal already used
2026-09-05,02:43:38 GMT,SENTINEL V6 MULTI-WINDOW SCAN >>>
2026-09-05,02:43:38 GMT,V6.2 DIAG | 3 0 5 -0.09999999999999998 0 0.10000000000000003 0 0.15000000000000002 0.05000000000000002 -0.1 5 3 1 1 0 0 2 0
2026-09-05,02:43:35 GMT,V6.2 BLOCK - final pressure/veto/active/timing gate failed or signal already used
2026-09-05,02:43:35 GMT,SENTINEL V6 MULTI-WINDOW SCAN >>>
2026-09-05,02:43:35 GMT,V6.2 DIAG | 8 0 5 -0.09999999999999998 -0.05714285714285714 0.10000000000000003 0.13333333333333336 0.9500000000000001 0.05000000000000002 -0.1 5 3 1 1 0 0 2 0
2026-09-05,02:43:35 GMT,V6.2 BLOCK - final pressure/veto/active/timing gate failed or signal already used
2026-09-05,02:43:35 GMT,SENTINEL V6 MULTI-WINDOW SCAN >>>
2026-09-05,02:43:35 GMT,V6.2 DIAG | 1 0 6 -0.15000000000000002 0 0.15000000000000002 0 0.9500000000000001 -0.7000000000000001 -0.1 5 3 1 1 0 0 2 0
2026-09-05,02:43:34 GMT,V6.2 BLOCK - final pressure/veto/active/timing gate failed or signal already used
2026-09-05,02:43:34 GMT,SENTINEL V6 MULTI-WINDOW SCAN >>>
2026-09-05,02:43:34 GMT,V6.2 DIAG | 7 0 6 -0.15000000000000002 0 0.15000000000000002 0 0.9500000000000001 -0.7000000000000001 -0.1 5 3 1 1 0 0 2 0
2026-09-05,02:43:34 GMT,V6.2 BLOCK - final pressure/veto/active/timing gate failed or signal already used
2026-09-05,02:43:34 GMT,SENTINEL V6 MULTI-WINDOW SCAN >>>
2026-09-05,02:43:34 GMT,V6.2 DIAG | 5 0 8 -0.20000000000000007 0.05714285714285714 0.2 -0.13333333333333336 0.45 -0.7000000000000001 -0.35000000000000003 5 3 2 1 0 0 2 0
2026-09-05,02:43:33 GMT,Profit amount: 3.58
2026-09-05,02:43:33 GMT,V6.2 DIAG | 7 0 4 -0.15000000000000002 0 0.15000000000000002 0 0.45 0.05000000000000002 -0.35000000000000003 5 3 2 1 0 0 1 0
2026-09-05,02:43:32 GMT,V6.2 DIAG | 0 0 8 0 0.028571428571428567 0 -0.06666666666666667 -0.05 0.05000000000000002 -0.4 5 3 2 0 0 0 1 0
2026-09-05,02:43:31 GMT,V6.2 DIAG | 3 0 6 0.04999999999999993 -0.028571428571428567 -0.04999999999999999 0.06666666666666667 -0.05 0.8 -0.4 5 3 2 1 0 0 1 0
2026-09-05,02:43:31 GMT,V6.2 DIAG | 3 0 5 -0.09999999999999998 0 0.10000000000000003 0 -0.05 0.55 -0.4 5 3 2 1 0 0 1 0
2026-09-05,02:43:31 GMT,Bought: (ID: 22522963699)
2026-09-05,02:42:46 GMT,SENTINEL V6 MULTI-WINDOW SCAN >>>
2026-09-05,02:42:46 GMT,V6.2 DIAG | 0 1 12 0.20000000000000007 0.028571428571428567 -0.19999999999999998 -0.06666666666666667 -0.05 -0.1 -0.45 8 0 0 0 1 1 1 1
2026-09-05,02:42:46 GMT,V6.2 BLOCK - final pressure/veto/active/timing gate failed or signal already used
2026-09-05,02:42:46 GMT,SENTINEL V6 MULTI-WINDOW SCAN >>>
2026-09-05,02:42:46 GMT,V6.2 DIAG | 6 0 12 0.20000000000000007 0.028571428571428567 -0.19999999999999998 -0.06666666666666667 -0.05 -0.1 -0.45 7 1 0 0 1 0 1 1
2026-09-05,02:42:46 GMT,V6.2 BLOCK - final pressure/veto/active/timing gate failed or signal already used
2026-09-05,02:42:46 GMT,SENTINEL V6 MULTI-WINDOW SCAN >>>
2026-09-05,02:42:46 GMT,V6.2 DIAG | 3 0 12 0.20000000000000007 0.028571428571428567 -0.19999999999999998 -0.06666666666666667 -0.05 -0.1 -0.45 7 1 0 0 1 0 1 0
2026-09-05,02:42:46 GMT,V6.2 BLOCK - final pressure/veto/active/timing gate failed or signal already used
2026-09-05,02:42:46 GMT,SENTINEL V6 MULTI-WINDOW SCAN >>>
2026-09-05,02:42:46 GMT,V6.2 DIAG | 5 0 12 0.20000000000000007 0.028571428571428567 -0.19999999999999998 -0.06666666666666667 -0.05 -0.1 -0.45 7 1 0 0 1 0 1 0
2026-09-05,02:42:46 GMT,V6.2 BLOCK - final pressure/veto/active/timing gate failed or signal already used
2026-09-05,02:42:46 GMT,SENTINEL V6 MULTI-WINDOW SCAN >>>
2026-09-05,02:42:46 GMT,V6.2 DIAG | 2 0 8 0.25 -0.028571428571428567 -0.24999999999999997 0.06666666666666667 -0.05 -0.15 0.35000000000000003 7 1 0 1 0 0 1 0
2026-09-05,02:42:46 GMT,V6.2 BLOCK - final pressure/veto/active/timing gate failed or signal already used
2026-09-05,02:42:46 GMT,SENTINEL V6 MULTI-WINDOW SCAN >>>
2026-09-05,02:42:46 GMT,V6.2 DIAG | 0 0 8 0.30000000000000004 -0.028571428571428567 -0.30000000000000004 0.06666666666666667 -0.05 -0.15 0.30000000000000004 7 1 0 0 0 0 1 0
2026-09-05,02:42:46 GMT,V6.2 BLOCK - final pressure/veto/active/timing gate failed or signal already used
2026-09-05,02:42:46 GMT,SENTINEL V6 MULTI-WINDOW SCAN >>>
2026-09-05,02:42:46 GMT,V6.2 DIAG | 0 0 8 0.30000000000000004 -0.028571428571428567 -0.30000000000000004 0.06666666666666667 -0.05 -0.15 0.30000000000000004 7 1 0 0 0 0 1 0
2026-09-05,02:42:46 GMT,V6.2 BLOCK - final pressure/veto/active/timing gate failed or signal already used
2026-09-05,02:42:46 GMT,SENTINEL V6 MULTI-WINDOW SCAN >>>
2026-09-05,02:42:46 GMT,V6.2 DIAG | 1 0 8 0.30000000000000004 -0.028571428571428567 -0.30000000000000004 0.06666666666666667 -0.05 -0.15 0.30000000000000004 7 1 0 0 0 0 1 0
2026-09-05,02:42:46 GMT,V6.2 BLOCK - final pressure/veto/active/timing gate failed or signal already used
2026-09-05,02:42:46 GMT,SENTINEL V6 MULTI-WINDOW SCAN >>>
2026-09-05,02:42:46 GMT,V6.2 DIAG | 9 0 8 0.20000000000000007 0 -0.2 0 -0.05 -0.2 0.05000000000000002 7 1 0 0 0 0 1 0
2026-09-05,02:42:46 GMT,V6.2 BLOCK - final pressure/veto/active/timing gate failed or signal already used
2026-09-05,02:42:46 GMT,SENTINEL V6 MULTI-WINDOW SCAN >>>
2026-09-05,02:42:46 GMT,V6.2 DIAG | 1 0 12 0.15000000000000002 0.057142857142857134 -0.14999999999999997 -0.13333333333333333 -0.05 -0.2 -0.7000000000000001 8 0 0 0 0 0 1 0
2026-09-05,02:42:46 GMT,V6.2 BLOCK - final pressure/veto/active/timing gate failed or signal already used
2026-09-05,02:42:46 GMT,SENTINEL V6 MULTI-WINDOW SCAN >>>
2026-09-05,02:42:46 GMT,V6.2 DIAG | 3 0 11 0.04999999999999993 0.08571428571428572 -0.04999999999999999 -0.2 -0.1 -0.45 -0.7000000000000001 7 1 0 0 0 0 1 0
2026-09-05,02:42:46 GMT,V6.2 BLOCK - final pressure/veto/active/timing gate failed or signal already used
2026-09-05,02:42:46 GMT,SENTINEL V6 MULTI-WINDOW SCAN >>>
2026-09-05,02:42:46 GMT,V6.2 DIAG | 6 0 11 0.04999999999999993 0.08571428571428572 -0.04999999999999999 -0.2 -0.1 -0.45 -0.7000000000000001 6 2 0 1 0 0 1 0
2026-09-05,02:42:46 GMT,V6.2 BLOCK - final pressure/veto/active/timing gate failed or signal already used
2026-09-05,02:42:46 GMT,SENTINEL V6 MULTI-WINDOW SCAN >>>
2026-09-05,02:42:46 GMT,V6.2 DIAG | 4 0 12 0.09999999999999998 0.08571428571428572 -0.10000000000000003 -0.2 -0.15 -0.45 -0.7000000000000001 5 3 1 0 1 0 1 0
2026-09-05,02:42:15 GMT,V6.2 BLOCK - final pressure/veto/active/timing gate failed or signal already used
2026-09-05,02:42:15 GMT,SENTINEL V6 MULTI-WINDOW SCAN >>>
2026-09-05,02:42:15 GMT,V6.2 DIAG | 3 0 10 -0.050000000000000044 0.05714285714285714 0.050000000000000044 -0.13333333333333336 -0.15 -0.45 -0.15000000000000002 5 3 1 0 0 0 1 0
2026-09-05,02:42:15 GMT,V6.2 BLOCK - final pressure/veto/active/timing gate failed or signal already used
2026-09-05,02:42:15 GMT,SENTINEL V6 MULTI-WINDOW SCAN >>>
2026-09-05,02:42:15 GMT,V6.2 DIAG | 1 0 6 -0.050000000000000044 0 0.050000000000000044 0 -0.15 -0.45 0.65 5 3 1 0 0 0 1 0
2026-09-05,02:42:15 GMT,V6.2 BLOCK - final pressure/veto/active/timing gate failed or signal already used
2026-09-05,02:42:15 GMT,SENTINEL V6 MULTI-WINDOW SCAN >>>
2026-09-05,02:42:15 GMT,V6.2 DIAG | 6 0 3 -0.050000000000000044 -0.05714285714285714 0.050000000000000044 0.13333333333333336 -0.15 0.35000000000000003 0.65 4 4 1 1 0 0 1 0
2026-09-05,02:42:14 GMT,V6.2 BLOCK - final pressure/veto/active/timing gate failed or signal already used
2026-09-05,02:42:14 GMT,SENTINEL V6 MULTI-WINDOW SCAN >>>
2026-09-05,02:42:14 GMT,V6.2 DIAG | 6 0 3 0 -0.05714285714285714 0 0.13333333333333336 -0.15 0.35000000000000003 0.6 4 4 1 1 0 0 1 0
2026-09-05,02:42:14 GMT,V6.2 BLOCK - final pressure/veto/active/timing gate failed or signal already used
2026-09-05,02:42:14 GMT,SENTINEL V6 MULTI-WINDOW SCAN >>>
2026-09-05,02:42:14 GMT,V6.2 DIAG | 9 0 4 0.04999999999999993 -0.05714285714285714 -0.04999999999999999 0.13333333333333336 -0.15 0.30000000000000004 0.6 4 4 1 1 0 0 1 0
2026-09-05,02:42:14 GMT,V6.2 BLOCK - final pressure/veto/active/timing gate failed or signal already used
2026-09-05,02:42:14 GMT,SENTINEL V6 MULTI-WINDOW SCAN >>>
2026-09-05,02:42:14 GMT,V6.2 DIAG | 9 0 6 0.04999999999999993 -0.05714285714285714 -0.04999999999999999 0.13333333333333336 -0.45 0.30000000000000004 0.9 5 3 1 1 0 0 1 0
2026-09-05,02:42:14 GMT,V6.2 BLOCK - final pressure/veto/active/timing gate failed or signal already used
2026-09-05,02:42:14 GMT,SENTINEL V6 MULTI-WINDOW SCAN >>>
2026-09-05,02:42:14 GMT,V6.2 DIAG | 8 0 7 0.19999999999999996 -0.028571428571428567 -0.2 0.06666666666666667 -0.45 0.25 0.4 6 2 1 1 0 0 1 0
2026-09-05,02:42:14 GMT,V6.2 BLOCK - final pressure/veto/active/timing gate failed or signal already used
2026-09-05,02:42:14 GMT,SENTINEL V6 MULTI-WINDOW SCAN >>>
2026-09-05,02:42:14 GMT,V6.2 DIAG | 4 0 11 0.19999999999999996 0.028571428571428567 -0.2 -0.06666666666666667 -0.5 -0.5 0.4 6 2 0 0 1 0 1 0
2026-09-05,02:42:14 GMT,V6.2 BLOCK - final pressure/veto/active/timing gate failed or signal already used
2026-09-05,02:42:14 GMT,SENTINEL V6 MULTI-WINDOW SCAN >>>
2026-09-05,02:42:14 GMT,V6.2 DIAG | 2 0 11 0.19999999999999996 0.028571428571428567 -0.2 -0.06666666666666667 -0.5 -0.5 0.4 6 2 0 1 1 0 1 0
2026-09-05,02:42:14 GMT,V6.2 BLOCK - final pressure/veto/active/timing gate failed or signal already used
2026-09-05,02:42:14 GMT,SENTINEL V6 MULTI-WINDOW SCAN >>>
2026-09-05,02:42:14 GMT,V6.2 DIAG | 9 0 11 0.24999999999999994 0.028571428571428567 -0.25000000000000006 -0.06666666666666667 -0.55 -0.5 0.4 5 3 1 1 1 0 1 0
2026-09-05,02:42:14 GMT,V6.2 BLOCK - final pressure/veto/active/timing gate failed or signal already used
2026-09-05,02:42:14 GMT,SENTINEL V6 MULTI-WINDOW SCAN >>>
2026-09-05,02:42:14 GMT,V6.2 DIAG | 3 0 8 0.4 0 -0.39999999999999997 0 0.25 -0.5 -0.15 6 2 1 0 0 0 1 0
2026-09-05,02:42:14 GMT,V6.2 BLOCK - final pressure/veto/active/timing gate failed or signal already used
2026-09-05,02:42:14 GMT,SENTINEL V6 MULTI-WINDOW SCAN >>>
2026-09-05,02:42:14 GMT,V6.2 DIAG | 3 0 11 0.24999999999999994 0.028571428571428567 -0.25000000000000006 -0.06666666666666667 0.25 -0.75 -0.15 6 2 1 0 1 0 1 0
2026-09-05,02:42:14 GMT,V6.2 BLOCK - final pressure/veto/active/timing gate failed or signal already used
2026-09-05,02:42:14 GMT,SENTINEL V6 MULTI-WINDOW SCAN >>>
2026-09-05,02:42:14 GMT,V6.2 DIAG | 5 0 7 0.14999999999999997 0 -0.15000000000000002 0 0.20000000000000004 0.05000000000000002 -0.4 6 2 1 0 0 0 1 0
2026-09-05,02:42:14 GMT,V6.2 BLOCK - final pressure/veto/active/timing gate failed or signal already used
2026-09-05,02:42:14 GMT,SENTINEL V6 MULTI-WINDOW SCAN >>>
2026-09-05,02:42:14 GMT,V6.2 DIAG | 6 0 6 0.14999999999999997 0 -0.15000000000000002 0 0.20000000000000004 0.05000000000000002 -0.4 5 3 2 0 0 0 1 0
2026-09-05,02:42:14 GMT,V6.2 BLOCK - final pressure/veto/active/timing gate failed or signal already used
2026-09-05,02:42:14 GMT,SENTINEL V6 MULTI-WINDOW SCAN >>>
2026-09-05,02:42:14 GMT,V6.2 DIAG | 7 0 4 0.14999999999999997 0 -0.15000000000000002 0 0.20000000000000004 0.05000000000000002 -0.4 4 4 2 0 0 0 1 0
2026-09-05,02:42:14 GMT,V6.2 BLOCK - final pressure/veto/active/timing gate failed or signal already used
2026-09-05,02:42:14 GMT,SENTINEL V6 MULTI-WINDOW SCAN >>>
2026-09-05,02:42:14 GMT,V6.2 DIAG | 1 0 11 0.09999999999999998 0.05714285714285714 -0.09999999999999998 -0.13333333333333336 -0.3 -0.20000000000000004 -0.4 5 3 2 1 1 0 1 0
2026-09-05,02:42:14 GMT,V6.2 BLOCK - final pressure/veto/active/timing gate failed or signal already used
2026-09-05,02:42:14 GMT,SENTINEL V6 MULTI-WINDOW SCAN >>>
2026-09-05,02:42:14 GMT,V6.2 DIAG | 8 0 7 0.14999999999999997 0 -0.15000000000000002 0 -0.3 0.6 -0.45 5 3 2 1 0 0 1 0
2026-09-05,02:42:14 GMT,V6.2 BLOCK - final pressure/veto/active/timing gate failed or signal already used
2026-09-05,02:42:14 GMT,SENTINEL V6 MULTI-WINDOW SCAN >>>
2026-09-05,02:42:14 GMT,V6.2 DIAG | 5 0 6 0.09999999999999998 0 -0.09999999999999998 0 -0.55 0.1 0.35000000000000003 5 3 2 0 0 0 1 0
2026-09-05,02:42:14 GMT,V6.2 BLOCK - final pressure/veto/active/timing gate failed or signal already used
2026-09-05,02:42:14 GMT,SENTINEL V6 MULTI-WINDOW SCAN >>>
2026-09-05,02:42:14 GMT,V6.2 DIAG | 6 0 6 0.09999999999999998 0 -0.09999999999999998 0 -0.55 0.1 0.35000000000000003 5 3 2 0 0 0 1 0
2026-09-05,02:42:14 GMT,V6.2 BLOCK - final pressure/veto/active/timing gate failed or signal already used
2026-09-05,02:42:14 GMT,SENTINEL V6 MULTI-WINDOW SCAN >>>
2026-09-05,02:42:14 GMT,V6.2 DIAG | 1 0 5 0 0.028571428571428574 0 -0.06666666666666668 -0.8 0.1 0.30000000000000004 4 4 2 1 0 0 1 0
2026-09-05,02:42:14 GMT,V6.2 BLOCK - final pressure/veto/active/timing gate failed or signal already used
2026-09-05,02:42:14 GMT,SENTINEL V6 MULTI-WINDOW SCAN >>>
2026-09-05,02:42:14 GMT,V6.2 DIAG | 8 0 3 0.04999999999999999 -0.028571428571428574 -0.050000000000000044 0.06666666666666668 -0.8 0.8500000000000001 0.30000000000000004 4 4 2 1 0 0 1 0
2026-09-05,02:42:14 GMT,V6.2 BLOCK - final pressure/veto/active/timing gate failed or signal already used
2026-09-05,02:42:14 GMT,SENTINEL V6 MULTI-WINDOW SCAN >>>
2026-09-05,02:42:14 GMT,V6.2 DIAG | 9 0 5 0.14999999999999997 0 -0.15000000000000002 0 -0.8 0.35000000000000003 0.30000000000000004 4 4 1 1 0 0 1 0
2026-09-05,02:42:14 GMT,V6.2 BLOCK - final pressure/veto/active/timing gate failed or signal already used
2026-09-05,02:42:14 GMT,SENTINEL V6 MULTI-WINDOW SCAN >>>
2026-09-05,02:42:14 GMT,V6.2 DIAG | 1 0 8 0.29999999999999993 -0.028571428571428567 -0.3 0.06666666666666667 -0.04999999999999999 0.35000000000000003 -0.2 5 3 1 1 0 0 1 0
2026-09-05,02:42:14 GMT,V6.2 BLOCK - final pressure/veto/active/timing gate failed or signal already used
2026-09-05,02:42:14 GMT,SENTINEL V6 MULTI-WINDOW SCAN >>>
2026-09-05,02:42:14 GMT,V6.2 DIAG | 2 0 8 0.14999999999999997 0 -0.15000000000000002 0 -0.04999999999999999 0.35000000000000003 -0.45 5 3 1 1 0 0 1 0
2026-09-05,02:42:14 GMT,V6.2 BLOCK - final pressure/veto/active/timing gate failed or signal already used
2026-09-05,02:42:14 GMT,SENTINEL V6 MULTI-WINDOW SCAN >>>
2026-09-05,02:42:14 GMT,V6.2 DIAG | 8 0 5 0 -0.028571428571428574 0 0.06666666666666668 0.75 0.1 -0.45 5 3 1 1 0 0 1 0
2026-09-05,02:42:14 GMT,V6.2 BLOCK - final pressure/veto/active/timing gate failed or signal already used
2026-09-05,02:42:14 GMT,SENTINEL V6 MULTI-WINDOW SCAN >>>
2026-09-05,02:42:14 GMT,V6.2 DIAG | 0 0 9 -0.050000000000000044 0.028571428571428574 0.04999999999999999 -0.06666666666666668 0.5 -0.4 -0.45 5 3 0 1 0 0 1 0
2026-09-05,02:42:14 GMT,V6.2 BLOCK - final pressure/veto/active/timing gate failed or signal already used
2026-09-05,02:42:14 GMT,SENTINEL V6 MULTI-WINDOW SCAN >>>
2026-09-05,02:42:14 GMT,V6.2 DIAG | 7 0 6 -0.19999999999999996 0.05714285714285715 0.19999999999999996 -0.13333333333333333 0.5 -0.65 -0.45 4 4 1 1 0 0 1 0
2026-09-05,02:42:14 GMT,V6.2 BLOCK - final pressure/veto/active/timing gate failed or signal already used
2026-09-05,02:42:14 GMT,SENTINEL V6 MULTI-WINDOW SCAN >>>
2026-09-05,02:42:14 GMT,V6.2 DIAG | 3 0 7 -0.25 0.11428571428571428 0.25 -0.26666666666666666 -0.25 -0.65 -0.45 4 4 1 0 0 0 1 0
2026-09-05,02:42:14 GMT,V6.2 BLOCK - final pressure/veto/active/timing gate failed or signal already used
2026-09-05,02:42:14 GMT,SENTINEL V6 MULTI-WINDOW SCAN >>>
2026-09-05,02:42:14 GMT,V6.2 DIAG | 7 0 5 -0.25 0.05714285714285715 0.25 -0.13333333333333333 -0.25 -0.65 0.35000000000000003 3 5 2 0 0 0 1 0
2026-09-05,02:42:14 GMT,V6.2 BLOCK - final pressure/veto/active/timing gate failed or signal already used
2026-09-05,02:42:14 GMT,SENTINEL V6 MULTI-WINDOW SCAN >>>
2026-09-05,02:42:14 GMT,V6.2 DIAG | 5 0 4 -0.29999999999999993 0.05714285714285715 0.3 -0.13333333333333333 -1 0.15000000000000002 0.35000000000000003 3 5 2 1 0 0 1 0
2026-09-05,02:42:14 GMT,V6.2 BLOCK - final pressure/veto/active/timing gate failed or signal already used
2026-09-05,02:42:14 GMT,SENTINEL V6 MULTI-WINDOW SCAN >>>
2026-09-05,02:42:14 GMT,V6.2 DIAG | 1 0 4 -0.45 0.02857142857142857 0.44999999999999996 -0.06666666666666665 -0.20000000000000004 0.15000000000000002 0.1 3 5 2 1 0 0 1 0
2026-09-05,02:42:14 GMT,V6.2 BLOCK - final pressure/veto/active/timing gate failed or signal already used
2026-09-05,02:42:14 GMT,SENTINEL V6 MULTI-WINDOW SCAN >>>
2026-09-05,02:42:14 GMT,V6.2 DIAG | 1 0 1 -0.45 -0.02857142857142857 0.44999999999999996 0.06666666666666665 -0.20000000000000004 0.9500000000000001 0.1 2 6 2 1 0 0 1 0
2026-09-05,02:41:42 GMT,V6.2 BLOCK - final pressure/veto/active/timing gate failed or signal already used
2026-09-05,02:41:42 GMT,SENTINEL V6 MULTI-WINDOW SCAN >>>
2026-09-05,02:41:42 GMT,V6.2 DIAG | 9 0 0 -0.55 -0.05714285714285714 0.55 0.1333333333333333 0.30000000000000004 0.9500000000000001 0.1 1 7 2 1 0 0 1 0
2026-09-05,02:41:42 GMT,V6.2 BLOCK - final pressure/veto/active/timing gate failed or signal already used
2026-09-05,02:41:42 GMT,SENTINEL V6 MULTI-WINDOW SCAN >>>
2026-09-05,02:41:42 GMT,V6.2 DIAG | 8 0 1 -0.45 -0.02857142857142857 0.44999999999999996 0.06666666666666665 0.30000000000000004 0.9500000000000001 -0.4 2 6 2 1 0 0 1 0
2026-09-05,02:41:42 GMT,V6.2 BLOCK - final pressure/veto/active/timing gate failed or signal already used
2026-09-05,02:41:42 GMT,SENTINEL V6 MULTI-WINDOW SCAN >>>
2026-09-05,02:41:42 GMT,V6.2 DIAG | 7 0 2 -0.35 -0.05714285714285715 0.35 0.13333333333333333 1.1 0.45 -0.4 2 6 1 1 0 0 1 0
2026-09-05,02:41:42 GMT,V6.2 BLOCK - final pressure/veto/active/timing gate failed or signal already used
2026-09-05,02:41:42 GMT,SENTINEL V6 MULTI-WINDOW SCAN >>>
2026-09-05,02:41:42 GMT,V6.2 DIAG | 8 0 2 -0.25 -0.08571428571428572 0.25 0.2 0.6 0.45 0.4 3 5 1 1 0 0 1 0
2026-09-05,02:41:42 GMT,V6.2 BLOCK - final pressure/veto/active/timing gate failed or signal already used
2026-09-05,02:41:42 GMT,SENTINEL V6 MULTI-WINDOW SCAN >>>
2026-09-05,02:41:42 GMT,V6.2 DIAG | 7 0 3 -0.30000000000000004 -0.028571428571428574 0.3 0.06666666666666668 0.6 -0.05 0.15000000000000002 4 4 0 1 0 0 1 0
2026-09-05,02:41:42 GMT,V6.2 BLOCK - final pressure/veto/active/timing gate failed or signal already used
2026-09-05,02:41:42 GMT,SENTINEL V6 MULTI-WINDOW SCAN >>>
2026-09-05,02:41:42 GMT,V6.2 DIAG | 0 0 5 -0.20000000000000007 -0.05714285714285714 0.2 0.13333333333333336 0.9 -0.05 0.15000000000000002 5 3 0 0 0 0 1 0
2026-09-05,02:41:41 GMT,V6.2 BLOCK - final pressure/veto/active/timing gate failed or signal already used
2026-09-05,02:41:41 GMT,SENTINEL V6 MULTI-WINDOW SCAN >>>
2026-09-05,02:41:41 GMT,V6.2 DIAG | 7 0 3 -0.20000000000000007 -0.05714285714285714 0.2 0.13333333333333336 0.9 -0.05 0.15000000000000002 4 4 0 1 0 0 1 0
2026-09-05,02:41:41 GMT,V6.2 BLOCK - final pressure/veto/active/timing gate failed or signal already used
2026-09-05,02:41:41 GMT,SENTINEL V6 MULTI-WINDOW SCAN >>>
2026-09-05,02:41:41 GMT,V6.2 DIAG | 9 0 6 -0.25 0 0.25 0 0.4 -0.05 -0.10000000000000003 5 3 0 1 0 0 1 0
2026-09-05,02:41:41 GMT,V6.2 BLOCK - final pressure/veto/active/timing gate failed or signal already used
2026-09-05,02:41:41 GMT,SENTINEL V6 MULTI-WINDOW SCAN >>>
2026-09-05,02:41:41 GMT,V6.2 DIAG | 2 0 9 -0.30000000000000004 0.05714285714285714 0.30000000000000004 -0.13333333333333336 0.4 -0.30000000000000004 -0.6000000000000001 6 2 0 1 0 0 1 0
2026-09-05,02:41:41 GMT,V6.2 BLOCK - final pressure/veto/active/timing gate failed or signal already used
2026-09-05,02:41:41 GMT,SENTINEL V6 MULTI-WINDOW SCAN >>>
2026-09-05,02:41:41 GMT,V6.2 DIAG | 7 0 5 -0.25 0 0.25 0 0.4 -0.30000000000000004 0.15000000000000002 5 3 0 1 0 0 1 0
2026-09-05,02:41:41 GMT,V6.2 BLOCK - final pressure/veto/active/timing gate failed or signal already used
2026-09-05,02:41:41 GMT,SENTINEL V6 MULTI-WINDOW SCAN >>>
2026-09-05,02:41:41 GMT,V6.2 DIAG | 0 0 9 -0.30000000000000004 0.05714285714285714 0.30000000000000004 -0.13333333333333336 -0.35000000000000003 -0.30000000000000004 0.15000000000000002 5 3 1 1 0 0 1 0
2026-09-05,02:41:41 GMT,V6.2 BLOCK - final pressure/veto/active/timing gate failed or signal already used
2026-09-05,02:41:41 GMT,SENTINEL V6 MULTI-WINDOW SCAN >>>
2026-09-05,02:41:41 GMT,V6.2 DIAG | 4 0 9 -0.25 0.05714285714285714 0.25 -0.13333333333333336 -0.35000000000000003 -0.35000000000000003 0.15000000000000002 5 3 1 0 0 0 1 0
2026-09-05,02:41:41 GMT,V6.2 BLOCK - final pressure/veto/active/timing gate failed or signal already used
2026-09-05,02:41:41 GMT,SENTINEL V6 MULTI-WINDOW SCAN >>>
2026-09-05,02:41:41 GMT,V6.2 DIAG | 5 0 4 -0.25 0 0.25 0 -0.35000000000000003 -0.35000000000000003 0.9500000000000001 4 4 1 0 0 0 1 0
2026-09-05,02:41:41 GMT,V6.2 BLOCK - final pressure/veto/active/timing gate failed or signal already used
2026-09-05,02:41:41 GMT,SENTINEL V6 MULTI-WINDOW SCAN >>>
2026-09-05,02:41:41 GMT,V6.2 DIAG | 9 0 3 -0.20000000000000007 -0.05714285714285714 0.2 0.13333333333333336 -0.4 0.45 0.9500000000000001 4 4 1 1 0 0 1 0
2026-09-05,02:41:41 GMT,V6.2 BLOCK - final pressure/veto/active/timing gate failed or signal already used
2026-09-05,02:41:41 GMT,SENTINEL V6 MULTI-WINDOW SCAN >>>
2026-09-05,02:41:41 GMT,V6.2 DIAG | 4 0 5 -0.10000000000000009 -0.028571428571428567 0.09999999999999998 0.06666666666666667 -0.4 0.45 0.45 5 3 1 1 0 0 1 0
2026-09-05,02:41:41 GMT,V6.2 BLOCK - final pressure/veto/active/timing gate failed or signal already used
2026-09-05,02:41:41 GMT,SENTINEL V6 MULTI-WINDOW SCAN >>>
2026-09-05,02:41:41 GMT,V6.2 DIAG | 6 0 4 -0.10000000000000009 -0.08571428571428572 0.09999999999999998 0.2 0.4 0.45 0.45 5 3 1 1 0 0 1 0
2026-09-05,02:41:41 GMT,V6.2 BLOCK - final pressure/veto/active/timing gate failed or signal already used
2026-09-05,02:41:41 GMT,SENTINEL V6 MULTI-WINDOW SCAN >>>
2026-09-05,02:41:41 GMT,V6.2 DIAG | 9 0 4 -0.10000000000000009 -0.08571428571428572 0.09999999999999998 0.2 0.4 0.45 0.45 5 3 1 1 0 0 1 0
2026-09-05,02:41:41 GMT,V6.2 BLOCK - final pressure/veto/active/timing gate failed or signal already used
2026-09-05,02:41:41 GMT,SENTINEL V6 MULTI-WINDOW SCAN >>>
2026-09-05,02:41:41 GMT,V6.2 DIAG | 8 0 5 0 -0.057142857142857134 0 0.13333333333333333 0.4 0.45 -0.05 6 2 1 1 0 0 1 0
2026-09-05,02:41:41 GMT,V6.2 BLOCK - final pressure/veto/active/timing gate failed or signal already used
2026-09-05,02:41:41 GMT,SENTINEL V6 MULTI-WINDOW SCAN >>>
2026-09-05,02:41:41 GMT,V6.2 DIAG | 5 0 8 0.09999999999999998 -0.028571428571428567 -0.1 0.06666666666666667 0.4 -0.05 -0.05 7 1 0 0 0 0 1 0
2026-09-05,02:41:41 GMT,V6.2 BLOCK - final pressure/veto/active/timing gate failed or signal already used
2026-09-05,02:41:41 GMT,SENTINEL V6 MULTI-WINDOW SCAN >>>
2026-09-05,02:41:41 GMT,V6.2 DIAG | 7 0 8 0.09999999999999998 -0.028571428571428567 -0.1 0.06666666666666667 0.4 -0.05 -0.05 7 1 0 0 0 0 1 0
2026-09-05,02:41:41 GMT,V6.2 BLOCK - final pressure/veto/active/timing gate failed or signal already used
2026-09-05,02:41:41 GMT,SENTINEL V6 MULTI-WINDOW SCAN >>>
2026-09-05,02:41:41 GMT,V6.2 DIAG | 0 0 12 0.050000000000000044 0.028571428571428567 -0.04999999999999999 -0.06666666666666667 -0.35000000000000003 -0.05 -0.05 8 0 0 0 1 0 1 0
2026-09-05,02:41:41 GMT,V6.2 BLOCK - final pressure/veto/active/timing gate failed or signal already used
2026-09-05,02:41:41 GMT,SENTINEL V6 MULTI-WINDOW SCAN >>>
2026-09-05,02:41:41 GMT,V6.2 DIAG | 6 0 12 0.050000000000000044 0.028571428571428567 -0.04999999999999999 -0.06666666666666667 -0.35000000000000003 -0.05 -0.05 8 0 0 0 1 0 1 0
2026-09-05,02:41:41 GMT,V6.2 BLOCK - final pressure/veto/active/timing gate failed or signal already used
2026-09-05,02:41:41 GMT,SENTINEL V6 MULTI-WINDOW SCAN >>>
2026-09-05,02:41:41 GMT,V6.2 DIAG | 1 0 12 0.050000000000000044 0.028571428571428567 -0.04999999999999999 -0.06666666666666667 -0.35000000000000003 -0.05 -0.05 7 1 0 0 1 0 1 0
2026-09-05,02:41:41 GMT,V6.2 BLOCK - final pressure/veto/active/timing gate failed or signal already used
2026-09-05,02:41:41 GMT,SENTINEL V6 MULTI-WINDOW SCAN >>>
2026-09-05,02:41:41 GMT,V6.2 DIAG | 5 0 12 0.050000000000000044 0.028571428571428567 -0.04999999999999999 -0.06666666666666667 -0.35000000000000003 -0.05 -0.05 7 1 0 0 1 0 1 0
2026-09-05,02:41:41 GMT,V6.2 BLOCK - final pressure/veto/active/timing gate failed or signal already used
2026-09-05,02:41:41 GMT,SENTINEL V6 MULTI-WINDOW SCAN >>>
2026-09-05,02:41:41 GMT,V6.2 DIAG | 1 0 12 0.050000000000000044 0.028571428571428567 -0.04999999999999999 -0.06666666666666667 -0.35000000000000003 -0.05 -0.05 7 1 0 0 1 0 1 0
2026-09-05,02:41:41 GMT,V6.2 BLOCK - final pressure/veto/active/timing gate failed or signal already used
2026-09-05,02:41:41 GMT,SENTINEL V6 MULTI-WINDOW SCAN >>>
2026-09-05,02:41:41 GMT,V6.2 DIAG | 5 0 8 0.050000000000000044 -0.028571428571428567 -0.04999999999999999 0.06666666666666667 0.45 -0.05 -0.05 7 1 0 0 0 0 1 0
2026-09-05,02:41:41 GMT,V6.2 BLOCK - final pressure/veto/active/timing gate failed or signal already used
2026-09-05,02:41:41 GMT,SENTINEL V6 MULTI-WINDOW SCAN >>>
2026-09-05,02:41:41 GMT,V6.2 DIAG | 2 0 8 0.050000000000000044 -0.028571428571428567 -0.04999999999999999 0.06666666666666667 0.45 -0.05 -0.05 7 1 0 0 0 0 1 0
2026-09-05,02:41:41 GMT,V6.2 BLOCK - final pressure/veto/active/timing gate failed or signal already used
2026-09-05,02:41:41 GMT,SENTINEL V6 MULTI-WINDOW SCAN >>>
2026-09-05,02:41:41 GMT,V6.2 DIAG | 1 0 8 0.050000000000000044 -0.028571428571428567 -0.04999999999999999 0.06666666666666667 0.45 -0.05 -0.05 7 1 0 0 0 0 1 0
2026-09-05,02:41:41 GMT,V6.2 BLOCK - final pressure/veto/active/timing gate failed or signal already used
2026-09-05,02:41:41 GMT,SENTINEL V6 MULTI-WINDOW SCAN >>>
2026-09-05,02:41:41 GMT,V6.2 DIAG | 3 0 8 0.050000000000000044 -0.028571428571428567 -0.04999999999999999 0.06666666666666667 0.45 -0.05 -0.05 7 1 0 1 0 0 1 0
2026-09-05,02:41:41 GMT,V6.2 BLOCK - final pressure/veto/active/timing gate failed or signal already used
2026-09-05,02:41:41 GMT,SENTINEL V6 MULTI-WINDOW SCAN >>>
2026-09-05,02:41:41 GMT,V6.2 DIAG | 7 0 6 -0.09999999999999998 0 0.1 0 0.45 -0.05 -0.30000000000000004 7 1 0 1 0 0 1 0
2026-09-05,02:41:41 GMT,V6.2 BLOCK - final pressure/veto/active/timing gate failed or signal already used
2026-09-05,02:41:41 GMT,SENTINEL V6 MULTI-WINDOW SCAN >>>
2026-09-05,02:41:41 GMT,V6.2 DIAG | 4 0 12 0.050000000000000044 0.028571428571428567 -0.04999999999999999 -0.06666666666666667 -0.05 -0.1 -0.30000000000000004 8 0 0 1 0 0 1 0
2026-09-05,02:41:41 GMT,V6.2 BLOCK - final pressure/veto/active/timing gate failed or signal already used
2026-09-05,02:41:41 GMT,SENTINEL V6 MULTI-WINDOW SCAN >>>
2026-09-05,02:41:41 GMT,V6.2 DIAG | 1 0 10 -0.09999999999999998 0.057142857142857134 0.1 -0.13333333333333333 -0.05 -0.35000000000000003 -0.30000000000000004 7 1 0 0 0 0 1 0
2026-09-05,02:41:41 GMT,V6.2 BLOCK - final pressure/veto/active/timing gate failed or signal already used
2026-09-05,02:41:41 GMT,SENTINEL V6 MULTI-WINDOW SCAN >>>
2026-09-05,02:41:41 GMT,V6.2 DIAG | 5 0 10 -0.04999999999999993 0.057142857142857134 0.05000000000000002 -0.13333333333333333 -0.1 -0.35000000000000003 -0.30000000000000004 7 1 0 1 0 0 1 0
2026-09-05,02:41:10 GMT,V6.2 BLOCK - final pressure/veto/active/timing gate failed or signal already used
2026-09-05,02:41:10 GMT,SENTINEL V6 MULTI-WINDOW SCAN >>>
2026-09-05,02:41:10 GMT,V6.2 DIAG | 6 0 10 -0.15000000000000002 0.08571428571428572 0.15 -0.2 -0.35000000000000003 -0.4 -0.30000000000000004 6 2 1 0 0 0 1 0
2026-09-05,02:41:10 GMT,V6.2 BLOCK - final pressure/veto/active/timing gate failed or signal already used
2026-09-05,02:41:10 GMT,SENTINEL V6 MULTI-WINDOW SCAN >>>
2026-09-05,02:41:10 GMT,V6.2 DIAG | 1 0 9 -0.15000000000000002 0.028571428571428567 0.15 -0.06666666666666667 -0.35000000000000003 -0.4 0.5 6 2 1 0 0 0 1 0
2026-09-05,02:41:10 GMT,V6.2 BLOCK - final pressure/veto/active/timing gate failed or signal already used
2026-09-05,02:41:10 GMT,SENTINEL V6 MULTI-WINDOW SCAN >>>
2026-09-05,02:41:10 GMT,V6.2 DIAG | 2 0 9 -0.15000000000000002 0.028571428571428567 0.15 -0.06666666666666667 -0.35000000000000003 -0.4 0.5 5 3 1 0 0 0 1 0
2026-09-05,02:41:10 GMT,V6.2 BLOCK - final pressure/veto/active/timing gate failed or signal already used
2026-09-05,02:41:10 GMT,SENTINEL V6 MULTI-WINDOW SCAN >>>
2026-09-05,02:41:10 GMT,V6.2 DIAG | 5 0 5 -0.15000000000000002 -0.028571428571428567 0.15 0.06666666666666667 -0.35000000000000003 0.4 0.5 5 3 1 1 0 0 1 0
2026-09-05,02:41:10 GMT,V6.2 BLOCK - final pressure/veto/active/timing gate failed or signal already used
2026-09-05,02:41:10 GMT,SENTINEL V6 MULTI-WINDOW SCAN >>>
2026-09-05,02:41:10 GMT,V6.2 DIAG | 5 0 5 -0.10000000000000009 -0.028571428571428567 0.09999999999999998 0.06666666666666667 -0.4 0.4 0.5 5 3 1 1 0 0 1 0
2026-09-05,02:41:10 GMT,V6.2 BLOCK - final pressure/veto/active/timing gate failed or signal already used
2026-09-05,02:41:10 GMT,SENTINEL V6 MULTI-WINDOW SCAN >>>
2026-09-05,02:41:10 GMT,V6.2 DIAG | 9 0 4 -0.050000000000000044 -0.08571428571428572 0.04999999999999999 0.2 0.35000000000000003 0.4 0.5 5 3 1 1 0 0 1 0
2026-09-05,02:41:10 GMT,V6.2 BLOCK - final pressure/veto/active/timing gate failed or signal already used
2026-09-05,02:41:10 GMT,SENTINEL V6 MULTI-WINDOW SCAN >>>
2026-09-05,02:41:10 GMT,V6.2 DIAG | 2 0 7 0.050000000000000044 -0.057142857142857134 -0.04999999999999999 0.13333333333333333 0.35000000000000003 0.4 0 6 2 1 1 0 0 1 0
2026-09-05,02:41:10 GMT,V6.2 BLOCK - final pressure/veto/active/timing gate failed or signal already used
2026-09-05,02:41:10 GMT,SENTINEL V6 MULTI-WINDOW SCAN >>>
2026-09-05,02:41:10 GMT,V6.2 DIAG | 8 0 7 0.050000000000000044 -0.057142857142857134 -0.04999999999999999 0.13333333333333333 0.35000000000000003 0.4 0 6 2 1 1 0 0 1 0
2026-09-05,02:41:09 GMT,V6.2 BLOCK - final pressure/veto/active/timing gate failed or signal already used
2026-09-05,02:41:09 GMT,SENTINEL V6 MULTI-WINDOW SCAN >>>
2026-09-05,02:41:09 GMT,V6.2 DIAG | 0 0 8 0.15000000000000002 -0.028571428571428567 -0.15 0.06666666666666667 0.35000000000000003 -0.1 0 7 1 0 0 0 0 1 0
2026-09-05,02:41:09 GMT,V6.2 BLOCK - final pressure/veto/active/timing gate failed or signal already used
2026-09-05,02:41:09 GMT,SENTINEL V6 MULTI-WINDOW SCAN >>>
2026-09-05,02:41:09 GMT,V6.2 DIAG | 7 0 8 0.15000000000000002 -0.028571428571428567 -0.15 0.06666666666666667 0.35000000000000003 -0.1 0 7 1 0 1 0 0 1 0
2026-09-05,02:41:09 GMT,V6.2 BLOCK - final pressure/veto/active/timing gate failed or signal already used
2026-09-05,02:41:09 GMT,SENTINEL V6 MULTI-WINDOW SCAN >>>
2026-09-05,02:41:09 GMT,V6.2 DIAG | 4 1 9 0.25 0 -0.25 0 -0.15 -0.1 0 8 0 0 0 0 0 1 1
2026-09-05,02:41:09 GMT,V6.2 BLOCK - final pressure/veto/active/timing gate failed or signal already used
2026-09-05,02:41:09 GMT,SENTINEL V6 MULTI-WINDOW SCAN >>>
2026-09-05,02:41:09 GMT,V6.2 DIAG | 3 1 9 0.25 0 -0.25 0 -0.15 -0.1 0 8 0 0 0 0 0 1 1
2026-09-05,02:41:09 GMT,V6.2 BLOCK - final pressure/veto/active/timing gate failed or signal already used
2026-09-05,02:41:09 GMT,SENTINEL V6 MULTI-WINDOW SCAN >>>
2026-09-05,02:41:09 GMT,V6.2 DIAG | 2 1 9 0.25 0 -0.25 0 -0.15 -0.1 0 8 0 0 0 0 0 1 1
2026-09-05,02:41:09 GMT,V6.2 BLOCK - final pressure/veto/active/timing gate failed or signal already used
2026-09-05,02:41:09 GMT,SENTINEL V6 MULTI-WINDOW SCAN >>>
2026-09-05,02:41:09 GMT,V6.2 DIAG | 4 0 9 0.25 0 -0.25 0 -0.15 -0.1 0 8 0 0 0 0 0 1 1
2026-09-05,02:41:09 GMT,V6.2 BLOCK - final pressure/veto/active/timing gate failed or signal already used
2026-09-05,02:41:09 GMT,SENTINEL V6 MULTI-WINDOW SCAN >>>
2026-09-05,02:41:09 GMT,V6.2 DIAG | 2 0 9 0.25 0 -0.25 0 -0.15 -0.1 0 8 0 0 0 0 0 1 0
2026-09-05,02:41:09 GMT,V6.2 BLOCK - final pressure/veto/active/timing gate failed or signal already used
2026-09-05,02:41:09 GMT,SENTINEL V6 MULTI-WINDOW SCAN >>>
2026-09-05,02:41:09 GMT,V6.2 DIAG | 1 0 9 0.25 0 -0.25 0 -0.15 -0.1 0 8 0 0 0 0 0 1 0
2026-09-05,02:41:09 GMT,V6.2 BLOCK - final pressure/veto/active/timing gate failed or signal already used
2026-09-05,02:41:09 GMT,SENTINEL V6 MULTI-WINDOW SCAN >>>
2026-09-05,02:41:09 GMT,V6.2 DIAG | 1 0 9 0.30000000000000004 0 -0.3 0 -0.15 -0.1 -0.05 8 0 0 0 0 0 1 0
2026-09-05,02:41:09 GMT,V6.2 BLOCK - final pressure/veto/active/timing gate failed or signal already used
2026-09-05,02:41:09 GMT,SENTINEL V6 MULTI-WINDOW SCAN >>>
2026-09-05,02:41:09 GMT,V6.2 DIAG | 2 0 12 0.15000000000000002 0.028571428571428567 -0.15 -0.06666666666666667 -0.15 -0.35000000000000003 -0.05 8 0 0 0 1 0 1 0
2026-09-05,02:41:09 GMT,V6.2 BLOCK - final pressure/veto/active/timing gate failed or signal already used
2026-09-05,02:41:09 GMT,SENTINEL V6 MULTI-WINDOW SCAN >>>
2026-09-05,02:41:09 GMT,V6.2 DIAG | 5 0 12 0.15000000000000002 0.028571428571428567 -0.15 -0.06666666666666667 -0.15 -0.35000000000000003 -0.05 8 0 0 0 0 0 1 0
2026-09-05,02:41:09 GMT,V6.2 BLOCK - final pressure/veto/active/timing gate failed or signal already used
2026-09-05,02:41:09 GMT,SENTINEL V6 MULTI-WINDOW SCAN >>>
2026-09-05,02:41:09 GMT,V6.2 DIAG | 3 0 12 0.050000000000000044 0.057142857142857134 -0.04999999999999999 -0.13333333333333333 -0.4 -0.4 -0.05 7 1 1 1 0 0 1 0
2026-09-05,02:41:09 GMT,V6.2 BLOCK - final pressure/veto/active/timing gate failed or signal already used
2026-09-05,02:41:09 GMT,SENTINEL V6 MULTI-WINDOW SCAN >>>
2026-09-05,02:41:09 GMT,V6.2 DIAG | 6 0 10 -0.050000000000000044 0.08571428571428572 0.04999999999999999 -0.2 -0.45 -0.65 -0.05 7 1 1 0 0 0 1 0
2026-09-05,02:41:09 GMT,V6.2 BLOCK - final pressure/veto/active/timing gate failed or signal already used
2026-09-05,02:41:09 GMT,SENTINEL V6 MULTI-WINDOW SCAN >>>
2026-09-05,02:41:09 GMT,V6.2 DIAG | 5 0 10 0 0.08571428571428572 0 -0.2 -0.45 -0.65 -0.1 6 2 1 0 0 0 1 0
2026-09-05,02:41:09 GMT,V6.2 BLOCK - final pressure/veto/active/timing gate failed or signal already used
2026-09-05,02:41:09 GMT,SENTINEL V6 MULTI-WINDOW SCAN >>>
2026-09-05,02:41:09 GMT,V6.2 DIAG | 4 0 8 0 0.028571428571428567 0 -0.06666666666666667 -0.45 0.15000000000000002 -0.1 5 3 2 1 0 0 1 0
2026-09-05,02:41:09 GMT,V6.2 BLOCK - final pressure/veto/active/timing gate failed or signal already used
2026-09-05,02:41:09 GMT,SENTINEL V6 MULTI-WINDOW SCAN >>>
2026-09-05,02:41:09 GMT,V6.2 DIAG | 1 0 9 0.04999999999999993 0.028571428571428567 -0.04999999999999999 -0.06666666666666667 -0.5 0.15000000000000002 -0.1 5 3 2 1 0 0 1 0
2026-09-05,02:41:09 GMT,V6.2 BLOCK - final pressure/veto/active/timing gate failed or signal already used
2026-09-05,02:41:09 GMT,SENTINEL V6 MULTI-WINDOW SCAN >>>
2026-09-05,02:41:09 GMT,V6.2 DIAG | 6 0 4 -0.050000000000000044 0 0.050000000000000044 0 0.05000000000000002 0.15000000000000002 -0.15 5 3 2 1 0 0 1 0
2026-09-05,02:41:09 GMT,V6.2 BLOCK - final pressure/veto/active/timing gate failed or signal already used
2026-09-05,02:41:09 GMT,SENTINEL V6 MULTI-WINDOW SCAN >>>
2026-09-05,02:41:09 GMT,V6.2 DIAG | 2 0 5 -0.19999999999999996 -0.028571428571428574 0.2 0.06666666666666668 -0.20000000000000004 0.9500000000000001 -0.15 5 3 2 1 0 0 1 0
2026-09-05,02:41:09 GMT,V6.2 BLOCK - final pressure/veto/active/timing gate failed or signal already used
2026-09-05,02:41:09 GMT,SENTINEL V6 MULTI-WINDOW SCAN >>>
2026-09-05,02:41:09 GMT,V6.2 DIAG | 8 0 3 -0.19999999999999996 -0.028571428571428574 0.2 0.06666666666666668 -0.20000000000000004 0.9500000000000001 -0.15 4 4 2 1 0 0 1 0
2026-09-05,02:41:09 GMT,V6.2 BLOCK - final pressure/veto/active/timing gate failed or signal already used
2026-09-05,02:41:09 GMT,SENTINEL V6 MULTI-WINDOW SCAN >>>
2026-09-05,02:41:09 GMT,V6.2 DIAG | 2 0 4 -0.09999999999999998 0 0.10000000000000003 0 -0.20000000000000004 0.45 -0.15 4 4 1 1 0 0 1 0
2026-09-05,02:41:09 GMT,V6.2 BLOCK - final pressure/veto/active/timing gate failed or signal already used
2026-09-05,02:41:09 GMT,SENTINEL V6 MULTI-WINDOW SCAN >>>
2026-09-05,02:41:09 GMT,V6.2 DIAG | 7 0 4 -0.050000000000000044 0 0.050000000000000044 0 -0.20000000000000004 0.45 -0.2 4 4 1 1 0 0 1 0
2026-09-05,02:41:09 GMT,V6.2 BLOCK - final pressure/veto/active/timing gate failed or signal already used
2026-09-05,02:41:09 GMT,SENTINEL V6 MULTI-WINDOW SCAN >>>
2026-09-05,02:41:09 GMT,V6.2 DIAG | 8 0 7 0.09999999999999998 -0.028571428571428567 -0.10000000000000003 0.06666666666666667 0.05000000000000002 0.45 -0.2 5 3 1 1 0 0 1 0
2026-09-05,02:41:09 GMT,V6.2 BLOCK - final pressure/veto/active/timing gate failed or signal already used
2026-09-05,02:41:09 GMT,SENTINEL V6 MULTI-WINDOW SCAN >>>
2026-09-05,02:41:09 GMT,V6.2 DIAG | 1 0 8 0.25 -0.057142857142857134 -0.25 0.13333333333333333 0.8 -0.05 -0.2 6 2 0 0 0 0 1 0
2026-09-05,02:41:09 GMT,V6.2 BLOCK - final pressure/veto/active/timing gate failed or signal already used
2026-09-05,02:41:09 GMT,SENTINEL V6 MULTI-WINDOW SCAN >>>
2026-09-05,02:41:09 GMT,V6.2 DIAG | 4 0 8 0.30000000000000004 -0.057142857142857134 -0.3 0.13333333333333333 0.75 -0.05 -0.2 6 2 0 0 0 0 1 0
2026-09-05,02:40:38 GMT,V6.2 BLOCK - final pressure/veto/active/timing gate failed or signal already used
2026-09-05,02:40:38 GMT,SENTINEL V6 MULTI-WINDOW SCAN >>>
2026-09-05,02:40:38 GMT,V6.2 DIAG | 2 0 8 0.30000000000000004 -0.057142857142857134 -0.3 0.13333333333333333 0.75 -0.05 -0.2 6 2 0 0 0 0 1 0
2026-09-05,02:40:38 GMT,V6.2 BLOCK - final pressure/veto/active/timing gate failed or signal already used
2026-09-05,02:40:38 GMT,SENTINEL V6 MULTI-WINDOW SCAN >>>
2026-09-05,02:40:38 GMT,V6.2 DIAG | 7 0 8 0.30000000000000004 -0.057142857142857134 -0.3 0.13333333333333333 0.75 -0.05 -0.2 6 2 0 1 0 0 1 0
2026-09-05,02:40:38 GMT,V6.2 BLOCK - final pressure/veto/active/timing gate failed or signal already used
2026-09-05,02:40:38 GMT,SENTINEL V6 MULTI-WINDOW SCAN >>>
2026-09-05,02:40:38 GMT,V6.2 DIAG | 7 0 8 0.4 -0.028571428571428567 -0.4 0.06666666666666667 0.25 -0.05 -0.2 7 1 0 1 0 0 1 0
2026-09-05,02:40:38 GMT,V6.2 BLOCK - final pressure/veto/active/timing gate failed or signal already used
2026-09-05,02:40:38 GMT,SENTINEL V6 MULTI-WINDOW SCAN >>>
2026-09-05,02:40:38 GMT,V6.2 DIAG | 0 1 9 0.5 0 -0.5 0 -0.25 -0.05 -0.2 8 0 0 0 0 0 1 1
2026-09-05,02:40:38 GMT,V6.2 BLOCK - final pressure/veto/active/timing gate failed or signal already used
2026-09-05,02:40:38 GMT,SENTINEL V6 MULTI-WINDOW SCAN >>>
2026-09-05,02:40:38 GMT,V6.2 DIAG | 2 0 12 0.35 0.028571428571428567 -0.35 -0.06666666666666667 -0.25 -0.05 -0.45 8 0 0 0 1 0 1 1
2026-09-05,02:40:38 GMT,V6.2 BLOCK - final pressure/veto/active/timing gate failed or signal already used
2026-09-05,02:40:38 GMT,SENTINEL V6 MULTI-WINDOW SCAN >>>
2026-09-05,02:40:38 GMT,V6.2 DIAG | 4 0 12 0.35 0.028571428571428567 -0.35 -0.06666666666666667 -0.25 -0.05 -0.45 8 0 0 0 1 0 1 0
2026-09-05,02:40:38 GMT,V6.2 BLOCK - final pressure/veto/active/timing gate failed or signal already used
2026-09-05,02:40:38 GMT,SENTINEL V6 MULTI-WINDOW SCAN >>>
2026-09-05,02:40:38 GMT,V6.2 DIAG | 3 1 12 0.35 0.028571428571428567 -0.35 -0.06666666666666667 -0.25 -0.05 -0.45 7 1 0 0 0 0 1 0
2026-09-05,02:40:38 GMT,V6.2 BLOCK - final pressure/veto/active/timing gate failed or signal already used
2026-09-05,02:40:38 GMT,SENTINEL V6 MULTI-WINDOW SCAN >>>
2026-09-05,02:40:38 GMT,V6.2 DIAG | 0 0 12 0.20000000000000007 0.057142857142857134 -0.2 -0.13333333333333333 -0.25 -0.30000000000000004 -0.45 7 1 0 0 0 0 1 1
2026-09-05,02:40:38 GMT,V6.2 BLOCK - final pressure/veto/active/timing gate failed or signal already used
2026-09-05,02:40:38 GMT,SENTINEL V6 MULTI-WINDOW SCAN >>>
2026-09-05,02:40:38 GMT,V6.2 DIAG | 0 0 12 0.09999999999999998 0.08571428571428572 -0.10000000000000003 -0.2 -0.55 -0.30000000000000004 -0.45 7 1 0 0 1 0 1 0
2026-09-05,02:40:38 GMT,V6.2 BLOCK - final pressure/veto/active/timing gate failed or signal already used
2026-09-05,02:40:38 GMT,SENTINEL V6 MULTI-WINDOW SCAN >>>
2026-09-05,02:40:38 GMT,V6.2 DIAG | 1 0 9 -0.050000000000000044 0.05714285714285714 0.050000000000000044 -0.13333333333333336 -0.55 -0.30000000000000004 0.1 6 2 1 0 0 0 1 0
2026-09-05,02:40:38 GMT,V6.2 BLOCK - final pressure/veto/active/timing gate failed or signal already used
2026-09-05,02:40:38 GMT,SENTINEL V6 MULTI-WINDOW SCAN >>>
2026-09-05,02:40:38 GMT,V6.2 DIAG | 3 0 9 -0.050000000000000044 0.05714285714285714 0.050000000000000044 -0.13333333333333336 -0.55 -0.30000000000000004 0.1 5 3 1 1 0 0 1 0
2026-09-05,02:40:37 GMT,V6.2 BLOCK - final pressure/veto/active/timing gate failed or signal already used
2026-09-05,02:40:37 GMT,SENTINEL V6 MULTI-WINDOW SCAN >>>
2026-09-05,02:40:37 GMT,V6.2 DIAG | 6 0 7 -0.19999999999999996 0.08571428571428572 0.2 -0.2 -0.8 -0.30000000000000004 0.1 4 4 1 0 0 0 1 0
2026-09-05,02:40:37 GMT,V6.2 BLOCK - final pressure/veto/active/timing gate failed or signal already used
2026-09-05,02:40:37 GMT,SENTINEL V6 MULTI-WINDOW SCAN >>>
2026-09-05,02:40:37 GMT,V6.2 DIAG | 2 0 6 -0.35 0.05714285714285715 0.35 -0.13333333333333333 -0.8 0.5 -0.15000000000000002 4 4 1 1 0 0 1 0
2026-09-05,02:40:37 GMT,V6.2 BLOCK - final pressure/veto/active/timing gate failed or signal already used
2026-09-05,02:40:37 GMT,SENTINEL V6 MULTI-WINDOW SCAN >>>
2026-09-05,02:40:37 GMT,V6.2 DIAG | 9 0 3 -0.29999999999999993 0 0.3 0 -0.04999999999999999 0.5 -0.15000000000000002 3 5 1 1 0 0 1 0
2026-09-05,02:40:37 GMT,V6.2 BLOCK - final pressure/veto/active/timing gate failed or signal already used
2026-09-05,02:40:37 GMT,SENTINEL V6 MULTI-WINDOW SCAN >>>
2026-09-05,02:40:37 GMT,V6.2 DIAG | 2 0 3 -0.19999999999999996 -0.028571428571428574 0.2 0.06666666666666668 -0.04999999999999999 0.5 0.15000000000000002 3 5 1 1 0 0 1 0
2026-09-05,02:40:37 GMT,V6.2 BLOCK - final pressure/veto/active/timing gate failed or signal already used
2026-09-05,02:40:37 GMT,SENTINEL V6 MULTI-WINDOW SCAN >>>
2026-09-05,02:40:37 GMT,V6.2 DIAG | 3 0 3 -0.19999999999999996 -0.028571428571428574 0.2 0.06666666666666668 -0.04999999999999999 0.5 0.15000000000000002 3 5 1 1 0 0 1 0
2026-09-05,02:40:37 GMT,V6.2 BLOCK - final pressure/veto/active/timing gate failed or signal already used
2026-09-05,02:40:37 GMT,SENTINEL V6 MULTI-WINDOW SCAN >>>
2026-09-05,02:40:37 GMT,V6.2 DIAG | 8 0 2 -0.35 -0.05714285714285715 0.35 0.13333333333333333 0.75 0.5 -0.10000000000000003 3 5 1 1 0 0 1 0
2026-09-05,02:40:37 GMT,V6.2 BLOCK - final pressure/veto/active/timing gate failed or signal already used
2026-09-05,02:40:37 GMT,SENTINEL V6 MULTI-WINDOW SCAN >>>
2026-09-05,02:40:37 GMT,V6.2 DIAG | 7 0 2 -0.4 -0.05714285714285715 0.39999999999999997 0.13333333333333333 0.5 0 0.7 4 4 0 1 0 0 1 0
2026-09-05,02:40:37 GMT,V6.2 BLOCK - final pressure/veto/active/timing gate failed or signal already used
2026-09-05,02:40:37 GMT,SENTINEL V6 MULTI-WINDOW SCAN >>>
2026-09-05,02:40:37 GMT,V6.2 DIAG | 9 0 3 -0.44999999999999996 0 0.44999999999999996 0 -0.25 0 0.7 4 4 0 1 0 0 1 0
2026-09-05,02:40:37 GMT,V6.2 BLOCK - final pressure/veto/active/timing gate failed or signal already used
2026-09-05,02:40:37 GMT,SENTINEL V6 MULTI-WINDOW SCAN >>>
2026-09-05,02:40:37 GMT,V6.2 DIAG | 4 0 6 -0.5 0.05714285714285715 0.5 -0.13333333333333333 -0.4999999999999999 0 0.2 4 4 0 0 0 0 1 0
2026-09-05,02:40:37 GMT,V6.2 BLOCK - final pressure/veto/active/timing gate failed or signal already used
2026-09-05,02:40:37 GMT,SENTINEL V6 MULTI-WINDOW SCAN >>>
2026-09-05,02:40:37 GMT,V6.2 DIAG | 7 0 6 -0.5 0.05714285714285715 0.5 -0.13333333333333333 -0.4999999999999999 0 0.2 3 5 0 1 0 0 1 0
2026-09-05,02:40:37 GMT,V6.2 BLOCK - final pressure/veto/active/timing gate failed or signal already used
2026-09-05,02:40:37 GMT,SENTINEL V6 MULTI-WINDOW SCAN >>>
2026-09-05,02:40:37 GMT,V6.2 DIAG | 9 0 7 -0.35 0.028571428571428574 0.35 -0.06666666666666668 -1 -0.05 1 3 5 0 1 0 0 1 0
2026-09-05,02:40:37 GMT,V6.2 BLOCK - final pressure/veto/active/timing gate failed or signal already used
2026-09-05,02:40:37 GMT,SENTINEL V6 MULTI-WINDOW SCAN >>>
2026-09-05,02:40:37 GMT,V6.2 DIAG | 2 0 4 -0.25 0 0.25 0 -0.20000000000000004 -0.05 0.5 4 4 0 0 0 0 1 0
2026-09-05,02:40:37 GMT,V6.2 BLOCK - final pressure/veto/active/timing gate failed or signal already used
2026-09-05,02:40:37 GMT,SENTINEL V6 MULTI-WINDOW SCAN >>>
2026-09-05,02:40:37 GMT,V6.2 DIAG | 6 0 3 -0.25 -0.05714285714285714 0.25 0.13333333333333336 0.6 -0.05 0.5 4 4 0 0 0 0 1 0
2026-09-05,02:40:37 GMT,V6.2 BLOCK - final pressure/veto/active/timing gate failed or signal already used
2026-09-05,02:40:37 GMT,SENTINEL V6 MULTI-WINDOW SCAN >>>
2026-09-05,02:40:37 GMT,V6.2 DIAG | 2 0 3 -0.25 -0.11428571428571428 0.25 0.26666666666666666 1.4 -0.05 0.5 4 4 0 0 0 0 1 0
2026-09-05,02:40:37 GMT,V6.2 BLOCK - final pressure/veto/active/timing gate failed or signal already used
2026-09-05,02:40:37 GMT,SENTINEL V6 MULTI-WINDOW SCAN >>>
2026-09-05,02:40:37 GMT,V6.2 DIAG | 9 0 3 -0.25 -0.11428571428571428 0.25 0.26666666666666666 1.4 -0.05 0.5 4 4 0 1 0 0 1 0
2026-09-05,02:40:37 GMT,V6.2 BLOCK - final pressure/veto/active/timing gate failed or signal already used
2026-09-05,02:40:37 GMT,SENTINEL V6 MULTI-WINDOW SCAN >>>
2026-09-05,02:40:37 GMT,V6.2 DIAG | 7 0 6 -0.15000000000000002 -0.08571428571428572 0.15 0.2 1.4 -0.05 0 5 3 0 1 0 0 1 0
2026-09-05,02:40:37 GMT,V6.2 BLOCK - final pressure/veto/active/timing gate failed or signal already used
2026-09-05,02:40:37 GMT,SENTINEL V6 MULTI-WINDOW SCAN >>>
2026-09-05,02:40:37 GMT,V6.2 DIAG | 7 0 6 -0.04999999999999993 -0.057142857142857134 0.05000000000000002 0.13333333333333333 0.9 -0.05 0 6 2 0 1 0 0 1 0
2026-09-05,02:40:37 GMT,V6.2 BLOCK - final pressure/veto/active/timing gate failed or signal already used
2026-09-05,02:40:37 GMT,SENTINEL V6 MULTI-WINDOW SCAN >>>
2026-09-05,02:40:37 GMT,V6.2 DIAG | 7 0 6 -0.04999999999999993 0 0.05000000000000002 0 0.1 -0.05 0 7 1 0 1 0 0 1 0
2026-09-05,02:40:37 GMT,V6.2 BLOCK - final pressure/veto/active/timing gate failed or signal already used
2026-09-05,02:40:37 GMT,SENTINEL V6 MULTI-WINDOW SCAN >>>
2026-09-05,02:40:37 GMT,V6.2 DIAG | 5 0 12 0.09999999999999998 0.028571428571428567 -0.1 -0.06666666666666667 -0.4 -0.1 0 8 0 0 0 1 0 1 0
2026-09-05,02:40:37 GMT,V6.2 BLOCK - final pressure/veto/active/timing gate failed or signal already used
2026-09-05,02:40:37 GMT,SENTINEL V6 MULTI-WINDOW SCAN >>>
2026-09-05,02:40:37 GMT,V6.2 DIAG | 0 0 12 0.09999999999999998 0.028571428571428567 -0.1 -0.06666666666666667 -0.4 -0.1 0 7 1 0 0 1 0 1 0
2026-09-05,02:40:37 GMT,V6.2 BLOCK - final pressure/veto/active/timing gate failed or signal already used
2026-09-05,02:40:37 GMT,SENTINEL V6 MULTI-WINDOW SCAN >>>
2026-09-05,02:40:37 GMT,V6.2 DIAG | 0 0 12 0.15000000000000002 0.028571428571428567 -0.15 -0.06666666666666667 -0.45 -0.1 0 7 1 0 0 1 0 1 0
2026-09-05,02:40:37 GMT,V6.2 BLOCK - final pressure/veto/active/timing gate failed or signal already used
2026-09-05,02:40:37 GMT,SENTINEL V6 MULTI-WINDOW SCAN >>>
2026-09-05,02:40:37 GMT,V6.2 DIAG | 1 0 12 0.20000000000000007 0.028571428571428567 -0.19999999999999998 -0.06666666666666667 -0.45 -0.15 0 7 1 0 0 1 0 1 0
2026-09-05,02:40:16 GMT,V6.2 BLOCK - final pressure/veto/active/timing gate failed or signal already used
2026-09-05,02:40:16 GMT,SENTINEL V6 MULTI-WINDOW SCAN >>>
2026-09-05,02:40:16 GMT,V6.2 DIAG | 2 0 8 0.050000000000000044 0 -0.04999999999999999 0 0.1 -0.15 0 7 1 0 0 0 0 1 0
2026-09-05,02:40:15 GMT,V6.2 BLOCK - final pressure/veto/active/timing gate failed or signal already used
2026-09-05,02:40:15 GMT,SENTINEL V6 MULTI-WINDOW SCAN >>>
2026-09-05,02:40:15 GMT,V6.2 DIAG | 5 0 8 0.050000000000000044 0 -0.04999999999999999 0 0.1 -0.15 0 7 1 0 0 0 0 1 0
2026-09-05,02:40:15 GMT,V6.2 BLOCK - final pressure/veto/active/timing gate failed or signal already used
2026-09-05,02:40:15 GMT,SENTINEL V6 MULTI-WINDOW SCAN >>>
2026-09-05,02:40:15 GMT,V6.2 DIAG | 3 0 8 0.10000000000000009 0 -0.09999999999999998 0 0.05000000000000002 -0.15 0 6 2 0 0 0 0 1 1
2026-09-05,02:40:15 GMT,V6.2 BLOCK - final pressure/veto/active/timing gate failed or signal already used
2026-09-05,02:40:15 GMT,SENTINEL V6 MULTI-WINDOW SCAN >>>
2026-09-05,02:40:15 GMT,V6.2 DIAG | 5 0 8 0.10000000000000009 0 -0.09999999999999998 0 0.05000000000000002 -0.15 0 6 2 0 0 0 0 1 0
2026-09-05,02:40:15 GMT,V6.2 BLOCK - final pressure/veto/active/timing gate failed or signal already used
2026-09-05,02:40:15 GMT,SENTINEL V6 MULTI-WINDOW SCAN >>>
2026-09-05,02:40:15 GMT,V6.2 DIAG | 7 0 8 0.10000000000000009 0 -0.09999999999999998 0 0.05000000000000002 -0.15 0 6 2 0 1 0 0 1 0
2026-09-05,02:40:15 GMT,V6.2 BLOCK - final pressure/veto/active/timing gate failed or signal already used
2026-09-05,02:40:15 GMT,SENTINEL V6 MULTI-WINDOW SCAN >>>
2026-09-05,02:40:15 GMT,V6.2 DIAG | 3 0 8 0.20000000000000007 -0.028571428571428567 -0.19999999999999998 0.06666666666666667 0.35000000000000003 -0.15 0 7 1 0 0 0 0 1 0
2026-09-05,02:40:15 GMT,V6.2 BLOCK - final pressure/veto/active/timing gate failed or signal already used
2026-09-05,02:40:15 GMT,SENTINEL V6 MULTI-WINDOW SCAN >>>
2026-09-05,02:40:15 GMT,V6.2 DIAG | 6 0 8 0.20000000000000007 -0.028571428571428567 -0.19999999999999998 0.06666666666666667 0.35000000000000003 -0.15 0 7 1 0 0 0 0 1 0
2026-09-05,02:40:15 GMT,V6.2 BLOCK - final pressure/veto/active/timing gate failed or signal already used
2026-09-05,02:40:15 GMT,SENTINEL V6 MULTI-WINDOW SCAN >>>
2026-09-05,02:40:15 GMT,V6.2 DIAG | 0 0 8 0.25 -0.028571428571428567 -0.24999999999999997 0.06666666666666667 0.30000000000000004 -0.15 0 7 1 0 0 0 0 1 0
2026-09-05,02:40:15 GMT,V6.2 BLOCK - final pressure/veto/active/timing gate failed or signal already used
2026-09-05,02:40:15 GMT,SENTINEL V6 MULTI-WINDOW SCAN >>>
2026-09-05,02:40:15 GMT,V6.2 DIAG | 1 0 8 0.15000000000000002 0 -0.14999999999999997 0 0.30000000000000004 -0.45 0 7 1 0 0 0 0 1 0
2026-09-05,02:40:15 GMT,V6.2 BLOCK - final pressure/veto/active/timing gate failed or signal already used
2026-09-05,02:40:15 GMT,SENTINEL V6 MULTI-WINDOW SCAN >>>
2026-09-05,02:40:15 GMT,V6.2 DIAG | 7 0 8 0.15000000000000002 0 -0.14999999999999997 0 0.30000000000000004 -0.45 0 7 1 0 1 0 0 1 0
2026-09-05,02:40:15 GMT,V6.2 BLOCK - final pressure/veto/active/timing gate failed or signal already used
2026-09-05,02:40:15 GMT,SENTINEL V6 MULTI-WINDOW SCAN >>>
2026-09-05,02:40:15 GMT,V6.2 DIAG | 6 0 12 0.30000000000000004 0.028571428571428567 -0.30000000000000004 -0.06666666666666667 -0.25 -0.45 0 7 1 1 0 1 0 1 0
2026-09-05,02:40:15 GMT,V6.2 BLOCK - final pressure/veto/active/timing gate failed or signal already used
2026-09-05,02:40:15 GMT,SENTINEL V6 MULTI-WINDOW SCAN >>>
2026-09-05,02:40:15 GMT,V6.2 DIAG | 3 0 12 0.35 0.028571428571428567 -0.35 -0.06666666666666667 -0.25 -0.45 -0.05 7 1 1 1 1 0 1 0
2026-09-05,02:40:15 GMT,V6.2 BLOCK - final pressure/veto/active/timing gate failed or signal already used
2026-09-05,02:40:15 GMT,SENTINEL V6 MULTI-WINDOW SCAN >>>
2026-09-05,02:40:15 GMT,V6.2 DIAG | 6 0 12 0.4 0.028571428571428567 -0.4 -0.06666666666666667 -0.25 -0.5 -0.05 7 1 1 0 1 0 1 0
2026-09-05,02:40:15 GMT,V6.2 BLOCK - final pressure/veto/active/timing gate failed or signal already used
2026-09-05,02:40:15 GMT,SENTINEL V6 MULTI-WINDOW SCAN >>>
2026-09-05,02:40:15 GMT,V6.2 DIAG | 0 0 8 0.4 -0.028571428571428567 -0.4 0.06666666666666667 -0.25 0.30000000000000004 -0.05 7 1 1 1 0 0 1 0
2026-09-05,02:40:15 GMT,V6.2 BLOCK - final pressure/veto/active/timing gate failed or signal already used
2026-09-05,02:40:15 GMT,SENTINEL V6 MULTI-WINDOW SCAN >>>
2026-09-05,02:40:15 GMT,V6.2 DIAG | 6 0 8 0.4 -0.028571428571428567 -0.4 0.06666666666666667 -0.25 0.30000000000000004 -0.05 7 1 1 1 0 0 1 0
2026-09-05,02:40:15 GMT,V6.2 BLOCK - final pressure/veto/active/timing gate failed or signal already used
2026-09-05,02:40:15 GMT,SENTINEL V6 MULTI-WINDOW SCAN >>>
2026-09-05,02:40:15 GMT,V6.2 DIAG | 6 0 8 0.25 0 -0.25 0 -0.5 0.30000000000000004 -0.05 7 1 1 1 0 0 1 0
2026-09-05,02:40:15 GMT,V6.2 BLOCK - final pressure/veto/active/timing gate failed or signal already used
2026-09-05,02:40:15 GMT,SENTINEL V6 MULTI-WINDOW SCAN >>>
2026-09-05,02:40:15 GMT,V6.2 DIAG | 0 0 11 0.09999999999999998 0.028571428571428567 -0.10000000000000003 -0.06666666666666667 -0.5 0.05000000000000002 -0.05 7 1 1 0 1 0 1 0
2026-09-05,02:40:15 GMT,V6.2 BLOCK - final pressure/veto/active/timing gate failed or signal already used
2026-09-05,02:40:15 GMT,SENTINEL V6 MULTI-WINDOW SCAN >>>
2026-09-05,02:40:15 GMT,V6.2 DIAG | 8 0 11 0.09999999999999998 0.028571428571428567 -0.10000000000000003 -0.06666666666666667 -0.5 0.05000000000000002 -0.05 6 2 1 0 0 0 1 0
2026-09-05,02:40:15 GMT,V6.2 BLOCK - final pressure/veto/active/timing gate failed or signal already used
2026-09-05,02:40:15 GMT,SENTINEL V6 MULTI-WINDOW SCAN >>>
2026-09-05,02:40:15 GMT,V6.2 DIAG | 0 0 12 0.09999999999999998 0.08571428571428572 -0.10000000000000003 -0.2 -0.8 -0.45 -0.05 6 2 1 0 0 0 1 0
2026-09-05,02:40:15 GMT,V6.2 BLOCK - final pressure/veto/active/timing gate failed or signal already used
2026-09-05,02:40:15 GMT,SENTINEL V6 MULTI-WINDOW SCAN >>>
2026-09-05,02:40:15 GMT,V6.2 DIAG | 6 0 10 0 0.11428571428571428 0 -0.26666666666666666 -0.8 -0.75 -0.05 6 2 1 0 0 0 1 0
2026-09-05,02:40:15 GMT,V6.2 BLOCK - final pressure/veto/active/timing gate failed or signal already used
2026-09-05,02:40:15 GMT,SENTINEL V6 MULTI-WINDOW SCAN >>>
2026-09-05,02:40:15 GMT,V6.2 DIAG | 6 0 11 0.04999999999999993 0.05714285714285714 -0.04999999999999999 -0.13333333333333336 0 -0.75 -0.1 5 3 1 0 0 0 1 0
2026-09-05,02:39:54 GMT,V6.2 BLOCK - final pressure/veto/active/timing gate failed or signal already used
2026-09-05,02:39:54 GMT,SENTINEL V6 MULTI-WINDOW SCAN >>>
2026-09-05,02:39:54 GMT,V6.2 DIAG | 3 0 4 0.04999999999999993 0 -0.04999999999999999 0 0 0.05000000000000002 -0.1 4 4 2 1 0 0 1 0
2026-09-05,02:39:54 GMT,V6.2 BLOCK - final pressure/veto/active/timing gate failed or signal already used
2026-09-05,02:39:54 GMT,SENTINEL V6 MULTI-WINDOW SCAN >>>
2026-09-05,02:39:54 GMT,V6.2 DIAG | 4 0 6 -0.09999999999999998 0.028571428571428574 0.09999999999999998 -0.06666666666666668 -0.25 0.05000000000000002 -0.1 4 4 2 0 0 0 1 0
2026-09-05,02:39:54 GMT,V6.2 BLOCK - final pressure/veto/active/timing gate failed or signal already used
2026-09-05,02:39:54 GMT,SENTINEL V6 MULTI-WINDOW SCAN >>>
2026-09-05,02:39:54 GMT,V6.2 DIAG | 1 0 2 -0.09999999999999998 -0.028571428571428574 0.09999999999999998 0.06666666666666668 0.55 0.05000000000000002 -0.1 4 4 2 0 0 0 1 0
2026-09-05,02:39:53 GMT,V6.2 BLOCK - final pressure/veto/active/timing gate failed or signal already used
2026-09-05,02:39:53 GMT,SENTINEL V6 MULTI-WINDOW SCAN >>>
2026-09-05,02:39:53 GMT,V6.2 DIAG | 7 0 2 -0.09999999999999998 -0.08571428571428572 0.09999999999999998 0.2 0.55 0.8500000000000001 -0.1 3 5 2 1 0 0 1 0
2026-09-05,02:39:53 GMT,V6.2 BLOCK - final pressure/veto/active/timing gate failed or signal already used
2026-09-05,02:39:53 GMT,SENTINEL V6 MULTI-WINDOW SCAN >>>
2026-09-05,02:39:53 GMT,V6.2 DIAG | 8 0 2 0 -0.05714285714285714 0 0.13333333333333336 0.05000000000000002 0.8500000000000001 -0.1 4 4 2 1 0 0 1 0
2026-09-05,02:39:53 GMT,V6.2 BLOCK - final pressure/veto/active/timing gate failed or signal already used
2026-09-05,02:39:53 GMT,SENTINEL V6 MULTI-WINDOW SCAN >>>
2026-09-05,02:39:53 GMT,V6.2 DIAG | 2 0 7 0.09999999999999998 -0.028571428571428567 -0.10000000000000003 0.06666666666666667 0.05000000000000002 0.35000000000000003 -0.1 5 3 1 1 0 0 1 0
2026-09-05,02:39:53 GMT,V6.2 BLOCK - final pressure/veto/active/timing gate failed or signal already used
2026-09-05,02:39:53 GMT,SENTINEL V6 MULTI-WINDOW SCAN >>>
2026-09-05,02:39:53 GMT,V6.2 DIAG | 7 0 5 -0.050000000000000044 -0.05714285714285714 0.050000000000000044 0.13333333333333336 0.6 0.35000000000000003 -0.1 5 3 1 1 0 0 1 0
2026-09-05,02:39:53 GMT,V6.2 BLOCK - final pressure/veto/active/timing gate failed or signal already used
2026-09-05,02:39:53 GMT,SENTINEL V6 MULTI-WINDOW SCAN >>>
2026-09-05,02:39:53 GMT,V6.2 DIAG | 8 0 5 -0.09999999999999998 0 0.10000000000000003 0 0.1 0.1 -0.1 6 2 1 1 0 0 1 0
2026-09-05,02:39:53 GMT,V6.2 BLOCK - final pressure/veto/active/timing gate failed or signal already used
2026-09-05,02:39:53 GMT,SENTINEL V6 MULTI-WINDOW SCAN >>>
2026-09-05,02:39:53 GMT,V6.2 DIAG | 5 0 9 0 0.028571428571428567 0 -0.06666666666666667 0.1 -0.4 -0.1 6 2 0 1 0 0 1 0
2026-09-05,02:39:53 GMT,V6.2 BLOCK - final pressure/veto/active/timing gate failed or signal already used
2026-09-05,02:39:53 GMT,SENTINEL V6 MULTI-WINDOW SCAN >>>
2026-09-05,02:39:53 GMT,V6.2 DIAG | 5 0 10 -0.15000000000000002 0.05714285714285714 0.15000000000000002 -0.13333333333333336 -0.15000000000000002 -0.4 -0.1 5 3 1 1 0 0 1 0
2026-09-05,02:39:53 GMT,V6.2 BLOCK - final pressure/veto/active/timing gate failed or signal already used
2026-09-05,02:39:53 GMT,SENTINEL V6 MULTI-WINDOW SCAN >>>
2026-09-05,02:39:53 GMT,V6.2 DIAG | 7 0 10 -0.30000000000000004 0.08571428571428572 0.3 -0.2 -0.15000000000000002 -0.4 -0.35000000000000003 5 3 1 0 0 0 1 0
2026-09-05,02:39:53 GMT,V6.2 BLOCK - final pressure/veto/active/timing gate failed or signal already used
2026-09-05,02:39:53 GMT,SENTINEL V6 MULTI-WINDOW SCAN >>>
2026-09-05,02:39:53 GMT,V6.2 DIAG | 0 0 9 -0.35 0.08571428571428572 0.35 -0.2 0.15000000000000002 -0.65 -0.35000000000000003 5 3 1 0 0 0 1 0
2026-09-05,02:39:53 GMT,V6.2 BLOCK - final pressure/veto/active/timing gate failed or signal already used
2026-09-05,02:39:53 GMT,SENTINEL V6 MULTI-WINDOW SCAN >>>
2026-09-05,02:39:53 GMT,V6.2 DIAG | 1 0 6 -0.30000000000000004 0.028571428571428574 0.3 -0.06666666666666668 0.1 0.15000000000000002 -0.35000000000000003 4 4 1 1 0 0 1 0
2026-09-05,02:39:53 GMT,V6.2 BLOCK - final pressure/veto/active/timing gate failed or signal already used
2026-09-05,02:39:53 GMT,SENTINEL V6 MULTI-WINDOW SCAN >>>
2026-09-05,02:39:53 GMT,V6.2 DIAG | 6 0 5 -0.25 0.028571428571428574 0.25 -0.06666666666666668 0.05000000000000002 0.15000000000000002 -0.35000000000000003 3 5 2 1 0 0 1 0
2026-09-05,02:39:53 GMT,V6.2 BLOCK - final pressure/veto/active/timing gate failed or signal already used
2026-09-05,02:39:53 GMT,SENTINEL V6 MULTI-WINDOW SCAN >>>
2026-09-05,02:39:53 GMT,V6.2 DIAG | 2 0 2 -0.19999999999999996 -0.028571428571428574 0.2 0.06666666666666668 0.8500000000000001 0.1 -0.35000000000000003 3 5 2 0 0 0 1 0
2026-09-05,02:39:53 GMT,V6.2 BLOCK - final pressure/veto/active/timing gate failed or signal already used
2026-09-05,02:39:53 GMT,SENTINEL V6 MULTI-WINDOW SCAN >>>
2026-09-05,02:39:53 GMT,V6.2 DIAG | 7 0 1 -0.19999999999999996 -0.08571428571428572 0.2 0.2 0.8500000000000001 0.1 0.45 3 5 2 1 0 0 1 0
2026-09-05,02:39:53 GMT,V6.2 BLOCK - final pressure/veto/active/timing gate failed or signal already used
2026-09-05,02:39:53 GMT,SENTINEL V6 MULTI-WINDOW SCAN >>>
2026-09-05,02:39:53 GMT,V6.2 DIAG | 8 0 1 -0.09999999999999998 -0.11428571428571428 0.10000000000000003 0.26666666666666666 0.35000000000000003 0.9 0.45 4 4 2 1 0 0 1 0
2026-09-05,02:39:53 GMT,V6.2 BLOCK - final pressure/veto/active/timing gate failed or signal already used
2026-09-05,02:39:53 GMT,SENTINEL V6 MULTI-WINDOW SCAN >>>
2026-09-05,02:39:53 GMT,V6.2 DIAG | 2 0 4 -0.15000000000000002 -0.05714285714285714 0.15000000000000002 0.13333333333333336 0.1 0.4 0.45 5 3 1 1 0 0 1 0
2026-09-05,02:39:53 GMT,V6.2 BLOCK - final pressure/veto/active/timing gate failed or signal already used
2026-09-05,02:39:53 GMT,SENTINEL V6 MULTI-WINDOW SCAN >>>
2026-09-05,02:39:53 GMT,V6.2 DIAG | 7 0 4 -0.30000000000000004 -0.028571428571428574 0.3 0.06666666666666668 0.1 0.15000000000000002 0.45 5 3 1 1 0 0 1 0
2026-09-05,02:39:53 GMT,V6.2 BLOCK - final pressure/veto/active/timing gate failed or signal already used
2026-09-05,02:39:53 GMT,SENTINEL V6 MULTI-WINDOW SCAN >>>
2026-09-05,02:39:53 GMT,V6.2 DIAG | 9 0 8 -0.35 0.028571428571428574 0.35 -0.06666666666666668 -0.4 0.15000000000000002 0.2 5 3 1 1 0 0 1 0
2026-09-05,02:39:53 GMT,V6.2 BLOCK - final pressure/veto/active/timing gate failed or signal already used
2026-09-05,02:39:53 GMT,SENTINEL V6 MULTI-WINDOW SCAN >>>
2026-09-05,02:39:53 GMT,V6.2 DIAG | 8 0 8 -0.25 0.05714285714285714 0.25 -0.13333333333333336 -0.4 0.15000000000000002 -0.30000000000000004 5 3 2 1 0 0 1 0
2026-09-05,02:39:53 GMT,V6.2 BLOCK - final pressure/veto/active/timing gate failed or signal already used
2026-09-05,02:39:53 GMT,SENTINEL V6 MULTI-WINDOW SCAN >>>
2026-09-05,02:39:53 GMT,V6.2 DIAG | 1 0 10 -0.10000000000000009 0.08571428571428572 0.09999999999999998 -0.2 -0.4 -0.35000000000000003 -0.35000000000000003 5 3 1 0 0 0 1 0
2026-09-05,02:39:34 GMT,V6.2 BLOCK - final pressure/veto/active/timing gate failed or signal already used
2026-09-05,02:39:34 GMT,SENTINEL V6 MULTI-WINDOW SCAN >>>
2026-09-05,02:39:34 GMT,V6.2 DIAG | 1 0 9 -0.10000000000000009 0.028571428571428567 0.09999999999999998 -0.06666666666666667 0.4 -0.35000000000000003 -0.35000000000000003 5 3 1 0 0 0 1 0
2026-09-05,02:39:34 GMT,V6.2 BLOCK - final pressure/veto/active/timing gate failed or signal already used
2026-09-05,02:39:34 GMT,SENTINEL V6 MULTI-WINDOW SCAN >>>
2026-09-05,02:39:34 GMT,V6.2 DIAG | 4 0 5 -0.10000000000000009 -0.028571428571428567 0.09999999999999998 0.06666666666666667 0.4 0.45 -0.35000000000000003 5 3 1 1 0 0 1 0
2026-09-05,02:39:34 GMT,V6.2 BLOCK - final pressure/veto/active/timing gate failed or signal already used
2026-09-05,02:39:34 GMT,SENTINEL V6 MULTI-WINDOW SCAN >>>
2026-09-05,02:39:34 GMT,V6.2 DIAG | 0 0 4 -0.10000000000000009 -0.08571428571428572 0.09999999999999998 0.2 0.4 0.45 0.45 5 3 1 1 0 0 1 0
2026-09-05,02:39:34 GMT,V6.2 BLOCK - final pressure/veto/active/timing gate failed or signal already used
2026-09-05,02:39:34 GMT,SENTINEL V6 MULTI-WINDOW SCAN >>>
2026-09-05,02:39:34 GMT,V6.2 DIAG | 4 0 4 -0.10000000000000009 -0.08571428571428572 0.09999999999999998 0.2 0.4 0.45 0.45 5 3 1 1 0 0 1 0
2026-09-05,02:39:33 GMT,V6.2 BLOCK - final pressure/veto/active/timing gate failed or signal already used
2026-09-05,02:39:33 GMT,SENTINEL V6 MULTI-WINDOW SCAN >>>
2026-09-05,02:39:33 GMT,V6.2 DIAG | 7 0 4 -0.050000000000000044 -0.08571428571428572 0.04999999999999999 0.2 0.4 0.4 0.45 5 3 1 1 0 0 1 0
2026-09-05,02:39:33 GMT,V6.2 BLOCK - final pressure/veto/active/timing gate failed or signal already used
2026-09-05,02:39:33 GMT,SENTINEL V6 MULTI-WINDOW SCAN >>>
2026-09-05,02:39:33 GMT,V6.2 DIAG | 8 0 7 0.10000000000000009 -0.057142857142857134 -0.09999999999999998 0.13333333333333333 -0.1 0.35000000000000003 0.45 6 2 1 1 0 0 1 0
2026-09-05,02:39:33 GMT,V6.2 BLOCK - final pressure/veto/active/timing gate failed or signal already used
2026-09-05,02:39:33 GMT,SENTINEL V6 MULTI-WINDOW SCAN >>>
2026-09-05,02:39:33 GMT,V6.2 DIAG | 9 0 8 0.20000000000000007 -0.028571428571428567 -0.19999999999999998 0.06666666666666667 -0.1 -0.15 0.45 7 1 0 1 0 0 1 0
2026-09-05,02:39:33 GMT,V6.2 BLOCK - final pressure/veto/active/timing gate failed or signal already used
2026-09-05,02:39:33 GMT,SENTINEL V6 MULTI-WINDOW SCAN >>>
2026-09-05,02:39:33 GMT,V6.2 DIAG | 4 0 9 0.35 0 -0.35 0 -0.15 -0.15 -0.05 8 0 0 0 0 0 1 0
2026-09-05,02:39:33 GMT,V6.2 BLOCK - final pressure/veto/active/timing gate failed or signal already used
2026-09-05,02:39:33 GMT,SENTINEL V6 MULTI-WINDOW SCAN >>>
2026-09-05,02:39:33 GMT,V6.2 DIAG | 4 1 9 0.35 0 -0.35 0 -0.15 -0.15 -0.05 8 0 0 1 0 0 1 0
2026-09-05,02:39:33 GMT,V6.2 BLOCK - final pressure/veto/active/timing gate failed or signal already used
2026-09-05,02:39:33 GMT,SENTINEL V6 MULTI-WINDOW SCAN >>>
2026-09-05,02:39:33 GMT,V6.2 DIAG | 4 0 9 0.4 0 -0.4 0 -0.15 -0.2 -0.05 8 0 0 0 0 0 1 1
2026-09-05,02:39:33 GMT,V6.2 BLOCK - final pressure/veto/active/timing gate failed or signal already used
2026-09-05,02:39:33 GMT,SENTINEL V6 MULTI-WINDOW SCAN >>>
2026-09-05,02:39:33 GMT,V6.2 DIAG | 1 0 12 0.25 0.028571428571428567 -0.24999999999999997 -0.06666666666666667 -0.4 -0.2 -0.05 8 0 0 0 0 0 1 0
2026-09-05,02:39:33 GMT,V6.2 BLOCK - final pressure/veto/active/timing gate failed or signal already used
2026-09-05,02:39:33 GMT,SENTINEL V6 MULTI-WINDOW SCAN >>>
2026-09-05,02:39:33 GMT,V6.2 DIAG | 4 0 12 0.10000000000000009 0.057142857142857134 -0.09999999999999998 -0.13333333333333333 -0.65 -0.2 -0.05 8 0 0 0 0 0 1 0
2026-09-05,02:39:33 GMT,V6.2 BLOCK - final pressure/veto/active/timing gate failed or signal already used
2026-09-05,02:39:33 GMT,SENTINEL V6 MULTI-WINDOW SCAN >>>
2026-09-05,02:39:33 GMT,V6.2 DIAG | 4 0 10 -0.050000000000000044 0.08571428571428572 0.04999999999999999 -0.2 -0.65 -0.45 -0.05 7 1 0 0 0 0 1 0
2026-09-05,02:39:33 GMT,V6.2 BLOCK - final pressure/veto/active/timing gate failed or signal already used
2026-09-05,02:39:33 GMT,SENTINEL V6 MULTI-WINDOW SCAN >>>
2026-09-05,02:39:33 GMT,V6.2 DIAG | 3 0 10 0 0.08571428571428572 0 -0.2 -0.65 -0.5 -0.05 6 2 0 0 0 0 1 0
2026-09-05,02:39:33 GMT,V6.2 BLOCK - final pressure/veto/active/timing gate failed or signal already used
2026-09-05,02:39:33 GMT,SENTINEL V6 MULTI-WINDOW SCAN >>>
2026-09-05,02:39:33 GMT,V6.2 DIAG | 0 0 10 0 0.08571428571428572 0 -0.2 -0.65 -0.5 -0.05 5 3 1 0 0 0 1 0
2026-09-05,02:39:33 GMT,V6.2 BLOCK - final pressure/veto/active/timing gate failed or signal already used
2026-09-05,02:39:33 GMT,SENTINEL V6 MULTI-WINDOW SCAN >>>
2026-09-05,02:39:33 GMT,V6.2 DIAG | 2 0 9 0 0.028571428571428567 0 -0.06666666666666667 0.15000000000000002 -0.5 -0.05 5 3 1 0 0 0 1 0
2026-09-05,02:39:33 GMT,V6.2 BLOCK - final pressure/veto/active/timing gate failed or signal already used
2026-09-05,02:39:33 GMT,SENTINEL V6 MULTI-WINDOW SCAN >>>
2026-09-05,02:39:33 GMT,V6.2 DIAG | 1 0 7 0.04999999999999993 -0.028571428571428567 -0.04999999999999999 0.06666666666666667 0.9500000000000001 -0.55 -0.05 5 3 1 0 0 0 1 0
2026-09-05,02:39:33 GMT,V6.2 BLOCK - final pressure/veto/active/timing gate failed or signal already used
2026-09-05,02:39:33 GMT,SENTINEL V6 MULTI-WINDOW SCAN >>>
2026-09-05,02:39:33 GMT,V6.2 DIAG | 2 0 6 0.04999999999999993 -0.08571428571428572 -0.04999999999999999 0.2 0.9500000000000001 0.25 -0.05 5 3 1 1 0 0 1 0
2026-09-05,02:39:33 GMT,V6.2 BLOCK - final pressure/veto/active/timing gate failed or signal already used
2026-09-05,02:39:33 GMT,SENTINEL V6 MULTI-WINDOW SCAN >>>
2026-09-05,02:39:33 GMT,V6.2 DIAG | 6 0 6 0.04999999999999993 -0.08571428571428572 -0.04999999999999999 0.2 0.9500000000000001 0.25 -0.05 5 3 1 1 0 0 1 0
2026-09-05,02:39:33 GMT,V6.2 BLOCK - final pressure/veto/active/timing gate failed or signal already used
2026-09-05,02:39:33 GMT,SENTINEL V6 MULTI-WINDOW SCAN >>>
2026-09-05,02:39:33 GMT,V6.2 DIAG | 7 0 5 -0.050000000000000044 -0.05714285714285714 0.050000000000000044 0.13333333333333336 0.9500000000000001 0.25 -0.35000000000000003 5 3 1 1 0 0 1 0
2026-09-05,02:39:33 GMT,V6.2 BLOCK - final pressure/veto/active/timing gate failed or signal already used
2026-09-05,02:39:33 GMT,SENTINEL V6 MULTI-WINDOW SCAN >>>
2026-09-05,02:39:33 GMT,V6.2 DIAG | 7 0 7 0.09999999999999998 -0.028571428571428567 -0.10000000000000003 0.06666666666666667 0.4 0.25 -0.35000000000000003 6 2 1 1 0 0 1 0
2026-09-05,02:39:12 GMT,V6.2 BLOCK - final pressure/veto/active/timing gate failed or signal already used
2026-09-05,02:39:12 GMT,SENTINEL V6 MULTI-WINDOW SCAN >>>
2026-09-05,02:39:12 GMT,V6.2 DIAG | 8 0 8 0.20000000000000007 0 -0.2 0 -0.1 0.25 -0.35000000000000003 6 2 1 1 0 0 1 0
2026-09-05,02:39:12 GMT,V6.2 BLOCK - final pressure/veto/active/timing gate failed or signal already used
2026-09-05,02:39:12 GMT,SENTINEL V6 MULTI-WINDOW SCAN >>>
2026-09-05,02:39:12 GMT,V6.2 DIAG | 2 0 12 0.30000000000000004 0.028571428571428567 -0.30000000000000004 -0.06666666666666667 -0.1 -0.25 -0.35000000000000003 7 1 0 0 1 0 1 0
2026-09-05,02:39:12 GMT,V6.2 BLOCK - final pressure/veto/active/timing gate failed or signal already used
2026-09-05,02:39:12 GMT,SENTINEL V6 MULTI-WINDOW SCAN >>>
2026-09-05,02:39:12 GMT,V6.2 DIAG | 5 0 12 0.30000000000000004 0.028571428571428567 -0.30000000000000004 -0.06666666666666667 -0.1 -0.25 -0.35000000000000003 7 1 0 0 1 0 1 0
2026-09-05,02:39:12 GMT,V6.2 BLOCK - final pressure/veto/active/timing gate failed or signal already used
2026-09-05,02:39:12 GMT,SENTINEL V6 MULTI-WINDOW SCAN >>>
2026-09-05,02:39:12 GMT,V6.2 DIAG | 5 0 8 0.15000000000000002 0 -0.14999999999999997 0 -0.1 -0.5 0.45 7 1 0 0 0 0 1 0
2026-09-05,02:39:12 GMT,V6.2 BLOCK - final pressure/veto/active/timing gate failed or signal already used
2026-09-05,02:39:12 GMT,SENTINEL V6 MULTI-WINDOW SCAN >>>
2026-09-05,02:39:12 GMT,V6.2 DIAG | 0 0 9 0 0.028571428571428567 0 -0.06666666666666667 -0.1 -0.75 0.45 7 1 0 0 0 0 1 0
2026-09-05,02:39:11 GMT,V6.2 BLOCK - final pressure/veto/active/timing gate failed or signal already used
2026-09-05,02:39:11 GMT,SENTINEL V6 MULTI-WINDOW SCAN >>>
2026-09-05,02:39:11 GMT,V6.2 DIAG | 3 0 9 0 0.028571428571428567 0 -0.06666666666666667 -0.1 -0.75 0.45 6 2 1 1 0 0 1 0
2026-09-05,02:39:11 GMT,V6.2 BLOCK - final pressure/veto/active/timing gate failed or signal already used
2026-09-05,02:39:11 GMT,SENTINEL V6 MULTI-WINDOW SCAN >>>
2026-09-05,02:39:11 GMT,V6.2 DIAG | 6 0 8 -0.15000000000000002 0.05714285714285714 0.15000000000000002 -0.13333333333333336 -0.35000000000000003 -0.75 0.45 5 3 2 0 0 0 1 0
2026-09-05,02:39:11 GMT,V6.2 BLOCK - final pressure/veto/active/timing gate failed or signal already used
2026-09-05,02:39:11 GMT,SENTINEL V6 MULTI-WINDOW SCAN >>>
2026-09-05,02:39:11 GMT,V6.2 DIAG | 9 0 8 -0.09999999999999998 0.05714285714285714 0.10000000000000003 -0.13333333333333336 -0.35000000000000003 -0.8 0.45 5 3 2 0 0 0 1 0
2026-09-05,02:39:11 GMT,V6.2 BLOCK - final pressure/veto/active/timing gate failed or signal already used
2026-09-05,02:39:11 GMT,SENTINEL V6 MULTI-WINDOW SCAN >>>
2026-09-05,02:39:11 GMT,V6.2 DIAG | 5 0 9 -0.15000000000000002 0.05714285714285714 0.15000000000000002 -0.13333333333333336 -0.35000000000000003 -0.25 -0.05 5 3 2 0 0 0 1 0
2026-09-05,02:39:11 GMT,V6.2 BLOCK - final pressure/veto/active/timing gate failed or signal already used
2026-09-05,02:39:11 GMT,SENTINEL V6 MULTI-WINDOW SCAN >>>
2026-09-05,02:39:11 GMT,V6.2 DIAG | 5 0 5 -0.15000000000000002 0 0.15000000000000002 0 -0.35000000000000003 0.55 -0.05 5 3 2 1 0 0 1 0
2026-09-05,02:39:11 GMT,V6.2 BLOCK - final pressure/veto/active/timing gate failed or signal already used
2026-09-05,02:39:11 GMT,SENTINEL V6 MULTI-WINDOW SCAN >>>
2026-09-05,02:39:11 GMT,V6.2 DIAG | 5 0 3 -0.09999999999999998 0 0.10000000000000003 0 -0.35000000000000003 0.55 -0.1 4 4 3 1 0 0 1 0
2026-09-05,02:39:11 GMT,V6.2 BLOCK - final pressure/veto/active/timing gate failed or signal already used
2026-09-05,02:39:11 GMT,SENTINEL V6 MULTI-WINDOW SCAN >>>
2026-09-05,02:39:11 GMT,V6.2 DIAG | 0 0 2 -0.09999999999999998 -0.05714285714285714 0.10000000000000003 0.13333333333333336 0.45 0.55 -0.1 4 4 3 1 0 0 1 0
2026-09-05,02:39:11 GMT,V6.2 BLOCK - final pressure/veto/active/timing gate failed or signal already used
2026-09-05,02:39:11 GMT,SENTINEL V6 MULTI-WINDOW SCAN >>>
2026-09-05,02:39:11 GMT,V6.2 DIAG | 8 0 2 -0.25 -0.028571428571428574 0.25 0.06666666666666668 0.45 0.30000000000000004 -0.1 4 4 3 1 0 0 1 0
2026-09-05,02:39:11 GMT,V6.2 BLOCK - final pressure/veto/active/timing gate failed or signal already used
2026-09-05,02:39:11 GMT,SENTINEL V6 MULTI-WINDOW SCAN >>>
2026-09-05,02:39:11 GMT,V6.2 DIAG | 8 0 4 -0.15000000000000002 -0.05714285714285714 0.15000000000000002 0.13333333333333336 0.45 0.6 -0.1 5 3 2 1 0 0 1 0
2026-09-05,02:39:11 GMT,V6.2 BLOCK - final pressure/veto/active/timing gate failed or signal already used
2026-09-05,02:39:11 GMT,SENTINEL V6 MULTI-WINDOW SCAN >>>
2026-09-05,02:39:11 GMT,V6.2 DIAG | 3 0 4 -0.050000000000000044 -0.028571428571428567 0.04999999999999999 0.06666666666666667 0.45 0.1 -0.1 5 3 2 1 0 0 1 0
2026-09-05,02:39:11 GMT,V6.2 BLOCK - final pressure/veto/active/timing gate failed or signal already used
2026-09-05,02:39:11 GMT,SENTINEL V6 MULTI-WINDOW SCAN >>>
2026-09-05,02:39:11 GMT,V6.2 DIAG | 7 0 5 -0.20000000000000007 0 0.2 0 0.45 -0.15000000000000002 -0.1 5 3 2 1 0 0 1 0
2026-09-05,02:39:11 GMT,V6.2 BLOCK - final pressure/veto/active/timing gate failed or signal already used
2026-09-05,02:39:11 GMT,SENTINEL V6 MULTI-WINDOW SCAN >>>
2026-09-05,02:39:11 GMT,V6.2 DIAG | 6 0 9 -0.10000000000000009 0.028571428571428567 0.09999999999999998 -0.06666666666666667 -0.05 -0.15000000000000002 -0.1 6 2 2 0 0 0 1 0
2026-09-05,02:39:11 GMT,V6.2 BLOCK - final pressure/veto/active/timing gate failed or signal already used
2026-09-05,02:39:11 GMT,SENTINEL V6 MULTI-WINDOW SCAN >>>
2026-09-05,02:39:11 GMT,V6.2 DIAG | 8 0 5 -0.10000000000000009 -0.028571428571428567 0.09999999999999998 0.06666666666666667 -0.05 0.65 -0.1 5 3 3 1 0 0 1 0
2026-09-05,02:39:11 GMT,V6.2 BLOCK - final pressure/veto/active/timing gate failed or signal already used
2026-09-05,02:39:11 GMT,SENTINEL V6 MULTI-WINDOW SCAN >>>
2026-09-05,02:39:11 GMT,V6.2 DIAG | 6 0 8 -0.15000000000000002 0.028571428571428567 0.15 -0.06666666666666667 -0.05 0.15000000000000002 -0.35000000000000003 6 2 2 1 0 0 1 0
2026-09-05,02:39:11 GMT,V6.2 BLOCK - final pressure/veto/active/timing gate failed or signal already used
2026-09-05,02:39:11 GMT,SENTINEL V6 MULTI-WINDOW SCAN >>>
2026-09-05,02:39:11 GMT,V6.2 DIAG | 0 0 8 -0.30000000000000004 0.05714285714285714 0.30000000000000004 -0.13333333333333336 -0.30000000000000004 0.15000000000000002 -0.35000000000000003 6 2 2 1 0 0 1 0
2026-09-05,02:39:11 GMT,V6.2 BLOCK - final pressure/veto/active/timing gate failed or signal already used
2026-09-05,02:39:11 GMT,SENTINEL V6 MULTI-WINDOW SCAN >>>
2026-09-05,02:39:11 GMT,V6.2 DIAG | 1 0 5 -0.25 0 0.25 0 -0.35000000000000003 0.9500000000000001 -0.35000000000000003 5 3 2 1 0 0 1 0
2026-09-05,02:38:51 GMT,V6.2 BLOCK - final pressure/veto/active/timing gate failed or signal already used
2026-09-05,02:38:51 GMT,SENTINEL V6 MULTI-WINDOW SCAN >>>
2026-09-05,02:38:51 GMT,V6.2 DIAG | 8 0 3 -0.20000000000000007 0 0.2 0 -0.35000000000000003 0.9 -0.35000000000000003 4 4 2 1 0 0 1 0
2026-09-05,02:38:51 GMT,V6.2 BLOCK - final pressure/veto/active/timing gate failed or signal already used
2026-09-05,02:38:51 GMT,SENTINEL V6 MULTI-WINDOW SCAN >>>
2026-09-05,02:38:51 GMT,V6.2 DIAG | 5 0 9 -0.10000000000000009 0.028571428571428567 0.09999999999999998 -0.06666666666666667 -0.35000000000000003 0.4 -0.35000000000000003 5 3 1 1 0 0 1 0
2026-09-05,02:38:51 GMT,V6.2 BLOCK - final pressure/veto/active/timing gate failed or signal already used
2026-09-05,02:38:51 GMT,SENTINEL V6 MULTI-WINDOW SCAN >>>
2026-09-05,02:38:51 GMT,V6.2 DIAG | 2 0 5 -0.10000000000000009 -0.028571428571428567 0.09999999999999998 0.06666666666666667 -0.35000000000000003 0.4 0.45 5 3 1 1 0 0 1 0
2026-09-05,02:38:51 GMT,V6.2 BLOCK - final pressure/veto/active/timing gate failed or signal already used
2026-09-05,02:38:51 GMT,SENTINEL V6 MULTI-WINDOW SCAN >>>
2026-09-05,02:38:51 GMT,V6.2 DIAG | 8 0 4 -0.050000000000000044 -0.08571428571428572 0.04999999999999999 0.2 0.45 0.35000000000000003 0.45 5 3 1 1 0 0 1 0
2026-09-05,02:38:51 GMT,V6.2 BLOCK - final pressure/veto/active/timing gate failed or signal already used
2026-09-05,02:38:51 GMT,SENTINEL V6 MULTI-WINDOW SCAN >>>
2026-09-05,02:38:51 GMT,V6.2 DIAG | 1 0 7 0.10000000000000009 -0.057142857142857134 -0.09999999999999998 0.13333333333333333 0.45 -0.15 0.4 6 2 0 0 0 0 1 0
2026-09-05,02:38:51 GMT,V6.2 BLOCK - final pressure/veto/active/timing gate failed or signal already used
2026-09-05,02:38:51 GMT,SENTINEL V6 MULTI-WINDOW SCAN >>>
2026-09-05,02:38:51 GMT,V6.2 DIAG | 2 0 7 0.10000000000000009 -0.057142857142857134 -0.09999999999999998 0.13333333333333333 0.45 -0.15 0.4 6 2 0 0 0 0 1 0
2026-09-05,02:38:51 GMT,V6.2 BLOCK - final pressure/veto/active/timing gate failed or signal already used
2026-09-05,02:38:51 GMT,SENTINEL V6 MULTI-WINDOW SCAN >>>
2026-09-05,02:38:51 GMT,V6.2 DIAG | 9 0 5 -0.050000000000000044 -0.028571428571428567 0.04999999999999999 0.06666666666666667 0.45 -0.4 0.4 6 2 0 1 0 0 1 0
2026-09-05,02:38:50 GMT,V6.2 BLOCK - final pressure/veto/active/timing gate failed or signal already used
2026-09-05,02:38:50 GMT,SENTINEL V6 MULTI-WINDOW SCAN >>>
2026-09-05,02:38:50 GMT,V6.2 DIAG | 7 0 8 0.10000000000000009 0 -0.09999999999999998 0 0.4 -0.4 -0.1 7 1 0 1 0 0 1 0
2026-09-05,02:38:50 GMT,V6.2 BLOCK - final pressure/veto/active/timing gate failed or signal already used
2026-09-05,02:38:50 GMT,SENTINEL V6 MULTI-WINDOW SCAN >>>
2026-09-05,02:38:50 GMT,V6.2 DIAG | 6 0 12 0.20000000000000007 0.028571428571428567 -0.19999999999999998 -0.06666666666666667 -0.1 -0.4 -0.1 7 1 1 0 0 0 1 0
2026-09-05,02:38:50 GMT,V6.2 BLOCK - final pressure/veto/active/timing gate failed or signal already used
2026-09-05,02:38:50 GMT,SENTINEL V6 MULTI-WINDOW SCAN >>>
2026-09-05,02:38:50 GMT,V6.2 DIAG | 3 0 12 0.050000000000000044 0.057142857142857134 -0.04999999999999999 -0.13333333333333333 -0.1 -0.4 -0.35000000000000003 7 1 1 0 1 0 1 0
2026-09-05,02:38:50 GMT,V6.2 BLOCK - final pressure/veto/active/timing gate failed or signal already used
2026-09-05,02:38:50 GMT,SENTINEL V6 MULTI-WINDOW SCAN >>>
2026-09-05,02:38:50 GMT,V6.2 DIAG | 0 0 12 0.10000000000000009 0.057142857142857134 -0.09999999999999998 -0.13333333333333333 -0.1 -0.4 -0.4 7 1 1 0 1 0 1 0
2026-09-05,02:38:50 GMT,V6.2 BLOCK - final pressure/veto/active/timing gate failed or signal already used
2026-09-05,02:38:50 GMT,SENTINEL V6 MULTI-WINDOW SCAN >>>
2026-09-05,02:38:50 GMT,V6.2 DIAG | 2 0 8 0.10000000000000009 0 -0.09999999999999998 0 -0.1 0.4 -0.4 6 2 1 1 0 0 1 0
2026-09-05,02:38:50 GMT,V6.2 BLOCK - final pressure/veto/active/timing gate failed or signal already used
2026-09-05,02:38:50 GMT,SENTINEL V6 MULTI-WINDOW SCAN >>>
2026-09-05,02:38:50 GMT,V6.2 DIAG | 4 0 8 0.10000000000000009 0 -0.09999999999999998 0 -0.1 0.4 -0.4 6 2 1 1 0 0 1 0
2026-09-05,02:38:50 GMT,V6.2 BLOCK - final pressure/veto/active/timing gate failed or signal already used
2026-09-05,02:38:50 GMT,SENTINEL V6 MULTI-WINDOW SCAN >>>
2026-09-05,02:38:50 GMT,V6.2 DIAG | 2 0 8 0.15000000000000002 0 -0.14999999999999997 0 -0.1 0.35000000000000003 -0.4 6 2 1 1 0 0 1 0
2026-09-05,02:38:50 GMT,V6.2 BLOCK - final pressure/veto/active/timing gate failed or signal already used
2026-09-05,02:38:50 GMT,SENTINEL V6 MULTI-WINDOW SCAN >>>
2026-09-05,02:38:50 GMT,V6.2 DIAG | 0 0 7 0.15000000000000002 -0.057142857142857134 -0.14999999999999997 0.13333333333333333 -0.1 0.35000000000000003 0.4 6 2 1 1 0 0 1 0
2026-09-05,02:38:50 GMT,V6.2 BLOCK - final pressure/veto/active/timing gate failed or signal already used
2026-09-05,02:38:50 GMT,SENTINEL V6 MULTI-WINDOW SCAN >>>
2026-09-05,02:38:50 GMT,V6.2 DIAG | 8 0 7 0.15000000000000002 -0.057142857142857134 -0.14999999999999997 0.13333333333333333 -0.1 0.35000000000000003 0.4 6 2 1 1 0 0 1 0
2026-09-05,02:38:50 GMT,V6.2 BLOCK - final pressure/veto/active/timing gate failed or signal already used
2026-09-05,02:38:50 GMT,SENTINEL V6 MULTI-WINDOW SCAN >>>
2026-09-05,02:38:50 GMT,V6.2 DIAG | 0 0 8 0.25 -0.028571428571428567 -0.24999999999999997 0.06666666666666667 -0.1 -0.15 0.4 7 1 0 0 0 0 1 0
2026-09-05,02:38:50 GMT,V6.2 BLOCK - final pressure/veto/active/timing gate failed or signal already used
2026-09-05,02:38:50 GMT,SENTINEL V6 MULTI-WINDOW SCAN >>>
2026-09-05,02:38:50 GMT,V6.2 DIAG | 0 0 8 0.25 -0.028571428571428567 -0.24999999999999997 0.06666666666666667 -0.1 -0.15 0.4 7 1 0 1 0 0 1 0
2026-09-05,02:38:50 GMT,V6.2 BLOCK - final pressure/veto/active/timing gate failed or signal already used
2026-09-05,02:38:50 GMT,SENTINEL V6 MULTI-WINDOW SCAN >>>
2026-09-05,02:38:50 GMT,V6.2 DIAG | 9 0 8 0.30000000000000004 -0.028571428571428567 -0.30000000000000004 0.06666666666666667 -0.1 -0.15 0.35000000000000003 7 1 0 0 0 0 1 0
2026-09-05,02:38:50 GMT,V6.2 BLOCK - final pressure/veto/active/timing gate failed or signal already used
2026-09-05,02:38:50 GMT,SENTINEL V6 MULTI-WINDOW SCAN >>>
2026-09-05,02:38:50 GMT,V6.2 DIAG | 0 0 12 0.30000000000000004 0.028571428571428567 -0.30000000000000004 -0.06666666666666667 -0.35000000000000003 -0.2 -0.15 8 0 0 0 0 0 1 0
2026-09-05,02:38:50 GMT,V6.2 BLOCK - final pressure/veto/active/timing gate failed or signal already used
2026-09-05,02:38:50 GMT,SENTINEL V6 MULTI-WINDOW SCAN >>>
2026-09-05,02:38:50 GMT,V6.2 DIAG | 2 0 12 0.15000000000000002 0.057142857142857134 -0.14999999999999997 -0.13333333333333333 -0.35000000000000003 -0.45 -0.15 8 0 0 0 1 0 1 0
2026-09-05,02:38:29 GMT,V6.2 BLOCK - final pressure/veto/active/timing gate failed or signal already used
2026-09-05,02:38:29 GMT,SENTINEL V6 MULTI-WINDOW SCAN >>>
2026-09-05,02:38:29 GMT,V6.2 DIAG | 4 0 12 0.15000000000000002 0.057142857142857134 -0.14999999999999997 -0.13333333333333333 -0.35000000000000003 -0.45 -0.15 7 1 0 1 1 0 1 0
2026-09-05,02:38:29 GMT,V6.2 BLOCK - final pressure/veto/active/timing gate failed or signal already used
2026-09-05,02:38:29 GMT,SENTINEL V6 MULTI-WINDOW SCAN >>>
2026-09-05,02:38:29 GMT,V6.2 DIAG | 2 0 12 0.20000000000000007 0.057142857142857134 -0.2 -0.13333333333333333 -0.35000000000000003 -0.45 -0.2 6 2 1 0 0 0 1 0
2026-09-05,02:38:29 GMT,V6.2 BLOCK - final pressure/veto/active/timing gate failed or signal already used
2026-09-05,02:38:29 GMT,SENTINEL V6 MULTI-WINDOW SCAN >>>
2026-09-05,02:38:29 GMT,V6.2 DIAG | 5 0 11 0.04999999999999993 0.08571428571428572 -0.04999999999999999 -0.2 -0.35000000000000003 -0.7000000000000001 -0.2 6 2 1 0 0 0 1 0
2026-09-05,02:38:29 GMT,V6.2 BLOCK - final pressure/veto/active/timing gate failed or signal already used
2026-09-05,02:38:29 GMT,SENTINEL V6 MULTI-WINDOW SCAN >>>
2026-09-05,02:38:29 GMT,V6.2 DIAG | 4 0 9 -0.09999999999999998 0.05714285714285714 0.10000000000000003 -0.13333333333333336 0.45 -0.7000000000000001 -0.45 6 2 1 0 0 0 1 0
2026-09-05,02:38:29 GMT,V6.2 BLOCK - final pressure/veto/active/timing gate failed or signal already used
2026-09-05,02:38:29 GMT,SENTINEL V6 MULTI-WINDOW SCAN >>>
2026-09-05,02:38:29 GMT,V6.2 DIAG | 5 0 4 -0.050000000000000044 0 0.050000000000000044 0 0.45 0.1 -0.5 5 3 2 0 0 0 1 0
2026-09-05,02:38:29 GMT,V6.2 BLOCK - final pressure/veto/active/timing gate failed or signal already used
2026-09-05,02:38:29 GMT,SENTINEL V6 MULTI-WINDOW SCAN >>>
2026-09-05,02:38:29 GMT,V6.2 DIAG | 5 0 2 -0.050000000000000044 0 0.050000000000000044 0 0.45 0.1 -0.5 4 4 2 1 0 0 1 0
2026-09-05,02:38:29 GMT,V6.2 BLOCK - final pressure/veto/active/timing gate failed or signal already used
2026-09-05,02:38:29 GMT,SENTINEL V6 MULTI-WINDOW SCAN >>>
2026-09-05,02:38:29 GMT,V6.2 DIAG | 0 0 5 -0.19999999999999996 0.028571428571428574 0.2 -0.06666666666666668 0.2 0.1 -0.5 4 4 2 0 0 0 1 0
2026-09-05,02:38:29 GMT,V6.2 BLOCK - final pressure/veto/active/timing gate failed or signal already used
2026-09-05,02:38:29 GMT,SENTINEL V6 MULTI-WINDOW SCAN >>>
2026-09-05,02:38:29 GMT,V6.2 DIAG | 7 0 2 -0.19999999999999996 -0.028571428571428574 0.2 0.06666666666666668 0.2 0.9 -0.5 4 4 2 1 0 0 1 0
2026-09-05,02:38:29 GMT,V6.2 BLOCK - final pressure/veto/active/timing gate failed or signal already used
2026-09-05,02:38:29 GMT,SENTINEL V6 MULTI-WINDOW SCAN >>>
2026-09-05,02:38:29 GMT,V6.2 DIAG | 8 0 2 -0.09999999999999998 -0.05714285714285714 0.10000000000000003 0.13333333333333336 -0.30000000000000004 0.9 0.30000000000000004 4 4 2 1 0 0 1 0
2026-09-05,02:38:29 GMT,V6.2 BLOCK - final pressure/veto/active/timing gate failed or signal already used
2026-09-05,02:38:29 GMT,SENTINEL V6 MULTI-WINDOW SCAN >>>
2026-09-05,02:38:29 GMT,V6.2 DIAG | 5 0 5 -0.09999999999999998 0 0.10000000000000003 0 -0.30000000000000004 0.35000000000000003 0.05000000000000002 5 3 1 1 0 0 1 0
2026-09-05,02:38:28 GMT,V6.2 BLOCK - final pressure/veto/active/timing gate failed or signal already used
2026-09-05,02:38:28 GMT,SENTINEL V6 MULTI-WINDOW SCAN >>>
2026-09-05,02:38:28 GMT,V6.2 DIAG | 0 0 5 -0.09999999999999998 0 0.10000000000000003 0 -0.30000000000000004 0.35000000000000003 0.05000000000000002 5 3 1 1 0 0 1 0
2026-09-05,02:38:28 GMT,V6.2 BLOCK - final pressure/veto/active/timing gate failed or signal already used
2026-09-05,02:38:28 GMT,SENTINEL V6 MULTI-WINDOW SCAN >>>
2026-09-05,02:38:28 GMT,V6.2 DIAG | 8 0 2 -0.09999999999999998 -0.05714285714285714 0.10000000000000003 0.13333333333333336 0.5 0.35000000000000003 0.05000000000000002 4 4 1 1 0 0 1 0
2026-09-05,02:38:28 GMT,V6.2 BLOCK - final pressure/veto/active/timing gate failed or signal already used
2026-09-05,02:38:28 GMT,SENTINEL V6 MULTI-WINDOW SCAN >>>
2026-09-05,02:38:28 GMT,V6.2 DIAG | 9 0 6 -0.09999999999999998 0 0.10000000000000003 0 0.5 -0.4 0 5 3 0 1 0 0 1 0
2026-09-05,02:38:28 GMT,V6.2 BLOCK - final pressure/veto/active/timing gate failed or signal already used
2026-09-05,02:38:28 GMT,SENTINEL V6 MULTI-WINDOW SCAN >>>
2026-09-05,02:38:28 GMT,V6.2 DIAG | 1 0 9 0 0.028571428571428567 0 -0.06666666666666667 0.5 -0.4 -0.5 6 2 0 0 0 0 1 0
2026-09-05,02:38:28 GMT,V6.2 BLOCK - final pressure/veto/active/timing gate failed or signal already used
2026-09-05,02:38:28 GMT,SENTINEL V6 MULTI-WINDOW SCAN >>>
2026-09-05,02:38:28 GMT,V6.2 DIAG | 4 0 6 0.04999999999999993 -0.028571428571428567 -0.04999999999999999 0.06666666666666667 0.5 -0.45 0.30000000000000004 5 3 1 1 0 0 1 0
2026-09-05,02:38:28 GMT,V6.2 BLOCK - final pressure/veto/active/timing gate failed or signal already used
2026-09-05,02:38:28 GMT,SENTINEL V6 MULTI-WINDOW SCAN >>>
2026-09-05,02:38:28 GMT,V6.2 DIAG | 7 0 7 0.09999999999999998 -0.028571428571428567 -0.10000000000000003 0.06666666666666667 0.5 -0.45 0.25 5 3 1 1 0 0 1 0
2026-09-05,02:38:28 GMT,V6.2 BLOCK - final pressure/veto/active/timing gate failed or signal already used
2026-09-05,02:38:28 GMT,SENTINEL V6 MULTI-WINDOW SCAN >>>
2026-09-05,02:38:28 GMT,V6.2 DIAG | 6 0 8 0.25 0 -0.25 0 0 -0.45 0.20000000000000004 6 2 1 0 0 0 1 0
2026-09-05,02:38:28 GMT,V6.2 BLOCK - final pressure/veto/active/timing gate failed or signal already used
2026-09-05,02:38:28 GMT,SENTINEL V6 MULTI-WINDOW SCAN >>>
2026-09-05,02:38:28 GMT,V6.2 DIAG | 2 0 8 0.09999999999999998 -0.028571428571428567 -0.10000000000000003 0.06666666666666667 0 0.35000000000000003 -0.04999999999999999 6 2 1 1 0 0 1 0
2026-09-05,02:38:28 GMT,V6.2 BLOCK - final pressure/veto/active/timing gate failed or signal already used
2026-09-05,02:38:28 GMT,SENTINEL V6 MULTI-WINDOW SCAN >>>
2026-09-05,02:38:28 GMT,V6.2 DIAG | 9 0 6 -0.050000000000000044 0 0.050000000000000044 0 0 0.1 -0.04999999999999999 6 2 1 1 0 0 1 0
2026-09-05,02:38:28 GMT,V6.2 BLOCK - final pressure/veto/active/timing gate failed or signal already used
2026-09-05,02:38:28 GMT,SENTINEL V6 MULTI-WINDOW SCAN >>>
2026-09-05,02:38:28 GMT,V6.2 DIAG | 1 0 10 0.04999999999999993 0.028571428571428567 -0.04999999999999999 -0.06666666666666667 0 0.1 -0.55 6 2 1 0 0 0 1 0
2026-09-05,02:38:28 GMT,V6.2 BLOCK - final pressure/veto/active/timing gate failed or signal already used
2026-09-05,02:38:28 GMT,SENTINEL V6 MULTI-WINDOW SCAN >>>
2026-09-05,02:38:28 GMT,V6.2 DIAG | 5 0 9 0.04999999999999993 0.028571428571428567 -0.04999999999999999 -0.06666666666666667 0 0.1 -0.55 5 3 2 1 0 0 1 0
2026-09-05,02:38:28 GMT,V6.2 BLOCK - final pressure/veto/active/timing gate failed or signal already used
2026-09-05,02:38:28 GMT,SENTINEL V6 MULTI-WINDOW SCAN >>>
2026-09-05,02:38:28 GMT,V6.2 DIAG | 8 0 8 -0.050000000000000044 0.05714285714285714 0.050000000000000044 -0.13333333333333336 0 0.05000000000000002 -0.8 5 3 2 1 0 0 1 0
2026-09-05,02:38:28 GMT,V6.2 BLOCK - final pressure/veto/active/timing gate failed or signal already used
2026-09-05,02:38:28 GMT,SENTINEL V6 MULTI-WINDOW SCAN >>>
2026-09-05,02:38:28 GMT,V6.2 DIAG | 0 0 12 0.09999999999999998 0.028571428571428567 -0.10000000000000003 -0.06666666666666667 -0.05 -0.45 0 6 2 1 0 1 0 1 0
2026-09-05,02:38:08 GMT,V6.2 BLOCK - final pressure/veto/active/timing gate failed or signal already used
2026-09-05,02:38:08 GMT,SENTINEL V6 MULTI-WINDOW SCAN >>>
2026-09-05,02:38:08 GMT,V6.2 DIAG | 4 0 8 0.09999999999999998 -0.028571428571428567 -0.10000000000000003 0.06666666666666667 -0.05 0.35000000000000003 0 5 3 1 1 0 0 1 0
2026-09-05,02:38:08 GMT,V6.2 BLOCK - final pressure/veto/active/timing gate failed or signal already used
2026-09-05,02:38:08 GMT,SENTINEL V6 MULTI-WINDOW SCAN >>>
2026-09-05,02:38:08 GMT,V6.2 DIAG | 3 0 6 0 0 0 0 -0.05 0.30000000000000004 -0.25 5 3 1 1 0 0 1 0
2026-09-05,02:38:08 GMT,V6.2 BLOCK - final pressure/veto/active/timing gate failed or signal already used
2026-09-05,02:38:08 GMT,SENTINEL V6 MULTI-WINDOW SCAN >>>
2026-09-05,02:38:08 GMT,V6.2 DIAG | 2 0 6 0 0 0 0 -0.05 0.30000000000000004 -0.25 5 3 1 1 0 0 1 0
2026-09-05,02:38:08 GMT,V6.2 BLOCK - final pressure/veto/active/timing gate failed or signal already used
2026-09-05,02:38:08 GMT,SENTINEL V6 MULTI-WINDOW SCAN >>>
2026-09-05,02:38:08 GMT,V6.2 DIAG | 9 0 3 0 -0.05714285714285714 0 0.13333333333333336 -0.05 0.30000000000000004 0.55 4 4 1 1 0 0 1 0
2026-09-05,02:38:08 GMT,V6.2 BLOCK - final pressure/veto/active/timing gate failed or signal already used
2026-09-05,02:38:08 GMT,SENTINEL V6 MULTI-WINDOW SCAN >>>
2026-09-05,02:38:08 GMT,V6.2 DIAG | 8 0 7 0.09999999999999998 -0.028571428571428567 -0.10000000000000003 0.06666666666666667 -0.05 0.30000000000000004 0.05000000000000002 5 3 1 1 0 0 1 0
2026-09-05,02:38:08 GMT,V6.2 BLOCK - final pressure/veto/active/timing gate failed or signal already used
2026-09-05,02:38:08 GMT,SENTINEL V6 MULTI-WINDOW SCAN >>>
2026-09-05,02:38:08 GMT,V6.2 DIAG | 3 0 8 0.20000000000000007 0 -0.2 0 -0.05 -0.2 0.05000000000000002 6 2 0 0 0 0 1 0
2026-09-05,02:38:08 GMT,V6.2 BLOCK - final pressure/veto/active/timing gate failed or signal already used
2026-09-05,02:38:08 GMT,SENTINEL V6 MULTI-WINDOW SCAN >>>
2026-09-05,02:38:08 GMT,V6.2 DIAG | 4 0 7 0.04999999999999993 -0.028571428571428567 -0.04999999999999999 0.06666666666666667 -0.05 -0.45 0.8500000000000001 6 2 0 0 0 0 1 0
2026-09-05,02:38:08 GMT,V6.2 BLOCK - final pressure/veto/active/timing gate failed or signal already used
2026-09-05,02:38:08 GMT,SENTINEL V6 MULTI-WINDOW SCAN >>>
2026-09-05,02:38:08 GMT,V6.2 DIAG | 9 0 7 0.04999999999999993 -0.028571428571428567 -0.04999999999999999 0.06666666666666667 -0.05 -0.45 0.8500000000000001 6 2 0 1 0 0 1 0
2026-09-05,02:38:07 GMT,V6.2 BLOCK - final pressure/veto/active/timing gate failed or signal already used
2026-09-05,02:38:07 GMT,SENTINEL V6 MULTI-WINDOW SCAN >>>
2026-09-05,02:38:07 GMT,V6.2 DIAG | 0 0 8 0.15000000000000002 0 -0.14999999999999997 0 -0.05 -0.45 0.35000000000000003 6 2 1 0 0 0 1 0
2026-09-05,02:38:07 GMT,V6.2 BLOCK - final pressure/veto/active/timing gate failed or signal already used
2026-09-05,02:38:07 GMT,SENTINEL V6 MULTI-WINDOW SCAN >>>
2026-09-05,02:38:07 GMT,V6.2 DIAG | 3 0 9 0 0.028571428571428567 0 -0.06666666666666667 -0.05 -0.45 0.1 6 2 1 0 0 0 1 0
2026-09-05,02:38:07 GMT,V6.2 BLOCK - final pressure/veto/active/timing gate failed or signal already used
2026-09-05,02:38:07 GMT,SENTINEL V6 MULTI-WINDOW SCAN >>>
2026-09-05,02:38:07 GMT,V6.2 DIAG | 9 0 10 0.04999999999999993 0.028571428571428567 -0.04999999999999999 -0.06666666666666667 -0.1 -0.45 0.1 6 2 1 0 0 0 1 0
2026-09-05,02:38:07 GMT,V6.2 BLOCK - final pressure/veto/active/timing gate failed or signal already used
2026-09-05,02:38:07 GMT,SENTINEL V6 MULTI-WINDOW SCAN >>>
2026-09-05,02:38:07 GMT,V6.2 DIAG | 4 0 9 0 0.028571428571428567 0 -0.06666666666666667 -0.1 0.1 -0.4 6 2 1 1 0 0 1 0
2026-09-05,02:38:07 GMT,V6.2 BLOCK - final pressure/veto/active/timing gate failed or signal already used
2026-09-05,02:38:07 GMT,SENTINEL V6 MULTI-WINDOW SCAN >>>
2026-09-05,02:38:07 GMT,V6.2 DIAG | 0 0 9 -0.15000000000000002 0.05714285714285714 0.15000000000000002 -0.13333333333333336 -0.1 0.1 -0.65 6 2 1 1 0 0 1 0
2026-09-05,02:38:07 GMT,V6.2 BLOCK - final pressure/veto/active/timing gate failed or signal already used
2026-09-05,02:38:07 GMT,SENTINEL V6 MULTI-WINDOW SCAN >>>
2026-09-05,02:38:07 GMT,V6.2 DIAG | 1 0 8 -0.25 0.08571428571428572 0.25 -0.2 -0.15 0.1 -0.8999999999999999 5 3 2 0 0 0 1 0
2026-09-05,02:38:07 GMT,V6.2 BLOCK - final pressure/veto/active/timing gate failed or signal already used
2026-09-05,02:38:07 GMT,SENTINEL V6 MULTI-WINDOW SCAN >>>
2026-09-05,02:38:07 GMT,V6.2 DIAG | 5 0 6 -0.25 0.028571428571428574 0.25 -0.06666666666666668 -0.15 0.1 -0.10000000000000003 4 4 2 0 0 0 1 0
2026-09-05,02:38:07 GMT,V6.2 BLOCK - final pressure/veto/active/timing gate failed or signal already used
2026-09-05,02:38:07 GMT,SENTINEL V6 MULTI-WINDOW SCAN >>>
2026-09-05,02:38:07 GMT,V6.2 DIAG | 8 0 6 -0.25 0.028571428571428574 0.25 -0.06666666666666668 -0.15 0.1 -0.10000000000000003 3 5 2 1 0 0 1 0
2026-09-05,02:38:07 GMT,V6.2 BLOCK - final pressure/veto/active/timing gate failed or signal already used
2026-09-05,02:38:07 GMT,SENTINEL V6 MULTI-WINDOW SCAN >>>
2026-09-05,02:38:07 GMT,V6.2 DIAG | 2 0 4 -0.09999999999999998 0 0.10000000000000003 0 -0.2 0.4 -0.10000000000000003 4 4 1 1 0 0 1 0
2026-09-05,02:38:07 GMT,V6.2 BLOCK - final pressure/veto/active/timing gate failed or signal already used
2026-09-05,02:38:07 GMT,SENTINEL V6 MULTI-WINDOW SCAN >>>
2026-09-05,02:38:07 GMT,V6.2 DIAG | 0 0 3 -0.09999999999999998 -0.05714285714285714 0.10000000000000003 0.13333333333333336 -0.2 0.4 0.7 4 4 1 1 0 0 1 0
2026-09-05,02:38:07 GMT,V6.2 BLOCK - final pressure/veto/active/timing gate failed or signal already used
2026-09-05,02:38:07 GMT,SENTINEL V6 MULTI-WINDOW SCAN >>>
2026-09-05,02:38:07 GMT,V6.2 DIAG | 9 0 3 -0.25 -0.08571428571428572 0.25 0.2 -0.2 0.15000000000000002 1.5 4 4 1 1 0 0 1 0
2026-09-05,02:38:07 GMT,V6.2 BLOCK - final pressure/veto/active/timing gate failed or signal already used
2026-09-05,02:38:07 GMT,SENTINEL V6 MULTI-WINDOW SCAN >>>
2026-09-05,02:38:07 GMT,V6.2 DIAG | 2 0 5 -0.30000000000000004 -0.028571428571428574 0.3 0.06666666666666668 -0.45 0.15000000000000002 1 5 3 1 1 0 0 1 0
2026-09-05,02:37:56 GMT,V6.2 BLOCK - final pressure/veto/active/timing gate failed or signal already used
2026-09-05,02:37:56 GMT,SENTINEL V6 MULTI-WINDOW SCAN >>>
2026-09-05,02:37:56 GMT,V6.2 DIAG | 8 0 2 -0.30000000000000004 -0.028571428571428574 0.3 0.06666666666666668 -0.45 0.15000000000000002 1 4 4 2 1 0 0 1 0
2026-09-05,02:37:56 GMT,V6.2 BLOCK - final pressure/veto/active/timing gate failed or signal already used
2026-09-05,02:37:56 GMT,SENTINEL V6 MULTI-WINDOW SCAN >>>
2026-09-05,02:37:56 GMT,V6.2 DIAG | 9 0 7 -0.35 0.028571428571428574 0.35 -0.06666666666666668 -0.45 -0.6000000000000001 1 4 4 1 1 0 0 1 0
2026-09-05,02:37:56 GMT,V6.2 BLOCK - final pressure/veto/active/timing gate failed or signal already used
2026-09-05,02:37:56 GMT,SENTINEL V6 MULTI-WINDOW SCAN >>>
2026-09-05,02:37:56 GMT,V6.2 DIAG | 9 0 9 -0.25 0.05714285714285714 0.25 -0.13333333333333336 -0.45 -0.6000000000000001 0.5 5 3 1 1 0 0 1 0
2026-09-05,02:37:56 GMT,V6.2 BLOCK - final pressure/veto/active/timing gate failed or signal already used
2026-09-05,02:37:56 GMT,SENTINEL V6 MULTI-WINDOW SCAN >>>
2026-09-05,02:37:56 GMT,V6.2 DIAG | 0 0 8 -0.15000000000000002 0.028571428571428567 0.15 -0.06666666666666667 -0.45 0.2 0 5 3 2 1 0 0 1 0
2026-09-05,02:37:56 GMT,V6.2 BLOCK - final pressure/veto/active/timing gate failed or signal already used
2026-09-05,02:37:56 GMT,SENTINEL V6 MULTI-WINDOW SCAN >>>
2026-09-05,02:37:56 GMT,V6.2 DIAG | 3 0 4 -0.15000000000000002 -0.028571428571428567 0.15 0.06666666666666667 0.35000000000000003 0.2 0 5 3 2 1 0 0 1 0
2026-09-05,02:37:56 GMT,V6.2 BLOCK - final pressure/veto/active/timing gate failed or signal already used
2026-09-05,02:37:56 GMT,SENTINEL V6 MULTI-WINDOW SCAN >>>
2026-09-05,02:37:56 GMT,V6.2 DIAG | 0 0 4 -0.15000000000000002 -0.028571428571428567 0.15 0.06666666666666667 0.35000000000000003 0.2 0 5 3 2 1 0 0 1 0
2026-09-05,02:37:56 GMT,V6.2 BLOCK - final pressure/veto/active/timing gate failed or signal already used
2026-09-05,02:37:56 GMT,SENTINEL V6 MULTI-WINDOW SCAN >>>
2026-09-05,02:37:56 GMT,V6.2 DIAG | 6 0 4 -0.10000000000000009 -0.08571428571428572 0.09999999999999998 0.2 0.35000000000000003 1 -0.05 5 3 2 1 0 0 1 0
2026-09-05,02:37:56 GMT,V6.2 BLOCK - final pressure/veto/active/timing gate failed or signal already used
2026-09-05,02:37:56 GMT,SENTINEL V6 MULTI-WINDOW SCAN >>>
2026-09-05,02:37:56 GMT,V6.2 DIAG | 8 0 4 -0.10000000000000009 -0.08571428571428572 0.09999999999999998 0.2 0.35000000000000003 1 -0.05 5 3 2 1 0 0 1 0
2026-09-05,02:37:56 GMT,V6.2 BLOCK - final pressure/veto/active/timing gate failed or signal already used
2026-09-05,02:37:56 GMT,SENTINEL V6 MULTI-WINDOW SCAN >>>
2026-09-05,02:37:56 GMT,V6.2 DIAG | 7 0 5 0 -0.057142857142857134 0 0.13333333333333333 0.35000000000000003 0.5 -0.05 6 2 1 1 0 0 1 0
2026-09-05,02:37:56 GMT,V6.2 BLOCK - final pressure/veto/active/timing gate failed or signal already used
2026-09-05,02:37:56 GMT,SENTINEL V6 MULTI-WINDOW SCAN >>>
2026-09-05,02:37:56 GMT,V6.2 DIAG | 1 0 8 0.15000000000000002 -0.028571428571428567 -0.15 0.06666666666666667 -0.15 0.45 -0.05 7 1 1 1 0 0 1 0
2026-09-05,02:37:56 GMT,V6.2 BLOCK - final pressure/veto/active/timing gate failed or signal already used
2026-09-05,02:37:56 GMT,SENTINEL V6 MULTI-WINDOW SCAN >>>
2026-09-05,02:37:56 GMT,V6.2 DIAG | 8 0 6 0 0 0 0 -0.4 0.45 -0.05 7 1 1 1 0 0 1 0
2026-09-05,02:37:46 GMT,V6.2 BLOCK - final pressure/veto/active/timing gate failed or signal already used
2026-09-05,02:37:46 GMT,SENTINEL V6 MULTI-WINDOW SCAN >>>
2026-09-05,02:37:46 GMT,V6.2 DIAG | 6 0 12 0.09999999999999998 0.028571428571428567 -0.1 -0.06666666666666667 -0.4 -0.05 -0.05 8 0 0 0 1 0 1 0
2026-09-05,02:37:45 GMT,V6.2 BLOCK - final pressure/veto/active/timing gate failed or signal already used
2026-09-05,02:37:45 GMT,SENTINEL V6 MULTI-WINDOW SCAN >>>
2026-09-05,02:37:45 GMT,V6.2 DIAG | 4 0 12 0.15000000000000002 0.028571428571428567 -0.15 -0.06666666666666667 -0.4 -0.05 -0.1 7 1 0 0 0 0 1 0
2026-09-05,02:37:45 GMT,V6.2 BLOCK - final pressure/veto/active/timing gate failed or signal already used
2026-09-05,02:37:45 GMT,SENTINEL V6 MULTI-WINDOW SCAN >>>
2026-09-05,02:37:45 GMT,V6.2 DIAG | 0 0 12 0.050000000000000044 0.057142857142857134 -0.04999999999999999 -0.13333333333333333 -0.65 -0.05 -0.15 7 1 0 0 1 0 1 0
2026-09-05,02:37:45 GMT,V6.2 BLOCK - final pressure/veto/active/timing gate failed or signal already used
2026-09-05,02:37:45 GMT,SENTINEL V6 MULTI-WINDOW SCAN >>>
2026-09-05,02:37:45 GMT,V6.2 DIAG | 5 0 12 0.050000000000000044 0.057142857142857134 -0.04999999999999999 -0.13333333333333333 -0.65 -0.05 -0.15 7 1 0 0 1 0 1 0
2026-09-05,02:37:45 GMT,V6.2 BLOCK - final pressure/veto/active/timing gate failed or signal already used
2026-09-05,02:37:45 GMT,SENTINEL V6 MULTI-WINDOW SCAN >>>
2026-09-05,02:37:45 GMT,V6.2 DIAG | 2 0 8 0.050000000000000044 0 -0.04999999999999999 0 0.15000000000000002 -0.05 -0.15 6 2 0 1 0 0 1 0
2026-09-05,02:37:45 GMT,V6.2 BLOCK - final pressure/veto/active/timing gate failed or signal already used
2026-09-05,02:37:45 GMT,SENTINEL V6 MULTI-WINDOW SCAN >>>
2026-09-05,02:37:45 GMT,V6.2 DIAG | 0 0 10 -0.10000000000000009 0.028571428571428567 0.09999999999999998 -0.06666666666666667 -0.10000000000000003 -0.05 -0.15 6 2 0 0 0 0 1 0
2026-09-05,02:37:45 GMT,V6.2 BLOCK - final pressure/veto/active/timing gate failed or signal already used
2026-09-05,02:37:45 GMT,SENTINEL V6 MULTI-WINDOW SCAN >>>
2026-09-05,02:37:45 GMT,V6.2 DIAG | 1 0 10 -0.050000000000000044 0.028571428571428567 0.04999999999999999 -0.06666666666666667 -0.10000000000000003 -0.05 -0.2 6 2 0 0 0 0 1 0
2026-09-05,02:37:45 GMT,V6.2 BLOCK - final pressure/veto/active/timing gate failed or signal already used
2026-09-05,02:37:45 GMT,SENTINEL V6 MULTI-WINDOW SCAN >>>
2026-09-05,02:37:45 GMT,V6.2 DIAG | 1 0 6 0 -0.028571428571428567 0 0.06666666666666667 0.65 -0.05 -0.2 5 3 0 0 0 0 1 0
2026-09-05,02:37:45 GMT,V6.2 BLOCK - final pressure/veto/active/timing gate failed or signal already used
2026-09-05,02:37:45 GMT,SENTINEL V6 MULTI-WINDOW SCAN >>>
2026-09-05,02:37:45 GMT,V6.2 DIAG | 7 0 7 0.04999999999999993 -0.028571428571428567 -0.04999999999999999 0.06666666666666667 0.65 -0.1 -0.2 5 3 0 1 0 0 1 0
2026-09-05,02:37:45 GMT,V6.2 BLOCK - final pressure/veto/active/timing gate failed or signal already used
2026-09-05,02:37:45 GMT,SENTINEL V6 MULTI-WINDOW SCAN >>>
2026-09-05,02:37:45 GMT,V6.2 DIAG | 0 0 8 0.15000000000000002 0 -0.14999999999999997 0 0.15000000000000002 -0.1 -0.2 6 2 0 0 0 0 1 0
2026-09-05,02:37:45 GMT,V6.2 BLOCK - final pressure/veto/active/timing gate failed or signal already used
2026-09-05,02:37:45 GMT,SENTINEL V6 MULTI-WINDOW SCAN >>>
2026-09-05,02:37:45 GMT,V6.2 DIAG | 6 0 8 0.15000000000000002 -0.057142857142857134 -0.14999999999999997 0.13333333333333333 0.9500000000000001 -0.1 -0.2 6 2 0 1 0 0 1 0
2026-09-05,02:37:35 GMT,V6.2 BLOCK - final pressure/veto/active/timing gate failed or signal already used
2026-09-05,02:37:35 GMT,SENTINEL V6 MULTI-WINDOW SCAN >>>
2026-09-05,02:37:35 GMT,V6.2 DIAG | 7 0 8 0.20000000000000007 -0.057142857142857134 -0.2 0.13333333333333333 0.9500000000000001 -0.1 -0.25 6 2 0 1 0 0 1 0
2026-09-05,02:37:35 GMT,V6.2 BLOCK - final pressure/veto/active/timing gate failed or signal already used
2026-09-05,02:37:35 GMT,SENTINEL V6 MULTI-WINDOW SCAN >>>
2026-09-05,02:37:35 GMT,V6.2 DIAG | 4 0 8 0.35 -0.028571428571428567 -0.35 0.06666666666666667 0.45 -0.15 -0.25 7 1 0 0 0 0 1 0
2026-09-05,02:37:35 GMT,V6.2 BLOCK - final pressure/veto/active/timing gate failed or signal already used
2026-09-05,02:37:35 GMT,SENTINEL V6 MULTI-WINDOW SCAN >>>
2026-09-05,02:37:35 GMT,V6.2 DIAG | 6 0 8 0.35 -0.028571428571428567 -0.35 0.06666666666666667 0.45 -0.15 -0.25 7 1 0 0 0 0 1 0
2026-09-05,02:37:34 GMT,V6.2 BLOCK - final pressure/veto/active/timing gate failed or signal already used
2026-09-05,02:37:34 GMT,SENTINEL V6 MULTI-WINDOW SCAN >>>
2026-09-05,02:37:34 GMT,V6.2 DIAG | 7 0 8 0.35 -0.028571428571428567 -0.35 0.06666666666666667 0.45 -0.15 -0.25 7 1 0 0 0 0 1 0
2026-09-05,02:37:34 GMT,V6.2 BLOCK - final pressure/veto/active/timing gate failed or signal already used
2026-09-05,02:37:34 GMT,SENTINEL V6 MULTI-WINDOW SCAN >>>
2026-09-05,02:37:34 GMT,V6.2 DIAG | 6 0 12 0.35 0.028571428571428567 -0.35 -0.06666666666666667 -0.05 -0.2 -0.5 8 0 0 1 1 0 1 0
2026-09-05,02:37:34 GMT,V6.2 BLOCK - final pressure/veto/active/timing gate failed or signal already used
2026-09-05,02:37:34 GMT,SENTINEL V6 MULTI-WINDOW SCAN >>>
2026-09-05,02:37:34 GMT,V6.2 DIAG | 6 0 12 0.4 0.028571428571428567 -0.4 -0.06666666666666667 -0.05 -0.25 -0.5 8 0 0 1 1 0 1 0
2026-09-05,02:37:34 GMT,V6.2 BLOCK - final pressure/veto/active/timing gate failed or signal already used
2026-09-05,02:37:34 GMT,SENTINEL V6 MULTI-WINDOW SCAN >>>
2026-09-05,02:37:34 GMT,V6.2 DIAG | 1 1 12 0.45 0.028571428571428567 -0.45000000000000007 -0.06666666666666667 -0.05 -0.3 -0.5 7 1 0 0 0 0 1 0
2026-09-05,02:37:34 GMT,V6.2 BLOCK - final pressure/veto/active/timing gate failed or signal already used
2026-09-05,02:37:34 GMT,SENTINEL V6 MULTI-WINDOW SCAN >>>
2026-09-05,02:37:34 GMT,V6.2 DIAG | 1 0 12 0.35000000000000003 0.057142857142857134 -0.35000000000000003 -0.13333333333333333 -0.1 -0.55 -0.5 7 1 0 0 1 0 1 1
2026-09-05,02:37:34 GMT,V6.2 BLOCK - final pressure/veto/active/timing gate failed or signal already used
2026-09-05,02:37:34 GMT,SENTINEL V6 MULTI-WINDOW SCAN >>>
2026-09-05,02:37:34 GMT,V6.2 DIAG | 6 0 12 0.35000000000000003 0.057142857142857134 -0.35000000000000003 -0.13333333333333333 -0.1 -0.55 -0.5 7 1 0 0 1 0 1 0
2026-09-05,02:37:34 GMT,V6.2 BLOCK - final pressure/veto/active/timing gate failed or signal already used
2026-09-05,02:37:34 GMT,SENTINEL V6 MULTI-WINDOW SCAN >>>
2026-09-05,02:37:34 GMT,V6.2 DIAG | 4 0 8 0.35000000000000003 0 -0.35000000000000003 0 -0.1 -0.55 0.30000000000000004 6 2 1 0 0 0 1 0
2026-09-05,02:37:34 GMT,V6.2 BLOCK - final pressure/veto/active/timing gate failed or signal already used
2026-09-05,02:37:34 GMT,SENTINEL V6 MULTI-WINDOW SCAN >>>
2026-09-05,02:37:34 GMT,V6.2 DIAG | 6 0 11 0.24999999999999994 0.028571428571428567 -0.25000000000000006 -0.06666666666666667 -0.1 -0.6 0.05000000000000002 6 2 1 0 0 0 1 1
2026-09-05,02:37:24 GMT,V6.2 BLOCK - final pressure/veto/active/timing gate failed or signal already used
2026-09-05,02:37:24 GMT,SENTINEL V6 MULTI-WINDOW SCAN >>>
2026-09-05,02:37:24 GMT,V6.2 DIAG | 6 0 12 0.09999999999999998 0.05714285714285714 -0.09999999999999998 -0.13333333333333336 -0.1 -0.6 -0.20000000000000004 6 2 1 0 1 0 1 0
2026-09-05,02:37:24 GMT,V6.2 BLOCK - final pressure/veto/active/timing gate failed or signal already used
2026-09-05,02:37:24 GMT,SENTINEL V6 MULTI-WINDOW SCAN >>>
2026-09-05,02:37:24 GMT,V6.2 DIAG | 4 0 8 0.09999999999999998 0 -0.09999999999999998 0 -0.1 0.20000000000000004 -0.20000000000000004 5 3 1 1 0 0 1 0
2026-09-05,02:37:24 GMT,V6.2 BLOCK - final pressure/veto/active/timing gate failed or signal already used
2026-09-05,02:37:24 GMT,SENTINEL V6 MULTI-WINDOW SCAN >>>
2026-09-05,02:37:24 GMT,V6.2 DIAG | 9 0 6 0.09999999999999998 0 -0.09999999999999998 0 -0.1 0.20000000000000004 -0.20000000000000004 4 4 1 1 0 0 1 0
2026-09-05,02:37:24 GMT,V6.2 BLOCK - final pressure/veto/active/timing gate failed or signal already used
2026-09-05,02:37:24 GMT,SENTINEL V6 MULTI-WINDOW SCAN >>>
2026-09-05,02:37:24 GMT,V6.2 DIAG | 1 0 11 0.19999999999999996 0.028571428571428567 -0.2 -0.06666666666666667 -0.1 0.20000000000000004 -0.7000000000000001 5 3 1 1 1 0 1 0
2026-09-05,02:37:23 GMT,V6.2 BLOCK - final pressure/veto/active/timing gate failed or signal already used
2026-09-05,02:37:23 GMT,SENTINEL V6 MULTI-WINDOW SCAN >>>
2026-09-05,02:37:23 GMT,V6.2 DIAG | 4 0 7 0.04999999999999993 0 -0.04999999999999999 0 -0.1 0.20000000000000004 -0.15000000000000002 5 3 1 1 0 0 1 0
2026-09-05,02:37:23 GMT,V6.2 BLOCK - final pressure/veto/active/timing gate failed or signal already used
2026-09-05,02:37:23 GMT,SENTINEL V6 MULTI-WINDOW SCAN >>>
2026-09-05,02:37:23 GMT,V6.2 DIAG | 8 0 5 -0.050000000000000044 -0.028571428571428574 0.04999999999999999 0.06666666666666668 -0.35000000000000003 0.15000000000000005 0.65 5 3 1 1 0 0 1 0
2026-09-05,02:37:23 GMT,V6.2 BLOCK - final pressure/veto/active/timing gate failed or signal already used
2026-09-05,02:37:23 GMT,SENTINEL V6 MULTI-WINDOW SCAN >>>
2026-09-05,02:37:23 GMT,V6.2 DIAG | 2 0 9 -0.09999999999999998 0.028571428571428574 0.09999999999999998 -0.06666666666666668 -0.35000000000000003 -0.6 0.65 5 3 0 0 0 0 1 0
2026-09-05,02:37:23 GMT,V6.2 BLOCK - final pressure/veto/active/timing gate failed or signal already used
2026-09-05,02:37:23 GMT,SENTINEL V6 MULTI-WINDOW SCAN >>>
2026-09-05,02:37:23 GMT,V6.2 DIAG | 0 0 7 -0.050000000000000044 0.028571428571428574 0.04999999999999999 -0.06666666666666668 -0.35000000000000003 -0.65 0.65 4 4 0 0 0 0 1 0
2026-09-05,02:37:23 GMT,V6.2 BLOCK - final pressure/veto/active/timing gate failed or signal already used
2026-09-05,02:37:23 GMT,SENTINEL V6 MULTI-WINDOW SCAN >>>
2026-09-05,02:37:23 GMT,V6.2 DIAG | 9 0 7 0 0.028571428571428574 0 -0.06666666666666668 -0.35000000000000003 -0.7000000000000001 0.65 3 5 1 0 0 0 1 0
2026-09-05,02:37:23 GMT,V6.2 BLOCK - final pressure/veto/active/timing gate failed or signal already used
2026-09-05,02:37:23 GMT,SENTINEL V6 MULTI-WINDOW SCAN >>>
2026-09-05,02:37:23 GMT,V6.2 DIAG | 9 0 7 -0.050000000000000044 0.028571428571428574 0.04999999999999999 -0.06666666666666668 -0.35000000000000003 -0.7000000000000001 0.7 4 4 1 0 0 0 1 0
2026-09-05,02:37:23 GMT,V6.2 BLOCK - final pressure/veto/active/timing gate failed or signal already used
2026-09-05,02:37:23 GMT,SENTINEL V6 MULTI-WINDOW SCAN >>>
2026-09-05,02:37:23 GMT,V6.2 DIAG | 0 0 8 -0.09999999999999998 0.028571428571428574 0.09999999999999998 -0.06666666666666668 0.45 -0.95 0.2 5 3 1 0 0 0 1 0
2026-09-05,02:37:13 GMT,V6.2 BLOCK - final pressure/veto/active/timing gate failed or signal already used
2026-09-05,02:37:13 GMT,SENTINEL V6 MULTI-WINDOW SCAN >>>
2026-09-05,02:37:13 GMT,V6.2 DIAG | 5 0 3 -0.09999999999999998 -0.028571428571428574 0.09999999999999998 0.06666666666666668 0.45 -0.14999999999999997 0.2 4 4 1 0 0 0 1 0
2026-09-05,02:37:13 GMT,V6.2 BLOCK - final pressure/veto/active/timing gate failed or signal already used
2026-09-05,02:37:13 GMT,SENTINEL V6 MULTI-WINDOW SCAN >>>
2026-09-05,02:37:13 GMT,V6.2 DIAG | 4 0 2 -0.09999999999999998 -0.028571428571428574 0.09999999999999998 0.06666666666666668 0.45 -0.14999999999999997 0.2 3 5 2 1 0 0 1 0
2026-09-05,02:37:13 GMT,V6.2 BLOCK - final pressure/veto/active/timing gate failed or signal already used
2026-09-05,02:37:13 GMT,SENTINEL V6 MULTI-WINDOW SCAN >>>
2026-09-05,02:37:13 GMT,V6.2 DIAG | 9 0 1 -0.25 0 0.25 0 0.45 -0.4 0.2 3 5 2 0 0 0 1 0
2026-09-05,02:37:13 GMT,V6.2 BLOCK - final pressure/veto/active/timing gate failed or signal already used
2026-09-05,02:37:13 GMT,SENTINEL V6 MULTI-WINDOW SCAN >>>
2026-09-05,02:37:13 GMT,V6.2 DIAG | 7 0 1 -0.29999999999999993 0 0.3 0 0.45 -0.6499999999999999 0.5 4 4 2 0 0 0 1 0
2026-09-05,02:37:13 GMT,V6.2 BLOCK - final pressure/veto/active/timing gate failed or signal already used
2026-09-05,02:37:13 GMT,SENTINEL V6 MULTI-WINDOW SCAN >>>
2026-09-05,02:37:13 GMT,V6.2 DIAG | 8 0 2 -0.35 0 0.35 0 -0.05 -0.09999999999999992 0.5 4 4 3 1 0 0 1 0
2026-09-05,02:37:13 GMT,V6.2 BLOCK - final pressure/veto/active/timing gate failed or signal already used
2026-09-05,02:37:13 GMT,SENTINEL V6 MULTI-WINDOW SCAN >>>
2026-09-05,02:37:13 GMT,V6.2 DIAG | 3 0 5 -0.4 0.05714285714285715 0.39999999999999997 -0.13333333333333333 -0.30000000000000004 -0.5999999999999999 0.5 4 4 3 0 0 0 1 0
2026-09-05,02:37:12 GMT,V6.2 BLOCK - final pressure/veto/active/timing gate failed or signal already used
2026-09-05,02:37:12 GMT,SENTINEL V6 MULTI-WINDOW SCAN >>>
2026-09-05,02:37:12 GMT,V6.2 DIAG | 5 0 5 -0.4 0.05714285714285715 0.39999999999999997 -0.13333333333333333 -0.30000000000000004 -0.5999999999999999 0.5 3 5 4 0 0 0 1 0
2026-09-05,02:37:12 GMT,V6.2 BLOCK - final pressure/veto/active/timing gate failed or signal already used
2026-09-05,02:37:12 GMT,SENTINEL V6 MULTI-WINDOW SCAN >>>
2026-09-05,02:37:12 GMT,V6.2 DIAG | 9 0 1 -0.4 0 0.39999999999999997 0 -0.30000000000000004 0.2 0.5 2 6 4 1 0 0 1 0
2026-09-05,02:37:12 GMT,V6.2 BLOCK - final pressure/veto/active/timing gate failed or signal already used
2026-09-05,02:37:12 GMT,SENTINEL V6 MULTI-WINDOW SCAN >>>
2026-09-05,02:37:12 GMT,V6.2 DIAG | 8 0 2 -0.4 0 0.39999999999999997 0 -0.30000000000000004 0.7 0 3 5 4 1 0 0 1 0
2026-09-05,02:37:12 GMT,V6.2 BLOCK - final pressure/veto/active/timing gate failed or signal already used
2026-09-05,02:37:12 GMT,SENTINEL V6 MULTI-WINDOW SCAN >>>
2026-09-05,02:37:12 GMT,V6.2 DIAG | 5 0 3 -0.30000000000000004 -0.028571428571428574 0.3 0.06666666666666668 -0.30000000000000004 1 0 4 4 3 1 0 0 1 0
2026-09-05,02:37:12 GMT,V6.2 BLOCK - final pressure/veto/active/timing gate failed or signal already used
2026-09-05,02:37:12 GMT,SENTINEL V6 MULTI-WINDOW SCAN >>>
2026-09-05,02:37:12 GMT,V6.2 DIAG | 1 0 2 -0.30000000000000004 -0.08571428571428572 0.3 0.2 0.5 1 0 3 5 4 1 0 0 1 0
2026-09-05,02:37:12 GMT,V6.2 BLOCK - final pressure/veto/active/timing gate failed or signal already used
2026-09-05,02:37:12 GMT,SENTINEL V6 MULTI-WINDOW SCAN >>>
2026-09-05,02:37:12 GMT,V6.2 DIAG | 8 0 2 -0.25 -0.08571428571428572 0.25 0.2 0.5 1 -0.05 3 5 4 1 0 0 1 0
2026-09-05,02:37:03 GMT,V6.2 BLOCK - final pressure/veto/active/timing gate failed or signal already used
2026-09-05,02:37:03 GMT,SENTINEL V6 MULTI-WINDOW SCAN >>>
2026-09-05,02:37:03 GMT,V6.2 DIAG | 8 0 2 -0.15000000000000002 -0.05714285714285714 0.15000000000000002 0.13333333333333336 0.5 0.5 -0.05 4 4 3 1 0 0 1 0
2026-09-05,02:37:02 GMT,V6.2 BLOCK - final pressure/veto/active/timing gate failed or signal already used
2026-09-05,02:37:02 GMT,SENTINEL V6 MULTI-WINDOW SCAN >>>
2026-09-05,02:37:02 GMT,V6.2 DIAG | 8 0 4 0 -0.08571428571428572 0 0.2 0.5 0.75 -0.05 5 3 2 1 0 0 1 0
2026-09-05,02:37:02 GMT,V6.2 BLOCK - final pressure/veto/active/timing gate failed or signal already used
2026-09-05,02:37:02 GMT,SENTINEL V6 MULTI-WINDOW SCAN >>>
2026-09-05,02:37:02 GMT,V6.2 DIAG | 7 0 6 -0.050000000000000044 -0.028571428571428567 0.04999999999999999 0.06666666666666667 0.5 0 -0.05 6 2 1 1 0 0 1 0
2026-09-05,02:37:02 GMT,V6.2 BLOCK - final pressure/veto/active/timing gate failed or signal already used
2026-09-05,02:37:02 GMT,SENTINEL V6 MULTI-WINDOW SCAN >>>
2026-09-05,02:37:02 GMT,V6.2 DIAG | 1 0 9 0.050000000000000044 0 -0.04999999999999999 0 0 0 -0.05 7 1 1 1 0 0 1 0
2026-09-05,02:37:02 GMT,V6.2 BLOCK - final pressure/veto/active/timing gate failed or signal already used
2026-09-05,02:37:02 GMT,SENTINEL V6 MULTI-WINDOW SCAN >>>
2026-09-05,02:37:02 GMT,V6.2 DIAG | 6 0 9 -0.10000000000000009 0.028571428571428567 0.09999999999999998 -0.06666666666666667 0 -0.25 -0.05 6 2 2 1 0 0 1 0
2026-09-05,02:37:02 GMT,V6.2 BLOCK - final pressure/veto/active/timing gate failed or signal already used
2026-09-05,02:37:02 GMT,SENTINEL V6 MULTI-WINDOW SCAN >>>
2026-09-05,02:37:02 GMT,V6.2 DIAG | 8 0 9 -0.20000000000000007 0.05714285714285714 0.2 -0.13333333333333336 -0.05 -0.4999999999999999 -0.05 6 2 2 1 0 0 1 0
2026-09-05,02:37:01 GMT,V6.2 BLOCK - final pressure/veto/active/timing gate failed or signal already used
2026-09-05,02:37:01 GMT,SENTINEL V6 MULTI-WINDOW SCAN >>>
2026-09-05,02:37:01 GMT,V6.2 DIAG | 3 0 9 -0.050000000000000044 0.08571428571428572 0.04999999999999999 -0.2 -0.05 -1 -0.1 6 2 2 0 0 0 1 0
2026-09-05,02:37:01 GMT,V6.2 BLOCK - final pressure/veto/active/timing gate failed or signal already used
2026-09-05,02:37:01 GMT,SENTINEL V6 MULTI-WINDOW SCAN >>>
2026-09-05,02:37:01 GMT,V6.2 DIAG | 6 0 9 0 0.028571428571428567 0 -0.06666666666666667 -0.05 -0.20000000000000004 -0.15 5 3 3 0 0 0 1 0
2026-09-05,02:37:01 GMT,V6.2 BLOCK - final pressure/veto/active/timing gate failed or signal already used
2026-09-05,02:37:01 GMT,SENTINEL V6 MULTI-WINDOW SCAN >>>
2026-09-05,02:37:01 GMT,V6.2 DIAG | 6 0 9 0 0.028571428571428567 0 -0.06666666666666667 -0.05 -0.20000000000000004 -0.15 5 3 3 0 0 0 1 0
2026-09-05,02:37:01 GMT,V6.2 BLOCK - final pressure/veto/active/timing gate failed or signal already used
2026-09-05,02:37:01 GMT,SENTINEL V6 MULTI-WINDOW SCAN >>>
2026-09-05,02:37:01 GMT,V6.2 DIAG | 3 0 5 0 -0.028571428571428567 0 0.06666666666666667 -0.05 0.6 -0.15 5 3 3 1 0 0 1 0
2026-09-05,02:36:54 GMT,Loss amount: -7
2026-09-05,02:36:54 GMT,V6.2 DIAG | 6 0 5 0 -0.08571428571428572 0 0.2 -0.05 1.4 -0.15 5 3 3 1 0 0 0 1
2026-09-05,02:36:54 GMT,V6.2 DIAG | 8 0 5 0 -0.08571428571428572 0 0.2 -0.05 1.4 -0.15 5 3 3 1 0 0 0 1
2026-09-05,02:36:54 GMT,V6.2 DIAG | 4 0 7 0.15000000000000002 -0.057142857142857134 -0.14999999999999997 0.13333333333333333 -0.05 0.9 -0.2 6 2 2 1 0 0 0 1
2026-09-05,02:36:54 GMT,Bought: (ID: 22522327639)
2026-09-05,02:36:44 GMT,SENTINEL V6 MULTI-WINDOW SCAN >>>
2026-09-05,02:36:44 GMT,V6.2 DIAG | 1 1 12 0.20000000000000007 0.057142857142857134 -0.2 -0.13333333333333333 -0.15 -0.35000000000000003 -0.5 7 1 1 0 1 1 0 1
2026-09-05,02:36:44 GMT,V6.2 BLOCK - final pressure/veto/active/timing gate failed or signal already used
2026-09-05,02:36:44 GMT,SENTINEL V6 MULTI-WINDOW SCAN >>>
2026-09-05,02:36:44 GMT,V6.2 DIAG | 5 0 11 0.09999999999999998 0.028571428571428567 -0.10000000000000003 -0.06666666666666667 -0.2 0.2 -0.5 6 2 1 1 1 0 0 1
2026-09-05,02:36:44 GMT,V6.2 BLOCK - final pressure/veto/active/timing gate failed or signal already used
2026-09-05,02:36:44 GMT,SENTINEL V6 MULTI-WINDOW SCAN >>>
2026-09-05,02:36:44 GMT,V6.2 DIAG | 0 0 11 0.09999999999999998 0.028571428571428567 -0.10000000000000003 -0.06666666666666667 -0.2 0.2 -0.5 6 2 1 1 1 0 0 1
2026-09-05,02:36:44 GMT,V6.2 BLOCK - final pressure/veto/active/timing gate failed or signal already used
2026-09-05,02:36:44 GMT,SENTINEL V6 MULTI-WINDOW SCAN >>>
2026-09-05,02:36:44 GMT,V6.2 DIAG | 5 0 10 0.09999999999999998 0.028571428571428567 -0.10000000000000003 -0.06666666666666667 -0.2 0.2 -0.5 5 3 2 1 1 0 0 1
2026-09-05,02:36:44 GMT,V6.2 BLOCK - final pressure/veto/active/timing gate failed or signal already used
2026-09-05,02:36:44 GMT,SENTINEL V6 MULTI-WINDOW SCAN >>>
2026-09-05,02:36:44 GMT,V6.2 DIAG | 4 0 6 0.1499999999999999 -0.028571428571428567 -0.15000000000000002 0.06666666666666667 -0.2 0.2 0.25 5 3 2 1 0 0 0 1
2026-09-05,02:36:44 GMT,V6.2 BLOCK - final pressure/veto/active/timing gate failed or signal already used
2026-09-05,02:36:44 GMT,SENTINEL V6 MULTI-WINDOW SCAN >>>
2026-09-05,02:36:44 GMT,V6.2 DIAG | 8 0 4 0 0 0 0 -0.45 0.2 0.25 5 3 2 1 0 0 0 1
2026-09-05,02:36:44 GMT,V6.2 BLOCK - final pressure/veto/active/timing gate failed or signal already used
2026-09-05,02:36:44 GMT,SENTINEL V6 MULTI-WINDOW SCAN >>>
2026-09-05,02:36:44 GMT,V6.2 DIAG | 3 0 6 -0.050000000000000044 0 0.050000000000000044 0 -0.45 0.5 0 6 2 1 1 0 0 0 1
2026-09-05,02:36:44 GMT,V6.2 BLOCK - final pressure/veto/active/timing gate failed or signal already used
2026-09-05,02:36:44 GMT,SENTINEL V6 MULTI-WINDOW SCAN >>>
2026-09-05,02:36:44 GMT,V6.2 DIAG | 4 0 9 -0.19999999999999996 0.028571428571428574 0.2 -0.06666666666666668 -0.45 0.5 -0.25 5 3 1 1 0 0 0 1
2026-09-05,02:36:31 GMT,V6.2 BLOCK - final pressure/veto/active/timing gate failed or signal already used
2026-09-05,02:36:31 GMT,SENTINEL V6 MULTI-WINDOW SCAN >>>
2026-09-05,02:36:31 GMT,V6.2 DIAG | 9 0 7 -0.19999999999999996 0.028571428571428574 0.2 -0.06666666666666668 -0.45 0.5 -0.25 4 4 1 1 0 0 0 1
2026-09-05,02:36:30 GMT,V6.2 BLOCK - final pressure/veto/active/timing gate failed or signal already used
2026-09-05,02:36:30 GMT,SENTINEL V6 MULTI-WINDOW SCAN >>>
2026-09-05,02:36:30 GMT,V6.2 DIAG | 6 0 7 -0.050000000000000044 0.05714285714285714 0.050000000000000044 -0.13333333333333336 -0.45 0.45 -0.75 4 4 1 1 0 0 0 1
2026-09-05,02:36:30 GMT,V6.2 BLOCK - final pressure/veto/active/timing gate failed or signal already used
2026-09-05,02:36:30 GMT,SENTINEL V6 MULTI-WINDOW SCAN >>>
2026-09-05,02:36:30 GMT,V6.2 DIAG | 8 0 3 -0.050000000000000044 0 0.050000000000000044 0 0.35000000000000003 0.45 -0.75 4 4 1 1 0 0 0 1
2026-09-05,02:36:30 GMT,V6.2 BLOCK - final pressure/veto/active/timing gate failed or signal already used
2026-09-05,02:36:30 GMT,SENTINEL V6 MULTI-WINDOW SCAN >>>
2026-09-05,02:36:30 GMT,V6.2 DIAG | 1 0 6 0.04999999999999993 -0.028571428571428567 -0.04999999999999999 0.06666666666666667 0.35000000000000003 -0.05 0.05000000000000002 5 3 0 0 0 0 0 1
2026-09-05,02:36:30 GMT,V6.2 BLOCK - final pressure/veto/active/timing gate failed or signal already used
2026-09-05,02:36:30 GMT,SENTINEL V6 MULTI-WINDOW SCAN >>>
2026-09-05,02:36:30 GMT,V6.2 DIAG | 1 0 5 -0.09999999999999998 -0.05714285714285714 0.10000000000000003 0.13333333333333336 0.35000000000000003 -0.05 0.6 5 3 0 1 0 0 0 1
2026-09-05,02:36:30 GMT,V6.2 BLOCK - final pressure/veto/active/timing gate failed or signal already used
2026-09-05,02:36:30 GMT,SENTINEL V6 MULTI-WINDOW SCAN >>>
2026-09-05,02:36:30 GMT,V6.2 DIAG | 2 0 5 -0.25 -0.028571428571428574 0.25 0.06666666666666668 0.1 -0.05 0.6 5 3 0 0 0 0 0 1
2026-09-05,02:36:30 GMT,V6.2 BLOCK - final pressure/veto/active/timing gate failed or signal already used
2026-09-05,02:36:30 GMT,SENTINEL V6 MULTI-WINDOW SCAN >>>
2026-09-05,02:36:30 GMT,V6.2 DIAG | 7 0 3 -0.25 -0.028571428571428574 0.25 0.06666666666666668 0.1 -0.05 0.6 4 4 0 1 0 0 0 1
2026-09-05,02:36:30 GMT,V6.2 BLOCK - final pressure/veto/active/timing gate failed or signal already used
2026-09-05,02:36:30 GMT,SENTINEL V6 MULTI-WINDOW SCAN >>>
2026-09-05,02:36:30 GMT,V6.2 DIAG | 9 0 7 -0.30000000000000004 0.028571428571428574 0.3 -0.06666666666666668 -0.65 -0.05 0.6 4 4 0 1 0 0 0 1
2026-09-05,02:36:29 GMT,V6.2 BLOCK - final pressure/veto/active/timing gate failed or signal already used
2026-09-05,02:36:29 GMT,SENTINEL V6 MULTI-WINDOW SCAN >>>
2026-09-05,02:36:29 GMT,V6.2 DIAG | 9 1 9 -0.15000000000000002 0.05714285714285714 0.15000000000000002 -0.13333333333333336 -0.7000000000000001 -0.05 0.1 5 3 0 0 0 0 0 1
2026-09-05,02:36:29 GMT,V6.2 BLOCK - final pressure/veto/active/timing gate failed or signal already used
2026-09-05,02:36:29 GMT,SENTINEL V6 MULTI-WINDOW SCAN >>>
2026-09-05,02:36:29 GMT,V6.2 DIAG | 3 1 9 -0.20000000000000007 0.05714285714285714 0.2 -0.13333333333333336 -0.7000000000000001 -0.05 0.15000000000000002 5 3 0 0 0 0 0 1
2026-09-05,02:36:29 GMT,V6.2 BLOCK - final pressure/veto/active/timing gate failed or signal already used
2026-09-05,02:36:29 GMT,SENTINEL V6 MULTI-WINDOW SCAN >>>
2026-09-05,02:36:29 GMT,V6.2 DIAG | 2 0 5 -0.20000000000000007 0 0.2 0 0.1 -0.05 0.15000000000000002 5 3 0 0 0 0 0 1
2026-09-05,02:36:29 GMT,V6.2 BLOCK - final pressure/veto/active/timing gate failed or signal already used
2026-09-05,02:36:29 GMT,SENTINEL V6 MULTI-WINDOW SCAN >>>
2026-09-05,02:36:29 GMT,V6.2 DIAG | 0 0 3 -0.20000000000000007 0 0.2 0 0.1 -0.05 0.15000000000000002 4 4 0 0 0 0 0 1
2026-09-05,02:36:29 GMT,V6.2 BLOCK - final pressure/veto/active/timing gate failed or signal already used
2026-09-05,02:36:29 GMT,SENTINEL V6 MULTI-WINDOW SCAN >>>
2026-09-05,02:36:29 GMT,V6.2 DIAG | 2 0 3 -0.20000000000000007 -0.05714285714285714 0.2 0.13333333333333336 0.9 -0.05 0.15000000000000002 4 4 0 1 0 0 0 1
2026-09-05,02:36:29 GMT,V6.2 BLOCK - final pressure/veto/active/timing gate failed or signal already used
2026-09-05,02:36:29 GMT,SENTINEL V6 MULTI-WINDOW SCAN >>>
2026-09-05,02:36:29 GMT,V6.2 DIAG | 9 0 3 -0.35 -0.028571428571428574 0.35 0.06666666666666668 0.65 -0.05 0.15000000000000002 4 4 0 1 0 0 0 1
2026-09-05,02:36:18 GMT,V6.2 BLOCK - final pressure/veto/active/timing gate failed or signal already used
2026-09-05,02:36:18 GMT,SENTINEL V6 MULTI-WINDOW SCAN >>>
2026-09-05,02:36:18 GMT,V6.2 DIAG | 7 0 5 -0.25 -0.05714285714285714 0.25 0.13333333333333336 0.65 -0.05 0.45 5 3 0 1 0 0 0 1
2026-09-05,02:36:18 GMT,V6.2 BLOCK - final pressure/veto/active/timing gate failed or signal already used
2026-09-05,02:36:18 GMT,SENTINEL V6 MULTI-WINDOW SCAN >>>
2026-09-05,02:36:18 GMT,V6.2 DIAG | 0 0 5 -0.15000000000000002 -0.028571428571428567 0.15 0.06666666666666667 0.15000000000000002 -0.05 0.45 5 3 0 1 0 0 0 1
2026-09-05,02:36:18 GMT,V6.2 BLOCK - final pressure/veto/active/timing gate failed or signal already used
2026-09-05,02:36:18 GMT,SENTINEL V6 MULTI-WINDOW SCAN >>>
2026-09-05,02:36:18 GMT,V6.2 DIAG | 7 0 5 -0.25 0 0.25 0 0.1 -0.05 0.2 5 3 0 1 0 0 0 1
2026-09-05,02:36:18 GMT,V6.2 BLOCK - final pressure/veto/active/timing gate failed or signal already used
2026-09-05,02:36:18 GMT,SENTINEL V6 MULTI-WINDOW SCAN >>>
2026-09-05,02:36:18 GMT,V6.2 DIAG | 2 1 9 -0.15000000000000002 0.028571428571428567 0.15 -0.06666666666666667 -0.4 -0.05 0.2 6 2 0 1 0 0 0 1
2026-09-05,02:36:18 GMT,V6.2 BLOCK - final pressure/veto/active/timing gate failed or signal already used
2026-09-05,02:36:18 GMT,SENTINEL V6 MULTI-WINDOW SCAN >>>
2026-09-05,02:36:18 GMT,V6.2 DIAG | 9 0 5 -0.10000000000000009 -0.028571428571428567 0.09999999999999998 0.06666666666666667 0.35000000000000003 -0.05 0.2 5 3 0 1 0 0 0 1
2026-09-05,02:36:17 GMT,V6.2 BLOCK - final pressure/veto/active/timing gate failed or signal already used
2026-09-05,02:36:17 GMT,SENTINEL V6 MULTI-WINDOW SCAN >>>
2026-09-05,02:36:17 GMT,V6.2 DIAG | 5 0 6 0 0 0 0 0.35000000000000003 -0.05 -0.30000000000000004 6 2 0 0 0 0 0 1
2026-09-05,02:36:17 GMT,V6.2 DIAG | 1 0 8 0.050000000000000044 0 -0.04999999999999999 0 0.35000000000000003 -0.05 -0.35000000000000003 6 2 0 0 0 0 0 1
2026-09-05,02:36:06 GMT,V6.2 BLOCK - final pressure/veto/active/timing gate failed or signal already used
2026-09-05,02:36:06 GMT,SENTINEL V6 MULTI-WINDOW SCAN >>>
2026-09-05,02:36:06 GMT,V6.2 DIAG | 0 0 12 0.09999999999999998 0.028571428571428567 -0.1 -0.06666666666666667 -0.45 0 -0.05 7 1 0 0 1 0 15 0
2026-09-05,02:36:06 GMT,V6.2 BLOCK - final pressure/veto/active/timing gate failed or signal already used
2026-09-05,02:36:06 GMT,SENTINEL V6 MULTI-WINDOW SCAN >>>
2026-09-05,02:36:06 GMT,V6.2 DIAG | 4 0 8 0.15000000000000002 -0.028571428571428567 -0.15 0.06666666666666667 0.30000000000000004 0 -0.05 7 1 0 0 0 0 15 0
2026-09-05,02:36:06 GMT,V6.2 BLOCK - final pressure/veto/active/timing gate failed or signal already used
2026-09-05,02:36:06 GMT,SENTINEL V6 MULTI-WINDOW SCAN >>>
2026-09-05,02:36:06 GMT,V6.2 DIAG | 3 0 8 0.15000000000000002 -0.028571428571428567 -0.15 0.06666666666666667 0.30000000000000004 0 -0.05 7 1 0 0 0 0 15 0
2026-09-05,02:36:06 GMT,V6.2 BLOCK - final pressure/veto/active/timing gate failed or signal already used
2026-09-05,02:36:06 GMT,SENTINEL V6 MULTI-WINDOW SCAN >>>
2026-09-05,02:36:06 GMT,V6.2 DIAG | 5 0 8 0.15000000000000002 -0.028571428571428567 -0.15 0.06666666666666667 0.30000000000000004 0 -0.05 7 1 0 0 0 0 15 0
2026-09-05,02:36:06 GMT,V6.2 BLOCK - final pressure/veto/active/timing gate failed or signal already used
2026-09-05,02:36:06 GMT,SENTINEL V6 MULTI-WINDOW SCAN >>>
2026-09-05,02:36:06 GMT,V6.2 DIAG | 1 0 6 0 0 0 0 0.05000000000000002 0 -0.05 7 1 0 0 0 0 15 0
2026-09-05,02:35:56 GMT,V6.2 BLOCK - final pressure/veto/active/timing gate failed or signal already used
2026-09-05,02:35:56 GMT,SENTINEL V6 MULTI-WINDOW SCAN >>>
2026-09-05,02:35:56 GMT,V6.2 DIAG | 7 0 6 0 0 0 0 0.05000000000000002 0 -0.05 7 1 0 1 0 0 15 0
2026-09-05,02:35:56 GMT,V6.2 BLOCK - final pressure/veto/active/timing gate failed or signal already used
2026-09-05,02:35:56 GMT,SENTINEL V6 MULTI-WINDOW SCAN >>>
2026-09-05,02:35:56 GMT,V6.2 DIAG | 2 0 10 -0.04999999999999993 0.057142857142857134 0.05000000000000002 -0.13333333333333333 -0.7000000000000001 0 -0.05 7 1 0 1 0 0 15 0
2026-09-05,02:35:55 GMT,V6.2 BLOCK - final pressure/veto/active/timing gate failed or signal already used
2026-09-05,02:35:55 GMT,SENTINEL V6 MULTI-WINDOW SCAN >>>
2026-09-05,02:35:55 GMT,V6.2 DIAG | 6 0 10 0 0.057142857142857134 0 -0.13333333333333333 -0.75 0 -0.05 7 1 0 1 0 0 15 0
2026-09-05,02:35:55 GMT,V6.2 BLOCK - final pressure/veto/active/timing gate failed or signal already used
2026-09-05,02:35:55 GMT,SENTINEL V6 MULTI-WINDOW SCAN >>>
2026-09-05,02:35:55 GMT,V6.2 DIAG | 3 0 10 -0.15000000000000002 0.08571428571428572 0.15 -0.2 -0.75 0 -0.30000000000000004 6 2 0 1 0 0 15 0
2026-09-05,02:35:55 GMT,V6.2 BLOCK - final pressure/veto/active/timing gate failed or signal already used
2026-09-05,02:35:55 GMT,SENTINEL V6 MULTI-WINDOW SCAN >>>
2026-09-05,02:35:55 GMT,V6.2 DIAG | 5 0 9 -0.10000000000000009 0.028571428571428567 0.09999999999999998 -0.06666666666666667 0.05000000000000002 0 -0.35000000000000003 6 2 0 1 0 0 15 0
2026-09-05,02:35:55 GMT,V6.2 BLOCK - final pressure/veto/active/timing gate failed or signal already used
2026-09-05,02:35:55 GMT,SENTINEL V6 MULTI-WINDOW SCAN >>>
2026-09-05,02:35:55 GMT,V6.2 DIAG | 3 0 9 -0.10000000000000009 0.028571428571428567 0.09999999999999998 -0.06666666666666667 0.05000000000000002 0 -0.35000000000000003 5 3 0 1 0 0 15 0
2026-09-05,02:35:55 GMT,V6.2 BLOCK - final pressure/veto/active/timing gate failed or signal already used
2026-09-05,02:35:55 GMT,SENTINEL V6 MULTI-WINDOW SCAN >>>
2026-09-05,02:35:55 GMT,V6.2 DIAG | 4 0 6 -0.050000000000000044 -0.028571428571428567 0.04999999999999999 0.06666666666666667 0.8 0 -0.35000000000000003 5 3 0 1 0 0 15 0
2026-09-05,02:35:55 GMT,V6.2 BLOCK - final pressure/veto/active/timing gate failed or signal already used
2026-09-05,02:35:55 GMT,SENTINEL V6 MULTI-WINDOW SCAN >>>
2026-09-05,02:35:55 GMT,V6.2 DIAG | 6 0 6 -0.050000000000000044 -0.028571428571428567 0.04999999999999999 0.06666666666666667 0.8 0 -0.35000000000000003 5 3 0 1 0 0 15 0
2026-09-05,02:35:55 GMT,V6.2 BLOCK - final pressure/veto/active/timing gate failed or signal already used
2026-09-05,02:35:55 GMT,SENTINEL V6 MULTI-WINDOW SCAN >>>
2026-09-05,02:35:55 GMT,V6.2 DIAG | 7 0 5 -0.050000000000000044 -0.08571428571428572 0.04999999999999999 0.2 0.8 0 0.45 5 3 0 1 0 0 15 0
2026-09-05,02:35:55 GMT,V6.2 BLOCK - final pressure/veto/active/timing gate failed or signal already used
2026-09-05,02:35:55 GMT,SENTINEL V6 MULTI-WINDOW SCAN >>>
2026-09-05,02:35:55 GMT,V6.2 DIAG | 1 0 5 -0.10000000000000009 -0.028571428571428567 0.09999999999999998 0.06666666666666667 0.05000000000000002 0 0.45 6 2 0 1 0 0 15 0
2026-09-05,02:35:55 GMT,V6.2 BLOCK - final pressure/veto/active/timing gate failed or signal already used
2026-09-05,02:35:55 GMT,SENTINEL V6 MULTI-WINDOW SCAN >>>
2026-09-05,02:35:55 GMT,V6.2 DIAG | 7 0 5 -0.10000000000000009 -0.028571428571428567 0.09999999999999998 0.06666666666666667 0.05000000000000002 0 0.45 6 2 0 1 0 0 15 0
2026-09-05,02:35:45 GMT,V6.2 BLOCK - final pressure/veto/active/timing gate failed or signal already used
2026-09-05,02:35:45 GMT,SENTINEL V6 MULTI-WINDOW SCAN >>>
2026-09-05,02:35:45 GMT,V6.2 DIAG | 5 0 6 0 0 0 0 -0.45 0 0.45 6 2 0 0 0 0 15 0
2026-09-05,02:35:45 GMT,V6.2 BLOCK - final pressure/veto/active/timing gate failed or signal already used
2026-09-05,02:35:45 GMT,SENTINEL V6 MULTI-WINDOW SCAN >>>
2026-09-05,02:35:45 GMT,V6.2 DIAG | 9 0 6 0 0 0 0 -0.45 0 0.45 6 2 0 1 0 0 15 0
2026-09-05,02:35:45 GMT,V6.2 BLOCK - final pressure/veto/active/timing gate failed or signal already used
2026-09-05,02:35:45 GMT,SENTINEL V6 MULTI-WINDOW SCAN >>>
2026-09-05,02:35:45 GMT,V6.2 DIAG | 0 0 12 0.15000000000000002 0.028571428571428567 -0.15 -0.06666666666666667 -0.45 0 -0.1 7 1 0 0 1 0 15 0
2026-09-05,02:35:44 GMT,V6.2 BLOCK - final pressure/veto/active/timing gate failed or signal already used
2026-09-05,02:35:44 GMT,SENTINEL V6 MULTI-WINDOW SCAN >>>
2026-09-05,02:35:44 GMT,V6.2 DIAG | 1 0 8 0.15000000000000002 -0.028571428571428567 -0.15 0.06666666666666667 0.35000000000000003 0 -0.1 7 1 0 0 0 0 15 0
2026-09-05,02:35:44 GMT,V6.2 BLOCK - final pressure/veto/active/timing gate failed or signal already used
2026-09-05,02:35:44 GMT,SENTINEL V6 MULTI-WINDOW SCAN >>>
2026-09-05,02:35:44 GMT,V6.2 DIAG | 3 0 8 0.15000000000000002 -0.028571428571428567 -0.15 0.06666666666666667 0.35000000000000003 0 -0.1 7 1 0 0 0 0 15 0
2026-09-05,02:35:44 GMT,V6.2 BLOCK - final pressure/veto/active/timing gate failed or signal already used
2026-09-05,02:35:44 GMT,SENTINEL V6 MULTI-WINDOW SCAN >>>
2026-09-05,02:35:44 GMT,V6.2 DIAG | 3 0 8 0.050000000000000044 0 -0.04999999999999999 0 0.1 0 -0.15 7 1 0 0 0 0 15 0
2026-09-05,02:35:44 GMT,V6.2 BLOCK - final pressure/veto/active/timing gate failed or signal already used
2026-09-05,02:35:44 GMT,SENTINEL V6 MULTI-WINDOW SCAN >>>
2026-09-05,02:35:44 GMT,V6.2 DIAG | 4 0 8 0.050000000000000044 0 -0.04999999999999999 0 0.1 0 -0.15 7 1 0 0 0 0 15 0
2026-09-05,02:35:44 GMT,V6.2 BLOCK - final pressure/veto/active/timing gate failed or signal already used
2026-09-05,02:35:44 GMT,SENTINEL V6 MULTI-WINDOW SCAN >>>
2026-09-05,02:35:44 GMT,V6.2 DIAG | 7 0 8 0.050000000000000044 0 -0.04999999999999999 0 0.1 0 -0.15 6 2 0 1 0 0 15 0
2026-09-05,02:35:44 GMT,V6.2 BLOCK - final pressure/veto/active/timing gate failed or signal already used
2026-09-05,02:35:44 GMT,SENTINEL V6 MULTI-WINDOW SCAN >>>
2026-09-05,02:35:44 GMT,V6.2 DIAG | 5 0 12 0.20000000000000007 0.028571428571428567 -0.19999999999999998 -0.06666666666666667 -0.45 0 -0.15 7 1 0 0 1 0 15 0
2026-09-05,02:35:44 GMT,V6.2 BLOCK - final pressure/veto/active/timing gate failed or signal already used
2026-09-05,02:35:44 GMT,SENTINEL V6 MULTI-WINDOW SCAN >>>
2026-09-05,02:35:44 GMT,V6.2 DIAG | 1 0 12 0.25 0.028571428571428567 -0.24999999999999997 -0.06666666666666667 -0.45 -0.05 -0.15 7 1 0 1 1 0 15 0
2026-09-05,02:35:44 GMT,V6.2 BLOCK - final pressure/veto/active/timing gate failed or signal already used
2026-09-05,02:35:44 GMT,SENTINEL V6 MULTI-WINDOW SCAN >>>
2026-09-05,02:35:44 GMT,V6.2 DIAG | 5 0 8 0.30000000000000004 -0.028571428571428567 -0.30000000000000004 0.06666666666666667 0.35000000000000003 -0.1 -0.15 7 1 0 0 0 0 15 0
2026-09-05,02:35:34 GMT,V6.2 BLOCK - final pressure/veto/active/timing gate failed or signal already used
2026-09-05,02:35:34 GMT,SENTINEL V6 MULTI-WINDOW SCAN >>>
2026-09-05,02:35:34 GMT,V6.2 DIAG | 6 0 8 0.20000000000000007 0 -0.2 0 0.05000000000000002 -0.1 -0.15 7 1 0 0 0 0 15 0
2026-09-05,02:35:34 GMT,V6.2 BLOCK - final pressure/veto/active/timing gate failed or signal already used
2026-09-05,02:35:34 GMT,SENTINEL V6 MULTI-WINDOW SCAN >>>
2026-09-05,02:35:34 GMT,V6.2 DIAG | 0 0 8 0.20000000000000007 0 -0.2 0 0.05000000000000002 -0.1 -0.15 7 1 0 0 0 0 15 0
2026-09-05,02:35:34 GMT,V6.2 BLOCK - final pressure/veto/active/timing gate failed or signal already used
2026-09-05,02:35:34 GMT,SENTINEL V6 MULTI-WINDOW SCAN >>>
2026-09-05,02:35:34 GMT,V6.2 DIAG | 3 0 11 0.09999999999999998 0.028571428571428567 -0.10000000000000003 -0.06666666666666667 0.05000000000000002 -0.15 -0.4 6 2 0 0 1 0 15 0
2026-09-05,02:35:34 GMT,V6.2 BLOCK - final pressure/veto/active/timing gate failed or signal already used
2026-09-05,02:35:34 GMT,SENTINEL V6 MULTI-WINDOW SCAN >>>
2026-09-05,02:35:34 GMT,V6.2 DIAG | 7 0 11 0.09999999999999998 0.028571428571428567 -0.10000000000000003 -0.06666666666666667 0.05000000000000002 -0.15 -0.4 6 2 0 0 0 0 15 0
2026-09-05,02:35:33 GMT,V6.2 BLOCK - final pressure/veto/active/timing gate failed or signal already used
2026-09-05,02:35:33 GMT,SENTINEL V6 MULTI-WINDOW SCAN >>>
2026-09-05,02:35:33 GMT,V6.2 DIAG | 1 0 12 0.09999999999999998 0.08571428571428572 -0.10000000000000003 -0.2 -0.7000000000000001 -0.2 -0.4 6 2 0 0 1 0 15 0
2026-09-05,02:35:33 GMT,V6.2 BLOCK - final pressure/veto/active/timing gate failed or signal already used
2026-09-05,02:35:33 GMT,SENTINEL V6 MULTI-WINDOW SCAN >>>
2026-09-05,02:35:33 GMT,V6.2 DIAG | 0 0 11 0.09999999999999998 0.028571428571428567 -0.10000000000000003 -0.06666666666666667 0.1 -0.2 -0.4 6 2 0 0 1 0 15 0
2026-09-05,02:35:33 GMT,V6.2 BLOCK - final pressure/veto/active/timing gate failed or signal already used
2026-09-05,02:35:33 GMT,SENTINEL V6 MULTI-WINDOW SCAN >>>
2026-09-05,02:35:33 GMT,V6.2 DIAG | 0 0 11 0.1499999999999999 0.028571428571428567 -0.15000000000000002 -0.06666666666666667 0.05000000000000002 -0.2 -0.4 5 3 0 0 1 0 15 0
2026-09-05,02:35:33 GMT,V6.2 BLOCK - final pressure/veto/active/timing gate failed or signal already used
2026-09-05,02:35:33 GMT,SENTINEL V6 MULTI-WINDOW SCAN >>>
2026-09-05,02:35:33 GMT,V6.2 DIAG | 3 0 7 0.1499999999999999 -0.028571428571428567 -0.15000000000000002 0.06666666666666667 0.05000000000000002 -0.2 0.4 5 3 0 0 0 0 15 0
2026-09-05,02:35:33 GMT,V6.2 BLOCK - final pressure/veto/active/timing gate failed or signal already used
2026-09-05,02:35:33 GMT,SENTINEL V6 MULTI-WINDOW SCAN >>>
2026-09-05,02:35:33 GMT,V6.2 DIAG | 2 0 7 0.1499999999999999 -0.028571428571428567 -0.15000000000000002 0.06666666666666667 0.05000000000000002 -0.2 0.4 5 3 0 0 0 0 15 0
2026-09-05,02:35:33 GMT,V6.2 BLOCK - final pressure/veto/active/timing gate failed or signal already used
2026-09-05,02:35:33 GMT,SENTINEL V6 MULTI-WINDOW SCAN >>>
2026-09-05,02:35:33 GMT,V6.2 DIAG | 7 0 7 0.1499999999999999 -0.08571428571428572 -0.15000000000000002 0.2 0.8500000000000001 -0.2 0.4 5 3 0 1 0 0 15 0
2026-09-05,02:35:33 GMT,V6.2 BLOCK - final pressure/veto/active/timing gate failed or signal already used
2026-09-05,02:35:33 GMT,SENTINEL V6 MULTI-WINDOW SCAN >>>
2026-09-05,02:35:33 GMT,V6.2 DIAG | 0 0 7 0.30000000000000004 -0.057142857142857134 -0.3 0.13333333333333333 0.35000000000000003 -0.25 0.4 6 2 0 0 0 0 15 0
2026-09-05,02:35:24 GMT,V6.2 BLOCK - final pressure/veto/active/timing gate failed or signal already used
2026-09-05,02:35:24 GMT,SENTINEL V6 MULTI-WINDOW SCAN >>>
2026-09-05,02:35:24 GMT,V6.2 DIAG | 9 0 7 0.1499999999999999 -0.028571428571428567 -0.15000000000000002 0.06666666666666667 0.35000000000000003 -0.25 0.15000000000000002 6 2 0 1 0 0 15 0
2026-09-05,02:35:24 GMT,V6.2 BLOCK - final pressure/veto/active/timing gate failed or signal already used
2026-09-05,02:35:24 GMT,SENTINEL V6 MULTI-WINDOW SCAN >>>
2026-09-05,02:35:24 GMT,V6.2 DIAG | 4 0 8 0.25 0 -0.25 0 0.35000000000000003 -0.25 -0.35000000000000003 7 1 0 0 0 0 15 1
2026-09-05,02:35:24 GMT,V6.2 BLOCK - final pressure/veto/active/timing gate failed or signal already used
2026-09-05,02:35:24 GMT,SENTINEL V6 MULTI-WINDOW SCAN >>>
2026-09-05,02:35:24 GMT,V6.2 DIAG | 7 0 8 0.25 0 -0.25 0 0.35000000000000003 -0.25 -0.35000000000000003 6 2 0 0 0 0 15 0
2026-09-05,02:35:23 GMT,V6.2 BLOCK - final pressure/veto/active/timing gate failed or signal already used
2026-09-05,02:35:23 GMT,SENTINEL V6 MULTI-WINDOW SCAN >>>
2026-09-05,02:35:23 GMT,V6.2 DIAG | 2 1 12 0.25 0.057142857142857134 -0.25 -0.13333333333333333 -0.2 -0.25 -0.6000000000000001 7 1 0 0 1 0 15 0
2026-09-05,02:35:23 GMT,V6.2 BLOCK - final pressure/veto/active/timing gate failed or signal already used
2026-09-05,02:35:23 GMT,SENTINEL V6 MULTI-WINDOW SCAN >>>
2026-09-05,02:35:23 GMT,V6.2 DIAG | 5 0 12 0.30000000000000004 0.057142857142857134 -0.3 -0.13333333333333333 -0.2 -0.25 -0.65 7 1 0 0 1 0 15 1
2026-09-05,02:35:23 GMT,V6.2 BLOCK - final pressure/veto/active/timing gate failed or signal already used
2026-09-05,02:35:23 GMT,SENTINEL V6 MULTI-WINDOW SCAN >>>
2026-09-05,02:35:23 GMT,V6.2 DIAG | 6 0 8 0.30000000000000004 0 -0.3 0 -0.2 -0.25 0.15000000000000002 6 2 0 0 0 0 15 0
2026-09-05,02:35:23 GMT,V6.2 BLOCK - final pressure/veto/active/timing gate failed or signal already used
2026-09-05,02:35:23 GMT,SENTINEL V6 MULTI-WINDOW SCAN >>>
2026-09-05,02:35:23 GMT,V6.2 DIAG | 0 0 11 0.19999999999999996 0.028571428571428567 -0.2 -0.06666666666666667 -0.5 -0.25 0.15000000000000002 6 2 0 0 0 0 15 0
2026-09-05,02:35:23 GMT,V6.2 BLOCK - final pressure/veto/active/timing gate failed or signal already used
2026-09-05,02:35:23 GMT,SENTINEL V6 MULTI-WINDOW SCAN >>>
2026-09-05,02:35:23 GMT,V6.2 DIAG | 1 0 10 0.04999999999999993 0.05714285714285714 -0.04999999999999999 -0.13333333333333336 -0.5 -0.5 0.15000000000000002 6 2 0 0 0 0 15 0
2026-09-05,02:35:23 GMT,V6.2 BLOCK - final pressure/veto/active/timing gate failed or signal already used
2026-09-05,02:35:23 GMT,SENTINEL V6 MULTI-WINDOW SCAN >>>
2026-09-05,02:35:23 GMT,V6.2 DIAG | 4 0 9 -0.050000000000000044 0.028571428571428574 0.04999999999999999 -0.06666666666666668 -0.55 -0.75 0.9500000000000001 5 3 0 1 0 0 15 0
2026-09-05,02:35:23 GMT,V6.2 BLOCK - final pressure/veto/active/timing gate failed or signal already used
2026-09-05,02:35:23 GMT,SENTINEL V6 MULTI-WINDOW SCAN >>>
2026-09-05,02:35:23 GMT,V6.2 DIAG | 9 0 6 -0.19999999999999996 0.05714285714285715 0.19999999999999996 -0.13333333333333333 -0.8 -0.75 0.9500000000000001 4 4 1 1 0 0 15 0
2026-09-05,02:35:12 GMT,V6.2 BLOCK - final pressure/veto/active/timing gate failed or signal already used
2026-09-05,02:35:12 GMT,SENTINEL V6 MULTI-WINDOW SCAN >>>
2026-09-05,02:35:12 GMT,V6.2 DIAG | 0 0 6 -0.09999999999999998 0.08571428571428572 0.09999999999999998 -0.2 -0.8 -0.75 0.45 4 4 2 1 0 0 15 0
2026-09-05,02:35:12 GMT,V6.2 BLOCK - final pressure/veto/active/timing gate failed or signal already used
2026-09-05,02:35:12 GMT,SENTINEL V6 MULTI-WINDOW SCAN >>>
2026-09-05,02:35:12 GMT,V6.2 DIAG | 5 0 5 -0.25 0.05714285714285715 0.25 -0.13333333333333333 0 -1 0.45 3 5 2 1 0 0 15 0
2026-09-05,02:35:12 GMT,V6.2 BLOCK - final pressure/veto/active/timing gate failed or signal already used
2026-09-05,02:35:12 GMT,SENTINEL V6 MULTI-WINDOW SCAN >>>
2026-09-05,02:35:12 GMT,V6.2 DIAG | 9 0 2 -0.25 0 0.25 0 0 -0.20000000000000004 0.45 3 5 2 1 0 0 15 0
2026-09-05,02:35:12 GMT,V6.2 BLOCK - final pressure/veto/active/timing gate failed or signal already used
2026-09-05,02:35:12 GMT,SENTINEL V6 MULTI-WINDOW SCAN >>>
2026-09-05,02:35:12 GMT,V6.2 DIAG | 6 0 2 -0.29999999999999993 0 0.3 0 0 0.35000000000000003 -0.05 3 5 3 1 0 0 15 0
2026-09-05,02:35:12 GMT,V6.2 BLOCK - final pressure/veto/active/timing gate failed or signal already used
2026-09-05,02:35:12 GMT,SENTINEL V6 MULTI-WINDOW SCAN >>>
2026-09-05,02:35:12 GMT,V6.2 DIAG | 2 0 1 -0.25 -0.05714285714285715 0.25 0.13333333333333333 0.8 0.35000000000000003 -0.1 3 5 3 1 0 0 15 0
2026-09-05,02:35:12 GMT,V6.2 BLOCK - final pressure/veto/active/timing gate failed or signal already used
2026-09-05,02:35:12 GMT,SENTINEL V6 MULTI-WINDOW SCAN >>>
2026-09-05,02:35:12 GMT,V6.2 DIAG | 7 0 1 -0.35000000000000003 -0.02857142857142857 0.35 0.06666666666666665 0.55 0.35000000000000003 -0.15 2 6 4 1 0 0 15 0
2026-09-05,02:35:11 GMT,V6.2 BLOCK - final pressure/veto/active/timing gate failed or signal already used
2026-09-05,02:35:11 GMT,SENTINEL V6 MULTI-WINDOW SCAN >>>
2026-09-05,02:35:11 GMT,V6.2 DIAG | 8 0 1 -0.19999999999999996 -0.05714285714285715 0.19999999999999996 0.13333333333333333 0.05000000000000002 1.1 -0.15 3 5 4 1 0 0 15 0
2026-09-05,02:35:11 GMT,V6.2 BLOCK - final pressure/veto/active/timing gate failed or signal already used
2026-09-05,02:35:11 GMT,SENTINEL V6 MULTI-WINDOW SCAN >>>
2026-09-05,02:35:11 GMT,V6.2 DIAG | 8 0 2 -0.09999999999999998 -0.028571428571428574 0.09999999999999998 0.06666666666666668 0.05000000000000002 0.6 -0.15 3 5 3 1 0 0 15 0
2026-09-05,02:35:11 GMT,V6.2 BLOCK - final pressure/veto/active/timing gate failed or signal already used
2026-09-05,02:35:11 GMT,SENTINEL V6 MULTI-WINDOW SCAN >>>
2026-09-05,02:35:11 GMT,V6.2 DIAG | 7 0 3 0.04999999999999993 -0.05714285714285714 -0.04999999999999999 0.13333333333333336 0.05000000000000002 0.9 -0.2 4 4 2 1 0 0 15 0
2026-09-05,02:35:11 GMT,V6.2 BLOCK - final pressure/veto/active/timing gate failed or signal already used
2026-09-05,02:35:11 GMT,SENTINEL V6 MULTI-WINDOW SCAN >>>
2026-09-05,02:35:11 GMT,V6.2 DIAG | 0 0 6 0.04999999999999993 0 -0.04999999999999999 0 -0.45 0.6 -0.2 5 3 2 1 0 0 15 0
2026-09-05,02:35:11 GMT,V6.2 BLOCK - final pressure/veto/active/timing gate failed or signal already used
2026-09-05,02:35:11 GMT,SENTINEL V6 MULTI-WINDOW SCAN >>>
2026-09-05,02:35:11 GMT,V6.2 DIAG | 8 0 5 0.04999999999999993 -0.05714285714285714 -0.04999999999999999 0.13333333333333336 0.35000000000000003 0.6 -0.2 5 3 2 1 0 0 15 0
2026-09-05,02:35:11 GMT,V6.2 BLOCK - final pressure/veto/active/timing gate failed or signal already used
2026-09-05,02:35:11 GMT,SENTINEL V6 MULTI-WINDOW SCAN >>>
2026-09-05,02:35:11 GMT,V6.2 DIAG | 3 0 6 0.19999999999999996 -0.028571428571428567 -0.2 0.06666666666666667 0.35000000000000003 0.05000000000000002 -0.2 5 3 2 0 0 0 15 0
2026-09-05,02:35:01 GMT,V6.2 BLOCK - final pressure/veto/active/timing gate failed or signal already used
2026-09-05,02:35:01 GMT,SENTINEL V6 MULTI-WINDOW SCAN >>>
2026-09-05,02:35:01 GMT,V6.2 DIAG | 8 0 6 0.19999999999999996 -0.028571428571428567 -0.2 0.06666666666666667 0.35000000000000003 0.05000000000000002 -0.2 5 3 2 0 0 0 15 0
2026-09-05,02:35:01 GMT,V6.2 BLOCK - final pressure/veto/active/timing gate failed or signal already used
2026-09-05,02:35:01 GMT,SENTINEL V6 MULTI-WINDOW SCAN >>>
2026-09-05,02:35:01 GMT,V6.2 DIAG | 6 0 11 0.19999999999999996 0.028571428571428567 -0.2 -0.06666666666666667 0.05000000000000002 -0.45 -0.2 6 2 1 0 1 0 15 0
2026-09-05,02:35:01 GMT,V6.2 BLOCK - final pressure/veto/active/timing gate failed or signal already used
2026-09-05,02:35:01 GMT,SENTINEL V6 MULTI-WINDOW SCAN >>>
2026-09-05,02:35:01 GMT,V6.2 DIAG | 7 0 6 0.04999999999999993 0 -0.04999999999999999 0 0.05000000000000002 0.35000000000000003 -0.45 6 2 1 1 0 0 15 0
2026-09-05,02:35:01 GMT,V6.2 BLOCK - final pressure/veto/active/timing gate failed or signal already used
2026-09-05,02:35:01 GMT,SENTINEL V6 MULTI-WINDOW SCAN >>>
2026-09-05,02:35:01 GMT,V6.2 DIAG | 2 0 11 0.19999999999999996 0.028571428571428567 -0.2 -0.06666666666666667 -0.5 0.35000000000000003 -0.45 6 2 1 1 0 0 15 0
2026-09-05,02:35:01 GMT,V6.2 BLOCK - final pressure/veto/active/timing gate failed or signal already used
2026-09-05,02:35:01 GMT,SENTINEL V6 MULTI-WINDOW SCAN >>>
2026-09-05,02:35:01 GMT,V6.2 DIAG | 2 0 11 0.09999999999999998 0.05714285714285714 -0.09999999999999998 -0.13333333333333336 -0.75 0.35000000000000003 -0.5 5 3 1 1 1 0 15 0
2026-09-05,02:35:00 GMT,V6.2 BLOCK - final pressure/veto/active/timing gate failed or signal already used
2026-09-05,02:35:00 GMT,SENTINEL V6 MULTI-WINDOW SCAN >>>
2026-09-05,02:35:00 GMT,V6.2 DIAG | 0 0 11 0.09999999999999998 0.05714285714285714 -0.09999999999999998 -0.13333333333333336 -0.75 0.35000000000000003 -0.5 5 3 1 1 1 0 15 0
2026-09-05,02:35:00 GMT,V6.2 BLOCK - final pressure/veto/active/timing gate failed or signal already used
2026-09-05,02:35:00 GMT,SENTINEL V6 MULTI-WINDOW SCAN >>>
2026-09-05,02:35:00 GMT,V6.2 DIAG | 8 0 7 -0.050000000000000044 0.028571428571428574 0.04999999999999999 -0.06666666666666668 -0.20000000000000004 0.35000000000000003 -0.5 4 4 1 1 0 0 15 0
2026-09-05,02:35:00 GMT,V6.2 BLOCK - final pressure/veto/active/timing gate failed or signal already used
2026-09-05,02:35:00 GMT,SENTINEL V6 MULTI-WINDOW SCAN >>>
2026-09-05,02:35:00 GMT,V6.2 DIAG | 0 0 7 0.04999999999999993 0 -0.04999999999999999 0 -0.20000000000000004 -0.15 0.30000000000000004 5 3 0 0 0 0 15 0
2026-09-05,02:35:00 GMT,V6.2 BLOCK - final pressure/veto/active/timing gate failed or signal already used
2026-09-05,02:35:00 GMT,SENTINEL V6 MULTI-WINDOW SCAN >>>
2026-09-05,02:35:00 GMT,V6.2 DIAG | 0 0 5 0.04999999999999993 0 -0.04999999999999999 0 -0.20000000000000004 -0.15 0.30000000000000004 4 4 0 0 0 0 15 0
2026-09-05,02:35:00 GMT,V6.2 BLOCK - final pressure/veto/active/timing gate failed or signal already used
2026-09-05,02:35:00 GMT,SENTINEL V6 MULTI-WINDOW SCAN >>>
2026-09-05,02:35:00 GMT,V6.2 DIAG | 5 0 4 0.04999999999999993 -0.05714285714285714 -0.04999999999999999 0.13333333333333336 0.6 -0.15 0.30000000000000004 4 4 0 0 0 0 15 0
2026-09-05,02:35:00 GMT,V6.2 BLOCK - final pressure/veto/active/timing gate failed or signal already used
2026-09-05,02:35:00 GMT,SENTINEL V6 MULTI-WINDOW SCAN >>>
2026-09-05,02:35:00 GMT,V6.2 DIAG | 7 0 5 0.09999999999999998 -0.05714285714285714 -0.09999999999999998 0.13333333333333336 0.6 -0.2 0.30000000000000004 4 4 0 1 0 0 15 0
2026-09-05,02:34:52 GMT,V6.2 BLOCK - final pressure/veto/active/timing gate failed or signal already used
2026-09-05,02:34:52 GMT,SENTINEL V6 MULTI-WINDOW SCAN >>>
2026-09-05,02:34:52 GMT,V6.2 DIAG | 9 0 7 0.19999999999999996 -0.08571428571428572 -0.2 0.2 0.9 -0.2 0.30000000000000004 5 3 0 0 0 0 15 0
2026-09-05,02:34:52 GMT,V6.2 BLOCK - final pressure/veto/active/timing gate failed or signal already used
2026-09-05,02:34:52 GMT,SENTINEL V6 MULTI-WINDOW SCAN >>>
2026-09-05,02:34:52 GMT,V6.2 DIAG | 2 0 8 0.1499999999999999 -0.028571428571428567 -0.15000000000000002 0.06666666666666667 0.9 -0.2 -0.45 6 2 0 0 0 0 15 0
2026-09-05,02:34:52 GMT,V6.2 BLOCK - final pressure/veto/active/timing gate failed or signal already used
2026-09-05,02:34:52 GMT,SENTINEL V6 MULTI-WINDOW SCAN >>>
2026-09-05,02:34:52 GMT,V6.2 DIAG | 7 0 7 0.04999999999999993 0 -0.04999999999999999 0 0.9 -0.25 -0.7000000000000001 6 2 0 1 0 0 15 0
2026-09-05,02:34:52 GMT,V6.2 BLOCK - final pressure/veto/active/timing gate failed or signal already used
2026-09-05,02:34:52 GMT,SENTINEL V6 MULTI-WINDOW SCAN >>>
2026-09-05,02:34:52 GMT,V6.2 DIAG | 3 0 9 0 0.05714285714285714 0 -0.13333333333333336 0.4 -0.5 -0.7000000000000001 6 2 0 0 0 0 15 0
2026-09-05,02:34:52 GMT,V6.2 BLOCK - final pressure/veto/active/timing gate failed or signal already used
2026-09-05,02:34:52 GMT,SENTINEL V6 MULTI-WINDOW SCAN >>>
2026-09-05,02:34:52 GMT,V6.2 DIAG | 7 0 9 0 0.05714285714285714 0 -0.13333333333333336 0.4 -0.5 -0.7000000000000001 5 3 0 1 0 0 15 0
2026-09-05,02:34:51 GMT,V6.2 BLOCK - final pressure/veto/active/timing gate failed or signal already used
2026-09-05,02:34:51 GMT,SENTINEL V6 MULTI-WINDOW SCAN >>>
2026-09-05,02:34:51 GMT,V6.2 DIAG | 3 0 10 -0.050000000000000044 0.11428571428571428 0.050000000000000044 -0.26666666666666666 -0.1 -0.5 -0.95 5 3 1 1 0 0 15 0
2026-09-05,02:34:51 GMT,V6.2 BLOCK - final pressure/veto/active/timing gate failed or signal already used
2026-09-05,02:34:51 GMT,SENTINEL V6 MULTI-WINDOW SCAN >>>
2026-09-05,02:34:51 GMT,V6.2 DIAG | 5 0 10 -0.19999999999999996 0.08571428571428572 0.2 -0.2 -0.1 -0.75 -0.15000000000000002 5 3 1 1 0 0 15 0
2026-09-05,02:34:51 GMT,V6.2 BLOCK - final pressure/veto/active/timing gate failed or signal already used
2026-09-05,02:34:51 GMT,SENTINEL V6 MULTI-WINDOW SCAN >>>
2026-09-05,02:34:51 GMT,V6.2 DIAG | 0 0 7 -0.19999999999999996 0.028571428571428574 0.2 -0.06666666666666668 -0.1 -0.75 0.65 4 4 1 1 0 0 15 0
2026-09-05,02:34:51 GMT,V6.2 BLOCK - final pressure/veto/active/timing gate failed or signal already used
2026-09-05,02:34:51 GMT,SENTINEL V6 MULTI-WINDOW SCAN >>>
2026-09-05,02:34:51 GMT,V6.2 DIAG | 5 0 2 -0.29999999999999993 0 0.3 0 -0.15 -0.20000000000000004 0.65 3 5 2 1 0 0 15 0
2026-09-05,02:34:41 GMT,V6.2 BLOCK - final pressure/veto/active/timing gate failed or signal already used
2026-09-05,02:34:41 GMT,SENTINEL V6 MULTI-WINDOW SCAN >>>
2026-09-05,02:34:41 GMT,V6.2 DIAG | 5 0 2 -0.25 0 0.25 0 -0.2 -0.20000000000000004 0.65 3 5 2 1 0 0 15 0
2026-09-05,02:34:41 GMT,V6.2 BLOCK - final pressure/veto/active/timing gate failed or signal already used
2026-09-05,02:34:41 GMT,SENTINEL V6 MULTI-WINDOW SCAN >>>
2026-09-05,02:34:41 GMT,V6.2 DIAG | 9 0 2 -0.35000000000000003 -0.02857142857142857 0.35 0.06666666666666665 -0.45 -0.20000000000000004 1.4 2 6 3 1 0 0 15 0
2026-09-05,02:34:41 GMT,V6.2 BLOCK - final pressure/veto/active/timing gate failed or signal already used
2026-09-05,02:34:41 GMT,SENTINEL V6 MULTI-WINDOW SCAN >>>
2026-09-05,02:34:41 GMT,V6.2 DIAG | 9 0 1 -0.25 -0.05714285714285715 0.25 0.13333333333333333 -0.45 0.6 0.9 3 5 3 1 0 0 15 0
2026-09-05,02:34:41 GMT,V6.2 BLOCK - final pressure/veto/active/timing gate failed or signal already used
2026-09-05,02:34:41 GMT,SENTINEL V6 MULTI-WINDOW SCAN >>>
2026-09-05,02:34:41 GMT,V6.2 DIAG | 8 0 1 -0.25 0 0.25 0 -0.7000000000000001 0.6 0.35000000000000003 3 5 3 1 0 0 15 0
2026-09-05,02:34:40 GMT,V6.2 BLOCK - final pressure/veto/active/timing gate failed or signal already used
2026-09-05,02:34:40 GMT,SENTINEL V6 MULTI-WINDOW SCAN >>>
2026-09-05,02:34:40 GMT,V6.2 DIAG | 1 0 1 -0.29999999999999993 0 0.3 0 -0.7000000000000001 0.9 0.1 4 4 2 1 0 0 15 0
2026-09-05,02:34:40 GMT,V6.2 BLOCK - final pressure/veto/active/timing gate failed or signal already used
2026-09-05,02:34:40 GMT,SENTINEL V6 MULTI-WINDOW SCAN >>>
2026-09-05,02:34:40 GMT,V6.2 DIAG | 9 0 1 -0.29999999999999993 0 0.3 0 -0.7000000000000001 0.9 0.1 3 5 2 1 0 0 15 0
2026-09-05,02:34:40 GMT,V6.2 BLOCK - final pressure/veto/active/timing gate failed or signal already used
2026-09-05,02:34:40 GMT,SENTINEL V6 MULTI-WINDOW SCAN >>>
2026-09-05,02:34:40 GMT,V6.2 DIAG | 8 0 2 -0.19999999999999996 -0.028571428571428574 0.2 0.06666666666666668 0.1 0.9 -0.4 3 5 2 1 0 0 15 0
2026-09-05,02:34:40 GMT,V6.2 BLOCK - final pressure/veto/active/timing gate failed or signal already used
2026-09-05,02:34:40 GMT,SENTINEL V6 MULTI-WINDOW SCAN >>>
2026-09-05,02:34:40 GMT,V6.2 DIAG | 0 0 3 -0.09999999999999998 0 0.10000000000000003 0 0.1 0.4 -0.4 4 4 1 1 0 0 15 0
2026-09-05,02:34:39 GMT,V6.2 BLOCK - final pressure/veto/active/timing gate failed or signal already used
2026-09-05,02:34:39 GMT,SENTINEL V6 MULTI-WINDOW SCAN >>>
2026-09-05,02:34:39 GMT,V6.2 DIAG | 8 0 3 -0.050000000000000044 -0.05714285714285714 0.050000000000000044 0.13333333333333336 0.8500000000000001 0.4 -0.4 4 4 1 1 0 0 15 0
2026-09-05,02:34:39 GMT,V6.2 BLOCK - final pressure/veto/active/timing gate failed or signal already used
2026-09-05,02:34:39 GMT,SENTINEL V6 MULTI-WINDOW SCAN >>>
2026-09-05,02:34:39 GMT,V6.2 DIAG | 6 0 7 0.09999999999999998 -0.08571428571428572 -0.10000000000000003 0.2 0.8 -0.1 0.4 5 3 0 0 0 0 15 0
2026-09-05,02:34:39 GMT,V6.2 BLOCK - final pressure/veto/active/timing gate failed or signal already used
2026-09-05,02:34:39 GMT,SENTINEL V6 MULTI-WINDOW SCAN >>>
2026-09-05,02:34:39 GMT,V6.2 DIAG | 7 0 5 0 -0.05714285714285714 0 0.13333333333333336 0.8 -0.35000000000000003 0.35000000000000003 5 3 0 1 0 0 15 0
2026-09-05,02:34:39 GMT,V6.2 BLOCK - final pressure/veto/active/timing gate failed or signal already used
2026-09-05,02:34:39 GMT,SENTINEL V6 MULTI-WINDOW SCAN >>>
2026-09-05,02:34:39 GMT,V6.2 DIAG | 0 0 7 0.1499999999999999 -0.028571428571428567 -0.15000000000000002 0.06666666666666667 0.30000000000000004 -0.4 0.35000000000000003 6 2 0 0 0 0 15 0
2026-09-05,02:34:32 GMT,V6.2 BLOCK - final pressure/veto/active/timing gate failed or signal already used
2026-09-05,02:34:32 GMT,SENTINEL V6 MULTI-WINDOW SCAN >>>
2026-09-05,02:34:32 GMT,V6.2 DIAG | 7 0 7 0.1499999999999999 -0.028571428571428567 -0.15000000000000002 0.06666666666666667 0.30000000000000004 -0.4 0.35000000000000003 5 3 1 0 0 0 15 0
2026-09-05,02:34:31 GMT,V6.2 BLOCK - final pressure/veto/active/timing gate failed or signal already used
2026-09-05,02:34:31 GMT,SENTINEL V6 MULTI-WINDOW SCAN >>>
2026-09-05,02:34:31 GMT,V6.2 DIAG | 9 0 11 0.09999999999999998 0.028571428571428567 -0.10000000000000003 -0.06666666666666667 -0.2 -0.65 0.35000000000000003 6 2 1 1 0 0 15 0
2026-09-05,02:34:31 GMT,V6.2 BLOCK - final pressure/veto/active/timing gate failed or signal already used
2026-09-05,02:34:31 GMT,SENTINEL V6 MULTI-WINDOW SCAN >>>
2026-09-05,02:34:31 GMT,V6.2 DIAG | 4 0 12 0.20000000000000007 0.057142857142857134 -0.2 -0.13333333333333333 -0.2 -0.65 -0.15 7 1 1 0 1 0 15 0
2026-09-05,02:34:31 GMT,V6.2 BLOCK - final pressure/veto/active/timing gate failed or signal already used
2026-09-05,02:34:31 GMT,SENTINEL V6 MULTI-WINDOW SCAN >>>
2026-09-05,02:34:31 GMT,V6.2 DIAG | 4 0 7 0.20000000000000007 0 -0.2 0 -0.2 0.15000000000000002 -0.15 6 2 2 1 0 0 15 0
2026-09-05,02:34:30 GMT,V6.2 BLOCK - final pressure/veto/active/timing gate failed or signal already used
2026-09-05,02:34:30 GMT,SENTINEL V6 MULTI-WINDOW SCAN >>>
2026-09-05,02:34:30 GMT,V6.2 DIAG | 3 0 7 0.20000000000000007 0 -0.2 0 -0.2 0.15000000000000002 -0.15 6 2 2 1 0 0 15 0
2026-09-05,02:34:30 GMT,V6.2 BLOCK - final pressure/veto/active/timing gate failed or signal already used
2026-09-05,02:34:30 GMT,SENTINEL V6 MULTI-WINDOW SCAN >>>
2026-09-05,02:34:30 GMT,V6.2 DIAG | 2 0 7 0.20000000000000007 0 -0.2 0 -0.2 0.15000000000000002 -0.15 6 2 2 1 0 0 15 0
2026-09-05,02:34:30 GMT,V6.2 BLOCK - final pressure/veto/active/timing gate failed or signal already used
2026-09-05,02:34:30 GMT,SENTINEL V6 MULTI-WINDOW SCAN >>>
2026-09-05,02:34:30 GMT,V6.2 DIAG | 0 0 7 0.20000000000000007 -0.057142857142857134 -0.2 0.13333333333333333 -0.2 0.9500000000000001 -0.15 6 2 2 1 0 0 15 0
2026-09-05,02:34:29 GMT,V6.2 BLOCK - final pressure/veto/active/timing gate failed or signal already used
2026-09-05,02:34:29 GMT,SENTINEL V6 MULTI-WINDOW SCAN >>>
2026-09-05,02:34:29 GMT,V6.2 DIAG | 8 0 6 0.04999999999999993 -0.028571428571428567 -0.04999999999999999 0.06666666666666667 -0.45 0.9500000000000001 -0.15 6 2 2 1 0 0 15 0
2026-09-05,02:34:29 GMT,V6.2 BLOCK - final pressure/veto/active/timing gate failed or signal already used
2026-09-05,02:34:29 GMT,SENTINEL V6 MULTI-WINDOW SCAN >>>
2026-09-05,02:34:29 GMT,V6.2 DIAG | 0 0 9 0 0.028571428571428567 0 -0.06666666666666667 -0.7000000000000001 0.45 -0.15 7 1 1 1 0 0 15 0
2026-09-05,02:34:29 GMT,V6.2 BLOCK - final pressure/veto/active/timing gate failed or signal already used
2026-09-05,02:34:29 GMT,SENTINEL V6 MULTI-WINDOW SCAN >>>
2026-09-05,02:34:29 GMT,V6.2 DIAG | 1 0 9 -0.09999999999999998 0.05714285714285714 0.10000000000000003 -0.13333333333333336 -0.75 0.45 -0.4 6 2 1 1 0 0 15 0
2026-09-05,02:34:22 GMT,V6.2 BLOCK - final pressure/veto/active/timing gate failed or signal already used
2026-09-05,02:34:22 GMT,SENTINEL V6 MULTI-WINDOW SCAN >>>
2026-09-05,02:34:22 GMT,V6.2 DIAG | 8 0 9 -0.09999999999999998 0.05714285714285714 0.10000000000000003 -0.13333333333333336 -0.75 0.45 -0.4 5 3 1 1 0 0 15 0
2026-09-05,02:34:22 GMT,V6.2 BLOCK - final pressure/veto/active/timing gate failed or signal already used
2026-09-05,02:34:22 GMT,SENTINEL V6 MULTI-WINDOW SCAN >>>
2026-09-05,02:34:22 GMT,V6.2 DIAG | 5 0 10 -0.09999999999999998 0.11428571428571428 0.10000000000000003 -0.26666666666666666 -0.75 -0.05 -0.7000000000000001 5 3 0 1 0 0 15 0
2026-09-05,02:34:21 GMT,V6.2 BLOCK - final pressure/veto/active/timing gate failed or signal already used
2026-09-05,02:34:21 GMT,SENTINEL V6 MULTI-WINDOW SCAN >>>
2026-09-05,02:34:21 GMT,V6.2 DIAG | 2 0 10 -0.050000000000000044 0.05714285714285714 0.050000000000000044 -0.13333333333333336 0 -0.05 -0.7000000000000001 5 3 0 1 0 0 15 0
2026-09-05,02:34:21 GMT,V6.2 BLOCK - final pressure/veto/active/timing gate failed or signal already used
2026-09-05,02:34:21 GMT,SENTINEL V6 MULTI-WINDOW SCAN >>>
2026-09-05,02:34:21 GMT,V6.2 DIAG | 5 0 4 -0.050000000000000044 0 0.050000000000000044 0 0.8 -0.05 -0.7000000000000001 4 4 0 1 0 0 15 0
2026-09-05,02:34:21 GMT,V6.2 BLOCK - final pressure/veto/active/timing gate failed or signal already used
2026-09-05,02:34:21 GMT,SENTINEL V6 MULTI-WINDOW SCAN >>>
2026-09-05,02:34:21 GMT,V6.2 DIAG | 3 0 3 -0.050000000000000044 -0.05714285714285714 0.050000000000000044 0.13333333333333336 0.8 -0.05 0.1 4 4 0 1 0 0 15 0
2026-09-05,02:34:20 GMT,V6.2 BLOCK - final pressure/veto/active/timing gate failed or signal already used
2026-09-05,02:34:20 GMT,SENTINEL V6 MULTI-WINDOW SCAN >>>
2026-09-05,02:34:20 GMT,V6.2 DIAG | 4 0 3 -0.050000000000000044 -0.05714285714285714 0.050000000000000044 0.13333333333333336 0.8 -0.05 0.1 4 4 0 1 0 0 15 0
2026-09-05,02:34:20 GMT,V6.2 BLOCK - final pressure/veto/active/timing gate failed or signal already used
2026-09-05,02:34:20 GMT,SENTINEL V6 MULTI-WINDOW SCAN >>>
2026-09-05,02:34:20 GMT,V6.2 DIAG | 7 0 3 -0.19999999999999996 -0.08571428571428572 0.2 0.2 0.55 -0.05 0.9 4 4 0 1 0 0 15 0
2026-09-05,02:34:20 GMT,V6.2 BLOCK - final pressure/veto/active/timing gate failed or signal already used
2026-09-05,02:34:20 GMT,SENTINEL V6 MULTI-WINDOW SCAN >>>
2026-09-05,02:34:20 GMT,V6.2 DIAG | 7 0 6 -0.19999999999999996 -0.028571428571428574 0.2 0.06666666666666668 -0.25 -0.05 0.9 5 3 0 1 0 0 15 0
2026-09-05,02:34:19 GMT,V6.2 BLOCK - final pressure/veto/active/timing gate failed or signal already used
2026-09-05,02:34:19 GMT,SENTINEL V6 MULTI-WINDOW SCAN >>>
2026-09-05,02:34:19 GMT,V6.2 DIAG | 9 0 9 -0.19999999999999996 0.028571428571428574 0.2 -0.06666666666666668 -0.75 -0.1 0.65 5 3 0 1 0 0 15 0
2026-09-05,02:34:19 GMT,V6.2 BLOCK - final pressure/veto/active/timing gate failed or signal already used
2026-09-05,02:34:19 GMT,SENTINEL V6 MULTI-WINDOW SCAN >>>
2026-09-05,02:34:19 GMT,V6.2 DIAG | 6 0 9 -0.19999999999999996 0.08571428571428572 0.2 -0.2 -0.8 -0.35000000000000003 0.15000000000000002 5 3 0 1 0 0 15 0
2026-09-05,02:34:13 GMT,V6.2 BLOCK - final pressure/veto/active/timing gate failed or signal already used
2026-09-05,02:34:13 GMT,SENTINEL V6 MULTI-WINDOW SCAN >>>
2026-09-05,02:34:13 GMT,V6.2 DIAG | 9 0 7 -0.19999999999999996 0.08571428571428572 0.2 -0.2 -0.8 -0.35000000000000003 0.15000000000000002 4 4 0 1 0 0 15 0
2026-09-05,02:34:13 GMT,V6.2 BLOCK - final pressure/veto/active/timing gate failed or signal already used
2026-09-05,02:34:13 GMT,SENTINEL V6 MULTI-WINDOW SCAN >>>
2026-09-05,02:34:13 GMT,V6.2 DIAG | 6 0 8 -0.050000000000000044 0.05714285714285714 0.050000000000000044 -0.13333333333333336 0 -0.4 -0.35000000000000003 4 4 1 1 0 0 15 0
2026-09-05,02:34:12 GMT,V6.2 BLOCK - final pressure/veto/active/timing gate failed or signal already used
2026-09-05,02:34:12 GMT,SENTINEL V6 MULTI-WINDOW SCAN >>>
2026-09-05,02:34:12 GMT,V6.2 DIAG | 6 0 4 0 0 0 0 0.8 -0.4 -0.4 4 4 1 0 0 0 15 0
2026-09-05,02:34:12 GMT,V6.2 BLOCK - final pressure/veto/active/timing gate failed or signal already used
2026-09-05,02:34:12 GMT,SENTINEL V6 MULTI-WINDOW SCAN >>>
2026-09-05,02:34:12 GMT,V6.2 DIAG | 6 0 4 0.04999999999999993 -0.05714285714285714 -0.04999999999999999 0.13333333333333336 0.8 -0.45 0.4 4 4 1 0 0 0 15 0
2026-09-05,02:34:11 GMT,Loss amount: -2.42
2026-09-05,02:34:11 GMT,V6.2 DIAG | 6 0 3 0.04999999999999993 -0.11428571428571428 -0.04999999999999999 0.26666666666666666 0.8 0.35000000000000003 0.4 4 4 1 1 0 0 14 0
2026-09-05,02:34:11 GMT,V6.2 DIAG | 7 0 3 0.04999999999999993 -0.11428571428571428 -0.04999999999999999 0.26666666666666666 0.8 0.35000000000000003 0.4 4 4 1 1 0 0 14 0
2026-09-05,02:34:10 GMT,V6.2 DIAG | 7 0 6 0.1499999999999999 -0.08571428571428572 -0.15000000000000002 0.2 0.30000000000000004 0.35000000000000003 0.4 5 3 1 1 0 0 14 0
2026-09-05,02:34:10 GMT,V6.2 DIAG | 9 0 7 0.25 -0.057142857142857134 -0.25 0.13333333333333333 -0.2 0.35000000000000003 0.4 6 2 1 1 0 0 14 0
2026-09-05,02:34:10 GMT,Bought: (ID: 22522041439)
2026-09-05,02:34:08 GMT,SENTINEL V6 MULTI-WINDOW SCAN >>>
2026-09-05,02:34:08 GMT,V6.2 DIAG | 1 1 12 0.35 0.028571428571428567 -0.35 -0.06666666666666667 -0.5 -0.15 -0.1 8 0 0 0 1 1 14 1
2026-09-05,02:34:08 GMT,V6.2 BLOCK - final pressure/veto/active/timing gate failed or signal already used
2026-09-05,02:34:08 GMT,SENTINEL V6 MULTI-WINDOW SCAN >>>
2026-09-05,02:34:08 GMT,V6.2 DIAG | 1 1 12 0.35 0.028571428571428567 -0.35 -0.06666666666666667 -0.5 -0.15 -0.1 8 0 0 0 0 0 14 1
2026-09-05,02:34:01 GMT,V6.2 BLOCK - final pressure/veto/active/timing gate failed or signal already used
2026-09-05,02:34:01 GMT,SENTINEL V6 MULTI-WINDOW SCAN >>>
2026-09-05,02:34:01 GMT,V6.2 DIAG | 5 0 12 0.20000000000000007 0.057142857142857134 -0.2 -0.13333333333333333 -0.5 -0.15 -0.35000000000000003 7 1 0 0 0 0 14 1
2026-09-05,02:34:01 GMT,V6.2 BLOCK - final pressure/veto/active/timing gate failed or signal already used
2026-09-05,02:34:01 GMT,SENTINEL V6 MULTI-WINDOW SCAN >>>
2026-09-05,02:34:01 GMT,V6.2 DIAG | 1 0 12 0.09999999999999998 0.08571428571428572 -0.10000000000000003 -0.2 -0.8 -0.15 -0.35000000000000003 7 1 0 0 1 0 14 0
2026-09-05,02:34:01 GMT,V6.2 BLOCK - final pressure/veto/active/timing gate failed or signal already used
2026-09-05,02:34:01 GMT,SENTINEL V6 MULTI-WINDOW SCAN >>>
2026-09-05,02:34:01 GMT,V6.2 DIAG | 0 1 12 0.09999999999999998 0.08571428571428572 -0.10000000000000003 -0.2 -0.8 -0.15 -0.35000000000000003 6 2 0 0 1 0 14 0
2026-09-05,02:34:00 GMT,V6.2 BLOCK - final pressure/veto/active/timing gate failed or signal already used
2026-09-05,02:34:00 GMT,SENTINEL V6 MULTI-WINDOW SCAN >>>
2026-09-05,02:34:00 GMT,V6.2 DIAG | 0 0 12 0.1499999999999999 0.028571428571428567 -0.15000000000000002 -0.06666666666666667 0 -0.2 -0.35000000000000003 5 3 0 0 1 0 14 1
2026-09-05,02:34:00 GMT,V6.2 BLOCK - final pressure/veto/active/timing gate failed or signal already used
2026-09-05,02:34:00 GMT,SENTINEL V6 MULTI-WINDOW SCAN >>>
2026-09-05,02:34:00 GMT,V6.2 DIAG | 1 0 12 0.1499999999999999 0.028571428571428567 -0.15000000000000002 -0.06666666666666667 0 -0.2 -0.35000000000000003 5 3 0 0 1 0 14 0
2026-09-05,02:33:59 GMT,V6.2 BLOCK - final pressure/veto/active/timing gate failed or signal already used
2026-09-05,02:33:59 GMT,SENTINEL V6 MULTI-WINDOW SCAN >>>
2026-09-05,02:33:59 GMT,V6.2 DIAG | 5 0 8 0.1499999999999999 -0.028571428571428567 -0.15000000000000002 0.06666666666666667 0 -0.2 0.45 5 3 0 0 0 0 14 0
2026-09-05,02:33:59 GMT,V6.2 BLOCK - final pressure/veto/active/timing gate failed or signal already used
2026-09-05,02:33:59 GMT,SENTINEL V6 MULTI-WINDOW SCAN >>>
2026-09-05,02:33:59 GMT,V6.2 DIAG | 5 0 6 0.04999999999999993 -0.05714285714285714 -0.04999999999999999 0.13333333333333336 0.55 -0.2 0.4 5 3 0 1 0 0 14 0
2026-09-05,02:33:58 GMT,V6.2 BLOCK - final pressure/veto/active/timing gate failed or signal already used
2026-09-05,02:33:58 GMT,SENTINEL V6 MULTI-WINDOW SCAN >>>
2026-09-05,02:33:58 GMT,V6.2 DIAG | 7 0 5 -0.050000000000000044 -0.028571428571428574 0.04999999999999999 0.06666666666666668 0.55 -0.5 0.4 5 3 0 1 0 0 14 0
2026-09-05,02:33:58 GMT,V6.2 BLOCK - final pressure/veto/active/timing gate failed or signal already used
2026-09-05,02:33:58 GMT,SENTINEL V6 MULTI-WINDOW SCAN >>>
2026-09-05,02:33:58 GMT,V6.2 DIAG | 5 0 9 -0.09999999999999998 0.028571428571428574 0.09999999999999998 -0.06666666666666668 -0.20000000000000004 -0.5 0.4 5 3 0 1 0 0 14 0
2026-09-05,02:33:58 GMT,V6.2 BLOCK - final pressure/veto/active/timing gate failed or signal already used
2026-09-05,02:33:58 GMT,SENTINEL V6 MULTI-WINDOW SCAN >>>
2026-09-05,02:33:58 GMT,V6.2 DIAG | 9 0 7 -0.09999999999999998 0.028571428571428574 0.09999999999999998 -0.06666666666666668 -0.20000000000000004 -0.5 0.4 4 4 1 1 0 0 14 0
2026-09-05,02:33:54 GMT,V6.2 BLOCK - final pressure/veto/active/timing gate failed or signal already used
2026-09-05,02:33:54 GMT,SENTINEL V6 MULTI-WINDOW SCAN >>>
2026-09-05,02:33:54 GMT,V6.2 DIAG | 7 0 8 -0.15000000000000002 0.08571428571428572 0.15000000000000002 -0.2 -0.20000000000000004 -0.75 -0.1 4 4 1 1 0 0 14 0
2026-09-05,02:33:53 GMT,V6.2 BLOCK - final pressure/veto/active/timing gate failed or signal already used
2026-09-05,02:33:53 GMT,SENTINEL V6 MULTI-WINDOW SCAN >>>
2026-09-05,02:33:53 GMT,V6.2 DIAG | 3 0 9 -0.15000000000000002 0.08571428571428572 0.15000000000000002 -0.2 0.1 -0.75 -0.4 5 3 1 1 0 0 14 0
2026-09-05,02:33:53 GMT,V6.2 BLOCK - final pressure/veto/active/timing gate failed or signal already used
2026-09-05,02:33:53 GMT,SENTINEL V6 MULTI-WINDOW SCAN >>>
2026-09-05,02:33:53 GMT,V6.2 DIAG | 0 0 5 -0.29999999999999993 0.05714285714285715 0.3 -0.13333333333333333 0.1 -0.20000000000000004 -0.4 4 4 2 1 0 0 14 0
2026-09-05,02:33:53 GMT,V6.2 BLOCK - final pressure/veto/active/timing gate failed or signal already used
2026-09-05,02:33:53 GMT,SENTINEL V6 MULTI-WINDOW SCAN >>>
2026-09-05,02:33:53 GMT,V6.2 DIAG | 6 0 2 -0.29999999999999993 0 0.3 0 0.9 -0.20000000000000004 -0.4 3 5 2 1 0 0 14 0
2026-09-05,02:33:52 GMT,V6.2 BLOCK - final pressure/veto/active/timing gate failed or signal already used
2026-09-05,02:33:52 GMT,SENTINEL V6 MULTI-WINDOW SCAN >>>
2026-09-05,02:33:52 GMT,V6.2 DIAG | 6 0 2 -0.25 0 0.25 0 0.9 -0.20000000000000004 -0.45 2 6 3 1 0 0 14 0
2026-09-05,02:33:52 GMT,V6.2 BLOCK - final pressure/veto/active/timing gate failed or signal already used
2026-09-05,02:33:52 GMT,SENTINEL V6 MULTI-WINDOW SCAN >>>
2026-09-05,02:33:52 GMT,V6.2 DIAG | 7 0 1 -0.19999999999999996 -0.05714285714285715 0.19999999999999996 0.13333333333333333 0.8500000000000001 0.6 -0.45 2 6 3 1 0 0 14 0
2026-09-05,02:33:51 GMT,V6.2 BLOCK - final pressure/veto/active/timing gate failed or signal already used
2026-09-05,02:33:51 GMT,SENTINEL V6 MULTI-WINDOW SCAN >>>
2026-09-05,02:33:51 GMT,V6.2 DIAG | 8 0 1 -0.09999999999999998 -0.08571428571428572 0.09999999999999998 0.2 0.35000000000000003 0.6 0.35000000000000003 3 5 3 1 0 0 14 0
2026-09-05,02:33:51 GMT,Loss amount: -2.42
2026-09-05,02:33:51 GMT,V6.2 DIAG | 7 0 1 -0.09999999999999998 -0.08571428571428572 0.09999999999999998 0.2 0.1 0.9 0.30000000000000004 4 4 2 1 0 0 13 0
2026-09-05,02:33:50 GMT,V6.2 DIAG | 2 0 4 0 -0.05714285714285714 0 0.13333333333333336 -0.4 0.9 0.30000000000000004 5 3 2 1 0 0 13 0
2026-09-05,02:33:49 GMT,V6.2 DIAG | 8 0 3 0.04999999999999993 -0.05714285714285714 -0.04999999999999999 0.13333333333333336 -0.4 0.8500000000000001 0.30000000000000004 4 4 2 1 0 0 13 0
2026-09-05,02:33:48 GMT,V6.2 DIAG | 9 0 7 0.19999999999999996 -0.028571428571428567 -0.2 0.06666666666666667 -0.45 0.35000000000000003 0.30000000000000004 5 3 1 1 0 0 13 0
2026-09-05,02:33:48 GMT,Bought: (ID: 22521990339)
2026-09-05,02:33:41 GMT,SENTINEL V6 MULTI-WINDOW SCAN >>>
2026-09-05,02:33:41 GMT,V6.2 DIAG | 4 1 11 0.1499999999999999 0.028571428571428567 -0.15000000000000002 -0.06666666666666667 0.05000000000000002 -0.4 -0.2 6 2 0 0 1 1 13 1
2026-09-05,02:33:41 GMT,V6.2 BLOCK - final pressure/veto/active/timing gate failed or signal already used
2026-09-05,02:33:41 GMT,SENTINEL V6 MULTI-WINDOW SCAN >>>
2026-09-05,02:33:41 GMT,V6.2 DIAG | 3 0 11 0.1499999999999999 0.028571428571428567 -0.15000000000000002 -0.06666666666666667 0.05000000000000002 -0.4 -0.2 6 2 0 0 1 0 13 1
2026-09-05,02:33:40 GMT,V6.2 BLOCK - final pressure/veto/active/timing gate failed or signal already used
2026-09-05,02:33:40 GMT,SENTINEL V6 MULTI-WINDOW SCAN >>>
2026-09-05,02:33:40 GMT,V6.2 DIAG | 0 0 11 0.1499999999999999 0.028571428571428567 -0.15000000000000002 -0.06666666666666667 0.05000000000000002 -0.4 -0.2 5 3 1 0 1 0 13 0
2026-09-05,02:33:40 GMT,V6.2 BLOCK - final pressure/veto/active/timing gate failed or signal already used
2026-09-05,02:33:40 GMT,SENTINEL V6 MULTI-WINDOW SCAN >>>
2026-09-05,02:33:40 GMT,V6.2 DIAG | 7 0 7 0.04999999999999993 0 -0.04999999999999999 0 0.8500000000000001 -0.4 -0.5 5 3 1 1 0 0 13 0
2026-09-05,02:33:40 GMT,V6.2 BLOCK - final pressure/veto/active/timing gate failed or signal already used
2026-09-05,02:33:40 GMT,SENTINEL V6 MULTI-WINDOW SCAN >>>
2026-09-05,02:33:40 GMT,V6.2 DIAG | 0 0 9 0 0.05714285714285714 0 -0.13333333333333336 0.35000000000000003 -0.65 -0.5 6 2 1 0 0 0 13 0
2026-09-05,02:33:40 GMT,V6.2 BLOCK - final pressure/veto/active/timing gate failed or signal already used
2026-09-05,02:33:40 GMT,SENTINEL V6 MULTI-WINDOW SCAN >>>
2026-09-05,02:33:40 GMT,V6.2 DIAG | 1 0 5 0 0 0 0 0.35000000000000003 0.15000000000000002 -0.5 5 3 1 1 0 0 13 0
2026-09-05,02:33:31 GMT,V6.2 BLOCK - final pressure/veto/active/timing gate failed or signal already used
2026-09-05,02:33:31 GMT,SENTINEL V6 MULTI-WINDOW SCAN >>>
2026-09-05,02:33:31 GMT,V6.2 DIAG | 3 0 3 0.04999999999999993 0 -0.04999999999999999 0 0.35000000000000003 0.1 -0.5 4 4 2 0 0 0 13 0
2026-09-05,02:33:31 GMT,V6.2 BLOCK - final pressure/veto/active/timing gate failed or signal already used
2026-09-05,02:33:31 GMT,SENTINEL V6 MULTI-WINDOW SCAN >>>
2026-09-05,02:33:31 GMT,V6.2 DIAG | 7 0 4 0.09999999999999998 0 -0.09999999999999998 0 0.35000000000000003 0.1 -0.55 4 4 2 0 0 0 13 0
2026-09-05,02:33:31 GMT,V6.2 BLOCK - final pressure/veto/active/timing gate failed or signal already used
2026-09-05,02:33:31 GMT,SENTINEL V6 MULTI-WINDOW SCAN >>>
2026-09-05,02:33:31 GMT,V6.2 DIAG | 2 0 6 0.04999999999999993 0 -0.04999999999999999 0 -0.15 0.1 0 5 3 2 0 0 0 13 0
2026-09-05,02:33:30 GMT,V6.2 BLOCK - final pressure/veto/active/timing gate failed or signal already used
2026-09-05,02:33:30 GMT,SENTINEL V6 MULTI-WINDOW SCAN >>>
2026-09-05,02:33:30 GMT,V6.2 DIAG | 8 0 6 0.04999999999999993 -0.05714285714285714 -0.04999999999999999 0.13333333333333336 -0.15 0.9 0 5 3 2 1 0 0 13 0
2026-09-05,02:33:30 GMT,V6.2 BLOCK - final pressure/veto/active/timing gate failed or signal already used
2026-09-05,02:33:30 GMT,SENTINEL V6 MULTI-WINDOW SCAN >>>
2026-09-05,02:33:30 GMT,V6.2 DIAG | 6 0 8 0.19999999999999996 -0.028571428571428567 -0.2 0.06666666666666667 -0.15 0.35000000000000003 0 5 3 1 1 0 0 13 0
2026-09-05,02:33:30 GMT,V6.2 BLOCK - final pressure/veto/active/timing gate failed or signal already used
2026-09-05,02:33:30 GMT,SENTINEL V6 MULTI-WINDOW SCAN >>>
2026-09-05,02:33:30 GMT,V6.2 DIAG | 0 0 8 0.09999999999999998 0 -0.09999999999999998 0 -0.2 0.35000000000000003 -0.25 5 3 1 1 0 0 13 0
2026-09-05,02:33:30 GMT,V6.2 BLOCK - final pressure/veto/active/timing gate failed or signal already used
2026-09-05,02:33:30 GMT,SENTINEL V6 MULTI-WINDOW SCAN >>>
2026-09-05,02:33:30 GMT,V6.2 DIAG | 9 0 9 -0.050000000000000044 0.028571428571428574 0.04999999999999999 -0.06666666666666668 -0.45 0.35000000000000003 -0.25 5 3 1 1 0 0 13 0
2026-09-05,02:33:29 GMT,V6.2 BLOCK - final pressure/veto/active/timing gate failed or signal already used
2026-09-05,02:33:29 GMT,SENTINEL V6 MULTI-WINDOW SCAN >>>
2026-09-05,02:33:29 GMT,V6.2 DIAG | 8 0 7 0.09999999999999998 0 -0.09999999999999998 0 -0.5 0.35000000000000003 0.05000000000000002 5 3 1 1 0 0 13 0
2026-09-05,02:33:29 GMT,V6.2 BLOCK - final pressure/veto/active/timing gate failed or signal already used
2026-09-05,02:33:29 GMT,SENTINEL V6 MULTI-WINDOW SCAN >>>
2026-09-05,02:33:29 GMT,V6.2 DIAG | 4 0 12 0.09999999999999998 0.05714285714285714 -0.09999999999999998 -0.13333333333333336 -0.5 -0.2 -0.20000000000000004 5 3 0 1 1 0 13 0
2026-09-05,02:33:29 GMT,V6.2 BLOCK - final pressure/veto/active/timing gate failed or signal already used
2026-09-05,02:33:29 GMT,SENTINEL V6 MULTI-WINDOW SCAN >>>
2026-09-05,02:33:29 GMT,V6.2 DIAG | 2 0 12 0.14999999999999997 0.05714285714285714 -0.15000000000000002 -0.13333333333333336 -0.5 -0.25 -0.20000000000000004 5 3 0 0 1 0 13 0
2026-09-05,02:33:21 GMT,V6.2 BLOCK - final pressure/veto/active/timing gate failed or signal already used
2026-09-05,02:33:21 GMT,SENTINEL V6 MULTI-WINDOW SCAN >>>
2026-09-05,02:33:21 GMT,V6.2 DIAG | 6 0 7 0 0.028571428571428574 0 -0.06666666666666668 -0.5 -0.5 0.6 4 4 0 0 0 0 13 0
2026-09-05,02:33:21 GMT,V6.2 BLOCK - final pressure/veto/active/timing gate failed or signal already used
2026-09-05,02:33:21 GMT,SENTINEL V6 MULTI-WINDOW SCAN >>>
2026-09-05,02:33:21 GMT,V6.2 DIAG | 9 0 2 -0.15000000000000002 0 0.14999999999999997 0 0.05000000000000002 -0.5 0.6 4 4 0 1 0 0 13 0
2026-09-05,02:33:20 GMT,V6.2 BLOCK - final pressure/veto/active/timing gate failed or signal already used
2026-09-05,02:33:20 GMT,SENTINEL V6 MULTI-WINDOW SCAN >>>
2026-09-05,02:33:20 GMT,V6.2 DIAG | 1 0 6 -0.050000000000000044 0.028571428571428574 0.04999999999999999 -0.06666666666666668 0.05000000000000002 -0.5 0.1 4 4 1 1 0 0 13 0
2026-09-05,02:33:20 GMT,V6.2 BLOCK - final pressure/veto/active/timing gate failed or signal already used
2026-09-05,02:33:20 GMT,SENTINEL V6 MULTI-WINDOW SCAN >>>
2026-09-05,02:33:20 GMT,V6.2 DIAG | 4 0 3 -0.15000000000000002 0 0.14999999999999997 0 -0.20000000000000004 -0.55 0.9 3 5 1 1 0 0 13 0
2026-09-05,02:33:20 GMT,V6.2 BLOCK - final pressure/veto/active/timing gate failed or signal already used
2026-09-05,02:33:20 GMT,SENTINEL V6 MULTI-WINDOW SCAN >>>
2026-09-05,02:33:20 GMT,V6.2 DIAG | 9 0 3 -0.15000000000000002 0 0.14999999999999997 0 -0.20000000000000004 -0.55 0.9 3 5 1 1 0 0 13 0
2026-09-05,02:33:19 GMT,V6.2 BLOCK - final pressure/veto/active/timing gate failed or signal already used
2026-09-05,02:33:19 GMT,SENTINEL V6 MULTI-WINDOW SCAN >>>
2026-09-05,02:33:19 GMT,V6.2 DIAG | 7 0 3 -0.050000000000000044 -0.028571428571428574 0.04999999999999999 0.06666666666666668 -0.20000000000000004 0.25 0.4 3 5 1 1 0 0 13 0
2026-09-05,02:33:19 GMT,V6.2 BLOCK - final pressure/veto/active/timing gate failed or signal already used
2026-09-05,02:33:19 GMT,SENTINEL V6 MULTI-WINDOW SCAN >>>
2026-09-05,02:33:19 GMT,V6.2 DIAG | 0 0 3 0.04999999999999993 -0.05714285714285714 -0.04999999999999999 0.13333333333333336 0.1 0.25 0.4 4 4 1 1 0 0 13 0
2026-09-05,02:33:19 GMT,V6.2 BLOCK - final pressure/veto/active/timing gate failed or signal already used
2026-09-05,02:33:19 GMT,SENTINEL V6 MULTI-WINDOW SCAN >>>
2026-09-05,02:33:19 GMT,V6.2 DIAG | 9 0 2 -0.09999999999999998 -0.028571428571428574 0.09999999999999998 0.06666666666666668 0.1 0.25 0.15000000000000002 4 4 1 1 0 0 13 0
2026-09-05,02:33:18 GMT,V6.2 BLOCK - final pressure/veto/active/timing gate failed or signal already used
2026-09-05,02:33:18 GMT,SENTINEL V6 MULTI-WINDOW SCAN >>>
2026-09-05,02:33:18 GMT,V6.2 DIAG | 4 0 5 0 -0.05714285714285714 0 0.13333333333333336 0.9 0.25 -0.35000000000000003 5 3 1 1 0 0 13 0
2026-09-05,02:33:18 GMT,V6.2 BLOCK - final pressure/veto/active/timing gate failed or signal already used
2026-09-05,02:33:18 GMT,SENTINEL V6 MULTI-WINDOW SCAN >>>
2026-09-05,02:33:18 GMT,V6.2 DIAG | 8 0 4 0.04999999999999993 -0.05714285714285714 -0.04999999999999999 0.13333333333333336 0.8500000000000001 0.25 -0.35000000000000003 4 4 1 1 0 0 13 0
2026-09-05,02:33:18 GMT,V6.2 BLOCK - final pressure/veto/active/timing gate failed or signal already used
2026-09-05,02:33:18 GMT,SENTINEL V6 MULTI-WINDOW SCAN >>>
2026-09-05,02:33:18 GMT,V6.2 DIAG | 7 0 7 0.04999999999999993 0 -0.04999999999999999 0 0.8500000000000001 -0.5 -0.4 5 3 0 1 0 0 13 0
2026-09-05,02:33:11 GMT,V6.2 BLOCK - final pressure/veto/active/timing gate failed or signal already used
2026-09-05,02:33:11 GMT,SENTINEL V6 MULTI-WINDOW SCAN >>>
2026-09-05,02:33:11 GMT,V6.2 DIAG | 3 0 9 0 0.05714285714285714 0 -0.13333333333333336 0.35000000000000003 -0.5 -0.65 6 2 0 0 0 0 13 0
2026-09-05,02:33:11 GMT,V6.2 BLOCK - final pressure/veto/active/timing gate failed or signal already used
2026-09-05,02:33:11 GMT,SENTINEL V6 MULTI-WINDOW SCAN >>>
2026-09-05,02:33:11 GMT,V6.2 DIAG | 7 0 5 0 0 0 0 0.35000000000000003 -0.5 0.15000000000000002 5 3 1 1 0 0 13 0
2026-09-05,02:33:10 GMT,V6.2 BLOCK - final pressure/veto/active/timing gate failed or signal already used
2026-09-05,02:33:10 GMT,SENTINEL V6 MULTI-WINDOW SCAN >>>
2026-09-05,02:33:10 GMT,V6.2 DIAG | 3 0 11 0.09999999999999998 0.028571428571428567 -0.10000000000000003 -0.06666666666666667 -0.15 -0.5 0.15000000000000002 5 3 1 0 0 0 13 0
2026-09-05,02:33:10 GMT,V6.2 BLOCK - final pressure/veto/active/timing gate failed or signal already used
2026-09-05,02:33:10 GMT,SENTINEL V6 MULTI-WINDOW SCAN >>>
2026-09-05,02:33:10 GMT,V6.2 DIAG | 5 0 9 -0.050000000000000044 0.05714285714285714 0.050000000000000044 -0.13333333333333336 -0.15 -0.75 0.15000000000000002 5 3 1 1 0 0 13 0
2026-09-05,02:33:10 GMT,V6.2 BLOCK - final pressure/veto/active/timing gate failed or signal already used
2026-09-05,02:33:10 GMT,SENTINEL V6 MULTI-WINDOW SCAN >>>
2026-09-05,02:33:10 GMT,V6.2 DIAG | 3 0 8 -0.15000000000000002 0.028571428571428574 0.15000000000000002 -0.06666666666666668 -0.4 0.05000000000000002 0.1 5 3 1 1 0 0 13 0
2026-09-05,02:33:09 GMT,V6.2 BLOCK - final pressure/veto/active/timing gate failed or signal already used
2026-09-05,02:33:09 GMT,SENTINEL V6 MULTI-WINDOW SCAN >>>
2026-09-05,02:33:09 GMT,V6.2 DIAG | 9 0 2 -0.15000000000000002 -0.028571428571428574 0.15000000000000002 0.06666666666666668 -0.4 0.05000000000000002 0.9 4 4 2 1 0 0 13 0
2026-09-05,02:33:09 GMT,V6.2 BLOCK - final pressure/veto/active/timing gate failed or signal already used
2026-09-05,02:33:09 GMT,SENTINEL V6 MULTI-WINDOW SCAN >>>
2026-09-05,02:33:09 GMT,V6.2 DIAG | 0 0 5 -0.19999999999999996 0.028571428571428574 0.2 -0.06666666666666668 -0.65 0.05000000000000002 0.4 4 4 2 1 0 0 13 0
2026-09-05,02:33:08 GMT,V6.2 BLOCK - final pressure/veto/active/timing gate failed or signal already used
2026-09-05,02:33:08 GMT,SENTINEL V6 MULTI-WINDOW SCAN >>>
2026-09-05,02:33:08 GMT,V6.2 DIAG | 4 0 5 -0.29999999999999993 0.05714285714285715 0.3 -0.13333333333333333 -0.65 -0.20000000000000004 0.35000000000000003 4 4 2 1 0 0 13 0
2026-09-05,02:33:08 GMT,V6.2 BLOCK - final pressure/veto/active/timing gate failed or signal already used
2026-09-05,02:33:08 GMT,SENTINEL V6 MULTI-WINDOW SCAN >>>
2026-09-05,02:33:08 GMT,V6.2 DIAG | 8 0 4 -0.45 0.02857142857142857 0.44999999999999996 -0.06666666666666665 -0.65 0.35000000000000003 0.35000000000000003 3 5 2 1 0 0 13 0
2026-09-05,02:33:08 GMT,V6.2 BLOCK - final pressure/veto/active/timing gate failed or signal already used
2026-09-05,02:33:08 GMT,SENTINEL V6 MULTI-WINDOW SCAN >>>
2026-09-05,02:33:08 GMT,V6.2 DIAG | 9 0 1 -0.35 0 0.35 0 0.15000000000000002 -0.15000000000000002 0.35000000000000003 3 5 2 1 0 0 13 0
2026-09-05,02:33:01 GMT,V6.2 BLOCK - final pressure/veto/active/timing gate failed or signal already used
2026-09-05,02:33:01 GMT,SENTINEL V6 MULTI-WINDOW SCAN >>>
2026-09-05,02:33:01 GMT,V6.2 DIAG | 1 0 6 -0.25 0.028571428571428574 0.25 -0.06666666666666668 0.15000000000000002 -0.15000000000000002 -0.15 3 5 3 1 0 0 13 0
2026-09-05,02:33:01 GMT,V6.2 BLOCK - final pressure/veto/active/timing gate failed or signal already used
2026-09-05,02:33:01 GMT,SENTINEL V6 MULTI-WINDOW SCAN >>>
2026-09-05,02:33:01 GMT,V6.2 DIAG | 1 0 3 -0.19999999999999996 -0.028571428571428574 0.2 0.06666666666666668 0.9500000000000001 -0.15000000000000002 -0.2 3 5 3 1 0 0 13 0
2026-09-05,02:33:00 GMT,V6.2 BLOCK - final pressure/veto/active/timing gate failed or signal already used
2026-09-05,02:33:00 GMT,SENTINEL V6 MULTI-WINDOW SCAN >>>
2026-09-05,02:33:00 GMT,V6.2 DIAG | 8 0 1 -0.29999999999999993 -0.05714285714285715 0.3 0.13333333333333333 0.9500000000000001 0.35000000000000003 -0.2 3 5 3 1 0 0 13 0
2026-09-05,02:33:00 GMT,V6.2 BLOCK - final pressure/veto/active/timing gate failed or signal already used
2026-09-05,02:33:00 GMT,SENTINEL V6 MULTI-WINDOW SCAN >>>
2026-09-05,02:33:00 GMT,V6.2 DIAG | 7 0 2 -0.19999999999999996 -0.08571428571428572 0.2 0.2 0.9500000000000001 0.65 -0.2 4 4 2 1 0 0 13 0
2026-09-05,02:33:00 GMT,V6.2 BLOCK - final pressure/veto/active/timing gate failed or signal already used
2026-09-05,02:33:00 GMT,SENTINEL V6 MULTI-WINDOW SCAN >>>
2026-09-05,02:33:00 GMT,V6.2 DIAG | 5 0 2 -0.09999999999999998 -0.05714285714285714 0.10000000000000003 0.13333333333333336 0.45 0.65 -0.2 4 4 3 1 0 0 13 0
2026-09-05,02:32:59 GMT,V6.2 BLOCK - final pressure/veto/active/timing gate failed or signal already used
2026-09-05,02:32:59 GMT,SENTINEL V6 MULTI-WINDOW SCAN >>>
2026-09-05,02:32:59 GMT,V6.2 DIAG | 7 0 2 -0.09999999999999998 -0.05714285714285714 0.10000000000000003 0.13333333333333336 0.45 0.65 -0.2 4 4 3 1 0 0 13 0
2026-09-05,02:32:59 GMT,V6.2 BLOCK - final pressure/veto/active/timing gate failed or signal already used
2026-09-05,02:32:59 GMT,SENTINEL V6 MULTI-WINDOW SCAN >>>
2026-09-05,02:32:59 GMT,V6.2 DIAG | 8 0 5 0 -0.028571428571428567 0 0.06666666666666667 -0.05 0.65 -0.2 5 3 3 1 0 0 13 0
2026-09-05,02:32:58 GMT,V6.2 BLOCK - final pressure/veto/active/timing gate failed or signal already used
2026-09-05,02:32:58 GMT,SENTINEL V6 MULTI-WINDOW SCAN >>>
2026-09-05,02:32:58 GMT,V6.2 DIAG | 8 0 7 0.10000000000000009 -0.057142857142857134 -0.09999999999999998 0.13333333333333333 -0.05 0.9500000000000001 -0.2 6 2 2 1 0 0 13 0
2026-09-05,02:32:58 GMT,V6.2 BLOCK - final pressure/veto/active/timing gate failed or signal already used
2026-09-05,02:32:58 GMT,SENTINEL V6 MULTI-WINDOW SCAN >>>
2026-09-05,02:32:58 GMT,V6.2 DIAG | 4 0 8 0.050000000000000044 0 -0.04999999999999999 0 -0.30000000000000004 0.45 -0.2 7 1 1 1 0 0 13 0
2026-09-05,02:32:58 GMT,V6.2 BLOCK - final pressure/veto/active/timing gate failed or signal already used
2026-09-05,02:32:58 GMT,SENTINEL V6 MULTI-WINDOW SCAN >>>
2026-09-05,02:32:58 GMT,V6.2 DIAG | 4 0 9 -0.050000000000000044 0.028571428571428567 0.04999999999999999 -0.06666666666666667 -0.30000000000000004 0.45 -0.5 7 1 1 1 0 0 13 0
2026-09-05,02:32:51 GMT,V6.2 BLOCK - final pressure/veto/active/timing gate failed or signal already used
2026-09-05,02:32:51 GMT,SENTINEL V6 MULTI-WINDOW SCAN >>>
2026-09-05,02:32:51 GMT,V6.2 DIAG | 0 0 9 -0.050000000000000044 0.028571428571428567 0.04999999999999999 -0.06666666666666667 -0.30000000000000004 0.45 -0.5 6 2 1 1 0 0 13 0
2026-09-05,02:32:51 GMT,V6.2 BLOCK - final pressure/veto/active/timing gate failed or signal already used
2026-09-05,02:32:51 GMT,SENTINEL V6 MULTI-WINDOW SCAN >>>
2026-09-05,02:32:51 GMT,V6.2 DIAG | 8 0 9 -0.050000000000000044 0.028571428571428567 0.04999999999999999 -0.06666666666666667 -0.30000000000000004 0.45 -0.5 5 3 1 1 0 0 13 0
2026-09-05,02:32:50 GMT,V6.2 BLOCK - final pressure/veto/active/timing gate failed or signal already used
2026-09-05,02:32:50 GMT,SENTINEL V6 MULTI-WINDOW SCAN >>>
2026-09-05,02:32:50 GMT,V6.2 DIAG | 2 0 12 0.050000000000000044 0.057142857142857134 -0.04999999999999999 -0.13333333333333333 -0.30000000000000004 -0.05 -0.5 6 2 0 0 1 0 13 0
2026-09-05,02:32:50 GMT,V6.2 BLOCK - final pressure/veto/active/timing gate failed or signal already used
2026-09-05,02:32:50 GMT,SENTINEL V6 MULTI-WINDOW SCAN >>>
2026-09-05,02:32:50 GMT,V6.2 DIAG | 0 0 8 0.050000000000000044 0 -0.04999999999999999 0 0.5 -0.05 -0.5 6 2 0 0 0 0 13 0
2026-09-05,02:32:50 GMT,V6.2 BLOCK - final pressure/veto/active/timing gate failed or signal already used
2026-09-05,02:32:50 GMT,SENTINEL V6 MULTI-WINDOW SCAN >>>
2026-09-05,02:32:50 GMT,V6.2 DIAG | 2 0 5 -0.050000000000000044 -0.028571428571428567 0.04999999999999999 0.06666666666666667 0.45 -0.05 0.05000000000000002 6 2 0 1 0 0 13 0
2026-09-05,02:32:49 GMT,V6.2 BLOCK - final pressure/veto/active/timing gate failed or signal already used
2026-09-05,02:32:49 GMT,SENTINEL V6 MULTI-WINDOW SCAN >>>
2026-09-05,02:32:49 GMT,V6.2 DIAG | 4 0 5 -0.050000000000000044 -0.028571428571428567 0.04999999999999999 0.06666666666666667 0.45 -0.05 0.05000000000000002 6 2 0 1 0 0 13 0
2026-09-05,02:32:49 GMT,V6.2 BLOCK - final pressure/veto/active/timing gate failed or signal already used
2026-09-05,02:32:49 GMT,SENTINEL V6 MULTI-WINDOW SCAN >>>
2026-09-05,02:32:49 GMT,V6.2 DIAG | 2 0 6 0 -0.028571428571428567 0 0.06666666666666667 0.45 -0.05 0 5 3 0 1 0 0 13 0
2026-09-05,02:32:48 GMT,V6.2 BLOCK - final pressure/veto/active/timing gate failed or signal already used
2026-09-05,02:32:48 GMT,SENTINEL V6 MULTI-WINDOW SCAN >>>
2026-09-05,02:32:48 GMT,V6.2 DIAG | 7 0 6 -0.09999999999999998 0 0.10000000000000003 0 0.45 -0.05 -0.30000000000000004 5 3 0 1 0 0 13 0
2026-09-05,02:32:48 GMT,V6.2 BLOCK - final pressure/veto/active/timing gate failed or signal already used
2026-09-05,02:32:48 GMT,SENTINEL V6 MULTI-WINDOW SCAN >>>
2026-09-05,02:32:48 GMT,V6.2 DIAG | 9 1 10 0 0.028571428571428567 0 -0.06666666666666667 -0.05 -0.05 -0.30000000000000004 6 2 0 1 0 0 13 0
2026-09-05,02:32:48 GMT,V6.2 BLOCK - final pressure/veto/active/timing gate failed or signal already used
2026-09-05,02:32:48 GMT,SENTINEL V6 MULTI-WINDOW SCAN >>>
2026-09-05,02:32:48 GMT,V6.2 DIAG | 1 0 9 0.15000000000000002 0 -0.14999999999999997 0 -0.05 -0.05 -0.04999999999999999 6 2 0 0 0 0 13 1
2026-09-05,02:32:42 GMT,V6.2 BLOCK - final pressure/veto/active/timing gate failed or signal already used
2026-09-05,02:32:42 GMT,SENTINEL V6 MULTI-WINDOW SCAN >>>
2026-09-05,02:32:42 GMT,V6.2 DIAG | 2 0 9 0.15000000000000002 0 -0.14999999999999997 0 -0.05 -0.05 -0.04999999999999999 6 2 0 0 0 0 13 0
2026-09-05,02:32:42 GMT,V6.2 BLOCK - final pressure/veto/active/timing gate failed or signal already used
2026-09-05,02:32:42 GMT,SENTINEL V6 MULTI-WINDOW SCAN >>>
2026-09-05,02:32:42 GMT,V6.2 DIAG | 2 0 10 0 0.028571428571428567 0 -0.06666666666666667 -0.05 -0.05 -0.30000000000000004 6 2 0 0 0 0 13 0
2026-09-05,02:32:41 GMT,V6.2 BLOCK - final pressure/veto/active/timing gate failed or signal already used
2026-09-05,02:32:41 GMT,SENTINEL V6 MULTI-WINDOW SCAN >>>
2026-09-05,02:32:41 GMT,V6.2 DIAG | 4 0 6 -0.09999999999999998 0 0.10000000000000003 0 -0.05 -0.30000000000000004 0.45 6 2 0 1 0 0 13 0
2026-09-05,02:32:41 GMT,V6.2 BLOCK - final pressure/veto/active/timing gate failed or signal already used
2026-09-05,02:32:41 GMT,SENTINEL V6 MULTI-WINDOW SCAN >>>
2026-09-05,02:32:41 GMT,V6.2 DIAG | 9 0 6 -0.09999999999999998 0 0.10000000000000003 0 -0.05 -0.30000000000000004 0.45 5 3 0 1 0 0 13 0
2026-09-05,02:32:40 GMT,V6.2 BLOCK - final pressure/veto/active/timing gate failed or signal already used
2026-09-05,02:32:40 GMT,SENTINEL V6 MULTI-WINDOW SCAN >>>
2026-09-05,02:32:40 GMT,V6.2 DIAG | 6 0 11 0.04999999999999993 0.028571428571428567 -0.04999999999999999 -0.06666666666666667 -0.1 -0.30000000000000004 -0.04999999999999999 5 3 1 0 0 0 13 0
2026-09-05,02:32:40 GMT,V6.2 BLOCK - final pressure/veto/active/timing gate failed or signal already used
2026-09-05,02:32:40 GMT,SENTINEL V6 MULTI-WINDOW SCAN >>>
2026-09-05,02:32:40 GMT,V6.2 DIAG | 5 0 11 0.04999999999999993 0.028571428571428567 -0.04999999999999999 -0.06666666666666667 -0.1 -0.30000000000000004 -0.04999999999999999 5 3 1 0 0 0 13 0
2026-09-05,02:32:39 GMT,V6.2 BLOCK - final pressure/veto/active/timing gate failed or signal already used
2026-09-05,02:32:39 GMT,SENTINEL V6 MULTI-WINDOW SCAN >>>
2026-09-05,02:32:39 GMT,V6.2 DIAG | 9 0 7 0.04999999999999993 -0.028571428571428567 -0.04999999999999999 0.06666666666666667 -0.1 -0.30000000000000004 0.75 5 3 1 1 0 0 13 0
2026-09-05,02:32:39 GMT,V6.2 BLOCK - final pressure/veto/active/timing gate failed or signal already used
2026-09-05,02:32:39 GMT,SENTINEL V6 MULTI-WINDOW SCAN >>>
2026-09-05,02:32:39 GMT,V6.2 DIAG | 4 0 7 0.15000000000000002 -0.057142857142857134 -0.14999999999999997 0.13333333333333333 -0.1 0.5 0.25 6 2 1 1 0 0 13 0
2026-09-05,02:32:38 GMT,V6.2 BLOCK - final pressure/veto/active/timing gate failed or signal already used
2026-09-05,02:32:38 GMT,SENTINEL V6 MULTI-WINDOW SCAN >>>
2026-09-05,02:32:38 GMT,V6.2 DIAG | 3 0 7 0.20000000000000007 -0.057142857142857134 -0.2 0.13333333333333333 -0.1 0.45 0.25 6 2 1 1 0 0 13 0
2026-09-05,02:32:38 GMT,Loss amount: -2.42
2026-09-05,02:32:38 GMT,V6.2 DIAG | 3 0 7 0.04999999999999993 -0.028571428571428567 -0.04999999999999999 0.06666666666666667 -0.1 0.45 0 6 2 1 1 0 0 12 0
2026-09-05,02:32:37 GMT,V6.2 DIAG | 9 0 7 0.04999999999999993 -0.028571428571428567 -0.04999999999999999 0.06666666666666667 -0.1 0.45 0 6 2 1 1 0 0 12 0
2026-09-05,02:32:32 GMT,V6.2 DIAG | 8 0 8 0.15000000000000002 0 -0.14999999999999997 0 -0.1 0.45 -0.5 6 2 1 1 0 0 12 0
2026-09-05,02:32:32 GMT,V6.2 DIAG | 4 0 12 0.30000000000000004 0.028571428571428567 -0.30000000000000004 -0.06666666666666667 -0.1 -0.1 -0.5 7 1 0 0 1 0 12 0
2026-09-05,02:32:32 GMT,Bought: (ID: 22521849139)
2026-09-05,02:32:30 GMT,SENTINEL V6 MULTI-WINDOW SCAN >>>
2026-09-05,02:32:30 GMT,V6.2 DIAG | 1 1 12 0.30000000000000004 0.028571428571428567 -0.30000000000000004 -0.06666666666666667 -0.1 -0.1 -0.5 7 1 0 0 1 1 12 1
2026-09-05,02:32:29 GMT,V6.2 BLOCK - final pressure/veto/active/timing gate failed or signal already used
2026-09-05,02:32:29 GMT,SENTINEL V6 MULTI-WINDOW SCAN >>>
2026-09-05,02:32:29 GMT,V6.2 DIAG | 3 0 8 0.20000000000000007 0 -0.2 0 -0.4 -0.1 0.30000000000000004 7 1 0 0 0 0 12 1
2026-09-05,02:32:29 GMT,V6.2 BLOCK - final pressure/veto/active/timing gate failed or signal already used
2026-09-05,02:32:29 GMT,SENTINEL V6 MULTI-WINDOW SCAN >>>
2026-09-05,02:32:29 GMT,V6.2 DIAG | 5 0 8 0.20000000000000007 0 -0.2 0 -0.4 -0.1 0.30000000000000004 7 1 0 0 0 0 12 0
2026-09-05,02:32:29 GMT,V6.2 BLOCK - final pressure/veto/active/timing gate failed or signal already used
2026-09-05,02:32:29 GMT,SENTINEL V6 MULTI-WINDOW SCAN >>>
2026-09-05,02:32:29 GMT,V6.2 DIAG | 5 0 10 0.04999999999999993 0.028571428571428567 -0.04999999999999999 -0.06666666666666667 -0.4 -0.1 0.05000000000000002 6 2 0 1 0 0 12 0
2026-09-05,02:32:28 GMT,V6.2 BLOCK - final pressure/veto/active/timing gate failed or signal already used
2026-09-05,02:32:28 GMT,SENTINEL V6 MULTI-WINDOW SCAN >>>
2026-09-05,02:32:28 GMT,V6.2 DIAG | 1 0 10 -0.09999999999999998 0.05714285714285714 0.10000000000000003 -0.13333333333333336 -0.4 -0.1 -0.20000000000000004 6 2 0 1 0 0 12 0
2026-09-05,02:32:28 GMT,V6.2 BLOCK - final pressure/veto/active/timing gate failed or signal already used
2026-09-05,02:32:28 GMT,SENTINEL V6 MULTI-WINDOW SCAN >>>
2026-09-05,02:32:28 GMT,V6.2 DIAG | 9 0 10 -0.050000000000000044 0.05714285714285714 0.050000000000000044 -0.13333333333333336 -0.4 -0.15 -0.20000000000000004 5 3 0 1 0 0 12 0
2026-09-05,02:32:28 GMT,V6.2 BLOCK - final pressure/veto/active/timing gate failed or signal already used
2026-09-05,02:32:28 GMT,SENTINEL V6 MULTI-WINDOW SCAN >>>
2026-09-05,02:32:28 GMT,V6.2 DIAG | 6 0 9 -0.09999999999999998 0.05714285714285714 0.10000000000000003 -0.13333333333333336 0.4 -0.15 -0.95 5 3 0 1 0 0 12 0
2026-09-05,02:32:21 GMT,V6.2 BLOCK - final pressure/veto/active/timing gate failed or signal already used
2026-09-05,02:32:21 GMT,SENTINEL V6 MULTI-WINDOW SCAN >>>
2026-09-05,02:32:21 GMT,V6.2 DIAG | 3 0 9 -0.09999999999999998 0.05714285714285714 0.10000000000000003 -0.13333333333333336 0.4 -0.15 -0.95 5 3 0 1 0 0 12 0
2026-09-05,02:32:21 GMT,V6.2 BLOCK - final pressure/veto/active/timing gate failed or signal already used
2026-09-05,02:32:21 GMT,SENTINEL V6 MULTI-WINDOW SCAN >>>
2026-09-05,02:32:21 GMT,V6.2 DIAG | 6 0 4 -0.09999999999999998 0 0.10000000000000003 0 0.4 -0.15 -0.15000000000000002 4 4 0 1 0 0 12 0
2026-09-05,02:32:20 GMT,V6.2 BLOCK - final pressure/veto/active/timing gate failed or signal already used
2026-09-05,02:32:20 GMT,SENTINEL V6 MULTI-WINDOW SCAN >>>
2026-09-05,02:32:20 GMT,V6.2 DIAG | 5 0 3 -0.19999999999999996 -0.028571428571428574 0.2 0.06666666666666668 0.4 -0.2 0.4 4 4 0 1 0 0 12 0
2026-09-05,02:32:20 GMT,V6.2 BLOCK - final pressure/veto/active/timing gate failed or signal already used
2026-09-05,02:32:20 GMT,SENTINEL V6 MULTI-WINDOW SCAN >>>
2026-09-05,02:32:20 GMT,V6.2 DIAG | 7 0 3 -0.19999999999999996 -0.028571428571428574 0.2 0.06666666666666668 0.4 -0.2 0.4 4 4 0 1 0 0 12 0
2026-09-05,02:32:20 GMT,V6.2 BLOCK - final pressure/veto/active/timing gate failed or signal already used
2026-09-05,02:32:20 GMT,SENTINEL V6 MULTI-WINDOW SCAN >>>
2026-09-05,02:32:20 GMT,V6.2 DIAG | 5 0 4 -0.25 -0.028571428571428574 0.25 0.06666666666666668 -0.35000000000000003 -0.2 1.2 4 4 0 1 0 0 12 0
2026-09-05,02:32:19 GMT,V6.2 BLOCK - final pressure/veto/active/timing gate failed or signal already used
2026-09-05,02:32:19 GMT,SENTINEL V6 MULTI-WINDOW SCAN >>>
2026-09-05,02:32:19 GMT,V6.2 DIAG | 9 0 4 -0.25 -0.028571428571428574 0.25 0.06666666666666668 -0.35000000000000003 -0.2 1.2 4 4 0 1 0 0 12 0
2026-09-05,02:32:19 GMT,V6.2 BLOCK - final pressure/veto/active/timing gate failed or signal already used
2026-09-05,02:32:19 GMT,SENTINEL V6 MULTI-WINDOW SCAN >>>
2026-09-05,02:32:19 GMT,V6.2 DIAG | 9 0 4 -0.09999999999999998 0 0.10000000000000003 0 -0.35000000000000003 -0.2 0.65 4 4 0 1 0 0 12 0
2026-09-05,02:32:18 GMT,V6.2 BLOCK - final pressure/veto/active/timing gate failed or signal already used
2026-09-05,02:32:18 GMT,SENTINEL V6 MULTI-WINDOW SCAN >>>
2026-09-05,02:32:18 GMT,V6.2 DIAG | 0 0 6 0 -0.028571428571428567 0 0.06666666666666667 -0.35000000000000003 -0.2 0.9500000000000001 5 3 0 1 0 0 12 0
2026-09-05,02:32:18 GMT,V6.2 BLOCK - final pressure/veto/active/timing gate failed or signal already used
2026-09-05,02:32:18 GMT,SENTINEL V6 MULTI-WINDOW SCAN >>>
2026-09-05,02:32:18 GMT,V6.2 DIAG | 9 0 6 -0.09999999999999998 0 0.10000000000000003 0 -0.35000000000000003 -0.45 0.9 5 3 0 1 0 0 12 0
2026-09-05,02:32:18 GMT,V6.2 BLOCK - final pressure/veto/active/timing gate failed or signal already used
2026-09-05,02:32:18 GMT,SENTINEL V6 MULTI-WINDOW SCAN >>>
2026-09-05,02:32:18 GMT,V6.2 DIAG | 5 0 5 0 -0.028571428571428567 0 0.06666666666666667 0.45 -0.45 0.4 6 2 0 0 0 0 12 0
2026-09-05,02:32:12 GMT,V6.2 BLOCK - final pressure/veto/active/timing gate failed or signal already used
2026-09-05,02:32:12 GMT,SENTINEL V6 MULTI-WINDOW SCAN >>>
2026-09-05,02:32:12 GMT,V6.2 DIAG | 2 0 5 0 -0.028571428571428567 0 0.06666666666666667 0.45 -0.45 0.4 5 3 1 0 0 0 12 0
2026-09-05,02:32:11 GMT,V6.2 BLOCK - final pressure/veto/active/timing gate failed or signal already used
2026-09-05,02:32:11 GMT,SENTINEL V6 MULTI-WINDOW SCAN >>>
2026-09-05,02:32:11 GMT,V6.2 DIAG | 9 0 5 0 -0.028571428571428567 0 0.06666666666666667 0.45 -0.45 0.4 5 3 1 1 0 0 12 0
2026-09-05,02:32:11 GMT,V6.2 BLOCK - final pressure/veto/active/timing gate failed or signal already used
2026-09-05,02:32:11 GMT,SENTINEL V6 MULTI-WINDOW SCAN >>>
2026-09-05,02:32:11 GMT,V6.2 DIAG | 1 0 9 -0.050000000000000044 0.028571428571428567 0.04999999999999999 -0.06666666666666667 0.45 -0.7000000000000001 -0.1 6 2 1 1 0 0 12 0
2026-09-05,02:32:11 GMT,V6.2 BLOCK - final pressure/veto/active/timing gate failed or signal already used
2026-09-05,02:32:11 GMT,SENTINEL V6 MULTI-WINDOW SCAN >>>
2026-09-05,02:32:11 GMT,V6.2 DIAG | 7 0 5 -0.050000000000000044 -0.028571428571428567 0.04999999999999999 0.06666666666666667 0.45 0.1 -0.1 6 2 1 1 0 0 12 0
2026-09-05,02:32:10 GMT,V6.2 BLOCK - final pressure/veto/active/timing gate failed or signal already used
2026-09-05,02:32:10 GMT,SENTINEL V6 MULTI-WINDOW SCAN >>>
2026-09-05,02:32:10 GMT,V6.2 DIAG | 1 0 8 -0.10000000000000009 0.028571428571428567 0.09999999999999998 -0.06666666666666667 -0.30000000000000004 0.1 -0.1 6 2 2 1 0 0 12 0
2026-09-05,02:32:10 GMT,V6.2 BLOCK - final pressure/veto/active/timing gate failed or signal already used
2026-09-05,02:32:10 GMT,SENTINEL V6 MULTI-WINDOW SCAN >>>
2026-09-05,02:32:10 GMT,V6.2 DIAG | 6 0 8 -0.050000000000000044 0.028571428571428567 0.04999999999999999 -0.06666666666666667 -0.30000000000000004 0.05000000000000002 -0.1 6 2 2 1 0 0 12 0
2026-09-05,02:32:10 GMT,V6.2 BLOCK - final pressure/veto/active/timing gate failed or signal already used
2026-09-05,02:32:10 GMT,SENTINEL V6 MULTI-WINDOW SCAN >>>
2026-09-05,02:32:10 GMT,V6.2 DIAG | 5 0 8 -0.050000000000000044 0.028571428571428567 0.04999999999999999 -0.06666666666666667 -0.30000000000000004 0.05000000000000002 -0.1 5 3 2 1 0 0 12 0
2026-09-05,02:32:09 GMT,V6.2 BLOCK - final pressure/veto/active/timing gate failed or signal already used
2026-09-05,02:32:09 GMT,SENTINEL V6 MULTI-WINDOW SCAN >>>
2026-09-05,02:32:09 GMT,V6.2 DIAG | 8 0 5 0 -0.028571428571428567 0 0.06666666666666667 -0.30000000000000004 0.8 -0.1 5 3 2 1 0 0 12 0
2026-09-05,02:32:09 GMT,V6.2 BLOCK - final pressure/veto/active/timing gate failed or signal already used
2026-09-05,02:32:09 GMT,SENTINEL V6 MULTI-WINDOW SCAN >>>
2026-09-05,02:32:09 GMT,V6.2 DIAG | 3 0 9 -0.050000000000000044 0.028571428571428567 0.04999999999999999 -0.06666666666666667 -0.30000000000000004 0.05000000000000002 -0.1 6 2 1 1 0 0 12 0
2026-09-05,02:32:09 GMT,V6.2 BLOCK - final pressure/veto/active/timing gate failed or signal already used
2026-09-05,02:32:09 GMT,SENTINEL V6 MULTI-WINDOW SCAN >>>
2026-09-05,02:32:09 GMT,V6.2 DIAG | 3 0 5 0 -0.028571428571428567 0 0.06666666666666667 0.45 0.05000000000000002 -0.1 6 2 1 0 0 0 12 0
2026-09-05,02:32:03 GMT,V6.2 BLOCK - final pressure/veto/active/timing gate failed or signal already used
2026-09-05,02:32:03 GMT,SENTINEL V6 MULTI-WINDOW SCAN >>>
2026-09-05,02:32:03 GMT,V6.2 DIAG | 4 0 4 0 -0.028571428571428567 0 0.06666666666666667 0.45 0.05000000000000002 -0.1 5 3 2 0 0 0 12 0
2026-09-05,02:32:02 GMT,V6.2 BLOCK - final pressure/veto/active/timing gate failed or signal already used
2026-09-05,02:32:02 GMT,SENTINEL V6 MULTI-WINDOW SCAN >>>
2026-09-05,02:32:02 GMT,V6.2 DIAG | 8 0 6 0.04999999999999993 -0.028571428571428567 -0.04999999999999999 0.06666666666666667 0.45 0 -0.1 5 3 2 1 0 0 12 0
2026-09-05,02:32:02 GMT,V6.2 BLOCK - final pressure/veto/active/timing gate failed or signal already used
2026-09-05,02:32:02 GMT,SENTINEL V6 MULTI-WINDOW SCAN >>>
2026-09-05,02:32:02 GMT,V6.2 DIAG | 1 0 9 0 0.028571428571428567 0 -0.06666666666666667 0.45 -0.75 -0.1 6 2 1 0 0 0 12 0
2026-09-05,02:32:01 GMT,V6.2 BLOCK - final pressure/veto/active/timing gate failed or signal already used
2026-09-05,02:32:01 GMT,SENTINEL V6 MULTI-WINDOW SCAN >>>
2026-09-05,02:32:01 GMT,V6.2 DIAG | 7 0 5 0 -0.028571428571428567 0 0.06666666666666667 0.45 0.05000000000000002 -0.1 6 2 1 1 0 0 12 0
2026-09-05,02:32:01 GMT,V6.2 BLOCK - final pressure/veto/active/timing gate failed or signal already used
2026-09-05,02:32:01 GMT,SENTINEL V6 MULTI-WINDOW SCAN >>>
2026-09-05,02:32:01 GMT,V6.2 DIAG | 0 0 7 0.10000000000000009 0 -0.09999999999999998 0 -0.05 0.05000000000000002 -0.1 6 2 2 0 0 0 12 0
2026-09-05,02:32:00 GMT,V6.2 BLOCK - final pressure/veto/active/timing gate failed or signal already used
2026-09-05,02:32:00 GMT,SENTINEL V6 MULTI-WINDOW SCAN >>>
2026-09-05,02:32:00 GMT,V6.2 DIAG | 0 0 7 0.10000000000000009 0 -0.09999999999999998 0 -0.05 0.05000000000000002 -0.1 6 2 2 0 0 0 12 0
2026-09-05,02:32:00 GMT,V6.2 BLOCK - final pressure/veto/active/timing gate failed or signal already used
2026-09-05,02:32:00 GMT,SENTINEL V6 MULTI-WINDOW SCAN >>>
2026-09-05,02:32:00 GMT,V6.2 DIAG | 4 0 8 -0.050000000000000044 0.028571428571428567 0.04999999999999999 -0.06666666666666667 -0.05 0.05000000000000002 -0.35000000000000003 6 2 2 1 0 0 12 0
2026-09-05,02:31:59 GMT,V6.2 BLOCK - final pressure/veto/active/timing gate failed or signal already used
2026-09-05,02:31:59 GMT,SENTINEL V6 MULTI-WINDOW SCAN >>>
2026-09-05,02:31:59 GMT,V6.2 DIAG | 8 0 5 0 -0.028571428571428567 0 0.06666666666666667 -0.05 0.8500000000000001 -0.4 6 2 2 1 0 0 12 0
2026-09-05,02:31:58 GMT,V6.2 BLOCK - final pressure/veto/active/timing gate failed or signal already used
2026-09-05,02:31:58 GMT,SENTINEL V6 MULTI-WINDOW SCAN >>>
2026-09-05,02:31:58 GMT,V6.2 DIAG | 2 0 9 -0.050000000000000044 0.028571428571428567 0.04999999999999999 -0.06666666666666667 -0.05 0.35000000000000003 -0.65 6 2 1 1 0 0 12 0
2026-09-05,02:31:58 GMT,V6.2 BLOCK - final pressure/veto/active/timing gate failed or signal already used
2026-09-05,02:31:58 GMT,SENTINEL V6 MULTI-WINDOW SCAN >>>
2026-09-05,02:31:58 GMT,V6.2 DIAG | 3 0 9 -0.050000000000000044 0.028571428571428567 0.04999999999999999 -0.06666666666666667 -0.05 0.35000000000000003 -0.65 6 2 1 1 0 0 12 0
2026-09-05,02:31:52 GMT,V6.2 BLOCK - final pressure/veto/active/timing gate failed or signal already used
2026-09-05,02:31:52 GMT,SENTINEL V6 MULTI-WINDOW SCAN >>>
2026-09-05,02:31:52 GMT,V6.2 DIAG | 1 0 9 -0.050000000000000044 0.028571428571428567 0.04999999999999999 -0.06666666666666667 -0.05 0.35000000000000003 -0.65 5 3 1 1 0 0 12 0
2026-09-05,02:31:51 GMT,V6.2 BLOCK - final pressure/veto/active/timing gate failed or signal already used
2026-09-05,02:31:51 GMT,SENTINEL V6 MULTI-WINDOW SCAN >>>
2026-09-05,02:31:51 GMT,V6.2 DIAG | 8 0 5 0 -0.028571428571428567 0 0.06666666666666667 -0.1 0.35000000000000003 0.15000000000000002 5 3 1 1 0 0 12 0
2026-09-05,02:31:51 GMT,V6.2 BLOCK - final pressure/veto/active/timing gate failed or signal already used
2026-09-05,02:31:51 GMT,SENTINEL V6 MULTI-WINDOW SCAN >>>
2026-09-05,02:31:51 GMT,V6.2 DIAG | 3 0 8 0.10000000000000009 0 -0.09999999999999998 0 -0.1 -0.15 0.15000000000000002 6 2 0 0 0 0 12 0
2026-09-05,02:31:50 GMT,V6.2 BLOCK - final pressure/veto/active/timing gate failed or signal already used
2026-09-05,02:31:50 GMT,SENTINEL V6 MULTI-WINDOW SCAN >>>
2026-09-05,02:31:50 GMT,V6.2 DIAG | 2 0 8 0.10000000000000009 -0.057142857142857134 -0.09999999999999998 0.13333333333333333 -0.1 -0.15 0.9500000000000001 6 2 0 0 0 0 12 0
2026-09-05,02:31:50 GMT,V6.2 BLOCK - final pressure/veto/active/timing gate failed or signal already used
2026-09-05,02:31:50 GMT,SENTINEL V6 MULTI-WINDOW SCAN >>>
2026-09-05,02:31:50 GMT,V6.2 DIAG | 0 0 8 0.15000000000000002 -0.057142857142857134 -0.14999999999999997 0.13333333333333333 -0.15 -0.15 0.9500000000000001 6 2 0 0 0 0 12 0
2026-09-05,02:31:49 GMT,V6.2 BLOCK - final pressure/veto/active/timing gate failed or signal already used
2026-09-05,02:31:49 GMT,SENTINEL V6 MULTI-WINDOW SCAN >>>
2026-09-05,02:31:49 GMT,V6.2 DIAG | 9 0 6 0 -0.028571428571428567 0 0.06666666666666667 -0.15 -0.4 0.9500000000000001 6 2 0 1 0 0 12 0
2026-09-05,02:31:49 GMT,V6.2 BLOCK - final pressure/veto/active/timing gate failed or signal already used
2026-09-05,02:31:49 GMT,SENTINEL V6 MULTI-WINDOW SCAN >>>
2026-09-05,02:31:49 GMT,V6.2 DIAG | 3 0 8 0.10000000000000009 0 -0.09999999999999998 0 -0.15 -0.4 0.45 7 1 0 0 0 0 12 0
2026-09-05,02:31:48 GMT,V6.2 BLOCK - final pressure/veto/active/timing gate failed or signal already used
2026-09-05,02:31:48 GMT,SENTINEL V6 MULTI-WINDOW SCAN >>>
2026-09-05,02:31:48 GMT,V6.2 DIAG | 9 0 9 0 0.028571428571428567 0 -0.06666666666666667 -0.15 -0.65 0.4 6 2 1 1 0 0 12 0
2026-09-05,02:31:48 GMT,V6.2 BLOCK - final pressure/veto/active/timing gate failed or signal already used
2026-09-05,02:31:48 GMT,SENTINEL V6 MULTI-WINDOW SCAN >>>
2026-09-05,02:31:48 GMT,V6.2 DIAG | 2 0 12 0.10000000000000009 0.057142857142857134 -0.09999999999999998 -0.13333333333333333 -0.15 -0.65 -0.1 7 1 1 0 0 0 12 0
2026-09-05,02:31:47 GMT,V6.2 BLOCK - final pressure/veto/active/timing gate failed or signal already used
2026-09-05,02:31:47 GMT,SENTINEL V6 MULTI-WINDOW SCAN >>>
2026-09-05,02:31:47 GMT,V6.2 DIAG | 5 0 9 -0.050000000000000044 0.08571428571428572 0.04999999999999999 -0.2 -0.4 -0.65 -0.1 6 2 2 1 0 0 12 0
2026-09-05,02:31:47 GMT,V6.2 BLOCK - final pressure/veto/active/timing gate failed or signal already used
2026-09-05,02:31:47 GMT,SENTINEL V6 MULTI-WINDOW SCAN >>>
2026-09-05,02:31:47 GMT,V6.2 DIAG | 0 0 8 -0.050000000000000044 0.028571428571428567 0.04999999999999999 -0.06666666666666667 -0.4 0.15000000000000002 -0.1 6 2 2 1 0 0 12 0
2026-09-05,02:31:43 GMT,V6.2 BLOCK - final pressure/veto/active/timing gate failed or signal already used
2026-09-05,02:31:43 GMT,SENTINEL V6 MULTI-WINDOW SCAN >>>
2026-09-05,02:31:43 GMT,V6.2 DIAG | 3 0 9 -0.15000000000000002 0.05714285714285714 0.15000000000000002 -0.13333333333333336 -0.4 -0.10000000000000003 -0.15 5 3 2 1 0 0 12 0
2026-09-05,02:31:42 GMT,V6.2 BLOCK - final pressure/veto/active/timing gate failed or signal already used
2026-09-05,02:31:42 GMT,SENTINEL V6 MULTI-WINDOW SCAN >>>
2026-09-05,02:31:42 GMT,V6.2 DIAG | 2 0 5 -0.15000000000000002 0 0.15000000000000002 0 -0.4 0.7 -0.15 5 3 2 1 0 0 12 0
2026-09-05,02:31:41 GMT,V6.2 BLOCK - final pressure/veto/active/timing gate failed or signal already used
2026-09-05,02:31:41 GMT,SENTINEL V6 MULTI-WINDOW SCAN >>>
2026-09-05,02:31:41 GMT,V6.2 DIAG | 5 0 3 -0.09999999999999998 0 0.10000000000000003 0 -0.45 0.7 -0.15 4 4 3 1 0 0 12 0
2026-09-05,02:31:41 GMT,V6.2 BLOCK - final pressure/veto/active/timing gate failed or signal already used
2026-09-05,02:31:41 GMT,SENTINEL V6 MULTI-WINDOW SCAN >>>
2026-09-05,02:31:41 GMT,V6.2 DIAG | 8 0 2 -0.050000000000000044 -0.05714285714285714 0.050000000000000044 0.13333333333333336 0.35000000000000003 0.7 -0.2 4 4 3 1 0 0 12 0
2026-09-05,02:31:40 GMT,V6.2 BLOCK - final pressure/veto/active/timing gate failed or signal already used
2026-09-05,02:31:40 GMT,SENTINEL V6 MULTI-WINDOW SCAN >>>
2026-09-05,02:31:40 GMT,V6.2 DIAG | 0 0 5 0.04999999999999993 -0.028571428571428567 -0.04999999999999999 0.06666666666666667 0.35000000000000003 0.2 -0.2 5 3 2 1 0 0 12 0
2026-09-05,02:31:39 GMT,V6.2 BLOCK - final pressure/veto/active/timing gate failed or signal already used
2026-09-05,02:31:39 GMT,SENTINEL V6 MULTI-WINDOW SCAN >>>
2026-09-05,02:31:39 GMT,V6.2 DIAG | 8 0 6 0.09999999999999998 -0.08571428571428572 -0.10000000000000003 0.2 0.30000000000000004 1 -0.2 5 3 2 1 0 0 12 0
2026-09-05,02:31:38 GMT,V6.2 BLOCK - final pressure/veto/active/timing gate failed or signal already used
2026-09-05,02:31:38 GMT,SENTINEL V6 MULTI-WINDOW SCAN >>>
2026-09-05,02:31:38 GMT,V6.2 DIAG | 1 0 6 0.04999999999999993 -0.028571428571428567 -0.04999999999999999 0.06666666666666667 0.30000000000000004 0.5 -0.45 6 2 1 1 0 0 12 0
2026-09-05,02:31:37 GMT,V6.2 BLOCK - final pressure/veto/active/timing gate failed or signal already used
2026-09-05,02:31:37 GMT,SENTINEL V6 MULTI-WINDOW SCAN >>>
2026-09-05,02:31:37 GMT,V6.2 DIAG | 7 0 6 0.04999999999999993 -0.028571428571428567 -0.04999999999999999 0.06666666666666667 0.30000000000000004 0.5 -0.45 6 2 1 1 0 0 12 0
2026-09-05,02:31:37 GMT,V6.2 BLOCK - final pressure/veto/active/timing gate failed or signal already used
2026-09-05,02:31:37 GMT,SENTINEL V6 MULTI-WINDOW SCAN >>>
2026-09-05,02:31:37 GMT,V6.2 DIAG | 6 0 8 0.15000000000000002 0 -0.14999999999999997 0 -0.2 0.5 -0.45 6 2 1 1 0 0 12 0
2026-09-05,02:31:37 GMT,V6.2 BLOCK - final pressure/veto/active/timing gate failed or signal already used
2026-09-05,02:31:37 GMT,SENTINEL V6 MULTI-WINDOW SCAN >>>
2026-09-05,02:31:37 GMT,V6.2 DIAG | 8 0 8 0.15000000000000002 0 -0.14999999999999997 0 -0.2 0.5 -0.45 6 2 1 1 0 0 12 0
2026-09-05,02:31:34 GMT,V6.2 BLOCK - final pressure/veto/active/timing gate failed or signal already used
2026-09-05,02:31:34 GMT,SENTINEL V6 MULTI-WINDOW SCAN >>>
2026-09-05,02:31:34 GMT,V6.2 DIAG | 1 0 12 0.10000000000000009 0.057142857142857134 -0.09999999999999998 -0.13333333333333333 -0.45 0 -0.45 7 1 0 0 1 0 12 0
2026-09-05,02:31:33 GMT,V6.2 BLOCK - final pressure/veto/active/timing gate failed or signal already used
2026-09-05,02:31:33 GMT,SENTINEL V6 MULTI-WINDOW SCAN >>>
2026-09-05,02:31:33 GMT,V6.2 DIAG | 5 0 8 0.10000000000000009 0 -0.09999999999999998 0 -0.45 0 0.35000000000000003 7 1 0 0 0 0 12 0
2026-09-05,02:31:32 GMT,V6.2 BLOCK - final pressure/veto/active/timing gate failed or signal already used
2026-09-05,02:31:32 GMT,SENTINEL V6 MULTI-WINDOW SCAN >>>
2026-09-05,02:31:32 GMT,V6.2 DIAG | 6 0 8 0.15000000000000002 0 -0.14999999999999997 0 -0.45 -0.05 0.35000000000000003 6 2 0 0 0 0 12 0
2026-09-05,02:31:31 GMT,V6.2 BLOCK - final pressure/veto/active/timing gate failed or signal already used
2026-09-05,02:31:31 GMT,SENTINEL V6 MULTI-WINDOW SCAN >>>
2026-09-05,02:31:31 GMT,V6.2 DIAG | 1 0 10 0.04999999999999993 0.028571428571428567 -0.04999999999999999 -0.06666666666666667 -0.7000000000000001 -0.05 0.30000000000000004 6 2 0 1 0 0 12 0
2026-09-05,02:31:30 GMT,V6.2 BLOCK - final pressure/veto/active/timing gate failed or signal already used
2026-09-05,02:31:30 GMT,SENTINEL V6 MULTI-WINDOW SCAN >>>
2026-09-05,02:31:30 GMT,V6.2 DIAG | 6 0 11 0.09999999999999998 0.028571428571428567 -0.10000000000000003 -0.06666666666666667 -0.75 -0.05 0.30000000000000004 6 2 0 0 1 0 12 0
2026-09-05,02:31:30 GMT,V6.2 BLOCK - final pressure/veto/active/timing gate failed or signal already used
2026-09-05,02:31:30 GMT,SENTINEL V6 MULTI-WINDOW SCAN >>>
2026-09-05,02:31:30 GMT,V6.2 DIAG | 9 0 7 0.09999999999999998 -0.028571428571428567 -0.10000000000000003 0.06666666666666667 0.05000000000000002 -0.05 0.30000000000000004 5 3 0 0 0 0 12 0
2026-09-05,02:31:29 GMT,V6.2 BLOCK - final pressure/veto/active/timing gate failed or signal already used
2026-09-05,02:31:29 GMT,SENTINEL V6 MULTI-WINDOW SCAN >>>
2026-09-05,02:31:29 GMT,V6.2 DIAG | 3 0 10 0.04999999999999993 0.028571428571428567 -0.04999999999999999 -0.06666666666666667 0.05000000000000002 -0.05 -0.45 6 2 0 1 0 0 12 0
2026-09-05,02:31:28 GMT,V6.2 BLOCK - final pressure/veto/active/timing gate failed or signal already used
2026-09-05,02:31:28 GMT,SENTINEL V6 MULTI-WINDOW SCAN >>>
2026-09-05,02:31:28 GMT,V6.2 DIAG | 5 0 11 0.09999999999999998 0.028571428571428567 -0.10000000000000003 -0.06666666666666667 0.05000000000000002 -0.05 -0.5 6 2 0 0 1 0 12 0
2026-09-05,02:31:27 GMT,V6.2 BLOCK - final pressure/veto/active/timing gate failed or signal already used
2026-09-05,02:31:27 GMT,SENTINEL V6 MULTI-WINDOW SCAN >>>
2026-09-05,02:31:27 GMT,V6.2 DIAG | 1 0 8 0.1499999999999999 -0.028571428571428567 -0.15000000000000002 0.06666666666666667 0.8500000000000001 -0.05 -0.55 5 3 0 0 0 0 12 0
2026-09-05,02:31:27 GMT,V6.2 BLOCK - final pressure/veto/active/timing gate failed or signal already used
2026-09-05,02:31:27 GMT,SENTINEL V6 MULTI-WINDOW SCAN >>>
2026-09-05,02:31:27 GMT,V6.2 DIAG | 7 0 8 0.1499999999999999 -0.028571428571428567 -0.15000000000000002 0.06666666666666667 0.8500000000000001 -0.05 -0.55 5 3 0 0 0 0 12 0
2026-09-05,02:31:23 GMT,V6.2 BLOCK - final pressure/veto/active/timing gate failed or signal already used
2026-09-05,02:31:23 GMT,SENTINEL V6 MULTI-WINDOW SCAN >>>
2026-09-05,02:31:23 GMT,V6.2 DIAG | 1 0 11 0.09999999999999998 0.028571428571428567 -0.10000000000000003 -0.06666666666666667 0.35000000000000003 -0.05 -0.8 6 2 0 0 1 0 12 0
2026-09-05,02:31:23 GMT,V6.2 BLOCK - final pressure/veto/active/timing gate failed or signal already used
2026-09-05,02:31:23 GMT,SENTINEL V6 MULTI-WINDOW SCAN >>>
2026-09-05,02:31:23 GMT,V6.2 DIAG | 3 0 8 0.1499999999999999 -0.028571428571428567 -0.15000000000000002 0.06666666666666667 0.35000000000000003 -0.1 0 6 2 0 0 0 0 12 0
2026-09-05,02:31:22 GMT,V6.2 BLOCK - final pressure/veto/active/timing gate failed or signal already used
2026-09-05,02:31:22 GMT,SENTINEL V6 MULTI-WINDOW SCAN >>>
2026-09-05,02:31:22 GMT,V6.2 DIAG | 7 0 6 0 0 0 0 0.1 -0.1 0 5 3 0 1 0 0 12 0
2026-09-05,02:31:22 GMT,V6.2 BLOCK - final pressure/veto/active/timing gate failed or signal already used
2026-09-05,02:31:22 GMT,SENTINEL V6 MULTI-WINDOW SCAN >>>
2026-09-05,02:31:22 GMT,V6.2 DIAG | 1 0 10 0 0.05714285714285714 0 -0.13333333333333336 -0.4 -0.1 -0.30000000000000004 6 2 0 0 0 0 12 0
2026-09-05,02:31:21 GMT,V6.2 BLOCK - final pressure/veto/active/timing gate failed or signal already used
2026-09-05,02:31:21 GMT,SENTINEL V6 MULTI-WINDOW SCAN >>>
2026-09-05,02:31:21 GMT,V6.2 DIAG | 0 0 10 0 0.05714285714285714 0 -0.13333333333333336 -0.4 -0.1 -0.30000000000000004 5 3 0 0 0 0 12 0
2026-09-05,02:31:20 GMT,V6.2 BLOCK - final pressure/veto/active/timing gate failed or signal already used
2026-09-05,02:31:20 GMT,SENTINEL V6 MULTI-WINDOW SCAN >>>
2026-09-05,02:31:20 GMT,V6.2 DIAG | 9 0 7 -0.09999999999999998 0.028571428571428574 0.09999999999999998 -0.06666666666666668 -0.65 -0.15 0.5 4 4 0 1 0 0 12 0
2026-09-05,02:31:19 GMT,V6.2 BLOCK - final pressure/veto/active/timing gate failed or signal already used
2026-09-05,02:31:19 GMT,SENTINEL V6 MULTI-WINDOW SCAN >>>
2026-09-05,02:31:19 GMT,V6.2 DIAG | 2 0 10 0 0.05714285714285714 0 -0.13333333333333336 -0.65 -0.15 0 5 3 0 0 0 0 12 0
2026-09-05,02:31:19 GMT,V6.2 BLOCK - final pressure/veto/active/timing gate failed or signal already used
2026-09-05,02:31:19 GMT,SENTINEL V6 MULTI-WINDOW SCAN >>>
2026-09-05,02:31:19 GMT,V6.2 DIAG | 6 0 4 0 0 0 0 0.15000000000000002 -0.15 0 4 4 0 0 0 0 12 0
2026-09-05,02:31:18 GMT,V6.2 BLOCK - final pressure/veto/active/timing gate failed or signal already used
2026-09-05,02:31:18 GMT,SENTINEL V6 MULTI-WINDOW SCAN >>>
2026-09-05,02:31:18 GMT,V6.2 DIAG | 6 0 3 0 -0.05714285714285714 0 0.13333333333333336 0.15000000000000002 -0.15 0.8 4 4 0 0 0 0 12 0
2026-09-05,02:31:15 GMT,V6.2 BLOCK - final pressure/veto/active/timing gate failed or signal already used
2026-09-05,02:31:15 GMT,SENTINEL V6 MULTI-WINDOW SCAN >>>
2026-09-05,02:31:15 GMT,V6.2 DIAG | 9 0 3 0 -0.05714285714285714 0 0.13333333333333336 0.15000000000000002 -0.15 0.8 4 4 0 1 0 0 12 0
2026-09-05,02:31:14 GMT,V6.2 BLOCK - final pressure/veto/active/timing gate failed or signal already used
2026-09-05,02:31:14 GMT,SENTINEL V6 MULTI-WINDOW SCAN >>>
2026-09-05,02:31:14 GMT,V6.2 DIAG | 0 0 7 0.09999999999999998 -0.08571428571428572 -0.10000000000000003 0.2 0.9500000000000001 -0.15 0.30000000000000004 5 3 0 0 0 0 12 0
2026-09-05,02:31:14 GMT,V6.2 BLOCK - final pressure/veto/active/timing gate failed or signal already used
2026-09-05,02:31:14 GMT,SENTINEL V6 MULTI-WINDOW SCAN >>>
2026-09-05,02:31:14 GMT,V6.2 DIAG | 7 0 7 0.09999999999999998 -0.08571428571428572 -0.10000000000000003 0.2 0.9500000000000001 -0.15 0.30000000000000004 5 3 0 0 0 0 12 0
2026-09-05,02:31:13 GMT,V6.2 BLOCK - final pressure/veto/active/timing gate failed or signal already used
2026-09-05,02:31:13 GMT,SENTINEL V6 MULTI-WINDOW SCAN >>>
2026-09-05,02:31:13 GMT,V6.2 DIAG | 9 0 6 0.04999999999999993 -0.028571428571428567 -0.04999999999999999 0.06666666666666667 0.45 -0.4 0.30000000000000004 6 2 0 1 0 0 12 0
2026-09-05,02:31:13 GMT,V6.2 BLOCK - final pressure/veto/active/timing gate failed or signal already used
2026-09-05,02:31:13 GMT,SENTINEL V6 MULTI-WINDOW SCAN >>>
2026-09-05,02:31:13 GMT,V6.2 DIAG | 0 0 9 0 0.028571428571428567 0 -0.06666666666666667 0.45 -0.4 -0.45 7 1 0 1 0 0 12 0
2026-09-05,02:31:12 GMT,V6.2 BLOCK - final pressure/veto/active/timing gate failed or signal already used
2026-09-05,02:31:12 GMT,SENTINEL V6 MULTI-WINDOW SCAN >>>
2026-09-05,02:31:12 GMT,V6.2 DIAG | 7 0 9 -0.15000000000000002 0.05714285714285714 0.15000000000000002 -0.13333333333333336 0.2 -0.4 -0.45 6 2 1 1 0 0 12 0
2026-09-05,02:31:11 GMT,V6.2 BLOCK - final pressure/veto/active/timing gate failed or signal already used
2026-09-05,02:31:11 GMT,SENTINEL V6 MULTI-WINDOW SCAN >>>
2026-09-05,02:31:11 GMT,V6.2 DIAG | 6 0 10 0 0.08571428571428572 0 -0.2 -0.30000000000000004 -0.4 -0.5 6 2 1 0 0 0 12 0
2026-09-05,02:31:10 GMT,V6.2 BLOCK - final pressure/veto/active/timing gate failed or signal already used
2026-09-05,02:31:10 GMT,SENTINEL V6 MULTI-WINDOW SCAN >>>
2026-09-05,02:31:10 GMT,V6.2 DIAG | 2 0 11 0.04999999999999993 0.08571428571428572 -0.04999999999999999 -0.2 -0.35000000000000003 -0.4 -0.5 5 3 1 0 0 0 12 0
2026-09-05,02:31:09 GMT,V6.2 BLOCK - final pressure/veto/active/timing gate failed or signal already used
2026-09-05,02:31:09 GMT,SENTINEL V6 MULTI-WINDOW SCAN >>>
2026-09-05,02:31:09 GMT,V6.2 DIAG | 1 0 9 -0.09999999999999998 0.05714285714285714 0.10000000000000003 -0.13333333333333336 -0.35000000000000003 0.4 -0.75 5 3 1 1 0 0 12 0
2026-09-05,02:31:08 GMT,V6.2 BLOCK - final pressure/veto/active/timing gate failed or signal already used
2026-09-05,02:31:08 GMT,SENTINEL V6 MULTI-WINDOW SCAN >>>
2026-09-05,02:31:08 GMT,V6.2 DIAG | 3 0 9 -0.25 0.028571428571428574 0.25 -0.06666666666666668 -0.35000000000000003 0.4 -0.20000000000000004 5 3 1 1 0 0 12 0
2026-09-05,02:31:04 GMT,V6.2 BLOCK - final pressure/veto/active/timing gate failed or signal already used
2026-09-05,02:31:04 GMT,SENTINEL V6 MULTI-WINDOW SCAN >>>
2026-09-05,02:31:04 GMT,V6.2 DIAG | 3 0 3 -0.19999999999999996 -0.028571428571428574 0.2 0.06666666666666668 0.4 0.4 -0.20000000000000004 4 4 1 1 0 0 12 0
2026-09-05,02:31:03 GMT,V6.2 BLOCK - final pressure/veto/active/timing gate failed or signal already used
2026-09-05,02:31:03 GMT,SENTINEL V6 MULTI-WINDOW SCAN >>>
2026-09-05,02:31:03 GMT,V6.2 DIAG | 4 0 3 -0.15000000000000002 -0.028571428571428574 0.15000000000000002 0.06666666666666668 0.4 0.4 -0.25 3 5 1 1 0 0 12 0
2026-09-05,02:31:03 GMT,V6.2 BLOCK - final pressure/veto/active/timing gate failed or signal already used
2026-09-05,02:31:03 GMT,SENTINEL V6 MULTI-WINDOW SCAN >>>
2026-09-05,02:31:03 GMT,V6.2 DIAG | 8 0 2 -0.29999999999999993 0 0.3 0 0.4 0.15000000000000002 -0.25 3 5 1 1 0 0 12 0
2026-09-05,02:31:03 GMT,V6.2 BLOCK - final pressure/veto/active/timing gate failed or signal already used
2026-09-05,02:31:03 GMT,SENTINEL V6 MULTI-WINDOW SCAN >>>
2026-09-05,02:31:03 GMT,V6.2 DIAG | 9 0 3 -0.19999999999999996 -0.028571428571428574 0.2 0.06666666666666668 0.4 -0.35000000000000003 0.55 4 4 0 1 0 0 12 0
2026-09-05,02:31:02 GMT,V6.2 BLOCK - final pressure/veto/active/timing gate failed or signal already used
2026-09-05,02:31:02 GMT,SENTINEL V6 MULTI-WINDOW SCAN >>>
2026-09-05,02:31:02 GMT,V6.2 DIAG | 7 0 3 -0.25 -0.028571428571428574 0.25 0.06666666666666668 0.4 -0.35000000000000003 0.6 4 4 1 1 0 0 12 0
2026-09-05,02:31:00 GMT,V6.2 BLOCK - final pressure/veto/active/timing gate failed or signal already used
2026-09-05,02:31:00 GMT,SENTINEL V6 MULTI-WINDOW SCAN >>>
2026-09-05,02:31:00 GMT,V6.2 DIAG | 4 0 6 -0.09999999999999998 0 0.10000000000000003 0 -0.1 -0.4 0.6 5 3 1 1 0 0 12 0
2026-09-05,02:30:59 GMT,V6.2 BLOCK - final pressure/veto/active/timing gate failed or signal already used
2026-09-05,02:30:59 GMT,SENTINEL V6 MULTI-WINDOW SCAN >>>
2026-09-05,02:30:59 GMT,V6.2 DIAG | 1 0 7 -0.25 0.028571428571428574 0.25 -0.06666666666666668 -0.1 -0.65 0.6 4 4 1 1 0 0 12 0
2026-09-05,02:30:59 GMT,V6.2 BLOCK - final pressure/veto/active/timing gate failed or signal already used
2026-09-05,02:30:59 GMT,SENTINEL V6 MULTI-WINDOW SCAN >>>
2026-09-05,02:30:59 GMT,V6.2 DIAG | 9 0 3 -0.25 -0.028571428571428574 0.25 0.06666666666666668 -0.1 0.15000000000000002 0.6 4 4 1 1 0 0 12 0
2026-09-05,02:30:58 GMT,V6.2 BLOCK - final pressure/veto/active/timing gate failed or signal already used
2026-09-05,02:30:58 GMT,SENTINEL V6 MULTI-WINDOW SCAN >>>
2026-09-05,02:30:58 GMT,V6.2 DIAG | 9 0 2 -0.15000000000000002 0 0.15000000000000002 0 -0.1 0.15000000000000002 0.1 4 4 2 1 0 0 12 0
2026-09-05,02:30:58 GMT,V6.2 BLOCK - final pressure/veto/active/timing gate failed or signal already used
2026-09-05,02:30:58 GMT,SENTINEL V6 MULTI-WINDOW SCAN >>>
2026-09-05,02:30:58 GMT,V6.2 DIAG | 1 0 4 -0.050000000000000044 -0.028571428571428567 0.04999999999999999 0.06666666666666667 -0.1 0.15000000000000002 0.4 5 3 2 1 0 0 12 0
2026-09-05,02:30:55 GMT,V6.2 BLOCK - final pressure/veto/active/timing gate failed or signal already used
2026-09-05,02:30:55 GMT,SENTINEL V6 MULTI-WINDOW SCAN >>>
2026-09-05,02:30:55 GMT,V6.2 DIAG | 1 0 4 -0.050000000000000044 -0.028571428571428567 0.04999999999999999 0.06666666666666667 -0.1 0.15000000000000002 0.4 5 3 2 1 0 0 12 0
2026-09-05,02:30:54 GMT,V6.2 BLOCK - final pressure/veto/active/timing gate failed or signal already used
2026-09-05,02:30:54 GMT,SENTINEL V6 MULTI-WINDOW SCAN >>>
2026-09-05,02:30:54 GMT,V6.2 DIAG | 8 0 4 0 -0.08571428571428572 0 0.2 -0.1 0.9 0.4 5 3 2 1 0 0 12 0
2026-09-05,02:30:54 GMT,V6.2 BLOCK - final pressure/veto/active/timing gate failed or signal already used
2026-09-05,02:30:54 GMT,SENTINEL V6 MULTI-WINDOW SCAN >>>
2026-09-05,02:30:54 GMT,V6.2 DIAG | 3 0 7 0.15000000000000002 -0.057142857142857134 -0.14999999999999997 0.13333333333333333 -0.15 0.4 0.4 6 2 1 1 0 0 12 0
2026-09-05,02:30:53 GMT,V6.2 BLOCK - final pressure/veto/active/timing gate failed or signal already used
2026-09-05,02:30:53 GMT,SENTINEL V6 MULTI-WINDOW SCAN >>>
2026-09-05,02:30:53 GMT,V6.2 DIAG | 9 0 7 0.20000000000000007 -0.057142857142857134 -0.2 0.13333333333333333 -0.15 0.35000000000000003 0.4 6 2 1 1 0 0 12 0
2026-09-05,02:30:53 GMT,Profit amount: 1.53
2026-09-05,02:30:53 GMT,V6.2 DIAG | 4 0 8 0.30000000000000004 -0.028571428571428567 -0.30000000000000004 0.06666666666666667 -0.15 0.35000000000000003 -0.1 7 1 1 1 0 0 11 0
2026-09-05,02:30:51 GMT,V6.2 DIAG | 8 0 8 0.35 -0.028571428571428567 -0.35 0.06666666666666667 -0.15 0.35000000000000003 -0.15 7 1 1 1 0 0 11 0
2026-09-05,02:30:50 GMT,V6.2 DIAG | 4 0 12 0.35 0.028571428571428567 -0.35 -0.06666666666666667 -0.2 -0.15 -0.4 8 0 0 0 0 0 11 0
2026-09-05,02:30:50 GMT,V6.2 DIAG | 6 0 12 0.20000000000000007 0.057142857142857134 -0.2 -0.13333333333333333 -0.45 -0.15 -0.4 8 0 0 0 1 0 11 0
2026-09-05,02:30:50 GMT,Bought: (ID: 22521671239)
2026-09-05,02:30:49 GMT,SENTINEL V6 MULTI-WINDOW SCAN >>>
2026-09-05,02:30:49 GMT,V6.2 DIAG | 6 1 12 0.25 0.057142857142857134 -0.25 -0.13333333333333333 -0.45 -0.2 -0.4 7 1 0 0 1 1 11 1
2026-09-05,02:30:48 GMT,V6.2 BLOCK - final pressure/veto/active/timing gate failed or signal already used
2026-09-05,02:30:48 GMT,SENTINEL V6 MULTI-WINDOW SCAN >>>
2026-09-05,02:30:48 GMT,V6.2 DIAG | 5 0 12 0.25 0.057142857142857134 -0.25 -0.13333333333333333 -0.45 -0.2 -0.4 6 2 0 0 0 0 11 1
2026-09-05,02:30:45 GMT,V6.2 BLOCK - final pressure/veto/active/timing gate failed or signal already used
2026-09-05,02:30:45 GMT,SENTINEL V6 MULTI-WINDOW SCAN >>>
2026-09-05,02:30:45 GMT,V6.2 DIAG | 0 0 12 0.09999999999999998 0.08571428571428572 -0.10000000000000003 -0.2 -0.7000000000000001 -0.2 -0.4 6 2 0 0 1 0 11 0
2026-09-05,02:30:44 GMT,V6.2 BLOCK - final pressure/veto/active/timing gate failed or signal already used
2026-09-05,02:30:44 GMT,SENTINEL V6 MULTI-WINDOW SCAN >>>
2026-09-05,02:30:44 GMT,V6.2 DIAG | 1 0 9 -0.050000000000000044 0.05714285714285714 0.050000000000000044 -0.13333333333333336 -0.7000000000000001 -0.2 0.15000000000000002 6 2 0 1 0 0 11 0
2026-09-05,02:30:43 GMT,V6.2 BLOCK - final pressure/veto/active/timing gate failed or signal already used
2026-09-05,02:30:43 GMT,SENTINEL V6 MULTI-WINDOW SCAN >>>
2026-09-05,02:30:43 GMT,V6.2 DIAG | 1 0 5 0 0 0 0 0.1 -0.25 0.15000000000000002 5 3 0 0 0 0 11 0
2026-09-05,02:30:43 GMT,V6.2 BLOCK - final pressure/veto/active/timing gate failed or signal already used
2026-09-05,02:30:43 GMT,SENTINEL V6 MULTI-WINDOW SCAN >>>
2026-09-05,02:30:43 GMT,V6.2 DIAG | 6 0 4 0.04999999999999993 0 -0.04999999999999999 0 0.1 -0.3 0.15000000000000002 4 4 0 0 0 0 11 0
2026-09-05,02:30:42 GMT,V6.2 BLOCK - final pressure/veto/active/timing gate failed or signal already used
2026-09-05,02:30:42 GMT,SENTINEL V6 MULTI-WINDOW SCAN >>>
2026-09-05,02:30:42 GMT,V6.2 DIAG | 6 0 5 0.09999999999999998 0 -0.09999999999999998 0 0.05000000000000002 -0.3 0.15000000000000002 4 4 0 0 0 0 11 0
2026-09-05,02:30:41 GMT,V6.2 BLOCK - final pressure/veto/active/timing gate failed or signal already used
2026-09-05,02:30:41 GMT,SENTINEL V6 MULTI-WINDOW SCAN >>>
2026-09-05,02:30:41 GMT,V6.2 DIAG | 9 0 3 -0.050000000000000044 -0.028571428571428574 0.04999999999999999 0.06666666666666668 0.8500000000000001 -0.55 0.15000000000000002 4 4 0 1 0 0 11 0
2026-09-05,02:30:40 GMT,V6.2 BLOCK - final pressure/veto/active/timing gate failed or signal already used
2026-09-05,02:30:40 GMT,SENTINEL V6 MULTI-WINDOW SCAN >>>
2026-09-05,02:30:40 GMT,V6.2 DIAG | 7 0 7 0.09999999999999998 -0.05714285714285714 -0.09999999999999998 0.13333333333333336 0.8500000000000001 -0.6 0.45 5 3 0 1 0 0 11 0
2026-09-05,02:30:39 GMT,V6.2 BLOCK - final pressure/veto/active/timing gate failed or signal already used
2026-09-05,02:30:39 GMT,SENTINEL V6 MULTI-WINDOW SCAN >>>
2026-09-05,02:30:39 GMT,V6.2 DIAG | 1 0 7 0.19999999999999996 -0.028571428571428567 -0.2 0.06666666666666667 0.35000000000000003 -0.6 0.45 5 3 1 0 0 0 11 0
2026-09-05,02:30:38 GMT,V6.2 BLOCK - final pressure/veto/active/timing gate failed or signal already used
2026-09-05,02:30:38 GMT,SENTINEL V6 MULTI-WINDOW SCAN >>>
2026-09-05,02:30:38 GMT,V6.2 DIAG | 6 0 7 0.19999999999999996 -0.028571428571428567 -0.2 0.06666666666666667 0.35000000000000003 -0.6 0.45 5 3 1 1 0 0 11 0
2026-09-05,02:30:37 GMT,V6.2 BLOCK - final pressure/veto/active/timing gate failed or signal already used
2026-09-05,02:30:37 GMT,SENTINEL V6 MULTI-WINDOW SCAN >>>
2026-09-05,02:30:37 GMT,V6.2 DIAG | 7 0 7 0.24999999999999994 -0.028571428571428567 -0.25000000000000006 0.06666666666666667 0.35000000000000003 -0.6 0.4 5 3 1 1 0 0 11 0
2026-09-05,02:30:37 GMT,V6.2 BLOCK - final pressure/veto/active/timing gate failed or signal already used
2026-09-05,02:30:37 GMT,SENTINEL V6 MULTI-WINDOW SCAN >>>
2026-09-05,02:30:37 GMT,V6.2 DIAG | 9 0 7 0.35000000000000003 -0.057142857142857134 -0.35000000000000003 0.13333333333333333 -0.15 0.20000000000000004 0.4 6 2 1 1 0 0 11 0
2026-09-05,02:30:35 GMT,V6.2 BLOCK - final pressure/veto/active/timing gate failed or signal already used
2026-09-05,02:30:35 GMT,SENTINEL V6 MULTI-WINDOW SCAN >>>
2026-09-05,02:30:35 GMT,V6.2 DIAG | 2 0 9 0.35000000000000003 0 -0.35000000000000003 0 -0.2 -0.04999999999999999 -0.1 7 1 1 0 0 0 11 0
2026-09-05,02:30:34 GMT,V6.2 BLOCK - final pressure/veto/active/timing gate failed or signal already used
2026-09-05,02:30:34 GMT,SENTINEL V6 MULTI-WINDOW SCAN >>>
2026-09-05,02:30:34 GMT,V6.2 DIAG | 1 0 12 0.19999999999999996 0.028571428571428567 -0.2 -0.06666666666666667 -0.45 -0.04999999999999999 -0.1 7 1 1 0 0 0 11 0
2026-09-05,02:30:33 GMT,V6.2 BLOCK - final pressure/veto/active/timing gate failed or signal already used
2026-09-05,02:30:33 GMT,SENTINEL V6 MULTI-WINDOW SCAN >>>
2026-09-05,02:30:33 GMT,V6.2 DIAG | 1 0 10 0.04999999999999993 0.05714285714285714 -0.04999999999999999 -0.13333333333333336 -0.45 -0.30000000000000004 -0.1 6 2 2 0 0 0 11 0
2026-09-05,02:30:32 GMT,V6.2 BLOCK - final pressure/veto/active/timing gate failed or signal already used
2026-09-05,02:30:32 GMT,SENTINEL V6 MULTI-WINDOW SCAN >>>
2026-09-05,02:30:32 GMT,V6.2 DIAG | 8 0 10 0.04999999999999993 0.05714285714285714 -0.04999999999999999 -0.13333333333333336 -0.45 -0.30000000000000004 -0.1 5 3 2 1 0 0 11 0
2026-09-05,02:30:31 GMT,V6.2 BLOCK - final pressure/veto/active/timing gate failed or signal already used
2026-09-05,02:30:31 GMT,SENTINEL V6 MULTI-WINDOW SCAN >>>
2026-09-05,02:30:31 GMT,V6.2 DIAG | 4 0 10 0.04999999999999993 0.11428571428571428 -0.04999999999999999 -0.26666666666666666 -0.5 -0.8 -0.35000000000000003 5 3 2 0 0 0 11 0
2026-09-05,02:30:30 GMT,V6.2 BLOCK - final pressure/veto/active/timing gate failed or signal already used
2026-09-05,02:30:30 GMT,SENTINEL V6 MULTI-WINDOW SCAN >>>
2026-09-05,02:30:30 GMT,V6.2 DIAG | 3 0 9 -0.050000000000000044 0.08571428571428572 0.04999999999999999 -0.2 -0.75 -0.04999999999999999 -0.35000000000000003 5 3 2 1 0 0 11 0
2026-09-05,02:30:30 GMT,V6.2 BLOCK - final pressure/veto/active/timing gate failed or signal already used
2026-09-05,02:30:30 GMT,SENTINEL V6 MULTI-WINDOW SCAN >>>
2026-09-05,02:30:30 GMT,V6.2 DIAG | 0 0 6 -0.050000000000000044 0.028571428571428574 0.04999999999999999 -0.06666666666666668 0.05000000000000002 -0.04999999999999999 -0.35000000000000003 4 4 2 1 0 0 11 0
2026-09-05,02:30:29 GMT,V6.2 BLOCK - final pressure/veto/active/timing gate failed or signal already used
2026-09-05,02:30:29 GMT,SENTINEL V6 MULTI-WINDOW SCAN >>>
2026-09-05,02:30:29 GMT,V6.2 DIAG | 3 0 1 -0.19999999999999996 0 0.19999999999999996 0 0.05000000000000002 0.5 -0.35000000000000003 3 5 2 1 0 0 11 0
2026-09-05,02:30:28 GMT,V6.2 BLOCK - final pressure/veto/active/timing gate failed or signal already used
2026-09-05,02:30:28 GMT,SENTINEL V6 MULTI-WINDOW SCAN >>>
2026-09-05,02:30:28 GMT,V6.2 DIAG | 5 0 1 -0.15000000000000002 0 0.14999999999999997 0 0.05000000000000002 0.5 -0.4 3 5 2 1 0 0 11 0
2026-09-05,02:30:27 GMT,V6.2 BLOCK - final pressure/veto/active/timing gate failed or signal already used
2026-09-05,02:30:27 GMT,SENTINEL V6 MULTI-WINDOW SCAN >>>
2026-09-05,02:30:27 GMT,V6.2 DIAG | 8 0 0 -0.15000000000000002 -0.05714285714285715 0.14999999999999997 0.13333333333333333 0.05000000000000002 0.5 0.4 2 6 3 1 0 0 11 0
2026-09-05,02:30:25 GMT,V6.2 BLOCK - final pressure/veto/active/timing gate failed or signal already used
2026-09-05,02:30:25 GMT,SENTINEL V6 MULTI-WINDOW SCAN >>>
2026-09-05,02:30:25 GMT,V6.2 DIAG | 7 0 2 -0.050000000000000044 -0.08571428571428572 0.04999999999999999 0.2 0.8500000000000001 0 0.4 3 5 2 1 0 0 11 0
2026-09-05,02:30:24 GMT,V6.2 BLOCK - final pressure/veto/active/timing gate failed or signal already used
2026-09-05,02:30:24 GMT,SENTINEL V6 MULTI-WINDOW SCAN >>>
2026-09-05,02:30:24 GMT,V6.2 DIAG | 8 0 2 -0.09999999999999998 -0.028571428571428574 0.09999999999999998 0.06666666666666668 0.35000000000000003 -0.25 0.4 4 4 2 1 0 0 11 0
2026-09-05,02:30:23 GMT,V6.2 BLOCK - final pressure/veto/active/timing gate failed or signal already used
2026-09-05,02:30:23 GMT,SENTINEL V6 MULTI-WINDOW SCAN >>>
2026-09-05,02:30:23 GMT,V6.2 DIAG | 6 0 5 -0.15000000000000002 -0.028571428571428574 0.15000000000000002 0.06666666666666668 0.35000000000000003 -0.20000000000000004 0.4 5 3 1 1 0 0 11 0
2026-09-05,02:30:23 GMT,V6.2 BLOCK - final pressure/veto/active/timing gate failed or signal already used
2026-09-05,02:30:23 GMT,SENTINEL V6 MULTI-WINDOW SCAN >>>
2026-09-05,02:30:23 GMT,V6.2 DIAG | 9 0 1 -0.25 0 0.25 0 0.1 -0.20000000000000004 0.35000000000000003 4 4 2 1 0 0 11 0
2026-09-05,02:30:22 GMT,V6.2 BLOCK - final pressure/veto/active/timing gate failed or signal already used
2026-09-05,02:30:22 GMT,SENTINEL V6 MULTI-WINDOW SCAN >>>
2026-09-05,02:30:22 GMT,V6.2 DIAG | 7 0 6 -0.15000000000000002 0.028571428571428574 0.15000000000000002 -0.06666666666666668 0.1 -0.20000000000000004 -0.15 4 4 3 1 0 0 11 0
2026-09-05,02:30:21 GMT,V6.2 BLOCK - final pressure/veto/active/timing gate failed or signal already used
2026-09-05,02:30:21 GMT,SENTINEL V6 MULTI-WINDOW SCAN >>>
2026-09-05,02:30:21 GMT,V6.2 DIAG | 2 0 7 -0.19999999999999996 0.08571428571428572 0.2 -0.2 -0.4 -0.4499999999999999 -0.15 4 4 3 1 0 0 11 0
2026-09-05,02:30:20 GMT,V6.2 BLOCK - final pressure/veto/active/timing gate failed or signal already used
2026-09-05,02:30:20 GMT,SENTINEL V6 MULTI-WINDOW SCAN >>>
2026-09-05,02:30:20 GMT,V6.2 DIAG | 8 0 6 -0.19999999999999996 0.028571428571428574 0.2 -0.06666666666666668 -0.4 0.35000000000000003 -0.15 4 4 3 1 0 0 11 0
2026-09-05,02:30:19 GMT,V6.2 BLOCK - final pressure/veto/active/timing gate failed or signal already used
2026-09-05,02:30:19 GMT,SENTINEL V6 MULTI-WINDOW SCAN >>>
2026-09-05,02:30:19 GMT,V6.2 DIAG | 0 0 3 -0.09999999999999998 0 0.10000000000000003 0 -0.4 0.65 -0.15 4 4 3 1 0 0 11 0
2026-09-05,02:30:18 GMT,V6.2 BLOCK - final pressure/veto/active/timing gate failed or signal already used
2026-09-05,02:30:18 GMT,SENTINEL V6 MULTI-WINDOW SCAN >>>
2026-09-05,02:30:18 GMT,V6.2 DIAG | 3 0 2 -0.19999999999999996 -0.028571428571428574 0.2 0.06666666666666668 0.35000000000000003 0.65 -0.4 4 4 3 1 0 0 11 0
2026-09-05,02:30:17 GMT,V6.2 BLOCK - final pressure/veto/active/timing gate failed or signal already used
2026-09-05,02:30:17 GMT,SENTINEL V6 MULTI-WINDOW SCAN >>>
2026-09-05,02:30:17 GMT,V6.2 DIAG | 1 0 2 -0.15000000000000002 -0.028571428571428574 0.15000000000000002 0.06666666666666668 0.30000000000000004 0.65 -0.4 4 4 3 1 0 0 11 0
2026-09-05,02:30:14 GMT,V6.2 BLOCK - final pressure/veto/active/timing gate failed or signal already used
2026-09-05,02:30:14 GMT,SENTINEL V6 MULTI-WINDOW SCAN >>>
2026-09-05,02:30:14 GMT,V6.2 DIAG | 8 0 1 -0.25 -0.05714285714285715 0.25 0.13333333333333333 0.05000000000000002 1.4 -0.4 3 5 3 1 0 0 11 0
2026-09-05,02:30:14 GMT,V6.2 BLOCK - final pressure/veto/active/timing gate failed or signal already used
2026-09-05,02:30:14 GMT,SENTINEL V6 MULTI-WINDOW SCAN >>>
2026-09-05,02:30:14 GMT,V6.2 DIAG | 8 0 2 -0.09999999999999998 -0.028571428571428574 0.09999999999999998 0.06666666666666668 0.05000000000000002 0.9 -0.45 4 4 2 1 0 0 11 0
2026-09-05,02:30:13 GMT,V6.2 BLOCK - final pressure/veto/active/timing gate failed or signal already used
2026-09-05,02:30:13 GMT,SENTINEL V6 MULTI-WINDOW SCAN >>>
2026-09-05,02:30:13 GMT,V6.2 DIAG | 7 0 3 0 0 0 0 0.05000000000000002 0.4 -0.45 4 4 1 1 0 0 11 0
2026-09-05,02:30:12 GMT,V6.2 BLOCK - final pressure/veto/active/timing gate failed or signal already used
2026-09-05,02:30:12 GMT,SENTINEL V6 MULTI-WINDOW SCAN >>>
2026-09-05,02:30:12 GMT,V6.2 DIAG | 4 0 7 0.1499999999999999 -0.028571428571428567 -0.15000000000000002 0.06666666666666667 -0.5 0.4 0.35000000000000003 5 3 1 1 0 0 11 0
2026-09-05,02:30:11 GMT,V6.2 BLOCK - final pressure/veto/active/timing gate failed or signal already used
2026-09-05,02:30:11 GMT,SENTINEL V6 MULTI-WINDOW SCAN >>>
2026-09-05,02:30:11 GMT,V6.2 DIAG | 8 0 5 0 0 0 0 -0.75 0.4 0.35000000000000003 5 3 1 1 0 0 11 0
2026-09-05,02:30:11 GMT,V6.2 BLOCK - final pressure/veto/active/timing gate failed or signal already used
2026-09-05,02:30:11 GMT,SENTINEL V6 MULTI-WINDOW SCAN >>>
2026-09-05,02:30:11 GMT,V6.2 DIAG | 4 0 5 -0.050000000000000044 0 0.050000000000000044 0 0.05000000000000002 -0.35000000000000003 0.35000000000000003 6 2 0 1 0 0 11 0
2026-09-05,02:30:10 GMT,V6.2 BLOCK - final pressure/veto/active/timing gate failed or signal already used
2026-09-05,02:30:10 GMT,SENTINEL V6 MULTI-WINDOW SCAN >>>
2026-09-05,02:30:10 GMT,V6.2 DIAG | 4 0 5 -0.050000000000000044 0 0.050000000000000044 0 0.05000000000000002 -0.35000000000000003 0.35000000000000003 5 3 0 1 0 0 11 0
2026-09-05,02:30:09 GMT,V6.2 BLOCK - final pressure/veto/active/timing gate failed or signal already used
2026-09-05,02:30:09 GMT,SENTINEL V6 MULTI-WINDOW SCAN >>>
2026-09-05,02:30:09 GMT,V6.2 DIAG | 9 0 3 -0.050000000000000044 0 0.050000000000000044 0 0.05000000000000002 -0.35000000000000003 0.35000000000000003 4 4 1 1 0 0 11 0
2026-09-05,02:30:08 GMT,V6.2 BLOCK - final pressure/veto/active/timing gate failed or signal already used
2026-09-05,02:30:08 GMT,SENTINEL V6 MULTI-WINDOW SCAN >>>
2026-09-05,02:30:08 GMT,V6.2 DIAG | 6 0 10 -0.050000000000000044 0.05714285714285714 0.050000000000000044 -0.13333333333333336 0 -0.35000000000000003 -0.4 5 3 1 1 0 0 11 0
2026-09-05,02:30:07 GMT,V6.2 BLOCK - final pressure/veto/active/timing gate failed or signal already used