 Date,Time,Message
2026-09-05,02:55:46 GMT,V6.2 BLOCK - final pressure/veto/active/timing gate failed or signal already used
2026-09-05,02:55:46 GMT,SENTINEL V6 MULTI-WINDOW SCAN >>>
2026-09-05,02:55:46 GMT,V6.2 DIAG | 4 0 5 -0.10000000000000009 -0.028571428571428567 0.09999999999999998 0.06666666666666667 0.5 -0.4 0.4 5 3 1 1 0 0 2 0
2026-09-05,02:55:46 GMT,V6.2 BLOCK - final pressure/veto/active/timing gate failed or signal already used
2026-09-05,02:55:46 GMT,SENTINEL V6 MULTI-WINDOW SCAN >>>
2026-09-05,02:55:46 GMT,V6.2 DIAG | 4 0 5 -0.10000000000000009 -0.028571428571428567 0.09999999999999998 0.06666666666666667 0.5 -0.4 0.4 5 3 1 1 0 0 2 0
2026-09-05,02:55:46 GMT,V6.2 BLOCK - final pressure/veto/active/timing gate failed or signal already used
2026-09-05,02:55:46 GMT,SENTINEL V6 MULTI-WINDOW SCAN >>>
2026-09-05,02:55:46 GMT,V6.2 DIAG | 1 0 4 -0.10000000000000009 -0.08571428571428572 0.09999999999999998 0.2 0.5 0.4 0.4 5 3 1 1 0 0 2 0
2026-09-05,02:55:46 GMT,V6.2 BLOCK - final pressure/veto/active/timing gate failed or signal already used
2026-09-05,02:55:46 GMT,SENTINEL V6 MULTI-WINDOW SCAN >>>
2026-09-05,02:55:46 GMT,V6.2 DIAG | 9 0 4 -0.25 -0.05714285714285714 0.25 0.13333333333333336 0.5 0.4 0.15000000000000002 5 3 1 1 0 0 2 0
2026-09-05,02:55:46 GMT,V6.2 BLOCK - final pressure/veto/active/timing gate failed or signal already used
2026-09-05,02:55:46 GMT,SENTINEL V6 MULTI-WINDOW SCAN >>>
2026-09-05,02:55:46 GMT,V6.2 DIAG | 7 0 5 -0.15000000000000002 -0.028571428571428567 0.15 0.06666666666666667 0.5 0.4 -0.35000000000000003 6 2 1 1 0 0 2 0
2026-09-05,02:55:46 GMT,V6.2 BLOCK - final pressure/veto/active/timing gate failed or signal already used
2026-09-05,02:55:46 GMT,SENTINEL V6 MULTI-WINDOW SCAN >>>
2026-09-05,02:55:46 GMT,V6.2 DIAG | 5 0 6 -0.04999999999999993 0 0.05000000000000002 0 0 0.4 -0.35000000000000003 6 2 1 1 0 0 2 0
2026-09-05,02:55:46 GMT,V6.2 BLOCK - final pressure/veto/active/timing gate failed or signal already used
2026-09-05,02:55:46 GMT,SENTINEL V6 MULTI-WINDOW SCAN >>>
2026-09-05,02:55:46 GMT,V6.2 DIAG | 8 0 6 -0.04999999999999993 0 0.05000000000000002 0 0 0.4 -0.35000000000000003 6 2 1 1 0 0 2 0
2026-09-05,02:55:46 GMT,V6.2 BLOCK - final pressure/veto/active/timing gate failed or signal already used
2026-09-05,02:55:46 GMT,SENTINEL V6 MULTI-WINDOW SCAN >>>
2026-09-05,02:55:46 GMT,V6.2 DIAG | 1 0 10 -0.09999999999999998 0.057142857142857134 0.1 -0.13333333333333333 0 -0.1 -0.6000000000000001 7 1 0 1 0 0 2 0
2026-09-05,02:55:46 GMT,V6.2 BLOCK - final pressure/veto/active/timing gate failed or signal already used
2026-09-05,02:55:46 GMT,SENTINEL V6 MULTI-WINDOW SCAN >>>
2026-09-05,02:55:46 GMT,V6.2 DIAG | 3 0 6 -0.04999999999999993 0 0.05000000000000002 0 0 -0.15 0.2 7 1 0 1 0 0 2 0
2026-09-05,02:55:14 GMT,V6.2 BLOCK - final pressure/veto/active/timing gate failed or signal already used
2026-09-05,02:55:14 GMT,SENTINEL V6 MULTI-WINDOW SCAN >>>
2026-09-05,02:55:14 GMT,V6.2 DIAG | 6 0 6 -0.04999999999999993 0 0.05000000000000002 0 0 -0.15 0.2 6 2 0 1 0 0 2 0
2026-09-05,02:55:14 GMT,V6.2 BLOCK - final pressure/veto/active/timing gate failed or signal already used
2026-09-05,02:55:14 GMT,SENTINEL V6 MULTI-WINDOW SCAN >>>
2026-09-05,02:55:14 GMT,V6.2 DIAG | 5 0 6 0 0 0 0 0 -0.2 0.2 6 2 0 0 0 0 2 0
2026-09-05,02:55:14 GMT,V6.2 BLOCK - final pressure/veto/active/timing gate failed or signal already used
2026-09-05,02:55:14 GMT,SENTINEL V6 MULTI-WINDOW SCAN >>>
2026-09-05,02:55:14 GMT,V6.2 DIAG | 1 0 6 0 0 0 0 0 -0.2 0.2 6 2 0 0 0 0 2 0
2026-09-05,02:55:13 GMT,V6.2 BLOCK - final pressure/veto/active/timing gate failed or signal already used
2026-09-05,02:55:13 GMT,SENTINEL V6 MULTI-WINDOW SCAN >>>
2026-09-05,02:55:13 GMT,V6.2 DIAG | 9 0 6 0 -0.057142857142857134 0 0.13333333333333333 0 -0.2 1 6 2 0 1 0 0 2 0
2026-09-05,02:55:13 GMT,V6.2 BLOCK - final pressure/veto/active/timing gate failed or signal already used
2026-09-05,02:55:13 GMT,SENTINEL V6 MULTI-WINDOW SCAN >>>
2026-09-05,02:55:13 GMT,V6.2 DIAG | 6 0 8 0.15000000000000002 -0.028571428571428567 -0.15 0.06666666666666667 -0.05 -0.2 0.5 7 1 0 0 0 0 2 0
2026-09-05,02:55:13 GMT,V6.2 BLOCK - final pressure/veto/active/timing gate failed or signal already used
2026-09-05,02:55:13 GMT,SENTINEL V6 MULTI-WINDOW SCAN >>>
2026-09-05,02:55:13 GMT,V6.2 DIAG | 3 0 8 0.20000000000000007 -0.028571428571428567 -0.19999999999999998 0.06666666666666667 -0.05 -0.2 0.45 7 1 0 0 0 0 2 0
2026-09-05,02:55:13 GMT,V6.2 BLOCK - final pressure/veto/active/timing gate failed or signal already used
2026-09-05,02:55:13 GMT,SENTINEL V6 MULTI-WINDOW SCAN >>>
2026-09-05,02:55:13 GMT,V6.2 DIAG | 1 0 8 0.25 -0.028571428571428567 -0.24999999999999997 0.06666666666666667 -0.1 -0.2 0.45 7 1 0 1 0 0 2 0
2026-09-05,02:55:13 GMT,V6.2 BLOCK - final pressure/veto/active/timing gate failed or signal already used
2026-09-05,02:55:13 GMT,SENTINEL V6 MULTI-WINDOW SCAN >>>
2026-09-05,02:55:13 GMT,V6.2 DIAG | 9 0 8 0.30000000000000004 -0.028571428571428567 -0.30000000000000004 0.06666666666666667 -0.1 -0.2 0.4 7 1 0 1 0 0 2 0
2026-09-05,02:55:13 GMT,V6.2 BLOCK - final pressure/veto/active/timing gate failed or signal already used
2026-09-05,02:55:13 GMT,SENTINEL V6 MULTI-WINDOW SCAN >>>
2026-09-05,02:55:13 GMT,V6.2 DIAG | 2 0 9 0.4 0 -0.4 0 -0.1 -0.2 -0.1 8 0 0 0 0 0 2 0
2026-09-05,02:55:13 GMT,V6.2 BLOCK - final pressure/veto/active/timing gate failed or signal already used
2026-09-05,02:55:13 GMT,SENTINEL V6 MULTI-WINDOW SCAN >>>
2026-09-05,02:55:13 GMT,V6.2 DIAG | 2 0 12 0.25 0.028571428571428567 -0.24999999999999997 -0.06666666666666667 -0.1 -0.45 -0.1 8 0 0 0 0 0 2 0
2026-09-05,02:55:13 GMT,V6.2 BLOCK - final pressure/veto/active/timing gate failed or signal already used
2026-09-05,02:55:13 GMT,SENTINEL V6 MULTI-WINDOW SCAN >>>
2026-09-05,02:55:13 GMT,V6.2 DIAG | 2 0 12 0.10000000000000009 0.057142857142857134 -0.09999999999999998 -0.13333333333333333 -0.1 -0.7000000000000001 -0.1 8 0 0 0 1 0 2 0
2026-09-05,02:55:13 GMT,V6.2 BLOCK - final pressure/veto/active/timing gate failed or signal already used
2026-09-05,02:55:13 GMT,SENTINEL V6 MULTI-WINDOW SCAN >>>
2026-09-05,02:55:13 GMT,V6.2 DIAG | 2 1 12 0.10000000000000009 0.057142857142857134 -0.09999999999999998 -0.13333333333333333 -0.1 -0.7000000000000001 -0.1 7 1 1 0 1 0 2 0
2026-09-05,02:55:13 GMT,V6.2 BLOCK - final pressure/veto/active/timing gate failed or signal already used
2026-09-05,02:55:13 GMT,SENTINEL V6 MULTI-WINDOW SCAN >>>
2026-09-05,02:55:13 GMT,V6.2 DIAG | 0 0 11 0.15000000000000002 0.057142857142857134 -0.14999999999999997 -0.13333333333333333 -0.1 -0.7000000000000001 -0.15 6 2 2 0 1 0 2 1
2026-09-05,02:55:13 GMT,V6.2 BLOCK - final pressure/veto/active/timing gate failed or signal already used
2026-09-05,02:55:13 GMT,SENTINEL V6 MULTI-WINDOW SCAN >>>
2026-09-05,02:55:13 GMT,V6.2 DIAG | 4 0 11 0.15000000000000002 0.057142857142857134 -0.14999999999999997 -0.13333333333333333 -0.1 -0.7000000000000001 -0.15 6 2 2 0 1 0 2 0
2026-09-05,02:55:13 GMT,V6.2 BLOCK - final pressure/veto/active/timing gate failed or signal already used
2026-09-05,02:55:13 GMT,SENTINEL V6 MULTI-WINDOW SCAN >>>
2026-09-05,02:55:13 GMT,V6.2 DIAG | 6 0 7 0.15000000000000002 0 -0.14999999999999997 0 -0.1 0.1 -0.15 6 2 2 0 0 0 2 0
2026-09-05,02:55:13 GMT,V6.2 BLOCK - final pressure/veto/active/timing gate failed or signal already used
2026-09-05,02:55:13 GMT,SENTINEL V6 MULTI-WINDOW SCAN >>>
2026-09-05,02:55:13 GMT,V6.2 DIAG | 0 0 7 0.15000000000000002 -0.057142857142857134 -0.14999999999999997 0.13333333333333333 -0.1 0.9 -0.15 6 2 2 1 0 0 2 0
2026-09-05,02:55:13 GMT,V6.2 BLOCK - final pressure/veto/active/timing gate failed or signal already used
2026-09-05,02:55:13 GMT,SENTINEL V6 MULTI-WINDOW SCAN >>>
2026-09-05,02:55:13 GMT,V6.2 DIAG | 5 0 7 0.20000000000000007 -0.057142857142857134 -0.2 0.13333333333333333 -0.1 0.8500000000000001 -0.15 6 2 2 1 0 0 2 0
2026-09-05,02:55:13 GMT,V6.2 BLOCK - final pressure/veto/active/timing gate failed or signal already used
2026-09-05,02:55:13 GMT,SENTINEL V6 MULTI-WINDOW SCAN >>>
2026-09-05,02:55:13 GMT,V6.2 DIAG | 6 0 7 0.20000000000000007 -0.057142857142857134 -0.2 0.13333333333333333 -0.1 0.8500000000000001 -0.15 6 2 2 1 0 0 2 0
2026-09-05,02:55:13 GMT,V6.2 BLOCK - final pressure/veto/active/timing gate failed or signal already used
2026-09-05,02:55:13 GMT,SENTINEL V6 MULTI-WINDOW SCAN >>>
2026-09-05,02:55:13 GMT,V6.2 DIAG | 8 0 7 0.20000000000000007 -0.057142857142857134 -0.2 0.13333333333333333 -0.1 0.8500000000000001 -0.15 6 2 2 1 0 0 2 0
2026-09-05,02:55:13 GMT,V6.2 BLOCK - final pressure/veto/active/timing gate failed or signal already used
2026-09-05,02:55:13 GMT,SENTINEL V6 MULTI-WINDOW SCAN >>>
2026-09-05,02:55:13 GMT,V6.2 DIAG | 8 0 8 0.15000000000000002 0 -0.14999999999999997 0 -0.1 0.1 -0.15 7 1 1 1 0 0 2 0
2026-09-05,02:55:13 GMT,V6.2 BLOCK - final pressure/veto/active/timing gate failed or signal already used
2026-09-05,02:55:13 GMT,SENTINEL V6 MULTI-WINDOW SCAN >>>
2026-09-05,02:55:13 GMT,V6.2 DIAG | 4 0 12 0.25 0.028571428571428567 -0.24999999999999997 -0.06666666666666667 -0.1 -0.4 -0.15 8 0 0 0 0 0 2 0
2026-09-05,02:55:13 GMT,V6.2 BLOCK - final pressure/veto/active/timing gate failed or signal already used
2026-09-05,02:55:13 GMT,SENTINEL V6 MULTI-WINDOW SCAN >>>
2026-09-05,02:55:13 GMT,V6.2 DIAG | 1 0 12 0.15000000000000002 0.057142857142857134 -0.14999999999999997 -0.13333333333333333 -0.1 -0.65 -0.2 7 1 1 0 1 0 2 0
2026-09-05,02:55:13 GMT,V6.2 BLOCK - final pressure/veto/active/timing gate failed or signal already used
2026-09-05,02:55:13 GMT,SENTINEL V6 MULTI-WINDOW SCAN >>>
2026-09-05,02:55:13 GMT,V6.2 DIAG | 2 0 12 0.15000000000000002 0.057142857142857134 -0.14999999999999997 -0.13333333333333333 -0.1 -0.65 -0.2 7 1 1 1 1 0 2 0
2026-09-05,02:55:13 GMT,V6.2 BLOCK - final pressure/veto/active/timing gate failed or signal already used
2026-09-05,02:55:13 GMT,SENTINEL V6 MULTI-WINDOW SCAN >>>
2026-09-05,02:55:13 GMT,V6.2 DIAG | 5 0 11 0.20000000000000007 0.057142857142857134 -0.2 -0.13333333333333333 -0.1 -0.7000000000000001 -0.2 6 2 2 0 1 0 2 0
2026-09-05,02:55:13 GMT,V6.2 BLOCK - final pressure/veto/active/timing gate failed or signal already used
2026-09-05,02:55:13 GMT,SENTINEL V6 MULTI-WINDOW SCAN >>>
2026-09-05,02:55:13 GMT,V6.2 DIAG | 6 0 9 0.04999999999999993 0.028571428571428567 -0.04999999999999999 -0.06666666666666667 -0.35000000000000003 0.1 -0.2 6 2 2 1 0 0 2 0
2026-09-05,02:55:13 GMT,V6.2 BLOCK - final pressure/veto/active/timing gate failed or signal already used
2026-09-05,02:55:13 GMT,SENTINEL V6 MULTI-WINDOW SCAN >>>
2026-09-05,02:55:13 GMT,V6.2 DIAG | 4 0 8 -0.09999999999999998 0.05714285714285714 0.10000000000000003 -0.13333333333333336 -0.35000000000000003 0.1 -0.45 6 2 2 1 0 0 2 0
2026-09-05,02:55:13 GMT,V6.2 BLOCK - final pressure/veto/active/timing gate failed or signal already used
2026-09-05,02:55:13 GMT,SENTINEL V6 MULTI-WINDOW SCAN >>>
2026-09-05,02:55:13 GMT,V6.2 DIAG | 6 0 8 -0.19999999999999996 0.028571428571428574 0.2 -0.06666666666666668 -0.6000000000000001 0.9 -0.5 5 3 2 1 0 0 2 0
2026-09-05,02:55:13 GMT,V6.2 BLOCK - final pressure/veto/active/timing gate failed or signal already used
2026-09-05,02:55:13 GMT,SENTINEL V6 MULTI-WINDOW SCAN >>>
2026-09-05,02:55:13 GMT,V6.2 DIAG | 6 0 5 -0.29999999999999993 0.05714285714285715 0.3 -0.13333333333333333 -0.6000000000000001 0.8500000000000001 -0.75 4 4 2 1 0 0 2 0
2026-09-05,02:55:13 GMT,V6.2 BLOCK - final pressure/veto/active/timing gate failed or signal already used
2026-09-05,02:55:13 GMT,SENTINEL V6 MULTI-WINDOW SCAN >>>
2026-09-05,02:55:13 GMT,V6.2 DIAG | 8 0 5 -0.29999999999999993 0.05714285714285715 0.3 -0.13333333333333333 -0.6000000000000001 0.8500000000000001 -0.75 3 5 2 1 0 0 2 0
2026-09-05,02:55:13 GMT,V6.2 BLOCK - final pressure/veto/active/timing gate failed or signal already used
2026-09-05,02:55:13 GMT,SENTINEL V6 MULTI-WINDOW SCAN >>>
2026-09-05,02:55:13 GMT,V6.2 DIAG | 5 0 6 -0.19999999999999996 0.028571428571428574 0.2 -0.06666666666666668 0.2 0.35000000000000003 -0.75 3 5 1 1 0 0 2 0
2026-09-05,02:55:13 GMT,V6.2 BLOCK - final pressure/veto/active/timing gate failed or signal already used
2026-09-05,02:55:13 GMT,SENTINEL V6 MULTI-WINDOW SCAN >>>
2026-09-05,02:55:13 GMT,V6.2 DIAG | 8 0 2 -0.19999999999999996 -0.028571428571428574 0.2 0.06666666666666668 0.2 0.35000000000000003 0.05000000000000002 3 5 1 1 0 0 2 0
2026-09-05,02:55:13 GMT,V6.2 BLOCK - final pressure/veto/active/timing gate failed or signal already used
2026-09-05,02:55:13 GMT,SENTINEL V6 MULTI-WINDOW SCAN >>>
2026-09-05,02:55:13 GMT,V6.2 DIAG | 1 0 3 -0.09999999999999998 -0.05714285714285714 0.10000000000000003 0.13333333333333336 1 -0.15 0.05000000000000002 4 4 0 1 0 0 2 0
2026-09-05,02:55:13 GMT,V6.2 BLOCK - final pressure/veto/active/timing gate failed or signal already used
2026-09-05,02:55:13 GMT,SENTINEL V6 MULTI-WINDOW SCAN >>>
2026-09-05,02:55:13 GMT,V6.2 DIAG | 3 0 3 -0.19999999999999996 -0.08571428571428572 0.2 0.2 1 -0.2 0.6 4 4 0 1 0 0 2 0
2026-09-05,02:54:41 GMT,V6.2 BLOCK - final pressure/veto/active/timing gate failed or signal already used
2026-09-05,02:54:41 GMT,SENTINEL V6 MULTI-WINDOW SCAN >>>
2026-09-05,02:54:41 GMT,V6.2 DIAG | 7 0 3 -0.19999999999999996 -0.08571428571428572 0.2 0.2 1 -0.2 0.6 4 4 0 1 0 0 2 0
2026-09-05,02:54:41 GMT,V6.2 BLOCK - final pressure/veto/active/timing gate failed or signal already used
2026-09-05,02:54:41 GMT,SENTINEL V6 MULTI-WINDOW SCAN >>>
2026-09-05,02:54:41 GMT,V6.2 DIAG | 9 0 3 -0.050000000000000044 -0.05714285714285714 0.050000000000000044 0.13333333333333336 0.5 -0.25 0.6 4 4 0 1 0 0 2 0
2026-09-05,02:54:41 GMT,V6.2 BLOCK - final pressure/veto/active/timing gate failed or signal already used
2026-09-05,02:54:41 GMT,SENTINEL V6 MULTI-WINDOW SCAN >>>
2026-09-05,02:54:41 GMT,V6.2 DIAG | 7 0 7 0.09999999999999998 -0.028571428571428567 -0.10000000000000003 0.06666666666666667 0.5 -0.25 0.05000000000000002 5 3 0 0 0 0 2 0
2026-09-05,02:54:41 GMT,V6.2 BLOCK - final pressure/veto/active/timing gate failed or signal already used
2026-09-05,02:54:41 GMT,SENTINEL V6 MULTI-WINDOW SCAN >>>
2026-09-05,02:54:41 GMT,V6.2 DIAG | 9 0 10 0.04999999999999993 0.028571428571428567 -0.04999999999999999 -0.06666666666666667 0 -0.5 0.05000000000000002 6 2 0 1 0 0 2 0
2026-09-05,02:54:41 GMT,V6.2 BLOCK - final pressure/veto/active/timing gate failed or signal already used
2026-09-05,02:54:41 GMT,SENTINEL V6 MULTI-WINDOW SCAN >>>
2026-09-05,02:54:41 GMT,V6.2 DIAG | 4 0 8 0.15000000000000002 0 -0.14999999999999997 0 0 -0.5 0.35000000000000003 7 1 0 1 0 0 2 0
2026-09-05,02:54:41 GMT,V6.2 BLOCK - final pressure/veto/active/timing gate failed or signal already used
2026-09-05,02:54:41 GMT,SENTINEL V6 MULTI-WINDOW SCAN >>>
2026-09-05,02:54:41 GMT,V6.2 DIAG | 6 0 8 0.20000000000000007 0 -0.2 0 -0.05 -0.5 0.35000000000000003 6 2 1 0 0 0 2 0
2026-09-05,02:54:41 GMT,V6.2 BLOCK - final pressure/veto/active/timing gate failed or signal already used
2026-09-05,02:54:41 GMT,SENTINEL V6 MULTI-WINDOW SCAN >>>
2026-09-05,02:54:41 GMT,V6.2 DIAG | 1 0 8 0.20000000000000007 0 -0.2 0 -0.05 -0.5 0.35000000000000003 6 2 1 0 0 0 2 0
2026-09-05,02:54:40 GMT,V6.2 BLOCK - final pressure/veto/active/timing gate failed or signal already used
2026-09-05,02:54:40 GMT,SENTINEL V6 MULTI-WINDOW SCAN >>>
2026-09-05,02:54:40 GMT,V6.2 DIAG | 6 0 8 0.25 0 -0.25 0 -0.05 -0.5 0.30000000000000004 6 2 1 0 0 0 2 0
2026-09-05,02:54:40 GMT,V6.2 BLOCK - final pressure/veto/active/timing gate failed or signal already used
2026-09-05,02:54:40 GMT,SENTINEL V6 MULTI-WINDOW SCAN >>>
2026-09-05,02:54:40 GMT,V6.2 DIAG | 9 0 8 0.1499999999999999 -0.028571428571428567 -0.15000000000000002 0.06666666666666667 -0.05 0.30000000000000004 0 6 2 1 1 0 0 2 0
2026-09-05,02:54:40 GMT,V6.2 BLOCK - final pressure/veto/active/timing gate failed or signal already used
2026-09-05,02:54:40 GMT,SENTINEL V6 MULTI-WINDOW SCAN >>>
2026-09-05,02:54:40 GMT,V6.2 DIAG | 3 0 8 0.25 0 -0.25 0 -0.05 0.30000000000000004 -0.5 7 1 1 1 0 0 2 0
2026-09-05,02:54:40 GMT,V6.2 BLOCK - final pressure/veto/active/timing gate failed or signal already used
2026-09-05,02:54:40 GMT,SENTINEL V6 MULTI-WINDOW SCAN >>>
2026-09-05,02:54:40 GMT,V6.2 DIAG | 5 0 11 0.09999999999999998 0.028571428571428567 -0.10000000000000003 -0.06666666666666667 -0.05 0.05000000000000002 -0.5 6 2 1 0 1 0 2 0
2026-09-05,02:54:40 GMT,V6.2 BLOCK - final pressure/veto/active/timing gate failed or signal already used
2026-09-05,02:54:40 GMT,SENTINEL V6 MULTI-WINDOW SCAN >>>
2026-09-05,02:54:40 GMT,V6.2 DIAG | 1 0 11 0.1499999999999999 0.028571428571428567 -0.15000000000000002 -0.06666666666666667 -0.05 0.05000000000000002 -0.55 6 2 1 0 1 0 2 0
2026-09-05,02:54:40 GMT,V6.2 BLOCK - final pressure/veto/active/timing gate failed or signal already used
2026-09-05,02:54:40 GMT,SENTINEL V6 MULTI-WINDOW SCAN >>>
2026-09-05,02:54:40 GMT,V6.2 DIAG | 8 0 10 0.1499999999999999 0.028571428571428567 -0.15000000000000002 -0.06666666666666667 -0.05 0.05000000000000002 -0.55 5 3 2 0 1 0 2 0
2026-09-05,02:54:40 GMT,V6.2 BLOCK - final pressure/veto/active/timing gate failed or signal already used
2026-09-05,02:54:40 GMT,SENTINEL V6 MULTI-WINDOW SCAN >>>
2026-09-05,02:54:40 GMT,V6.2 DIAG | 0 0 12 0.1499999999999999 0.028571428571428567 -0.15000000000000002 -0.06666666666666667 -0.05 -0.45 -0.04999999999999999 6 2 1 0 0 0 2 0
2026-09-05,02:54:40 GMT,V6.2 BLOCK - final pressure/veto/active/timing gate failed or signal already used
2026-09-05,02:54:40 GMT,SENTINEL V6 MULTI-WINDOW SCAN >>>
2026-09-05,02:54:40 GMT,V6.2 DIAG | 6 0 10 0 0.05714285714285714 0 -0.13333333333333336 -0.05 -0.7000000000000001 -0.04999999999999999 6 2 1 0 0 0 2 0
2026-09-05,02:54:40 GMT,V6.2 BLOCK - final pressure/veto/active/timing gate failed or signal already used
2026-09-05,02:54:40 GMT,SENTINEL V6 MULTI-WINDOW SCAN >>>
2026-09-05,02:54:40 GMT,V6.2 DIAG | 0 0 6 0 0 0 0 -0.05 0.1 -0.04999999999999999 5 3 1 0 0 0 2 0
2026-09-05,02:54:40 GMT,V6.2 BLOCK - final pressure/veto/active/timing gate failed or signal already used
2026-09-05,02:54:40 GMT,SENTINEL V6 MULTI-WINDOW SCAN >>>
2026-09-05,02:54:40 GMT,V6.2 DIAG | 6 0 3 0 0 0 0 -0.05 0.1 -0.04999999999999999 4 4 2 0 0 0 2 0
2026-09-05,02:54:40 GMT,V6.2 BLOCK - final pressure/veto/active/timing gate failed or signal already used
2026-09-05,02:54:40 GMT,SENTINEL V6 MULTI-WINDOW SCAN >>>
2026-09-05,02:54:40 GMT,V6.2 DIAG | 9 0 3 0 0 0 0 -0.05 0.1 -0.04999999999999999 4 4 2 1 0 0 2 0
2026-09-05,02:54:40 GMT,V6.2 BLOCK - final pressure/veto/active/timing gate failed or signal already used
2026-09-05,02:54:40 GMT,SENTINEL V6 MULTI-WINDOW SCAN >>>
2026-09-05,02:54:40 GMT,V6.2 DIAG | 0 0 6 0.09999999999999998 -0.028571428571428567 -0.10000000000000003 0.06666666666666667 -0.05 0.1 0.25 5 3 2 0 0 0 2 0
2026-09-05,02:54:40 GMT,V6.2 BLOCK - final pressure/veto/active/timing gate failed or signal already used
2026-09-05,02:54:40 GMT,SENTINEL V6 MULTI-WINDOW SCAN >>>
2026-09-05,02:54:40 GMT,V6.2 DIAG | 8 0 4 -0.050000000000000044 -0.05714285714285714 0.050000000000000044 0.13333333333333336 -0.05 0.65 0.25 5 3 2 1 0 0 2 0
2026-09-05,02:54:40 GMT,V6.2 BLOCK - final pressure/veto/active/timing gate failed or signal already used
2026-09-05,02:54:40 GMT,SENTINEL V6 MULTI-WINDOW SCAN >>>
2026-09-05,02:54:40 GMT,V6.2 DIAG | 0 0 6 0.04999999999999993 -0.028571428571428567 -0.04999999999999999 0.06666666666666667 -0.05 0.15000000000000002 0.25 6 2 1 1 0 0 2 0
2026-09-05,02:54:40 GMT,V6.2 BLOCK - final pressure/veto/active/timing gate failed or signal already used
2026-09-05,02:54:40 GMT,SENTINEL V6 MULTI-WINDOW SCAN >>>
2026-09-05,02:54:40 GMT,V6.2 DIAG | 0 0 5 -0.09999999999999998 0 0.10000000000000003 0 -0.05 -0.10000000000000003 0.25 5 3 2 1 0 0 2 0
2026-09-05,02:54:40 GMT,V6.2 BLOCK - final pressure/veto/active/timing gate failed or signal already used
2026-09-05,02:54:40 GMT,SENTINEL V6 MULTI-WINDOW SCAN >>>
2026-09-05,02:54:40 GMT,V6.2 DIAG | 9 0 9 -0.19999999999999996 0.028571428571428574 0.2 -0.06666666666666668 -0.1 -0.10000000000000003 0 5 3 2 1 0 0 2 0
2026-09-05,02:54:40 GMT,V6.2 BLOCK - final pressure/veto/active/timing gate failed or signal already used
2026-09-05,02:54:40 GMT,SENTINEL V6 MULTI-WINDOW SCAN >>>
2026-09-05,02:54:40 GMT,V6.2 DIAG | 8 0 9 -0.050000000000000044 0.05714285714285714 0.050000000000000044 -0.13333333333333336 -0.1 -0.15000000000000002 -0.5 5 3 3 1 0 0 2 0
2026-09-05,02:54:40 GMT,V6.2 BLOCK - final pressure/veto/active/timing gate failed or signal already used
2026-09-05,02:54:40 GMT,SENTINEL V6 MULTI-WINDOW SCAN >>>
2026-09-05,02:54:40 GMT,V6.2 DIAG | 1 0 10 0.09999999999999998 0.028571428571428567 -0.10000000000000003 -0.06666666666666667 -0.15 0.15000000000000002 -0.5 5 3 2 1 0 0 2 0
2026-09-05,02:54:40 GMT,V6.2 BLOCK - final pressure/veto/active/timing gate failed or signal already used
2026-09-05,02:54:40 GMT,SENTINEL V6 MULTI-WINDOW SCAN >>>
2026-09-05,02:54:40 GMT,V6.2 DIAG | 0 0 8 -0.050000000000000044 0.05714285714285714 0.050000000000000044 -0.13333333333333336 -0.4 0.15000000000000002 -0.5 5 3 2 1 0 0 2 0
2026-09-05,02:54:40 GMT,V6.2 BLOCK - final pressure/veto/active/timing gate failed or signal already used
2026-09-05,02:54:40 GMT,SENTINEL V6 MULTI-WINDOW SCAN >>>
2026-09-05,02:54:40 GMT,V6.2 DIAG | 4 0 5 -0.050000000000000044 0 0.050000000000000044 0 -0.4 0.9500000000000001 -0.5 5 3 2 1 0 0 2 0
2026-09-05,02:54:40 GMT,V6.2 BLOCK - final pressure/veto/active/timing gate failed or signal already used
2026-09-05,02:54:40 GMT,SENTINEL V6 MULTI-WINDOW SCAN >>>
2026-09-05,02:54:40 GMT,V6.2 DIAG | 1 0 2 -0.19999999999999996 -0.028571428571428574 0.2 0.06666666666666668 -0.4 0.9500000000000001 0.05000000000000002 4 4 2 1 0 0 2 0
2026-09-05,02:54:40 GMT,V6.2 BLOCK - final pressure/veto/active/timing gate failed or signal already used
2026-09-05,02:54:40 GMT,SENTINEL V6 MULTI-WINDOW SCAN >>>
2026-09-05,02:54:40 GMT,V6.2 DIAG | 8 0 2 -0.35 0 0.35 0 -0.4 0.9500000000000001 -0.20000000000000004 4 4 2 1 0 0 2 0
2026-09-05,02:54:40 GMT,V6.2 BLOCK - final pressure/veto/active/timing gate failed or signal already used
2026-09-05,02:54:40 GMT,SENTINEL V6 MULTI-WINDOW SCAN >>>
2026-09-05,02:54:40 GMT,V6.2 DIAG | 5 0 7 -0.19999999999999996 0.028571428571428574 0.2 -0.06666666666666668 -0.4 0.45 -0.25 4 4 1 1 0 0 2 0
2026-09-05,02:54:40 GMT,V6.2 BLOCK - final pressure/veto/active/timing gate failed or signal already used
2026-09-05,02:54:40 GMT,SENTINEL V6 MULTI-WINDOW SCAN >>>
2026-09-05,02:54:40 GMT,V6.2 DIAG | 8 0 3 -0.15000000000000002 -0.028571428571428574 0.15000000000000002 0.06666666666666668 0.35000000000000003 0.45 -0.25 3 5 1 1 0 0 2 0
2026-09-05,02:54:40 GMT,V6.2 BLOCK - final pressure/veto/active/timing gate failed or signal already used
2026-09-05,02:54:40 GMT,SENTINEL V6 MULTI-WINDOW SCAN >>>
2026-09-05,02:54:40 GMT,V6.2 DIAG | 9 0 7 -0.19999999999999996 0.028571428571428574 0.2 -0.06666666666666668 0.35000000000000003 -0.05 -0.4999999999999999 4 4 0 1 0 0 2 0
2026-09-05,02:54:40 GMT,V6.2 BLOCK - final pressure/veto/active/timing gate failed or signal already used
2026-09-05,02:54:40 GMT,SENTINEL V6 MULTI-WINDOW SCAN >>>
2026-09-05,02:54:40 GMT,V6.2 DIAG | 0 0 6 -0.09999999999999998 0 0.10000000000000003 0 0.35000000000000003 -0.05 -0.20000000000000004 5 3 0 1 0 0 2 0
2026-09-05,02:54:07 GMT,V6.2 BLOCK - final pressure/veto/active/timing gate failed or signal already used
2026-09-05,02:54:07 GMT,SENTINEL V6 MULTI-WINDOW SCAN >>>
2026-09-05,02:54:07 GMT,V6.2 DIAG | 2 0 3 -0.25 -0.028571428571428574 0.25 0.06666666666666668 0.35000000000000003 -0.05 0.35000000000000003 4 4 0 1 0 0 2 0
2026-09-05,02:54:07 GMT,V6.2 BLOCK - final pressure/veto/active/timing gate failed or signal already used
2026-09-05,02:54:07 GMT,SENTINEL V6 MULTI-WINDOW SCAN >>>
2026-09-05,02:54:07 GMT,V6.2 DIAG | 7 0 3 -0.19999999999999996 -0.028571428571428574 0.2 0.06666666666666668 0.35000000000000003 -0.1 0.35000000000000003 4 4 0 1 0 0 2 0
2026-09-05,02:54:07 GMT,V6.2 BLOCK - final pressure/veto/active/timing gate failed or signal already used
2026-09-05,02:54:07 GMT,SENTINEL V6 MULTI-WINDOW SCAN >>>
2026-09-05,02:54:07 GMT,V6.2 DIAG | 0 0 4 -0.09999999999999998 0 0.10000000000000003 0 -0.15 -0.1 0.35000000000000003 4 4 0 1 0 0 2 0
2026-09-05,02:54:07 GMT,V6.2 BLOCK - final pressure/veto/active/timing gate failed or signal already used
2026-09-05,02:54:07 GMT,SENTINEL V6 MULTI-WINDOW SCAN >>>
2026-09-05,02:54:07 GMT,V6.2 DIAG | 9 0 4 -0.050000000000000044 -0.05714285714285714 0.050000000000000044 0.13333333333333336 -0.15 -0.1 1.1 4 4 0 1 0 0 2 0
2026-09-05,02:54:07 GMT,V6.2 BLOCK - final pressure/veto/active/timing gate failed or signal already used
2026-09-05,02:54:07 GMT,SENTINEL V6 MULTI-WINDOW SCAN >>>
2026-09-05,02:54:07 GMT,V6.2 DIAG | 9 0 7 0.04999999999999993 -0.028571428571428567 -0.04999999999999999 0.06666666666666667 -0.15 -0.1 0.6 5 3 0 1 0 0 2 0
2026-09-05,02:54:07 GMT,V6.2 BLOCK - final pressure/veto/active/timing gate failed or signal already used
2026-09-05,02:54:07 GMT,SENTINEL V6 MULTI-WINDOW SCAN >>>
2026-09-05,02:54:07 GMT,V6.2 DIAG | 5 0 8 0.20000000000000007 -0.057142857142857134 -0.2 0.13333333333333333 -0.2 -0.1 0.9 6 2 0 0 0 0 2 0
2026-09-05,02:54:07 GMT,V6.2 BLOCK - final pressure/veto/active/timing gate failed or signal already used
2026-09-05,02:54:07 GMT,SENTINEL V6 MULTI-WINDOW SCAN >>>
2026-09-05,02:54:07 GMT,V6.2 DIAG | 4 0 8 0.20000000000000007 -0.057142857142857134 -0.2 0.13333333333333333 -0.2 -0.1 0.9 6 2 0 0 0 0 2 0
2026-09-05,02:54:07 GMT,V6.2 BLOCK - final pressure/veto/active/timing gate failed or signal already used
2026-09-05,02:54:07 GMT,SENTINEL V6 MULTI-WINDOW SCAN >>>
2026-09-05,02:54:07 GMT,V6.2 DIAG | 9 0 8 0.20000000000000007 -0.057142857142857134 -0.2 0.13333333333333333 -0.2 -0.1 0.9 6 2 0 1 0 0 2 0
2026-09-05,02:54:07 GMT,V6.2 BLOCK - final pressure/veto/active/timing gate failed or signal already used
2026-09-05,02:54:07 GMT,SENTINEL V6 MULTI-WINDOW SCAN >>>
2026-09-05,02:54:07 GMT,V6.2 DIAG | 6 0 8 0.35 -0.028571428571428567 -0.35 0.06666666666666667 -0.2 -0.1 0.35000000000000003 7 1 0 0 0 0 2 0
2026-09-05,02:54:07 GMT,V6.2 BLOCK - final pressure/veto/active/timing gate failed or signal already used
2026-09-05,02:54:07 GMT,SENTINEL V6 MULTI-WINDOW SCAN >>>
2026-09-05,02:54:07 GMT,V6.2 DIAG | 9 0 8 0.25 0 -0.25 0 -0.5 -0.1 0.35000000000000003 7 1 0 0 0 0 2 0
2026-09-05,02:54:07 GMT,V6.2 BLOCK - final pressure/veto/active/timing gate failed or signal already used
2026-09-05,02:54:07 GMT,SENTINEL V6 MULTI-WINDOW SCAN >>>
2026-09-05,02:54:07 GMT,V6.2 DIAG | 5 0 12 0.20000000000000007 0.057142857142857134 -0.2 -0.13333333333333333 -0.5 -0.35000000000000003 -0.15 8 0 0 0 0 0 2 0
2026-09-05,02:54:07 GMT,V6.2 BLOCK - final pressure/veto/active/timing gate failed or signal already used
2026-09-05,02:54:07 GMT,SENTINEL V6 MULTI-WINDOW SCAN >>>
2026-09-05,02:54:07 GMT,V6.2 DIAG | 5 0 12 0.09999999999999998 0.08571428571428572 -0.10000000000000003 -0.2 -0.75 -0.4 -0.15 7 1 0 0 1 0 2 0
2026-09-05,02:54:06 GMT,V6.2 BLOCK - final pressure/veto/active/timing gate failed or signal already used
2026-09-05,02:54:06 GMT,SENTINEL V6 MULTI-WINDOW SCAN >>>
2026-09-05,02:54:06 GMT,V6.2 DIAG | 3 0 12 0.1499999999999999 0.08571428571428572 -0.15000000000000002 -0.2 -0.8 -0.4 -0.15 6 2 1 0 1 0 2 0
2026-09-05,02:54:06 GMT,V6.2 BLOCK - final pressure/veto/active/timing gate failed or signal already used
2026-09-05,02:54:06 GMT,SENTINEL V6 MULTI-WINDOW SCAN >>>
2026-09-05,02:54:06 GMT,V6.2 DIAG | 5 0 12 0.19999999999999996 0.08571428571428572 -0.2 -0.2 -0.8 -0.4 -0.2 5 3 1 1 1 0 2 0
2026-09-05,02:54:06 GMT,V6.2 BLOCK - final pressure/veto/active/timing gate failed or signal already used
2026-09-05,02:54:06 GMT,SENTINEL V6 MULTI-WINDOW SCAN >>>
2026-09-05,02:54:06 GMT,V6.2 DIAG | 1 0 12 0.24999999999999994 0.028571428571428567 -0.25000000000000006 -0.06666666666666667 0 -0.4 -0.25 5 3 1 0 1 0 2 0
2026-09-05,02:54:06 GMT,V6.2 BLOCK - final pressure/veto/active/timing gate failed or signal already used
2026-09-05,02:54:06 GMT,SENTINEL V6 MULTI-WINDOW SCAN >>>
2026-09-05,02:54:06 GMT,V6.2 DIAG | 2 0 8 0.24999999999999994 -0.028571428571428567 -0.25000000000000006 0.06666666666666667 0 0.4 -0.25 5 3 1 1 0 0 2 0
2026-09-05,02:54:06 GMT,V6.2 BLOCK - final pressure/veto/active/timing gate failed or signal already used
2026-09-05,02:54:06 GMT,SENTINEL V6 MULTI-WINDOW SCAN >>>
2026-09-05,02:54:06 GMT,V6.2 DIAG | 4 0 7 0.09999999999999998 -0.05714285714285714 -0.09999999999999998 0.13333333333333336 0.8 0.4 -0.5 5 3 1 1 0 0 2 0
2026-09-05,02:54:06 GMT,V6.2 BLOCK - final pressure/veto/active/timing gate failed or signal already used
2026-09-05,02:54:06 GMT,SENTINEL V6 MULTI-WINDOW SCAN >>>
2026-09-05,02:54:06 GMT,V6.2 DIAG | 3 0 5 -0.050000000000000044 -0.028571428571428574 0.04999999999999999 0.06666666666666668 0.55 0.4 -0.5 5 3 1 1 0 0 2 0
2026-09-05,02:54:06 GMT,V6.2 BLOCK - final pressure/veto/active/timing gate failed or signal already used
2026-09-05,02:54:06 GMT,SENTINEL V6 MULTI-WINDOW SCAN >>>
2026-09-05,02:54:06 GMT,V6.2 DIAG | 7 0 3 -0.050000000000000044 -0.028571428571428574 0.04999999999999999 0.06666666666666668 0.55 0.4 -0.5 4 4 1 1 0 0 2 0
2026-09-05,02:54:06 GMT,V6.2 BLOCK - final pressure/veto/active/timing gate failed or signal already used
2026-09-05,02:54:06 GMT,SENTINEL V6 MULTI-WINDOW SCAN >>>
2026-09-05,02:54:06 GMT,V6.2 DIAG | 8 0 4 0.04999999999999993 0 -0.04999999999999999 0 0.05000000000000002 0.4 -0.5 4 4 1 1 0 0 2 0
2026-09-05,02:54:06 GMT,V6.2 BLOCK - final pressure/veto/active/timing gate failed or signal already used
2026-09-05,02:54:06 GMT,SENTINEL V6 MULTI-WINDOW SCAN >>>
2026-09-05,02:54:06 GMT,V6.2 DIAG | 7 0 11 0.1499999999999999 0.028571428571428567 -0.15000000000000002 -0.06666666666666667 0.05000000000000002 -0.1 -0.5 5 3 0 0 1 0 2 0
2026-09-05,02:54:06 GMT,V6.2 BLOCK - final pressure/veto/active/timing gate failed or signal already used
2026-09-05,02:54:06 GMT,SENTINEL V6 MULTI-WINDOW SCAN >>>
2026-09-05,02:54:06 GMT,V6.2 DIAG | 3 0 11 0.09999999999999998 0.028571428571428567 -0.10000000000000003 -0.06666666666666667 -0.45 -0.35000000000000003 0.30000000000000004 6 2 0 0 1 0 2 0
2026-09-05,02:54:06 GMT,V6.2 BLOCK - final pressure/veto/active/timing gate failed or signal already used
2026-09-05,02:54:06 GMT,SENTINEL V6 MULTI-WINDOW SCAN >>>
2026-09-05,02:54:06 GMT,V6.2 DIAG | 5 0 7 0.09999999999999998 -0.028571428571428567 -0.10000000000000003 0.06666666666666667 0.35000000000000003 -0.35000000000000003 0.30000000000000004 6 2 0 0 0 0 2 0
2026-09-05,02:54:06 GMT,V6.2 BLOCK - final pressure/veto/active/timing gate failed or signal already used
2026-09-05,02:54:06 GMT,SENTINEL V6 MULTI-WINDOW SCAN >>>
2026-09-05,02:54:06 GMT,V6.2 DIAG | 4 0 5 -0.050000000000000044 0 0.050000000000000044 0 0.35000000000000003 -0.35000000000000003 0.05000000000000002 5 3 1 1 0 0 2 0
2026-09-05,02:54:06 GMT,V6.2 BLOCK - final pressure/veto/active/timing gate failed or signal already used
2026-09-05,02:54:06 GMT,SENTINEL V6 MULTI-WINDOW SCAN >>>
2026-09-05,02:54:06 GMT,V6.2 DIAG | 5 0 5 0 0 0 0 0.30000000000000004 -0.35000000000000003 0.05000000000000002 5 3 1 1 0 0 2 0
2026-09-05,02:54:06 GMT,V6.2 BLOCK - final pressure/veto/active/timing gate failed or signal already used
2026-09-05,02:54:06 GMT,SENTINEL V6 MULTI-WINDOW SCAN >>>
2026-09-05,02:54:06 GMT,V6.2 DIAG | 9 0 6 -0.15000000000000002 0.028571428571428574 0.15000000000000002 -0.06666666666666668 0.05000000000000002 -0.35000000000000003 0.05000000000000002 4 4 1 1 0 0 2 0
2026-09-05,02:54:06 GMT,V6.2 BLOCK - final pressure/veto/active/timing gate failed or signal already used
2026-09-05,02:54:06 GMT,SENTINEL V6 MULTI-WINDOW SCAN >>>
2026-09-05,02:54:06 GMT,V6.2 DIAG | 7 0 5 -0.050000000000000044 0 0.050000000000000044 0 0.05000000000000002 0.45 -0.45 5 3 1 1 0 0 2 0
2026-09-05,02:54:06 GMT,V6.2 BLOCK - final pressure/veto/active/timing gate failed or signal already used
2026-09-05,02:54:06 GMT,SENTINEL V6 MULTI-WINDOW SCAN >>>
2026-09-05,02:54:06 GMT,V6.2 DIAG | 6 0 10 0.04999999999999993 0.028571428571428567 -0.04999999999999999 -0.06666666666666667 -0.45 0.45 -0.45 5 3 1 1 0 0 2 0
2026-09-05,02:54:06 GMT,V6.2 BLOCK - final pressure/veto/active/timing gate failed or signal already used
2026-09-05,02:54:06 GMT,SENTINEL V6 MULTI-WINDOW SCAN >>>
2026-09-05,02:54:06 GMT,V6.2 DIAG | 0 0 5 -0.09999999999999998 0 0.10000000000000003 0 -0.45 0.45 0.1 5 3 1 1 0 0 2 0
2026-09-05,02:54:06 GMT,V6.2 BLOCK - final pressure/veto/active/timing gate failed or signal already used
2026-09-05,02:54:06 GMT,SENTINEL V6 MULTI-WINDOW SCAN >>>
2026-09-05,02:54:06 GMT,V6.2 DIAG | 0 0 8 -0.25 0.028571428571428574 0.25 -0.06666666666666668 -0.7000000000000001 0.45 0.1 5 3 1 1 0 0 2 0
2026-09-05,02:54:06 GMT,V6.2 BLOCK - final pressure/veto/active/timing gate failed or signal already used
2026-09-05,02:54:06 GMT,SENTINEL V6 MULTI-WINDOW SCAN >>>
2026-09-05,02:54:06 GMT,V6.2 DIAG | 8 0 2 -0.25 -0.028571428571428574 0.25 0.06666666666666668 0.1 0.45 0.1 4 4 1 1 0 0 2 0
2026-09-05,02:54:06 GMT,V6.2 BLOCK - final pressure/veto/active/timing gate failed or signal already used
2026-09-05,02:54:06 GMT,SENTINEL V6 MULTI-WINDOW SCAN >>>
2026-09-05,02:54:06 GMT,V6.2 DIAG | 6 0 6 -0.25 0.028571428571428574 0.25 -0.06666666666666668 0.1 -0.30000000000000004 0.05000000000000002 4 4 0 1 0 0 2 0
2026-09-05,02:54:06 GMT,V6.2 BLOCK - final pressure/veto/active/timing gate failed or signal already used
2026-09-05,02:54:06 GMT,SENTINEL V6 MULTI-WINDOW SCAN >>>
2026-09-05,02:54:06 GMT,V6.2 DIAG | 9 0 7 -0.35 0.05714285714285715 0.35 -0.13333333333333333 -0.15000000000000002 -0.30000000000000004 0 4 4 0 1 0 0 2 0
2026-09-05,02:54:06 GMT,V6.2 BLOCK - final pressure/veto/active/timing gate failed or signal already used
2026-09-05,02:54:06 GMT,SENTINEL V6 MULTI-WINDOW SCAN >>>
2026-09-05,02:54:06 GMT,V6.2 DIAG | 4 0 6 -0.35 0.05714285714285715 0.35 -0.13333333333333333 -0.15000000000000002 -0.35000000000000003 0.05000000000000002 4 4 1 1 0 0 2 0
2026-09-05,02:53:46 GMT,V6.2 BLOCK - final pressure/veto/active/timing gate failed or signal already used
2026-09-05,02:53:46 GMT,SENTINEL V6 MULTI-WINDOW SCAN >>>
2026-09-05,02:53:46 GMT,V6.2 DIAG | 7 0 6 -0.5 0.02857142857142857 0.49999999999999994 -0.06666666666666665 0.65 -0.35000000000000003 -0.20000000000000004 3 5 1 1 0 0 2 0
2026-09-05,02:53:46 GMT,V6.2 BLOCK - final pressure/veto/active/timing gate failed or signal already used
2026-09-05,02:53:46 GMT,SENTINEL V6 MULTI-WINDOW SCAN >>>
2026-09-05,02:53:46 GMT,V6.2 DIAG | 4 0 6 -0.4 0.05714285714285715 0.39999999999999997 -0.13333333333333333 0.15000000000000002 -0.35000000000000003 -0.20000000000000004 3 5 1 1 0 0 2 0
2026-09-05,02:53:46 GMT,V6.2 BLOCK - final pressure/veto/active/timing gate failed or signal already used
2026-09-05,02:53:46 GMT,SENTINEL V6 MULTI-WINDOW SCAN >>>
2026-09-05,02:53:46 GMT,V6.2 DIAG | 0 0 2 -0.4 0 0.39999999999999997 0 0.15000000000000002 0.45 -0.20000000000000004 2 6 1 1 0 0 2 0
2026-09-05,02:53:46 GMT,V6.2 BLOCK - final pressure/veto/active/timing gate failed or signal already used
2026-09-05,02:53:46 GMT,SENTINEL V6 MULTI-WINDOW SCAN >>>
2026-09-05,02:53:46 GMT,V6.2 DIAG | 9 0 2 -0.4 -0.05714285714285715 0.39999999999999997 0.13333333333333333 0.9500000000000001 0.45 -0.20000000000000004 2 6 1 1 0 0 2 0
2026-09-05,02:53:46 GMT,V6.2 BLOCK - final pressure/veto/active/timing gate failed or signal already used
2026-09-05,02:53:46 GMT,SENTINEL V6 MULTI-WINDOW SCAN >>>
2026-09-05,02:53:46 GMT,V6.2 DIAG | 7 0 2 -0.25 -0.08571428571428572 0.25 0.2 0.9500000000000001 0.4 0.1 3 5 1 1 0 0 2 0
2026-09-05,02:53:46 GMT,V6.2 BLOCK - final pressure/veto/active/timing gate failed or signal already used
2026-09-05,02:53:46 GMT,SENTINEL V6 MULTI-WINDOW SCAN >>>
2026-09-05,02:53:46 GMT,V6.2 DIAG | 2 0 2 -0.15000000000000002 -0.11428571428571428 0.15000000000000002 0.26666666666666666 0.45 0.4 0.9 4 4 1 1 0 0 2 0
2026-09-05,02:53:46 GMT,V6.2 BLOCK - final pressure/veto/active/timing gate failed or signal already used
2026-09-05,02:53:46 GMT,SENTINEL V6 MULTI-WINDOW SCAN >>>
2026-09-05,02:53:46 GMT,V6.2 DIAG | 8 0 2 -0.15000000000000002 -0.11428571428571428 0.15000000000000002 0.26666666666666666 0.45 0.4 0.9 4 4 1 1 0 0 2 0
2026-09-05,02:53:46 GMT,V6.2 BLOCK - final pressure/veto/active/timing gate failed or signal already used
2026-09-05,02:53:46 GMT,SENTINEL V6 MULTI-WINDOW SCAN >>>
2026-09-05,02:53:46 GMT,V6.2 DIAG | 7 0 5 -0.050000000000000044 -0.08571428571428572 0.04999999999999999 0.2 0.45 -0.1 0.9 5 3 0 1 0 0 2 0
2026-09-05,02:53:46 GMT,V6.2 BLOCK - final pressure/veto/active/timing gate failed or signal already used
2026-09-05,02:53:46 GMT,SENTINEL V6 MULTI-WINDOW SCAN >>>
2026-09-05,02:53:46 GMT,V6.2 DIAG | 9 0 8 0.050000000000000044 -0.057142857142857134 -0.04999999999999999 0.13333333333333333 -0.05 -0.1 0.9 6 2 0 1 0 0 2 0
2026-09-05,02:53:46 GMT,V6.2 BLOCK - final pressure/veto/active/timing gate failed or signal already used
2026-09-05,02:53:46 GMT,SENTINEL V6 MULTI-WINDOW SCAN >>>
2026-09-05,02:53:46 GMT,V6.2 DIAG | 9 0 8 0.20000000000000007 -0.028571428571428567 -0.19999999999999998 0.06666666666666667 -0.05 -0.1 0.35000000000000003 7 1 0 0 0 0 2 0
2026-09-05,02:53:46 GMT,V6.2 BLOCK - final pressure/veto/active/timing gate failed or signal already used
2026-09-05,02:53:46 GMT,SENTINEL V6 MULTI-WINDOW SCAN >>>
2026-09-05,02:53:46 GMT,V6.2 DIAG | 0 0 12 0.15000000000000002 0.028571428571428567 -0.15 -0.06666666666666667 -0.30000000000000004 -0.1 -0.15 8 0 0 0 1 0 2 1
2026-09-05,02:53:46 GMT,V6.2 BLOCK - final pressure/veto/active/timing gate failed or signal already used
2026-09-05,02:53:46 GMT,SENTINEL V6 MULTI-WINDOW SCAN >>>
2026-09-05,02:53:46 GMT,V6.2 DIAG | 4 0 12 0.15000000000000002 0.028571428571428567 -0.15 -0.06666666666666667 -0.30000000000000004 -0.1 -0.15 8 0 0 0 1 0 2 0
2026-09-05,02:53:46 GMT,V6.2 BLOCK - final pressure/veto/active/timing gate failed or signal already used
2026-09-05,02:53:46 GMT,SENTINEL V6 MULTI-WINDOW SCAN >>>
2026-09-05,02:53:46 GMT,V6.2 DIAG | 3 0 12 0.15000000000000002 0.028571428571428567 -0.15 -0.06666666666666667 -0.30000000000000004 -0.1 -0.15 7 1 0 0 1 0 2 0
2026-09-05,02:53:46 GMT,V6.2 BLOCK - final pressure/veto/active/timing gate failed or signal already used
2026-09-05,02:53:46 GMT,SENTINEL V6 MULTI-WINDOW SCAN >>>
2026-09-05,02:53:46 GMT,V6.2 DIAG | 6 0 12 0.20000000000000007 0.028571428571428567 -0.19999999999999998 -0.06666666666666667 -0.30000000000000004 -0.1 -0.2 7 1 0 0 1 0 2 0
2026-09-05,02:53:46 GMT,V6.2 BLOCK - final pressure/veto/active/timing gate failed or signal already used
2026-09-05,02:53:46 GMT,SENTINEL V6 MULTI-WINDOW SCAN >>>
2026-09-05,02:53:46 GMT,V6.2 DIAG | 1 0 12 0.25 0.028571428571428567 -0.24999999999999997 -0.06666666666666667 -0.30000000000000004 -0.1 -0.25 7 1 0 0 1 0 2 0
2026-09-05,02:53:46 GMT,V6.2 BLOCK - final pressure/veto/active/timing gate failed or signal already used
2026-09-05,02:53:46 GMT,SENTINEL V6 MULTI-WINDOW SCAN >>>
2026-09-05,02:53:46 GMT,V6.2 DIAG | 0 0 8 0.25 -0.028571428571428567 -0.24999999999999997 0.06666666666666667 0.5 -0.1 -0.25 7 1 0 0 0 0 2 0
2026-09-05,02:53:46 GMT,V6.2 BLOCK - final pressure/veto/active/timing gate failed or signal already used
2026-09-05,02:53:46 GMT,SENTINEL V6 MULTI-WINDOW SCAN >>>
2026-09-05,02:53:46 GMT,V6.2 DIAG | 5 0 8 0.25 -0.028571428571428567 -0.24999999999999997 0.06666666666666667 0.5 -0.1 -0.25 7 1 0 0 0 0 2 0
2026-09-05,02:53:46 GMT,V6.2 BLOCK - final pressure/veto/active/timing gate failed or signal already used
2026-09-05,02:53:46 GMT,SENTINEL V6 MULTI-WINDOW SCAN >>>
2026-09-05,02:53:46 GMT,V6.2 DIAG | 0 0 8 0.10000000000000009 0 -0.09999999999999998 0 0.5 -0.1 -0.5 7 1 0 0 0 0 2 0
2026-09-05,02:53:46 GMT,V6.2 BLOCK - final pressure/veto/active/timing gate failed or signal already used
2026-09-05,02:53:46 GMT,SENTINEL V6 MULTI-WINDOW SCAN >>>
2026-09-05,02:53:46 GMT,V6.2 DIAG | 0 0 9 -0.050000000000000044 0.028571428571428567 0.04999999999999999 -0.06666666666666667 0.5 -0.1 -0.75 7 1 0 1 0 0 2 0
2026-09-05,02:53:46 GMT,V6.2 BLOCK - final pressure/veto/active/timing gate failed or signal already used
2026-09-05,02:53:46 GMT,SENTINEL V6 MULTI-WINDOW SCAN >>>
2026-09-05,02:53:46 GMT,V6.2 DIAG | 7 0 9 -0.20000000000000007 0.05714285714285714 0.2 -0.13333333333333336 0.5 -0.35000000000000003 -0.75 6 2 0 1 0 0 2 0
2026-09-05,02:53:25 GMT,V6.2 BLOCK - final pressure/veto/active/timing gate failed or signal already used
2026-09-05,02:53:25 GMT,SENTINEL V6 MULTI-WINDOW SCAN >>>
2026-09-05,02:53:25 GMT,V6.2 DIAG | 5 0 10 -0.10000000000000009 0.08571428571428572 0.09999999999999998 -0.2 0 -0.35000000000000003 -0.75 6 2 0 1 0 0 2 0
2026-09-05,02:53:25 GMT,V6.2 BLOCK - final pressure/veto/active/timing gate failed or signal already used
2026-09-05,02:53:25 GMT,SENTINEL V6 MULTI-WINDOW SCAN >>>
2026-09-05,02:53:25 GMT,V6.2 DIAG | 5 0 10 -0.10000000000000009 0.08571428571428572 0.09999999999999998 -0.2 0 -0.35000000000000003 -0.75 5 3 1 1 0 0 2 0
2026-09-05,02:53:25 GMT,V6.2 BLOCK - final pressure/veto/active/timing gate failed or signal already used
2026-09-05,02:53:25 GMT,SENTINEL V6 MULTI-WINDOW SCAN >>>
2026-09-05,02:53:25 GMT,V6.2 DIAG | 6 0 9 -0.10000000000000009 0.028571428571428567 0.09999999999999998 -0.06666666666666667 0 -0.35000000000000003 0.05000000000000002 5 3 1 1 0 0 2 0
2026-09-05,02:53:24 GMT,V6.2 BLOCK - final pressure/veto/active/timing gate failed or signal already used
2026-09-05,02:53:24 GMT,SENTINEL V6 MULTI-WINDOW SCAN >>>
2026-09-05,02:53:24 GMT,V6.2 DIAG | 0 0 6 -0.10000000000000009 -0.028571428571428567 0.09999999999999998 0.06666666666666667 0 -0.35000000000000003 0.8500000000000001 5 3 1 1 0 0 2 0
2026-09-05,02:53:24 GMT,V6.2 BLOCK - final pressure/veto/active/timing gate failed or signal already used
2026-09-05,02:53:24 GMT,SENTINEL V6 MULTI-WINDOW SCAN >>>
2026-09-05,02:53:24 GMT,V6.2 DIAG | 5 0 5 -0.25 -0.05714285714285714 0.25 0.13333333333333336 0 0.2 0.8500000000000001 5 3 1 1 0 0 2 0
2026-09-05,02:53:24 GMT,V6.2 BLOCK - final pressure/veto/active/timing gate failed or signal already used
2026-09-05,02:53:24 GMT,SENTINEL V6 MULTI-WINDOW SCAN >>>
2026-09-05,02:53:24 GMT,V6.2 DIAG | 6 0 5 -0.20000000000000007 -0.05714285714285714 0.2 0.13333333333333336 0 0.15000000000000002 0.8500000000000001 5 3 1 1 0 0 2 0
2026-09-05,02:53:24 GMT,V6.2 BLOCK - final pressure/veto/active/timing gate failed or signal already used
2026-09-05,02:53:24 GMT,SENTINEL V6 MULTI-WINDOW SCAN >>>
2026-09-05,02:53:24 GMT,V6.2 DIAG | 9 0 2 -0.15000000000000002 -0.05714285714285714 0.15000000000000002 0.13333333333333336 0 0.15000000000000002 0.8 4 4 2 1 0 0 2 0
2026-09-05,02:53:24 GMT,V6.2 BLOCK - final pressure/veto/active/timing gate failed or signal already used
2026-09-05,02:53:24 GMT,SENTINEL V6 MULTI-WINDOW SCAN >>>
2026-09-05,02:53:24 GMT,V6.2 DIAG | 9 0 4 -0.050000000000000044 -0.028571428571428567 0.04999999999999999 0.06666666666666667 0 0.15000000000000002 0.30000000000000004 5 3 2 1 0 0 2 0
2026-09-05,02:53:24 GMT,V6.2 BLOCK - final pressure/veto/active/timing gate failed or signal already used
2026-09-05,02:53:24 GMT,SENTINEL V6 MULTI-WINDOW SCAN >>>
2026-09-05,02:53:24 GMT,V6.2 DIAG | 8 0 7 0.10000000000000009 0 -0.09999999999999998 0 -0.05 0.15000000000000002 -0.2 6 2 2 1 0 0 2 0
2026-09-05,02:53:24 GMT,V6.2 BLOCK - final pressure/veto/active/timing gate failed or signal already used
2026-09-05,02:53:24 GMT,SENTINEL V6 MULTI-WINDOW SCAN >>>
2026-09-05,02:53:24 GMT,V6.2 DIAG | 5 0 8 0.050000000000000044 0 -0.04999999999999999 0 -0.05 0.45 -0.45 7 1 1 1 0 0 2 0
2026-09-05,02:53:24 GMT,V6.2 BLOCK - final pressure/veto/active/timing gate failed or signal already used
2026-09-05,02:53:24 GMT,SENTINEL V6 MULTI-WINDOW SCAN >>>
2026-09-05,02:53:24 GMT,V6.2 DIAG | 5 0 8 0.050000000000000044 0 -0.04999999999999999 0 -0.05 0.45 -0.45 7 1 1 1 0 0 2 0
2026-09-05,02:53:24 GMT,V6.2 BLOCK - final pressure/veto/active/timing gate failed or signal already used
2026-09-05,02:53:24 GMT,SENTINEL V6 MULTI-WINDOW SCAN >>>
2026-09-05,02:53:24 GMT,V6.2 DIAG | 4 0 8 0.050000000000000044 0 -0.04999999999999999 0 -0.05 0.45 -0.45 6 2 1 1 0 0 2 0
2026-09-05,02:53:24 GMT,V6.2 BLOCK - final pressure/veto/active/timing gate failed or signal already used
2026-09-05,02:53:24 GMT,SENTINEL V6 MULTI-WINDOW SCAN >>>
2026-09-05,02:53:24 GMT,V6.2 DIAG | 6 0 8 0.10000000000000009 0 -0.09999999999999998 0 -0.05 0.4 -0.45 6 2 1 1 0 0 2 0
2026-09-05,02:53:24 GMT,V6.2 BLOCK - final pressure/veto/active/timing gate failed or signal already used
2026-09-05,02:53:24 GMT,SENTINEL V6 MULTI-WINDOW SCAN >>>
2026-09-05,02:53:24 GMT,V6.2 DIAG | 8 0 9 -0.050000000000000044 0.028571428571428567 0.04999999999999999 -0.06666666666666667 -0.05 0.4 -0.7000000000000001 6 2 1 1 0 0 2 0
2026-09-05,02:53:24 GMT,V6.2 BLOCK - final pressure/veto/active/timing gate failed or signal already used
2026-09-05,02:53:24 GMT,SENTINEL V6 MULTI-WINDOW SCAN >>>
2026-09-05,02:53:24 GMT,V6.2 DIAG | 2 0 10 -0.050000000000000044 0.028571428571428567 0.04999999999999999 -0.06666666666666667 -0.05 -0.15 -0.15000000000000002 7 1 0 1 0 0 2 0
2026-09-05,02:53:24 GMT,V6.2 BLOCK - final pressure/veto/active/timing gate failed or signal already used
2026-09-05,02:53:24 GMT,SENTINEL V6 MULTI-WINDOW SCAN >>>
2026-09-05,02:53:24 GMT,V6.2 DIAG | 4 0 10 -0.050000000000000044 0.028571428571428567 0.04999999999999999 -0.06666666666666667 -0.05 -0.15 -0.15000000000000002 6 2 0 1 0 0 2 0
2026-09-05,02:53:24 GMT,V6.2 BLOCK - final pressure/veto/active/timing gate failed or signal already used
2026-09-05,02:53:24 GMT,SENTINEL V6 MULTI-WINDOW SCAN >>>
2026-09-05,02:53:24 GMT,V6.2 DIAG | 1 0 10 -0.050000000000000044 0.028571428571428567 0.04999999999999999 -0.06666666666666667 -0.05 -0.15 -0.15000000000000002 5 3 0 1 0 0 2 0
2026-09-05,02:53:24 GMT,V6.2 BLOCK - final pressure/veto/active/timing gate failed or signal already used
2026-09-05,02:53:24 GMT,SENTINEL V6 MULTI-WINDOW SCAN >>>
2026-09-05,02:53:24 GMT,V6.2 DIAG | 4 0 10 0 0.028571428571428567 0 -0.06666666666666667 -0.05 -0.15 -0.20000000000000004 5 3 0 0 0 0 2 0
2026-09-05,02:53:24 GMT,V6.2 BLOCK - final pressure/veto/active/timing gate failed or signal already used
2026-09-05,02:53:24 GMT,SENTINEL V6 MULTI-WINDOW SCAN >>>
2026-09-05,02:53:24 GMT,V6.2 DIAG | 9 0 6 0 -0.028571428571428567 0 0.06666666666666667 -0.05 -0.15 0.6 5 3 0 1 0 0 2 0
2026-09-05,02:53:24 GMT,V6.2 BLOCK - final pressure/veto/active/timing gate failed or signal already used
2026-09-05,02:53:24 GMT,SENTINEL V6 MULTI-WINDOW SCAN >>>
2026-09-05,02:53:24 GMT,V6.2 DIAG | 4 0 8 0.10000000000000009 -0.057142857142857134 -0.09999999999999998 0.13333333333333333 -0.05 -0.15 0.9 6 2 0 0 0 0 2 0
2026-09-05,02:53:24 GMT,V6.2 BLOCK - final pressure/veto/active/timing gate failed or signal already used
2026-09-05,02:53:24 GMT,SENTINEL V6 MULTI-WINDOW SCAN >>>
2026-09-05,02:53:24 GMT,V6.2 DIAG | 3 0 8 0.15000000000000002 -0.057142857142857134 -0.14999999999999997 0.13333333333333333 -0.05 -0.2 0.9 6 2 0 0 0 0 2 0
2026-09-05,02:53:24 GMT,V6.2 BLOCK - final pressure/veto/active/timing gate failed or signal already used
2026-09-05,02:53:24 GMT,SENTINEL V6 MULTI-WINDOW SCAN >>>
2026-09-05,02:53:24 GMT,V6.2 DIAG | 6 0 8 0.15000000000000002 -0.057142857142857134 -0.14999999999999997 0.13333333333333333 -0.05 -0.2 0.9 6 2 0 0 0 0 2 0
2026-09-05,02:53:05 GMT,V6.2 BLOCK - final pressure/veto/active/timing gate failed or signal already used
2026-09-05,02:53:05 GMT,SENTINEL V6 MULTI-WINDOW SCAN >>>
2026-09-05,02:53:05 GMT,V6.2 DIAG | 9 0 8 0.15000000000000002 -0.057142857142857134 -0.14999999999999997 0.13333333333333333 -0.05 -0.2 0.9 6 2 0 1 0 0 2 0
2026-09-05,02:53:05 GMT,V6.2 BLOCK - final pressure/veto/active/timing gate failed or signal already used
2026-09-05,02:53:05 GMT,SENTINEL V6 MULTI-WINDOW SCAN >>>
2026-09-05,02:53:05 GMT,V6.2 DIAG | 9 0 8 0.25 -0.028571428571428567 -0.24999999999999997 0.06666666666666667 -0.05 -0.2 0.4 7 1 0 1 0 0 2 0
2026-09-05,02:53:05 GMT,V6.2 BLOCK - final pressure/veto/active/timing gate failed or signal already used
2026-09-05,02:53:05 GMT,SENTINEL V6 MULTI-WINDOW SCAN >>>
2026-09-05,02:53:05 GMT,V6.2 DIAG | 1 0 9 0.35 0 -0.35 0 -0.05 -0.2 -0.1 8 0 0 0 0 0 2 0
2026-09-05,02:53:04 GMT,V6.2 BLOCK - final pressure/veto/active/timing gate failed or signal already used
2026-09-05,02:53:04 GMT,SENTINEL V6 MULTI-WINDOW SCAN >>>
2026-09-05,02:53:04 GMT,V6.2 DIAG | 2 0 12 0.20000000000000007 0.028571428571428567 -0.19999999999999998 -0.06666666666666667 -0.05 -0.45 -0.1 8 0 0 0 0 0 2 0
2026-09-05,02:53:04 GMT,V6.2 BLOCK - final pressure/veto/active/timing gate failed or signal already used
2026-09-05,02:53:04 GMT,SENTINEL V6 MULTI-WINDOW SCAN >>>
2026-09-05,02:53:04 GMT,V6.2 DIAG | 6 0 12 0.10000000000000009 0.057142857142857134 -0.09999999999999998 -0.13333333333333333 -0.05 -0.45 -0.4 8 0 0 0 1 0 2 0
2026-09-05,02:53:04 GMT,V6.2 BLOCK - final pressure/veto/active/timing gate failed or signal already used
2026-09-05,02:53:04 GMT,SENTINEL V6 MULTI-WINDOW SCAN >>>
2026-09-05,02:53:04 GMT,V6.2 DIAG | 3 0 12 0.15000000000000002 0.057142857142857134 -0.14999999999999997 -0.13333333333333333 -0.05 -0.45 -0.45 7 1 1 0 0 0 2 0
2026-09-05,02:53:04 GMT,V6.2 BLOCK - final pressure/veto/active/timing gate failed or signal already used
2026-09-05,02:53:04 GMT,SENTINEL V6 MULTI-WINDOW SCAN >>>
2026-09-05,02:53:04 GMT,V6.2 DIAG | 5 0 10 0 0.08571428571428572 0 -0.2 -0.30000000000000004 -0.45 -0.45 6 2 1 0 0 0 2 0
2026-09-05,02:53:04 GMT,V6.2 BLOCK - final pressure/veto/active/timing gate failed or signal already used
2026-09-05,02:53:04 GMT,SENTINEL V6 MULTI-WINDOW SCAN >>>
2026-09-05,02:53:04 GMT,V6.2 DIAG | 5 0 11 0.04999999999999993 0.08571428571428572 -0.04999999999999999 -0.2 -0.30000000000000004 -0.45 -0.5 6 2 1 1 0 0 2 0
2026-09-05,02:53:04 GMT,V6.2 BLOCK - final pressure/veto/active/timing gate failed or signal already used
2026-09-05,02:53:04 GMT,SENTINEL V6 MULTI-WINDOW SCAN >>>
2026-09-05,02:53:04 GMT,V6.2 DIAG | 1 0 11 0.09999999999999998 0.028571428571428567 -0.10000000000000003 -0.06666666666666667 -0.35000000000000003 0.35000000000000003 -0.5 5 3 1 1 1 0 2 0
2026-09-05,02:53:04 GMT,V6.2 BLOCK - final pressure/veto/active/timing gate failed or signal already used
2026-09-05,02:53:04 GMT,SENTINEL V6 MULTI-WINDOW SCAN >>>
2026-09-05,02:53:04 GMT,V6.2 DIAG | 1 0 7 0.1499999999999999 -0.028571428571428567 -0.15000000000000002 0.06666666666666667 -0.35000000000000003 0.35000000000000003 0.25 5 3 1 1 0 0 2 0
2026-09-05,02:53:04 GMT,V6.2 BLOCK - final pressure/veto/active/timing gate failed or signal already used
2026-09-05,02:53:04 GMT,SENTINEL V6 MULTI-WINDOW SCAN >>>
2026-09-05,02:53:04 GMT,V6.2 DIAG | 4 0 5 0 0 0 0 -0.35000000000000003 0.1 0.25 5 3 1 0 0 0 2 0
2026-09-05,02:53:04 GMT,V6.2 BLOCK - final pressure/veto/active/timing gate failed or signal already used
2026-09-05,02:53:04 GMT,SENTINEL V6 MULTI-WINDOW SCAN >>>
2026-09-05,02:53:04 GMT,V6.2 DIAG | 0 0 4 0 -0.05714285714285714 0 0.13333333333333336 0.45 0.1 0.25 5 3 1 1 0 0 2 0
2026-09-05,02:53:04 GMT,V6.2 BLOCK - final pressure/veto/active/timing gate failed or signal already used
2026-09-05,02:53:04 GMT,SENTINEL V6 MULTI-WINDOW SCAN >>>
2026-09-05,02:53:04 GMT,V6.2 DIAG | 8 0 2 -0.15000000000000002 -0.028571428571428574 0.15000000000000002 0.06666666666666668 0.45 -0.15000000000000002 0.25 4 4 2 1 0 0 2 0
2026-09-05,02:53:04 GMT,V6.2 BLOCK - final pressure/veto/active/timing gate failed or signal already used
2026-09-05,02:53:04 GMT,SENTINEL V6 MULTI-WINDOW SCAN >>>
2026-09-05,02:53:04 GMT,V6.2 DIAG | 9 0 5 -0.050000000000000044 0 0.050000000000000044 0 0.45 -0.65 0.25 5 3 1 1 0 0 2 0
2026-09-05,02:53:04 GMT,V6.2 BLOCK - final pressure/veto/active/timing gate failed or signal already used
2026-09-05,02:53:04 GMT,SENTINEL V6 MULTI-WINDOW SCAN >>>
2026-09-05,02:53:04 GMT,V6.2 DIAG | 2 0 10 0.09999999999999998 0.028571428571428567 -0.10000000000000003 -0.06666666666666667 0.4 -0.65 -0.25 5 3 2 0 1 0 2 0
2026-09-05,02:53:04 GMT,V6.2 BLOCK - final pressure/veto/active/timing gate failed or signal already used
2026-09-05,02:53:04 GMT,SENTINEL V6 MULTI-WINDOW SCAN >>>
2026-09-05,02:53:04 GMT,V6.2 DIAG | 7 0 4 -0.050000000000000044 0 0.050000000000000044 0 0.4 0.15000000000000002 -0.5 5 3 2 1 0 0 2 0
2026-09-05,02:53:04 GMT,V6.2 BLOCK - final pressure/veto/active/timing gate failed or signal already used
2026-09-05,02:53:04 GMT,SENTINEL V6 MULTI-WINDOW SCAN >>>
2026-09-05,02:53:04 GMT,V6.2 DIAG | 0 0 10 0.09999999999999998 0.028571428571428567 -0.10000000000000003 -0.06666666666666667 -0.1 0.1 -0.5 6 2 2 0 1 0 2 0
2026-09-05,02:53:04 GMT,V6.2 BLOCK - final pressure/veto/active/timing gate failed or signal already used
2026-09-05,02:53:04 GMT,SENTINEL V6 MULTI-WINDOW SCAN >>>
2026-09-05,02:53:04 GMT,V6.2 DIAG | 1 0 7 0.09999999999999998 -0.028571428571428567 -0.10000000000000003 0.06666666666666667 -0.1 0.9 -0.5 5 3 2 1 0 0 2 0
2026-09-05,02:53:04 GMT,V6.2 BLOCK - final pressure/veto/active/timing gate failed or signal already used
2026-09-05,02:53:04 GMT,SENTINEL V6 MULTI-WINDOW SCAN >>>
2026-09-05,02:53:04 GMT,V6.2 DIAG | 4 0 5 -0.050000000000000044 0 0.050000000000000044 0 -0.1 0.65 -0.5 5 3 2 1 0 0 2 0
2026-09-05,02:53:04 GMT,V6.2 BLOCK - final pressure/veto/active/timing gate failed or signal already used
2026-09-05,02:53:04 GMT,SENTINEL V6 MULTI-WINDOW SCAN >>>
2026-09-05,02:53:04 GMT,V6.2 DIAG | 8 0 5 -0.050000000000000044 0 0.050000000000000044 0 -0.1 0.65 -0.5 5 3 2 1 0 0 2 0
2026-09-05,02:52:42 GMT,V6.2 BLOCK - final pressure/veto/active/timing gate failed or signal already used
2026-09-05,02:52:42 GMT,SENTINEL V6 MULTI-WINDOW SCAN >>>
2026-09-05,02:52:42 GMT,V6.2 DIAG | 6 0 6 0.09999999999999998 -0.028571428571428567 -0.10000000000000003 0.06666666666666667 -0.1 0.15000000000000002 0.25 5 3 2 1 0 0 2 0
2026-09-05,02:52:42 GMT,V6.2 BLOCK - final pressure/veto/active/timing gate failed or signal already used
2026-09-05,02:52:42 GMT,SENTINEL V6 MULTI-WINDOW SCAN >>>
2026-09-05,02:52:42 GMT,V6.2 DIAG | 8 0 6 0.09999999999999998 -0.028571428571428567 -0.10000000000000003 0.06666666666666667 -0.1 0.15000000000000002 0.25 5 3 2 1 0 0 2 0
2026-09-05,02:52:42 GMT,V6.2 BLOCK - final pressure/veto/active/timing gate failed or signal already used
2026-09-05,02:52:42 GMT,SENTINEL V6 MULTI-WINDOW SCAN >>>
2026-09-05,02:52:42 GMT,V6.2 DIAG | 4 0 8 0.25 0 -0.25 0 -0.15 -0.35000000000000003 0.25 6 2 1 0 0 0 2 0
2026-09-05,02:52:42 GMT,V6.2 BLOCK - final pressure/veto/active/timing gate failed or signal already used
2026-09-05,02:52:42 GMT,SENTINEL V6 MULTI-WINDOW SCAN >>>
2026-09-05,02:52:42 GMT,V6.2 DIAG | 5 0 7 0.30000000000000004 -0.057142857142857134 -0.3 0.13333333333333333 -0.15 0.45 0.20000000000000004 6 2 1 1 0 0 2 0
2026-09-05,02:52:42 GMT,V6.2 BLOCK - final pressure/veto/active/timing gate failed or signal already used
2026-09-05,02:52:42 GMT,SENTINEL V6 MULTI-WINDOW SCAN >>>
2026-09-05,02:52:42 GMT,V6.2 DIAG | 9 0 8 0.19999999999999996 -0.028571428571428567 -0.2 0.06666666666666667 -0.15 0.4 -0.04999999999999999 6 2 1 1 0 0 2 0
2026-09-05,02:52:42 GMT,V6.2 BLOCK - final pressure/veto/active/timing gate failed or signal already used
2026-09-05,02:52:42 GMT,SENTINEL V6 MULTI-WINDOW SCAN >>>
2026-09-05,02:52:42 GMT,V6.2 DIAG | 5 0 11 0.19999999999999996 0.028571428571428567 -0.2 -0.06666666666666667 -0.15 0.35000000000000003 -0.8 7 1 1 1 1 0 2 0
2026-09-05,02:52:42 GMT,V6.2 BLOCK - final pressure/veto/active/timing gate failed or signal already used
2026-09-05,02:52:42 GMT,SENTINEL V6 MULTI-WINDOW SCAN >>>
2026-09-05,02:52:42 GMT,V6.2 DIAG | 0 0 11 0.24999999999999994 0.028571428571428567 -0.25000000000000006 -0.06666666666666667 -0.15 0.35000000000000003 -0.8500000000000001 6 2 1 1 0 0 2 0
2026-09-05,02:52:42 GMT,V6.2 BLOCK - final pressure/veto/active/timing gate failed or signal already used
2026-09-05,02:52:42 GMT,SENTINEL V6 MULTI-WINDOW SCAN >>>
2026-09-05,02:52:42 GMT,V6.2 DIAG | 8 0 11 0.14999999999999997 0.05714285714285714 -0.15000000000000002 -0.13333333333333336 -0.15 0.35000000000000003 -1.15 5 3 1 1 0 0 2 0
2026-09-05,02:52:41 GMT,V6.2 BLOCK - final pressure/veto/active/timing gate failed or signal already used
2026-09-05,02:52:41 GMT,SENTINEL V6 MULTI-WINDOW SCAN >>>
2026-09-05,02:52:41 GMT,V6.2 DIAG | 5 0 12 0.09999999999999998 0.11428571428571428 -0.09999999999999998 -0.26666666666666666 -0.4 -0.15 -1.15 6 2 0 0 1 0 2 0
2026-09-05,02:52:41 GMT,V6.2 BLOCK - final pressure/veto/active/timing gate failed or signal already used
2026-09-05,02:52:41 GMT,SENTINEL V6 MULTI-WINDOW SCAN >>>
2026-09-05,02:52:41 GMT,V6.2 DIAG | 4 0 10 -0.050000000000000044 0.08571428571428572 0.04999999999999999 -0.2 -0.4 -0.15 -0.5999999999999999 5 3 0 1 0 0 2 0
2026-09-05,02:52:41 GMT,V6.2 BLOCK - final pressure/veto/active/timing gate failed or signal already used
2026-09-05,02:52:41 GMT,SENTINEL V6 MULTI-WINDOW SCAN >>>
2026-09-05,02:52:41 GMT,V6.2 DIAG | 1 0 7 -0.050000000000000044 0.028571428571428574 0.04999999999999999 -0.06666666666666668 -0.4 -0.15 0.2 4 4 0 1 0 0 2 0
2026-09-05,02:52:41 GMT,V6.2 BLOCK - final pressure/veto/active/timing gate failed or signal already used
2026-09-05,02:52:41 GMT,SENTINEL V6 MULTI-WINDOW SCAN >>>
2026-09-05,02:52:41 GMT,V6.2 DIAG | 5 0 7 -0.050000000000000044 0.028571428571428574 0.04999999999999999 -0.06666666666666668 -0.4 -0.15 0.2 3 5 0 1 0 0 2 0
2026-09-05,02:52:41 GMT,V6.2 BLOCK - final pressure/veto/active/timing gate failed or signal already used
2026-09-05,02:52:41 GMT,SENTINEL V6 MULTI-WINDOW SCAN >>>
2026-09-05,02:52:41 GMT,V6.2 DIAG | 4 0 4 -0.050000000000000044 -0.028571428571428574 0.04999999999999999 0.06666666666666668 -0.4 -0.15 1 3 5 0 1 0 0 2 0
2026-09-05,02:52:41 GMT,V6.2 BLOCK - final pressure/veto/active/timing gate failed or signal already used
2026-09-05,02:52:41 GMT,SENTINEL V6 MULTI-WINDOW SCAN >>>
2026-09-05,02:52:41 GMT,V6.2 DIAG | 9 0 3 -0.050000000000000044 -0.08571428571428572 0.04999999999999999 0.2 0.4 -0.15 1 3 5 0 1 0 0 2 0
2026-09-05,02:52:41 GMT,V6.2 BLOCK - final pressure/veto/active/timing gate failed or signal already used
2026-09-05,02:52:41 GMT,SENTINEL V6 MULTI-WINDOW SCAN >>>
2026-09-05,02:52:41 GMT,V6.2 DIAG | 9 0 3 -0.09999999999999998 -0.08571428571428572 0.09999999999999998 0.2 0.15000000000000002 -0.15 1.2999999999999998 4 4 0 1 0 0 2 0
2026-09-05,02:52:41 GMT,V6.2 BLOCK - final pressure/veto/active/timing gate failed or signal already used
2026-09-05,02:52:41 GMT,SENTINEL V6 MULTI-WINDOW SCAN >>>
2026-09-05,02:52:41 GMT,V6.2 DIAG | 0 0 5 0 -0.05714285714285714 0 0.13333333333333336 0.15000000000000002 -0.15 0.8 5 3 0 1 0 0 2 0
2026-09-05,02:52:41 GMT,V6.2 BLOCK - final pressure/veto/active/timing gate failed or signal already used
2026-09-05,02:52:41 GMT,SENTINEL V6 MULTI-WINDOW SCAN >>>
2026-09-05,02:52:41 GMT,V6.2 DIAG | 9 0 3 -0.15000000000000002 -0.028571428571428574 0.15000000000000002 0.06666666666666668 0.15000000000000002 -0.4 0.8 4 4 0 1 0 0 2 0
2026-09-05,02:52:41 GMT,V6.2 BLOCK - final pressure/veto/active/timing gate failed or signal already used
2026-09-05,02:52:41 GMT,SENTINEL V6 MULTI-WINDOW SCAN >>>
2026-09-05,02:52:41 GMT,V6.2 DIAG | 7 0 5 -0.050000000000000044 0 0.050000000000000044 0 0.15000000000000002 -0.4 0.30000000000000004 5 3 0 1 0 0 2 0
2026-09-05,02:52:41 GMT,V6.2 BLOCK - final pressure/veto/active/timing gate failed or signal already used
2026-09-05,02:52:41 GMT,SENTINEL V6 MULTI-WINDOW SCAN >>>
2026-09-05,02:52:41 GMT,V6.2 DIAG | 9 0 10 0.04999999999999993 0.028571428571428567 -0.04999999999999999 -0.06666666666666667 -0.35000000000000003 -0.4 0.30000000000000004 5 3 1 1 0 0 2 0
2026-09-05,02:52:41 GMT,V6.2 BLOCK - final pressure/veto/active/timing gate failed or signal already used
2026-09-05,02:52:41 GMT,SENTINEL V6 MULTI-WINDOW SCAN >>>
2026-09-05,02:52:41 GMT,V6.2 DIAG | 0 0 8 0.15000000000000002 0 -0.14999999999999997 0 0.45 -0.4 -0.2 6 2 1 0 0 0 2 0
2026-09-05,02:52:41 GMT,V6.2 BLOCK - final pressure/veto/active/timing gate failed or signal already used
2026-09-05,02:52:41 GMT,SENTINEL V6 MULTI-WINDOW SCAN >>>
2026-09-05,02:52:41 GMT,V6.2 DIAG | 1 0 10 0.04999999999999993 0.028571428571428567 -0.04999999999999999 -0.06666666666666667 0.4 -0.4 -0.45 6 2 1 0 0 0 2 0
2026-09-05,02:52:41 GMT,V6.2 BLOCK - final pressure/veto/active/timing gate failed or signal already used
2026-09-05,02:52:41 GMT,SENTINEL V6 MULTI-WINDOW SCAN >>>
2026-09-05,02:52:41 GMT,V6.2 DIAG | 5 0 6 0.04999999999999993 -0.028571428571428567 -0.04999999999999999 0.06666666666666667 0.4 0.4 -0.45 6 2 1 1 0 0 2 0
2026-09-05,02:52:41 GMT,V6.2 BLOCK - final pressure/veto/active/timing gate failed or signal already used
2026-09-05,02:52:41 GMT,SENTINEL V6 MULTI-WINDOW SCAN >>>
2026-09-05,02:52:41 GMT,V6.2 DIAG | 6 0 5 -0.09999999999999998 0 0.10000000000000003 0 0.15000000000000002 0.4 -0.45 5 3 1 1 0 0 2 0
2026-09-05,02:52:19 GMT,V6.2 BLOCK - final pressure/veto/active/timing gate failed or signal already used
2026-09-05,02:52:19 GMT,SENTINEL V6 MULTI-WINDOW SCAN >>>
2026-09-05,02:52:19 GMT,V6.2 DIAG | 7 0 8 -0.25 0.028571428571428574 0.25 -0.06666666666666668 0.15000000000000002 0.4 -0.7000000000000001 5 3 1 1 0 0 2 0
2026-09-05,02:52:19 GMT,V6.2 BLOCK - final pressure/veto/active/timing gate failed or signal already used
2026-09-05,02:52:19 GMT,SENTINEL V6 MULTI-WINDOW SCAN >>>
2026-09-05,02:52:19 GMT,V6.2 DIAG | 2 0 9 -0.30000000000000004 0.08571428571428572 0.3 -0.2 -0.35000000000000003 0.15000000000000002 -0.7000000000000001 5 3 1 1 0 0 2 0
2026-09-05,02:52:19 GMT,V6.2 BLOCK - final pressure/veto/active/timing gate failed or signal already used
2026-09-05,02:52:19 GMT,SENTINEL V6 MULTI-WINDOW SCAN >>>
2026-09-05,02:52:19 GMT,V6.2 DIAG | 8 0 6 -0.44999999999999996 0.05714285714285715 0.44999999999999996 -0.13333333333333333 -0.35000000000000003 -0.10000000000000003 0.1 4 4 1 1 0 0 2 0
2026-09-05,02:52:19 GMT,V6.2 BLOCK - final pressure/veto/active/timing gate failed or signal already used
2026-09-05,02:52:19 GMT,SENTINEL V6 MULTI-WINDOW SCAN >>>
2026-09-05,02:52:19 GMT,V6.2 DIAG | 5 0 7 -0.44999999999999996 0.11428571428571428 0.44999999999999996 -0.26666666666666666 -0.35000000000000003 -0.65 -0.15000000000000002 4 4 1 1 0 0 2 0
2026-09-05,02:52:19 GMT,V6.2 BLOCK - final pressure/veto/active/timing gate failed or signal already used
2026-09-05,02:52:19 GMT,SENTINEL V6 MULTI-WINDOW SCAN >>>
2026-09-05,02:52:19 GMT,V6.2 DIAG | 5 0 5 -0.55 0.08571428571428572 0.5499999999999999 -0.19999999999999998 0.45 -0.65 -0.4499999999999999 3 5 2 1 0 0 2 0
2026-09-05,02:52:19 GMT,V6.2 BLOCK - final pressure/veto/active/timing gate failed or signal already used
2026-09-05,02:52:19 GMT,SENTINEL V6 MULTI-WINDOW SCAN >>>
2026-09-05,02:52:19 GMT,V6.2 DIAG | 2 0 4 -0.55 0.02857142857142857 0.5499999999999999 -0.06666666666666665 0.45 -0.65 0.35000000000000003 2 6 2 1 0 0 2 0
2026-09-05,02:52:19 GMT,V6.2 BLOCK - final pressure/veto/active/timing gate failed or signal already used
2026-09-05,02:52:19 GMT,SENTINEL V6 MULTI-WINDOW SCAN >>>
2026-09-05,02:52:19 GMT,V6.2 DIAG | 9 0 0 -0.55 -0.02857142857142857 0.5499999999999999 0.06666666666666665 0.45 0.15000000000000002 0.35000000000000003 1 7 2 1 0 0 2 0
2026-09-05,02:52:19 GMT,V6.2 BLOCK - final pressure/veto/active/timing gate failed or signal already used
2026-09-05,02:52:19 GMT,SENTINEL V6 MULTI-WINDOW SCAN >>>
2026-09-05,02:52:19 GMT,V6.2 DIAG | 1 0 1 -0.44999999999999996 -0.05714285714285715 0.44999999999999996 0.13333333333333333 0.45 0.9500000000000001 -0.15000000000000002 2 6 2 1 0 0 2 0
2026-09-05,02:52:19 GMT,V6.2 BLOCK - final pressure/veto/active/timing gate failed or signal already used
2026-09-05,02:52:19 GMT,SENTINEL V6 MULTI-WINDOW SCAN >>>
2026-09-05,02:52:19 GMT,V6.2 DIAG | 7 0 0 -0.44999999999999996 -0.11428571428571428 0.44999999999999996 0.26666666666666666 0.45 0.9500000000000001 0.65 2 6 2 1 0 0 2 0
2026-09-05,02:52:19 GMT,V6.2 BLOCK - final pressure/veto/active/timing gate failed or signal already used
2026-09-05,02:52:19 GMT,SENTINEL V6 MULTI-WINDOW SCAN >>>
2026-09-05,02:52:19 GMT,V6.2 DIAG | 9 0 2 -0.30000000000000004 -0.14285714285714285 0.3 0.3333333333333333 -0.1 0.9500000000000001 1.45 3 5 2 1 0 0 2 0
2026-09-05,02:52:18 GMT,V6.2 BLOCK - final pressure/veto/active/timing gate failed or signal already used
2026-09-05,02:52:18 GMT,SENTINEL V6 MULTI-WINDOW SCAN >>>
2026-09-05,02:52:18 GMT,V6.2 DIAG | 8 0 2 -0.15000000000000002 -0.11428571428571428 0.15000000000000002 0.26666666666666666 -0.1 0.9500000000000001 0.9 4 4 2 1 0 0 2 0
2026-09-05,02:52:18 GMT,V6.2 BLOCK - final pressure/veto/active/timing gate failed or signal already used
2026-09-05,02:52:18 GMT,SENTINEL V6 MULTI-WINDOW SCAN >>>
2026-09-05,02:52:18 GMT,V6.2 DIAG | 8 0 5 -0.050000000000000044 -0.08571428571428572 0.04999999999999999 0.2 -0.1 0.45 0.9 5 3 1 1 0 0 2 0
2026-09-05,02:52:18 GMT,V6.2 BLOCK - final pressure/veto/active/timing gate failed or signal already used
2026-09-05,02:52:18 GMT,SENTINEL V6 MULTI-WINDOW SCAN >>>
2026-09-05,02:52:18 GMT,V6.2 DIAG | 9 0 8 0.050000000000000044 -0.057142857142857134 -0.04999999999999999 0.13333333333333333 -0.1 -0.05 0.9 6 2 0 1 0 0 2 0
2026-09-05,02:52:18 GMT,V6.2 BLOCK - final pressure/veto/active/timing gate failed or signal already used
2026-09-05,02:52:18 GMT,SENTINEL V6 MULTI-WINDOW SCAN >>>
2026-09-05,02:52:18 GMT,V6.2 DIAG | 9 0 8 0.15000000000000002 -0.028571428571428567 -0.15 0.06666666666666667 -0.1 -0.05 0.4 7 1 0 1 0 0 2 0
2026-09-05,02:52:18 GMT,V6.2 BLOCK - final pressure/veto/active/timing gate failed or signal already used
2026-09-05,02:52:18 GMT,SENTINEL V6 MULTI-WINDOW SCAN >>>
2026-09-05,02:52:18 GMT,V6.2 DIAG | 1 0 9 0.25 0 -0.25 0 -0.1 -0.05 -0.1 8 0 0 0 0 0 2 0
2026-09-05,02:52:18 GMT,V6.2 BLOCK - final pressure/veto/active/timing gate failed or signal already used
2026-09-05,02:52:18 GMT,SENTINEL V6 MULTI-WINDOW SCAN >>>
2026-09-05,02:52:18 GMT,V6.2 DIAG | 1 0 9 0.25 0 -0.25 0 -0.1 -0.05 -0.1 8 0 0 0 0 0 2 0
2026-09-05,02:52:18 GMT,V6.2 BLOCK - final pressure/veto/active/timing gate failed or signal already used
2026-09-05,02:52:18 GMT,SENTINEL V6 MULTI-WINDOW SCAN >>>
2026-09-05,02:52:18 GMT,V6.2 DIAG | 3 0 9 0.30000000000000004 0 -0.3 0 -0.1 -0.05 -0.15 8 0 0 0 0 0 2 0
2026-09-05,02:52:18 GMT,V6.2 BLOCK - final pressure/veto/active/timing gate failed or signal already used
2026-09-05,02:52:18 GMT,SENTINEL V6 MULTI-WINDOW SCAN >>>
2026-09-05,02:52:18 GMT,V6.2 DIAG | 1 0 12 0.15000000000000002 0.028571428571428567 -0.15 -0.06666666666666667 -0.35000000000000003 -0.05 -0.15 8 0 0 0 1 0 2 0
2026-09-05,02:52:18 GMT,V6.2 BLOCK - final pressure/veto/active/timing gate failed or signal already used
2026-09-05,02:52:18 GMT,SENTINEL V6 MULTI-WINDOW SCAN >>>
2026-09-05,02:52:18 GMT,V6.2 DIAG | 6 0 12 0.20000000000000007 0.028571428571428567 -0.19999999999999998 -0.06666666666666667 -0.4 -0.05 -0.15 8 0 0 0 1 0 2 0
2026-09-05,02:52:18 GMT,V6.2 BLOCK - final pressure/veto/active/timing gate failed or signal already used
2026-09-05,02:52:18 GMT,SENTINEL V6 MULTI-WINDOW SCAN >>>
2026-09-05,02:52:18 GMT,V6.2 DIAG | 3 0 12 0.20000000000000007 0.028571428571428567 -0.19999999999999998 -0.06666666666666667 -0.4 -0.05 -0.15 7 1 0 0 1 0 2 0
2026-09-05,02:52:18 GMT,V6.2 BLOCK - final pressure/veto/active/timing gate failed or signal already used
2026-09-05,02:52:18 GMT,SENTINEL V6 MULTI-WINDOW SCAN >>>
2026-09-05,02:52:18 GMT,V6.2 DIAG | 2 0 12 0.25 0.028571428571428567 -0.24999999999999997 -0.06666666666666667 -0.4 -0.1 -0.15 7 1 0 0 1 0 2 0
2026-09-05,02:52:18 GMT,V6.2 BLOCK - final pressure/veto/active/timing gate failed or signal already used
2026-09-05,02:52:18 GMT,SENTINEL V6 MULTI-WINDOW SCAN >>>
2026-09-05,02:52:18 GMT,V6.2 DIAG | 4 0 12 0.25 0.028571428571428567 -0.24999999999999997 -0.06666666666666667 -0.4 -0.1 -0.15 7 1 0 1 1 0 2 0
2026-09-05,02:52:18 GMT,V6.2 BLOCK - final pressure/veto/active/timing gate failed or signal already used
2026-09-05,02:52:18 GMT,SENTINEL V6 MULTI-WINDOW SCAN >>>
2026-09-05,02:52:18 GMT,V6.2 DIAG | 6 0 8 0.30000000000000004 -0.028571428571428567 -0.30000000000000004 0.06666666666666667 0.35000000000000003 -0.1 -0.15 7 1 0 0 0 0 2 0
2026-09-05,02:51:58 GMT,V6.2 BLOCK - final pressure/veto/active/timing gate failed or signal already used
2026-09-05,02:51:58 GMT,SENTINEL V6 MULTI-WINDOW SCAN >>>
2026-09-05,02:51:58 GMT,V6.2 DIAG | 0 0 8 0.15000000000000002 0 -0.14999999999999997 0 0.35000000000000003 -0.35000000000000003 -0.15 7 1 0 0 0 0 2 0
2026-09-05,02:51:58 GMT,V6.2 BLOCK - final pressure/veto/active/timing gate failed or signal already used
2026-09-05,02:51:58 GMT,SENTINEL V6 MULTI-WINDOW SCAN >>>
2026-09-05,02:51:58 GMT,V6.2 DIAG | 0 0 9 0 0.028571428571428567 0 -0.06666666666666667 0.35000000000000003 -0.35000000000000003 -0.4 7 1 0 0 0 0 2 0
2026-09-05,02:51:58 GMT,V6.2 BLOCK - final pressure/veto/active/timing gate failed or signal already used
2026-09-05,02:51:58 GMT,SENTINEL V6 MULTI-WINDOW SCAN >>>
2026-09-05,02:51:58 GMT,V6.2 DIAG | 5 0 9 0 0.028571428571428567 0 -0.06666666666666667 0.35000000000000003 -0.35000000000000003 -0.4 6 2 1 0 0 0 2 0
2026-09-05,02:51:58 GMT,V6.2 BLOCK - final pressure/veto/active/timing gate failed or signal already used
2026-09-05,02:51:58 GMT,SENTINEL V6 MULTI-WINDOW SCAN >>>
2026-09-05,02:51:58 GMT,V6.2 DIAG | 7 0 9 0 0.028571428571428567 0 -0.06666666666666667 0.35000000000000003 -0.35000000000000003 -0.4 5 3 1 1 0 0 2 0
2026-09-05,02:51:58 GMT,V6.2 BLOCK - final pressure/veto/active/timing gate failed or signal already used
2026-09-05,02:51:58 GMT,SENTINEL V6 MULTI-WINDOW SCAN >>>
2026-09-05,02:51:58 GMT,V6.2 DIAG | 6 0 12 0.15000000000000002 0.057142857142857134 -0.14999999999999997 -0.13333333333333333 -0.15 -0.4 -0.4 6 2 1 0 1 0 2 0
2026-09-05,02:51:58 GMT,V6.2 BLOCK - final pressure/veto/active/timing gate failed or signal already used
2026-09-05,02:51:58 GMT,SENTINEL V6 MULTI-WINDOW SCAN >>>
2026-09-05,02:51:58 GMT,V6.2 DIAG | 1 0 8 0.15000000000000002 0 -0.14999999999999997 0 -0.15 0.4 -0.4 6 2 1 1 0 0 2 0
2026-09-05,02:51:58 GMT,V6.2 BLOCK - final pressure/veto/active/timing gate failed or signal already used
2026-09-05,02:51:58 GMT,SENTINEL V6 MULTI-WINDOW SCAN >>>
2026-09-05,02:51:58 GMT,V6.2 DIAG | 3 0 5 0 -0.028571428571428567 0 0.06666666666666667 -0.4 0.4 0.4 6 2 1 1 0 0 2 0
2026-09-05,02:51:58 GMT,V6.2 BLOCK - final pressure/veto/active/timing gate failed or signal already used
2026-09-05,02:51:58 GMT,SENTINEL V6 MULTI-WINDOW SCAN >>>
2026-09-05,02:51:58 GMT,V6.2 DIAG | 1 0 5 -0.09999999999999998 0 0.10000000000000003 0 -0.4 0.4 0.1 6 2 1 1 0 0 2 0
2026-09-05,02:51:57 GMT,V6.2 BLOCK - final pressure/veto/active/timing gate failed or signal already used
2026-09-05,02:51:57 GMT,SENTINEL V6 MULTI-WINDOW SCAN >>>
2026-09-05,02:51:57 GMT,V6.2 DIAG | 4 0 5 -0.09999999999999998 0 0.10000000000000003 0 -0.4 0.4 0.1 5 3 1 1 0 0 2 0
2026-09-05,02:51:57 GMT,V6.2 BLOCK - final pressure/veto/active/timing gate failed or signal already used
2026-09-05,02:51:57 GMT,SENTINEL V6 MULTI-WINDOW SCAN >>>
2026-09-05,02:51:57 GMT,V6.2 DIAG | 8 0 3 -0.09999999999999998 0 0.10000000000000003 0 -0.4 0.4 0.1 4 4 1 1 0 0 2 0
2026-09-05,02:51:57 GMT,V6.2 BLOCK - final pressure/veto/active/timing gate failed or signal already used
2026-09-05,02:51:57 GMT,SENTINEL V6 MULTI-WINDOW SCAN >>>
2026-09-05,02:51:57 GMT,V6.2 DIAG | 9 0 9 0 0.028571428571428567 0 -0.06666666666666667 -0.4 -0.1 0.1 5 3 0 1 0 0 2 0
2026-09-05,02:51:57 GMT,V6.2 BLOCK - final pressure/veto/active/timing gate failed or signal already used
2026-09-05,02:51:57 GMT,SENTINEL V6 MULTI-WINDOW SCAN >>>
2026-09-05,02:51:57 GMT,V6.2 DIAG | 6 0 8 0.10000000000000009 0 -0.09999999999999998 0 0.4 -0.1 -0.4 6 2 0 0 0 0 2 0
2026-09-05,02:51:57 GMT,V6.2 BLOCK - final pressure/veto/active/timing gate failed or signal already used
2026-09-05,02:51:57 GMT,SENTINEL V6 MULTI-WINDOW SCAN >>>
2026-09-05,02:51:57 GMT,V6.2 DIAG | 3 0 7 0.15000000000000002 -0.057142857142857134 -0.14999999999999997 0.13333333333333333 0.4 -0.15 0.4 6 2 0 0 0 0 2 0
2026-09-05,02:51:57 GMT,V6.2 BLOCK - final pressure/veto/active/timing gate failed or signal already used
2026-09-05,02:51:57 GMT,SENTINEL V6 MULTI-WINDOW SCAN >>>
2026-09-05,02:51:57 GMT,V6.2 DIAG | 2 0 6 0.04999999999999993 -0.028571428571428567 -0.04999999999999999 0.06666666666666667 0.4 -0.2 0.15000000000000002 6 2 0 1 0 0 2 0
2026-09-05,02:51:57 GMT,V6.2 BLOCK - final pressure/veto/active/timing gate failed or signal already used
2026-09-05,02:51:57 GMT,SENTINEL V6 MULTI-WINDOW SCAN >>>
2026-09-05,02:51:57 GMT,V6.2 DIAG | 5 0 7 0.09999999999999998 -0.028571428571428567 -0.10000000000000003 0.06666666666666667 0.4 -0.25 0.15000000000000002 6 2 0 0 0 0 2 0
2026-09-05,02:51:57 GMT,V6.2 BLOCK - final pressure/veto/active/timing gate failed or signal already used
2026-09-05,02:51:57 GMT,SENTINEL V6 MULTI-WINDOW SCAN >>>
2026-09-05,02:51:57 GMT,V6.2 DIAG | 7 0 5 -0.050000000000000044 0 0.050000000000000044 0 0.15000000000000002 -0.25 0.15000000000000002 5 3 0 1 0 0 2 0
2026-09-05,02:51:57 GMT,V6.2 BLOCK - final pressure/veto/active/timing gate failed or signal already used
2026-09-05,02:51:57 GMT,SENTINEL V6 MULTI-WINDOW SCAN >>>
2026-09-05,02:51:57 GMT,V6.2 DIAG | 9 0 10 0.04999999999999993 0.028571428571428567 -0.04999999999999999 -0.06666666666666667 -0.35000000000000003 -0.25 0.15000000000000002 6 2 0 1 0 0 2 0
2026-09-05,02:51:57 GMT,V6.2 BLOCK - final pressure/veto/active/timing gate failed or signal already used
2026-09-05,02:51:57 GMT,SENTINEL V6 MULTI-WINDOW SCAN >>>
2026-09-05,02:51:57 GMT,V6.2 DIAG | 4 0 10 0 0.08571428571428572 0 -0.2 -0.35000000000000003 -0.5 -0.35000000000000003 6 2 0 0 0 0 2 0
2026-09-05,02:51:57 GMT,V6.2 BLOCK - final pressure/veto/active/timing gate failed or signal already used
2026-09-05,02:51:57 GMT,SENTINEL V6 MULTI-WINDOW SCAN >>>
2026-09-05,02:51:57 GMT,V6.2 DIAG | 0 0 9 0 0.028571428571428567 0 -0.06666666666666667 -0.35000000000000003 -0.5 0.45 6 2 0 1 0 0 2 0
2026-09-05,02:51:57 GMT,V6.2 BLOCK - final pressure/veto/active/timing gate failed or signal already used
2026-09-05,02:51:57 GMT,SENTINEL V6 MULTI-WINDOW SCAN >>>
2026-09-05,02:51:57 GMT,V6.2 DIAG | 0 0 9 -0.15000000000000002 0.05714285714285714 0.15000000000000002 -0.13333333333333336 -0.6000000000000001 -0.5 0.45 5 3 1 1 0 0 2 0
2026-09-05,02:51:57 GMT,V6.2 BLOCK - final pressure/veto/active/timing gate failed or signal already used
2026-09-05,02:51:57 GMT,SENTINEL V6 MULTI-WINDOW SCAN >>>
2026-09-05,02:51:57 GMT,V6.2 DIAG | 3 0 5 -0.09999999999999998 0 0.10000000000000003 0 0.2 -0.5 0.4 5 3 1 1 0 0 2 0
2026-09-05,02:51:46 GMT,V6.2 BLOCK - final pressure/veto/active/timing gate failed or signal already used
2026-09-05,02:51:46 GMT,SENTINEL V6 MULTI-WINDOW SCAN >>>
2026-09-05,02:51:46 GMT,V6.2 DIAG | 1 0 3 -0.09999999999999998 0 0.10000000000000003 0 0.2 -0.5 0.4 4 4 1 1 0 0 2 0
2026-09-05,02:51:46 GMT,V6.2 BLOCK - final pressure/veto/active/timing gate failed or signal already used
2026-09-05,02:51:46 GMT,SENTINEL V6 MULTI-WINDOW SCAN >>>
2026-09-05,02:51:46 GMT,V6.2 DIAG | 9 0 2 -0.050000000000000044 -0.05714285714285714 0.050000000000000044 0.13333333333333336 0.2 0.30000000000000004 0.35000000000000003 4 4 1 1 0 0 2 0
2026-09-05,02:51:46 GMT,V6.2 BLOCK - final pressure/veto/active/timing gate failed or signal already used
2026-09-05,02:51:46 GMT,SENTINEL V6 MULTI-WINDOW SCAN >>>
2026-09-05,02:51:46 GMT,V6.2 DIAG | 1 0 7 0.09999999999999998 -0.028571428571428567 -0.10000000000000003 0.06666666666666667 0.15000000000000002 0.30000000000000004 -0.15 5 3 1 1 0 0 2 0
2026-09-05,02:51:46 GMT,V6.2 BLOCK - final pressure/veto/active/timing gate failed or signal already used
2026-09-05,02:51:46 GMT,SENTINEL V6 MULTI-WINDOW SCAN >>>
2026-09-05,02:51:46 GMT,V6.2 DIAG | 7 0 5 -0.050000000000000044 -0.05714285714285714 0.050000000000000044 0.13333333333333336 0.9500000000000001 0.05000000000000002 -0.15 5 3 1 1 0 0 2 0
2026-09-05,02:51:46 GMT,V6.2 BLOCK - final pressure/veto/active/timing gate failed or signal already used
2026-09-05,02:51:46 GMT,SENTINEL V6 MULTI-WINDOW SCAN >>>
2026-09-05,02:51:46 GMT,V6.2 DIAG | 3 0 6 0.04999999999999993 -0.028571428571428567 -0.04999999999999999 0.06666666666666667 0.45 0.05000000000000002 -0.15 6 2 1 0 0 0 2 0
2026-09-05,02:51:46 GMT,V6.2 BLOCK - final pressure/veto/active/timing gate failed or signal already used
2026-09-05,02:51:46 GMT,SENTINEL V6 MULTI-WINDOW SCAN >>>
2026-09-05,02:51:46 GMT,V6.2 DIAG | 8 0 5 0.04999999999999993 -0.028571428571428567 -0.04999999999999999 0.06666666666666667 0.45 0.05000000000000002 -0.15 5 3 2 1 0 0 2 0
2026-09-05,02:51:46 GMT,V6.2 BLOCK - final pressure/veto/active/timing gate failed or signal already used
2026-09-05,02:51:46 GMT,SENTINEL V6 MULTI-WINDOW SCAN >>>
2026-09-05,02:51:46 GMT,V6.2 DIAG | 6 0 9 0 0.028571428571428567 0 -0.06666666666666667 0.45 -0.45 -0.4 6 2 1 0 0 0 2 0
2026-09-05,02:51:46 GMT,V6.2 BLOCK - final pressure/veto/active/timing gate failed or signal already used
2026-09-05,02:51:46 GMT,SENTINEL V6 MULTI-WINDOW SCAN >>>
2026-09-05,02:51:46 GMT,V6.2 DIAG | 7 0 9 0 0.028571428571428567 0 -0.06666666666666667 0.45 -0.45 -0.4 6 2 1 1 0 0 2 0
2026-09-05,02:51:46 GMT,V6.2 BLOCK - final pressure/veto/active/timing gate failed or signal already used
2026-09-05,02:51:46 GMT,SENTINEL V6 MULTI-WINDOW SCAN >>>
2026-09-05,02:51:46 GMT,V6.2 DIAG | 0 0 8 0.10000000000000009 0 -0.09999999999999998 0 -0.05 0.35000000000000003 -0.4 6 2 1 1 0 0 2 0
2026-09-05,02:51:46 GMT,V6.2 BLOCK - final pressure/veto/active/timing gate failed or signal already used
2026-09-05,02:51:46 GMT,SENTINEL V6 MULTI-WINDOW SCAN >>>
2026-09-05,02:51:46 GMT,V6.2 DIAG | 6 0 8 0.15000000000000002 0 -0.14999999999999997 0 -0.05 0.35000000000000003 -0.45 6 2 1 1 0 0 2 0
2026-09-05,02:51:46 GMT,V6.2 BLOCK - final pressure/veto/active/timing gate failed or signal already used
2026-09-05,02:51:46 GMT,SENTINEL V6 MULTI-WINDOW SCAN >>>
2026-09-05,02:51:46 GMT,V6.2 DIAG | 5 0 8 0.20000000000000007 0 -0.2 0 -0.05 0.35000000000000003 -0.5 6 2 1 1 0 0 2 0
2026-09-05,02:51:46 GMT,V6.2 BLOCK - final pressure/veto/active/timing gate failed or signal already used
2026-09-05,02:51:46 GMT,SENTINEL V6 MULTI-WINDOW SCAN >>>
2026-09-05,02:51:46 GMT,V6.2 DIAG | 4 0 6 0.04999999999999993 -0.028571428571428567 -0.04999999999999999 0.06666666666666667 -0.05 0.1 0.30000000000000004 6 2 1 1 0 0 2 0
2026-09-05,02:51:35 GMT,V6.2 BLOCK - final pressure/veto/active/timing gate failed or signal already used
2026-09-05,02:51:35 GMT,SENTINEL V6 MULTI-WINDOW SCAN >>>
2026-09-05,02:51:35 GMT,V6.2 DIAG | 8 0 6 -0.09999999999999998 0 0.10000000000000003 0 -0.05 -0.15000000000000002 0.30000000000000004 6 2 1 1 0 0 2 0
2026-09-05,02:51:35 GMT,V6.2 BLOCK - final pressure/veto/active/timing gate failed or signal already used
2026-09-05,02:51:35 GMT,SENTINEL V6 MULTI-WINDOW SCAN >>>
2026-09-05,02:51:35 GMT,V6.2 DIAG | 5 0 9 -0.15000000000000002 0.05714285714285714 0.15000000000000002 -0.13333333333333336 -0.05 -0.8999999999999999 0.30000000000000004 6 2 1 1 0 0 2 0
2026-09-05,02:51:35 GMT,V6.2 BLOCK - final pressure/veto/active/timing gate failed or signal already used
2026-09-05,02:51:35 GMT,SENTINEL V6 MULTI-WINDOW SCAN >>>
2026-09-05,02:51:35 GMT,V6.2 DIAG | 4 0 8 -0.15000000000000002 0.05714285714285714 0.15000000000000002 -0.13333333333333336 -0.05 -0.8999999999999999 0.30000000000000004 5 3 2 1 0 0 2 0
2026-09-05,02:51:35 GMT,V6.2 BLOCK - final pressure/veto/active/timing gate failed or signal already used
2026-09-05,02:51:35 GMT,SENTINEL V6 MULTI-WINDOW SCAN >>>
2026-09-05,02:51:35 GMT,V6.2 DIAG | 9 0 6 -0.15000000000000002 0.05714285714285714 0.15000000000000002 -0.13333333333333336 -0.05 -0.8999999999999999 0.30000000000000004 4 4 3 1 0 0 2 0
2026-09-05,02:51:35 GMT,V6.2 BLOCK - final pressure/veto/active/timing gate failed or signal already used
2026-09-05,02:51:35 GMT,SENTINEL V6 MULTI-WINDOW SCAN >>>
2026-09-05,02:51:35 GMT,V6.2 DIAG | 4 0 9 0 0.028571428571428567 0 -0.06666666666666667 -0.05 -0.15000000000000002 -0.2 5 3 3 0 0 0 2 0
2026-09-05,02:51:35 GMT,V6.2 BLOCK - final pressure/veto/active/timing gate failed or signal already used
2026-09-05,02:51:35 GMT,SENTINEL V6 MULTI-WINDOW SCAN >>>
2026-09-05,02:51:35 GMT,V6.2 DIAG | 6 0 5 0 -0.028571428571428567 0 0.06666666666666667 -0.05 0.65 -0.2 5 3 3 1 0 0 2 0
2026-09-05,02:51:35 GMT,V6.2 BLOCK - final pressure/veto/active/timing gate failed or signal already used
2026-09-05,02:51:35 GMT,SENTINEL V6 MULTI-WINDOW SCAN >>>
2026-09-05,02:51:35 GMT,V6.2 DIAG | 2 0 6 0.04999999999999993 -0.08571428571428572 -0.04999999999999999 0.2 -0.1 1.45 -0.2 5 3 3 1 0 0 2 0
2026-09-05,02:51:35 GMT,V6.2 BLOCK - final pressure/veto/active/timing gate failed or signal already used
2026-09-05,02:51:35 GMT,SENTINEL V6 MULTI-WINDOW SCAN >>>
2026-09-05,02:51:35 GMT,V6.2 DIAG | 4 0 5 -0.09999999999999998 -0.05714285714285714 0.10000000000000003 0.13333333333333336 -0.1 1.45 -0.45 5 3 3 1 0 0 2 0
2026-09-05,02:51:35 GMT,V6.2 BLOCK - final pressure/veto/active/timing gate failed or signal already used
2026-09-05,02:51:35 GMT,SENTINEL V6 MULTI-WINDOW SCAN >>>
2026-09-05,02:51:35 GMT,V6.2 DIAG | 8 0 5 -0.09999999999999998 -0.05714285714285714 0.10000000000000003 0.13333333333333336 -0.1 1.45 -0.45 5 3 3 1 0 0 2 0
2026-09-05,02:51:35 GMT,V6.2 BLOCK - final pressure/veto/active/timing gate failed or signal already used
2026-09-05,02:51:35 GMT,SENTINEL V6 MULTI-WINDOW SCAN >>>
2026-09-05,02:51:35 GMT,V6.2 DIAG | 8 0 5 -0.09999999999999998 0 0.10000000000000003 0 -0.15 0.9500000000000001 -0.7000000000000001 5 3 2 1 0 0 2 0
2026-09-05,02:51:26 GMT,V6.2 BLOCK - final pressure/veto/active/timing gate failed or signal already used
2026-09-05,02:51:26 GMT,SENTINEL V6 MULTI-WINDOW SCAN >>>
2026-09-05,02:51:26 GMT,V6.2 DIAG | 8 0 9 -0.15000000000000002 0.05714285714285714 0.15000000000000002 -0.13333333333333336 -0.4 0.45 -0.7000000000000001 6 2 1 1 0 0 2 0
2026-09-05,02:51:25 GMT,V6.2 BLOCK - final pressure/veto/active/timing gate failed or signal already used
2026-09-05,02:51:25 GMT,SENTINEL V6 MULTI-WINDOW SCAN >>>
2026-09-05,02:51:25 GMT,V6.2 DIAG | 1 0 10 -0.050000000000000044 0.08571428571428572 0.04999999999999999 -0.2 -0.4 -0.05 -0.7000000000000001 6 2 0 1 0 0 2 0
2026-09-05,02:51:25 GMT,V6.2 BLOCK - final pressure/veto/active/timing gate failed or signal already used
2026-09-05,02:51:25 GMT,SENTINEL V6 MULTI-WINDOW SCAN >>>
2026-09-05,02:51:25 GMT,V6.2 DIAG | 5 0 9 -0.050000000000000044 0.028571428571428567 0.04999999999999999 -0.06666666666666667 -0.4 -0.05 0.1 5 3 0 1 0 0 2 0
2026-09-05,02:51:25 GMT,V6.2 BLOCK - final pressure/veto/active/timing gate failed or signal already used
2026-09-05,02:51:25 GMT,SENTINEL V6 MULTI-WINDOW SCAN >>>
2026-09-05,02:51:25 GMT,V6.2 DIAG | 6 0 9 -0.050000000000000044 0.028571428571428567 0.04999999999999999 -0.06666666666666667 -0.4 -0.05 0.1 5 3 0 1 0 0 2 0
2026-09-05,02:51:25 GMT,V6.2 BLOCK - final pressure/veto/active/timing gate failed or signal already used
2026-09-05,02:51:25 GMT,SENTINEL V6 MULTI-WINDOW SCAN >>>
2026-09-05,02:51:25 GMT,V6.2 DIAG | 2 0 6 -0.050000000000000044 -0.028571428571428567 0.04999999999999999 0.06666666666666667 -0.4 -0.05 0.9 5 3 0 1 0 0 2 0
2026-09-05,02:51:25 GMT,V6.2 BLOCK - final pressure/veto/active/timing gate failed or signal already used
2026-09-05,02:51:25 GMT,SENTINEL V6 MULTI-WINDOW SCAN >>>
2026-09-05,02:51:25 GMT,V6.2 DIAG | 2 0 5 -0.050000000000000044 -0.08571428571428572 0.04999999999999999 0.2 0.4 -0.05 0.9 5 3 0 1 0 0 2 0
2026-09-05,02:51:25 GMT,V6.2 BLOCK - final pressure/veto/active/timing gate failed or signal already used
2026-09-05,02:51:25 GMT,SENTINEL V6 MULTI-WINDOW SCAN >>>
2026-09-05,02:51:25 GMT,V6.2 DIAG | 9 0 5 -0.050000000000000044 -0.08571428571428572 0.04999999999999999 0.2 0.4 -0.05 0.9 5 3 0 1 0 0 2 0
2026-09-05,02:51:25 GMT,V6.2 BLOCK - final pressure/veto/active/timing gate failed or signal already used
2026-09-05,02:51:25 GMT,SENTINEL V6 MULTI-WINDOW SCAN >>>
2026-09-05,02:51:25 GMT,V6.2 DIAG | 1 0 5 -0.050000000000000044 -0.028571428571428567 0.04999999999999999 0.06666666666666667 0.35000000000000003 -0.05 0.15000000000000002 6 2 0 1 0 0 2 0
2026-09-05,02:51:25 GMT,V6.2 BLOCK - final pressure/veto/active/timing gate failed or signal already used
2026-09-05,02:51:25 GMT,SENTINEL V6 MULTI-WINDOW SCAN >>>
2026-09-05,02:51:25 GMT,V6.2 DIAG | 9 0 6 -0.15000000000000002 0 0.15000000000000002 0 0.30000000000000004 -0.05 -0.10000000000000003 6 2 0 1 0 0 2 0
2026-09-05,02:51:25 GMT,V6.2 BLOCK - final pressure/veto/active/timing gate failed or signal already used
2026-09-05,02:51:25 GMT,SENTINEL V6 MULTI-WINDOW SCAN >>>
2026-09-05,02:51:25 GMT,V6.2 DIAG | 7 0 9 0 0.028571428571428567 0 -0.06666666666666667 0.25 -0.05 -0.6000000000000001 6 2 0 1 0 0 2 0
2026-09-05,02:51:15 GMT,V6.2 BLOCK - final pressure/veto/active/timing gate failed or signal already used
2026-09-05,02:51:15 GMT,SENTINEL V6 MULTI-WINDOW SCAN >>>
2026-09-05,02:51:15 GMT,V6.2 DIAG | 0 0 12 0.10000000000000009 0.057142857142857134 -0.09999999999999998 -0.13333333333333333 -0.25 -0.05 -0.6000000000000001 6 2 0 0 1 0 2 0
2026-09-05,02:51:15 GMT,V6.2 BLOCK - final pressure/veto/active/timing gate failed or signal already used
2026-09-05,02:51:15 GMT,SENTINEL V6 MULTI-WINDOW SCAN >>>
2026-09-05,02:51:15 GMT,V6.2 DIAG | 2 0 12 0.10000000000000009 0.057142857142857134 -0.09999999999999998 -0.13333333333333333 -0.25 -0.05 -0.6000000000000001 6 2 0 0 1 0 2 0
2026-09-05,02:51:15 GMT,V6.2 BLOCK - final pressure/veto/active/timing gate failed or signal already used
2026-09-05,02:51:15 GMT,SENTINEL V6 MULTI-WINDOW SCAN >>>
2026-09-05,02:51:15 GMT,V6.2 DIAG | 3 0 8 0.15000000000000002 0 -0.14999999999999997 0 -0.25 -0.05 0.15000000000000002 6 2 0 0 0 0 2 0
2026-09-05,02:51:14 GMT,V6.2 BLOCK - final pressure/veto/active/timing gate failed or signal already used
2026-09-05,02:51:14 GMT,SENTINEL V6 MULTI-WINDOW SCAN >>>
2026-09-05,02:51:14 GMT,V6.2 DIAG | 1 0 8 0.15000000000000002 -0.057142857142857134 -0.14999999999999997 0.13333333333333333 -0.25 -0.05 0.9500000000000001 6 2 0 0 0 0 2 0
2026-09-05,02:51:14 GMT,V6.2 BLOCK - final pressure/veto/active/timing gate failed or signal already used
2026-09-05,02:51:14 GMT,SENTINEL V6 MULTI-WINDOW SCAN >>>
2026-09-05,02:51:14 GMT,V6.2 DIAG | 0 0 6 0 -0.028571428571428567 0 0.06666666666666667 -0.25 -0.30000000000000004 0.9500000000000001 6 2 0 0 0 0 2 0
2026-09-05,02:51:14 GMT,V6.2 BLOCK - final pressure/veto/active/timing gate failed or signal already used
2026-09-05,02:51:14 GMT,SENTINEL V6 MULTI-WINDOW SCAN >>>
2026-09-05,02:51:14 GMT,V6.2 DIAG | 0 0 6 0 -0.028571428571428567 0 0.06666666666666667 -0.25 -0.30000000000000004 0.9500000000000001 6 2 0 1 0 0 2 0
2026-09-05,02:51:14 GMT,V6.2 BLOCK - final pressure/veto/active/timing gate failed or signal already used
2026-09-05,02:51:14 GMT,SENTINEL V6 MULTI-WINDOW SCAN >>>
2026-09-05,02:51:14 GMT,V6.2 DIAG | 9 0 6 -0.15000000000000002 0 0.15000000000000002 0 -0.5 -0.30000000000000004 0.9500000000000001 5 3 1 1 0 0 2 0
2026-09-05,02:51:14 GMT,V6.2 BLOCK - final pressure/veto/active/timing gate failed or signal already used
2026-09-05,02:51:14 GMT,SENTINEL V6 MULTI-WINDOW SCAN >>>
2026-09-05,02:51:14 GMT,V6.2 DIAG | 9 0 9 -0.050000000000000044 0.028571428571428567 0.04999999999999999 -0.06666666666666667 -0.5 -0.30000000000000004 0.45 6 2 1 1 0 0 2 0
2026-09-05,02:51:14 GMT,V6.2 BLOCK - final pressure/veto/active/timing gate failed or signal already used
2026-09-05,02:51:14 GMT,SENTINEL V6 MULTI-WINDOW SCAN >>>
2026-09-05,02:51:14 GMT,V6.2 DIAG | 2 0 12 0.10000000000000009 0.057142857142857134 -0.09999999999999998 -0.13333333333333333 -0.5 -0.30000000000000004 -0.1 6 2 1 0 1 0 2 0
2026-09-05,02:51:14 GMT,V6.2 BLOCK - final pressure/veto/active/timing gate failed or signal already used
2026-09-05,02:51:14 GMT,SENTINEL V6 MULTI-WINDOW SCAN >>>
2026-09-05,02:51:14 GMT,V6.2 DIAG | 3 0 9 -0.050000000000000044 0.028571428571428567 0.04999999999999999 -0.06666666666666667 -0.75 0.5 -0.1 6 2 1 1 0 0 2 0
2026-09-05,02:51:14 GMT,V6.2 BLOCK - final pressure/veto/active/timing gate failed or signal already used
2026-09-05,02:51:14 GMT,SENTINEL V6 MULTI-WINDOW SCAN >>>
2026-09-05,02:51:14 GMT,V6.2 DIAG | 0 0 9 -0.050000000000000044 0.028571428571428567 0.04999999999999999 -0.06666666666666667 -0.75 0.5 -0.1 6 2 1 1 0 0 2 0
2026-09-05,02:51:04 GMT,V6.2 BLOCK - final pressure/veto/active/timing gate failed or signal already used
2026-09-05,02:51:04 GMT,SENTINEL V6 MULTI-WINDOW SCAN >>>
2026-09-05,02:51:04 GMT,V6.2 DIAG | 5 0 6 0 -0.028571428571428567 0 0.06666666666666667 0 0.5 -0.1 5 3 1 1 0 0 2 0
2026-09-05,02:51:04 GMT,V6.2 BLOCK - final pressure/veto/active/timing gate failed or signal already used
2026-09-05,02:51:04 GMT,SENTINEL V6 MULTI-WINDOW SCAN >>>
2026-09-05,02:51:04 GMT,V6.2 DIAG | 5 0 7 0.04999999999999993 -0.028571428571428567 -0.04999999999999999 0.06666666666666667 -0.04999999999999999 0.5 -0.1 5 3 1 1 0 0 2 0
2026-09-05,02:51:04 GMT,V6.2 BLOCK - final pressure/veto/active/timing gate failed or signal already used
2026-09-05,02:51:04 GMT,SENTINEL V6 MULTI-WINDOW SCAN >>>
2026-09-05,02:51:04 GMT,V6.2 DIAG | 8 0 7 0.04999999999999993 -0.028571428571428567 -0.04999999999999999 0.06666666666666667 -0.04999999999999999 0.5 -0.1 5 3 1 1 0 0 2 0
2026-09-05,02:51:03 GMT,V6.2 BLOCK - final pressure/veto/active/timing gate failed or signal already used
2026-09-05,02:51:03 GMT,SENTINEL V6 MULTI-WINDOW SCAN >>>
2026-09-05,02:51:03 GMT,V6.2 DIAG | 3 0 8 0.15000000000000002 -0.057142857142857134 -0.14999999999999997 0.13333333333333333 0.75 0 -0.1 6 2 0 0 0 0 2 0
2026-09-05,02:51:03 GMT,V6.2 BLOCK - final pressure/veto/active/timing gate failed or signal already used
2026-09-05,02:51:03 GMT,SENTINEL V6 MULTI-WINDOW SCAN >>>
2026-09-05,02:51:03 GMT,V6.2 DIAG | 7 0 8 0.15000000000000002 -0.057142857142857134 -0.14999999999999997 0.13333333333333333 0.75 0 -0.1 6 2 0 1 0 0 2 0
2026-09-05,02:51:03 GMT,V6.2 BLOCK - final pressure/veto/active/timing gate failed or signal already used
2026-09-05,02:51:03 GMT,SENTINEL V6 MULTI-WINDOW SCAN >>>
2026-09-05,02:51:03 GMT,V6.2 DIAG | 1 0 8 0.25 -0.028571428571428567 -0.24999999999999997 0.06666666666666667 0.25 0 -0.1 7 1 0 0 0 0 2 0
2026-09-05,02:51:03 GMT,V6.2 BLOCK - final pressure/veto/active/timing gate failed or signal already used
2026-09-05,02:51:03 GMT,SENTINEL V6 MULTI-WINDOW SCAN >>>
2026-09-05,02:51:03 GMT,V6.2 DIAG | 4 0 9 0.10000000000000009 0 -0.09999999999999998 0 0 0 -0.1 7 1 0 0 0 0 2 0
2026-09-05,02:51:03 GMT,V6.2 BLOCK - final pressure/veto/active/timing gate failed or signal already used
2026-09-05,02:51:03 GMT,SENTINEL V6 MULTI-WINDOW SCAN >>>
2026-09-05,02:51:03 GMT,V6.2 DIAG | 7 0 10 0 0.028571428571428567 0 -0.06666666666666667 -0.25 -0.05 -0.1 7 1 0 1 0 0 2 0
2026-09-05,02:51:03 GMT,V6.2 BLOCK - final pressure/veto/active/timing gate failed or signal already used
2026-09-05,02:51:03 GMT,SENTINEL V6 MULTI-WINDOW SCAN >>>
2026-09-05,02:51:03 GMT,V6.2 DIAG | 4 0 10 -0.050000000000000044 0.08571428571428572 0.04999999999999999 -0.2 -1 -0.05 -0.1 7 1 0 1 0 0 2 0
2026-09-05,02:51:03 GMT,V6.2 BLOCK - final pressure/veto/active/timing gate failed or signal already used
2026-09-05,02:51:03 GMT,SENTINEL V6 MULTI-WINDOW SCAN >>>
2026-09-05,02:51:03 GMT,V6.2 DIAG | 4 0 10 -0.050000000000000044 0.08571428571428572 0.04999999999999999 -0.2 -1 -0.05 -0.1 6 2 0 1 0 0 2 0
2026-09-05,02:51:03 GMT,V6.2 BLOCK - final pressure/veto/active/timing gate failed or signal already used
2026-09-05,02:51:03 GMT,SENTINEL V6 MULTI-WINDOW SCAN >>>
2026-09-05,02:51:03 GMT,V6.2 DIAG | 5 0 10 -0.050000000000000044 0.08571428571428572 0.04999999999999999 -0.2 -1 -0.05 -0.1 5 3 0 1 0 0 2 0
2026-09-05,02:50:52 GMT,V6.2 BLOCK - final pressure/veto/active/timing gate failed or signal already used
2026-09-05,02:50:52 GMT,SENTINEL V6 MULTI-WINDOW SCAN >>>
2026-09-05,02:50:52 GMT,V6.2 DIAG | 6 0 10 -0.15000000000000002 0.05714285714285714 0.15000000000000002 -0.13333333333333336 -0.25 -0.05 -0.35000000000000003 5 3 0 1 0 0 2 0
2026-09-05,02:50:52 GMT,V6.2 BLOCK - final pressure/veto/active/timing gate failed or signal already used
2026-09-05,02:50:52 GMT,SENTINEL V6 MULTI-WINDOW SCAN >>>
2026-09-05,02:50:52 GMT,V6.2 DIAG | 5 0 6 -0.15000000000000002 0 0.15000000000000002 0 0.55 -0.05 -0.35000000000000003 5 3 0 1 0 0 2 0
2026-09-05,02:50:52 GMT,V6.2 BLOCK - final pressure/veto/active/timing gate failed or signal already used
2026-09-05,02:50:52 GMT,SENTINEL V6 MULTI-WINDOW SCAN >>>
2026-09-05,02:50:52 GMT,V6.2 DIAG | 1 0 4 -0.15000000000000002 -0.05714285714285714 0.15000000000000002 0.13333333333333336 1.3499999999999999 -0.05 -0.35000000000000003 4 4 0 1 0 0 2 0
2026-09-05,02:50:52 GMT,V6.2 BLOCK - final pressure/veto/active/timing gate failed or signal already used
2026-09-05,02:50:52 GMT,SENTINEL V6 MULTI-WINDOW SCAN >>>
2026-09-05,02:50:52 GMT,V6.2 DIAG | 0 0 4 -0.15000000000000002 -0.05714285714285714 0.15000000000000002 0.13333333333333336 1.3499999999999999 -0.05 -0.35000000000000003 4 4 0 1 0 0 2 0
2026-09-05,02:50:52 GMT,V6.2 BLOCK - final pressure/veto/active/timing gate failed or signal already used
2026-09-05,02:50:52 GMT,SENTINEL V6 MULTI-WINDOW SCAN >>>
2026-09-05,02:50:52 GMT,V6.2 DIAG | 7 0 4 -0.15000000000000002 -0.05714285714285714 0.15000000000000002 0.13333333333333336 1.3499999999999999 -0.05 -0.35000000000000003 4 4 0 1 0 0 2 0
2026-09-05,02:50:52 GMT,V6.2 BLOCK - final pressure/veto/active/timing gate failed or signal already used
2026-09-05,02:50:52 GMT,SENTINEL V6 MULTI-WINDOW SCAN >>>
2026-09-05,02:50:52 GMT,V6.2 DIAG | 7 0 5 0 -0.08571428571428572 0 0.2 0.8 -0.05 0.45 5 3 0 1 0 0 2 0
2026-09-05,02:50:51 GMT,V6.2 BLOCK - final pressure/veto/active/timing gate failed or signal already used
2026-09-05,02:50:51 GMT,SENTINEL V6 MULTI-WINDOW SCAN >>>
2026-09-05,02:50:51 GMT,V6.2 DIAG | 7 0 5 0 -0.028571428571428567 0 0.06666666666666667 0.30000000000000004 -0.1 0.2 6 2 0 1 0 0 2 0
2026-09-05,02:50:51 GMT,V6.2 BLOCK - final pressure/veto/active/timing gate failed or signal already used
2026-09-05,02:50:51 GMT,SENTINEL V6 MULTI-WINDOW SCAN >>>
2026-09-05,02:50:51 GMT,V6.2 DIAG | 2 0 8 0.10000000000000009 0 -0.09999999999999998 0 -0.2 -0.1 0.2 7 1 0 0 0 0 2 0
2026-09-05,02:50:51 GMT,V6.2 BLOCK - final pressure/veto/active/timing gate failed or signal already used
2026-09-05,02:50:51 GMT,SENTINEL V6 MULTI-WINDOW SCAN >>>
2026-09-05,02:50:51 GMT,V6.2 DIAG | 6 0 8 0.15000000000000002 0 -0.14999999999999997 0 -0.2 -0.1 0.15000000000000002 6 2 0 0 0 0 2 0
2026-09-05,02:50:51 GMT,V6.2 BLOCK - final pressure/veto/active/timing gate failed or signal already used
2026-09-05,02:50:51 GMT,SENTINEL V6 MULTI-WINDOW SCAN >>>
2026-09-05,02:50:51 GMT,V6.2 DIAG | 9 0 9 0 0.028571428571428567 0 -0.06666666666666667 -0.45 -0.1 0.15000000000000002 6 2 0 1 0 0 2 0
2026-09-05,02:50:51 GMT,V6.2 BLOCK - final pressure/veto/active/timing gate failed or signal already used
2026-09-05,02:50:51 GMT,SENTINEL V6 MULTI-WINDOW SCAN >>>
2026-09-05,02:50:51 GMT,V6.2 DIAG | 4 0 10 0 0.08571428571428572 0 -0.2 -0.75 -0.1 -0.35000000000000003 7 1 0 0 0 0 2 0
2026-09-05,02:50:51 GMT,V6.2 BLOCK - final pressure/veto/active/timing gate failed or signal already used
2026-09-05,02:50:51 GMT,SENTINEL V6 MULTI-WINDOW SCAN >>>
2026-09-05,02:50:51 GMT,V6.2 DIAG | 4 1 10 0.04999999999999993 0.028571428571428567 -0.04999999999999999 -0.06666666666666667 -0.75 -0.1 0.4 6 2 0 1 0 0 2 0
2026-09-05,02:50:41 GMT,V6.2 BLOCK - final pressure/veto/active/timing gate failed or signal already used
2026-09-05,02:50:41 GMT,SENTINEL V6 MULTI-WINDOW SCAN >>>
2026-09-05,02:50:41 GMT,V6.2 DIAG | 0 0 11 0.09999999999999998 0.028571428571428567 -0.10000000000000003 -0.06666666666666667 -0.75 -0.15 0.4 5 3 0 0 1 0 2 1
2026-09-05,02:50:41 GMT,V6.2 BLOCK - final pressure/veto/active/timing gate failed or signal already used
2026-09-05,02:50:41 GMT,SENTINEL V6 MULTI-WINDOW SCAN >>>
2026-09-05,02:50:41 GMT,V6.2 DIAG | 6 0 11 0.09999999999999998 0.028571428571428567 -0.10000000000000003 -0.06666666666666667 -0.75 -0.15 0.4 5 3 0 0 1 0 2 0
2026-09-05,02:50:41 GMT,V6.2 BLOCK - final pressure/veto/active/timing gate failed or signal already used
2026-09-05,02:50:41 GMT,SENTINEL V6 MULTI-WINDOW SCAN >>>
2026-09-05,02:50:41 GMT,V6.2 DIAG | 3 0 7 0.09999999999999998 -0.028571428571428567 -0.10000000000000003 0.06666666666666667 0.05000000000000002 -0.15 0.4 5 3 0 0 0 0 2 0
2026-09-05,02:50:41 GMT,V6.2 BLOCK - final pressure/veto/active/timing gate failed or signal already used
2026-09-05,02:50:41 GMT,SENTINEL V6 MULTI-WINDOW SCAN >>>
2026-09-05,02:50:41 GMT,V6.2 DIAG | 9 0 7 0.1499999999999999 -0.08571428571428572 -0.15000000000000002 0.2 0.8 -0.15 0.4 5 3 0 0 0 0 2 0
2026-09-05,02:50:41 GMT,V6.2 BLOCK - final pressure/veto/active/timing gate failed or signal already used
2026-09-05,02:50:41 GMT,SENTINEL V6 MULTI-WINDOW SCAN >>>
2026-09-05,02:50:41 GMT,V6.2 DIAG | 2 0 8 0.09999999999999998 -0.028571428571428567 -0.10000000000000003 0.06666666666666667 0.8 -0.4 -0.1 6 2 0 0 0 0 2 0
2026-09-05,02:50:41 GMT,V6.2 BLOCK - final pressure/veto/active/timing gate failed or signal already used
2026-09-05,02:50:41 GMT,SENTINEL V6 MULTI-WINDOW SCAN >>>
2026-09-05,02:50:41 GMT,V6.2 DIAG | 2 0 8 0.09999999999999998 -0.028571428571428567 -0.10000000000000003 0.06666666666666667 0.8 -0.4 -0.1 6 2 0 0 0 0 2 0
2026-09-05,02:50:40 GMT,V6.2 BLOCK - final pressure/veto/active/timing gate failed or signal already used
2026-09-05,02:50:40 GMT,SENTINEL V6 MULTI-WINDOW SCAN >>>
2026-09-05,02:50:40 GMT,V6.2 DIAG | 7 0 8 0.09999999999999998 -0.028571428571428567 -0.10000000000000003 0.06666666666666667 0.8 -0.4 -0.1 5 3 1 1 0 0 2 0
2026-09-05,02:50:40 GMT,V6.2 BLOCK - final pressure/veto/active/timing gate failed or signal already used
2026-09-05,02:50:40 GMT,SENTINEL V6 MULTI-WINDOW SCAN >>>
2026-09-05,02:50:40 GMT,V6.2 DIAG | 7 0 8 0.25 0 -0.25 0 0.30000000000000004 -0.4 -0.15 6 2 1 0 0 0 2 0
2026-09-05,02:50:40 GMT,V6.2 BLOCK - final pressure/veto/active/timing gate failed or signal already used
2026-09-05,02:50:40 GMT,SENTINEL V6 MULTI-WINDOW SCAN >>>
2026-09-05,02:50:40 GMT,V6.2 DIAG | 1 0 12 0.20000000000000007 0.057142857142857134 -0.2 -0.13333333333333333 -0.45 -0.4 -0.15 7 1 1 0 1 0 2 0
2026-09-05,02:50:40 GMT,V6.2 BLOCK - final pressure/veto/active/timing gate failed or signal already used
2026-09-05,02:50:40 GMT,SENTINEL V6 MULTI-WINDOW SCAN >>>
2026-09-05,02:50:40 GMT,V6.2 DIAG | 3 0 8 0.25 0 -0.25 0 -0.45 0.4 -0.2 7 1 1 1 0 0 2 0
2026-09-05,02:50:40 GMT,V6.2 BLOCK - final pressure/veto/active/timing gate failed or signal already used
2026-09-05,02:50:40 GMT,SENTINEL V6 MULTI-WINDOW SCAN >>>
2026-09-05,02:50:40 GMT,V6.2 DIAG | 3 0 8 0.25 0 -0.25 0 -0.45 0.4 -0.2 6 2 1 1 0 0 2 0
2026-09-05,02:50:32 GMT,V6.2 BLOCK - final pressure/veto/active/timing gate failed or signal already used
2026-09-05,02:50:32 GMT,SENTINEL V6 MULTI-WINDOW SCAN >>>
2026-09-05,02:50:32 GMT,V6.2 DIAG | 6 0 8 0.25 0 -0.25 0 -0.45 0.4 -0.2 6 2 1 1 0 0 2 0
2026-09-05,02:50:32 GMT,V6.2 BLOCK - final pressure/veto/active/timing gate failed or signal already used
2026-09-05,02:50:32 GMT,SENTINEL V6 MULTI-WINDOW SCAN >>>
2026-09-05,02:50:32 GMT,V6.2 DIAG | 3 0 8 0.25 0 -0.25 0 -0.45 0.4 -0.2 6 2 1 1 0 0 2 0
2026-09-05,02:50:32 GMT,V6.2 BLOCK - final pressure/veto/active/timing gate failed or signal already used
2026-09-05,02:50:32 GMT,SENTINEL V6 MULTI-WINDOW SCAN >>>
2026-09-05,02:50:32 GMT,V6.2 DIAG | 8 0 7 0.09999999999999998 -0.028571428571428567 -0.10000000000000003 0.06666666666666667 0.1 0.4 -0.2 6 2 1 1 0 0 2 0
2026-09-05,02:50:32 GMT,V6.2 BLOCK - final pressure/veto/active/timing gate failed or signal already used
2026-09-05,02:50:32 GMT,SENTINEL V6 MULTI-WINDOW SCAN >>>
2026-09-05,02:50:32 GMT,V6.2 DIAG | 2 0 11 0.09999999999999998 0.028571428571428567 -0.10000000000000003 -0.06666666666666667 0.1 -0.4 -0.2 7 1 0 0 1 0 2 1
2026-09-05,02:50:32 GMT,V6.2 BLOCK - final pressure/veto/active/timing gate failed or signal already used
2026-09-05,02:50:32 GMT,SENTINEL V6 MULTI-WINDOW SCAN >>>
2026-09-05,02:50:32 GMT,V6.2 DIAG | 3 0 11 0.09999999999999998 0.028571428571428567 -0.10000000000000003 -0.06666666666666667 0.1 -0.4 -0.2 6 2 0 0 0 0 2 0
2026-09-05,02:50:31 GMT,V6.2 BLOCK - final pressure/veto/active/timing gate failed or signal already used
2026-09-05,02:50:31 GMT,SENTINEL V6 MULTI-WINDOW SCAN >>>
2026-09-05,02:50:31 GMT,V6.2 DIAG | 2 0 9 -0.050000000000000044 0.05714285714285714 0.050000000000000044 -0.13333333333333336 0.1 -0.4 -0.45 5 3 1 1 0 0 2 0
2026-09-05,02:50:31 GMT,V6.2 BLOCK - final pressure/veto/active/timing gate failed or signal already used
2026-09-05,02:50:31 GMT,SENTINEL V6 MULTI-WINDOW SCAN >>>
2026-09-05,02:50:31 GMT,V6.2 DIAG | 7 0 9 -0.050000000000000044 0.05714285714285714 0.050000000000000044 -0.13333333333333336 0.1 -0.4 -0.45 5 3 1 1 0 0 2 0
2026-09-05,02:50:31 GMT,V6.2 BLOCK - final pressure/veto/active/timing gate failed or signal already used
2026-09-05,02:50:31 GMT,SENTINEL V6 MULTI-WINDOW SCAN >>>
2026-09-05,02:50:31 GMT,V6.2 DIAG | 2 0 9 -0.09999999999999998 0.05714285714285714 0.10000000000000003 -0.13333333333333336 0.15000000000000002 -0.4 -0.45 5 3 1 1 0 0 2 0
2026-09-05,02:50:31 GMT,V6.2 BLOCK - final pressure/veto/active/timing gate failed or signal already used
2026-09-05,02:50:31 GMT,SENTINEL V6 MULTI-WINDOW SCAN >>>
2026-09-05,02:50:31 GMT,V6.2 DIAG | 4 0 8 -0.25 0.028571428571428574 0.25 -0.06666666666666668 0.15000000000000002 0.4 -0.7000000000000001 5 3 1 1 0 0 2 0
2026-09-05,02:50:23 GMT,V6.2 BLOCK - final pressure/veto/active/timing gate failed or signal already used
2026-09-05,02:50:23 GMT,SENTINEL V6 MULTI-WINDOW SCAN >>>
2026-09-05,02:50:23 GMT,V6.2 DIAG | 6 0 5 -0.4 0.05714285714285715 0.39999999999999997 -0.13333333333333333 0.15000000000000002 0.15000000000000002 -0.7000000000000001 4 4 1 1 0 0 2 0
2026-09-05,02:50:22 GMT,V6.2 BLOCK - final pressure/veto/active/timing gate failed or signal already used
2026-09-05,02:50:22 GMT,SENTINEL V6 MULTI-WINDOW SCAN >>>
2026-09-05,02:50:22 GMT,V6.2 DIAG | 0 0 1 -0.4 0 0.39999999999999997 0 0.15000000000000002 0.15000000000000002 0.1 3 5 1 1 0 0 2 0
2026-09-05,02:50:22 GMT,V6.2 BLOCK - final pressure/veto/active/timing gate failed or signal already used
2026-09-05,02:50:22 GMT,SENTINEL V6 MULTI-WINDOW SCAN >>>
2026-09-05,02:50:22 GMT,V6.2 DIAG | 7 0 0 -0.35 0 0.35 0 0.1 0.15000000000000002 0.1 2 6 2 1 0 0 2 0
2026-09-05,02:50:22 GMT,V6.2 BLOCK - final pressure/veto/active/timing gate failed or signal already used
2026-09-05,02:50:22 GMT,SENTINEL V6 MULTI-WINDOW SCAN >>>
2026-09-05,02:50:22 GMT,V6.2 DIAG | 8 0 0 -0.4 0 0.39999999999999997 0 0.15000000000000002 0.15000000000000002 0.1 3 5 2 1 0 0 2 0
2026-09-05,02:50:22 GMT,V6.2 BLOCK - final pressure/veto/active/timing gate failed or signal already used
2026-09-05,02:50:22 GMT,SENTINEL V6 MULTI-WINDOW SCAN >>>
2026-09-05,02:50:22 GMT,V6.2 DIAG | 3 0 3 -0.30000000000000004 -0.028571428571428574 0.3 0.06666666666666668 0.15000000000000002 -0.35000000000000003 0.9 4 4 1 1 0 0 2 0
2026-09-05,02:50:21 GMT,V6.2 BLOCK - final pressure/veto/active/timing gate failed or signal already used
2026-09-05,02:50:21 GMT,SENTINEL V6 MULTI-WINDOW SCAN >>>
2026-09-05,02:50:21 GMT,V6.2 DIAG | 9 0 2 -0.30000000000000004 -0.08571428571428572 0.3 0.2 0.15000000000000002 0.45 0.9 3 5 1 1 0 0 2 0
2026-09-05,02:50:21 GMT,V6.2 BLOCK - final pressure/veto/active/timing gate failed or signal already used
2026-09-05,02:50:21 GMT,SENTINEL V6 MULTI-WINDOW SCAN >>>
2026-09-05,02:50:21 GMT,V6.2 DIAG | 6 0 2 -0.20000000000000007 -0.05714285714285714 0.2 0.13333333333333336 0.15000000000000002 0.45 0.4 4 4 1 1 0 0 2 0
2026-09-05,02:50:21 GMT,V6.2 BLOCK - final pressure/veto/active/timing gate failed or signal already used
2026-09-05,02:50:21 GMT,SENTINEL V6 MULTI-WINDOW SCAN >>>
2026-09-05,02:50:21 GMT,V6.2 DIAG | 7 0 2 -0.30000000000000004 -0.028571428571428574 0.3 0.06666666666666668 0.15000000000000002 0.4 0.15000000000000002 4 4 1 1 0 0 2 0
2026-09-05,02:50:21 GMT,V6.2 BLOCK - final pressure/veto/active/timing gate failed or signal already used
2026-09-05,02:50:21 GMT,SENTINEL V6 MULTI-WINDOW SCAN >>>
2026-09-05,02:50:21 GMT,V6.2 DIAG | 9 0 4 -0.15000000000000002 -0.05714285714285714 0.15000000000000002 0.13333333333333336 0.45 0.4 0.1 5 3 1 1 0 0 2 0
2026-09-05,02:50:20 GMT,V6.2 BLOCK - final pressure/veto/active/timing gate failed or signal already used
2026-09-05,02:50:20 GMT,SENTINEL V6 MULTI-WINDOW SCAN >>>
2026-09-05,02:50:20 GMT,V6.2 DIAG | 8 0 5 -0.20000000000000007 0 0.2 0 0.45 0.4 -0.65 5 3 1 1 0 0 2 0
2026-09-05,02:50:20 GMT,V6.2 BLOCK - final pressure/veto/active/timing gate failed or signal already used
2026-09-05,02:50:20 GMT,SENTINEL V6 MULTI-WINDOW SCAN >>>
2026-09-05,02:50:20 GMT,V6.2 DIAG | 5 0 9 -0.050000000000000044 0.028571428571428567 0.04999999999999999 -0.06666666666666667 0.45 -0.1 -0.7000000000000001 6 2 0 1 0 0 2 0
2026-09-05,02:50:20 GMT,V6.2 BLOCK - final pressure/veto/active/timing gate failed or signal already used
2026-09-05,02:50:20 GMT,SENTINEL V6 MULTI-WINDOW SCAN >>>
2026-09-05,02:50:20 GMT,V6.2 DIAG | 3 0 9 -0.050000000000000044 0.028571428571428567 0.04999999999999999 -0.06666666666666667 0.45 -0.1 -0.7000000000000001 5 3 0 1 0 0 2 0
2026-09-05,02:50:14 GMT,V6.2 BLOCK - final pressure/veto/active/timing gate failed or signal already used
2026-09-05,02:50:14 GMT,SENTINEL V6 MULTI-WINDOW SCAN >>>
2026-09-05,02:50:14 GMT,V6.2 DIAG | 7 0 5 0 -0.028571428571428567 0 0.06666666666666667 0.45 -0.1 0.05000000000000002 5 3 0 1 0 0 2 0
2026-09-05,02:50:13 GMT,V6.2 BLOCK - final pressure/veto/active/timing gate failed or signal already used
2026-09-05,02:50:13 GMT,SENTINEL V6 MULTI-WINDOW SCAN >>>
2026-09-05,02:50:13 GMT,V6.2 DIAG | 3 0 9 0.15000000000000002 0 -0.14999999999999997 0 -0.05 -0.1 0 6 2 0 0 0 0 2 0
2026-09-05,02:50:13 GMT,V6.2 BLOCK - final pressure/veto/active/timing gate failed or signal already used
2026-09-05,02:50:13 GMT,SENTINEL V6 MULTI-WINDOW SCAN >>>
2026-09-05,02:50:13 GMT,V6.2 DIAG | 6 0 7 0.04999999999999993 -0.028571428571428567 -0.04999999999999999 0.06666666666666667 -0.05 -0.35000000000000003 0.75 6 2 0 1 0 0 2 0
2026-09-05,02:50:13 GMT,V6.2 BLOCK - final pressure/veto/active/timing gate failed or signal already used
2026-09-05,02:50:13 GMT,SENTINEL V6 MULTI-WINDOW SCAN >>>
2026-09-05,02:50:13 GMT,V6.2 DIAG | 5 0 8 0.09999999999999998 -0.028571428571428567 -0.10000000000000003 0.06666666666666667 -0.05 -0.35000000000000003 0.7000000000000001 6 2 0 0 0 0 2 0
2026-09-05,02:50:12 GMT,V6.2 BLOCK - final pressure/veto/active/timing gate failed or signal already used
2026-09-05,02:50:12 GMT,SENTINEL V6 MULTI-WINDOW SCAN >>>
2026-09-05,02:50:12 GMT,V6.2 DIAG | 9 0 8 0.1499999999999999 -0.028571428571428567 -0.15000000000000002 0.06666666666666667 -0.05 -0.4 0.7000000000000001 5 3 1 1 0 0 2 0
2026-09-05,02:50:12 GMT,V6.2 BLOCK - final pressure/veto/active/timing gate failed or signal already used
2026-09-05,02:50:12 GMT,SENTINEL V6 MULTI-WINDOW SCAN >>>
2026-09-05,02:50:12 GMT,V6.2 DIAG | 5 0 8 0.25 0 -0.25 0 -0.05 -0.4 0.20000000000000004 6 2 1 0 0 0 2 0
2026-09-05,02:50:12 GMT,V6.2 BLOCK - final pressure/veto/active/timing gate failed or signal already used
2026-09-05,02:50:12 GMT,SENTINEL V6 MULTI-WINDOW SCAN >>>
2026-09-05,02:50:12 GMT,V6.2 DIAG | 9 0 8 0.30000000000000004 0 -0.3 0 -0.05 -0.45 0.20000000000000004 6 2 1 1 0 0 2 0
2026-09-05,02:50:11 GMT,Profit amount: 1.53
2026-09-05,02:50:11 GMT,V6.2 DIAG | 4 0 8 0.45 -0.028571428571428567 -0.45000000000000007 0.06666666666666667 -0.1 0.35000000000000003 -0.3 7 1 1 1 0 0 1 0
2026-09-05,02:50:10 GMT,V6.2 DIAG | 1 0 8 0.45 -0.028571428571428567 -0.45000000000000007 0.06666666666666667 -0.1 0.35000000000000003 -0.3 7 1 1 1 0 0 1 0
2026-09-05,02:50:09 GMT,V6.2 DIAG | 5 0 8 0.45 -0.028571428571428567 -0.45000000000000007 0.06666666666666667 -0.1 0.35000000000000003 -0.3 7 1 1 1 0 0 1 0
2026-09-05,02:50:09 GMT,V6.2 DIAG | 5 0 8 0.30000000000000004 0 -0.3 0 -0.35000000000000003 0.35000000000000003 -0.3 7 1 1 1 0 0 1 0
2026-09-05,02:50:09 GMT,Bought: (ID: 22523588719)
2026-09-05,02:50:02 GMT,SENTINEL V6 MULTI-WINDOW SCAN >>>
2026-09-05,02:50:02 GMT,V6.2 DIAG | 5 1 11 0.24999999999999994 0.028571428571428567 -0.25000000000000006 -0.06666666666666667 0.4 -0.5 -0.55 7 1 0 0 1 1 1 1
2026-09-05,02:49:52 GMT,V6.2 BLOCK - final pressure/veto/active/timing gate failed or signal already used
2026-09-05,02:49:52 GMT,SENTINEL V6 MULTI-WINDOW SCAN >>>
2026-09-05,02:49:52 GMT,V6.2 DIAG | 3 1 11 0.24999999999999994 0.028571428571428567 -0.25000000000000006 -0.06666666666666667 0.4 -0.5 -0.55 6 2 1 0 0 0 1 1
2026-09-05,02:49:51 GMT,V6.2 BLOCK - final pressure/veto/active/timing gate failed or signal already used
2026-09-05,02:49:51 GMT,SENTINEL V6 MULTI-WINDOW SCAN >>>
2026-09-05,02:49:51 GMT,V6.2 DIAG | 5 0 11 0.14999999999999997 0.05714285714285714 -0.15000000000000002 -0.13333333333333336 0.35000000000000003 -0.5 -0.8 5 3 1 0 1 0 1 1
2026-09-05,02:49:51 GMT,V6.2 BLOCK - final pressure/veto/active/timing gate failed or signal already used
2026-09-05,02:49:51 GMT,SENTINEL V6 MULTI-WINDOW SCAN >>>
2026-09-05,02:49:51 GMT,V6.2 DIAG | 7 0 11 0.14999999999999997 0.05714285714285714 -0.15000000000000002 -0.13333333333333336 0.35000000000000003 -0.5 -0.8 5 3 1 0 1 0 1 0
2026-09-05,02:49:51 GMT,V6.2 BLOCK - final pressure/veto/active/timing gate failed or signal already used
2026-09-05,02:49:51 GMT,SENTINEL V6 MULTI-WINDOW SCAN >>>
2026-09-05,02:49:51 GMT,V6.2 DIAG | 0 0 11 0.09999999999999998 0.05714285714285714 -0.09999999999999998 -0.13333333333333336 -0.15 0.30000000000000004 -1.05 5 3 1 1 1 0 1 0
2026-09-05,02:49:51 GMT,V6.2 BLOCK - final pressure/veto/active/timing gate failed or signal already used
2026-09-05,02:49:51 GMT,SENTINEL V6 MULTI-WINDOW SCAN >>>
2026-09-05,02:49:51 GMT,V6.2 DIAG | 6 0 9 -0.050000000000000044 0.028571428571428574 0.04999999999999999 -0.06666666666666668 -0.15 0.30000000000000004 -0.4999999999999999 5 3 1 1 0 0 1 0
2026-09-05,02:49:51 GMT,V6.2 BLOCK - final pressure/veto/active/timing gate failed or signal already used
2026-09-05,02:49:51 GMT,SENTINEL V6 MULTI-WINDOW SCAN >>>
2026-09-05,02:49:51 GMT,V6.2 DIAG | 4 0 6 -0.15000000000000002 0.05714285714285715 0.14999999999999997 -0.13333333333333333 -0.15 0.25 -0.7500000000000002 4 4 1 1 0 0 1 0
2026-09-05,02:49:51 GMT,V6.2 BLOCK - final pressure/veto/active/timing gate failed or signal already used
2026-09-05,02:49:51 GMT,SENTINEL V6 MULTI-WINDOW SCAN >>>
2026-09-05,02:49:51 GMT,V6.2 DIAG | 0 0 6 -0.25000000000000006 0.02857142857142857 0.24999999999999994 -0.06666666666666665 -0.15 0.25 -0.2500000000000001 3 5 1 1 0 0 1 0
2026-09-05,02:49:50 GMT,V6.2 BLOCK - final pressure/veto/active/timing gate failed or signal already used
2026-09-05,02:49:50 GMT,SENTINEL V6 MULTI-WINDOW SCAN >>>
2026-09-05,02:49:50 GMT,V6.2 DIAG | 8 0 7 -0.39999999999999997 0.05714285714285714 0.4 -0.1333333333333333 -0.15 0 -0.2500000000000001 2 6 1 1 0 0 1 0
2026-09-05,02:49:50 GMT,V6.2 BLOCK - final pressure/veto/active/timing gate failed or signal already used
2026-09-05,02:49:50 GMT,SENTINEL V6 MULTI-WINDOW SCAN >>>
2026-09-05,02:49:50 GMT,V6.2 DIAG | 9 0 6 -0.3 0.02857142857142857 0.29999999999999993 -0.06666666666666665 -0.15 -0.5 0.5499999999999999 2 6 0 0 0 0 1 0
2026-09-05,02:49:50 GMT,V6.2 BLOCK - final pressure/veto/active/timing gate failed or signal already used
2026-09-05,02:49:50 GMT,SENTINEL V6 MULTI-WINDOW SCAN >>>
2026-09-05,02:49:50 GMT,V6.2 DIAG | 4 0 6 -0.35000000000000003 0.02857142857142857 0.35 -0.06666666666666665 -0.15 -0.75 0.8499999999999999 2 6 1 0 0 0 1 0
2026-09-05,02:49:50 GMT,V6.2 BLOCK - final pressure/veto/active/timing gate failed or signal already used
2026-09-05,02:49:50 GMT,SENTINEL V6 MULTI-WINDOW SCAN >>>
2026-09-05,02:49:50 GMT,V6.2 DIAG | 9 0 3 -0.49999999999999994 0 0.5 0 -0.4 -0.75 1.6500000000000001 2 6 1 1 0 0 1 0
2026-09-05,02:49:50 GMT,V6.2 BLOCK - final pressure/veto/active/timing gate failed or signal already used
2026-09-05,02:49:50 GMT,SENTINEL V6 MULTI-WINDOW SCAN >>>
2026-09-05,02:49:50 GMT,V6.2 DIAG | 3 0 2 -0.39999999999999997 -0.02857142857142857 0.39999999999999997 0.06666666666666665 -0.4 -0.75 1.9500000000000002 2 6 2 0 0 0 1 0
2026-09-05,02:49:42 GMT,V6.2 BLOCK - final pressure/veto/active/timing gate failed or signal already used
2026-09-05,02:49:42 GMT,SENTINEL V6 MULTI-WINDOW SCAN >>>
2026-09-05,02:49:42 GMT,V6.2 DIAG | 9 0 1 -0.39999999999999997 -0.08571428571428572 0.39999999999999997 0.19999999999999998 -0.4 0.05000000000000002 1.9500000000000002 1 7 2 1 0 0 1 0
2026-09-05,02:49:42 GMT,V6.2 BLOCK - final pressure/veto/active/timing gate failed or signal already used
2026-09-05,02:49:42 GMT,SENTINEL V6 MULTI-WINDOW SCAN >>>
2026-09-05,02:49:42 GMT,V6.2 DIAG | 9 0 1 -0.29999999999999993 -0.05714285714285715 0.3 0.13333333333333333 -0.4 0.05000000000000002 1.45 2 6 2 0 0 0 1 0
2026-09-05,02:49:41 GMT,V6.2 BLOCK - final pressure/veto/active/timing gate failed or signal already used
2026-09-05,02:49:41 GMT,SENTINEL V6 MULTI-WINDOW SCAN >>>
2026-09-05,02:49:41 GMT,V6.2 DIAG | 9 0 1 -0.29999999999999993 -0.05714285714285715 0.3 0.13333333333333333 -0.65 0.8 0.9500000000000001 3 5 2 1 0 0 1 0
2026-09-05,02:49:41 GMT,V6.2 BLOCK - final pressure/veto/active/timing gate failed or signal already used
2026-09-05,02:49:41 GMT,SENTINEL V6 MULTI-WINDOW SCAN >>>
2026-09-05,02:49:41 GMT,V6.2 DIAG | 9 0 1 -0.15000000000000002 -0.08571428571428572 0.15000000000000002 0.2 0.15000000000000002 0.8 0.4 4 4 2 1 0 0 1 0
2026-09-05,02:49:41 GMT,V6.2 BLOCK - final pressure/veto/active/timing gate failed or signal already used
2026-09-05,02:49:41 GMT,SENTINEL V6 MULTI-WINDOW SCAN >>>
2026-09-05,02:49:41 GMT,V6.2 DIAG | 8 0 2 -0.050000000000000044 -0.05714285714285714 0.050000000000000044 0.13333333333333336 0.15000000000000002 0.8 -0.1 4 4 2 1 0 0 1 0
2026-09-05,02:49:41 GMT,V6.2 BLOCK - final pressure/veto/active/timing gate failed or signal already used
2026-09-05,02:49:41 GMT,SENTINEL V6 MULTI-WINDOW SCAN >>>
2026-09-05,02:49:41 GMT,V6.2 DIAG | 2 0 5 -0.09999999999999998 0 0.10000000000000003 0 0.15000000000000002 0.05000000000000002 -0.1 5 3 1 1 0 0 1 0
2026-09-05,02:49:40 GMT,V6.2 BLOCK - final pressure/veto/active/timing gate failed or signal already used
2026-09-05,02:49:40 GMT,SENTINEL V6 MULTI-WINDOW SCAN >>>
2026-09-05,02:49:40 GMT,V6.2 DIAG | 8 0 9 -0.25 0.028571428571428574 0.25 -0.06666666666666668 0.15000000000000002 -0.20000000000000004 -0.1 5 3 1 1 0 0 1 0
2026-09-05,02:49:40 GMT,V6.2 BLOCK - final pressure/veto/active/timing gate failed or signal already used
2026-09-05,02:49:40 GMT,SENTINEL V6 MULTI-WINDOW SCAN >>>
2026-09-05,02:49:40 GMT,V6.2 DIAG | 7 0 6 -0.09999999999999998 0 0.10000000000000003 0 0.9500000000000001 -0.75 -0.1 5 3 1 1 0 0 1 0
2026-09-05,02:49:40 GMT,V6.2 BLOCK - final pressure/veto/active/timing gate failed or signal already used
2026-09-05,02:49:40 GMT,SENTINEL V6 MULTI-WINDOW SCAN >>>
2026-09-05,02:49:40 GMT,V6.2 DIAG | 4 0 8 0 0.028571428571428567 0 -0.06666666666666667 0.45 -0.75 -0.1 5 3 2 1 0 0 1 0
2026-09-05,02:49:40 GMT,V6.2 BLOCK - final pressure/veto/active/timing gate failed or signal already used
2026-09-05,02:49:40 GMT,SENTINEL V6 MULTI-WINDOW SCAN >>>
2026-09-05,02:49:40 GMT,V6.2 DIAG | 4 0 8 -0.09999999999999998 0.05714285714285714 0.10000000000000003 -0.13333333333333336 0.2 -0.8 -0.1 5 3 2 0 0 0 1 0
2026-09-05,02:49:33 GMT,V6.2 BLOCK - final pressure/veto/active/timing gate failed or signal already used
2026-09-05,02:49:33 GMT,SENTINEL V6 MULTI-WINDOW SCAN >>>
2026-09-05,02:49:33 GMT,V6.2 DIAG | 3 0 5 -0.09999999999999998 0 0.10000000000000003 0 0.2 0 -0.1 5 3 2 0 0 0 1 0
2026-09-05,02:49:33 GMT,V6.2 BLOCK - final pressure/veto/active/timing gate failed or signal already used
2026-09-05,02:49:33 GMT,SENTINEL V6 MULTI-WINDOW SCAN >>>
2026-09-05,02:49:33 GMT,V6.2 DIAG | 7 0 2 -0.050000000000000044 -0.05714285714285714 0.050000000000000044 0.13333333333333336 0.2 0.75 -0.1 4 4 2 1 0 0 1 0
2026-09-05,02:49:32 GMT,V6.2 BLOCK - final pressure/veto/active/timing gate failed or signal already used
2026-09-05,02:49:32 GMT,SENTINEL V6 MULTI-WINDOW SCAN >>>
2026-09-05,02:49:32 GMT,V6.2 DIAG | 2 0 6 0.04999999999999993 -0.028571428571428567 -0.04999999999999999 0.06666666666666667 -0.30000000000000004 0.75 -0.1 5 3 2 1 0 0 1 0
2026-09-05,02:49:32 GMT,V6.2 BLOCK - final pressure/veto/active/timing gate failed or signal already used
2026-09-05,02:49:32 GMT,SENTINEL V6 MULTI-WINDOW SCAN >>>
2026-09-05,02:49:32 GMT,V6.2 DIAG | 0 0 5 -0.09999999999999998 0 0.10000000000000003 0 -0.30000000000000004 0.5 -0.1 5 3 2 1 0 0 1 0
2026-09-05,02:49:32 GMT,V6.2 BLOCK - final pressure/veto/active/timing gate failed or signal already used
2026-09-05,02:49:32 GMT,SENTINEL V6 MULTI-WINDOW SCAN >>>
2026-09-05,02:49:32 GMT,V6.2 DIAG | 8 0 4 -0.25 -0.028571428571428574 0.25 0.06666666666666668 0.5 0.5 -0.35000000000000003 5 3 2 1 0 0 1 0
2026-09-05,02:49:31 GMT,V6.2 BLOCK - final pressure/veto/active/timing gate failed or signal already used
2026-09-05,02:49:31 GMT,SENTINEL V6 MULTI-WINDOW SCAN >>>
2026-09-05,02:49:31 GMT,V6.2 DIAG | 8 0 5 -0.15000000000000002 0 0.15000000000000002 0 0.5 0 -0.35000000000000003 5 3 2 1 0 0 1 0
2026-09-05,02:49:31 GMT,V6.2 BLOCK - final pressure/veto/active/timing gate failed or signal already used
2026-09-05,02:49:31 GMT,SENTINEL V6 MULTI-WINDOW SCAN >>>
2026-09-05,02:49:31 GMT,V6.2 DIAG | 5 0 9 -0.050000000000000044 0.028571428571428567 0.04999999999999999 -0.06666666666666667 0.5 -0.5 -0.35000000000000003 5 3 1 0 0 0 1 0
2026-09-05,02:49:31 GMT,V6.2 BLOCK - final pressure/veto/active/timing gate failed or signal already used
2026-09-05,02:49:31 GMT,SENTINEL V6 MULTI-WINDOW SCAN >>>
2026-09-05,02:49:31 GMT,V6.2 DIAG | 6 0 9 -0.050000000000000044 0.028571428571428567 0.04999999999999999 -0.06666666666666667 0.5 -0.5 -0.35000000000000003 5 3 1 0 0 0 1 0
2026-09-05,02:49:30 GMT,V6.2 BLOCK - final pressure/veto/active/timing gate failed or signal already used
2026-09-05,02:49:30 GMT,SENTINEL V6 MULTI-WINDOW SCAN >>>
2026-09-05,02:49:30 GMT,V6.2 DIAG | 7 0 5 -0.050000000000000044 -0.028571428571428567 0.04999999999999999 0.06666666666666667 0.5 0.30000000000000004 -0.35000000000000003 5 3 1 1 0 0 1 0
2026-09-05,02:49:30 GMT,V6.2 BLOCK - final pressure/veto/active/timing gate failed or signal already used
2026-09-05,02:49:30 GMT,SENTINEL V6 MULTI-WINDOW SCAN >>>
2026-09-05,02:49:30 GMT,V6.2 DIAG | 4 0 7 0.050000000000000044 -0.057142857142857134 -0.04999999999999999 0.13333333333333333 0 0.30000000000000004 0.45 6 2 1 1 0 0 1 0
2026-09-05,02:49:29 GMT,Loss amount: -3
2026-09-05,02:49:29 GMT,V6.2 DIAG | 2 0 7 0.050000000000000044 -0.057142857142857134 -0.04999999999999999 0.13333333333333333 0 0.30000000000000004 0.45 6 2 1 1 0 0 0 1
2026-09-05,02:49:28 GMT,V6.2 DIAG | 6 0 7 0.050000000000000044 -0.057142857142857134 -0.04999999999999999 0.13333333333333333 0 0.30000000000000004 0.45 6 2 1 1 0 0 0 1
2026-09-05,02:49:27 GMT,V6.2 DIAG | 8 0 5 -0.10000000000000009 -0.028571428571428567 0.09999999999999998 0.06666666666666667 0 0.05000000000000002 0.45 6 2 1 1 0 0 0 1
2026-09-05,02:49:27 GMT,V6.2 DIAG | 9 1 9 -0.10000000000000009 0.028571428571428567 0.09999999999999998 -0.06666666666666667 0 -0.45 0.15000000000000002 7 1 0 1 0 0 0 1
2026-09-05,02:49:21 GMT,Bought: (ID: 22523522739)
2026-09-05,02:49:20 GMT,SENTINEL V6 MULTI-WINDOW SCAN >>>
2026-09-05,02:49:20 GMT,V6.2 DIAG | 0 1 12 0.050000000000000044 0.057142857142857134 -0.04999999999999999 -0.13333333333333333 -0.05 -0.45 -0.35000000000000003 6 2 1 0 1 1 0 1
2026-09-05,02:49:20 GMT,V6.2 BLOCK - final pressure/veto/active/timing gate failed or signal already used
2026-09-05,02:49:20 GMT,SENTINEL V6 MULTI-WINDOW SCAN >>>
2026-09-05,02:49:20 GMT,V6.2 DIAG | 2 1 9 -0.10000000000000009 0.028571428571428567 0.09999999999999998 -0.06666666666666667 -0.05 0.1 -0.35000000000000003 6 2 1 0 0 0 0 1
2026-09-05,02:49:19 GMT,V6.2 BLOCK - final pressure/veto/active/timing gate failed or signal already used
2026-09-05,02:49:19 GMT,SENTINEL V6 MULTI-WINDOW SCAN >>>
2026-09-05,02:49:19 GMT,V6.2 DIAG | 0 0 5 -0.10000000000000009 -0.028571428571428567 0.09999999999999998 0.06666666666666667 -0.05 0.1 0.45 6 2 1 1 0 0 0 1
2026-09-05,02:49:19 GMT,V6.2 BLOCK - final pressure/veto/active/timing gate failed or signal already used
2026-09-05,02:49:19 GMT,SENTINEL V6 MULTI-WINDOW SCAN >>>
2026-09-05,02:49:19 GMT,V6.2 DIAG | 2 0 5 -0.20000000000000007 0 0.2 0 -0.05 -0.15000000000000002 0.4 5 3 2 0 0 0 0 1
2026-09-05,02:49:19 GMT,V6.2 BLOCK - final pressure/veto/active/timing gate failed or signal already used
2026-09-05,02:49:19 GMT,SENTINEL V6 MULTI-WINDOW SCAN >>>
2026-09-05,02:49:19 GMT,V6.2 DIAG | 2 0 5 -0.20000000000000007 0 0.2 0 -0.05 -0.15000000000000002 0.4 5 3 2 1 0 0 0 1
2026-09-05,02:49:16 GMT,V6.2 BLOCK - final pressure/veto/active/timing gate failed or signal already used
2026-09-05,02:49:16 GMT,SENTINEL V6 MULTI-WINDOW SCAN >>>
2026-09-05,02:49:16 GMT,V6.2 DIAG | 8 0 6 -0.35 0.028571428571428574 0.35 -0.06666666666666668 -0.05 -0.3999999999999999 0.4 4 4 3 1 0 0 0 1
2026-09-05,02:49:16 GMT,V6.2 BLOCK - final pressure/veto/active/timing gate failed or signal already used
2026-09-05,02:49:16 GMT,SENTINEL V6 MULTI-WINDOW SCAN >>>
2026-09-05,02:49:16 GMT,V6.2 DIAG | 9 0 5 -0.25 0 0.25 0 -0.05 -0.10000000000000003 0.4 5 3 2 1 0 0 0 1
2026-09-05,02:49:15 GMT,V6.2 BLOCK - final pressure/veto/active/timing gate failed or signal already used
2026-09-05,02:49:15 GMT,SENTINEL V6 MULTI-WINDOW SCAN >>>
2026-09-05,02:49:15 GMT,V6.2 DIAG | 1 0 9 -0.15000000000000002 0.028571428571428567 0.15 -0.06666666666666667 -0.05 -0.10000000000000003 -0.1 5 3 3 1 0 0 0 1
2026-09-05,02:49:15 GMT,V6.2 BLOCK - final pressure/veto/active/timing gate failed or signal already used
2026-09-05,02:49:15 GMT,SENTINEL V6 MULTI-WINDOW SCAN >>>
2026-09-05,02:49:15 GMT,V6.2 DIAG | 5 0 5 -0.10000000000000009 -0.028571428571428567 0.09999999999999998 0.06666666666666667 -0.05 0.7 -0.15 5 3 3 1 0 0 0 1
2026-09-05,02:49:14 GMT,Profit amount: 1.53
2026-09-05,02:49:14 GMT,V6.2 DIAG | 4 0 5 -0.10000000000000009 -0.028571428571428567 0.09999999999999998 0.06666666666666667 -0.05 0.7 -0.15 5 3 3 1 0 0 2 0
2026-09-05,02:49:13 GMT,V6.2 DIAG | 8 0 5 -0.050000000000000044 -0.08571428571428572 0.04999999999999999 0.2 -0.05 1.5 -0.2 5 3 3 1 0 0 2 0
2026-09-05,02:49:12 GMT,V6.2 DIAG | 3 0 7 0.050000000000000044 -0.057142857142857134 -0.04999999999999999 0.13333333333333333 -0.05 1 -0.2 6 2 2 1 0 0 2 0
2026-09-05,02:49:12 GMT,V6.2 DIAG | 8 0 7 0.10000000000000009 -0.057142857142857134 -0.09999999999999998 0.13333333333333333 -0.05 0.9500000000000001 -0.2 6 2 2 1 0 0 2 0
2026-09-05,02:49:12 GMT,Bought: (ID: 22523496619)
2026-09-05,02:49:01 GMT,SENTINEL V6 MULTI-WINDOW SCAN >>>
2026-09-05,02:49:01 GMT,V6.2 DIAG | 5 1 12 0.25 0.028571428571428567 -0.24999999999999997 -0.06666666666666667 -0.05 -0.1 -0.5 8 0 0 0 1 1 2 1
2026-09-05,02:49:01 GMT,V6.2 BLOCK - final pressure/veto/active/timing gate failed or signal already used
2026-09-05,02:49:01 GMT,SENTINEL V6 MULTI-WINDOW SCAN >>>
2026-09-05,02:49:01 GMT,V6.2 DIAG | 3 0 12 0.25 0.028571428571428567 -0.24999999999999997 -0.06666666666666667 -0.05 -0.1 -0.5 8 0 0 0 0 0 2 1
2026-09-05,02:49:00 GMT,V6.2 BLOCK - final pressure/veto/active/timing gate failed or signal already used
2026-09-05,02:49:00 GMT,SENTINEL V6 MULTI-WINDOW SCAN >>>
2026-09-05,02:49:00 GMT,V6.2 DIAG | 4 0 12 0.10000000000000009 0.057142857142857134 -0.09999999999999998 -0.13333333333333333 -0.30000000000000004 -0.1 -0.5 7 1 0 0 1 0 2 0
2026-09-05,02:49:00 GMT,V6.2 BLOCK - final pressure/veto/active/timing gate failed or signal already used
2026-09-05,02:49:00 GMT,SENTINEL V6 MULTI-WINDOW SCAN >>>
2026-09-05,02:49:00 GMT,V6.2 DIAG | 1 1 12 0.10000000000000009 0.057142857142857134 -0.09999999999999998 -0.13333333333333333 -0.30000000000000004 -0.1 -0.5 7 1 0 0 1 0 2 0
2026-09-05,02:49:00 GMT,V6.2 BLOCK - final pressure/veto/active/timing gate failed or signal already used
2026-09-05,02:49:00 GMT,SENTINEL V6 MULTI-WINDOW SCAN >>>
2026-09-05,02:49:00 GMT,V6.2 DIAG | 3 0 12 0.15000000000000002 0.057142857142857134 -0.14999999999999997 -0.13333333333333333 -0.35000000000000003 -0.1 -0.5 6 2 0 0 1 0 2 1
2026-09-05,02:49:00 GMT,V6.2 BLOCK - final pressure/veto/active/timing gate failed or signal already used
2026-09-05,02:49:00 GMT,SENTINEL V6 MULTI-WINDOW SCAN >>>
2026-09-05,02:49:00 GMT,V6.2 DIAG | 3 0 8 0.15000000000000002 0 -0.14999999999999997 0 -0.35000000000000003 -0.1 0.30000000000000004 6 2 0 0 0 0 2 0
2026-09-05,02:49:00 GMT,V6.2 BLOCK - final pressure/veto/active/timing gate failed or signal already used
2026-09-05,02:49:00 GMT,SENTINEL V6 MULTI-WINDOW SCAN >>>
2026-09-05,02:49:00 GMT,V6.2 DIAG | 1 0 9 0 0.028571428571428567 0 -0.06666666666666667 -0.35000000000000003 -0.1 0.05000000000000002 6 2 0 0 0 0 2 0
2026-09-05,02:48:52 GMT,V6.2 BLOCK - final pressure/veto/active/timing gate failed or signal already used
2026-09-05,02:48:52 GMT,SENTINEL V6 MULTI-WINDOW SCAN >>>
2026-09-05,02:48:52 GMT,V6.2 DIAG | 1 0 5 0 -0.028571428571428567 0 0.06666666666666667 0.45 -0.1 0.05000000000000002 6 2 0 0 0 0 2 0
2026-09-05,02:48:51 GMT,V6.2 BLOCK - final pressure/veto/active/timing gate failed or signal already used
2026-09-05,02:48:51 GMT,SENTINEL V6 MULTI-WINDOW SCAN >>>
2026-09-05,02:48:51 GMT,V6.2 DIAG | 1 0 5 0 -0.028571428571428567 0 0.06666666666666667 0.45 -0.1 0.05000000000000002 5 3 0 0 0 0 2 0
2026-09-05,02:48:51 GMT,V6.2 BLOCK - final pressure/veto/active/timing gate failed or signal already used
2026-09-05,02:48:51 GMT,SENTINEL V6 MULTI-WINDOW SCAN >>>
2026-09-05,02:48:51 GMT,V6.2 DIAG | 9 0 7 0.04999999999999993 -0.028571428571428567 -0.04999999999999999 0.06666666666666667 0.45 -0.1 0 5 3 0 1 0 0 2 0
2026-09-05,02:48:51 GMT,V6.2 BLOCK - final pressure/veto/active/timing gate failed or signal already used
2026-09-05,02:48:51 GMT,SENTINEL V6 MULTI-WINDOW SCAN >>>
2026-09-05,02:48:51 GMT,V6.2 DIAG | 4 0 8 0.15000000000000002 0 -0.14999999999999997 0 0.45 -0.1 -0.5 6 2 0 0 0 0 2 0
2026-09-05,02:48:51 GMT,V6.2 BLOCK - final pressure/veto/active/timing gate failed or signal already used
2026-09-05,02:48:51 GMT,SENTINEL V6 MULTI-WINDOW SCAN >>>
2026-09-05,02:48:51 GMT,V6.2 DIAG | 7 0 5 0 -0.028571428571428567 0 0.06666666666666667 0.45 -0.1 0.05000000000000002 6 2 0 1 0 0 2 0
2026-09-05,02:48:51 GMT,V6.2 BLOCK - final pressure/veto/active/timing gate failed or signal already used
2026-09-05,02:48:51 GMT,SENTINEL V6 MULTI-WINDOW SCAN >>>
2026-09-05,02:48:51 GMT,V6.2 DIAG | 0 0 8 0.10000000000000009 0 -0.09999999999999998 0 -0.05 -0.1 0.05000000000000002 7 1 0 0 0 0 2 0
2026-09-05,02:48:50 GMT,V6.2 BLOCK - final pressure/veto/active/timing gate failed or signal already used
2026-09-05,02:48:50 GMT,SENTINEL V6 MULTI-WINDOW SCAN >>>
2026-09-05,02:48:50 GMT,V6.2 DIAG | 5 0 10 -0.050000000000000044 0.028571428571428567 0.04999999999999999 -0.06666666666666667 -0.05 -0.1 -0.20000000000000004 6 2 0 1 0 0 2 0
2026-09-05,02:48:50 GMT,V6.2 BLOCK - final pressure/veto/active/timing gate failed or signal already used
2026-09-05,02:48:50 GMT,SENTINEL V6 MULTI-WINDOW SCAN >>>
2026-09-05,02:48:50 GMT,V6.2 DIAG | 0 0 10 -0.050000000000000044 0.028571428571428567 0.04999999999999999 -0.06666666666666667 -0.05 -0.1 -0.20000000000000004 6 2 0 1 0 0 2 0
2026-09-05,02:48:50 GMT,V6.2 BLOCK - final pressure/veto/active/timing gate failed or signal already used
2026-09-05,02:48:50 GMT,SENTINEL V6 MULTI-WINDOW SCAN >>>
2026-09-05,02:48:50 GMT,V6.2 DIAG | 9 0 10 -0.20000000000000007 0.05714285714285714 0.2 -0.13333333333333336 -0.05 -0.35000000000000003 -0.20000000000000004 5 3 0 1 0 0 2 0
2026-09-05,02:48:50 GMT,V6.2 BLOCK - final pressure/veto/active/timing gate failed or signal already used
2026-09-05,02:48:50 GMT,SENTINEL V6 MULTI-WINDOW SCAN >>>
2026-09-05,02:48:50 GMT,V6.2 DIAG | 4 0 9 -0.10000000000000009 0.028571428571428567 0.09999999999999998 -0.06666666666666667 -0.05 -0.35000000000000003 0.1 6 2 0 1 0 0 2 0
2026-09-05,02:48:41 GMT,V6.2 BLOCK - final pressure/veto/active/timing gate failed or signal already used
2026-09-05,02:48:41 GMT,SENTINEL V6 MULTI-WINDOW SCAN >>>
2026-09-05,02:48:41 GMT,V6.2 DIAG | 1 0 9 -0.10000000000000009 0.028571428571428567 0.09999999999999998 -0.06666666666666667 -0.05 -0.35000000000000003 0.1 5 3 1 1 0 0 2 0
2026-09-05,02:48:41 GMT,V6.2 BLOCK - final pressure/veto/active/timing gate failed or signal already used
2026-09-05,02:48:41 GMT,SENTINEL V6 MULTI-WINDOW SCAN >>>
2026-09-05,02:48:41 GMT,V6.2 DIAG | 5 0 6 -0.25 0 0.25 0 -0.05 -0.6000000000000001 0.9 5 3 1 1 0 0 2 0
2026-09-05,02:48:41 GMT,V6.2 BLOCK - final pressure/veto/active/timing gate failed or signal already used
2026-09-05,02:48:41 GMT,SENTINEL V6 MULTI-WINDOW SCAN >>>
2026-09-05,02:48:41 GMT,V6.2 DIAG | 0 0 9 -0.4 0.028571428571428574 0.4 -0.06666666666666668 -0.05 -0.6000000000000001 0.65 5 3 1 1 0 0 2 0
2026-09-05,02:48:40 GMT,V6.2 BLOCK - final pressure/veto/active/timing gate failed or signal already used
2026-09-05,02:48:40 GMT,SENTINEL V6 MULTI-WINDOW SCAN >>>
2026-09-05,02:48:40 GMT,V6.2 DIAG | 9 0 2 -0.35 -0.028571428571428574 0.35 0.06666666666666668 -0.05 0.2 0.6 4 4 2 1 0 0 2 0
2026-09-05,02:48:40 GMT,V6.2 BLOCK - final pressure/veto/active/timing gate failed or signal already used
2026-09-05,02:48:40 GMT,SENTINEL V6 MULTI-WINDOW SCAN >>>
2026-09-05,02:48:40 GMT,V6.2 DIAG | 4 0 2 -0.25 0 0.25 0 -0.05 0.2 0.1 4 4 2 1 0 0 2 0
2026-09-05,02:48:40 GMT,V6.2 BLOCK - final pressure/veto/active/timing gate failed or signal already used
2026-09-05,02:48:40 GMT,SENTINEL V6 MULTI-WINDOW SCAN >>>
2026-09-05,02:48:40 GMT,V6.2 DIAG | 9 0 2 -0.25 0 0.25 0 -0.05 0.2 0.1 4 4 2 1 0 0 2 0
2026-09-05,02:48:39 GMT,V6.2 BLOCK - final pressure/veto/active/timing gate failed or signal already used
2026-09-05,02:48:39 GMT,SENTINEL V6 MULTI-WINDOW SCAN >>>
2026-09-05,02:48:39 GMT,V6.2 DIAG | 6 0 5 -0.15000000000000002 -0.028571428571428567 0.15 0.06666666666666667 -0.05 1 -0.4 5 3 2 1 0 0 2 0
2026-09-05,02:48:39 GMT,V6.2 BLOCK - final pressure/veto/active/timing gate failed or signal already used
2026-09-05,02:48:39 GMT,SENTINEL V6 MULTI-WINDOW SCAN >>>
2026-09-05,02:48:39 GMT,V6.2 DIAG | 8 0 4 -0.25 -0.05714285714285714 0.25 0.13333333333333336 -0.30000000000000004 1 0.35000000000000003 5 3 2 1 0 0 2 0
2026-09-05,02:48:39 GMT,V6.2 BLOCK - final pressure/veto/active/timing gate failed or signal already used
2026-09-05,02:48:39 GMT,SENTINEL V6 MULTI-WINDOW SCAN >>>
2026-09-05,02:48:39 GMT,V6.2 DIAG | 5 0 5 -0.15000000000000002 -0.028571428571428567 0.15 0.06666666666666667 -0.30000000000000004 0.5 0.35000000000000003 6 2 1 1 0 0 2 0
2026-09-05,02:48:38 GMT,V6.2 BLOCK - final pressure/veto/active/timing gate failed or signal already used
2026-09-05,02:48:38 GMT,SENTINEL V6 MULTI-WINDOW SCAN >>>
2026-09-05,02:48:38 GMT,V6.2 DIAG | 2 0 5 -0.10000000000000009 -0.028571428571428567 0.09999999999999998 0.06666666666666667 -0.35000000000000003 0.5 0.35000000000000003 5 3 1 1 0 0 2 0
2026-09-05,02:48:38 GMT,V6.2 BLOCK - final pressure/veto/active/timing gate failed or signal already used
2026-09-05,02:48:38 GMT,SENTINEL V6 MULTI-WINDOW SCAN >>>
2026-09-05,02:48:38 GMT,V6.2 DIAG | 8 0 5 -0.10000000000000009 -0.028571428571428567 0.09999999999999998 0.06666666666666667 -0.35000000000000003 0.5 0.35000000000000003 5 3 1 1 0 0 2 0
2026-09-05,02:48:37 GMT,V6.2 BLOCK - final pressure/veto/active/timing gate failed or signal already used
2026-09-05,02:48:37 GMT,SENTINEL V6 MULTI-WINDOW SCAN >>>
2026-09-05,02:48:37 GMT,V6.2 DIAG | 9 0 6 0 0 0 0 -0.35000000000000003 0 0.35000000000000003 6 2 0 0 0 0 2 0
2026-09-05,02:48:37 GMT,V6.2 BLOCK - final pressure/veto/active/timing gate failed or signal already used
2026-09-05,02:48:37 GMT,SENTINEL V6 MULTI-WINDOW SCAN >>>
2026-09-05,02:48:37 GMT,V6.2 DIAG | 1 0 6 -0.04999999999999993 0 0.05000000000000002 0 0.45 0 -0.4 7 1 0 1 0 0 2 0
2026-09-05,02:48:36 GMT,Profit amount: 1.53
2026-09-05,02:48:36 GMT,V6.2 DIAG | 5 0 6 0 0 0 0 0.4 0 -0.4 7 1 0 0 0 0 1 0
2026-09-05,02:48:35 GMT,V6.2 DIAG | 5 0 6 0 0 0 0 0.4 0 -0.4 6 2 0 0 0 0 1 0
2026-09-05,02:48:34 GMT,V6.2 DIAG | 2 0 6 0 0 0 0 0.4 0 -0.4 6 2 0 0 0 0 1 0
2026-09-05,02:48:34 GMT,V6.2 DIAG | 7 0 8 0.050000000000000044 0 -0.04999999999999999 0 0.35000000000000003 0 -0.4 6 2 0 1 0 0 1 0
2026-09-05,02:48:34 GMT,Bought: (ID: 22523439239)
2026-09-05,02:48:25 GMT,SENTINEL V6 MULTI-WINDOW SCAN >>>
2026-09-05,02:48:25 GMT,V6.2 DIAG | 4 1 12 0.20000000000000007 0.028571428571428567 -0.19999999999999998 -0.06666666666666667 -0.15 -0.1 -0.35000000000000003 8 0 0 0 1 1 1 1
2026-09-05,02:48:25 GMT,V6.2 BLOCK - final pressure/veto/active/timing gate failed or signal already used
2026-09-05,02:48:25 GMT,SENTINEL V6 MULTI-WINDOW SCAN >>>
2026-09-05,02:48:25 GMT,V6.2 DIAG | 1 0 12 0.20000000000000007 0.028571428571428567 -0.19999999999999998 -0.06666666666666667 -0.15 -0.1 -0.35000000000000003 7 1 0 0 1 0 1 1
2026-09-05,02:48:15 GMT,V6.2 BLOCK - final pressure/veto/active/timing gate failed or signal already used
2026-09-05,02:48:15 GMT,SENTINEL V6 MULTI-WINDOW SCAN >>>
2026-09-05,02:48:15 GMT,V6.2 DIAG | 3 0 12 0.20000000000000007 0.028571428571428567 -0.19999999999999998 -0.06666666666666667 -0.15 -0.1 -0.35000000000000003 7 1 0 0 0 0 1 0
2026-09-05,02:48:15 GMT,V6.2 BLOCK - final pressure/veto/active/timing gate failed or signal already used
2026-09-05,02:48:15 GMT,SENTINEL V6 MULTI-WINDOW SCAN >>>
2026-09-05,02:48:15 GMT,V6.2 DIAG | 3 0 12 0.050000000000000044 0.057142857142857134 -0.04999999999999999 -0.13333333333333333 -0.15 -0.1 -0.6000000000000001 7 1 0 0 1 0 1 0
2026-09-05,02:48:15 GMT,V6.2 BLOCK - final pressure/veto/active/timing gate failed or signal already used
2026-09-05,02:48:15 GMT,SENTINEL V6 MULTI-WINDOW SCAN >>>
2026-09-05,02:48:15 GMT,V6.2 DIAG | 4 0 8 0.050000000000000044 0 -0.04999999999999999 0 -0.15 -0.1 0.2 7 1 0 1 0 0 1 0
2026-09-05,02:48:14 GMT,V6.2 BLOCK - final pressure/veto/active/timing gate failed or signal already used
2026-09-05,02:48:14 GMT,SENTINEL V6 MULTI-WINDOW SCAN >>>
2026-09-05,02:48:14 GMT,V6.2 DIAG | 0 0 9 -0.10000000000000009 0.028571428571428567 0.09999999999999998 -0.06666666666666667 -0.4 -0.1 0.2 6 2 0 0 0 0 1 0
2026-09-05,02:48:14 GMT,V6.2 BLOCK - final pressure/veto/active/timing gate failed or signal already used
2026-09-05,02:48:14 GMT,SENTINEL V6 MULTI-WINDOW SCAN >>>
2026-09-05,02:48:14 GMT,V6.2 DIAG | 3 0 9 -0.10000000000000009 0.028571428571428567 0.09999999999999998 -0.06666666666666667 -0.4 -0.1 0.2 6 2 0 0 0 0 1 0
2026-09-05,02:48:14 GMT,V6.2 BLOCK - final pressure/veto/active/timing gate failed or signal already used
2026-09-05,02:48:14 GMT,SENTINEL V6 MULTI-WINDOW SCAN >>>
2026-09-05,02:48:14 GMT,V6.2 DIAG | 4 0 9 -0.050000000000000044 0.028571428571428567 0.04999999999999999 -0.06666666666666667 -0.45 -0.1 0.2 5 3 0 0 0 0 1 0
2026-09-05,02:48:14 GMT,V6.2 BLOCK - final pressure/veto/active/timing gate failed or signal already used
2026-09-05,02:48:14 GMT,SENTINEL V6 MULTI-WINDOW SCAN >>>
2026-09-05,02:48:14 GMT,V6.2 DIAG | 9 0 6 0 -0.028571428571428567 0 0.06666666666666667 -0.45 -0.15 1 5 3 0 1 0 0 1 0
2026-09-05,02:48:14 GMT,V6.2 BLOCK - final pressure/veto/active/timing gate failed or signal already used
2026-09-05,02:48:14 GMT,SENTINEL V6 MULTI-WINDOW SCAN >>>
2026-09-05,02:48:14 GMT,V6.2 DIAG | 0 0 9 0 0.028571428571428567 0 -0.06666666666666667 -0.7000000000000001 -0.2 0.5 6 2 0 0 0 0 1 0
2026-09-05,02:48:14 GMT,V6.2 BLOCK - final pressure/veto/active/timing gate failed or signal already used
2026-09-05,02:48:14 GMT,SENTINEL V6 MULTI-WINDOW SCAN >>>
2026-09-05,02:48:14 GMT,V6.2 DIAG | 0 0 5 0 -0.028571428571428567 0 0.06666666666666667 0.1 -0.2 0.5 6 2 0 0 0 0 1 0
2026-09-05,02:48:14 GMT,V6.2 BLOCK - final pressure/veto/active/timing gate failed or signal already used
2026-09-05,02:48:14 GMT,SENTINEL V6 MULTI-WINDOW SCAN >>>
2026-09-05,02:48:14 GMT,V6.2 DIAG | 4 0 5 0 -0.028571428571428567 0 0.06666666666666667 0.1 -0.2 0.5 5 3 0 1 0 0 1 0
2026-09-05,02:48:14 GMT,V6.2 BLOCK - final pressure/veto/active/timing gate failed or signal already used
2026-09-05,02:48:14 GMT,SENTINEL V6 MULTI-WINDOW SCAN >>>
2026-09-05,02:48:14 GMT,V6.2 DIAG | 9 0 6 -0.15000000000000002 0 0.15000000000000002 0 -0.15000000000000002 -0.2 0.5 5 3 0 1 0 0 1 0
2026-09-05,02:48:04 GMT,V6.2 BLOCK - final pressure/veto/active/timing gate failed or signal already used
2026-09-05,02:48:04 GMT,SENTINEL V6 MULTI-WINDOW SCAN >>>
2026-09-05,02:48:04 GMT,V6.2 DIAG | 0 0 10 0 0.028571428571428567 0 -0.06666666666666667 -0.20000000000000004 -0.2 0 6 2 0 0 0 0 1 0
2026-09-05,02:48:04 GMT,V6.2 BLOCK - final pressure/veto/active/timing gate failed or signal already used
2026-09-05,02:48:04 GMT,SENTINEL V6 MULTI-WINDOW SCAN >>>
2026-09-05,02:48:04 GMT,V6.2 DIAG | 7 0 7 0.04999999999999993 -0.028571428571428567 -0.04999999999999999 0.06666666666666667 0.6 -0.25 0 5 3 0 1 0 0 1 0
2026-09-05,02:48:04 GMT,V6.2 BLOCK - final pressure/veto/active/timing gate failed or signal already used
2026-09-05,02:48:04 GMT,SENTINEL V6 MULTI-WINDOW SCAN >>>
2026-09-05,02:48:04 GMT,V6.2 DIAG | 1 0 10 0.04999999999999993 0.028571428571428567 -0.04999999999999999 -0.06666666666666667 0.1 -0.55 0 6 2 0 0 0 0 1 0
2026-09-05,02:48:04 GMT,V6.2 BLOCK - final pressure/veto/active/timing gate failed or signal already used
2026-09-05,02:48:04 GMT,SENTINEL V6 MULTI-WINDOW SCAN >>>
2026-09-05,02:48:04 GMT,V6.2 DIAG | 4 0 10 0.04999999999999993 0.028571428571428567 -0.04999999999999999 -0.06666666666666667 0.1 -0.55 0 6 2 0 0 0 0 1 0
2026-09-05,02:48:03 GMT,V6.2 BLOCK - final pressure/veto/active/timing gate failed or signal already used
2026-09-05,02:48:03 GMT,SENTINEL V6 MULTI-WINDOW SCAN >>>
2026-09-05,02:48:03 GMT,V6.2 DIAG | 2 0 6 -0.09999999999999998 0 0.10000000000000003 0 0.9 -0.8 0 5 3 1 0 0 0 1 0
2026-09-05,02:48:03 GMT,V6.2 BLOCK - final pressure/veto/active/timing gate failed or signal already used
2026-09-05,02:48:03 GMT,SENTINEL V6 MULTI-WINDOW SCAN >>>
2026-09-05,02:48:03 GMT,V6.2 DIAG | 7 0 6 -0.09999999999999998 0 0.10000000000000003 0 0.9 -0.8 0 5 3 1 1 0 0 1 0
2026-09-05,02:48:03 GMT,V6.2 BLOCK - final pressure/veto/active/timing gate failed or signal already used
2026-09-05,02:48:03 GMT,SENTINEL V6 MULTI-WINDOW SCAN >>>
2026-09-05,02:48:03 GMT,V6.2 DIAG | 2 0 8 0 0.028571428571428567 0 -0.06666666666666667 0.4 -0.8 0 5 3 2 0 0 0 1 0
2026-09-05,02:48:03 GMT,V6.2 BLOCK - final pressure/veto/active/timing gate failed or signal already used
2026-09-05,02:48:03 GMT,SENTINEL V6 MULTI-WINDOW SCAN >>>
2026-09-05,02:48:03 GMT,V6.2 DIAG | 2 0 6 0.04999999999999993 -0.028571428571428567 -0.04999999999999999 0.06666666666666667 0.4 -0.04999999999999999 0 5 3 2 0 0 0 1 0
2026-09-05,02:48:03 GMT,V6.2 BLOCK - final pressure/veto/active/timing gate failed or signal already used
2026-09-05,02:48:03 GMT,SENTINEL V6 MULTI-WINDOW SCAN >>>
2026-09-05,02:48:03 GMT,V6.2 DIAG | 7 0 6 0.04999999999999993 -0.028571428571428567 -0.04999999999999999 0.06666666666666667 0.4 -0.04999999999999999 0 5 3 2 1 0 0 1 0
2026-09-05,02:48:03 GMT,V6.2 BLOCK - final pressure/veto/active/timing gate failed or signal already used
2026-09-05,02:48:03 GMT,SENTINEL V6 MULTI-WINDOW SCAN >>>
2026-09-05,02:48:03 GMT,V6.2 DIAG | 4 0 7 0.15000000000000002 -0.057142857142857134 -0.14999999999999997 0.13333333333333333 -0.1 0.75 0 6 2 2 1 0 0 1 0
2026-09-05,02:47:53 GMT,V6.2 BLOCK - final pressure/veto/active/timing gate failed or signal already used
2026-09-05,02:47:53 GMT,SENTINEL V6 MULTI-WINDOW SCAN >>>
2026-09-05,02:47:53 GMT,V6.2 DIAG | 4 0 7 0.20000000000000007 -0.057142857142857134 -0.2 0.13333333333333333 -0.1 0.7000000000000001 0 6 2 2 1 0 0 1 0
2026-09-05,02:47:53 GMT,V6.2 BLOCK - final pressure/veto/active/timing gate failed or signal already used
2026-09-05,02:47:53 GMT,SENTINEL V6 MULTI-WINDOW SCAN >>>
2026-09-05,02:47:53 GMT,V6.2 DIAG | 8 0 7 0.20000000000000007 -0.057142857142857134 -0.2 0.13333333333333333 -0.1 0.7000000000000001 0 6 2 2 1 0 0 1 0
2026-09-05,02:47:53 GMT,V6.2 BLOCK - final pressure/veto/active/timing gate failed or signal already used
2026-09-05,02:47:53 GMT,SENTINEL V6 MULTI-WINDOW SCAN >>>
2026-09-05,02:47:53 GMT,V6.2 DIAG | 5 0 8 0.30000000000000004 -0.028571428571428567 -0.30000000000000004 0.06666666666666667 -0.1 0.20000000000000004 0 7 1 1 1 0 0 1 0
2026-09-05,02:47:53 GMT,V6.2 BLOCK - final pressure/veto/active/timing gate failed or signal already used
2026-09-05,02:47:53 GMT,SENTINEL V6 MULTI-WINDOW SCAN >>>
2026-09-05,02:47:53 GMT,V6.2 DIAG | 8 0 8 0.30000000000000004 -0.028571428571428567 -0.30000000000000004 0.06666666666666667 -0.1 0.20000000000000004 0 7 1 1 1 0 0 1 0
2026-09-05,02:47:53 GMT,V6.2 BLOCK - final pressure/veto/active/timing gate failed or signal already used
2026-09-05,02:47:53 GMT,SENTINEL V6 MULTI-WINDOW SCAN >>>
2026-09-05,02:47:53 GMT,V6.2 DIAG | 5 0 12 0.25 0.028571428571428567 -0.24999999999999997 -0.06666666666666667 -0.35000000000000003 -0.3 0 8 0 0 0 0 0 1 0
2026-09-05,02:47:52 GMT,V6.2 BLOCK - final pressure/veto/active/timing gate failed or signal already used
2026-09-05,02:47:52 GMT,SENTINEL V6 MULTI-WINDOW SCAN >>>
2026-09-05,02:47:52 GMT,V6.2 DIAG | 2 0 12 0.10000000000000009 0.057142857142857134 -0.09999999999999998 -0.13333333333333333 -0.35000000000000003 -0.55 0 8 0 0 0 0 0 1 0
2026-09-05,02:47:52 GMT,V6.2 BLOCK - final pressure/veto/active/timing gate failed or signal already used
2026-09-05,02:47:52 GMT,SENTINEL V6 MULTI-WINDOW SCAN >>>
2026-09-05,02:47:52 GMT,V6.2 DIAG | 1 0 10 -0.050000000000000044 0.08571428571428572 0.04999999999999999 -0.2 -0.35000000000000003 -0.8 0 7 1 0 0 0 0 1 0
2026-09-05,02:47:52 GMT,V6.2 BLOCK - final pressure/veto/active/timing gate failed or signal already used
2026-09-05,02:47:52 GMT,SENTINEL V6 MULTI-WINDOW SCAN >>>
2026-09-05,02:47:52 GMT,V6.2 DIAG | 0 0 10 -0.050000000000000044 0.08571428571428572 0.04999999999999999 -0.2 -0.35000000000000003 -0.8 0 6 2 1 0 0 0 1 0
2026-09-05,02:47:52 GMT,V6.2 BLOCK - final pressure/veto/active/timing gate failed or signal already used
2026-09-05,02:47:52 GMT,SENTINEL V6 MULTI-WINDOW SCAN >>>
2026-09-05,02:47:52 GMT,V6.2 DIAG | 1 0 9 -0.050000000000000044 0.08571428571428572 0.04999999999999999 -0.2 -0.35000000000000003 -0.8 0 5 3 2 0 0 0 1 0
2026-09-05,02:47:52 GMT,V6.2 BLOCK - final pressure/veto/active/timing gate failed or signal already used
2026-09-05,02:47:52 GMT,SENTINEL V6 MULTI-WINDOW SCAN >>>
2026-09-05,02:47:52 GMT,V6.2 DIAG | 5 0 8 -0.050000000000000044 0.028571428571428567 0.04999999999999999 -0.06666666666666667 0.45 -0.8 0 5 3 2 0 0 0 1 0
2026-09-05,02:47:52 GMT,V6.2 BLOCK - final pressure/veto/active/timing gate failed or signal already used
2026-09-05,02:47:52 GMT,SENTINEL V6 MULTI-WINDOW SCAN >>>
2026-09-05,02:47:52 GMT,V6.2 DIAG | 4 0 5 -0.20000000000000007 0 0.2 0 0.2 0 0 5 3 2 0 0 0 1 0
2026-09-05,02:47:42 GMT,V6.2 BLOCK - final pressure/veto/active/timing gate failed or signal already used
2026-09-05,02:47:42 GMT,SENTINEL V6 MULTI-WINDOW SCAN >>>
2026-09-05,02:47:42 GMT,V6.2 DIAG | 5 0 4 -0.35 -0.028571428571428574 0.35 0.06666666666666668 0.2 0.55 0 5 3 2 1 0 0 1 0
2026-09-05,02:47:42 GMT,V6.2 BLOCK - final pressure/veto/active/timing gate failed or signal already used
2026-09-05,02:47:42 GMT,SENTINEL V6 MULTI-WINDOW SCAN >>>
2026-09-05,02:47:42 GMT,V6.2 DIAG | 2 0 1 -0.5 0 0.5 0 0.2 0.30000000000000004 0 4 4 2 1 0 0 1 0
2026-09-05,02:47:41 GMT,V6.2 BLOCK - final pressure/veto/active/timing gate failed or signal already used
2026-09-05,02:47:41 GMT,SENTINEL V6 MULTI-WINDOW SCAN >>>
2026-09-05,02:47:41 GMT,V6.2 DIAG | 7 0 1 -0.44999999999999996 0 0.44999999999999996 0 0.2 0.25 0 3 5 3 1 0 0 1 0
2026-09-05,02:47:41 GMT,V6.2 BLOCK - final pressure/veto/active/timing gate failed or signal already used
2026-09-05,02:47:41 GMT,SENTINEL V6 MULTI-WINDOW SCAN >>>
2026-09-05,02:47:41 GMT,V6.2 DIAG | 8 0 6 -0.35 0.028571428571428574 0.35 -0.06666666666666668 -0.30000000000000004 0.25 0 3 5 4 1 0 0 1 0
2026-09-05,02:47:41 GMT,V6.2 BLOCK - final pressure/veto/active/timing gate failed or signal already used
2026-09-05,02:47:41 GMT,SENTINEL V6 MULTI-WINDOW SCAN >>>
2026-09-05,02:47:41 GMT,V6.2 DIAG | 8 0 3 -0.25 0 0.25 0 0.5 -0.25 0 4 4 3 1 0 0 1 0
2026-09-05,02:47:41 GMT,V6.2 BLOCK - final pressure/veto/active/timing gate failed or signal already used
2026-09-05,02:47:41 GMT,SENTINEL V6 MULTI-WINDOW SCAN >>>
2026-09-05,02:47:41 GMT,V6.2 DIAG | 3 0 5 -0.10000000000000009 -0.028571428571428567 0.09999999999999998 0.06666666666666667 0.5 0 0 5 3 2 0 0 0 1 0
2026-09-05,02:47:41 GMT,V6.2 BLOCK - final pressure/veto/active/timing gate failed or signal already used
2026-09-05,02:47:41 GMT,SENTINEL V6 MULTI-WINDOW SCAN >>>
2026-09-05,02:47:41 GMT,V6.2 DIAG | 2 0 4 -0.25 -0.05714285714285714 0.25 0.13333333333333336 0.5 0.55 0 5 3 2 1 0 0 1 0
2026-09-05,02:47:40 GMT,V6.2 BLOCK - final pressure/veto/active/timing gate failed or signal already used
2026-09-05,02:47:40 GMT,SENTINEL V6 MULTI-WINDOW SCAN >>>
2026-09-05,02:47:40 GMT,V6.2 DIAG | 2 0 4 -0.25 -0.05714285714285714 0.25 0.13333333333333336 0.5 0.55 0 5 3 2 1 0 0 1 0
2026-09-05,02:47:40 GMT,V6.2 BLOCK - final pressure/veto/active/timing gate failed or signal already used
2026-09-05,02:47:40 GMT,SENTINEL V6 MULTI-WINDOW SCAN >>>
2026-09-05,02:47:40 GMT,V6.2 DIAG | 7 0 2 -0.20000000000000007 -0.05714285714285714 0.2 0.13333333333333336 0.5 0.55 -0.05 4 4 3 1 0 0 1 0
2026-09-05,02:47:40 GMT,V6.2 BLOCK - final pressure/veto/active/timing gate failed or signal already used
2026-09-05,02:47:40 GMT,SENTINEL V6 MULTI-WINDOW SCAN >>>
2026-09-05,02:47:40 GMT,V6.2 DIAG | 8 0 5 -0.25 0 0.25 0 0 0.30000000000000004 -0.05 5 3 3 1 0 0 1 0
2026-09-05,02:47:40 GMT,V6.2 BLOCK - final pressure/veto/active/timing gate failed or signal already used
2026-09-05,02:47:40 GMT,SENTINEL V6 MULTI-WINDOW SCAN >>>
2026-09-05,02:47:40 GMT,V6.2 DIAG | 8 0 9 -0.15000000000000002 0.028571428571428567 0.15 -0.06666666666666667 0 -0.20000000000000004 -0.05 6 2 2 1 0 0 1 0
2026-09-05,02:47:40 GMT,V6.2 BLOCK - final pressure/veto/active/timing gate failed or signal already used
2026-09-05,02:47:40 GMT,SENTINEL V6 MULTI-WINDOW SCAN >>>
2026-09-05,02:47:40 GMT,V6.2 DIAG | 0 0 5 -0.04999999999999993 0 0.05000000000000002 0 0 0.1 -0.05 6 2 2 0 0 0 1 0
2026-09-05,02:47:31 GMT,V6.2 BLOCK - final pressure/veto/active/timing gate failed or signal already used
2026-09-05,02:47:31 GMT,SENTINEL V6 MULTI-WINDOW SCAN >>>
2026-09-05,02:47:31 GMT,V6.2 DIAG | 2 0 5 -0.04999999999999993 0 0.05000000000000002 0 0 0.1 -0.05 6 2 2 0 0 0 1 0
2026-09-05,02:47:31 GMT,V6.2 BLOCK - final pressure/veto/active/timing gate failed or signal already used
2026-09-05,02:47:31 GMT,SENTINEL V6 MULTI-WINDOW SCAN >>>
2026-09-05,02:47:31 GMT,V6.2 DIAG | 6 0 5 -0.04999999999999993 0 0.05000000000000002 0 0 0.1 -0.05 6 2 2 0 0 0 1 0
2026-09-05,02:47:31 GMT,V6.2 BLOCK - final pressure/veto/active/timing gate failed or signal already used
2026-09-05,02:47:31 GMT,SENTINEL V6 MULTI-WINDOW SCAN >>>
2026-09-05,02:47:31 GMT,V6.2 DIAG | 6 0 5 -0.04999999999999993 -0.057142857142857134 0.05000000000000002 0.13333333333333333 0 0.9 -0.05 6 2 2 1 0 0 1 0
2026-09-05,02:47:30 GMT,V6.2 BLOCK - final pressure/veto/active/timing gate failed or signal already used
2026-09-05,02:47:30 GMT,SENTINEL V6 MULTI-WINDOW SCAN >>>
2026-09-05,02:47:30 GMT,V6.2 DIAG | 8 0 5 0 -0.057142857142857134 0 0.13333333333333333 0 0.9 -0.1 6 2 2 1 0 0 1 0
2026-09-05,02:47:30 GMT,V6.2 BLOCK - final pressure/veto/active/timing gate failed or signal already used
2026-09-05,02:47:30 GMT,SENTINEL V6 MULTI-WINDOW SCAN >>>
2026-09-05,02:47:30 GMT,V6.2 DIAG | 6 0 8 0.15000000000000002 -0.028571428571428567 -0.15 0.06666666666666667 -0.05 0.4 -0.1 7 1 1 1 0 0 1 0
2026-09-05,02:47:30 GMT,V6.2 BLOCK - final pressure/veto/active/timing gate failed or signal already used
2026-09-05,02:47:30 GMT,SENTINEL V6 MULTI-WINDOW SCAN >>>
2026-09-05,02:47:30 GMT,V6.2 DIAG | 0 0 8 0.15000000000000002 -0.028571428571428567 -0.15 0.06666666666666667 -0.05 0.4 -0.1 7 1 1 1 0 0 1 0
2026-09-05,02:47:30 GMT,V6.2 BLOCK - final pressure/veto/active/timing gate failed or signal already used
2026-09-05,02:47:30 GMT,SENTINEL V6 MULTI-WINDOW SCAN >>>
2026-09-05,02:47:30 GMT,V6.2 DIAG | 8 0 8 0.15000000000000002 -0.028571428571428567 -0.15 0.06666666666666667 -0.05 0.4 -0.1 7 1 1 1 0 0 1 0
2026-09-05,02:47:29 GMT,V6.2 BLOCK - final pressure/veto/active/timing gate failed or signal already used
2026-09-05,02:47:29 GMT,SENTINEL V6 MULTI-WINDOW SCAN >>>
2026-09-05,02:47:29 GMT,V6.2 DIAG | 1 0 9 0.25 0 -0.25 0 -0.05 -0.1 -0.1 8 0 0 0 0 0 1 1
2026-09-05,02:47:29 GMT,V6.2 BLOCK - final pressure/veto/active/timing gate failed or signal already used
2026-09-05,02:47:29 GMT,SENTINEL V6 MULTI-WINDOW SCAN >>>
2026-09-05,02:47:29 GMT,V6.2 DIAG | 1 0 9 0.25 0 -0.25 0 -0.05 -0.1 -0.1 8 0 0 0 0 0 1 0
2026-09-05,02:47:29 GMT,V6.2 BLOCK - final pressure/veto/active/timing gate failed or signal already used
2026-09-05,02:47:29 GMT,SENTINEL V6 MULTI-WINDOW SCAN >>>
2026-09-05,02:47:29 GMT,V6.2 DIAG | 0 0 9 0.25 0 -0.25 0 -0.05 -0.1 -0.1 8 0 0 0 0 0 1 0
2026-09-05,02:47:29 GMT,V6.2 BLOCK - final pressure/veto/active/timing gate failed or signal already used
2026-09-05,02:47:29 GMT,SENTINEL V6 MULTI-WINDOW SCAN >>>
2026-09-05,02:47:29 GMT,V6.2 DIAG | 5 0 12 0.09999999999999998 0.028571428571428567 -0.1 -0.06666666666666667 -0.05 -0.35000000000000003 -0.1 8 0 0 0 1 0 1 0
2026-09-05,02:47:22 GMT,V6.2 BLOCK - final pressure/veto/active/timing gate failed or signal already used
2026-09-05,02:47:22 GMT,SENTINEL V6 MULTI-WINDOW SCAN >>>
2026-09-05,02:47:22 GMT,V6.2 DIAG | 4 0 12 0.15000000000000002 0.028571428571428567 -0.15 -0.06666666666666667 -0.05 -0.35000000000000003 -0.15 8 0 0 0 1 0 1 0
2026-09-05,02:47:22 GMT,V6.2 BLOCK - final pressure/veto/active/timing gate failed or signal already used
2026-09-05,02:47:22 GMT,SENTINEL V6 MULTI-WINDOW SCAN >>>
2026-09-05,02:47:22 GMT,V6.2 DIAG | 1 0 12 0.15000000000000002 0.028571428571428567 -0.15 -0.06666666666666667 -0.05 -0.35000000000000003 -0.15 7 1 1 0 0 0 1 0
2026-09-05,02:47:22 GMT,V6.2 BLOCK - final pressure/veto/active/timing gate failed or signal already used
2026-09-05,02:47:22 GMT,SENTINEL V6 MULTI-WINDOW SCAN >>>
2026-09-05,02:47:22 GMT,V6.2 DIAG | 4 0 10 0 0.057142857142857134 0 -0.13333333333333333 -0.05 -0.6000000000000001 -0.15 7 1 1 0 0 0 1 0
2026-09-05,02:47:21 GMT,V6.2 BLOCK - final pressure/veto/active/timing gate failed or signal already used
2026-09-05,02:47:21 GMT,SENTINEL V6 MULTI-WINDOW SCAN >>>
2026-09-05,02:47:21 GMT,V6.2 DIAG | 5 0 10 0 0.057142857142857134 0 -0.13333333333333333 -0.05 -0.6000000000000001 -0.15 7 1 1 0 0 0 1 0
2026-09-05,02:47:21 GMT,V6.2 BLOCK - final pressure/veto/active/timing gate failed or signal already used
2026-09-05,02:47:21 GMT,SENTINEL V6 MULTI-WINDOW SCAN >>>
2026-09-05,02:47:21 GMT,V6.2 DIAG | 1 0 7 0.050000000000000044 0 -0.04999999999999999 0 -0.05 0.2 -0.2 6 2 2 1 0 0 1 0
2026-09-05,02:47:21 GMT,V6.2 BLOCK - final pressure/veto/active/timing gate failed or signal already used
2026-09-05,02:47:21 GMT,SENTINEL V6 MULTI-WINDOW SCAN >>>
2026-09-05,02:47:21 GMT,V6.2 DIAG | 1 0 8 -0.10000000000000009 0.028571428571428567 0.09999999999999998 -0.06666666666666667 -0.05 0.2 -0.45 6 2 2 1 0 0 1 0
2026-09-05,02:47:20 GMT,V6.2 BLOCK - final pressure/veto/active/timing gate failed or signal already used
2026-09-05,02:47:20 GMT,SENTINEL V6 MULTI-WINDOW SCAN >>>
2026-09-05,02:47:20 GMT,V6.2 DIAG | 0 0 8 -0.10000000000000009 0.028571428571428567 0.09999999999999998 -0.06666666666666667 -0.05 0.2 -0.45 6 2 2 1 0 0 1 0
2026-09-05,02:47:20 GMT,V6.2 BLOCK - final pressure/veto/active/timing gate failed or signal already used
2026-09-05,02:47:20 GMT,SENTINEL V6 MULTI-WINDOW SCAN >>>
2026-09-05,02:47:20 GMT,V6.2 DIAG | 2 0 5 -0.10000000000000009 -0.028571428571428567 0.09999999999999998 0.06666666666666667 -0.05 1 -0.45 5 3 2 1 0 0 1 0
2026-09-05,02:47:20 GMT,V6.2 BLOCK - final pressure/veto/active/timing gate failed or signal already used
2026-09-05,02:47:20 GMT,SENTINEL V6 MULTI-WINDOW SCAN >>>
2026-09-05,02:47:20 GMT,V6.2 DIAG | 8 0 5 -0.10000000000000009 -0.028571428571428567 0.09999999999999998 0.06666666666666667 -0.05 1 -0.45 5 3 2 1 0 0 1 0
2026-09-05,02:47:13 GMT,V6.2 BLOCK - final pressure/veto/active/timing gate failed or signal already used
2026-09-05,02:47:13 GMT,SENTINEL V6 MULTI-WINDOW SCAN >>>
2026-09-05,02:47:13 GMT,V6.2 DIAG | 5 0 6 0 0 0 0 -0.05 0.5 -0.45 6 2 1 1 0 0 1 0
2026-09-05,02:47:13 GMT,V6.2 BLOCK - final pressure/veto/active/timing gate failed or signal already used
2026-09-05,02:47:13 GMT,SENTINEL V6 MULTI-WINDOW SCAN >>>
2026-09-05,02:47:13 GMT,V6.2 DIAG | 2 0 5 0 -0.057142857142857134 0 0.13333333333333333 -0.05 0.5 0.35000000000000003 6 2 1 1 0 0 1 0
2026-09-05,02:47:12 GMT,V6.2 BLOCK - final pressure/veto/active/timing gate failed or signal already used
2026-09-05,02:47:12 GMT,SENTINEL V6 MULTI-WINDOW SCAN >>>
2026-09-05,02:47:12 GMT,V6.2 DIAG | 8 0 5 0 -0.057142857142857134 0 0.13333333333333333 -0.05 0.5 0.35000000000000003 6 2 1 1 0 0 1 0
2026-09-05,02:47:12 GMT,V6.2 BLOCK - final pressure/veto/active/timing gate failed or signal already used
2026-09-05,02:47:12 GMT,SENTINEL V6 MULTI-WINDOW SCAN >>>
2026-09-05,02:47:12 GMT,V6.2 DIAG | 0 0 6 0 0 0 0 -0.05 0 0.05000000000000002 7 1 0 1 0 0 1 0
2026-09-05,02:47:12 GMT,V6.2 BLOCK - final pressure/veto/active/timing gate failed or signal already used
2026-09-05,02:47:12 GMT,SENTINEL V6 MULTI-WINDOW SCAN >>>
2026-09-05,02:47:12 GMT,V6.2 DIAG | 4 0 9 -0.15000000000000002 0.028571428571428567 0.15 -0.06666666666666667 -0.30000000000000004 0 0.05000000000000002 7 1 0 1 0 0 1 0
2026-09-05,02:47:11 GMT,V6.2 BLOCK - final pressure/veto/active/timing gate failed or signal already used
2026-09-05,02:47:11 GMT,SENTINEL V6 MULTI-WINDOW SCAN >>>
2026-09-05,02:47:11 GMT,V6.2 DIAG | 9 0 9 -0.10000000000000009 0.028571428571428567 0.09999999999999998 -0.06666666666666667 -0.35000000000000003 0 0.05000000000000002 6 2 0 1 0 0 1 0
2026-09-05,02:47:11 GMT,V6.2 BLOCK - final pressure/veto/active/timing gate failed or signal already used
2026-09-05,02:47:11 GMT,SENTINEL V6 MULTI-WINDOW SCAN >>>
2026-09-05,02:47:11 GMT,V6.2 DIAG | 0 0 10 0 0.057142857142857134 0 -0.13333333333333333 -0.35000000000000003 0 -0.45 6 2 0 0 0 0 1 0
2026-09-05,02:47:11 GMT,V6.2 BLOCK - final pressure/veto/active/timing gate failed or signal already used
2026-09-05,02:47:11 GMT,SENTINEL V6 MULTI-WINDOW SCAN >>>
2026-09-05,02:47:11 GMT,V6.2 DIAG | 2 0 10 0 0.057142857142857134 0 -0.13333333333333333 -0.35000000000000003 0 -0.45 6 2 0 0 0 0 1 0
2026-09-05,02:47:10 GMT,V6.2 BLOCK - final pressure/veto/active/timing gate failed or signal already used
2026-09-05,02:47:10 GMT,SENTINEL V6 MULTI-WINDOW SCAN >>>
2026-09-05,02:47:10 GMT,V6.2 DIAG | 2 0 8 0.050000000000000044 0 -0.04999999999999999 0 -0.35000000000000003 -0.05 0.35000000000000003 6 2 0 0 0 0 1 0
2026-09-05,02:47:10 GMT,V6.2 BLOCK - final pressure/veto/active/timing gate failed or signal already used
2026-09-05,02:47:10 GMT,SENTINEL V6 MULTI-WINDOW SCAN >>>
2026-09-05,02:47:10 GMT,V6.2 DIAG | 6 0 7 0.10000000000000009 -0.057142857142857134 -0.09999999999999998 0.13333333333333333 0.45 -0.1 0.35000000000000003 6 2 0 0 0 0 1 0
2026-09-05,02:47:09 GMT,Loss amount: -3
2026-09-05,02:47:09 GMT,V6.2 DIAG | 4 0 7 0.10000000000000009 -0.057142857142857134 -0.09999999999999998 0.13333333333333333 0.45 -0.1 0.35000000000000003 6 2 0 0 0 0 0 1
2026-09-05,02:47:08 GMT,V6.2 DIAG | 2 0 5 -0.050000000000000044 -0.028571428571428567 0.04999999999999999 0.06666666666666667 0.45 -0.1 0.1 6 2 0 0 0 0 0 1
2026-09-05,02:47:07 GMT,V6.2 DIAG | 9 0 5 -0.050000000000000044 -0.028571428571428567 0.04999999999999999 0.06666666666666667 0.45 -0.1 0.1 6 2 0 1 0 0 0 1
2026-09-05,02:47:07 GMT,V6.2 DIAG | 7 0 8 0.10000000000000009 0 -0.09999999999999998 0 0.45 -0.15 -0.4 6 2 0 0 0 0 0 1
2026-09-05,02:47:07 GMT,Bought: (ID: 22523301679)
2026-09-05,02:47:03 GMT,SENTINEL V6 MULTI-WINDOW SCAN >>>
2026-09-05,02:47:03 GMT,V6.2 DIAG | 1 1 12 0.10000000000000009 0.057142857142857134 -0.09999999999999998 -0.13333333333333333 -0.1 -0.15 -0.65 7 1 0 0 1 1 0 1
2026-09-05,02:47:03 GMT,V6.2 BLOCK - final pressure/veto/active/timing gate failed or signal already used
2026-09-05,02:47:03 GMT,SENTINEL V6 MULTI-WINDOW SCAN >>>
2026-09-05,02:47:03 GMT,V6.2 DIAG | 1 0 8 0.10000000000000009 0 -0.09999999999999998 0 -0.1 -0.15 0.15000000000000002 7 1 0 0 0 0 0 1
2026-09-05,02:47:02 GMT,Profit amount: 1.21
2026-09-05,02:47:02 GMT,V6.2 DIAG | 3 0 8 0.15000000000000002 0 -0.14999999999999997 0 -0.1 -0.2 0.15000000000000002 6 2 0 0 0 0 0 1
2026-09-05,02:47:01 GMT,V6.2 DIAG | 1 0 8 0.15000000000000002 0 -0.14999999999999997 0 -0.1 -0.2 0.15000000000000002 6 2 0 0 0 0 0 1
2026-09-05,02:47:00 GMT,V6.2 DIAG | 2 0 8 0.15000000000000002 0 -0.14999999999999997 0 -0.1 -0.2 0.15000000000000002 6 2 0 0 0 0 0 1
2026-09-05,02:47:00 GMT,V6.2 DIAG | 9 0 8 0.15000000000000002 -0.057142857142857134 -0.14999999999999997 0.13333333333333333 -0.1 -0.2 0.9500000000000001 6 2 0 0 0 0 0 1
2026-09-05,02:47:00 GMT,Bought: (ID: 22523289699)
2026-09-05,02:46:43 GMT,SENTINEL V6 MULTI-WINDOW SCAN >>>
2026-09-05,02:46:43 GMT,V6.2 DIAG | 3 1 12 0.15000000000000002 0.057142857142857134 -0.14999999999999997 -0.13333333333333333 -0.35000000000000003 -0.25 -0.35000000000000003 6 2 0 0 1 1 0 1
2026-09-05,02:46:43 GMT,V6.2 BLOCK - final pressure/veto/active/timing gate failed or signal already used
2026-09-05,02:46:43 GMT,SENTINEL V6 MULTI-WINDOW SCAN >>>
2026-09-05,02:46:43 GMT,V6.2 DIAG | 5 1 9 0 0.028571428571428567 0 -0.06666666666666667 -0.35000000000000003 -0.5 0.45 6 2 0 1 0 0 0 1
2026-09-05,02:46:43 GMT,V6.2 BLOCK - final pressure/veto/active/timing gate failed or signal already used
2026-09-05,02:46:43 GMT,SENTINEL V6 MULTI-WINDOW SCAN >>>
2026-09-05,02:46:43 GMT,V6.2 DIAG | 2 1 9 -0.09999999999999998 0.05714285714285714 0.10000000000000003 -0.13333333333333336 -0.4 -0.75 0.45 6 2 0 0 0 0 0 1
2026-09-05,02:46:43 GMT,V6.2 BLOCK - final pressure/veto/active/timing gate failed or signal already used
2026-09-05,02:46:43 GMT,SENTINEL V6 MULTI-WINDOW SCAN >>>
2026-09-05,02:46:43 GMT,V6.2 DIAG | 4 0 5 -0.09999999999999998 0 0.10000000000000003 0 0.4 -0.75 0.45 5 3 1 0 0 0 0 1
2026-09-05,02:46:42 GMT,V6.2 BLOCK - final pressure/veto/active/timing gate failed or signal already used
2026-09-05,02:46:42 GMT,SENTINEL V6 MULTI-WINDOW SCAN >>>
2026-09-05,02:46:42 GMT,V6.2 DIAG | 0 0 2 -0.09999999999999998 0 0.10000000000000003 0 0.4 -0.75 0.45 4 4 2 0 0 0 0 1
2026-09-05,02:46:42 GMT,V6.2 BLOCK - final pressure/veto/active/timing gate failed or signal already used
2026-09-05,02:46:42 GMT,SENTINEL V6 MULTI-WINDOW SCAN >>>
2026-09-05,02:46:42 GMT,V6.2 DIAG | 9 0 2 -0.050000000000000044 0 0.050000000000000044 0 0.4 -0.8 0.45 4 4 2 0 0 0 0 1
2026-09-05,02:46:42 GMT,V6.2 BLOCK - final pressure/veto/active/timing gate failed or signal already used
2026-09-05,02:46:42 GMT,SENTINEL V6 MULTI-WINDOW SCAN >>>
2026-09-05,02:46:42 GMT,V6.2 DIAG | 3 0 5 -0.050000000000000044 0 0.050000000000000044 0 0.4 -0.25 -0.1 5 3 2 0 0 0 0 1
2026-09-05,02:46:42 GMT,V6.2 BLOCK - final pressure/veto/active/timing gate failed or signal already used
2026-09-05,02:46:42 GMT,SENTINEL V6 MULTI-WINDOW SCAN >>>
2026-09-05,02:46:42 GMT,V6.2 DIAG | 7 0 4 -0.050000000000000044 -0.05714285714285714 0.050000000000000044 0.13333333333333336 0.4 0.55 -0.1 5 3 2 1 0 0 0 1
2026-09-05,02:46:42 GMT,V6.2 BLOCK - final pressure/veto/active/timing gate failed or signal already used
2026-09-05,02:46:42 GMT,SENTINEL V6 MULTI-WINDOW SCAN >>>
2026-09-05,02:46:42 GMT,V6.2 DIAG | 5 0 5 -0.09999999999999998 0 0.10000000000000003 0 -0.35000000000000003 0.55 -0.1 5 3 3 1 0 0 0 1
2026-09-05,02:46:42 GMT,V6.2 BLOCK - final pressure/veto/active/timing gate failed or signal already used
2026-09-05,02:46:42 GMT,SENTINEL V6 MULTI-WINDOW SCAN >>>
2026-09-05,02:46:42 GMT,V6.2 DIAG | 4 0 5 -0.050000000000000044 0 0.050000000000000044 0 -0.4 0.55 -0.1 5 3 3 1 0 0 0 1
2026-09-05,02:46:42 GMT,V6.2 BLOCK - final pressure/veto/active/timing gate failed or signal already used
2026-09-05,02:46:42 GMT,SENTINEL V6 MULTI-WINDOW SCAN >>>
2026-09-05,02:46:42 GMT,V6.2 DIAG | 8 0 6 -0.15000000000000002 0.028571428571428574 0.15000000000000002 -0.06666666666666668 -0.4 0.30000000000000004 -0.15 4 4 3 1 0 0 0 1
2026-09-05,02:46:32 GMT,V6.2 BLOCK - final pressure/veto/active/timing gate failed or signal already used
2026-09-05,02:46:32 GMT,SENTINEL V6 MULTI-WINDOW SCAN >>>
2026-09-05,02:46:32 GMT,V6.2 DIAG | 8 0 5 -0.050000000000000044 0 0.050000000000000044 0 -0.4 0.6 -0.15 5 3 2 1 0 0 0 1
2026-09-05,02:46:32 GMT,V6.2 BLOCK - final pressure/veto/active/timing gate failed or signal already used
2026-09-05,02:46:32 GMT,SENTINEL V6 MULTI-WINDOW SCAN >>>
2026-09-05,02:46:32 GMT,V6.2 DIAG | 4 0 9 0.04999999999999993 0.028571428571428567 -0.04999999999999999 -0.06666666666666667 -0.4 0.1 -0.15 5 3 2 0 0 0 0 1
2026-09-05,02:46:32 GMT,V6.2 BLOCK - final pressure/veto/active/timing gate failed or signal already used
2026-09-05,02:46:32 GMT,SENTINEL V6 MULTI-WINDOW SCAN >>>
2026-09-05,02:46:32 GMT,V6.2 DIAG | 4 0 5 0.04999999999999993 -0.028571428571428567 -0.04999999999999999 0.06666666666666667 0.4 0.1 -0.15 5 3 2 1 0 0 0 1
2026-09-05,02:46:32 GMT,V6.2 BLOCK - final pressure/veto/active/timing gate failed or signal already used
2026-09-05,02:46:32 GMT,SENTINEL V6 MULTI-WINDOW SCAN >>>
2026-09-05,02:46:32 GMT,V6.2 DIAG | 6 0 5 -0.09999999999999998 0 0.10000000000000003 0 0.4 -0.15000000000000002 -0.15 5 3 2 0 0 0 0 1
2026-09-05,02:46:32 GMT,V6.2 BLOCK - final pressure/veto/active/timing gate failed or signal already used
2026-09-05,02:46:32 GMT,SENTINEL V6 MULTI-WINDOW SCAN >>>
2026-09-05,02:46:32 GMT,V6.2 DIAG | 8 0 4 -0.09999999999999998 -0.05714285714285714 0.10000000000000003 0.13333333333333336 0.4 0.65 -0.15 5 3 2 1 0 0 0 1
2026-09-05,02:46:32 GMT,V6.2 BLOCK - final pressure/veto/active/timing gate failed or signal already used
2026-09-05,02:46:32 GMT,SENTINEL V6 MULTI-WINDOW SCAN >>>
2026-09-05,02:46:32 GMT,V6.2 DIAG | 6 0 4 0 -0.028571428571428567 0 0.06666666666666667 0.4 0.15000000000000002 -0.15 5 3 2 1 0 0 0 1
2026-09-05,02:46:31 GMT,V6.2 BLOCK - final pressure/veto/active/timing gate failed or signal already used
2026-09-05,02:46:31 GMT,SENTINEL V6 MULTI-WINDOW SCAN >>>
2026-09-05,02:46:31 GMT,V6.2 DIAG | 7 0 4 -0.15000000000000002 0 0.15000000000000002 0 0.4 0.15000000000000002 -0.4 5 3 2 1 0 0 0 1
2026-09-05,02:46:31 GMT,V6.2 BLOCK - final pressure/veto/active/timing gate failed or signal already used
2026-09-05,02:46:31 GMT,SENTINEL V6 MULTI-WINDOW SCAN >>>
2026-09-05,02:46:31 GMT,V6.2 DIAG | 5 0 8 -0.050000000000000044 0.028571428571428567 0.04999999999999999 -0.06666666666666667 -0.1 0.15000000000000002 -0.4 6 2 2 1 0 0 0 1
2026-09-05,02:46:31 GMT,V6.2 BLOCK - final pressure/veto/active/timing gate failed or signal already used
2026-09-05,02:46:31 GMT,SENTINEL V6 MULTI-WINDOW SCAN >>>
2026-09-05,02:46:31 GMT,V6.2 DIAG | 8 0 5 -0.050000000000000044 -0.028571428571428567 0.04999999999999999 0.06666666666666667 -0.1 0.9500000000000001 -0.4 5 3 2 1 0 0 0 1
2026-09-05,02:46:31 GMT,V6.2 BLOCK - final pressure/veto/active/timing gate failed or signal already used
2026-09-05,02:46:31 GMT,SENTINEL V6 MULTI-WINDOW SCAN >>>
2026-09-05,02:46:31 GMT,V6.2 DIAG | 1 0 8 0.050000000000000044 0 -0.04999999999999999 0 -0.1 0.45 -0.4 6 2 1 1 0 0 0 1
2026-09-05,02:46:31 GMT,V6.2 BLOCK - final pressure/veto/active/timing gate failed or signal already used
2026-09-05,02:46:31 GMT,SENTINEL V6 MULTI-WINDOW SCAN >>>
2026-09-05,02:46:31 GMT,V6.2 DIAG | 3 0 8 0.050000000000000044 0 -0.04999999999999999 0 -0.1 0.45 -0.4 6 2 1 1 0 0 0 1
2026-09-05,02:46:22 GMT,V6.2 BLOCK - final pressure/veto/active/timing gate failed or signal already used
2026-09-05,02:46:22 GMT,SENTINEL V6 MULTI-WINDOW SCAN >>>
2026-09-05,02:46:22 GMT,V6.2 DIAG | 5 0 5 -0.10000000000000009 -0.028571428571428567 0.09999999999999998 0.06666666666666667 -0.35000000000000003 0.45 0.4 6 2 1 1 0 0 0 1
2026-09-05,02:46:22 GMT,V6.2 BLOCK - final pressure/veto/active/timing gate failed or signal already used
2026-09-05,02:46:22 GMT,SENTINEL V6 MULTI-WINDOW SCAN >>>
2026-09-05,02:46:22 GMT,V6.2 DIAG | 8 0 5 -0.050000000000000044 -0.028571428571428567 0.04999999999999999 0.06666666666666667 -0.4 0.45 0.4 6 2 1 1 0 0 0 1
2026-09-05,02:46:21 GMT,V6.2 BLOCK - final pressure/veto/active/timing gate failed or signal already used
2026-09-05,02:46:21 GMT,SENTINEL V6 MULTI-WINDOW SCAN >>>
2026-09-05,02:46:21 GMT,V6.2 DIAG | 4 0 8 0.050000000000000044 0 -0.04999999999999999 0 -0.4 -0.05 0.4 6 2 0 1 0 0 0 1
2026-09-05,02:46:21 GMT,V6.2 BLOCK - final pressure/veto/active/timing gate failed or signal already used
2026-09-05,02:46:21 GMT,SENTINEL V6 MULTI-WINDOW SCAN >>>
2026-09-05,02:46:21 GMT,V6.2 DIAG | 1 1 9 -0.10000000000000009 0.028571428571428567 0.09999999999999998 -0.06666666666666667 -0.4 -0.30000000000000004 0.4 6 2 0 1 0 0 0 1
2026-09-05,02:46:21 GMT,V6.2 BLOCK - final pressure/veto/active/timing gate failed or signal already used
2026-09-05,02:46:21 GMT,SENTINEL V6 MULTI-WINDOW SCAN >>>
2026-09-05,02:46:21 GMT,V6.2 DIAG | 9 1 9 -0.25 0.05714285714285714 0.25 -0.13333333333333336 -0.4 -0.30000000000000004 0.15000000000000002 6 2 0 1 0 0 0 1
2026-09-05,02:46:21 GMT,V6.2 BLOCK - final pressure/veto/active/timing gate failed or signal already used
2026-09-05,02:46:21 GMT,SENTINEL V6 MULTI-WINDOW SCAN >>>
2026-09-05,02:46:21 GMT,V6.2 DIAG | 4 1 9 -0.10000000000000009 0.028571428571428567 0.09999999999999998 -0.06666666666666667 0.4 -0.30000000000000004 -0.4 6 2 1 0 0 0 0 1
2026-09-05,02:46:20 GMT,V6.2 BLOCK - final pressure/veto/active/timing gate failed or signal already used
2026-09-05,02:46:20 GMT,SENTINEL V6 MULTI-WINDOW SCAN >>>
2026-09-05,02:46:20 GMT,V6.2 DIAG | 1 1 9 -0.10000000000000009 0.028571428571428567 0.09999999999999998 -0.06666666666666667 0.4 -0.30000000000000004 -0.4 5 3 1 1 0 0 0 1
2026-09-05,02:46:20 GMT,V6.2 BLOCK - final pressure/veto/active/timing gate failed or signal already used
2026-09-05,02:46:20 GMT,SENTINEL V6 MULTI-WINDOW SCAN >>>
2026-09-05,02:46:20 GMT,V6.2 DIAG | 0 1 9 -0.25 0.05714285714285714 0.25 -0.13333333333333336 0.15000000000000002 -0.30000000000000004 -0.4 5 3 1 0 0 0 0 1
2026-09-05,02:46:20 GMT,V6.2 BLOCK - final pressure/veto/active/timing gate failed or signal already used
2026-09-05,02:46:20 GMT,SENTINEL V6 MULTI-WINDOW SCAN >>>
2026-09-05,02:46:20 GMT,V6.2 DIAG | 3 0 8 -0.4 0.028571428571428574 0.4 -0.06666666666666668 0.15000000000000002 0.5 -0.65 5 3 1 1 0 0 0 1
2026-09-05,02:46:19 GMT,V6.2 BLOCK - final pressure/veto/active/timing gate failed or signal already used
2026-09-05,02:46:19 GMT,SENTINEL V6 MULTI-WINDOW SCAN >>>
2026-09-05,02:46:19 GMT,V6.2 DIAG | 7 0 2 -0.35 -0.028571428571428574 0.35 0.06666666666666668 0.15000000000000002 0.5 0.1 4 4 1 1 0 0 0 1
2026-09-05,02:46:19 GMT,V6.2 BLOCK - final pressure/veto/active/timing gate failed or signal already used
2026-09-05,02:46:19 GMT,SENTINEL V6 MULTI-WINDOW SCAN >>>
2026-09-05,02:46:19 GMT,V6.2 DIAG | 3 0 3 -0.25 0 0.25 0 -0.35000000000000003 0.5 0.1 4 4 1 1 0 0 0 1
2026-09-05,02:46:19 GMT,V6.2 BLOCK - final pressure/veto/active/timing gate failed or signal already used
2026-09-05,02:46:19 GMT,SENTINEL V6 MULTI-WINDOW SCAN >>>
2026-09-05,02:46:19 GMT,V6.2 DIAG | 3 0 3 -0.25 0 0.25 0 -0.35000000000000003 0.5 0.1 4 4 1 1 0 0 0 1
2026-09-05,02:46:14 GMT,V6.2 BLOCK - final pressure/veto/active/timing gate failed or signal already used
2026-09-05,02:46:14 GMT,SENTINEL V6 MULTI-WINDOW SCAN >>>
2026-09-05,02:46:14 GMT,V6.2 DIAG | 8 0 2 -0.25 -0.05714285714285714 0.25 0.13333333333333336 0.45 0.5 0.1 4 4 1 1 0 0 0 1
2026-09-05,02:46:14 GMT,V6.2 BLOCK - final pressure/veto/active/timing gate failed or signal already used
2026-09-05,02:46:14 GMT,SENTINEL V6 MULTI-WINDOW SCAN >>>
2026-09-05,02:46:14 GMT,V6.2 DIAG | 9 0 5 -0.15000000000000002 -0.08571428571428572 0.15 0.2 0.45 0 0.9 5 3 0 1 0 0 0 1
2026-09-05,02:46:13 GMT,V6.2 BLOCK - final pressure/veto/active/timing gate failed or signal already used
2026-09-05,02:46:13 GMT,SENTINEL V6 MULTI-WINDOW SCAN >>>
2026-09-05,02:46:13 GMT,V6.2 DIAG | 5 0 5 -0.04999999999999993 -0.057142857142857134 0.05000000000000002 0.13333333333333333 0.45 0 0.4 6 2 0 1 0 0 0 1
2026-09-05,02:46:13 GMT,V6.2 BLOCK - final pressure/veto/active/timing gate failed or signal already used
2026-09-05,02:46:13 GMT,SENTINEL V6 MULTI-WINDOW SCAN >>>
2026-09-05,02:46:13 GMT,V6.2 DIAG | 6 0 5 0 -0.057142857142857134 0 0.13333333333333333 0.45 0 0.35000000000000003 6 2 0 0 0 0 0 1
2026-09-05,02:46:12 GMT,Profit amount: 1.21
2026-09-05,02:46:12 GMT,V6.2 DIAG | 7 0 7 0.050000000000000044 -0.057142857142857134 -0.04999999999999999 0.13333333333333333 0.45 -0.05 0.35000000000000003 6 2 0 1 0 0 0 1
2026-09-05,02:46:12 GMT,V6.2 DIAG | 9 0 8 0.15000000000000002 -0.028571428571428567 -0.15 0.06666666666666667 -0.05 -0.05 0.35000000000000003 7 1 0 1 0 0 0 1
2026-09-05,02:46:11 GMT,V6.2 DIAG | 4 1 9 0.25 0 -0.25 0 -0.05 -0.05 -0.15 8 0 0 0 0 0 0 1
2026-09-05,02:46:11 GMT,V6.2 DIAG | 4 1 9 0.25 0 -0.25 0 -0.05 -0.05 -0.15 8 0 0 0 0 0 0 1
2026-09-05,02:46:11 GMT,Bought: (ID: 22523220759)
2026-09-05,02:46:01 GMT,SENTINEL V6 MULTI-WINDOW SCAN >>>
2026-09-05,02:46:01 GMT,V6.2 DIAG | 6 1 12 0.15000000000000002 0.028571428571428567 -0.15 -0.06666666666666667 -0.35000000000000003 -0.05 -0.15 7 1 0 0 1 1 0 1
2026-09-05,02:46:01 GMT,V6.2 BLOCK - final pressure/veto/active/timing gate failed or signal already used
2026-09-05,02:46:01 GMT,SENTINEL V6 MULTI-WINDOW SCAN >>>
2026-09-05,02:46:01 GMT,V6.2 DIAG | 0 1 12 0.15000000000000002 0.028571428571428567 -0.15 -0.06666666666666667 -0.35000000000000003 -0.05 -0.15 7 1 0 0 0 0 0 1
2026-09-05,02:46:01 GMT,V6.2 BLOCK - final pressure/veto/active/timing gate failed or signal already used
2026-09-05,02:46:01 GMT,SENTINEL V6 MULTI-WINDOW SCAN >>>
2026-09-05,02:46:01 GMT,V6.2 DIAG | 3 1 10 0 0.057142857142857134 0 -0.13333333333333333 -0.35000000000000003 -0.05 -0.4 7 1 0 0 0 0 0 1
2026-09-05,02:46:01 GMT,V6.2 BLOCK - final pressure/veto/active/timing gate failed or signal already used
2026-09-05,02:46:01 GMT,SENTINEL V6 MULTI-WINDOW SCAN >>>
2026-09-05,02:46:01 GMT,V6.2 DIAG | 6 0 6 0 0 0 0 0.45 -0.05 -0.4 7 1 0 0 0 0 0 1
2026-09-05,02:46:00 GMT,V6.2 BLOCK - final pressure/veto/active/timing gate failed or signal already used
2026-09-05,02:46:00 GMT,SENTINEL V6 MULTI-WINDOW SCAN >>>
2026-09-05,02:46:00 GMT,V6.2 DIAG | 1 0 6 0 0 0 0 0.45 -0.05 -0.4 6 2 0 0 0 0 0 1
2026-09-05,02:46:00 GMT,V6.2 BLOCK - final pressure/veto/active/timing gate failed or signal already used
2026-09-05,02:46:00 GMT,SENTINEL V6 MULTI-WINDOW SCAN >>>
2026-09-05,02:46:00 GMT,V6.2 DIAG | 4 0 6 0 0 0 0 0.45 -0.05 -0.4 6 2 0 1 0 0 0 1
2026-09-05,02:46:00 GMT,V6.2 BLOCK - final pressure/veto/active/timing gate failed or signal already used
2026-09-05,02:46:00 GMT,SENTINEL V6 MULTI-WINDOW SCAN >>>
2026-09-05,02:46:00 GMT,V6.2 DIAG | 3 1 9 -0.15000000000000002 0.028571428571428567 0.15 -0.06666666666666667 0.45 -0.05 -0.65 6 2 0 0 0 0 0 1
2026-09-05,02:46:00 GMT,V6.2 BLOCK - final pressure/veto/active/timing gate failed or signal already used
2026-09-05,02:46:00 GMT,SENTINEL V6 MULTI-WINDOW SCAN >>>
2026-09-05,02:46:00 GMT,V6.2 DIAG | 7 0 5 -0.15000000000000002 -0.028571428571428567 0.15 0.06666666666666667 0.45 -0.05 0.15000000000000002 6 2 0 1 0 0 0 1
2026-09-05,02:45:53 GMT,V6.2 BLOCK - final pressure/veto/active/timing gate failed or signal already used
2026-09-05,02:45:53 GMT,SENTINEL V6 MULTI-WINDOW SCAN >>>
2026-09-05,02:45:53 GMT,V6.2 DIAG | 0 0 6 -0.04999999999999993 0 0.05000000000000002 0 -0.05 -0.05 0.15000000000000002 6 2 0 0 0 0 0 1
2026-09-05,02:45:52 GMT,V6.2 BLOCK - final pressure/veto/active/timing gate failed or signal already used
2026-09-05,02:45:52 GMT,SENTINEL V6 MULTI-WINDOW SCAN >>>
2026-09-05,02:45:52 GMT,V6.2 DIAG | 1 0 6 -0.04999999999999993 0 0.05000000000000002 0 -0.05 -0.05 0.15000000000000002 6 2 0 1 0 0 0 1
2026-09-05,02:45:52 GMT,V6.2 BLOCK - final pressure/veto/active/timing gate failed or signal already used
2026-09-05,02:45:52 GMT,SENTINEL V6 MULTI-WINDOW SCAN >>>
2026-09-05,02:45:52 GMT,V6.2 DIAG | 0 0 6 0 0 0 0 -0.1 -0.05 0.15000000000000002 6 2 0 0 0 0 0 1
2026-09-05,02:45:52 GMT,V6.2 BLOCK - final pressure/veto/active/timing gate failed or signal already used
2026-09-05,02:45:52 GMT,SENTINEL V6 MULTI-WINDOW SCAN >>>
2026-09-05,02:45:52 GMT,V6.2 DIAG | 9 0 8 0.050000000000000044 -0.057142857142857134 -0.04999999999999999 0.13333333333333333 -0.1 -0.1 0.9500000000000001 6 2 0 1 0 0 0 1
2026-09-05,02:45:51 GMT,V6.2 BLOCK - final pressure/veto/active/timing gate failed or signal already used
2026-09-05,02:45:51 GMT,SENTINEL V6 MULTI-WINDOW SCAN >>>
2026-09-05,02:45:51 GMT,V6.2 DIAG | 3 0 6 0 0 0 0 -0.1 -0.1 0.2 7 1 0 1 0 0 0 1
2026-09-05,02:45:51 GMT,V6.2 BLOCK - final pressure/veto/active/timing gate failed or signal already used
2026-09-05,02:45:51 GMT,SENTINEL V6 MULTI-WINDOW SCAN >>>
2026-09-05,02:45:51 GMT,V6.2 DIAG | 6 1 9 -0.15000000000000002 0.028571428571428567 0.15 -0.06666666666666667 -0.1 -0.35000000000000003 0.2 7 1 0 0 0 0 0 1
2026-09-05,02:45:51 GMT,V6.2 BLOCK - final pressure/veto/active/timing gate failed or signal already used
2026-09-05,02:45:51 GMT,SENTINEL V6 MULTI-WINDOW SCAN >>>
2026-09-05,02:45:51 GMT,V6.2 DIAG | 1 1 9 -0.15000000000000002 0.028571428571428567 0.15 -0.06666666666666667 -0.1 -0.35000000000000003 0.2 6 2 0 0 0 0 0 1
2026-09-05,02:45:50 GMT,V6.2 BLOCK - final pressure/veto/active/timing gate failed or signal already used
2026-09-05,02:45:50 GMT,SENTINEL V6 MULTI-WINDOW SCAN >>>
2026-09-05,02:45:50 GMT,V6.2 DIAG | 9 1 9 -0.15000000000000002 0.028571428571428567 0.15 -0.06666666666666667 -0.1 -0.35000000000000003 0.2 5 3 1 1 0 0 0 1
2026-09-05,02:45:50 GMT,V6.2 BLOCK - final pressure/veto/active/timing gate failed or signal already used
2026-09-05,02:45:50 GMT,SENTINEL V6 MULTI-WINDOW SCAN >>>
2026-09-05,02:45:50 GMT,V6.2 DIAG | 1 1 10 -0.04999999999999993 0.057142857142857134 0.05000000000000002 -0.13333333333333333 -0.1 -0.35000000000000003 -0.30000000000000004 6 2 1 0 0 0 0 1
2026-09-05,02:45:50 GMT,V6.2 BLOCK - final pressure/veto/active/timing gate failed or signal already used
2026-09-05,02:45:50 GMT,SENTINEL V6 MULTI-WINDOW SCAN >>>
2026-09-05,02:45:50 GMT,V6.2 DIAG | 0 0 6 -0.04999999999999993 0 0.05000000000000002 0 -0.1 -0.35000000000000003 0.5 6 2 1 0 0 0 0 1
2026-09-05,02:45:49 GMT,Profit amount: 1.21
2026-09-05,02:45:49 GMT,V6.2 DIAG | 6 0 5 -0.04999999999999993 -0.057142857142857134 0.05000000000000002 0.13333333333333333 -0.1 0.45 0.5 6 2 1 1 0 0 0 1
2026-09-05,02:45:48 GMT,V6.2 DIAG | 0 0 5 -0.20000000000000007 -0.028571428571428567 0.19999999999999998 0.06666666666666667 -0.35000000000000003 0.45 0.5 6 2 1 1 0 0 0 1
2026-09-05,02:45:47 GMT,V6.2 DIAG | 5 0 5 -0.15000000000000002 -0.028571428571428567 0.15 0.06666666666666667 -0.4 0.45 0.5 6 2 1 1 0 0 0 1
2026-09-05,02:45:47 GMT,V6.2 DIAG | 9 0 5 -0.15000000000000002 -0.028571428571428567 0.15 0.06666666666666667 -0.4 0.45 0.5 5 3 1 1 0 0 0 1
2026-09-05,02:45:47 GMT,Bought: (ID: 22523174919)
2026-09-05,02:45:40 GMT,SENTINEL V6 MULTI-WINDOW SCAN >>>
2026-09-05,02:45:40 GMT,V6.2 DIAG | 0 1 12 0.09999999999999998 0.028571428571428567 -0.1 -0.06666666666666667 -0.4 -0.1 0 7 1 0 0 1 1 0 1
2026-09-05,02:45:40 GMT,V6.2 BLOCK - final pressure/veto/active/timing gate failed or signal already used
2026-09-05,02:45:40 GMT,SENTINEL V6 MULTI-WINDOW SCAN >>>
2026-09-05,02:45:40 GMT,V6.2 DIAG | 0 0 8 0.09999999999999998 -0.028571428571428567 -0.1 0.06666666666666667 0.4 -0.1 0 7 1 0 0 0 0 0 1
2026-09-05,02:45:39 GMT,V6.2 BLOCK - final pressure/veto/active/timing gate failed or signal already used
2026-09-05,02:45:39 GMT,SENTINEL V6 MULTI-WINDOW SCAN >>>
2026-09-05,02:45:39 GMT,V6.2 DIAG | 1 0 8 0.15000000000000002 -0.028571428571428567 -0.15 0.06666666666666667 0.4 -0.15 0 7 1 0 0 0 0 0 1
2026-09-05,02:45:39 GMT,V6.2 BLOCK - final pressure/veto/active/timing gate failed or signal already used
2026-09-05,02:45:39 GMT,SENTINEL V6 MULTI-WINDOW SCAN >>>
2026-09-05,02:45:39 GMT,V6.2 DIAG | 4 0 8 0.15000000000000002 -0.028571428571428567 -0.15 0.06666666666666667 0.4 -0.15 0 7 1 0 0 0 0 0 1
2026-09-05,02:45:39 GMT,V6.2 BLOCK - final pressure/veto/active/timing gate failed or signal already used
2026-09-05,02:45:39 GMT,SENTINEL V6 MULTI-WINDOW SCAN >>>
2026-09-05,02:45:39 GMT,V6.2 DIAG | 0 0 8 0.15000000000000002 -0.028571428571428567 -0.15 0.06666666666666667 0.4 -0.15 0 7 1 0 0 0 0 0 1
2026-09-05,02:45:38 GMT,V6.2 BLOCK - final pressure/veto/active/timing gate failed or signal already used
2026-09-05,02:45:38 GMT,SENTINEL V6 MULTI-WINDOW SCAN >>>
2026-09-05,02:45:38 GMT,V6.2 DIAG | 7 0 8 0.20000000000000007 -0.028571428571428567 -0.19999999999999998 0.06666666666666667 0.4 -0.15 -0.05 7 1 0 1 0 0 0 1
2026-09-05,02:45:38 GMT,Profit amount: 1.21
2026-09-05,02:45:38 GMT,V6.2 DIAG | 3 1 9 0.30000000000000004 0 -0.3 0 -0.1 -0.15 -0.05 8 0 0 0 0 0 0 1
2026-09-05,02:45:37 GMT,V6.2 DIAG | 3 1 12 0.20000000000000007 0.028571428571428567 -0.19999999999999998 -0.06666666666666667 -0.35000000000000003 -0.2 -0.05 8 0 0 0 0 0 0 1
2026-09-05,02:45:34 GMT,V6.2 DIAG | 2 1 12 0.050000000000000044 0.057142857142857134 -0.04999999999999999 -0.13333333333333333 -0.35000000000000003 -0.45 -0.05 8 0 0 0 1 1 0 1
2026-09-05,02:45:34 GMT,V6.2 DIAG | 1 1 12 0.050000000000000044 0.057142857142857134 -0.04999999999999999 -0.13333333333333333 -0.35000000000000003 -0.45 -0.05 7 1 0 0 1 1 0 1
2026-09-05,02:45:33 GMT,Bought: (ID: 22523157539)
2026-09-05,02:45:32 GMT,SENTINEL V6 MULTI-WINDOW SCAN >>>
2026-09-05,02:45:32 GMT,V6.2 DIAG | 2 1 12 0.050000000000000044 0.057142857142857134 -0.04999999999999999 -0.13333333333333333 -0.35000000000000003 -0.45 -0.05 6 2 1 0 1 1 0 1
2026-09-05,02:45:32 GMT,V6.2 BLOCK - final pressure/veto/active/timing gate failed or signal already used
2026-09-05,02:45:32 GMT,SENTINEL V6 MULTI-WINDOW SCAN >>>
2026-09-05,02:45:32 GMT,V6.2 DIAG | 2 0 8 0.10000000000000009 0 -0.09999999999999998 0 0.45 -0.5 -0.05 6 2 1 0 0 0 0 1
2026-09-05,02:45:31 GMT,Profit amount: 1.21
2026-09-05,02:45:31 GMT,V6.2 DIAG | 5 0 7 0.15000000000000002 -0.057142857142857134 -0.14999999999999997 0.13333333333333333 0.4 0.30000000000000004 -0.05 6 2 1 1 0 0 0 1
2026-09-05,02:45:30 GMT,V6.2 DIAG | 3 0 7 0.15000000000000002 -0.057142857142857134 -0.14999999999999997 0.13333333333333333 0.4 0.30000000000000004 -0.05 6 2 1 1 0 0 0 1
2026-09-05,02:45:29 GMT,V6.2 DIAG | 6 0 7 0.15000000000000002 -0.057142857142857134 -0.14999999999999997 0.13333333333333333 0.4 0.30000000000000004 -0.05 6 2 1 1 0 0 0 1
2026-09-05,02:45:29 GMT,V6.2 DIAG | 7 0 7 0.15000000000000002 -0.057142857142857134 -0.14999999999999997 0.13333333333333333 0.4 0.30000000000000004 -0.05 6 2 1 1 0 0 0 1
2026-09-05,02:45:29 GMT,Bought: (ID: 22523147199)
2026-09-05,02:45:21 GMT,SENTINEL V6 MULTI-WINDOW SCAN >>>
2026-09-05,02:45:21 GMT,V6.2 DIAG | 2 1 12 0.15000000000000002 0.057142857142857134 -0.14999999999999997 -0.13333333333333333 -0.4 -0.5 -0.05 7 1 0 0 1 1 0 1
2026-09-05,02:45:21 GMT,V6.2 BLOCK - final pressure/veto/active/timing gate failed or signal already used
2026-09-05,02:45:21 GMT,SENTINEL V6 MULTI-WINDOW SCAN >>>
2026-09-05,02:45:21 GMT,V6.2 DIAG | 3 1 9 0 0.028571428571428567 0 -0.06666666666666667 0.4 -0.75 -0.05 6 2 1 0 0 0 0 1
2026-09-05,02:45:21 GMT,V6.2 BLOCK - final pressure/veto/active/timing gate failed or signal already used
2026-09-05,02:45:21 GMT,SENTINEL V6 MULTI-WINDOW SCAN >>>
2026-09-05,02:45:21 GMT,V6.2 DIAG | 6 1 9 0 0.028571428571428567 0 -0.06666666666666667 0.4 -0.75 -0.05 6 2 1 0 0 0 0 1
2026-09-05,02:45:21 GMT,V6.2 BLOCK - final pressure/veto/active/timing gate failed or signal already used
2026-09-05,02:45:21 GMT,SENTINEL V6 MULTI-WINDOW SCAN >>>
2026-09-05,02:45:21 GMT,V6.2 DIAG | 1 0 8 0 0.028571428571428567 0 -0.06666666666666667 0.4 -0.75 -0.05 5 3 2 0 0 0 0 1
2026-09-05,02:45:12 GMT,V6.2 BLOCK - final pressure/veto/active/timing gate failed or signal already used
2026-09-05,02:45:12 GMT,SENTINEL V6 MULTI-WINDOW SCAN >>>
2026-09-05,02:45:12 GMT,V6.2 DIAG | 2 0 4 -0.09999999999999998 0 0.10000000000000003 0 0.35000000000000003 0.05000000000000002 -0.30000000000000004 5 3 2 0 0 0 0 1
2026-09-05,02:45:11 GMT,V6.2 BLOCK - final pressure/veto/active/timing gate failed or signal already used
2026-09-05,02:45:11 GMT,SENTINEL V6 MULTI-WINDOW SCAN >>>
2026-09-05,02:45:11 GMT,V6.2 DIAG | 7 0 4 -0.09999999999999998 0 0.10000000000000003 0 0.35000000000000003 0.05000000000000002 -0.30000000000000004 5 3 2 0 0 0 0 1
2026-09-05,02:45:11 GMT,V6.2 BLOCK - final pressure/veto/active/timing gate failed or signal already used
2026-09-05,02:45:11 GMT,SENTINEL V6 MULTI-WINDOW SCAN >>>
2026-09-05,02:45:11 GMT,V6.2 DIAG | 3 0 5 -0.15000000000000002 0 0.15000000000000002 0 -0.15 0.6 -0.30000000000000004 5 3 2 1 0 0 0 1
2026-09-05,02:45:11 GMT,V6.2 BLOCK - final pressure/veto/active/timing gate failed or signal already used
2026-09-05,02:45:11 GMT,SENTINEL V6 MULTI-WINDOW SCAN >>>
2026-09-05,02:45:11 GMT,V6.2 DIAG | 0 0 5 -0.15000000000000002 0 0.15000000000000002 0 -0.15 0.6 -0.30000000000000004 5 3 2 1 0 0 0 1
2026-09-05,02:45:11 GMT,V6.2 BLOCK - final pressure/veto/active/timing gate failed or signal already used
2026-09-05,02:45:11 GMT,SENTINEL V6 MULTI-WINDOW SCAN >>>
2026-09-05,02:45:11 GMT,V6.2 DIAG | 8 0 3 -0.15000000000000002 0 0.15000000000000002 0 -0.15 0.6 -0.30000000000000004 4 4 3 1 0 0 0 1
2026-09-05,02:45:11 GMT,V6.2 BLOCK - final pressure/veto/active/timing gate failed or signal already used
2026-09-05,02:45:11 GMT,SENTINEL V6 MULTI-WINDOW SCAN >>>
2026-09-05,02:45:11 GMT,V6.2 DIAG | 1 0 4 -0.050000000000000044 -0.028571428571428567 0.04999999999999999 0.06666666666666667 -0.15 0.1 0.5 5 3 2 0 0 0 0 1
2026-09-05,02:45:10 GMT,V6.2 BLOCK - final pressure/veto/active/timing gate failed or signal already used
2026-09-05,02:45:10 GMT,SENTINEL V6 MULTI-WINDOW SCAN >>>
2026-09-05,02:45:10 GMT,V6.2 DIAG | 8 0 4 -0.050000000000000044 -0.028571428571428567 0.04999999999999999 0.06666666666666667 -0.15 0.1 0.5 5 3 2 0 0 0 0 1
2026-09-05,02:45:10 GMT,V6.2 BLOCK - final pressure/veto/active/timing gate failed or signal already used
2026-09-05,02:45:10 GMT,SENTINEL V6 MULTI-WINDOW SCAN >>>
2026-09-05,02:45:10 GMT,V6.2 DIAG | 2 0 5 -0.10000000000000009 -0.028571428571428567 0.09999999999999998 0.06666666666666667 -0.15 0.15000000000000002 0.5 6 2 1 1 0 0 0 1
2026-09-05,02:45:10 GMT,V6.2 BLOCK - final pressure/veto/active/timing gate failed or signal already used
2026-09-05,02:45:10 GMT,SENTINEL V6 MULTI-WINDOW SCAN >>>
2026-09-05,02:45:10 GMT,V6.2 DIAG | 1 0 5 -0.25 0 0.25 0 -0.4 0.15000000000000002 0.5 6 2 1 1 0 0 0 1
2026-09-05,02:45:10 GMT,V6.2 BLOCK - final pressure/veto/active/timing gate failed or signal already used
2026-09-05,02:45:10 GMT,SENTINEL V6 MULTI-WINDOW SCAN >>>
2026-09-05,02:45:10 GMT,V6.2 DIAG | 9 0 4 -0.25 0 0.25 0 -0.4 0.15000000000000002 0.5 5 3 2 1 0 0 0 1
2026-09-05,02:45:03 GMT,V6.2 BLOCK - final pressure/veto/active/timing gate failed or signal already used
2026-09-05,02:45:03 GMT,SENTINEL V6 MULTI-WINDOW SCAN >>>
2026-09-05,02:45:03 GMT,V6.2 DIAG | 0 0 8 -0.15000000000000002 0.028571428571428567 0.15 -0.06666666666666667 -0.4 0.15000000000000002 0 5 3 2 1 0 0 0 1
2026-09-05,02:45:03 GMT,V6.2 BLOCK - final pressure/veto/active/timing gate failed or signal already used
2026-09-05,02:45:03 GMT,SENTINEL V6 MULTI-WINDOW SCAN >>>
2026-09-05,02:45:03 GMT,V6.2 DIAG | 8 0 8 -0.10000000000000009 0.028571428571428567 0.09999999999999998 -0.06666666666666667 -0.4 0.1 0 5 3 2 1 0 0 0 1
2026-09-05,02:45:03 GMT,V6.2 BLOCK - final pressure/veto/active/timing gate failed or signal already used
2026-09-05,02:45:03 GMT,SENTINEL V6 MULTI-WINDOW SCAN >>>
2026-09-05,02:45:03 GMT,V6.2 DIAG | 4 0 6 0 0 0 0 -0.4 0.4 0 6 2 1 1 0 0 0 1
2026-09-05,02:45:03 GMT,V6.2 BLOCK - final pressure/veto/active/timing gate failed or signal already used
2026-09-05,02:45:03 GMT,SENTINEL V6 MULTI-WINDOW SCAN >>>
2026-09-05,02:45:03 GMT,V6.2 DIAG | 0 0 5 0 -0.057142857142857134 0 0.13333333333333333 0.4 0.4 0 6 2 1 1 0 0 0 1
2026-09-05,02:45:02 GMT,V6.2 BLOCK - final pressure/veto/active/timing gate failed or signal already used
2026-09-05,02:45:02 GMT,SENTINEL V6 MULTI-WINDOW SCAN >>>
2026-09-05,02:45:02 GMT,V6.2 DIAG | 5 0 5 -0.15000000000000002 -0.028571428571428567 0.15 0.06666666666666667 0.15000000000000002 0.4 0 6 2 1 1 0 0 0 1
2026-09-05,02:45:02 GMT,V6.2 BLOCK - final pressure/veto/active/timing gate failed or signal already used
2026-09-05,02:45:02 GMT,SENTINEL V6 MULTI-WINDOW SCAN >>>
2026-09-05,02:45:02 GMT,V6.2 DIAG | 4 0 5 -0.30000000000000004 0 0.30000000000000004 0 0.15000000000000002 0.15000000000000002 0 6 2 1 1 0 0 0 1
2026-09-05,02:45:02 GMT,V6.2 BLOCK - final pressure/veto/active/timing gate failed or signal already used
2026-09-05,02:45:02 GMT,SENTINEL V6 MULTI-WINDOW SCAN >>>
2026-09-05,02:45:02 GMT,V6.2 DIAG | 8 0 5 -0.25 0 0.25 0 0.1 0.15000000000000002 0 5 3 1 1 0 0 0 1
2026-09-05,02:45:01 GMT,V6.2 BLOCK - final pressure/veto/active/timing gate failed or signal already used
2026-09-05,02:45:01 GMT,SENTINEL V6 MULTI-WINDOW SCAN >>>
2026-09-05,02:45:01 GMT,V6.2 DIAG | 7 1 9 -0.15000000000000002 0.028571428571428567 0.15 -0.06666666666666667 0.1 -0.35000000000000003 0 5 3 1 1 0 0 0 1
2026-09-05,02:45:01 GMT,V6.2 BLOCK - final pressure/veto/active/timing gate failed or signal already used
2026-09-05,02:45:01 GMT,SENTINEL V6 MULTI-WINDOW SCAN >>>
2026-09-05,02:45:01 GMT,V6.2 DIAG | 5 1 10 -0.04999999999999993 0.057142857142857134 0.05000000000000002 -0.13333333333333333 -0.4 -0.35000000000000003 0 6 2 1 0 0 0 0 1
2026-09-05,02:45:00 GMT,V6.2 BLOCK - final pressure/veto/active/timing gate failed or signal already used
2026-09-05,02:45:00 GMT,SENTINEL V6 MULTI-WINDOW SCAN >>>
2026-09-05,02:45:00 GMT,V6.2 DIAG | 5 0 6 -0.04999999999999993 0 0.05000000000000002 0 0.4 -0.35000000000000003 0 6 2 1 0 0 0 0 1
2026-09-05,02:45:00 GMT,Profit amount: 3.58
2026-09-05,02:45:00 GMT,V6.2 DIAG | 1 0 5 -0.20000000000000007 -0.028571428571428567 0.19999999999999998 0.06666666666666667 0.15000000000000002 0.45 0 6 2 1 1 0 0 2 0
2026-09-05,02:44:59 GMT,V6.2 DIAG | 2 0 5 -0.20000000000000007 -0.028571428571428567 0.19999999999999998 0.06666666666666667 0.15000000000000002 0.45 0 6 2 1 1 0 0 2 0
2026-09-05,02:44:58 GMT,Bought: (ID: 22523096899)
2026-09-05,02:44:38 GMT,SENTINEL V6 MULTI-WINDOW SCAN >>>
2026-09-05,02:44:38 GMT,V6.2 DIAG | 4 1 12 0.20000000000000007 0.028571428571428567 -0.19999999999999998 -0.06666666666666667 -0.15 -0.4 -0.05 7 1 1 0 1 1 2 1
2026-09-05,02:44:37 GMT,V6.2 BLOCK - final pressure/veto/active/timing gate failed or signal already used
2026-09-05,02:44:37 GMT,SENTINEL V6 MULTI-WINDOW SCAN >>>
2026-09-05,02:44:37 GMT,V6.2 DIAG | 0 0 12 0.20000000000000007 0.028571428571428567 -0.19999999999999998 -0.06666666666666667 -0.15 -0.4 -0.05 7 1 1 0 1 0 2 1
2026-09-05,02:44:37 GMT,V6.2 BLOCK - final pressure/veto/active/timing gate failed or signal already used
2026-09-05,02:44:37 GMT,SENTINEL V6 MULTI-WINDOW SCAN >>>
2026-09-05,02:44:37 GMT,V6.2 DIAG | 1 0 12 0.20000000000000007 0.028571428571428567 -0.19999999999999998 -0.06666666666666667 -0.15 -0.4 -0.05 7 1 1 0 1 0 2 0
2026-09-05,02:44:37 GMT,V6.2 BLOCK - final pressure/veto/active/timing gate failed or signal already used
2026-09-05,02:44:37 GMT,SENTINEL V6 MULTI-WINDOW SCAN >>>
2026-09-05,02:44:37 GMT,V6.2 DIAG | 1 0 8 0.10000000000000009 0 -0.09999999999999998 0 -0.4 0.35000000000000003 -0.05 7 1 1 1 0 0 2 0
2026-09-05,02:44:37 GMT,V6.2 BLOCK - final pressure/veto/active/timing gate failed or signal already used
2026-09-05,02:44:37 GMT,SENTINEL V6 MULTI-WINDOW SCAN >>>
2026-09-05,02:44:37 GMT,V6.2 DIAG | 4 0 8 0.10000000000000009 0 -0.09999999999999998 0 -0.4 0.35000000000000003 -0.05 7 1 1 1 0 0 2 0
2026-09-05,02:44:37 GMT,V6.2 BLOCK - final pressure/veto/active/timing gate failed or signal already used
2026-09-05,02:44:37 GMT,SENTINEL V6 MULTI-WINDOW SCAN >>>
2026-09-05,02:44:37 GMT,V6.2 DIAG | 2 0 8 0.10000000000000009 0 -0.09999999999999998 0 -0.4 0.35000000000000003 -0.05 6 2 1 1 0 0 2 0
2026-09-05,02:44:37 GMT,V6.2 BLOCK - final pressure/veto/active/timing gate failed or signal already used
2026-09-05,02:44:37 GMT,SENTINEL V6 MULTI-WINDOW SCAN >>>
2026-09-05,02:44:37 GMT,V6.2 DIAG | 6 0 8 0.10000000000000009 0 -0.09999999999999998 0 -0.4 0.35000000000000003 -0.05 6 2 1 1 0 0 2 0
2026-09-05,02:44:37 GMT,V6.2 BLOCK - final pressure/veto/active/timing gate failed or signal already used
2026-09-05,02:44:37 GMT,SENTINEL V6 MULTI-WINDOW SCAN >>>
2026-09-05,02:44:37 GMT,V6.2 DIAG | 8 0 8 0.10000000000000009 0 -0.09999999999999998 0 -0.4 0.35000000000000003 -0.05 6 2 1 1 0 0 2 0
2026-09-05,02:44:37 GMT,V6.2 BLOCK - final pressure/veto/active/timing gate failed or signal already used
2026-09-05,02:44:37 GMT,SENTINEL V6 MULTI-WINDOW SCAN >>>
2026-09-05,02:44:37 GMT,V6.2 DIAG | 3 0 8 0.20000000000000007 -0.028571428571428567 -0.19999999999999998 0.06666666666666667 0.4 -0.15 -0.05 7 1 0 0 0 0 2 0
2026-09-05,02:44:37 GMT,V6.2 BLOCK - final pressure/veto/active/timing gate failed or signal already used
2026-09-05,02:44:37 GMT,SENTINEL V6 MULTI-WINDOW SCAN >>>
2026-09-05,02:44:37 GMT,V6.2 DIAG | 0 0 8 0.10000000000000009 0 -0.09999999999999998 0 0.4 -0.4 -0.1 7 1 0 0 0 0 2 1
2026-09-05,02:44:37 GMT,V6.2 BLOCK - final pressure/veto/active/timing gate failed or signal already used
2026-09-05,02:44:37 GMT,SENTINEL V6 MULTI-WINDOW SCAN >>>
2026-09-05,02:44:37 GMT,V6.2 DIAG | 6 0 8 0.10000000000000009 0 -0.09999999999999998 0 0.4 -0.4 -0.1 7 1 0 0 0 0 2 1
2026-09-05,02:44:25 GMT,V6.2 BLOCK - final pressure/veto/active/timing gate failed or signal already used
2026-09-05,02:44:25 GMT,SENTINEL V6 MULTI-WINDOW SCAN >>>
2026-09-05,02:44:25 GMT,V6.2 DIAG | 3 0 8 0.10000000000000009 0 -0.09999999999999998 0 0.4 -0.4 -0.1 6 2 1 0 0 0 2 0
2026-09-05,02:44:25 GMT,V6.2 BLOCK - final pressure/veto/active/timing gate failed or signal already used
2026-09-05,02:44:25 GMT,SENTINEL V6 MULTI-WINDOW SCAN >>>
2026-09-05,02:44:25 GMT,V6.2 DIAG | 7 0 9 0 0.028571428571428567 0 -0.06666666666666667 0.4 -0.4 -0.4 6 2 1 1 0 0 2 0
2026-09-05,02:44:25 GMT,V6.2 BLOCK - final pressure/veto/active/timing gate failed or signal already used
2026-09-05,02:44:25 GMT,SENTINEL V6 MULTI-WINDOW SCAN >>>
2026-09-05,02:44:25 GMT,V6.2 DIAG | 2 0 10 -0.050000000000000044 0.08571428571428572 0.04999999999999999 -0.2 -0.35000000000000003 -0.4 -0.4 7 1 1 1 0 0 2 0
2026-09-05,02:44:25 GMT,V6.2 BLOCK - final pressure/veto/active/timing gate failed or signal already used
2026-09-05,02:44:25 GMT,SENTINEL V6 MULTI-WINDOW SCAN >>>
2026-09-05,02:44:25 GMT,V6.2 DIAG | 0 0 9 0 0.028571428571428567 0 -0.06666666666666667 -0.35000000000000003 0.4 -0.45 6 2 1 1 0 0 2 0
2026-09-05,02:44:24 GMT,V6.2 BLOCK - final pressure/veto/active/timing gate failed or signal already used
2026-09-05,02:44:24 GMT,SENTINEL V6 MULTI-WINDOW SCAN >>>
2026-09-05,02:44:24 GMT,V6.2 DIAG | 5 0 10 0.04999999999999993 0.028571428571428567 -0.04999999999999999 -0.06666666666666667 -0.4 0.4 -0.45 5 3 1 1 0 0 2 0
2026-09-05,02:44:24 GMT,V6.2 BLOCK - final pressure/veto/active/timing gate failed or signal already used
2026-09-05,02:44:24 GMT,SENTINEL V6 MULTI-WINDOW SCAN >>>
2026-09-05,02:44:24 GMT,V6.2 DIAG | 1 0 9 -0.09999999999999998 0.05714285714285714 0.10000000000000003 -0.13333333333333336 -0.65 0.4 -0.45 5 3 1 1 0 0 2 0
2026-09-05,02:44:24 GMT,V6.2 BLOCK - final pressure/veto/active/timing gate failed or signal already used
2026-09-05,02:44:24 GMT,SENTINEL V6 MULTI-WINDOW SCAN >>>
2026-09-05,02:44:24 GMT,V6.2 DIAG | 6 0 5 -0.050000000000000044 0 0.050000000000000044 0 -0.7000000000000001 0.4 0.35000000000000003 5 3 1 1 0 0 2 0
2026-09-05,02:44:24 GMT,V6.2 BLOCK - final pressure/veto/active/timing gate failed or signal already used
2026-09-05,02:44:24 GMT,SENTINEL V6 MULTI-WINDOW SCAN >>>
2026-09-05,02:44:24 GMT,V6.2 DIAG | 8 0 2 0 -0.05714285714285714 0 0.13333333333333336 0.1 0.4 0.30000000000000004 4 4 1 1 0 0 2 0
2026-09-05,02:44:24 GMT,V6.2 BLOCK - final pressure/veto/active/timing gate failed or signal already used
2026-09-05,02:44:24 GMT,SENTINEL V6 MULTI-WINDOW SCAN >>>
2026-09-05,02:44:24 GMT,V6.2 DIAG | 0 0 7 0.09999999999999998 -0.028571428571428567 -0.10000000000000003 0.06666666666666667 0.1 -0.1 0.30000000000000004 5 3 0 0 0 0 2 0
2026-09-05,02:44:24 GMT,V6.2 BLOCK - final pressure/veto/active/timing gate failed or signal already used
2026-09-05,02:44:24 GMT,SENTINEL V6 MULTI-WINDOW SCAN >>>
2026-09-05,02:44:24 GMT,V6.2 DIAG | 3 0 5 -0.050000000000000044 0 0.050000000000000044 0 0.1 -0.35000000000000003 0.30000000000000004 5 3 0 1 0 0 2 0
2026-09-05,02:44:24 GMT,V6.2 BLOCK - final pressure/veto/active/timing gate failed or signal already used
2026-09-05,02:44:24 GMT,SENTINEL V6 MULTI-WINDOW SCAN >>>
2026-09-05,02:44:24 GMT,V6.2 DIAG | 9 0 5 -0.050000000000000044 -0.05714285714285714 0.050000000000000044 0.13333333333333336 0.9 -0.35000000000000003 0.30000000000000004 5 3 0 1 0 0 2 0
2026-09-05,02:44:24 GMT,V6.2 BLOCK - final pressure/veto/active/timing gate failed or signal already used
2026-09-05,02:44:24 GMT,SENTINEL V6 MULTI-WINDOW SCAN >>>
2026-09-05,02:44:24 GMT,V6.2 DIAG | 7 0 7 0.04999999999999993 -0.028571428571428567 -0.04999999999999999 0.06666666666666667 0.9 -0.35000000000000003 -0.2 5 3 1 1 0 0 2 0
2026-09-05,02:44:14 GMT,V6.2 BLOCK - final pressure/veto/active/timing gate failed or signal already used
2026-09-05,02:44:14 GMT,SENTINEL V6 MULTI-WINDOW SCAN >>>
2026-09-05,02:44:14 GMT,V6.2 DIAG | 5 0 10 0.04999999999999993 0.028571428571428567 -0.04999999999999999 -0.06666666666666667 0.35000000000000003 -0.6000000000000001 -0.2 6 2 1 1 0 0 2 0
2026-09-05,02:44:14 GMT,V6.2 BLOCK - final pressure/veto/active/timing gate failed or signal already used
2026-09-05,02:44:14 GMT,SENTINEL V6 MULTI-WINDOW SCAN >>>
2026-09-05,02:44:14 GMT,V6.2 DIAG | 6 0 11 0.09999999999999998 0.028571428571428567 -0.10000000000000003 -0.06666666666666667 0.30000000000000004 -0.6000000000000001 -0.2 6 2 1 0 1 0 2 0
2026-09-05,02:44:14 GMT,V6.2 BLOCK - final pressure/veto/active/timing gate failed or signal already used
2026-09-05,02:44:14 GMT,SENTINEL V6 MULTI-WINDOW SCAN >>>
2026-09-05,02:44:14 GMT,V6.2 DIAG | 7 0 6 0.09999999999999998 -0.028571428571428567 -0.10000000000000003 0.06666666666666667 0.30000000000000004 0.2 -0.2 5 3 2 1 0 0 2 0
2026-09-05,02:44:14 GMT,V6.2 BLOCK - final pressure/veto/active/timing gate failed or signal already used
2026-09-05,02:44:14 GMT,SENTINEL V6 MULTI-WINDOW SCAN >>>
2026-09-05,02:44:14 GMT,V6.2 DIAG | 3 0 7 0.20000000000000007 0 -0.2 0 -0.2 0.2 -0.2 6 2 2 1 0 0 2 0
2026-09-05,02:44:13 GMT,V6.2 BLOCK - final pressure/veto/active/timing gate failed or signal already used
2026-09-05,02:44:13 GMT,SENTINEL V6 MULTI-WINDOW SCAN >>>
2026-09-05,02:44:13 GMT,V6.2 DIAG | 3 0 7 0.20000000000000007 0 -0.2 0 -0.2 0.2 -0.2 6 2 2 1 0 0 2 0
2026-09-05,02:44:13 GMT,V6.2 BLOCK - final pressure/veto/active/timing gate failed or signal already used
2026-09-05,02:44:13 GMT,SENTINEL V6 MULTI-WINDOW SCAN >>>
2026-09-05,02:44:13 GMT,V6.2 DIAG | 0 0 7 0.20000000000000007 -0.057142857142857134 -0.2 0.13333333333333333 -0.2 1 -0.2 6 2 2 1 0 0 2 0
2026-09-05,02:44:13 GMT,V6.2 BLOCK - final pressure/veto/active/timing gate failed or signal already used
2026-09-05,02:44:13 GMT,SENTINEL V6 MULTI-WINDOW SCAN >>>
2026-09-05,02:44:13 GMT,V6.2 DIAG | 8 0 6 0.04999999999999993 -0.028571428571428567 -0.04999999999999999 0.06666666666666667 -0.2 1 -0.45 6 2 2 1 0 0 2 0
2026-09-05,02:44:13 GMT,V6.2 BLOCK - final pressure/veto/active/timing gate failed or signal already used
2026-09-05,02:44:13 GMT,SENTINEL V6 MULTI-WINDOW SCAN >>>
2026-09-05,02:44:13 GMT,V6.2 DIAG | 0 0 8 0.15000000000000002 0 -0.14999999999999997 0 -0.2 0.5 -0.45 7 1 1 1 0 0 2 0
2026-09-05,02:44:13 GMT,V6.2 BLOCK - final pressure/veto/active/timing gate failed or signal already used
2026-09-05,02:44:13 GMT,SENTINEL V6 MULTI-WINDOW SCAN >>>
2026-09-05,02:44:13 GMT,V6.2 DIAG | 2 0 8 0.15000000000000002 0 -0.14999999999999997 0 -0.2 0.5 -0.45 6 2 1 1 0 0 2 0
2026-09-05,02:44:13 GMT,V6.2 BLOCK - final pressure/veto/active/timing gate failed or signal already used
2026-09-05,02:44:13 GMT,SENTINEL V6 MULTI-WINDOW SCAN >>>
2026-09-05,02:44:13 GMT,V6.2 DIAG | 8 0 10 0.04999999999999993 0.028571428571428567 -0.04999999999999999 -0.06666666666666667 -0.2 0.5 -0.75 6 2 1 1 0 0 2 0
2026-09-05,02:44:13 GMT,V6.2 BLOCK - final pressure/veto/active/timing gate failed or signal already used
2026-09-05,02:44:13 GMT,SENTINEL V6 MULTI-WINDOW SCAN >>>
2026-09-05,02:44:13 GMT,V6.2 DIAG | 4 0 12 0.15000000000000002 0.057142857142857134 -0.14999999999999997 -0.13333333333333333 -0.2 0 -0.75 7 1 0 0 1 0 2 0
2026-09-05,02:44:02 GMT,V6.2 BLOCK - final pressure/veto/active/timing gate failed or signal already used
2026-09-05,02:44:02 GMT,SENTINEL V6 MULTI-WINDOW SCAN >>>
2026-09-05,02:44:02 GMT,V6.2 DIAG | 0 0 10 0 0.028571428571428567 0 -0.06666666666666667 -0.2 0 -0.20000000000000004 6 2 0 1 0 0 2 0
2026-09-05,02:44:02 GMT,V6.2 BLOCK - final pressure/veto/active/timing gate failed or signal already used
2026-09-05,02:44:02 GMT,SENTINEL V6 MULTI-WINDOW SCAN >>>
2026-09-05,02:44:02 GMT,V6.2 DIAG | 4 0 10 -0.15000000000000002 0.05714285714285714 0.15000000000000002 -0.13333333333333336 -0.45 0 -0.20000000000000004 6 2 0 1 0 0 2 0
2026-09-05,02:44:02 GMT,V6.2 BLOCK - final pressure/veto/active/timing gate failed or signal already used
2026-09-05,02:44:02 GMT,SENTINEL V6 MULTI-WINDOW SCAN >>>
2026-09-05,02:44:02 GMT,V6.2 DIAG | 2 0 10 -0.15000000000000002 0.05714285714285714 0.15000000000000002 -0.13333333333333336 -0.45 0 -0.20000000000000004 5 3 0 1 0 0 2 0
2026-09-05,02:44:02 GMT,V6.2 BLOCK - final pressure/veto/active/timing gate failed or signal already used
2026-09-05,02:44:02 GMT,SENTINEL V6 MULTI-WINDOW SCAN >>>
2026-09-05,02:44:02 GMT,V6.2 DIAG | 6 0 7 -0.30000000000000004 0.028571428571428574 0.3 -0.06666666666666668 -0.7000000000000001 0 0.6 4 4 0 1 0 0 2 0
2026-09-05,02:44:02 GMT,V6.2 BLOCK - final pressure/veto/active/timing gate failed or signal already used
2026-09-05,02:44:02 GMT,SENTINEL V6 MULTI-WINDOW SCAN >>>
2026-09-05,02:44:02 GMT,V6.2 DIAG | 9 0 6 -0.4 0.05714285714285715 0.39999999999999997 -0.13333333333333333 -0.7000000000000001 -0.05 0.35000000000000003 4 4 0 1 0 0 2 0
2026-09-05,02:44:02 GMT,V6.2 BLOCK - final pressure/veto/active/timing gate failed or signal already used
2026-09-05,02:44:02 GMT,SENTINEL V6 MULTI-WINDOW SCAN >>>
2026-09-05,02:44:02 GMT,V6.2 DIAG | 0 0 7 -0.30000000000000004 0.028571428571428574 0.3 -0.06666666666666668 -0.7000000000000001 -0.05 0.65 4 4 0 1 0 0 2 0
2026-09-05,02:44:01 GMT,V6.2 BLOCK - final pressure/veto/active/timing gate failed or signal already used
2026-09-05,02:44:01 GMT,SENTINEL V6 MULTI-WINDOW SCAN >>>
2026-09-05,02:44:01 GMT,V6.2 DIAG | 1 0 3 -0.25 -0.028571428571428574 0.25 0.06666666666666668 0.1 -0.1 0.65 3 5 0 1 0 0 2 0
2026-09-05,02:44:01 GMT,V6.2 BLOCK - final pressure/veto/active/timing gate failed or signal already used
2026-09-05,02:44:01 GMT,SENTINEL V6 MULTI-WINDOW SCAN >>>
2026-09-05,02:44:01 GMT,V6.2 DIAG | 9 0 3 -0.25 -0.028571428571428574 0.25 0.06666666666666668 0.1 -0.1 0.65 3 5 0 1 0 0 2 0
2026-09-05,02:44:01 GMT,V6.2 BLOCK - final pressure/veto/active/timing gate failed or signal already used
2026-09-05,02:44:01 GMT,SENTINEL V6 MULTI-WINDOW SCAN >>>
2026-09-05,02:44:01 GMT,V6.2 DIAG | 2 0 3 -0.09999999999999998 -0.05714285714285714 0.10000000000000003 0.13333333333333336 0.8500000000000001 -0.1 0.15000000000000002 4 4 0 1 0 0 2 0
2026-09-05,02:44:01 GMT,V6.2 BLOCK - final pressure/veto/active/timing gate failed or signal already used
2026-09-05,02:44:01 GMT,SENTINEL V6 MULTI-WINDOW SCAN >>>
2026-09-05,02:44:01 GMT,V6.2 DIAG | 9 0 3 -0.25 -0.08571428571428572 0.25 0.2 0.6 -0.1 0.9500000000000001 4 4 0 1 0 0 2 0
2026-09-05,02:44:01 GMT,V6.2 BLOCK - final pressure/veto/active/timing gate failed or signal already used
2026-09-05,02:44:01 GMT,SENTINEL V6 MULTI-WINDOW SCAN >>>
2026-09-05,02:44:01 GMT,V6.2 DIAG | 7 0 5 -0.25 -0.028571428571428574 0.25 0.06666666666666668 0.30000000000000004 -0.1 0.45 5 3 0 1 0 0 2 0
2026-09-05,02:44:01 GMT,V6.2 BLOCK - final pressure/veto/active/timing gate failed or signal already used
2026-09-05,02:44:01 GMT,SENTINEL V6 MULTI-WINDOW SCAN >>>
2026-09-05,02:44:01 GMT,V6.2 DIAG | 0 0 6 -0.15000000000000002 0 0.15000000000000002 0 -0.20000000000000004 -0.1 0.45 5 3 0 1 0 0 2 0
2026-09-05,02:43:53 GMT,V6.2 BLOCK - final pressure/veto/active/timing gate failed or signal already used
2026-09-05,02:43:53 GMT,SENTINEL V6 MULTI-WINDOW SCAN >>>
2026-09-05,02:43:53 GMT,V6.2 DIAG | 7 0 4 -0.15000000000000002 0 0.15000000000000002 0 -0.20000000000000004 -0.1 0.45 4 4 0 1 0 0 2 0
2026-09-05,02:43:52 GMT,V6.2 BLOCK - final pressure/veto/active/timing gate failed or signal already used
2026-09-05,02:43:52 GMT,SENTINEL V6 MULTI-WINDOW SCAN >>>
2026-09-05,02:43:52 GMT,V6.2 DIAG | 9 0 9 -0.050000000000000044 0.028571428571428567 0.04999999999999999 -0.06666666666666667 -0.7000000000000001 -0.1 0.45 5 3 0 1 0 0 2 0
2026-09-05,02:43:52 GMT,V6.2 BLOCK - final pressure/veto/active/timing gate failed or signal already used
2026-09-05,02:43:52 GMT,SENTINEL V6 MULTI-WINDOW SCAN >>>
2026-09-05,02:43:52 GMT,V6.2 DIAG | 5 0 8 0.10000000000000009 0 -0.09999999999999998 0 0.1 -0.15 -0.05 6 2 0 0 0 0 2 0
2026-09-05,02:43:52 GMT,V6.2 BLOCK - final pressure/veto/active/timing gate failed or signal already used
2026-09-05,02:43:52 GMT,SENTINEL V6 MULTI-WINDOW SCAN >>>
2026-09-05,02:43:52 GMT,V6.2 DIAG | 2 0 8 0.10000000000000009 -0.057142857142857134 -0.09999999999999998 0.13333333333333333 0.9 -0.15 -0.05 6 2 0 0 0 0 2 0
2026-09-05,02:43:52 GMT,V6.2 BLOCK - final pressure/veto/active/timing gate failed or signal already used
2026-09-05,02:43:52 GMT,SENTINEL V6 MULTI-WINDOW SCAN >>>
2026-09-05,02:43:52 GMT,V6.2 DIAG | 0 0 8 0.15000000000000002 -0.057142857142857134 -0.14999999999999997 0.13333333333333333 0.9 -0.2 -0.05 6 2 0 0 0 0 2 0
2026-09-05,02:43:52 GMT,V6.2 BLOCK - final pressure/veto/active/timing gate failed or signal already used
2026-09-05,02:43:52 GMT,SENTINEL V6 MULTI-WINDOW SCAN >>>
2026-09-05,02:43:52 GMT,V6.2 DIAG | 4 0 8 0.15000000000000002 -0.057142857142857134 -0.14999999999999997 0.13333333333333333 0.9 -0.2 -0.05 6 2 0 0 0 0 2 0
2026-09-05,02:43:51 GMT,V6.2 BLOCK - final pressure/veto/active/timing gate failed or signal already used
2026-09-05,02:43:51 GMT,SENTINEL V6 MULTI-WINDOW SCAN >>>
2026-09-05,02:43:51 GMT,V6.2 DIAG | 7 0 7 0.04999999999999993 -0.028571428571428567 -0.04999999999999999 0.06666666666666667 0.9 -0.2 -0.35000000000000003 6 2 0 1 0 0 2 0
2026-09-05,02:43:51 GMT,V6.2 BLOCK - final pressure/veto/active/timing gate failed or signal already used
2026-09-05,02:43:51 GMT,SENTINEL V6 MULTI-WINDOW SCAN >>>
2026-09-05,02:43:51 GMT,V6.2 DIAG | 7 0 8 0.15000000000000002 0 -0.14999999999999997 0 0.4 -0.2 -0.35000000000000003 7 1 0 1 0 0 2 0
2026-09-05,02:43:51 GMT,V6.2 BLOCK - final pressure/veto/active/timing gate failed or signal already used
2026-09-05,02:43:51 GMT,SENTINEL V6 MULTI-WINDOW SCAN >>>
2026-09-05,02:43:51 GMT,V6.2 DIAG | 5 0 12 0.25 0.028571428571428567 -0.24999999999999997 -0.06666666666666667 -0.1 -0.2 -0.35000000000000003 7 1 0 0 1 0 2 0
2026-09-05,02:43:51 GMT,V6.2 BLOCK - final pressure/veto/active/timing gate failed or signal already used
2026-09-05,02:43:51 GMT,SENTINEL V6 MULTI-WINDOW SCAN >>>
2026-09-05,02:43:51 GMT,V6.2 DIAG | 1 0 12 0.25 0.028571428571428567 -0.24999999999999997 -0.06666666666666667 -0.1 -0.2 -0.35000000000000003 7 1 0 1 1 0 2 0
2026-09-05,02:43:41 GMT,V6.2 BLOCK - final pressure/veto/active/timing gate failed or signal already used
2026-09-05,02:43:41 GMT,SENTINEL V6 MULTI-WINDOW SCAN >>>
2026-09-05,02:43:41 GMT,V6.2 DIAG | 5 0 12 0.30000000000000004 0.028571428571428567 -0.30000000000000004 -0.06666666666666667 -0.1 -0.25 -0.35000000000000003 7 1 0 0 1 0 2 0
2026-09-05,02:43:41 GMT,V6.2 BLOCK - final pressure/veto/active/timing gate failed or signal already used
2026-09-05,02:43:41 GMT,SENTINEL V6 MULTI-WINDOW SCAN >>>
2026-09-05,02:43:41 GMT,V6.2 DIAG | 5 0 8 0.30000000000000004 -0.028571428571428567 -0.30000000000000004 0.06666666666666667 -0.1 -0.25 0.45 7 1 0 0 0 0 2 0
2026-09-05,02:43:41 GMT,V6.2 BLOCK - final pressure/veto/active/timing gate failed or signal already used
2026-09-05,02:43:41 GMT,SENTINEL V6 MULTI-WINDOW SCAN >>>
2026-09-05,02:43:41 GMT,V6.2 DIAG | 2 0 8 0.15000000000000002 0 -0.14999999999999997 0 -0.1 -0.5 0.45 7 1 0 0 0 0 2 0
2026-09-05,02:43:40 GMT,V6.2 BLOCK - final pressure/veto/active/timing gate failed or signal already used
2026-09-05,02:43:40 GMT,SENTINEL V6 MULTI-WINDOW SCAN >>>
2026-09-05,02:43:40 GMT,V6.2 DIAG | 6 0 8 0.15000000000000002 0 -0.14999999999999997 0 -0.1 -0.5 0.45 7 1 0 0 0 0 2 0
2026-09-05,02:43:40 GMT,V6.2 BLOCK - final pressure/veto/active/timing gate failed or signal already used
2026-09-05,02:43:40 GMT,SENTINEL V6 MULTI-WINDOW SCAN >>>
2026-09-05,02:43:40 GMT,V6.2 DIAG | 0 0 9 0 0.028571428571428567 0 -0.06666666666666667 -0.1 -0.75 0.45 6 2 1 0 0 0 2 0
2026-09-05,02:43:40 GMT,V6.2 BLOCK - final pressure/veto/active/timing gate failed or signal already used
2026-09-05,02:43:40 GMT,SENTINEL V6 MULTI-WINDOW SCAN >>>
2026-09-05,02:43:40 GMT,V6.2 DIAG | 9 0 9 0 0.028571428571428567 0 -0.06666666666666667 -0.1 -0.75 0.45 6 2 1 1 0 0 2 0
2026-09-05,02:43:40 GMT,V6.2 BLOCK - final pressure/veto/active/timing gate failed or signal already used
2026-09-05,02:43:40 GMT,SENTINEL V6 MULTI-WINDOW SCAN >>>
2026-09-05,02:43:40 GMT,V6.2 DIAG | 0 0 9 -0.050000000000000044 0.08571428571428572 0.04999999999999999 -0.2 -0.35000000000000003 -0.75 -0.05 6 2 2 1 0 0 2 0
2026-09-05,02:43:39 GMT,V6.2 BLOCK - final pressure/veto/active/timing gate failed or signal already used
2026-09-05,02:43:39 GMT,SENTINEL V6 MULTI-WINDOW SCAN >>>
2026-09-05,02:43:39 GMT,V6.2 DIAG | 3 0 8 -0.050000000000000044 0.028571428571428567 0.04999999999999999 -0.06666666666666667 -0.35000000000000003 0.05000000000000002 -0.05 6 2 2 1 0 0 2 0
2026-09-05,02:43:39 GMT,V6.2 BLOCK - final pressure/veto/active/timing gate failed or signal already used
2026-09-05,02:43:39 GMT,SENTINEL V6 MULTI-WINDOW SCAN >>>
2026-09-05,02:43:39 GMT,V6.2 DIAG | 2 0 9 -0.15000000000000002 0.05714285714285714 0.15000000000000002 -0.13333333333333336 -0.6000000000000001 0 -0.05 5 3 2 1 0 0 2 0
2026-09-05,02:43:39 GMT,V6.2 BLOCK - final pressure/veto/active/timing gate failed or signal already used
2026-09-05,02:43:39 GMT,SENTINEL V6 MULTI-WINDOW SCAN >>>
2026-09-05,02:43:39 GMT,V6.2 DIAG | 6 0 5 -0.09999999999999998 0 0.10000000000000003 0 -0.6000000000000001 0.8 -0.1 5 3 2 1 0 0 2 0
2026-09-05,02:43:38 GMT,V6.2 BLOCK - final pressure/veto/active/timing gate failed or signal already used
2026-09-05,02:43:38 GMT,SENTINEL V6 MULTI-WINDOW SCAN >>>
2026-09-05,02:43:38 GMT,V6.2 DIAG | 5 0 3 -0.09999999999999998 0 0.10000000000000003 0 -0.6000000000000001 0.8 -0.1 4 4 2 1 0 0 2 0
2026-09-05,02:43:38 GMT,V6.2 BLOCK - final pressure/veto/active/timing gate failed or signal already used
2026-09-05,02:43:38 GMT,SENTINEL V6 MULTI-WINDOW SCAN >>>
2026-09-05,02:43:38 GMT,V6.2 DIAG | 8 0 2 -0.050000000000000044 -0.05714285714285714 0.050000000000000044 0.13333333333333336 0.15000000000000002 0.8 -0.1 4 4 2 1 0 0 2 0
2026-09-05,02:43:38 GMT,V6.2 BLOCK - final pressure/veto/active/timing gate failed or signal already used
2026-09-05,02:43:38 GMT,SENTINEL V6 MULTI-WINDOW SCAN >>>
2026-09-05,02:43:38 GMT,V6.2 DIAG | 3 0 5 -0.09999999999999998 0 0.10000000000000003 0 0.15000000000000002 0.05000000000000002 -0.1 5 3 1 1 0 0 2 0
2026-09-05,02:43:35 GMT,V6.2 BLOCK - final pressure/veto/active/timing gate failed or signal already used
2026-09-05,02:43:35 GMT,SENTINEL V6 MULTI-WINDOW SCAN >>>
2026-09-05,02:43:35 GMT,V6.2 DIAG | 8 0 5 -0.09999999999999998 -0.05714285714285714 0.10000000000000003 0.13333333333333336 0.9500000000000001 0.05000000000000002 -0.1 5 3 1 1 0 0 2 0
2026-09-05,02:43:35 GMT,V6.2 BLOCK - final pressure/veto/active/timing gate failed or signal already used
2026-09-05,02:43:35 GMT,SENTINEL V6 MULTI-WINDOW SCAN >>>
2026-09-05,02:43:35 GMT,V6.2 DIAG | 1 0 6 -0.15000000000000002 0 0.15000000000000002 0 0.9500000000000001 -0.7000000000000001 -0.1 5 3 1 1 0 0 2 0
2026-09-05,02:43:34 GMT,V6.2 BLOCK - final pressure/veto/active/timing gate failed or signal already used
2026-09-05,02:43:34 GMT,SENTINEL V6 MULTI-WINDOW SCAN >>>
2026-09-05,02:43:34 GMT,V6.2 DIAG | 7 0 6 -0.15000000000000002 0 0.15000000000000002 0 0.9500000000000001 -0.7000000000000001 -0.1 5 3 1 1 0 0 2 0
2026-09-05,02:43:34 GMT,V6.2 BLOCK - final pressure/veto/active/timing gate failed or signal already used
2026-09-05,02:43:34 GMT,SENTINEL V6 MULTI-WINDOW SCAN >>>
2026-09-05,02:43:34 GMT,V6.2 DIAG | 5 0 8 -0.20000000000000007 0.05714285714285714 0.2 -0.13333333333333336 0.45 -0.7000000000000001 -0.35000000000000003 5 3 2 1 0 0 2 0
2026-09-05,02:43:33 GMT,Profit amount: 3.58
2026-09-05,02:43:33 GMT,V6.2 DIAG | 7 0 4 -0.15000000000000002 0 0.15000000000000002 0 0.45 0.05000000000000002 -0.35000000000000003 5 3 2 1 0 0 1 0
2026-09-05,02:43:32 GMT,V6.2 DIAG | 0 0 8 0 0.028571428571428567 0 -0.06666666666666667 -0.05 0.05000000000000002 -0.4 5 3 2 0 0 0 1 0
2026-09-05,02:43:31 GMT,V6.2 DIAG | 3 0 6 0.04999999999999993 -0.028571428571428567 -0.04999999999999999 0.06666666666666667 -0.05 0.8 -0.4 5 3 2 1 0 0 1 0
2026-09-05,02:43:31 GMT,V6.2 DIAG | 3 0 5 -0.09999999999999998 0 0.10000000000000003 0 -0.05 0.55 -0.4 5 3 2 1 0 0 1 0
2026-09-05,02:43:31 GMT,Bought: (ID: 22522963699)
2026-09-05,02:42:46 GMT,SENTINEL V6 MULTI-WINDOW SCAN >>>
2026-09-05,02:42:46 GMT,V6.2 DIAG | 0 1 12 0.20000000000000007 0.028571428571428567 -0.19999999999999998 -0.06666666666666667 -0.05 -0.1 -0.45 8 0 0 0 1 1 1 1
2026-09-05,02:42:46 GMT,V6.2 BLOCK - final pressure/veto/active/timing gate failed or signal already used
2026-09-05,02:42:46 GMT,SENTINEL V6 MULTI-WINDOW SCAN >>>
2026-09-05,02:42:46 GMT,V6.2 DIAG | 6 0 12 0.20000000000000007 0.028571428571428567 -0.19999999999999998 -0.06666666666666667 -0.05 -0.1 -0.45 7 1 0 0 1 0 1 1
2026-09-05,02:42:46 GMT,V6.2 BLOCK - final pressure/veto/active/timing gate failed or signal already used
2026-09-05,02:42:46 GMT,SENTINEL V6 MULTI-WINDOW SCAN >>>
2026-09-05,02:42:46 GMT,V6.2 DIAG | 3 0 12 0.20000000000000007 0.028571428571428567 -0.19999999999999998 -0.06666666666666667 -0.05 -0.1 -0.45 7 1 0 0 1 0 1 0
2026-09-05,02:42:46 GMT,V6.2 BLOCK - final pressure/veto/active/timing gate failed or signal already used
2026-09-05,02:42:46 GMT,SENTINEL V6 MULTI-WINDOW SCAN >>>
2026-09-05,02:42:46 GMT,V6.2 DIAG | 5 0 12 0.20000000000000007 0.028571428571428567 -0.19999999999999998 -0.06666666666666667 -0.05 -0.1 -0.45 7 1 0 0 1 0 1 0
2026-09-05,02:42:46 GMT,V6.2 BLOCK - final pressure/veto/active/timing gate failed or signal already used
2026-09-05,02:42:46 GMT,SENTINEL V6 MULTI-WINDOW SCAN >>>
2026-09-05,02:42:46 GMT,V6.2 DIAG | 2 0 8 0.25 -0.028571428571428567 -0.24999999999999997 0.06666666666666667 -0.05 -0.15 0.35000000000000003 7 1 0 1 0 0 1 0
2026-09-05,02:42:46 GMT,V6.2 BLOCK - final pressure/veto/active/timing gate failed or signal already used
2026-09-05,02:42:46 GMT,SENTINEL V6 MULTI-WINDOW SCAN >>>
2026-09-05,02:42:46 GMT,V6.2 DIAG | 0 0 8 0.30000000000000004 -0.028571428571428567 -0.30000000000000004 0.06666666666666667 -0.05 -0.15 0.30000000000000004 7 1 0 0 0 0 1 0
2026-09-05,02:42:46 GMT,V6.2 BLOCK - final pressure/veto/active/timing gate failed or signal already used
2026-09-05,02:42:46 GMT,SENTINEL V6 MULTI-WINDOW SCAN >>>
2026-09-05,02:42:46 GMT,V6.2 DIAG | 0 0 8 0.30000000000000004 -0.028571428571428567 -0.30000000000000004 0.06666666666666667 -0.05 -0.15 0.30000000000000004 7 1 0 0 0 0 1 0
2026-09-05,02:42:46 GMT,V6.2 BLOCK - final pressure/veto/active/timing gate failed or signal already used
2026-09-05,02:42:46 GMT,SENTINEL V6 MULTI-WINDOW SCAN >>>
2026-09-05,02:42:46 GMT,V6.2 DIAG | 1 0 8 0.30000000000000004 -0.028571428571428567 -0.30000000000000004 0.06666666666666667 -0.05 -0.15 0.30000000000000004 7 1 0 0 0 0 1 0
2026-09-05,02:42:46 GMT,V6.2 BLOCK - final pressure/veto/active/timing gate failed or signal already used
2026-09-05,02:42:46 GMT,SENTINEL V6 MULTI-WINDOW SCAN >>>
2026-09-05,02:42:46 GMT,V6.2 DIAG | 9 0 8 0.20000000000000007 0 -0.2 0 -0.05 -0.2 0.05000000000000002 7 1 0 0 0 0 1 0
2026-09-05,02:42:46 GMT,V6.2 BLOCK - final pressure/veto/active/timing gate failed or signal already used
2026-09-05,02:42:46 GMT,SENTINEL V6 MULTI-WINDOW SCAN >>>
2026-09-05,02:42:46 GMT,V6.2 DIAG | 1 0 12 0.15000000000000002 0.057142857142857134 -0.14999999999999997 -0.13333333333333333 -0.05 -0.2 -0.7000000000000001 8 0 0 0 0 0 1 0
2026-09-05,02:42:46 GMT,V6.2 BLOCK - final pressure/veto/active/timing gate failed or signal already used
2026-09-05,02:42:46 GMT,SENTINEL V6 MULTI-WINDOW SCAN >>>
2026-09-05,02:42:46 GMT,V6.2 DIAG | 3 0 11 0.04999999999999993 0.08571428571428572 -0.04999999999999999 -0.2 -0.1 -0.45 -0.7000000000000001 7 1 0 0 0 0 1 0
2026-09-05,02:42:46 GMT,V6.2 BLOCK - final pressure/veto/active/timing gate failed or signal already used
2026-09-05,02:42:46 GMT,SENTINEL V6 MULTI-WINDOW SCAN >>>
2026-09-05,02:42:46 GMT,V6.2 DIAG | 6 0 11 0.04999999999999993 0.08571428571428572 -0.04999999999999999 -0.2 -0.1 -0.45 -0.7000000000000001 6 2 0 1 0 0 1 0
2026-09-05,02:42:46 GMT,V6.2 BLOCK - final pressure/veto/active/timing gate failed or signal already used
2026-09-05,02:42:46 GMT,SENTINEL V6 MULTI-WINDOW SCAN >>>
2026-09-05,02:42:46 GMT,V6.2 DIAG | 4 0 12 0.09999999999999998 0.08571428571428572 -0.10000000000000003 -0.2 -0.15 -0.45 -0.7000000000000001 5 3 1 0 1 0 1 0
2026-09-05,02:42:15 GMT,V6.2 BLOCK - final pressure/veto/active/timing gate failed or signal already used
2026-09-05,02:42:15 GMT,SENTINEL V6 MULTI-WINDOW SCAN >>>
2026-09-05,02:42:15 GMT,V6.2 DIAG | 3 0 10 -0.050000000000000044 0.05714285714285714 0.050000000000000044 -0.13333333333333336 -0.15 -0.45 -0.15000000000000002 5 3 1 0 0 0 1 0
2026-09-05,02:42:15 GMT,V6.2 BLOCK - final pressure/veto/active/timing gate failed or signal already used
2026-09-05,02:42:15 GMT,SENTINEL V6 MULTI-WINDOW SCAN >>>
2026-09-05,02:42:15 GMT,V6.2 DIAG | 1 0 6 -0.050000000000000044 0 0.050000000000000044 0 -0.15 -0.45 0.65 5 3 1 0 0 0 1 0
2026-09-05,02:42:15 GMT,V6.2 BLOCK - final pressure/veto/active/timing gate failed or signal already used
2026-09-05,02:42:15 GMT,SENTINEL V6 MULTI-WINDOW SCAN >>>
2026-09-05,02:42:15 GMT,V6.2 DIAG | 6 0 3 -0.050000000000000044 -0.05714285714285714 0.050000000000000044 0.13333333333333336 -0.15 0.35000000000000003 0.65 4 4 1 1 0 0 1 0
2026-09-05,02:42:14 GMT,V6.2 BLOCK - final pressure/veto/active/timing gate failed or signal already used
2026-09-05,02:42:14 GMT,SENTINEL V6 MULTI-WINDOW SCAN >>>
2026-09-05,02:42:14 GMT,V6.2 DIAG | 6 0 3 0 -0.05714285714285714 0 0.13333333333333336 -0.15 0.35000000000000003 0.6 4 4 1 1 0 0 1 0
2026-09-05,02:42:14 GMT,V6.2 BLOCK - final pressure/veto/active/timing gate failed or signal already used
2026-09-05,02:42:14 GMT,SENTINEL V6 MULTI-WINDOW SCAN >>>
2026-09-05,02:42:14 GMT,V6.2 DIAG | 9 0 4 0.04999999999999993 -0.05714285714285714 -0.04999999999999999 0.13333333333333336 -0.15 0.30000000000000004 0.6 4 4 1 1 0 0 1 0
2026-09-05,02:42:14 GMT,V6.2 BLOCK - final pressure/veto/active/timing gate failed or signal already used
2026-09-05,02:42:14 GMT,SENTINEL V6 MULTI-WINDOW SCAN >>>
2026-09-05,02:42:14 GMT,V6.2 DIAG | 9 0 6 0.04999999999999993 -0.05714285714285714 -0.04999999999999999 0.13333333333333336 -0.45 0.30000000000000004 0.9 5 3 1 1 0 0 1 0
2026-09-05,02:42:14 GMT,V6.2 BLOCK - final pressure/veto/active/timing gate failed or signal already used
2026-09-05,02:42:14 GMT,SENTINEL V6 MULTI-WINDOW SCAN >>>
2026-09-05,02:42:14 GMT,V6.2 DIAG | 8 0 7 0.19999999999999996 -0.028571428571428567 -0.2 0.06666666666666667 -0.45 0.25 0.4 6 2 1 1 0 0 1 0
2026-09-05,02:42:14 GMT,V6.2 BLOCK - final pressure/veto/active/timing gate failed or signal already used
2026-09-05,02:42:14 GMT,SENTINEL V6 MULTI-WINDOW SCAN >>>
2026-09-05,02:42:14 GMT,V6.2 DIAG | 4 0 11 0.19999999999999996 0.028571428571428567 -0.2 -0.06666666666666667 -0.5 -0.5 0.4 6 2 0 0 1 0 1 0
2026-09-05,02:42:14 GMT,V6.2 BLOCK - final pressure/veto/active/timing gate failed or signal already used
2026-09-05,02:42:14 GMT,SENTINEL V6 MULTI-WINDOW SCAN >>>
2026-09-05,02:42:14 GMT,V6.2 DIAG | 2 0 11 0.19999999999999996 0.028571428571428567 -0.2 -0.06666666666666667 -0.5 -0.5 0.4 6 2 0 1 1 0 1 0
2026-09-05,02:42:14 GMT,V6.2 BLOCK - final pressure/veto/active/timing gate failed or signal already used
2026-09-05,02:42:14 GMT,SENTINEL V6 MULTI-WINDOW SCAN >>>
2026-09-05,02:42:14 GMT,V6.2 DIAG | 9 0 11 0.24999999999999994 0.028571428571428567 -0.25000000000000006 -0.06666666666666667 -0.55 -0.5 0.4 5 3 1 1 1 0 1 0
2026-09-05,02:42:14 GMT,V6.2 BLOCK - final pressure/veto/active/timing gate failed or signal already used
2026-09-05,02:42:14 GMT,SENTINEL V6 MULTI-WINDOW SCAN >>>
2026-09-05,02:42:14 GMT,V6.2 DIAG | 3 0 8 0.4 0 -0.39999999999999997 0 0.25 -0.5 -0.15 6 2 1 0 0 0 1 0
2026-09-05,02:42:14 GMT,V6.2 BLOCK - final pressure/veto/active/timing gate failed or signal already used
2026-09-05,02:42:14 GMT,SENTINEL V6 MULTI-WINDOW SCAN >>>
2026-09-05,02:42:14 GMT,V6.2 DIAG | 3 0 11 0.24999999999999994 0.028571428571428567 -0.25000000000000006 -0.06666666666666667 0.25 -0.75 -0.15 6 2 1 0 1 0 1 0
2026-09-05,02:42:14 GMT,V6.2 BLOCK - final pressure/veto/active/timing gate failed or signal already used
2026-09-05,02:42:14 GMT,SENTINEL V6 MULTI-WINDOW SCAN >>>
2026-09-05,02:42:14 GMT,V6.2 DIAG | 5 0 7 0.14999999999999997 0 -0.15000000000000002 0 0.20000000000000004 0.05000000000000002 -0.4 6 2 1 0 0 0 1 0
2026-09-05,02:42:14 GMT,V6.2 BLOCK - final pressure/veto/active/timing gate failed or signal already used
2026-09-05,02:42:14 GMT,SENTINEL V6 MULTI-WINDOW SCAN >>>
2026-09-05,02:42:14 GMT,V6.2 DIAG | 6 0 6 0.14999999999999997 0 -0.15000000000000002 0 0.20000000000000004 0.05000000000000002 -0.4 5 3 2 0 0 0 1 0
2026-09-05,02:42:14 GMT,V6.2 BLOCK - final pressure/veto/active/timing gate failed or signal already used
2026-09-05,02:42:14 GMT,SENTINEL V6 MULTI-WINDOW SCAN >>>
2026-09-05,02:42:14 GMT,V6.2 DIAG | 7 0 4 0.14999999999999997 0 -0.15000000000000002 0 0.20000000000000004 0.05000000000000002 -0.4 4 4 2 0 0 0 1 0
2026-09-05,02:42:14 GMT,V6.2 BLOCK - final pressure/veto/active/timing gate failed or signal already used
2026-09-05,02:42:14 GMT,SENTINEL V6 MULTI-WINDOW SCAN >>>
2026-09-05,02:42:14 GMT,V6.2 DIAG | 1 0 11 0.09999999999999998 0.05714285714285714 -0.09999999999999998 -0.13333333333333336 -0.3 -0.20000000000000004 -0.4 5 3 2 1 1 0 1 0
2026-09-05,02:42:14 GMT,V6.2 BLOCK - final pressure/veto/active/timing gate failed or signal already used
2026-09-05,02:42:14 GMT,SENTINEL V6 MULTI-WINDOW SCAN >>>
2026-09-05,02:42:14 GMT,V6.2 DIAG | 8 0 7 0.14999999999999997 0 -0.15000000000000002 0 -0.3 0.6 -0.45 5 3 2 1 0 0 1 0
2026-09-05,02:42:14 GMT,V6.2 BLOCK - final pressure/veto/active/timing gate failed or signal already used
2026-09-05,02:42:14 GMT,SENTINEL V6 MULTI-WINDOW SCAN >>>
2026-09-05,02:42:14 GMT,V6.2 DIAG | 5 0 6 0.09999999999999998 0 -0.09999999999999998 0 -0.55 0.1 0.35000000000000003 5 3 2 0 0 0 1 0
2026-09-05,02:42:14 GMT,V6.2 BLOCK - final pressure/veto/active/timing gate failed or signal already used
2026-09-05,02:42:14 GMT,SENTINEL V6 MULTI-WINDOW SCAN >>>
2026-09-05,02:42:14 GMT,V6.2 DIAG | 6 0 6 0.09999999999999998 0 -0.09999999999999998 0 -0.55 0.1 0.35000000000000003 5 3 2 0 0 0 1 0
2026-09-05,02:42:14 GMT,V6.2 BLOCK - final pressure/veto/active/timing gate failed or signal already used
2026-09-05,02:42:14 GMT,SENTINEL V6 MULTI-WINDOW SCAN >>>
2026-09-05,02:42:14 GMT,V6.2 DIAG | 1 0 5 0 0.028571428571428574 0 -0.06666666666666668 -0.8 0.1 0.30000000000000004 4 4 2 1 0 0 1 0
2026-09-05,02:42:14 GMT,V6.2 BLOCK - final pressure/veto/active/timing gate failed or signal already used
2026-09-05,02:42:14 GMT,SENTINEL V6 MULTI-WINDOW SCAN >>>
2026-09-05,02:42:14 GMT,V6.2 DIAG | 8 0 3 0.04999999999999999 -0.028571428571428574 -0.050000000000000044 0.06666666666666668 -0.8 0.8500000000000001 0.30000000000000004 4 4 2 1 0 0 1 0
2026-09-05,02:42:14 GMT,V6.2 BLOCK - final pressure/veto/active/timing gate failed or signal already used
2026-09-05,02:42:14 GMT,SENTINEL V6 MULTI-WINDOW SCAN >>>
2026-09-05,02:42:14 GMT,V6.2 DIAG | 9 0 5 0.14999999999999997 0 -0.15000000000000002 0 -0.8 0.35000000000000003 0.30000000000000004 4 4 1 1 0 0 1 0
2026-09-05,02:42:14 GMT,V6.2 BLOCK - final pressure/veto/active/timing gate failed or signal already used
2026-09-05,02:42:14 GMT,SENTINEL V6 MULTI-WINDOW SCAN >>>
2026-09-05,02:42:14 GMT,V6.2 DIAG | 1 0 8 0.29999999999999993 -0.028571428571428567 -0.3 0.06666666666666667 -0.04999999999999999 0.35000000000000003 -0.2 5 3 1 1 0 0 1 0
2026-09-05,02:42:14 GMT,V6.2 BLOCK - final pressure/veto/active/timing gate failed or signal already used
2026-09-05,02:42:14 GMT,SENTINEL V6 MULTI-WINDOW SCAN >>>
2026-09-05,02:42:14 GMT,V6.2 DIAG | 2 0 8 0.14999999999999997 0 -0.15000000000000002 0 -0.04999999999999999 0.35000000000000003 -0.45 5 3 1 1 0 0 1 0
2026-09-05,02:42:14 GMT,V6.2 BLOCK - final pressure/veto/active/timing gate failed or signal already used
2026-09-05,02:42:14 GMT,SENTINEL V6 MULTI-WINDOW SCAN >>>
2026-09-05,02:42:14 GMT,V6.2 DIAG | 8 0 5 0 -0.028571428571428574 0 0.06666666666666668 0.75 0.1 -0.45 5 3 1 1 0 0 1 0
2026-09-05,02:42:14 GMT,V6.2 BLOCK - final pressure/veto/active/timing gate failed or signal already used
2026-09-05,02:42:14 GMT,SENTINEL V6 MULTI-WINDOW SCAN >>>
2026-09-05,02:42:14 GMT,V6.2 DIAG | 0 0 9 -0.050000000000000044 0.028571428571428574 0.04999999999999999 -0.06666666666666668 0.5 -0.4 -0.45 5 3 0 1 0 0 1 0
2026-09-05,02:42:14 GMT,V6.2 BLOCK - final pressure/veto/active/timing gate failed or signal already used
2026-09-05,02:42:14 GMT,SENTINEL V6 MULTI-WINDOW SCAN >>>
2026-09-05,02:42:14 GMT,V6.2 DIAG | 7 0 6 -0.19999999999999996 0.05714285714285715 0.19999999999999996 -0.13333333333333333 0.5 -0.65 -0.45 4 4 1 1 0 0 1 0
2026-09-05,02:42:14 GMT,V6.2 BLOCK - final pressure/veto/active/timing gate failed or signal already used
2026-09-05,02:42:14 GMT,SENTINEL V6 MULTI-WINDOW SCAN >>>
2026-09-05,02:42:14 GMT,V6.2 DIAG | 3 0 7 -0.25 0.11428571428571428 0.25 -0.26666666666666666 -0.25 -0.65 -0.45 4 4 1 0 0 0 1 0
2026-09-05,02:42:14 GMT,V6.2 BLOCK - final pressure/veto/active/timing gate failed or signal already used
2026-09-05,02:42:14 GMT,SENTINEL V6 MULTI-WINDOW SCAN >>>
2026-09-05,02:42:14 GMT,V6.2 DIAG | 7 0 5 -0.25 0.05714285714285715 0.25 -0.13333333333333333 -0.25 -0.65 0.35000000000000003 3 5 2 0 0 0 1 0
2026-09-05,02:42:14 GMT,V6.2 BLOCK - final pressure/veto/active/timing gate failed or signal already used
2026-09-05,02:42:14 GMT,SENTINEL V6 MULTI-WINDOW SCAN >>>
2026-09-05,02:42:14 GMT,V6.2 DIAG | 5 0 4 -0.29999999999999993 0.05714285714285715 0.3 -0.13333333333333333 -1 0.15000000000000002 0.35000000000000003 3 5 2 1 0 0 1 0
2026-09-05,02:42:14 GMT,V6.2 BLOCK - final pressure/veto/active/timing gate failed or signal already used
2026-09-05,02:42:14 GMT,SENTINEL V6 MULTI-WINDOW SCAN >>>
2026-09-05,02:42:14 GMT,V6.2 DIAG | 1 0 4 -0.45 0.02857142857142857 0.44999999999999996 -0.06666666666666665 -0.20000000000000004 0.15000000000000002 0.1 3 5 2 1 0 0 1 0
2026-09-05,02:42:14 GMT,V6.2 BLOCK - final pressure/veto/active/timing gate failed or signal already used
2026-09-05,02:42:14 GMT,SENTINEL V6 MULTI-WINDOW SCAN >>>
2026-09-05,02:42:14 GMT,V6.2 DIAG | 1 0 1 -0.45 -0.02857142857142857 0.44999999999999996 0.06666666666666665 -0.20000000000000004 0.9500000000000001 0.1 2 6 2 1 0 0 1 0
2026-09-05,02:41:42 GMT,V6.2 BLOCK - final pressure/veto/active/timing gate failed or signal already used
2026-09-05,02:41:42 GMT,SENTINEL V6 MULTI-WINDOW SCAN >>>
2026-09-05,02:41:42 GMT,V6.2 DIAG | 9 0 0 -0.55 -0.05714285714285714 0.55 0.1333333333333333 0.30000000000000004 0.9500000000000001 0.1 1 7 2 1 0 0 1 0
2026-09-05,02:41:42 GMT,V6.2 BLOCK - final pressure/veto/active/timing gate failed or signal already used
2026-09-05,02:41:42 GMT,SENTINEL V6 MULTI-WINDOW SCAN >>>
2026-09-05,02:41:42 GMT,V6.2 DIAG | 8 0 1 -0.45 -0.02857142857142857 0.44999999999999996 0.06666666666666665 0.30000000000000004 0.9500000000000001 -0.4 2 6 2 1 0 0 1 0
2026-09-05,02:41:42 GMT,V6.2 BLOCK - final pressure/veto/active/timing gate failed or signal already used
2026-09-05,02:41:42 GMT,SENTINEL V6 MULTI-WINDOW SCAN >>>
2026-09-05,02:41:42 GMT,V6.2 DIAG | 7 0 2 -0.35 -0.05714285714285715 0.35 0.13333333333333333 1.1 0.45 -0.4 2 6 1 1 0 0 1 0
2026-09-05,02:41:42 GMT,V6.2 BLOCK - final pressure/veto/active/timing gate failed or signal already used
2026-09-05,02:41:42 GMT,SENTINEL V6 MULTI-WINDOW SCAN >>>
2026-09-05,02:41:42 GMT,V6.2 DIAG | 8 0 2 -0.25 -0.08571428571428572 0.25 0.2 0.6 0.45 0.4 3 5 1 1 0 0 1 0
2026-09-05,02:41:42 GMT,V6.2 BLOCK - final pressure/veto/active/timing gate failed or signal already used
2026-09-05,02:41:42 GMT,SENTINEL V6 MULTI-WINDOW SCAN >>>
2026-09-05,02:41:42 GMT,V6.2 DIAG | 7 0 3 -0.30000000000000004 -0.028571428571428574 0.3 0.06666666666666668 0.6 -0.05 0.15000000000000002 4 4 0 1 0 0 1 0
2026-09-05,02:41:42 GMT,V6.2 BLOCK - final pressure/veto/active/timing gate failed or signal already used
2026-09-05,02:41:42 GMT,SENTINEL V6 MULTI-WINDOW SCAN >>>
2026-09-05,02:41:42 GMT,V6.2 DIAG | 0 0 5 -0.20000000000000007 -0.05714285714285714 0.2 0.13333333333333336 0.9 -0.05 0.15000000000000002 5 3 0 0 0 0 1 0
2026-09-05,02:41:41 GMT,V6.2 BLOCK - final pressure/veto/active/timing gate failed or signal already used
2026-09-05,02:41:41 GMT,SENTINEL V6 MULTI-WINDOW SCAN >>>
2026-09-05,02:41:41 GMT,V6.2 DIAG | 7 0 3 -0.20000000000000007 -0.05714285714285714 0.2 0.13333333333333336 0.9 -0.05 0.15000000000000002 4 4 0 1 0 0 1 0
2026-09-05,02:41:41 GMT,V6.2 BLOCK - final pressure/veto/active/timing gate failed or signal already used
2026-09-05,02:41:41 GMT,SENTINEL V6 MULTI-WINDOW SCAN >>>
2026-09-05,02:41:41 GMT,V6.2 DIAG | 9 0 6 -0.25 0 0.25 0 0.4 -0.05 -0.10000000000000003 5 3 0 1 0 0 1 0
2026-09-05,02:41:41 GMT,V6.2 BLOCK - final pressure/veto/active/timing gate failed or signal already used
2026-09-05,02:41:41 GMT,SENTINEL V6 MULTI-WINDOW SCAN >>>
2026-09-05,02:41:41 GMT,V6.2 DIAG | 2 0 9 -0.30000000000000004 0.05714285714285714 0.30000000000000004 -0.13333333333333336 0.4 -0.30000000000000004 -0.6000000000000001 6 2 0 1 0 0 1 0
2026-09-05,02:41:41 GMT,V6.2 BLOCK - final pressure/veto/active/timing gate failed or signal already used
2026-09-05,02:41:41 GMT,SENTINEL V6 MULTI-WINDOW SCAN >>>
2026-09-05,02:41:41 GMT,V6.2 DIAG | 7 0 5 -0.25 0 0.25 0 0.4 -0.30000000000000004 0.15000000000000002 5 3 0 1 0 0 1 0
2026-09-05,02:41:41 GMT,V6.2 BLOCK - final pressure/veto/active/timing gate failed or signal already used
2026-09-05,02:41:41 GMT,SENTINEL V6 MULTI-WINDOW SCAN >>>
2026-09-05,02:41:41 GMT,V6.2 DIAG | 0 0 9 -0.30000000000000004 0.05714285714285714 0.30000000000000004 -0.13333333333333336 -0.35000000000000003 -0.30000000000000004 0.15000000000000002 5 3 1 1 0 0 1 0
2026-09-05,02:41:41 GMT,V6.2 BLOCK - final pressure/veto/active/timing gate failed or signal already used
2026-09-05,02:41:41 GMT,SENTINEL V6 MULTI-WINDOW SCAN >>>
2026-09-05,02:41:41 GMT,V6.2 DIAG | 4 0 9 -0.25 0.05714285714285714 0.25 -0.13333333333333336 -0.35000000000000003 -0.35000000000000003 0.15000000000000002 5 3 1 0 0 0 1 0
2026-09-05,02:41:41 GMT,V6.2 BLOCK - final pressure/veto/active/timing gate failed or signal already used
2026-09-05,02:41:41 GMT,SENTINEL V6 MULTI-WINDOW SCAN >>>
2026-09-05,02:41:41 GMT,V6.2 DIAG | 5 0 4 -0.25 0 0.25 0 -0.35000000000000003 -0.35000000000000003 0.9500000000000001 4 4 1 0 0 0 1 0
2026-09-05,02:41:41 GMT,V6.2 BLOCK - final pressure/veto/active/timing gate failed or signal already used
2026-09-05,02:41:41 GMT,SENTINEL V6 MULTI-WINDOW SCAN >>>
2026-09-05,02:41:41 GMT,V6.2 DIAG | 9 0 3 -0.20000000000000007 -0.05714285714285714 0.2 0.13333333333333336 -0.4 0.45 0.9500000000000001 4 4 1 1 0 0 1 0
2026-09-05,02:41:41 GMT,V6.2 BLOCK - final pressure/veto/active/timing gate failed or signal already used
2026-09-05,02:41:41 GMT,SENTINEL V6 MULTI-WINDOW SCAN >>>
2026-09-05,02:41:41 GMT,V6.2 DIAG | 4 0 5 -0.10000000000000009 -0.028571428571428567 0.09999999999999998 0.06666666666666667 -0.4 0.45 0.45 5 3 1 1 0 0 1 0
2026-09-05,02:41:41 GMT,V6.2 BLOCK - final pressure/veto/active/timing gate failed or signal already used
2026-09-05,02:41:41 GMT,SENTINEL V6 MULTI-WINDOW SCAN >>>
2026-09-05,02:41:41 GMT,V6.2 DIAG | 6 0 4 -0.10000000000000009 -0.08571428571428572 0.09999999999999998 0.2 0.4 0.45 0.45 5 3 1 1 0 0 1 0
2026-09-05,02:41:41 GMT,V6.2 BLOCK - final pressure/veto/active/timing gate failed or signal already used
2026-09-05,02:41:41 GMT,SENTINEL V6 MULTI-WINDOW SCAN >>>
2026-09-05,02:41:41 GMT,V6.2 DIAG | 9 0 4 -0.10000000000000009 -0.08571428571428572 0.09999999999999998 0.2 0.4 0.45 0.45 5 3 1 1 0 0 1 0
2026-09-05,02:41:41 GMT,V6.2 BLOCK - final pressure/veto/active/timing gate failed or signal already used
2026-09-05,02:41:41 GMT,SENTINEL V6 MULTI-WINDOW SCAN >>>
2026-09-05,02:41:41 GMT,V6.2 DIAG | 8 0 5 0 -0.057142857142857134 0 0.13333333333333333 0.4 0.45 -0.05 6 2 1 1 0 0 1 0
2026-09-05,02:41:41 GMT,V6.2 BLOCK - final pressure/veto/active/timing gate failed or signal already used
2026-09-05,02:41:41 GMT,SENTINEL V6 MULTI-WINDOW SCAN >>>
2026-09-05,02:41:41 GMT,V6.2 DIAG | 5 0 8 0.09999999999999998 -0.028571428571428567 -0.1 0.06666666666666667 0.4 -0.05 -0.05 7 1 0 0 0 0 1 0
2026-09-05,02:41:41 GMT,V6.2 BLOCK - final pressure/veto/active/timing gate failed or signal already used
2026-09-05,02:41:41 GMT,SENTINEL V6 MULTI-WINDOW SCAN >>>
2026-09-05,02:41:41 GMT,V6.2 DIAG | 7 0 8 0.09999999999999998 -0.028571428571428567 -0.1 0.06666666666666667 0.4 -0.05 -0.05 7 1 0 0 0 0 1 0
2026-09-05,02:41:41 GMT,V6.2 BLOCK - final pressure/veto/active/timing gate failed or signal already used
2026-09-05,02:41:41 GMT,SENTINEL V6 MULTI-WINDOW SCAN >>>
2026-09-05,02:41:41 GMT,V6.2 DIAG | 0 0 12 0.050000000000000044 0.028571428571428567 -0.04999999999999999 -0.06666666666666667 -0.35000000000000003 -0.05 -0.05 8 0 0 0 1 0 1 0
2026-09-05,02:41:41 GMT,V6.2 BLOCK - final pressure/veto/active/timing gate failed or signal already used
2026-09-05,02:41:41 GMT,SENTINEL V6 MULTI-WINDOW SCAN >>>
2026-09-05,02:41:41 GMT,V6.2 DIAG | 6 0 12 0.050000000000000044 0.028571428571428567 -0.04999999999999999 -0.06666666666666667 -0.35000000000000003 -0.05 -0.05 8 0 0 0 1 0 1 0
2026-09-05,02:41:41 GMT,V6.2 BLOCK - final pressure/veto/active/timing gate failed or signal already used
2026-09-05,02:41:41 GMT,SENTINEL V6 MULTI-WINDOW SCAN >>>
2026-09-05,02:41:41 GMT,V6.2 DIAG | 1 0 12 0.050000000000000044 0.028571428571428567 -0.04999999999999999 -0.06666666666666667 -0.35000000000000003 -0.05 -0.05 7 1 0 0 1 0 1 0
2026-09-05,02:41:41 GMT,V6.2 BLOCK - final pressure/veto/active/timing gate failed or signal already used
2026-09-05,02:41:41 GMT,SENTINEL V6 MULTI-WINDOW SCAN >>>
2026-09-05,02:41:41 GMT,V6.2 DIAG | 5 0 12 0.050000000000000044 0.028571428571428567 -0.04999999999999999 -0.06666666666666667 -0.35000000000000003 -0.05 -0.05 7 1 0 0 1 0 1 0
2026-09-05,02:41:41 GMT,V6.2 BLOCK - final pressure/veto/active/timing gate failed or signal already used
2026-09-05,02:41:41 GMT,SENTINEL V6 MULTI-WINDOW SCAN >>>
2026-09-05,02:41:41 GMT,V6.2 DIAG | 1 0 12 0.050000000000000044 0.028571428571428567 -0.04999999999999999 -0.06666666666666667 -0.35000000000000003 -0.05 -0.05 7 1 0 0 1 0 1 0
2026-09-05,02:41:41 GMT,V6.2 BLOCK - final pressure/veto/active/timing gate failed or signal already used
2026-09-05,02:41:41 GMT,SENTINEL V6 MULTI-WINDOW SCAN >>>
2026-09-05,02:41:41 GMT,V6.2 DIAG | 5 0 8 0.050000000000000044 -0.028571428571428567 -0.04999999999999999 0.06666666666666667 0.45 -0.05 -0.05 7 1 0 0 0 0 1 0
2026-09-05,02:41:41 GMT,V6.2 BLOCK - final pressure/veto/active/timing gate failed or signal already used
2026-09-05,02:41:41 GMT,SENTINEL V6 MULTI-WINDOW SCAN >>>
2026-09-05,02:41:41 GMT,V6.2 DIAG | 2 0 8 0.050000000000000044 -0.028571428571428567 -0.04999999999999999 0.06666666666666667 0.45 -0.05 -0.05 7 1 0 0 0 0 1 0
2026-09-05,02:41:41 GMT,V6.2 BLOCK - final pressure/veto/active/timing gate failed or signal already used
2026-09-05,02:41:41 GMT,SENTINEL V6 MULTI-WINDOW SCAN >>>
2026-09-05,02:41:41 GMT,V6.2 DIAG | 1 0 8 0.050000000000000044 -0.028571428571428567 -0.04999999999999999 0.06666666666666667 0.45 -0.05 -0.05 7 1 0 0 0 0 1 0
2026-09-05,02:41:41 GMT,V6.2 BLOCK - final pressure/veto/active/timing gate failed or signal already used
2026-09-05,02:41:41 GMT,SENTINEL V6 MULTI-WINDOW SCAN >>>
2026-09-05,02:41:41 GMT,V6.2 DIAG | 3 0 8 0.050000000000000044 -0.028571428571428567 -0.04999999999999999 0.06666666666666667 0.45 -0.05 -0.05 7 1 0 1 0 0 1 0
2026-09-05,02:41:41 GMT,V6.2 BLOCK - final pressure/veto/active/timing gate failed or signal already used
2026-09-05,02:41:41 GMT,SENTINEL V6 MULTI-WINDOW SCAN >>>
2026-09-05,02:41:41 GMT,V6.2 DIAG | 7 0 6 -0.09999999999999998 0 0.1 0 0.45 -0.05 -0.30000000000000004 7 1 0 1 0 0 1 0
2026-09-05,02:41:41 GMT,V6.2 BLOCK - final pressure/veto/active/timing gate failed or signal already used
2026-09-05,02:41:41 GMT,SENTINEL V6 MULTI-WINDOW SCAN >>>
2026-09-05,02:41:41 GMT,V6.2 DIAG | 4 0 12 0.050000000000000044 0.028571428571428567 -0.04999999999999999 -0.06666666666666667 -0.05 -0.1 -0.30000000000000004 8 0 0 1 0 0 1 0
2026-09-05,02:41:41 GMT,V6.2 BLOCK - final pressure/veto/active/timing gate failed or signal already used
2026-09-05,02:41:41 GMT,SENTINEL V6 MULTI-WINDOW SCAN >>>
2026-09-05,02:41:41 GMT,V6.2 DIAG | 1 0 10 -0.09999999999999998 0.057142857142857134 0.1 -0.13333333333333333 -0.05 -0.35000000000000003 -0.30000000000000004 7 1 0 0 0 0 1 0
2026-09-05,02:41:41 GMT,V6.2 BLOCK - final pressure/veto/active/timing gate failed or signal already used
2026-09-05,02:41:41 GMT,SENTINEL V6 MULTI-WINDOW SCAN >>>
2026-09-05,02:41:41 GMT,V6.2 DIAG | 5 0 10 -0.04999999999999993 0.057142857142857134 0.05000000000000002 -0.13333333333333333 -0.1 -0.35000000000000003 -0.30000000000000004 7 1 0 1 0 0 1 0
2026-09-05,02:41:10 GMT,V6.2 BLOCK - final pressure/veto/active/timing gate failed or signal already used
2026-09-05,02:41:10 GMT,SENTINEL V6 MULTI-WINDOW SCAN >>>
2026-09-05,02:41:10 GMT,V6.2 DIAG | 6 0 10 -0.15000000000000002 0.08571428571428572 0.15 -0.2 -0.35000000000000003 -0.4 -0.30000000000000004 6 2 1 0 0 0 1 0
2026-09-05,02:41:10 GMT,V6.2 BLOCK - final pressure/veto/active/timing gate failed or signal already used
2026-09-05,02:41:10 GMT,SENTINEL V6 MULTI-WINDOW SCAN >>>
2026-09-05,02:41:10 GMT,V6.2 DIAG | 1 0 9 -0.15000000000000002 0.028571428571428567 0.15 -0.06666666666666667 -0.35000000000000003 -0.4 0.5 6 2 1 0 0 0 1 0
2026-09-05,02:41:10 GMT,V6.2 BLOCK - final pressure/veto/active/timing gate failed or signal already used
2026-09-05,02:41:10 GMT,SENTINEL V6 MULTI-WINDOW SCAN >>>
2026-09-05,02:41:10 GMT,V6.2 DIAG | 2 0 9 -0.15000000000000002 0.028571428571428567 0.15 -0.06666666666666667 -0.35000000000000003 -0.4 0.5 5 3 1 0 0 0 1 0
2026-09-05,02:41:10 GMT,V6.2 BLOCK - final pressure/veto/active/timing gate failed or signal already used
2026-09-05,02:41:10 GMT,SENTINEL V6 MULTI-WINDOW SCAN >>>
2026-09-05,02:41:10 GMT,V6.2 DIAG | 5 0 5 -0.15000000000000002 -0.028571428571428567 0.15 0.06666666666666667 -0.35000000000000003 0.4 0.5 5 3 1 1 0 0 1 0
2026-09-05,02:41:10 GMT,V6.2 BLOCK - final pressure/veto/active/timing gate failed or signal already used
2026-09-05,02:41:10 GMT,SENTINEL V6 MULTI-WINDOW SCAN >>>
2026-09-05,02:41:10 GMT,V6.2 DIAG | 5 0 5 -0.10000000000000009 -0.028571428571428567 0.09999999999999998 0.06666666666666667 -0.4 0.4 0.5 5 3 1 1 0 0 1 0
2026-09-05,02:41:10 GMT,V6.2 BLOCK - final pressure/veto/active/timing gate failed or signal already used
2026-09-05,02:41:10 GMT,SENTINEL V6 MULTI-WINDOW SCAN >>>
2026-09-05,02:41:10 GMT,V6.2 DIAG | 9 0 4 -0.050000000000000044 -0.08571428571428572 0.04999999999999999 0.2 0.35000000000000003 0.4 0.5 5 3 1 1 0 0 1 0
2026-09-05,02:41:10 GMT,V6.2 BLOCK - final pressure/veto/active/timing gate failed or signal already used
2026-09-05,02:41:10 GMT,SENTINEL V6 MULTI-WINDOW SCAN >>>
2026-09-05,02:41:10 GMT,V6.2 DIAG | 2 0 7 0.050000000000000044 -0.057142857142857134 -0.04999999999999999 0.13333333333333333 0.35000000000000003 0.4 0 6 2 1 1 0 0 1 0
2026-09-05,02:41:10 GMT,V6.2 BLOCK - final pressure/veto/active/timing gate failed or signal already used
2026-09-05,02:41:10 GMT,SENTINEL V6 MULTI-WINDOW SCAN >>>
2026-09-05,02:41:10 GMT,V6.2 DIAG | 8 0 7 0.050000000000000044 -0.057142857142857134 -0.04999999999999999 0.13333333333333333 0.35000000000000003 0.4 0 6 2 1 1 0 0 1 0
2026-09-05,02:41:09 GMT,V6.2 BLOCK - final pressure/veto/active/timing gate failed or signal already used
2026-09-05,02:41:09 GMT,SENTINEL V6 MULTI-WINDOW SCAN >>>
2026-09-05,02:41:09 GMT,V6.2 DIAG | 0 0 8 0.15000000000000002 -0.028571428571428567 -0.15 0.06666666666666667 0.35000000000000003 -0.1 0 7 1 0 0 0 0 1 0
2026-09-05,02:41:09 GMT,V6.2 BLOCK - final pressure/veto/active/timing gate failed or signal already used
2026-09-05,02:41:09 GMT,SENTINEL V6 MULTI-WINDOW SCAN >>>
2026-09-05,02:41:09 GMT,V6.2 DIAG | 7 0 8 0.15000000000000002 -0.028571428571428567 -0.15 0.06666666666666667 0.35000000000000003 -0.1 0 7 1 0 1 0 0 1 0
2026-09-05,02:41:09 GMT,V6.2 BLOCK - final pressure/veto/active/timing gate failed or signal already used
2026-09-05,02:41:09 GMT,SENTINEL V6 MULTI-WINDOW SCAN >>>
2026-09-05,02:41:09 GMT,V6.2 DIAG | 4 1 9 0.25 0 -0.25 0 -0.15 -0.1 0 8 0 0 0 0 0 1 1
2026-09-05,02:41:09 GMT,V6.2 BLOCK - final pressure/veto/active/timing gate failed or signal already used
2026-09-05,02:41:09 GMT,SENTINEL V6 MULTI-WINDOW SCAN >>>
2026-09-05,02:41:09 GMT,V6.2 DIAG | 3 1 9 0.25 0 -0.25 0 -0.15 -0.1 0 8 0 0 0 0 0 1 1
2026-09-05,02:41:09 GMT,V6.2 BLOCK - final pressure/veto/active/timing gate failed or signal already used
2026-09-05,02:41:09 GMT,SENTINEL V6 MULTI-WINDOW SCAN >>>
2026-09-05,02:41:09 GMT,V6.2 DIAG | 2 1 9 0.25 0 -0.25 0 -0.15 -0.1 0 8 0 0 0 0 0 1 1
2026-09-05,02:41:09 GMT,V6.2 BLOCK - final pressure/veto/active/timing gate failed or signal already used
2026-09-05,02:41:09 GMT,SENTINEL V6 MULTI-WINDOW SCAN >>>
2026-09-05,02:41:09 GMT,V6.2 DIAG | 4 0 9 0.25 0 -0.25 0 -0.15 -0.1 0 8 0 0 0 0 0 1 1
2026-09-05,02:41:09 GMT,V6.2 BLOCK - final pressure/veto/active/timing gate failed or signal already used
2026-09-05,02:41:09 GMT,SENTINEL V6 MULTI-WINDOW SCAN >>>
2026-09-05,02:41:09 GMT,V6.2 DIAG | 2 0 9 0.25 0 -0.25 0 -0.15 -0.1 0 8 0 0 0 0 0 1 0
2026-09-05,02:41:09 GMT,V6.2 BLOCK - final pressure/veto/active/timing gate failed or signal already used
2026-09-05,02:41:09 GMT,SENTINEL V6 MULTI-WINDOW SCAN >>>
2026-09-05,02:41:09 GMT,V6.2 DIAG | 1 0 9 0.25 0 -0.25 0 -0.15 -0.1 0 8 0 0 0 0 0 1 0
2026-09-05,02:41:09 GMT,V6.2 BLOCK - final pressure/veto/active/timing gate failed or signal already used
2026-09-05,02:41:09 GMT,SENTINEL V6 MULTI-WINDOW SCAN >>>
2026-09-05,02:41:09 GMT,V6.2 DIAG | 1 0 9 0.30000000000000004 0 -0.3 0 -0.15 -0.1 -0.05 8 0 0 0 0 0 1 0
2026-09-05,02:41:09 GMT,V6.2 BLOCK - final pressure/veto/active/timing gate failed or signal already used
2026-09-05,02:41:09 GMT,SENTINEL V6 MULTI-WINDOW SCAN >>>
2026-09-05,02:41:09 GMT,V6.2 DIAG | 2 0 12 0.15000000000000002 0.028571428571428567 -0.15 -0.06666666666666667 -0.15 -0.35000000000000003 -0.05 8 0 0 0 1 0 1 0
2026-09-05,02:41:09 GMT,V6.2 BLOCK - final pressure/veto/active/timing gate failed or signal already used
2026-09-05,02:41:09 GMT,SENTINEL V6 MULTI-WINDOW SCAN >>>
2026-09-05,02:41:09 GMT,V6.2 DIAG | 5 0 12 0.15000000000000002 0.028571428571428567 -0.15 -0.06666666666666667 -0.15 -0.35000000000000003 -0.05 8 0 0 0 0 0 1 0
2026-09-05,02:41:09 GMT,V6.2 BLOCK - final pressure/veto/active/timing gate failed or signal already used
2026-09-05,02:41:09 GMT,SENTINEL V6 MULTI-WINDOW SCAN >>>
2026-09-05,02:41:09 GMT,V6.2 DIAG | 3 0 12 0.050000000000000044 0.057142857142857134 -0.04999999999999999 -0.13333333333333333 -0.4 -0.4 -0.05 7 1 1 1 0 0 1 0
2026-09-05,02:41:09 GMT,V6.2 BLOCK - final pressure/veto/active/timing gate failed or signal already used
2026-09-05,02:41:09 GMT,SENTINEL V6 MULTI-WINDOW SCAN >>>
2026-09-05,02:41:09 GMT,V6.2 DIAG | 6 0 10 -0.050000000000000044 0.08571428571428572 0.04999999999999999 -0.2 -0.45 -0.65 -0.05 7 1 1 0 0 0 1 0
2026-09-05,02:41:09 GMT,V6.2 BLOCK - final pressure/veto/active/timing gate failed or signal already used
2026-09-05,02:41:09 GMT,SENTINEL V6 MULTI-WINDOW SCAN >>>
2026-09-05,02:41:09 GMT,V6.2 DIAG | 5 0 10 0 0.08571428571428572 0 -0.2 -0.45 -0.65 -0.1 6 2 1 0 0 0 1 0
2026-09-05,02:41:09 GMT,V6.2 BLOCK - final pressure/veto/active/timing gate failed or signal already used
2026-09-05,02:41:09 GMT,SENTINEL V6 MULTI-WINDOW SCAN >>>
2026-09-05,02:41:09 GMT,V6.2 DIAG | 4 0 8 0 0.028571428571428567 0 -0.06666666666666667 -0.45 0.15000000000000002 -0.1 5 3 2 1 0 0 1 0
2026-09-05,02:41:09 GMT,V6.2 BLOCK - final pressure/veto/active/timing gate failed or signal already used
2026-09-05,02:41:09 GMT,SENTINEL V6 MULTI-WINDOW SCAN >>>
2026-09-05,02:41:09 GMT,V6.2 DIAG | 1 0 9 0.04999999999999993 0.028571428571428567 -0.04999999999999999 -0.06666666666666667 -0.5 0.15000000000000002 -0.1 5 3 2 1 0 0 1 0
2026-09-05,02:41:09 GMT,V6.2 BLOCK - final pressure/veto/active/timing gate failed or signal already used
2026-09-05,02:41:09 GMT,SENTINEL V6 MULTI-WINDOW SCAN >>>
2026-09-05,02:41:09 GMT,V6.2 DIAG | 6 0 4 -0.050000000000000044 0 0.050000000000000044 0 0.05000000000000002 0.15000000000000002 -0.15 5 3 2 1 0 0 1 0
2026-09-05,02:41:09 GMT,V6.2 BLOCK - final pressure/veto/active/timing gate failed or signal already used
2026-09-05,02:41:09 GMT,SENTINEL V6 MULTI-WINDOW SCAN >>>
2026-09-05,02:41:09 GMT,V6.2 DIAG | 2 0 5 -0.19999999999999996 -0.028571428571428574 0.2 0.06666666666666668 -0.20000000000000004 0.9500000000000001 -0.15 5 3 2 1 0 0 1 0
2026-09-05,02:41:09 GMT,V6.2 BLOCK - final pressure/veto/active/timing gate failed or signal already used
2026-09-05,02:41:09 GMT,SENTINEL V6 MULTI-WINDOW SCAN >>>
2026-09-05,02:41:09 GMT,V6.2 DIAG | 8 0 3 -0.19999999999999996 -0.028571428571428574 0.2 0.06666666666666668 -0.20000000000000004 0.9500000000000001 -0.15 4 4 2 1 0 0 1 0
2026-09-05,02:41:09 GMT,V6.2 BLOCK - final pressure/veto/active/timing gate failed or signal already used
2026-09-05,02:41:09 GMT,SENTINEL V6 MULTI-WINDOW SCAN >>>
2026-09-05,02:41:09 GMT,V6.2 DIAG | 2 0 4 -0.09999999999999998 0 0.10000000000000003 0 -0.20000000000000004 0.45 -0.15 4 4 1 1 0 0 1 0
2026-09-05,02:41:09 GMT,V6.2 BLOCK - final pressure/veto/active/timing gate failed or signal already used
2026-09-05,02:41:09 GMT,SENTINEL V6 MULTI-WINDOW SCAN >>>
2026-09-05,02:41:09 GMT,V6.2 DIAG | 7 0 4 -0.050000000000000044 0 0.050000000000000044 0 -0.20000000000000004 0.45 -0.2 4 4 1 1 0 0 1 0
2026-09-05,02:41:09 GMT,V6.2 BLOCK - final pressure/veto/active/timing gate failed or signal already used
2026-09-05,02:41:09 GMT,SENTINEL V6 MULTI-WINDOW SCAN >>>
2026-09-05,02:41:09 GMT,V6.2 DIAG | 8 0 7 0.09999999999999998 -0.028571428571428567 -0.10000000000000003 0.06666666666666667 0.05000000000000002 0.45 -0.2 5 3 1 1 0 0 1 0
2026-09-05,02:41:09 GMT,V6.2 BLOCK - final pressure/veto/active/timing gate failed or signal already used
2026-09-05,02:41:09 GMT,SENTINEL V6 MULTI-WINDOW SCAN >>>
2026-09-05,02:41:09 GMT,V6.2 DIAG | 1 0 8 0.25 -0.057142857142857134 -0.25 0.13333333333333333 0.8 -0.05 -0.2 6 2 0 0 0 0 1 0
2026-09-05,02:41:09 GMT,V6.2 BLOCK - final pressure/veto/active/timing gate failed or signal already used
2026-09-05,02:41:09 GMT,SENTINEL V6 MULTI-WINDOW SCAN >>>
2026-09-05,02:41:09 GMT,V6.2 DIAG | 4 0 8 0.30000000000000004 -0.057142857142857134 -0.3 0.13333333333333333 0.75 -0.05 -0.2 6 2 0 0 0 0 1 0
2026-09-05,02:40:38 GMT,V6.2 BLOCK - final pressure/veto/active/timing gate failed or signal already used
2026-09-05,02:40:38 GMT,SENTINEL V6 MULTI-WINDOW SCAN >>>
2026-09-05,02:40:38 GMT,V6.2 DIAG | 2 0 8 0.30000000000000004 -0.057142857142857134 -0.3 0.13333333333333333 0.75 -0.05 -0.2 6 2 0 0 0 0 1 0
2026-09-05,02:40:38 GMT,V6.2 BLOCK - final pressure/veto/active/timing gate failed or signal already used
2026-09-05,02:40:38 GMT,SENTINEL V6 MULTI-WINDOW SCAN >>>
2026-09-05,02:40:38 GMT,V6.2 DIAG | 7 0 8 0.30000000000000004 -0.057142857142857134 -0.3 0.13333333333333333 0.75 -0.05 -0.2 6 2 0 1 0 0 1 0
2026-09-05,02:40:38 GMT,V6.2 BLOCK - final pressure/veto/active/timing gate failed or signal already used
2026-09-05,02:40:38 GMT,SENTINEL V6 MULTI-WINDOW SCAN >>>
2026-09-05,02:40:38 GMT,V6.2 DIAG | 7 0 8 0.4 -0.028571428571428567 -0.4 0.06666666666666667 0.25 -0.05 -0.2 7 1 0 1 0 0 1 0
2026-09-05,02:40:38 GMT,V6.2 BLOCK - final pressure/veto/active/timing gate failed or signal already used
2026-09-05,02:40:38 GMT,SENTINEL V6 MULTI-WINDOW SCAN >>>
2026-09-05,02:40:38 GMT,V6.2 DIAG | 0 1 9 0.5 0 -0.5 0 -0.25 -0.05 -0.2 8 0 0 0 0 0 1 1
2026-09-05,02:40:38 GMT,V6.2 BLOCK - final pressure/veto/active/timing gate failed or signal already used
2026-09-05,02:40:38 GMT,SENTINEL V6 MULTI-WINDOW SCAN >>>
2026-09-05,02:40:38 GMT,V6.2 DIAG | 2 0 12 0.35 0.028571428571428567 -0.35 -0.06666666666666667 -0.25 -0.05 -0.45 8 0 0 0 1 0 1 1
2026-09-05,02:40:38 GMT,V6.2 BLOCK - final pressure/veto/active/timing gate failed or signal already used
2026-09-05,02:40:38 GMT,SENTINEL V6 MULTI-WINDOW SCAN >>>
2026-09-05,02:40:38 GMT,V6.2 DIAG | 4 0 12 0.35 0.028571428571428567 -0.35 -0.06666666666666667 -0.25 -0.05 -0.45 8 0 0 0 1 0 1 0
2026-09-05,02:40:38 GMT,V6.2 BLOCK - final pressure/veto/active/timing gate failed or signal already used
2026-09-05,02:40:38 GMT,SENTINEL V6 MULTI-WINDOW SCAN >>>
2026-09-05,02:40:38 GMT,V6.2 DIAG | 3 1 12 0.35 0.028571428571428567 -0.35 -0.06666666666666667 -0.25 -0.05 -0.45 7 1 0 0 0 0 1 0
2026-09-05,02:40:38 GMT,V6.2 BLOCK - final pressure/veto/active/timing gate failed or signal already used
2026-09-05,02:40:38 GMT,SENTINEL V6 MULTI-WINDOW SCAN >>>
2026-09-05,02:40:38 GMT,V6.2 DIAG | 0 0 12 0.20000000000000007 0.057142857142857134 -0.2 -0.13333333333333333 -0.25 -0.30000000000000004 -0.45 7 1 0 0 0 0 1 1
2026-09-05,02:40:38 GMT,V6.2 BLOCK - final pressure/veto/active/timing gate failed or signal already used
2026-09-05,02:40:38 GMT,SENTINEL V6 MULTI-WINDOW SCAN >>>
2026-09-05,02:40:38 GMT,V6.2 DIAG | 0 0 12 0.09999999999999998 0.08571428571428572 -0.10000000000000003 -0.2 -0.55 -0.30000000000000004 -0.45 7 1 0 0 1 0 1 0
2026-09-05,02:40:38 GMT,V6.2 BLOCK - final pressure/veto/active/timing gate failed or signal already used
2026-09-05,02:40:38 GMT,SENTINEL V6 MULTI-WINDOW SCAN >>>
2026-09-05,02:40:38 GMT,V6.2 DIAG | 1 0 9 -0.050000000000000044 0.05714285714285714 0.050000000000000044 -0.13333333333333336 -0.55 -0.30000000000000004 0.1 6 2 1 0 0 0 1 0
2026-09-05,02:40:38 GMT,V6.2 BLOCK - final pressure/veto/active/timing gate failed or signal already used
2026-09-05,02:40:38 GMT,SENTINEL V6 MULTI-WINDOW SCAN >>>
2026-09-05,02:40:38 GMT,V6.2 DIAG | 3 0 9 -0.050000000000000044 0.05714285714285714 0.050000000000000044 -0.13333333333333336 -0.55 -0.30000000000000004 0.1 5 3 1 1 0 0 1 0
2026-09-05,02:40:37 GMT,V6.2 BLOCK - final pressure/veto/active/timing gate failed or signal already used
2026-09-05,02:40:37 GMT,SENTINEL V6 MULTI-WINDOW SCAN >>>
2026-09-05,02:40:37 GMT,V6.2 DIAG | 6 0 7 -0.19999999999999996 0.08571428571428572 0.2 -0.2 -0.8 -0.30000000000000004 0.1 4 4 1 0 0 0 1 0
2026-09-05,02:40:37 GMT,V6.2 BLOCK - final pressure/veto/active/timing gate failed or signal already used
2026-09-05,02:40:37 GMT,SENTINEL V6 MULTI-WINDOW SCAN >>>
2026-09-05,02:40:37 GMT,V6.2 DIAG | 2 0 6 -0.35 0.05714285714285715 0.35 -0.13333333333333333 -0.8 0.5 -0.15000000000000002 4 4 1 1 0 0 1 0
2026-09-05,02:40:37 GMT,V6.2 BLOCK - final pressure/veto/active/timing gate failed or signal already used
2026-09-05,02:40:37 GMT,SENTINEL V6 MULTI-WINDOW SCAN >>>
2026-09-05,02:40:37 GMT,V6.2 DIAG | 9 0 3 -0.29999999999999993 0 0.3 0 -0.04999999999999999 0.5 -0.15000000000000002 3 5 1 1 0 0 1 0
2026-09-05,02:40:37 GMT,V6.2 BLOCK - final pressure/veto/active/timing gate failed or signal already used
2026-09-05,02:40:37 GMT,SENTINEL V6 MULTI-WINDOW SCAN >>>
2026-09-05,02:40:37 GMT,V6.2 DIAG | 2 0 3 -0.19999999999999996 -0.028571428571428574 0.2 0.06666666666666668 -0.04999999999999999 0.5 0.15000000000000002 3 5 1 1 0 0 1 0
2026-09-05,02:40:37 GMT,V6.2 BLOCK - final pressure/veto/active/timing gate failed or signal already used
2026-09-05,02:40:37 GMT,SENTINEL V6 MULTI-WINDOW SCAN >>>
2026-09-05,02:40:37 GMT,V6.2 DIAG | 3 0 3 -0.19999999999999996 -0.028571428571428574 0.2 0.06666666666666668 -0.04999999999999999 0.5 0.15000000000000002 3 5 1 1 0 0 1 0
2026-09-05,02:40:37 GMT,V6.2 BLOCK - final pressure/veto/active/timing gate failed or signal already used
2026-09-05,02:40:37 GMT,SENTINEL V6 MULTI-WINDOW SCAN >>>
2026-09-05,02:40:37 GMT,V6.2 DIAG | 8 0 2 -0.35 -0.05714285714285715 0.35 0.13333333333333333 0.75 0.5 -0.10000000000000003 3 5 1 1 0 0 1 0
2026-09-05,02:40:37 GMT,V6.2 BLOCK - final pressure/veto/active/timing gate failed or signal already used
2026-09-05,02:40:37 GMT,SENTINEL V6 MULTI-WINDOW SCAN >>>
2026-09-05,02:40:37 GMT,V6.2 DIAG | 7 0 2 -0.4 -0.05714285714285715 0.39999999999999997 0.13333333333333333 0.5 0 0.7 4 4 0 1 0 0 1 0
2026-09-05,02:40:37 GMT,V6.2 BLOCK - final pressure/veto/active/timing gate failed or signal already used
2026-09-05,02:40:37 GMT,SENTINEL V6 MULTI-WINDOW SCAN >>>
2026-09-05,02:40:37 GMT,V6.2 DIAG | 9 0 3 -0.44999999999999996 0 0.44999999999999996 0 -0.25 0 0.7 4 4 0 1 0 0 1 0
2026-09-05,02:40:37 GMT,V6.2 BLOCK - final pressure/veto/active/timing gate failed or signal already used
2026-09-05,02:40:37 GMT,SENTINEL V6 MULTI-WINDOW SCAN >>>
2026-09-05,02:40:37 GMT,V6.2 DIAG | 4 0 6 -0.5 0.05714285714285715 0.5 -0.13333333333333333 -0.4999999999999999 0 0.2 4 4 0 0 0 0 1 0
2026-09-05,02:40:37 GMT,V6.2 BLOCK - final pressure/veto/active/timing gate failed or signal already used
2026-09-05,02:40:37 GMT,SENTINEL V6 MULTI-WINDOW SCAN >>>
2026-09-05,02:40:37 GMT,V6.2 DIAG | 7 0 6 -0.5 0.05714285714285715 0.5 -0.13333333333333333 -0.4999999999999999 0 0.2 3 5 0 1 0 0 1 0
2026-09-05,02:40:37 GMT,V6.2 BLOCK - final pressure/veto/active/timing gate failed or signal already used
2026-09-05,02:40:37 GMT,SENTINEL V6 MULTI-WINDOW SCAN >>>
2026-09-05,02:40:37 GMT,V6.2 DIAG | 9 0 7 -0.35 0.028571428571428574 0.35 -0.06666666666666668 -1 -0.05 1 3 5 0 1 0 0 1 0
2026-09-05,02:40:37 GMT,V6.2 BLOCK - final pressure/veto/active/timing gate failed or signal already used
2026-09-05,02:40:37 GMT,SENTINEL V6 MULTI-WINDOW SCAN >>>
2026-09-05,02:40:37 GMT,V6.2 DIAG | 2 0 4 -0.25 0 0.25 0 -0.20000000000000004 -0.05 0.5 4 4 0 0 0 0 1 0
2026-09-05,02:40:37 GMT,V6.2 BLOCK - final pressure/veto/active/timing gate failed or signal already used
2026-09-05,02:40:37 GMT,SENTINEL V6 MULTI-WINDOW SCAN >>>
2026-09-05,02:40:37 GMT,V6.2 DIAG | 6 0 3 -0.25 -0.05714285714285714 0.25 0.13333333333333336 0.6 -0.05 0.5 4 4 0 0 0 0 1 0
2026-09-05,02:40:37 GMT,V6.2 BLOCK - final pressure/veto/active/timing gate failed or signal already used
2026-09-05,02:40:37 GMT,SENTINEL V6 MULTI-WINDOW SCAN >>>
2026-09-05,02:40:37 GMT,V6.2 DIAG | 2 0 3 -0.25 -0.11428571428571428 0.25 0.26666666666666666 1.4 -0.05 0.5 4 4 0 0 0 0 1 0
2026-09-05,02:40:37 GMT,V6.2 BLOCK - final pressure/veto/active/timing gate failed or signal already used
2026-09-05,02:40:37 GMT,SENTINEL V6 MULTI-WINDOW SCAN >>>
2026-09-05,02:40:37 GMT,V6.2 DIAG | 9 0 3 -0.25 -0.11428571428571428 0.25 0.26666666666666666 1.4 -0.05 0.5 4 4 0 1 0 0 1 0
2026-09-05,02:40:37 GMT,V6.2 BLOCK - final pressure/veto/active/timing gate failed or signal already used
2026-09-05,02:40:37 GMT,SENTINEL V6 MULTI-WINDOW SCAN >>>
2026-09-05,02:40:37 GMT,V6.2 DIAG | 7 0 6 -0.15000000000000002 -0.08571428571428572 0.15 0.2 1.4 -0.05 0 5 3 0 1 0 0 1 0
2026-09-05,02:40:37 GMT,V6.2 BLOCK - final pressure/veto/active/timing gate failed or signal already used
2026-09-05,02:40:37 GMT,SENTINEL V6 MULTI-WINDOW SCAN >>>
2026-09-05,02:40:37 GMT,V6.2 DIAG | 7 0 6 -0.04999999999999993 -0.057142857142857134 0.05000000000000002 0.13333333333333333 0.9 -0.05 0 6 2 0 1 0 0 1 0
2026-09-05,02:40:37 GMT,V6.2 BLOCK - final pressure/veto/active/timing gate failed or signal already used
2026-09-05,02:40:37 GMT,SENTINEL V6 MULTI-WINDOW SCAN >>>
2026-09-05,02:40:37 GMT,V6.2 DIAG | 7 0 6 -0.04999999999999993 0 0.05000000000000002 0 0.1 -0.05 0 7 1 0 1 0 0 1 0
2026-09-05,02:40:37 GMT,V6.2 BLOCK - final pressure/veto/active/timing gate failed or signal already used
2026-09-05,02:40:37 GMT,SENTINEL V6 MULTI-WINDOW SCAN >>>
2026-09-05,02:40:37 GMT,V6.2 DIAG | 5 0 12 0.09999999999999998 0.028571428571428567 -0.1 -0.06666666666666667 -0.4 -0.1 0 8 0 0 0 1 0 1 0
2026-09-05,02:40:37 GMT,V6.2 BLOCK - final pressure/veto/active/timing gate failed or signal already used
2026-09-05,02:40:37 GMT,SENTINEL V6 MULTI-WINDOW SCAN >>>
2026-09-05,02:40:37 GMT,V6.2 DIAG | 0 0 12 0.09999999999999998 0.028571428571428567 -0.1 -0.06666666666666667 -0.4 -0.1 0 7 1 0 0 1 0 1 0
2026-09-05,02:40:37 GMT,V6.2 BLOCK - final pressure/veto/active/timing gate failed or signal already used
2026-09-05,02:40:37 GMT,SENTINEL V6 MULTI-WINDOW SCAN >>>
2026-09-05,02:40:37 GMT,V6.2 DIAG | 0 0 12 0.15000000000000002 0.028571428571428567 -0.15 -0.06666666666666667 -0.45 -0.1 0 7 1 0 0 1 0 1 0
2026-09-05,02:40:37 GMT,V6.2 BLOCK - final pressure/veto/active/timing gate failed or signal already used
2026-09-05,02:40:37 GMT,SENTINEL V6 MULTI-WINDOW SCAN >>>
2026-09-05,02:40:37 GMT,V6.2 DIAG | 1 0 12 0.20000000000000007 0.028571428571428567 -0.19999999999999998 -0.06666666666666667 -0.45 -0.15 0 7 1 0 0 1 0 1 0
2026-09-05,02:40:16 GMT,V6.2 BLOCK - final pressure/veto/active/timing gate failed or signal already used
2026-09-05,02:40:16 GMT,SENTINEL V6 MULTI-WINDOW SCAN >>>
2026-09-05,02:40:16 GMT,V6.2 DIAG | 2 0 8 0.050000000000000044 0 -0.04999999999999999 0 0.1 -0.15 0 7 1 0 0 0 0 1 0
2026-09-05,02:40:15 GMT,V6.2 BLOCK - final pressure/veto/active/timing gate failed or signal already used
2026-09-05,02:40:15 GMT,SENTINEL V6 MULTI-WINDOW SCAN >>>
2026-09-05,02:40:15 GMT,V6.2 DIAG | 5 0 8 0.050000000000000044 0 -0.04999999999999999 0 0.1 -0.15 0 7 1 0 0 0 0 1 0
2026-09-05,02:40:15 GMT,V6.2 BLOCK - final pressure/veto/active/timing gate failed or signal already used
2026-09-05,02:40:15 GMT,SENTINEL V6 MULTI-WINDOW SCAN >>>
2026-09-05,02:40:15 GMT,V6.2 DIAG | 3 0 8 0.10000000000000009 0 -0.09999999999999998 0 0.05000000000000002 -0.15 0 6 2 0 0 0 0 1 1
2026-09-05,02:40:15 GMT,V6.2 BLOCK - final pressure/veto/active/timing gate failed or signal already used
2026-09-05,02:40:15 GMT,SENTINEL V6 MULTI-WINDOW SCAN >>>
2026-09-05,02:40:15 GMT,V6.2 DIAG | 5 0 8 0.10000000000000009 0 -0.09999999999999998 0 0.05000000000000002 -0.15 0 6 2 0 0 0 0 1 0
2026-09-05,02:40:15 GMT,V6.2 BLOCK - final pressure/veto/active/timing gate failed or signal already used
2026-09-05,02:40:15 GMT,SENTINEL V6 MULTI-WINDOW SCAN >>>
2026-09-05,02:40:15 GMT,V6.2 DIAG | 7 0 8 0.10000000000000009 0 -0.09999999999999998 0 0.05000000000000002 -0.15 0 6 2 0 1 0 0 1 0
2026-09-05,02:40:15 GMT,V6.2 BLOCK - final pressure/veto/active/timing gate failed or signal already used
2026-09-05,02:40:15 GMT,SENTINEL V6 MULTI-WINDOW SCAN >>>
2026-09-05,02:40:15 GMT,V6.2 DIAG | 3 0 8 0.20000000000000007 -0.028571428571428567 -0.19999999999999998 0.06666666666666667 0.35000000000000003 -0.15 0 7 1 0 0 0 0 1 0
2026-09-05,02:40:15 GMT,V6.2 BLOCK - final pressure/veto/active/timing gate failed or signal already used
2026-09-05,02:40:15 GMT,SENTINEL V6 MULTI-WINDOW SCAN >>>
2026-09-05,02:40:15 GMT,V6.2 DIAG | 6 0 8 0.20000000000000007 -0.028571428571428567 -0.19999999999999998 0.06666666666666667 0.35000000000000003 -0.15 0 7 1 0 0 0 0 1 0
2026-09-05,02:40:15 GMT,V6.2 BLOCK - final pressure/veto/active/timing gate failed or signal already used
2026-09-05,02:40:15 GMT,SENTINEL V6 MULTI-WINDOW SCAN >>>
2026-09-05,02:40:15 GMT,V6.2 DIAG | 0 0 8 0.25 -0.028571428571428567 -0.24999999999999997 0.06666666666666667 0.30000000000000004 -0.15 0 7 1 0 0 0 0 1 0
2026-09-05,02:40:15 GMT,V6.2 BLOCK - final pressure/veto/active/timing gate failed or signal already used
2026-09-05,02:40:15 GMT,SENTINEL V6 MULTI-WINDOW SCAN >>>
2026-09-05,02:40:15 GMT,V6.2 DIAG | 1 0 8 0.15000000000000002 0 -0.14999999999999997 0 0.30000000000000004 -0.45 0 7 1 0 0 0 0 1 0
2026-09-05,02:40:15 GMT,V6.2 BLOCK - final pressure/veto/active/timing gate failed or signal already used
2026-09-05,02:40:15 GMT,SENTINEL V6 MULTI-WINDOW SCAN >>>
2026-09-05,02:40:15 GMT,V6.2 DIAG | 7 0 8 0.15000000000000002 0 -0.14999999999999997 0 0.30000000000000004 -0.45 0 7 1 0 1 0 0 1 0
2026-09-05,02:40:15 GMT,V6.2 BLOCK - final pressure/veto/active/timing gate failed or signal already used
2026-09-05,02:40:15 GMT,SENTINEL V6 MULTI-WINDOW SCAN >>>
2026-09-05,02:40:15 GMT,V6.2 DIAG | 6 0 12 0.30000000000000004 0.028571428571428567 -0.30000000000000004 -0.06666666666666667 -0.25 -0.45 0 7 1 1 0 1 0 1 0
2026-09-05,02:40:15 GMT,V6.2 BLOCK - final pressure/veto/active/timing gate failed or signal already used
2026-09-05,02:40:15 GMT,SENTINEL V6 MULTI-WINDOW SCAN >>>
2026-09-05,02:40:15 GMT,V6.2 DIAG | 3 0 12 0.35 0.028571428571428567 -0.35 -0.06666666666666667 -0.25 -0.45 -0.05 7 1 1 1 1 0 1 0
2026-09-05,02:40:15 GMT,V6.2 BLOCK - final pressure/veto/active/timing gate failed or signal already used
2026-09-05,02:40:15 GMT,SENTINEL V6 MULTI-WINDOW SCAN >>>
2026-09-05,02:40:15 GMT,V6.2 DIAG | 6 0 12 0.4 0.028571428571428567 -0.4 -0.06666666666666667 -0.25 -0.5 -0.05 7 1 1 0 1 0 1 0
2026-09-05,02:40:15 GMT,V6.2 BLOCK - final pressure/veto/active/timing gate failed or signal already used
2026-09-05,02:40:15 GMT,SENTINEL V6 MULTI-WINDOW SCAN >>>
2026-09-05,02:40:15 GMT,V6.2 DIAG | 0 0 8 0.4 -0.028571428571428567 -0.4 0.06666666666666667 -0.25 0.30000000000000004 -0.05 7 1 1 1 0 0 1 0
2026-09-05,02:40:15 GMT,V6.2 BLOCK - final pressure/veto/active/timing gate failed or signal already used
2026-09-05,02:40:15 GMT,SENTINEL V6 MULTI-WINDOW SCAN >>>
2026-09-05,02:40:15 GMT,V6.2 DIAG | 6 0 8 0.4 -0.028571428571428567 -0.4 0.06666666666666667 -0.25 0.30000000000000004 -0.05 7 1 1 1 0 0 1 0
2026-09-05,02:40:15 GMT,V6.2 BLOCK - final pressure/veto/active/timing gate failed or signal already used
2026-09-05,02:40:15 GMT,SENTINEL V6 MULTI-WINDOW SCAN >>>
2026-09-05,02:40:15 GMT,V6.2 DIAG | 6 0 8 0.25 0 -0.25 0 -0.5 0.30000000000000004 -0.05 7 1 1 1 0 0 1 0
2026-09-05,02:40:15 GMT,V6.2 BLOCK - final pressure/veto/active/timing gate failed or signal already used
2026-09-05,02:40:15 GMT,SENTINEL V6 MULTI-WINDOW SCAN >>>
2026-09-05,02:40:15 GMT,V6.2 DIAG | 0 0 11 0.09999999999999998 0.028571428571428567 -0.10000000000000003 -0.06666666666666667 -0.5 0.05000000000000002 -0.05 7 1 1 0 1 0 1 0
2026-09-05,02:40:15 GMT,V6.2 BLOCK - final pressure/veto/active/timing gate failed or signal already used
2026-09-05,02:40:15 GMT,SENTINEL V6 MULTI-WINDOW SCAN >>>
2026-09-05,02:40:15 GMT,V6.2 DIAG | 8 0 11 0.09999999999999998 0.028571428571428567 -0.10000000000000003 -0.06666666666666667 -0.5 0.05000000000000002 -0.05 6 2 1 0 0 0 1 0
2026-09-05,02:40:15 GMT,V6.2 BLOCK - final pressure/veto/active/timing gate failed or signal already used
2026-09-05,02:40:15 GMT,SENTINEL V6 MULTI-WINDOW SCAN >>>
2026-09-05,02:40:15 GMT,V6.2 DIAG | 0 0 12 0.09999999999999998 0.08571428571428572 -0.10000000000000003 -0.2 -0.8 -0.45 -0.05 6 2 1 0 0 0 1 0
2026-09-05,02:40:15 GMT,V6.2 BLOCK - final pressure/veto/active/timing gate failed or signal already used
2026-09-05,02:40:15 GMT,SENTINEL V6 MULTI-WINDOW SCAN >>>
2026-09-05,02:40:15 GMT,V6.2 DIAG | 6 0 10 0 0.11428571428571428 0 -0.26666666666666666 -0.8 -0.75 -0.05 6 2 1 0 0 0 1 0
2026-09-05,02:40:15 GMT,V6.2 BLOCK - final pressure/veto/active/timing gate failed or signal already used
2026-09-05,02:40:15 GMT,SENTINEL V6 MULTI-WINDOW SCAN >>>
2026-09-05,02:40:15 GMT,V6.2 DIAG | 6 0 11 0.04999999999999993 0.05714285714285714 -0.04999999999999999 -0.13333333333333336 0 -0.75 -0.1 5 3 1 0 0 0 1 0
2026-09-05,02:39:54 GMT,V6.2 BLOCK - final pressure/veto/active/timing gate failed or signal already used
2026-09-05,02:39:54 GMT,SENTINEL V6 MULTI-WINDOW SCAN >>>
2026-09-05,02:39:54 GMT,V6.2 DIAG | 3 0 4 0.04999999999999993 0 -0.04999999999999999 0 0 0.05000000000000002 -0.1 4 4 2 1 0 0 1 0
2026-09-05,02:39:54 GMT,V6.2 BLOCK - final pressure/veto/active/timing gate failed or signal already used
2026-09-05,02:39:54 GMT,SENTINEL V6 MULTI-WINDOW SCAN >>>
2026-09-05,02:39:54 GMT,V6.2 DIAG | 4 0 6 -0.09999999999999998 0.028571428571428574 0.09999999999999998 -0.06666666666666668 -0.25 0.05000000000000002 -0.1 4 4 2 0 0 0 1 0
2026-09-05,02:39:54 GMT,V6.2 BLOCK - final pressure/veto/active/timing gate failed or signal already used
2026-09-05,02:39:54 GMT,SENTINEL V6 MULTI-WINDOW SCAN >>>
2026-09-05,02:39:54 GMT,V6.2 DIAG | 1 0 2 -0.09999999999999998 -0.028571428571428574 0.09999999999999998 0.06666666666666668 0.55 0.05000000000000002 -0.1 4 4 2 0 0 0 1 0
2026-09-05,02:39:53 GMT,V6.2 BLOCK - final pressure/veto/active/timing gate failed or signal already used
2026-09-05,02:39:53 GMT,SENTINEL V6 MULTI-WINDOW SCAN >>>
2026-09-05,02:39:53 GMT,V6.2 DIAG | 7 0 2 -0.09999999999999998 -0.08571428571428572 0.09999999999999998 0.2 0.55 0.8500000000000001 -0.1 3 5 2 1 0 0 1 0
2026-09-05,02:39:53 GMT,V6.2 BLOCK - final pressure/veto/active/timing gate failed or signal already used
2026-09-05,02:39:53 GMT,SENTINEL V6 MULTI-WINDOW SCAN >>>
2026-09-05,02:39:53 GMT,V6.2 DIAG | 8 0 2 0 -0.05714285714285714 0 0.13333333333333336 0.05000000000000002 0.8500000000000001 -0.1 4 4 2 1 0 0 1 0
2026-09-05,02:39:53 GMT,V6.2 BLOCK - final pressure/veto/active/timing gate failed or signal already used
2026-09-05,02:39:53 GMT,SENTINEL V6 MULTI-WINDOW SCAN >>>
2026-09-05,02:39:53 GMT,V6.2 DIAG | 2 0 7 0.09999999999999998 -0.028571428571428567 -0.10000000000000003 0.06666666666666667 0.05000000000000002 0.35000000000000003 -0.1 5 3 1 1 0 0 1 0
2026-09-05,02:39:53 GMT,V6.2 BLOCK - final pressure/veto/active/timing gate failed or signal already used
2026-09-05,02:39:53 GMT,SENTINEL V6 MULTI-WINDOW SCAN >>>
2026-09-05,02:39:53 GMT,V6.2 DIAG | 7 0 5 -0.050000000000000044 -0.05714285714285714 0.050000000000000044 0.13333333333333336 0.6 0.35000000000000003 -0.1 5 3 1 1 0 0 1 0
2026-09-05,02:39:53 GMT,V6.2 BLOCK - final pressure/veto/active/timing gate failed or signal already used
2026-09-05,02:39:53 GMT,SENTINEL V6 MULTI-WINDOW SCAN >>>
2026-09-05,02:39:53 GMT,V6.2 DIAG | 8 0 5 -0.09999999999999998 0 0.10000000000000003 0 0.1 0.1 -0.1 6 2 1 1 0 0 1 0
2026-09-05,02:39:53 GMT,V6.2 BLOCK - final pressure/veto/active/timing gate failed or signal already used
2026-09-05,02:39:53 GMT,SENTINEL V6 MULTI-WINDOW SCAN >>>
2026-09-05,02:39:53 GMT,V6.2 DIAG | 5 0 9 0 0.028571428571428567 0 -0.06666666666666667 0.1 -0.4 -0.1 6 2 0 1 0 0 1 0
2026-09-05,02:39:53 GMT,V6.2 BLOCK - final pressure/veto/active/timing gate failed or signal already used
2026-09-05,02:39:53 GMT,SENTINEL V6 MULTI-WINDOW SCAN >>>
2026-09-05,02:39:53 GMT,V6.2 DIAG | 5 0 10 -0.15000000000000002 0.05714285714285714 0.15000000000000002 -0.13333333333333336 -0.15000000000000002 -0.4 -0.1 5 3 1 1 0 0 1 0
2026-09-05,02:39:53 GMT,V6.2 BLOCK - final pressure/veto/active/timing gate failed or signal already used
2026-09-05,02:39:53 GMT,SENTINEL V6 MULTI-WINDOW SCAN >>>
2026-09-05,02:39:53 GMT,V6.2 DIAG | 7 0 10 -0.30000000000000004 0.08571428571428572 0.3 -0.2 -0.15000000000000002 -0.4 -0.35000000000000003 5 3 1 0 0 0 1 0
2026-09-05,02:39:53 GMT,V6.2 BLOCK - final pressure/veto/active/timing gate failed or signal already used
2026-09-05,02:39:53 GMT,SENTINEL V6 MULTI-WINDOW SCAN >>>
2026-09-05,02:39:53 GMT,V6.2 DIAG | 0 0 9 -0.35 0.08571428571428572 0.35 -0.2 0.15000000000000002 -0.65 -0.35000000000000003 5 3 1 0 0 0 1 0
2026-09-05,02:39:53 GMT,V6.2 BLOCK - final pressure/veto/active/timing gate failed or signal already used
2026-09-05,02:39:53 GMT,SENTINEL V6 MULTI-WINDOW SCAN >>>
2026-09-05,02:39:53 GMT,V6.2 DIAG | 1 0 6 -0.30000000000000004 0.028571428571428574 0.3 -0.06666666666666668 0.1 0.15000000000000002 -0.35000000000000003 4 4 1 1 0 0 1 0
2026-09-05,02:39:53 GMT,V6.2 BLOCK - final pressure/veto/active/timing gate failed or signal already used
2026-09-05,02:39:53 GMT,SENTINEL V6 MULTI-WINDOW SCAN >>>
2026-09-05,02:39:53 GMT,V6.2 DIAG | 6 0 5 -0.25 0.028571428571428574 0.25 -0.06666666666666668 0.05000000000000002 0.15000000000000002 -0.35000000000000003 3 5 2 1 0 0 1 0
2026-09-05,02:39:53 GMT,V6.2 BLOCK - final pressure/veto/active/timing gate failed or signal already used
2026-09-05,02:39:53 GMT,SENTINEL V6 MULTI-WINDOW SCAN >>>
2026-09-05,02:39:53 GMT,V6.2 DIAG | 2 0 2 -0.19999999999999996 -0.028571428571428574 0.2 0.06666666666666668 0.8500000000000001 0.1 -0.35000000000000003 3 5 2 0 0 0 1 0
2026-09-05,02:39:53 GMT,V6.2 BLOCK - final pressure/veto/active/timing gate failed or signal already used
2026-09-05,02:39:53 GMT,SENTINEL V6 MULTI-WINDOW SCAN >>>
2026-09-05,02:39:53 GMT,V6.2 DIAG | 7 0 1 -0.19999999999999996 -0.08571428571428572 0.2 0.2 0.8500000000000001 0.1 0.45 3 5 2 1 0 0 1 0
2026-09-05,02:39:53 GMT,V6.2 BLOCK - final pressure/veto/active/timing gate failed or signal already used
2026-09-05,02:39:53 GMT,SENTINEL V6 MULTI-WINDOW SCAN >>>
2026-09-05,02:39:53 GMT,V6.2 DIAG | 8 0 1 -0.09999999999999998 -0.11428571428571428 0.10000000000000003 0.26666666666666666 0.35000000000000003 0.9 0.45 4 4 2 1 0 0 1 0
2026-09-05,02:39:53 GMT,V6.2 BLOCK - final pressure/veto/active/timing gate failed or signal already used
2026-09-05,02:39:53 GMT,SENTINEL V6 MULTI-WINDOW SCAN >>>
2026-09-05,02:39:53 GMT,V6.2 DIAG | 2 0 4 -0.15000000000000002 -0.05714285714285714 0.15000000000000002 0.13333333333333336 0.1 0.4 0.45 5 3 1 1 0 0 1 0
2026-09-05,02:39:53 GMT,V6.2 BLOCK - final pressure/veto/active/timing gate failed or signal already used
2026-09-05,02:39:53 GMT,SENTINEL V6 MULTI-WINDOW SCAN >>>
2026-09-05,02:39:53 GMT,V6.2 DIAG | 7 0 4 -0.30000000000000004 -0.028571428571428574 0.3 0.06666666666666668 0.1 0.15000000000000002 0.45 5 3 1 1 0 0 1 0
2026-09-05,02:39:53 GMT,V6.2 BLOCK - final pressure/veto/active/timing gate failed or signal already used
2026-09-05,02:39:53 GMT,SENTINEL V6 MULTI-WINDOW SCAN >>>
2026-09-05,02:39:53 GMT,V6.2 DIAG | 9 0 8 -0.35 0.028571428571428574 0.35 -0.06666666666666668 -0.4 0.15000000000000002 0.2 5 3 1 1 0 0 1 0
2026-09-05,02:39:53 GMT,V6.2 BLOCK - final pressure/veto/active/timing gate failed or signal already used
2026-09-05,02:39:53 GMT,SENTINEL V6 MULTI-WINDOW SCAN >>>
2026-09-05,02:39:53 GMT,V6.2 DIAG | 8 0 8 -0.25 0.05714285714285714 0.25 -0.13333333333333336 -0.4 0.15000000000000002 -0.30000000000000004 5 3 2 1 0 0 1 0
2026-09-05,02:39:53 GMT,V6.2 BLOCK - final pressure/veto/active/timing gate failed or signal already used
2026-09-05,02:39:53 GMT,SENTINEL V6 MULTI-WINDOW SCAN >>>
2026-09-05,02:39:53 GMT,V6.2 DIAG | 1 0 10 -0.10000000000000009 0.08571428571428572 0.09999999999999998 -0.2 -0.4 -0.35000000000000003 -0.35000000000000003 5 3 1 0 0 0 1 0
2026-09-05,02:39:34 GMT,V6.2 BLOCK - final pressure/veto/active/timing gate failed or signal already used
2026-09-05,02:39:34 GMT,SENTINEL V6 MULTI-WINDOW SCAN >>>
2026-09-05,02:39:34 GMT,V6.2 DIAG | 1 0 9 -0.10000000000000009 0.028571428571428567 0.09999999999999998 -0.06666666666666667 0.4 -0.35000000000000003 -0.35000000000000003 5 3 1 0 0 0 1 0
2026-09-05,02:39:34 GMT,V6.2 BLOCK - final pressure/veto/active/timing gate failed or signal already used
2026-09-05,02:39:34 GMT,SENTINEL V6 MULTI-WINDOW SCAN >>>
2026-09-05,02:39:34 GMT,V6.2 DIAG | 4 0 5 -0.10000000000000009 -0.028571428571428567 0.09999999999999998 0.06666666666666667 0.4 0.45 -0.35000000000000003 5 3 1 1 0 0 1 0
2026-09-05,02:39:34 GMT,V6.2 BLOCK - final pressure/veto/active/timing gate failed or signal already used
2026-09-05,02:39:34 GMT,SENTINEL V6 MULTI-WINDOW SCAN >>>
2026-09-05,02:39:34 GMT,V6.2 DIAG | 0 0 4 -0.10000000000000009 -0.08571428571428572 0.09999999999999998 0.2 0.4 0.45 0.45 5 3 1 1 0 0 1 0
2026-09-05,02:39:34 GMT,V6.2 BLOCK - final pressure/veto/active/timing gate failed or signal already used
2026-09-05,02:39:34 GMT,SENTINEL V6 MULTI-WINDOW SCAN >>>
2026-09-05,02:39:34 GMT,V6.2 DIAG | 4 0 4 -0.10000000000000009 -0.08571428571428572 0.09999999999999998 0.2 0.4 0.45 0.45 5 3 1 1 0 0 1 0
2026-09-05,02:39:33 GMT,V6.2 BLOCK - final pressure/veto/active/timing gate failed or signal already used
2026-09-05,02:39:33 GMT,SENTINEL V6 MULTI-WINDOW SCAN >>>
2026-09-05,02:39:33 GMT,V6.2 DIAG | 7 0 4 -0.050000000000000044 -0.08571428571428572 0.04999999999999999 0.2 0.4 0.4 0.45 5 3 1 1 0 0 1 0
2026-09-05,02:39:33 GMT,V6.2 BLOCK - final pressure/veto/active/timing gate failed or signal already used
2026-09-05,02:39:33 GMT,SENTINEL V6 MULTI-WINDOW SCAN >>>
2026-09-05,02:39:33 GMT,V6.2 DIAG | 8 0 7 0.10000000000000009 -0.057142857142857134 -0.09999999999999998 0.13333333333333333 -0.1 0.35000000000000003 0.45 6 2 1 1 0 0 1 0
2026-09-05,02:39:33 GMT,V6.2 BLOCK - final pressure/veto/active/timing gate failed or signal already used
2026-09-05,02:39:33 GMT,SENTINEL V6 MULTI-WINDOW SCAN >>>
2026-09-05,02:39:33 GMT,V6.2 DIAG | 9 0 8 0.20000000000000007 -0.028571428571428567 -0.19999999999999998 0.06666666666666667 -0.1 -0.15 0.45 7 1 0 1 0 0 1 0
2026-09-05,02:39:33 GMT,V6.2 BLOCK - final pressure/veto/active/timing gate failed or signal already used
2026-09-05,02:39:33 GMT,SENTINEL V6 MULTI-WINDOW SCAN >>>
2026-09-05,02:39:33 GMT,V6.2 DIAG | 4 0 9 0.35 0 -0.35 0 -0.15 -0.15 -0.05 8 0 0 0 0 0 1 0
2026-09-05,02:39:33 GMT,V6.2 BLOCK - final pressure/veto/active/timing gate failed or signal already used
2026-09-05,02:39:33 GMT,SENTINEL V6 MULTI-WINDOW SCAN >>>
2026-09-05,02:39:33 GMT,V6.2 DIAG | 4 1 9 0.35 0 -0.35 0 -0.15 -0.15 -0.05 8 0 0 1 0 0 1 0
2026-09-05,02:39:33 GMT,V6.2 BLOCK - final pressure/veto/active/timing gate failed or signal already used
2026-09-05,02:39:33 GMT,SENTINEL V6 MULTI-WINDOW SCAN >>>
2026-09-05,02:39:33 GMT,V6.2 DIAG | 4 0 9 0.4 0 -0.4 0 -0.15 -0.2 -0.05 8 0 0 0 0 0 1 1
2026-09-05,02:39:33 GMT,V6.2 BLOCK - final pressure/veto/active/timing gate failed or signal already used
2026-09-05,02:39:33 GMT,SENTINEL V6 MULTI-WINDOW SCAN >>>
2026-09-05,02:39:33 GMT,V6.2 DIAG | 1 0 12 0.25 0.028571428571428567 -0.24999999999999997 -0.06666666666666667 -0.4 -0.2 -0.05 8 0 0 0 0 0 1 0
2026-09-05,02:39:33 GMT,V6.2 BLOCK - final pressure/veto/active/timing gate failed or signal already used
2026-09-05,02:39:33 GMT,SENTINEL V6 MULTI-WINDOW SCAN >>>
2026-09-05,02:39:33 GMT,V6.2 DIAG | 4 0 12 0.10000000000000009 0.057142857142857134 -0.09999999999999998 -0.13333333333333333 -0.65 -0.2 -0.05 8 0 0 0 0 0 1 0
2026-09-05,02:39:33 GMT,V6.2 BLOCK - final pressure/veto/active/timing gate failed or signal already used
2026-09-05,02:39:33 GMT,SENTINEL V6 MULTI-WINDOW SCAN >>>
2026-09-05,02:39:33 GMT,V6.2 DIAG | 4 0 10 -0.050000000000000044 0.08571428571428572 0.04999999999999999 -0.2 -0.65 -0.45 -0.05 7 1 0 0 0 0 1 0
2026-09-05,02:39:33 GMT,V6.2 BLOCK - final pressure/veto/active/timing gate failed or signal already used
2026-09-05,02:39:33 GMT,SENTINEL V6 MULTI-WINDOW SCAN >>>
2026-09-05,02:39:33 GMT,V6.2 DIAG | 3 0 10 0 0.08571428571428572 0 -0.2 -0.65 -0.5 -0.05 6 2 0 0 0 0 1 0
2026-09-05,02:39:33 GMT,V6.2 BLOCK - final pressure/veto/active/timing gate failed or signal already used
2026-09-05,02:39:33 GMT,SENTINEL V6 MULTI-WINDOW SCAN >>>
2026-09-05,02:39:33 GMT,V6.2 DIAG | 0 0 10 0 0.08571428571428572 0 -0.2 -0.65 -0.5 -0.05 5 3 1 0 0 0 1 0
2026-09-05,02:39:33 GMT,V6.2 BLOCK - final pressure/veto/active/timing gate failed or signal already used
2026-09-05,02:39:33 GMT,SENTINEL V6 MULTI-WINDOW SCAN >>>
2026-09-05,02:39:33 GMT,V6.2 DIAG | 2 0 9 0 0.028571428571428567 0 -0.06666666666666667 0.15000000000000002 -0.5 -0.05 5 3 1 0 0 0 1 0
2026-09-05,02:39:33 GMT,V6.2 BLOCK - final pressure/veto/active/timing gate failed or signal already used
2026-09-05,02:39:33 GMT,SENTINEL V6 MULTI-WINDOW SCAN >>>
2026-09-05,02:39:33 GMT,V6.2 DIAG | 1 0 7 0.04999999999999993 -0.028571428571428567 -0.04999999999999999 0.06666666666666667 0.9500000000000001 -0.55 -0.05 5 3 1 0 0 0 1 0
2026-09-05,02:39:33 GMT,V6.2 BLOCK - final pressure/veto/active/timing gate failed or signal already used
2026-09-05,02:39:33 GMT,SENTINEL V6 MULTI-WINDOW SCAN >>>
2026-09-05,02:39:33 GMT,V6.2 DIAG | 2 0 6 0.04999999999999993 -0.08571428571428572 -0.04999999999999999 0.2 0.9500000000000001 0.25 -0.05 5 3 1 1 0 0 1 0
2026-09-05,02:39:33 GMT,V6.2 BLOCK - final pressure/veto/active/timing gate failed or signal already used
2026-09-05,02:39:33 GMT,SENTINEL V6 MULTI-WINDOW SCAN >>>
2026-09-05,02:39:33 GMT,V6.2 DIAG | 6 0 6 0.04999999999999993 -0.08571428571428572 -0.04999999999999999 0.2 0.9500000000000001 0.25 -0.05 5 3 1 1 0 0 1 0
2026-09-05,02:39:33 GMT,V6.2 BLOCK - final pressure/veto/active/timing gate failed or signal already used
2026-09-05,02:39:33 GMT,SENTINEL V6 MULTI-WINDOW SCAN >>>
2026-09-05,02:39:33 GMT,V6.2 DIAG | 7 0 5 -0.050000000000000044 -0.05714285714285714 0.050000000000000044 0.13333333333333336 0.9500000000000001 0.25 -0.35000000000000003 5 3 1 1 0 0 1 0
2026-09-05,02:39:33 GMT,V6.2 BLOCK - final pressure/veto/active/timing gate failed or signal already used
2026-09-05,02:39:33 GMT,SENTINEL V6 MULTI-WINDOW SCAN >>>
2026-09-05,02:39:33 GMT,V6.2 DIAG | 7 0 7 0.09999999999999998 -0.028571428571428567 -0.10000000000000003 0.06666666666666667 0.4 0.25 -0.35000000000000003 6 2 1 1 0 0 1 0
2026-09-05,02:39:12 GMT,V6.2 BLOCK - final pressure/veto/active/timing gate failed or signal already used
2026-09-05,02:39:12 GMT,SENTINEL V6 MULTI-WINDOW SCAN >>>
2026-09-05,02:39:12 GMT,V6.2 DIAG | 8 0 8 0.20000000000000007 0 -0.2 0 -0.1 0.25 -0.35000000000000003 6 2 1 1 0 0 1 0
2026-09-05,02:39:12 GMT,V6.2 BLOCK - final pressure/veto/active/timing gate failed or signal already used
2026-09-05,02:39:12 GMT,SENTINEL V6 MULTI-WINDOW SCAN >>>
2026-09-05,02:39:12 GMT,V6.2 DIAG | 2 0 12 0.30000000000000004 0.028571428571428567 -0.30000000000000004 -0.06666666666666667 -0.1 -0.25 -0.35000000000000003 7 1 0 0 1 0 1 0
2026-09-05,02:39:12 GMT,V6.2 BLOCK - final pressure/veto/active/timing gate failed or signal already used
2026-09-05,02:39:12 GMT,SENTINEL V6 MULTI-WINDOW SCAN >>>
2026-09-05,02:39:12 GMT,V6.2 DIAG | 5 0 12 0.30000000000000004 0.028571428571428567 -0.30000000000000004 -0.06666666666666667 -0.1 -0.25 -0.35000000000000003 7 1 0 0 1 0 1 0
2026-09-05,02:39:12 GMT,V6.2 BLOCK - final pressure/veto/active/timing gate failed or signal already used
2026-09-05,02:39:12 GMT,SENTINEL V6 MULTI-WINDOW SCAN >>>
2026-09-05,02:39:12 GMT,V6.2 DIAG | 5 0 8 0.15000000000000002 0 -0.14999999999999997 0 -0.1 -0.5 0.45 7 1 0 0 0 0 1 0
2026-09-05,02:39:12 GMT,V6.2 BLOCK - final pressure/veto/active/timing gate failed or signal already used
2026-09-05,02:39:12 GMT,SENTINEL V6 MULTI-WINDOW SCAN >>>
2026-09-05,02:39:12 GMT,V6.2 DIAG | 0 0 9 0 0.028571428571428567 0 -0.06666666666666667 -0.1 -0.75 0.45 7 1 0 0 0 0 1 0
2026-09-05,02:39:11 GMT,V6.2 BLOCK - final pressure/veto/active/timing gate failed or signal already used
2026-09-05,02:39:11 GMT,SENTINEL V6 MULTI-WINDOW SCAN >>>
2026-09-05,02:39:11 GMT,V6.2 DIAG | 3 0 9 0 0.028571428571428567 0 -0.06666666666666667 -0.1 -0.75 0.45 6 2 1 1 0 0 1 0
2026-09-05,02:39:11 GMT,V6.2 BLOCK - final pressure/veto/active/timing gate failed or signal already used
2026-09-05,02:39:11 GMT,SENTINEL V6 MULTI-WINDOW SCAN >>>
2026-09-05,02:39:11 GMT,V6.2 DIAG | 6 0 8 -0.15000000000000002 0.05714285714285714 0.15000000000000002 -0.13333333333333336 -0.35000000000000003 -0.75 0.45 5 3 2 0 0 0 1 0
2026-09-05,02:39:11 GMT,V6.2 BLOCK - final pressure/veto/active/timing gate failed or signal already used
2026-09-05,02:39:11 GMT,SENTINEL V6 MULTI-WINDOW SCAN >>>
2026-09-05,02:39:11 GMT,V6.2 DIAG | 9 0 8 -0.09999999999999998 0.05714285714285714 0.10000000000000003 -0.13333333333333336 -0.35000000000000003 -0.8 0.45 5 3 2 0 0 0 1 0
2026-09-05,02:39:11 GMT,V6.2 BLOCK - final pressure/veto/active/timing gate failed or signal already used
2026-09-05,02:39:11 GMT,SENTINEL V6 MULTI-WINDOW SCAN >>>
2026-09-05,02:39:11 GMT,V6.2 DIAG | 5 0 9 -0.15000000000000002 0.05714285714285714 0.15000000000000002 -0.13333333333333336 -0.35000000000000003 -0.25 -0.05 5 3 2 0 0 0 1 0
2026-09-05,02:39:11 GMT,V6.2 BLOCK - final pressure/veto/active/timing gate failed or signal already used
2026-09-05,02:39:11 GMT,SENTINEL V6 MULTI-WINDOW SCAN >>>
2026-09-05,02:39:11 GMT,V6.2 DIAG | 5 0 5 -0.15000000000000002 0 0.15000000000000002 0 -0.35000000000000003 0.55 -0.05 5 3 2 1 0 0 1 0
2026-09-05,02:39:11 GMT,V6.2 BLOCK - final pressure/veto/active/timing gate failed or signal already used
2026-09-05,02:39:11 GMT,SENTINEL V6 MULTI-WINDOW SCAN >>>
2026-09-05,02:39:11 GMT,V6.2 DIAG | 5 0 3 -0.09999999999999998 0 0.10000000000000003 0 -0.35000000000000003 0.55 -0.1 4 4 3 1 0 0 1 0
2026-09-05,02:39:11 GMT,V6.2 BLOCK - final pressure/veto/active/timing gate failed or signal already used
2026-09-05,02:39:11 GMT,SENTINEL V6 MULTI-WINDOW SCAN >>>
2026-09-05,02:39:11 GMT,V6.2 DIAG | 0 0 2 -0.09999999999999998 -0.05714285714285714 0.10000000000000003 0.13333333333333336 0.45 0.55 -0.1 4 4 3 1 0 0 1 0
2026-09-05,02:39:11 GMT,V6.2 BLOCK - final pressure/veto/active/timing gate failed or signal already used
2026-09-05,02:39:11 GMT,SENTINEL V6 MULTI-WINDOW SCAN >>>
2026-09-05,02:39:11 GMT,V6.2 DIAG | 8 0 2 -0.25 -0.028571428571428574 0.25 0.06666666666666668 0.45 0.30000000000000004 -0.1 4 4 3 1 0 0 1 0
2026-09-05,02:39:11 GMT,V6.2 BLOCK - final pressure/veto/active/timing gate failed or signal already used
2026-09-05,02:39:11 GMT,SENTINEL V6 MULTI-WINDOW SCAN >>>
2026-09-05,02:39:11 GMT,V6.2 DIAG | 8 0 4 -0.15000000000000002 -0.05714285714285714 0.15000000000000002 0.13333333333333336 0.45 0.6 -0.1 5 3 2 1 0 0 1 0
2026-09-05,02:39:11 GMT,V6.2 BLOCK - final pressure/veto/active/timing gate failed or signal already used
2026-09-05,02:39:11 GMT,SENTINEL V6 MULTI-WINDOW SCAN >>>
2026-09-05,02:39:11 GMT,V6.2 DIAG | 3 0 4 -0.050000000000000044 -0.028571428571428567 0.04999999999999999 0.06666666666666667 0.45 0.1 -0.1 5 3 2 1 0 0 1 0
2026-09-05,02:39:11 GMT,V6.2 BLOCK - final pressure/veto/active/timing gate failed or signal already used
2026-09-05,02:39:11 GMT,SENTINEL V6 MULTI-WINDOW SCAN >>>
2026-09-05,02:39:11 GMT,V6.2 DIAG | 7 0 5 -0.20000000000000007 0 0.2 0 0.45 -0.15000000000000002 -0.1 5 3 2 1 0 0 1 0
2026-09-05,02:39:11 GMT,V6.2 BLOCK - final pressure/veto/active/timing gate failed or signal already used
2026-09-05,02:39:11 GMT,SENTINEL V6 MULTI-WINDOW SCAN >>>
2026-09-05,02:39:11 GMT,V6.2 DIAG | 6 0 9 -0.10000000000000009 0.028571428571428567 0.09999999999999998 -0.06666666666666667 -0.05 -0.15000000000000002 -0.1 6 2 2 0 0 0 1 0
2026-09-05,02:39:11 GMT,V6.2 BLOCK - final pressure/veto/active/timing gate failed or signal already used
2026-09-05,02:39:11 GMT,SENTINEL V6 MULTI-WINDOW SCAN >>>
2026-09-05,02:39:11 GMT,V6.2 DIAG | 8 0 5 -0.10000000000000009 -0.028571428571428567 0.09999999999999998 0.06666666666666667 -0.05 0.65 -0.1 5 3 3 1 0 0 1 0
2026-09-05,02:39:11 GMT,V6.2 BLOCK - final pressure/veto/active/timing gate failed or signal already used
2026-09-05,02:39:11 GMT,SENTINEL V6 MULTI-WINDOW SCAN >>>
2026-09-05,02:39:11 GMT,V6.2 DIAG | 6 0 8 -0.15000000000000002 0.028571428571428567 0.15 -0.06666666666666667 -0.05 0.15000000000000002 -0.35000000000000003 6 2 2 1 0 0 1 0
2026-09-05,02:39:11 GMT,V6.2 BLOCK - final pressure/veto/active/timing gate failed or signal already used
2026-09-05,02:39:11 GMT,SENTINEL V6 MULTI-WINDOW SCAN >>>
2026-09-05,02:39:11 GMT,V6.2 DIAG | 0 0 8 -0.30000000000000004 0.05714285714285714 0.30000000000000004 -0.13333333333333336 -0.30000000000000004 0.15000000000000002 -0.35000000000000003 6 2 2 1 0 0 1 0
2026-09-05,02:39:11 GMT,V6.2 BLOCK - final pressure/veto/active/timing gate failed or signal already used
2026-09-05,02:39:11 GMT,SENTINEL V6 MULTI-WINDOW SCAN >>>
2026-09-05,02:39:11 GMT,V6.2 DIAG | 1 0 5 -0.25 0 0.25 0 -0.35000000000000003 0.9500000000000001 -0.35000000000000003 5 3 2 1 0 0 1 0
2026-09-05,02:38:51 GMT,V6.2 BLOCK - final pressure/veto/active/timing gate failed or signal already used
2026-09-05,02:38:51 GMT,SENTINEL V6 MULTI-WINDOW SCAN >>>
2026-09-05,02:38:51 GMT,V6.2 DIAG | 8 0 3 -0.20000000000000007 0 0.2 0 -0.35000000000000003 0.9 -0.35000000000000003 4 4 2 1 0 0 1 0
2026-09-05,02:38:51 GMT,V6.2 BLOCK - final pressure/veto/active/timing gate failed or signal already used
2026-09-05,02:38:51 GMT,SENTINEL V6 MULTI-WINDOW SCAN >>>
2026-09-05,02:38:51 GMT,V6.2 DIAG | 5 0 9 -0.10000000000000009 0.028571428571428567 0.09999999999999998 -0.06666666666666667 -0.35000000000000003 0.4 -0.35000000000000003 5 3 1 1 0 0 1 0
2026-09-05,02:38:51 GMT,V6.2 BLOCK - final pressure/veto/active/timing gate failed or signal already used
2026-09-05,02:38:51 GMT,SENTINEL V6 MULTI-WINDOW SCAN >>>
2026-09-05,02:38:51 GMT,V6.2 DIAG | 2 0 5 -0.10000000000000009 -0.028571428571428567 0.09999999999999998 0.06666666666666667 -0.35000000000000003 0.4 0.45 5 3 1 1 0 0 1 0
2026-09-05,02:38:51 GMT,V6.2 BLOCK - final pressure/veto/active/timing gate failed or signal already used
2026-09-05,02:38:51 GMT,SENTINEL V6 MULTI-WINDOW SCAN >>>
2026-09-05,02:38:51 GMT,V6.2 DIAG | 8 0 4 -0.050000000000000044 -0.08571428571428572 0.04999999999999999 0.2 0.45 0.35000000000000003 0.45 5 3 1 1 0 0 1 0
2026-09-05,02:38:51 GMT,V6.2 BLOCK - final pressure/veto/active/timing gate failed or signal already used
2026-09-05,02:38:51 GMT,SENTINEL V6 MULTI-WINDOW SCAN >>>
2026-09-05,02:38:51 GMT,V6.2 DIAG | 1 0 7 0.10000000000000009 -0.057142857142857134 -0.09999999999999998 0.13333333333333333 0.45 -0.15 0.4 6 2 0 0 0 0 1 0
2026-09-05,02:38:51 GMT,V6.2 BLOCK - final pressure/veto/active/timing gate failed or signal already used
2026-09-05,02:38:51 GMT,SENTINEL V6 MULTI-WINDOW SCAN >>>
2026-09-05,02:38:51 GMT,V6.2 DIAG | 2 0 7 0.10000000000000009 -0.057142857142857134 -0.09999999999999998 0.13333333333333333 0.45 -0.15 0.4 6 2 0 0 0 0 1 0
2026-09-05,02:38:51 GMT,V6.2 BLOCK - final pressure/veto/active/timing gate failed or signal already used
2026-09-05,02:38:51 GMT,SENTINEL V6 MULTI-WINDOW SCAN >>>
2026-09-05,02:38:51 GMT,V6.2 DIAG | 9 0 5 -0.050000000000000044 -0.028571428571428567 0.04999999999999999 0.06666666666666667 0.45 -0.4 0.4 6 2 0 1 0 0 1 0
2026-09-05,02:38:50 GMT,V6.2 BLOCK - final pressure/veto/active/timing gate failed or signal already used
2026-09-05,02:38:50 GMT,SENTINEL V6 MULTI-WINDOW SCAN >>>
2026-09-05,02:38:50 GMT,V6.2 DIAG | 7 0 8 0.10000000000000009 0 -0.09999999999999998 0 0.4 -0.4 -0.1 7 1 0 1 0 0 1 0
2026-09-05,02:38:50 GMT,V6.2 BLOCK - final pressure/veto/active/timing gate failed or signal already used
2026-09-05,02:38:50 GMT,SENTINEL V6 MULTI-WINDOW SCAN >>>
2026-09-05,02:38:50 GMT,V6.2 DIAG | 6 0 12 0.20000000000000007 0.028571428571428567 -0.19999999999999998 -0.06666666666666667 -0.1 -0.4 -0.1 7 1 1 0 0 0 1 0
2026-09-05,02:38:50 GMT,V6.2 BLOCK - final pressure/veto/active/timing gate failed or signal already used
2026-09-05,02:38:50 GMT,SENTINEL V6 MULTI-WINDOW SCAN >>>
2026-09-05,02:38:50 GMT,V6.2 DIAG | 3 0 12 0.050000000000000044 0.057142857142857134 -0.04999999999999999 -0.13333333333333333 -0.1 -0.4 -0.35000000000000003 7 1 1 0 1 0 1 0
2026-09-05,02:38:50 GMT,V6.2 BLOCK - final pressure/veto/active/timing gate failed or signal already used
2026-09-05,02:38:50 GMT,SENTINEL V6 MULTI-WINDOW SCAN >>>
2026-09-05,02:38:50 GMT,V6.2 DIAG | 0 0 12 0.10000000000000009 0.057142857142857134 -0.09999999999999998 -0.13333333333333333 -0.1 -0.4 -0.4 7 1 1 0 1 0 1 0
2026-09-05,02:38:50 GMT,V6.2 BLOCK - final pressure/veto/active/timing gate failed or signal already used
2026-09-05,02:38:50 GMT,SENTINEL V6 MULTI-WINDOW SCAN >>>
2026-09-05,02:38:50 GMT,V6.2 DIAG | 2 0 8 0.10000000000000009 0 -0.09999999999999998 0 -0.1 0.4 -0.4 6 2 1 1 0 0 1 0
2026-09-05,02:38:50 GMT,V6.2 BLOCK - final pressure/veto/active/timing gate failed or signal already used
2026-09-05,02:38:50 GMT,SENTINEL V6 MULTI-WINDOW SCAN >>>
2026-09-05,02:38:50 GMT,V6.2 DIAG | 4 0 8 0.10000000000000009 0 -0.09999999999999998 0 -0.1 0.4 -0.4 6 2 1 1 0 0 1 0
2026-09-05,02:38:50 GMT,V6.2 BLOCK - final pressure/veto/active/timing gate failed or signal already used
2026-09-05,02:38:50 GMT,SENTINEL V6 MULTI-WINDOW SCAN >>>
2026-09-05,02:38:50 GMT,V6.2 DIAG | 2 0 8 0.15000000000000002 0 -0.14999999999999997 0 -0.1 0.35000000000000003 -0.4 6 2 1 1 0 0 1 0
2026-09-05,02:38:50 GMT,V6.2 BLOCK - final pressure/veto/active/timing gate failed or signal already used
2026-09-05,02:38:50 GMT,SENTINEL V6 MULTI-WINDOW SCAN >>>
2026-09-05,02:38:50 GMT,V6.2 DIAG | 0 0 7 0.15000000000000002 -0.057142857142857134 -0.14999999999999997 0.13333333333333333 -0.1 0.35000000000000003 0.4 6 2 1 1 0 0 1 0
2026-09-05,02:38:50 GMT,V6.2 BLOCK - final pressure/veto/active/timing gate failed or signal already used
2026-09-05,02:38:50 GMT,SENTINEL V6 MULTI-WINDOW SCAN >>>
2026-09-05,02:38:50 GMT,V6.2 DIAG | 8 0 7 0.15000000000000002 -0.057142857142857134 -0.14999999999999997 0.13333333333333333 -0.1 0.35000000000000003 0.4 6 2 1 1 0 0 1 0
2026-09-05,02:38:50 GMT,V6.2 BLOCK - final pressure/veto/active/timing gate failed or signal already used
2026-09-05,02:38:50 GMT,SENTINEL V6 MULTI-WINDOW SCAN >>>
2026-09-05,02:38:50 GMT,V6.2 DIAG | 0 0 8 0.25 -0.028571428571428567 -0.24999999999999997 0.06666666666666667 -0.1 -0.15 0.4 7 1 0 0 0 0 1 0
2026-09-05,02:38:50 GMT,V6.2 BLOCK - final pressure/veto/active/timing gate failed or signal already used
2026-09-05,02:38:50 GMT,SENTINEL V6 MULTI-WINDOW SCAN >>>
2026-09-05,02:38:50 GMT,V6.2 DIAG | 0 0 8 0.25 -0.028571428571428567 -0.24999999999999997 0.06666666666666667 -0.1 -0.15 0.4 7 1 0 1 0 0 1 0
2026-09-05,02:38:50 GMT,V6.2 BLOCK - final pressure/veto/active/timing gate failed or signal already used
2026-09-05,02:38:50 GMT,SENTINEL V6 MULTI-WINDOW SCAN >>>
2026-09-05,02:38:50 GMT,V6.2 DIAG | 9 0 8 0.30000000000000004 -0.028571428571428567 -0.30000000000000004 0.06666666666666667 -0.1 -0.15 0.35000000000000003 7 1 0 0 0 0 1 0
2026-09-05,02:38:50 GMT,V6.2 BLOCK - final pressure/veto/active/timing gate failed or signal already used
2026-09-05,02:38:50 GMT,SENTINEL V6 MULTI-WINDOW SCAN >>>
2026-09-05,02:38:50 GMT,V6.2 DIAG | 0 0 12 0.30000000000000004 0.028571428571428567 -0.30000000000000004 -0.06666666666666667 -0.35000000000000003 -0.2 -0.15 8 0 0 0 0 0 1 0
2026-09-05,02:38:50 GMT,V6.2 BLOCK - final pressure/veto/active/timing gate failed or signal already used
2026-09-05,02:38:50 GMT,SENTINEL V6 MULTI-WINDOW SCAN >>>
2026-09-05,02:38:50 GMT,V6.2 DIAG | 2 0 12 0.15000000000000002 0.057142857142857134 -0.14999999999999997 -0.13333333333333333 -0.35000000000000003 -0.45 -0.15 8 0 0 0 1 0 1 0
2026-09-05,02:38:29 GMT,V6.2 BLOCK - final pressure/veto/active/timing gate failed or signal already used
2026-09-05,02:38:29 GMT,SENTINEL V6 MULTI-WINDOW SCAN >>>
2026-09-05,02:38:29 GMT,V6.2 DIAG | 4 0 12 0.15000000000000002 0.057142857142857134 -0.14999999999999997 -0.13333333333333333 -0.35000000000000003 -0.45 -0.15 7 1 0 1 1 0 1 0
2026-09-05,02:38:29 GMT,V6.2 BLOCK - final pressure/veto/active/timing gate failed or signal already used
2026-09-05,02:38:29 GMT,SENTINEL V6 MULTI-WINDOW SCAN >>>
2026-09-05,02:38:29 GMT,V6.2 DIAG | 2 0 12 0.20000000000000007 0.057142857142857134 -0.2 -0.13333333333333333 -0.35000000000000003 -0.45 -0.2 6 2 1 0 0 0 1 0
2026-09-05,02:38:29 GMT,V6.2 BLOCK - final pressure/veto/active/timing gate failed or signal already used
2026-09-05,02:38:29 GMT,SENTINEL V6 MULTI-WINDOW SCAN >>>
2026-09-05,02:38:29 GMT,V6.2 DIAG | 5 0 11 0.04999999999999993 0.08571428571428572 -0.04999999999999999 -0.2 -0.35000000000000003 -0.7000000000000001 -0.2 6 2 1 0 0 0 1 0
2026-09-05,02:38:29 GMT,V6.2 BLOCK - final pressure/veto/active/timing gate failed or signal already used
2026-09-05,02:38:29 GMT,SENTINEL V6 MULTI-WINDOW SCAN >>>
2026-09-05,02:38:29 GMT,V6.2 DIAG | 4 0 9 -0.09999999999999998 0.05714285714285714 0.10000000000000003 -0.13333333333333336 0.45 -0.7000000000000001 -0.45 6 2 1 0 0 0 1 0
2026-09-05,02:38:29 GMT,V6.2 BLOCK - final pressure/veto/active/timing gate failed or signal already used
2026-09-05,02:38:29 GMT,SENTINEL V6 MULTI-WINDOW SCAN >>>
2026-09-05,02:38:29 GMT,V6.2 DIAG | 5 0 4 -0.050000000000000044 0 0.050000000000000044 0 0.45 0.1 -0.5 5 3 2 0 0 0 1 0
2026-09-05,02:38:29 GMT,V6.2 BLOCK - final pressure/veto/active/timing gate failed or signal already used
2026-09-05,02:38:29 GMT,SENTINEL V6 MULTI-WINDOW SCAN >>>
2026-09-05,02:38:29 GMT,V6.2 DIAG | 5 0 2 -0.050000000000000044 0 0.050000000000000044 0 0.45 0.1 -0.5 4 4 2 1 0 0 1 0
2026-09-05,02:38:29 GMT,V6.2 BLOCK - final pressure/veto/active/timing gate failed or signal already used
2026-09-05,02:38:29 GMT,SENTINEL V6 MULTI-WINDOW SCAN >>>
2026-09-05,02:38:29 GMT,V6.2 DIAG | 0 0 5 -0.19999999999999996 0.028571428571428574 0.2 -0.06666666666666668 0.2 0.1 -0.5 4 4 2 0 0 0 1 0
2026-09-05,02:38:29 GMT,V6.2 BLOCK - final pressure/veto/active/timing gate failed or signal already used
2026-09-05,02:38:29 GMT,SENTINEL V6 MULTI-WINDOW SCAN >>>
2026-09-05,02:38:29 GMT,V6.2 DIAG | 7 0 2 -0.19999999999999996 -0.028571428571428574 0.2 0.06666666666666668 0.2 0.9 -0.5 4 4 2 1 0 0 1 0
2026-09-05,02:38:29 GMT,V6.2 BLOCK - final pressure/veto/active/timing gate failed or signal already used
2026-09-05,02:38:29 GMT,SENTINEL V6 MULTI-WINDOW SCAN >>>
2026-09-05,02:38:29 GMT,V6.2 DIAG | 8 0 2 -0.09999999999999998 -0.05714285714285714 0.10000000000000003 0.13333333333333336 -0.30000000000000004 0.9 0.30000000000000004 4 4 2 1 0 0 1 0
2026-09-05,02:38:29 GMT,V6.2 BLOCK - final pressure/veto/active/timing gate failed or signal already used
2026-09-05,02:38:29 GMT,SENTINEL V6 MULTI-WINDOW SCAN >>>
2026-09-05,02:38:29 GMT,V6.2 DIAG | 5 0 5 -0.09999999999999998 0 0.10000000000000003 0 -0.30000000000000004 0.35000000000000003 0.05000000000000002 5 3 1 1 0 0 1 0
2026-09-05,02:38:28 GMT,V6.2 BLOCK - final pressure/veto/active/timing gate failed or signal already used
2026-09-05,02:38:28 GMT,SENTINEL V6 MULTI-WINDOW SCAN >>>
2026-09-05,02:38:28 GMT,V6.2 DIAG | 0 0 5 -0.09999999999999998 0 0.10000000000000003 0 -0.30000000000000004 0.35000000000000003 0.05000000000000002 5 3 1 1 0 0 1 0
2026-09-05,02:38:28 GMT,V6.2 BLOCK - final pressure/veto/active/timing gate failed or signal already used
2026-09-05,02:38:28 GMT,SENTINEL V6 MULTI-WINDOW SCAN >>>
2026-09-05,02:38:28 GMT,V6.2 DIAG | 8 0 2 -0.09999999999999998 -0.05714285714285714 0.10000000000000003 0.13333333333333336 0.5 0.35000000000000003 0.05000000000000002 4 4 1 1 0 0 1 0
2026-09-05,02:38:28 GMT,V6.2 BLOCK - final pressure/veto/active/timing gate failed or signal already used
2026-09-05,02:38:28 GMT,SENTINEL V6 MULTI-WINDOW SCAN >>>
2026-09-05,02:38:28 GMT,V6.2 DIAG | 9 0 6 -0.09999999999999998 0 0.10000000000000003 0 0.5 -0.4 0 5 3 0 1 0 0 1 0
2026-09-05,02:38:28 GMT,V6.2 BLOCK - final pressure/veto/active/timing gate failed or signal already used
2026-09-05,02:38:28 GMT,SENTINEL V6 MULTI-WINDOW SCAN >>>
2026-09-05,02:38:28 GMT,V6.2 DIAG | 1 0 9 0 0.028571428571428567 0 -0.06666666666666667 0.5 -0.4 -0.5 6 2 0 0 0 0 1 0
2026-09-05,02:38:28 GMT,V6.2 BLOCK - final pressure/veto/active/timing gate failed or signal already used
2026-09-05,02:38:28 GMT,SENTINEL V6 MULTI-WINDOW SCAN >>>
2026-09-05,02:38:28 GMT,V6.2 DIAG | 4 0 6 0.04999999999999993 -0.028571428571428567 -0.04999999999999999 0.06666666666666667 0.5 -0.45 0.30000000000000004 5 3 1 1 0 0 1 0
2026-09-05,02:38:28 GMT,V6.2 BLOCK - final pressure/veto/active/timing gate failed or signal already used
2026-09-05,02:38:28 GMT,SENTINEL V6 MULTI-WINDOW SCAN >>>
2026-09-05,02:38:28 GMT,V6.2 DIAG | 7 0 7 0.09999999999999998 -0.028571428571428567 -0.10000000000000003 0.06666666666666667 0.5 -0.45 0.25 5 3 1 1 0 0 1 0
2026-09-05,02:38:28 GMT,V6.2 BLOCK - final pressure/veto/active/timing gate failed or signal already used
2026-09-05,02:38:28 GMT,SENTINEL V6 MULTI-WINDOW SCAN >>>
2026-09-05,02:38:28 GMT,V6.2 DIAG | 6 0 8 0.25 0 -0.25 0 0 -0.45 0.20000000000000004 6 2 1 0 0 0 1 0
2026-09-05,02:38:28 GMT,V6.2 BLOCK - final pressure/veto/active/timing gate failed or signal already used
2026-09-05,02:38:28 GMT,SENTINEL V6 MULTI-WINDOW SCAN >>>
2026-09-05,02:38:28 GMT,V6.2 DIAG | 2 0 8 0.09999999999999998 -0.028571428571428567 -0.10000000000000003 0.06666666666666667 0 0.35000000000000003 -0.04999999999999999 6 2 1 1 0 0 1 0
2026-09-05,02:38:28 GMT,V6.2 BLOCK - final pressure/veto/active/timing gate failed or signal already used
2026-09-05,02:38:28 GMT,SENTINEL V6 MULTI-WINDOW SCAN >>>
2026-09-05,02:38:28 GMT,V6.2 DIAG | 9 0 6 -0.050000000000000044 0 0.050000000000000044 0 0 0.1 -0.04999999999999999 6 2 1 1 0 0 1 0
2026-09-05,02:38:28 GMT,V6.2 BLOCK - final pressure/veto/active/timing gate failed or signal already used
2026-09-05,02:38:28 GMT,SENTINEL V6 MULTI-WINDOW SCAN >>>
2026-09-05,02:38:28 GMT,V6.2 DIAG | 1 0 10 0.04999999999999993 0.028571428571428567 -0.04999999999999999 -0.06666666666666667 0 0.1 -0.55 6 2 1 0 0 0 1 0
2026-09-05,02:38:28 GMT,V6.2 BLOCK - final pressure/veto/active/timing gate failed or signal already used
2026-09-05,02:38:28 GMT,SENTINEL V6 MULTI-WINDOW SCAN >>>
2026-09-05,02:38:28 GMT,V6.2 DIAG | 5 0 9 0.04999999999999993 0.028571428571428567 -0.04999999999999999 -0.06666666666666667 0 0.1 -0.55 5 3 2 1 0 0 1 0
2026-09-05,02:38:28 GMT,V6.2 BLOCK - final pressure/veto/active/timing gate failed or signal already used
2026-09-05,02:38:28 GMT,SENTINEL V6 MULTI-WINDOW SCAN >>>
2026-09-05,02:38:28 GMT,V6.2 DIAG | 8 0 8 -0.050000000000000044 0.05714285714285714 0.050000000000000044 -0.13333333333333336 0 0.05000000000000002 -0.8 5 3 2 1 0 0 1 0
2026-09-05,02:38:28 GMT,V6.2 BLOCK - final pressure/veto/active/timing gate failed or signal already used
2026-09-05,02:38:28 GMT,SENTINEL V6 MULTI-WINDOW SCAN >>>
2026-09-05,02:38:28 GMT,V6.2 DIAG | 0 0 12 0.09999999999999998 0.028571428571428567 -0.10000000000000003 -0.06666666666666667 -0.05 -0.45 0 6 2 1 0 1 0 1 0
2026-09-05,02:38:08 GMT,V6.2 BLOCK - final pressure/veto/active/timing gate failed or signal already used
2026-09-05,02:38:08 GMT,SENTINEL V6 MULTI-WINDOW SCAN >>>
2026-09-05,02:38:08 GMT,V6.2 DIAG | 4 0 8 0.09999999999999998 -0.028571428571428567 -0.10000000000000003 0.06666666666666667 -0.05 0.35000000000000003 0 5 3 1 1 0 0 1 0
2026-09-05,02:38:08 GMT,V6.2 BLOCK - final pressure/veto/active/timing gate failed or signal already used
2026-09-05,02:38:08 GMT,SENTINEL V6 MULTI-WINDOW SCAN >>>
2026-09-05,02:38:08 GMT,V6.2 DIAG | 3 0 6 0 0 0 0 -0.05 0.30000000000000004 -0.25 5 3 1 1 0 0 1 0
2026-09-05,02:38:08 GMT,V6.2 BLOCK - final pressure/veto/active/timing gate failed or signal already used
2026-09-05,02:38:08 GMT,SENTINEL V6 MULTI-WINDOW SCAN >>>
2026-09-05,02:38:08 GMT,V6.2 DIAG | 2 0 6 0 0 0 0 -0.05 0.30000000000000004 -0.25 5 3 1 1 0 0 1 0
2026-09-05,02:38:08 GMT,V6.2 BLOCK - final pressure/veto/active/timing gate failed or signal already used
2026-09-05,02:38:08 GMT,SENTINEL V6 MULTI-WINDOW SCAN >>>
2026-09-05,02:38:08 GMT,V6.2 DIAG | 9 0 3 0 -0.05714285714285714 0 0.13333333333333336 -0.05 0.30000000000000004 0.55 4 4 1 1 0 0 1 0
2026-09-05,02:38:08 GMT,V6.2 BLOCK - final pressure/veto/active/timing gate failed or signal already used
2026-09-05,02:38:08 GMT,SENTINEL V6 MULTI-WINDOW SCAN >>>
2026-09-05,02:38:08 GMT,V6.2 DIAG | 8 0 7 0.09999999999999998 -0.028571428571428567 -0.10000000000000003 0.06666666666666667 -0.05 0.30000000000000004 0.05000000000000002 5 3 1 1 0 0 1 0
2026-09-05,02:38:08 GMT,V6.2 BLOCK - final pressure/veto/active/timing gate failed or signal already used
2026-09-05,02:38:08 GMT,SENTINEL V6 MULTI-WINDOW SCAN >>>
2026-09-05,02:38:08 GMT,V6.2 DIAG | 3 0 8 0.20000000000000007 0 -0.2 0 -0.05 -0.2 0.05000000000000002 6 2 0 0 0 0 1 0
2026-09-05,02:38:08 GMT,V6.2 BLOCK - final pressure/veto/active/timing gate failed or signal already used
2026-09-05,02:38:08 GMT,SENTINEL V6 MULTI-WINDOW SCAN >>>
2026-09-05,02:38:08 GMT,V6.2 DIAG | 4 0 7 0.04999999999999993 -0.028571428571428567 -0.04999999999999999 0.06666666666666667 -0.05 -0.45 0.8500000000000001 6 2 0 0 0 0 1 0
2026-09-05,02:38:08 GMT,V6.2 BLOCK - final pressure/veto/active/timing gate failed or signal already used
2026-09-05,02:38:08 GMT,SENTINEL V6 MULTI-WINDOW SCAN >>>
2026-09-05,02:38:08 GMT,V6.2 DIAG | 9 0 7 0.04999999999999993 -0.028571428571428567 -0.04999999999999999 0.06666666666666667 -0.05 -0.45 0.8500000000000001 6 2 0 1 0 0 1 0
2026-09-05,02:38:07 GMT,V6.2 BLOCK - final pressure/veto/active/timing gate failed or signal already used
2026-09-05,02:38:07 GMT,SENTINEL V6 MULTI-WINDOW SCAN >>>
2026-09-05,02:38:07 GMT,V6.2 DIAG | 0 0 8 0.15000000000000002 0 -0.14999999999999997 0 -0.05 -0.45 0.35000000000000003 6 2 1 0 0 0 1 0
2026-09-05,02:38:07 GMT,V6.2 BLOCK - final pressure/veto/active/timing gate failed or signal already used
2026-09-05,02:38:07 GMT,SENTINEL V6 MULTI-WINDOW SCAN >>>
2026-09-05,02:38:07 GMT,V6.2 DIAG | 3 0 9 0 0.028571428571428567 0 -0.06666666666666667 -0.05 -0.45 0.1 6 2 1 0 0 0 1 0
2026-09-05,02:38:07 GMT,V6.2 BLOCK - final pressure/veto/active/timing gate failed or signal already used
2026-09-05,02:38:07 GMT,SENTINEL V6 MULTI-WINDOW SCAN >>>
2026-09-05,02:38:07 GMT,V6.2 DIAG | 9 0 10 0.04999999999999993 0.028571428571428567 -0.04999999999999999 -0.06666666666666667 -0.1 -0.45 0.1 6 2 1 0 0 0 1 0
2026-09-05,02:38:07 GMT,V6.2 BLOCK - final pressure/veto/active/timing gate failed or signal already used
2026-09-05,02:38:07 GMT,SENTINEL V6 MULTI-WINDOW SCAN >>>
2026-09-05,02:38:07 GMT,V6.2 DIAG | 4 0 9 0 0.028571428571428567 0 -0.06666666666666667 -0.1 0.1 -0.4 6 2 1 1 0 0 1 0
2026-09-05,02:38:07 GMT,V6.2 BLOCK - final pressure/veto/active/timing gate failed or signal already used
2026-09-05,02:38:07 GMT,SENTINEL V6 MULTI-WINDOW SCAN >>>
2026-09-05,02:38:07 GMT,V6.2 DIAG | 0 0 9 -0.15000000000000002 0.05714285714285714 0.15000000000000002 -0.13333333333333336 -0.1 0.1 -0.65 6 2 1 1 0 0 1 0
2026-09-05,02:38:07 GMT,V6.2 BLOCK - final pressure/veto/active/timing gate failed or signal already used
2026-09-05,02:38:07 GMT,SENTINEL V6 MULTI-WINDOW SCAN >>>
2026-09-05,02:38:07 GMT,V6.2 DIAG | 1 0 8 -0.25 0.08571428571428572 0.25 -0.2 -0.15 0.1 -0.8999999999999999 5 3 2 0 0 0 1 0
2026-09-05,02:38:07 GMT,V6.2 BLOCK - final pressure/veto/active/timing gate failed or signal already used
2026-09-05,02:38:07 GMT,SENTINEL V6 MULTI-WINDOW SCAN >>>
2026-09-05,02:38:07 GMT,V6.2 DIAG | 5 0 6 -0.25 0.028571428571428574 0.25 -0.06666666666666668 -0.15 0.1 -0.10000000000000003 4 4 2 0 0 0 1 0
2026-09-05,02:38:07 GMT,V6.2 BLOCK - final pressure/veto/active/timing gate failed or signal already used
2026-09-05,02:38:07 GMT,SENTINEL V6 MULTI-WINDOW SCAN >>>
2026-09-05,02:38:07 GMT,V6.2 DIAG | 8 0 6 -0.25 0.028571428571428574 0.25 -0.06666666666666668 -0.15 0.1 -0.10000000000000003 3 5 2 1 0 0 1 0
2026-09-05,02:38:07 GMT,V6.2 BLOCK - final pressure/veto/active/timing gate failed or signal already used
2026-09-05,02:38:07 GMT,SENTINEL V6 MULTI-WINDOW SCAN >>>
2026-09-05,02:38:07 GMT,V6.2 DIAG | 2 0 4 -0.09999999999999998 0 0.10000000000000003 0 -0.2 0.4 -0.10000000000000003 4 4 1 1 0 0 1 0
2026-09-05,02:38:07 GMT,V6.2 BLOCK - final pressure/veto/active/timing gate failed or signal already used
2026-09-05,02:38:07 GMT,SENTINEL V6 MULTI-WINDOW SCAN >>>
2026-09-05,02:38:07 GMT,V6.2 DIAG | 0 0 3 -0.09999999999999998 -0.05714285714285714 0.10000000000000003 0.13333333333333336 -0.2 0.4 0.7 4 4 1 1 0 0 1 0
2026-09-05,02:38:07 GMT,V6.2 BLOCK - final pressure/veto/active/timing gate failed or signal already used
2026-09-05,02:38:07 GMT,SENTINEL V6 MULTI-WINDOW SCAN >>>
2026-09-05,02:38:07 GMT,V6.2 DIAG | 9 0 3 -0.25 -0.08571428571428572 0.25 0.2 -0.2 0.15000000000000002 1.5 4 4 1 1 0 0 1 0
2026-09-05,02:38:07 GMT,V6.2 BLOCK - final pressure/veto/active/timing gate failed or signal already used
2026-09-05,02:38:07 GMT,SENTINEL V6 MULTI-WINDOW SCAN >>>
2026-09-05,02:38:07 GMT,V6.2 DIAG | 2 0 5 -0.30000000000000004 -0.028571428571428574 0.3 0.06666666666666668 -0.45 0.15000000000000002 1 5 3 1 1 0 0 1 0
2026-09-05,02:37:56 GMT,V6.2 BLOCK - final pressure/veto/active/timing gate failed or signal already used
2026-09-05,02:37:56 GMT,SENTINEL V6 MULTI-WINDOW SCAN >>>
2026-09-05,02:37:56 GMT,V6.2 DIAG | 8 0 2 -0.30000000000000004 -0.028571428571428574 0.3 0.06666666666666668 -0.45 0.15000000000000002 1 4 4 2 1 0 0 1 0
2026-09-05,02:37:56 GMT,V6.2 BLOCK - final pressure/veto/active/timing gate failed or signal already used
2026-09-05,02:37:56 GMT,SENTINEL V6 MULTI-WINDOW SCAN >>>
2026-09-05,02:37:56 GMT,V6.2 DIAG | 9 0 7 -0.35 0.028571428571428574 0.35 -0.06666666666666668 -0.45 -0.6000000000000001 1 4 4 1 1 0 0 1 0
2026-09-05,02:37:56 GMT,V6.2 BLOCK - final pressure/veto/active/timing gate failed or signal already used
2026-09-05,02:37:56 GMT,SENTINEL V6 MULTI-WINDOW SCAN >>>
2026-09-05,02:37:56 GMT,V6.2 DIAG | 9 0 9 -0.25 0.05714285714285714 0.25 -0.13333333333333336 -0.45 -0.6000000000000001 0.5 5 3 1 1 0 0 1 0
2026-09-05,02:37:56 GMT,V6.2 BLOCK - final pressure/veto/active/timing gate failed or signal already used
2026-09-05,02:37:56 GMT,SENTINEL V6 MULTI-WINDOW SCAN >>>
2026-09-05,02:37:56 GMT,V6.2 DIAG | 0 0 8 -0.15000000000000002 0.028571428571428567 0.15 -0.06666666666666667 -0.45 0.2 0 5 3 2 1 0 0 1 0
2026-09-05,02:37:56 GMT,V6.2 BLOCK - final pressure/veto/active/timing gate failed or signal already used
2026-09-05,02:37:56 GMT,SENTINEL V6 MULTI-WINDOW SCAN >>>
2026-09-05,02:37:56 GMT,V6.2 DIAG | 3 0 4 -0.15000000000000002 -0.028571428571428567 0.15 0.06666666666666667 0.35000000000000003 0.2 0 5 3 2 1 0 0 1 0
2026-09-05,02:37:56 GMT,V6.2 BLOCK - final pressure/veto/active/timing gate failed or signal already used
2026-09-05,02:37:56 GMT,SENTINEL V6 MULTI-WINDOW SCAN >>>
2026-09-05,02:37:56 GMT,V6.2 DIAG | 0 0 4 -0.15000000000000002 -0.028571428571428567 0.15 0.06666666666666667 0.35000000000000003 0.2 0 5 3 2 1 0 0 1 0
2026-09-05,02:37:56 GMT,V6.2 BLOCK - final pressure/veto/active/timing gate failed or signal already used
2026-09-05,02:37:56 GMT,SENTINEL V6 MULTI-WINDOW SCAN >>>
2026-09-05,02:37:56 GMT,V6.2 DIAG | 6 0 4 -0.10000000000000009 -0.08571428571428572 0.09999999999999998 0.2 0.35000000000000003 1 -0.05 5 3 2 1 0 0 1 0
2026-09-05,02:37:56 GMT,V6.2 BLOCK - final pressure/veto/active/timing gate failed or signal already used
2026-09-05,02:37:56 GMT,SENTINEL V6 MULTI-WINDOW SCAN >>>
2026-09-05,02:37:56 GMT,V6.2 DIAG | 8 0 4 -0.10000000000000009 -0.08571428571428572 0.09999999999999998 0.2 0.35000000000000003 1 -0.05 5 3 2 1 0 0 1 0
2026-09-05,02:37:56 GMT,V6.2 BLOCK - final pressure/veto/active/timing gate failed or signal already used
2026-09-05,02:37:56 GMT,SENTINEL V6 MULTI-WINDOW SCAN >>>
2026-09-05,02:37:56 GMT,V6.2 DIAG | 7 0 5 0 -0.057142857142857134 0 0.13333333333333333 0.35000000000000003 0.5 -0.05 6 2 1 1 0 0 1 0
2026-09-05,02:37:56 GMT,V6.2 BLOCK - final pressure/veto/active/timing gate failed or signal already used
2026-09-05,02:37:56 GMT,SENTINEL V6 MULTI-WINDOW SCAN >>>
2026-09-05,02:37:56 GMT,V6.2 DIAG | 1 0 8 0.15000000000000002 -0.028571428571428567 -0.15 0.06666666666666667 -0.15 0.45 -0.05 7 1 1 1 0 0 1 0
2026-09-05,02:37:56 GMT,V6.2 BLOCK - final pressure/veto/active/timing gate failed or signal already used
2026-09-05,02:37:56 GMT,SENTINEL V6 MULTI-WINDOW SCAN >>>
2026-09-05,02:37:56 GMT,V6.2 DIAG | 8 0 6 0 0 0 0 -0.4 0.45 -0.05 7 1 1 1 0 0 1 0
2026-09-05,02:37:46 GMT,V6.2 BLOCK - final pressure/veto/active/timing gate failed or signal already used
2026-09-05,02:37:46 GMT,SENTINEL V6 MULTI-WINDOW SCAN >>>
2026-09-05,02:37:46 GMT,V6.2 DIAG | 6 0 12 0.09999999999999998 0.028571428571428567 -0.1 -0.06666666666666667 -0.4 -0.05 -0.05 8 0 0 0 1 0 1 0
2026-09-05,02:37:45 GMT,V6.2 BLOCK - final pressure/veto/active/timing gate failed or signal already used
2026-09-05,02:37:45 GMT,SENTINEL V6 MULTI-WINDOW SCAN >>>
2026-09-05,02:37:45 GMT,V6.2 DIAG | 4 0 12 0.15000000000000002 0.028571428571428567 -0.15 -0.06666666666666667 -0.4 -0.05 -0.1 7 1 0 0 0 0 1 0
2026-09-05,02:37:45 GMT,V6.2 BLOCK - final pressure/veto/active/timing gate failed or signal already used
2026-09-05,02:37:45 GMT,SENTINEL V6 MULTI-WINDOW SCAN >>>
2026-09-05,02:37:45 GMT,V6.2 DIAG | 0 0 12 0.050000000000000044 0.057142857142857134 -0.04999999999999999 -0.13333333333333333 -0.65 -0.05 -0.15 7 1 0 0 1 0 1 0
2026-09-05,02:37:45 GMT,V6.2 BLOCK - final pressure/veto/active/timing gate failed or signal already used
2026-09-05,02:37:45 GMT,SENTINEL V6 MULTI-WINDOW SCAN >>>
2026-09-05,02:37:45 GMT,V6.2 DIAG | 5 0 12 0.050000000000000044 0.057142857142857134 -0.04999999999999999 -0.13333333333333333 -0.65 -0.05 -0.15 7 1 0 0 1 0 1 0
2026-09-05,02:37:45 GMT,V6.2 BLOCK - final pressure/veto/active/timing gate failed or signal already used
2026-09-05,02:37:45 GMT,SENTINEL V6 MULTI-WINDOW SCAN >>>
2026-09-05,02:37:45 GMT,V6.2 DIAG | 2 0 8 0.050000000000000044 0 -0.04999999999999999 0 0.15000000000000002 -0.05 -0.15 6 2 0 1 0 0 1 0
2026-09-05,02:37:45 GMT,V6.2 BLOCK - final pressure/veto/active/timing gate failed or signal already used
2026-09-05,02:37:45 GMT,SENTINEL V6 MULTI-WINDOW SCAN >>>
2026-09-05,02:37:45 GMT,V6.2 DIAG | 0 0 10 -0.10000000000000009 0.028571428571428567 0.09999999999999998 -0.06666666666666667 -0.10000000000000003 -0.05 -0.15 6 2 0 0 0 0 1 0
2026-09-05,02:37:45 GMT,V6.2 BLOCK - final pressure/veto/active/timing gate failed or signal already used
2026-09-05,02:37:45 GMT,SENTINEL V6 MULTI-WINDOW SCAN >>>
2026-09-05,02:37:45 GMT,V6.2 DIAG | 1 0 10 -0.050000000000000044 0.028571428571428567 0.04999999999999999 -0.06666666666666667 -0.10000000000000003 -0.05 -0.2 6 2 0 0 0 0 1 0
2026-09-05,02:37:45 GMT,V6.2 BLOCK - final pressure/veto/active/timing gate failed or signal already used
2026-09-05,02:37:45 GMT,SENTINEL V6 MULTI-WINDOW SCAN >>>
2026-09-05,02:37:45 GMT,V6.2 DIAG | 1 0 6 0 -0.028571428571428567 0 0.06666666666666667 0.65 -0.05 -0.2 5 3 0 0 0 0 1 0
2026-09-05,02:37:45 GMT,V6.2 BLOCK - final pressure/veto/active/timing gate failed or signal already used
2026-09-05,02:37:45 GMT,SENTINEL V6 MULTI-WINDOW SCAN >>>
2026-09-05,02:37:45 GMT,V6.2 DIAG | 7 0 7 0.04999999999999993 -0.028571428571428567 -0.04999999999999999 0.06666666666666667 0.65 -0.1 -0.2 5 3 0 1 0 0 1 0
2026-09-05,02:37:45 GMT,V6.2 BLOCK - final pressure/veto/active/timing gate failed or signal already used
2026-09-05,02:37:45 GMT,SENTINEL V6 MULTI-WINDOW SCAN >>>
2026-09-05,02:37:45 GMT,V6.2 DIAG | 0 0 8 0.15000000000000002 0 -0.14999999999999997 0 0.15000000000000002 -0.1 -0.2 6 2 0 0 0 0 1 0
2026-09-05,02:37:45 GMT,V6.2 BLOCK - final pressure/veto/active/timing gate failed or signal already used
2026-09-05,02:37:45 GMT,SENTINEL V6 MULTI-WINDOW SCAN >>>
2026-09-05,02:37:45 GMT,V6.2 DIAG | 6 0 8 0.15000000000000002 -0.057142857142857134 -0.14999999999999997 0.13333333333333333 0.9500000000000001 -0.1 -0.2 6 2 0 1 0 0 1 0
2026-09-05,02:37:35 GMT,V6.2 BLOCK - final pressure/veto/active/timing gate failed or signal already used
2026-09-05,02:37:35 GMT,SENTINEL V6 MULTI-WINDOW SCAN >>>
2026-09-05,02:37:35 GMT,V6.2 DIAG | 7 0 8 0.20000000000000007 -0.057142857142857134 -0.2 0.13333333333333333 0.9500000000000001 -0.1 -0.25 6 2 0 1 0 0 1 0
2026-09-05,02:37:35 GMT,V6.2 BLOCK - final pressure/veto/active/timing gate failed or signal already used
2026-09-05,02:37:35 GMT,SENTINEL V6 MULTI-WINDOW SCAN >>>
2026-09-05,02:37:35 GMT,V6.2 DIAG | 4 0 8 0.35 -0.028571428571428567 -0.35 0.06666666666666667 0.45 -0.15 -0.25 7 1 0 0 0 0 1 0
2026-09-05,02:37:35 GMT,V6.2 BLOCK - final pressure/veto/active/timing gate failed or signal already used
2026-09-05,02:37:35 GMT,SENTINEL V6 MULTI-WINDOW SCAN >>>
2026-09-05,02:37:35 GMT,V6.2 DIAG | 6 0 8 0.35 -0.028571428571428567 -0.35 0.06666666666666667 0.45 -0.15 -0.25 7 1 0 0 0 0 1 0
2026-09-05,02:37:34 GMT,V6.2 BLOCK - final pressure/veto/active/timing gate failed or signal already used
2026-09-05,02:37:34 GMT,SENTINEL V6 MULTI-WINDOW SCAN >>>
2026-09-05,02:37:34 GMT,V6.2 DIAG | 7 0 8 0.35 -0.028571428571428567 -0.35 0.06666666666666667 0.45 -0.15 -0.25 7 1 0 0 0 0 1 0
2026-09-05,02:37:34 GMT,V6.2 BLOCK - final pressure/veto/active/timing gate failed or signal already used
2026-09-05,02:37:34 GMT,SENTINEL V6 MULTI-WINDOW SCAN >>>
2026-09-05,02:37:34 GMT,V6.2 DIAG | 6 0 12 0.35 0.028571428571428567 -0.35 -0.06666666666666667 -0.05 -0.2 -0.5 8 0 0 1 1 0 1 0
2026-09-05,02:37:34 GMT,V6.2 BLOCK - final pressure/veto/active/timing gate failed or signal already used
2026-09-05,02:37:34 GMT,SENTINEL V6 MULTI-WINDOW SCAN >>>
2026-09-05,02:37:34 GMT,V6.2 DIAG | 6 0 12 0.4 0.028571428571428567 -0.4 -0.06666666666666667 -0.05 -0.25 -0.5 8 0 0 1 1 0 1 0
2026-09-05,02:37:34 GMT,V6.2 BLOCK - final pressure/veto/active/timing gate failed or signal already used
2026-09-05,02:37:34 GMT,SENTINEL V6 MULTI-WINDOW SCAN >>>
2026-09-05,02:37:34 GMT,V6.2 DIAG | 1 1 12 0.45 0.028571428571428567 -0.45000000000000007 -0.06666666666666667 -0.05 -0.3 -0.5 7 1 0 0 0 0 1 0
2026-09-05,02:37:34 GMT,V6.2 BLOCK - final pressure/veto/active/timing gate failed or signal already used
2026-09-05,02:37:34 GMT,SENTINEL V6 MULTI-WINDOW SCAN >>>
2026-09-05,02:37:34 GMT,V6.2 DIAG | 1 0 12 0.35000000000000003 0.057142857142857134 -0.35000000000000003 -0.13333333333333333 -0.1 -0.55 -0.5 7 1 0 0 1 0 1 1
2026-09-05,02:37:34 GMT,V6.2 BLOCK - final pressure/veto/active/timing gate failed or signal already used
2026-09-05,02:37:34 GMT,SENTINEL V6 MULTI-WINDOW SCAN >>>
2026-09-05,02:37:34 GMT,V6.2 DIAG | 6 0 12 0.35000000000000003 0.057142857142857134 -0.35000000000000003 -0.13333333333333333 -0.1 -0.55 -0.5 7 1 0 0 1 0 1 0
2026-09-05,02:37:34 GMT,V6.2 BLOCK - final pressure/veto/active/timing gate failed or signal already used
2026-09-05,02:37:34 GMT,SENTINEL V6 MULTI-WINDOW SCAN >>>
2026-09-05,02:37:34 GMT,V6.2 DIAG | 4 0 8 0.35000000000000003 0 -0.35000000000000003 0 -0.1 -0.55 0.30000000000000004 6 2 1 0 0 0 1 0
2026-09-05,02:37:34 GMT,V6.2 BLOCK - final pressure/veto/active/timing gate failed or signal already used
2026-09-05,02:37:34 GMT,SENTINEL V6 MULTI-WINDOW SCAN >>>
2026-09-05,02:37:34 GMT,V6.2 DIAG | 6 0 11 0.24999999999999994 0.028571428571428567 -0.25000000000000006 -0.06666666666666667 -0.1 -0.6 0.05000000000000002 6 2 1 0 0 0 1 1
2026-09-05,02:37:24 GMT,V6.2 BLOCK - final pressure/veto/active/timing gate failed or signal already used
2026-09-05,02:37:24 GMT,SENTINEL V6 MULTI-WINDOW SCAN >>>
2026-09-05,02:37:24 GMT,V6.2 DIAG | 6 0 12 0.09999999999999998 0.05714285714285714 -0.09999999999999998 -0.13333333333333336 -0.1 -0.6 -0.20000000000000004 6 2 1 0 1 0 1 0
2026-09-05,02:37:24 GMT,V6.2 BLOCK - final pressure/veto/active/timing gate failed or signal already used
2026-09-05,02:37:24 GMT,SENTINEL V6 MULTI-WINDOW SCAN >>>
2026-09-05,02:37:24 GMT,V6.2 DIAG | 4 0 8 0.09999999999999998 0 -0.09999999999999998 0 -0.1 0.20000000000000004 -0.20000000000000004 5 3 1 1 0 0 1 0
2026-09-05,02:37:24 GMT,V6.2 BLOCK - final pressure/veto/active/timing gate failed or signal already used
2026-09-05,02:37:24 GMT,SENTINEL V6 MULTI-WINDOW SCAN >>>
2026-09-05,02:37:24 GMT,V6.2 DIAG | 9 0 6 0.09999999999999998 0 -0.09999999999999998 0 -0.1 0.20000000000000004 -0.20000000000000004 4 4 1 1 0 0 1 0
2026-09-05,02:37:24 GMT,V6.2 BLOCK - final pressure/veto/active/timing gate failed or signal already used
2026-09-05,02:37:24 GMT,SENTINEL V6 MULTI-WINDOW SCAN >>>
2026-09-05,02:37:24 GMT,V6.2 DIAG | 1 0 11 0.19999999999999996 0.028571428571428567 -0.2 -0.06666666666666667 -0.1 0.20000000000000004 -0.7000000000000001 5 3 1 1 1 0 1 0
2026-09-05,02:37:23 GMT,V6.2 BLOCK - final pressure/veto/active/timing gate failed or signal already used
2026-09-05,02:37:23 GMT,SENTINEL V6 MULTI-WINDOW SCAN >>>
2026-09-05,02:37:23 GMT,V6.2 DIAG | 4 0 7 0.04999999999999993 0 -0.04999999999999999 0 -0.1 0.20000000000000004 -0.15000000000000002 5 3 1 1 0 0 1 0
2026-09-05,02:37:23 GMT,V6.2 BLOCK - final pressure/veto/active/timing gate failed or signal already used
2026-09-05,02:37:23 GMT,SENTINEL V6 MULTI-WINDOW SCAN >>>
2026-09-05,02:37:23 GMT,V6.2 DIAG | 8 0 5 -0.050000000000000044 -0.028571428571428574 0.04999999999999999 0.06666666666666668 -0.35000000000000003 0.15000000000000005 0.65 5 3 1 1 0 0 1 0
2026-09-05,02:37:23 GMT,V6.2 BLOCK - final pressure/veto/active/timing gate failed or signal already used
2026-09-05,02:37:23 GMT,SENTINEL V6 MULTI-WINDOW SCAN >>>
2026-09-05,02:37:23 GMT,V6.2 DIAG | 2 0 9 -0.09999999999999998 0.028571428571428574 0.09999999999999998 -0.06666666666666668 -0.35000000000000003 -0.6 0.65 5 3 0 0 0 0 1 0
2026-09-05,02:37:23 GMT,V6.2 BLOCK - final pressure/veto/active/timing gate failed or signal already used
2026-09-05,02:37:23 GMT,SENTINEL V6 MULTI-WINDOW SCAN >>>
2026-09-05,02:37:23 GMT,V6.2 DIAG | 0 0 7 -0.050000000000000044 0.028571428571428574 0.04999999999999999 -0.06666666666666668 -0.35000000000000003 -0.65 0.65 4 4 0 0 0 0 1 0
2026-09-05,02:37:23 GMT,V6.2 BLOCK - final pressure/veto/active/timing gate failed or signal already used
2026-09-05,02:37:23 GMT,SENTINEL V6 MULTI-WINDOW SCAN >>>
2026-09-05,02:37:23 GMT,V6.2 DIAG | 9 0 7 0 0.028571428571428574 0 -0.06666666666666668 -0.35000000000000003 -0.7000000000000001 0.65 3 5 1 0 0 0 1 0
2026-09-05,02:37:23 GMT,V6.2 BLOCK - final pressure/veto/active/timing gate failed or signal already used
2026-09-05,02:37:23 GMT,SENTINEL V6 MULTI-WINDOW SCAN >>>
2026-09-05,02:37:23 GMT,V6.2 DIAG | 9 0 7 -0.050000000000000044 0.028571428571428574 0.04999999999999999 -0.06666666666666668 -0.35000000000000003 -0.7000000000000001 0.7 4 4 1 0 0 0 1 0
2026-09-05,02:37:23 GMT,V6.2 BLOCK - final pressure/veto/active/timing gate failed or signal already used
2026-09-05,02:37:23 GMT,SENTINEL V6 MULTI-WINDOW SCAN >>>
2026-09-05,02:37:23 GMT,V6.2 DIAG | 0 0 8 -0.09999999999999998 0.028571428571428574 0.09999999999999998 -0.06666666666666668 0.45 -0.95 0.2 5 3 1 0 0 0 1 0
2026-09-05,02:37:13 GMT,V6.2 BLOCK - final pressure/veto/active/timing gate failed or signal already used
2026-09-05,02:37:13 GMT,SENTINEL V6 MULTI-WINDOW SCAN >>>
2026-09-05,02:37:13 GMT,V6.2 DIAG | 5 0 3 -0.09999999999999998 -0.028571428571428574 0.09999999999999998 0.06666666666666668 0.45 -0.14999999999999997 0.2 4 4 1 0 0 0 1 0
2026-09-05,02:37:13 GMT,V6.2 BLOCK - final pressure/veto/active/timing gate failed or signal already used
2026-09-05,02:37:13 GMT,SENTINEL V6 MULTI-WINDOW SCAN >>>
2026-09-05,02:37:13 GMT,V6.2 DIAG | 4 0 2 -0.09999999999999998 -0.028571428571428574 0.09999999999999998 0.06666666666666668 0.45 -0.14999999999999997 0.2 3 5 2 1 0 0 1 0
2026-09-05,02:37:13 GMT,V6.2 BLOCK - final pressure/veto/active/timing gate failed or signal already used
2026-09-05,02:37:13 GMT,SENTINEL V6 MULTI-WINDOW SCAN >>>
2026-09-05,02:37:13 GMT,V6.2 DIAG | 9 0 1 -0.25 0 0.25 0 0.45 -0.4 0.2 3 5 2 0 0 0 1 0
2026-09-05,02:37:13 GMT,V6.2 BLOCK - final pressure/veto/active/timing gate failed or signal already used
2026-09-05,02:37:13 GMT,SENTINEL V6 MULTI-WINDOW SCAN >>>
2026-09-05,02:37:13 GMT,V6.2 DIAG | 7 0 1 -0.29999999999999993 0 0.3 0 0.45 -0.6499999999999999 0.5 4 4 2 0 0 0 1 0
2026-09-05,02:37:13 GMT,V6.2 BLOCK - final pressure/veto/active/timing gate failed or signal already used
2026-09-05,02:37:13 GMT,SENTINEL V6 MULTI-WINDOW SCAN >>>
2026-09-05,02:37:13 GMT,V6.2 DIAG | 8 0 2 -0.35 0 0.35 0 -0.05 -0.09999999999999992 0.5 4 4 3 1 0 0 1 0
2026-09-05,02:37:13 GMT,V6.2 BLOCK - final pressure/veto/active/timing gate failed or signal already used
2026-09-05,02:37:13 GMT,SENTINEL V6 MULTI-WINDOW SCAN >>>
2026-09-05,02:37:13 GMT,V6.2 DIAG | 3 0 5 -0.4 0.05714285714285715 0.39999999999999997 -0.13333333333333333 -0.30000000000000004 -0.5999999999999999 0.5 4 4 3 0 0 0 1 0
2026-09-05,02:37:12 GMT,V6.2 BLOCK - final pressure/veto/active/timing gate failed or signal already used
2026-09-05,02:37:12 GMT,SENTINEL V6 MULTI-WINDOW SCAN >>>
2026-09-05,02:37:12 GMT,V6.2 DIAG | 5 0 5 -0.4 0.05714285714285715 0.39999999999999997 -0.13333333333333333 -0.30000000000000004 -0.5999999999999999 0.5 3 5 4 0 0 0 1 0
2026-09-05,02:37:12 GMT,V6.2 BLOCK - final pressure/veto/active/timing gate failed or signal already used
2026-09-05,02:37:12 GMT,SENTINEL V6 MULTI-WINDOW SCAN >>>
2026-09-05,02:37:12 GMT,V6.2 DIAG | 9 0 1 -0.4 0 0.39999999999999997 0 -0.30000000000000004 0.2 0.5 2 6 4 1 0 0 1 0
2026-09-05,02:37:12 GMT,V6.2 BLOCK - final pressure/veto/active/timing gate failed or signal already used
2026-09-05,02:37:12 GMT,SENTINEL V6 MULTI-WINDOW SCAN >>>
2026-09-05,02:37:12 GMT,V6.2 DIAG | 8 0 2 -0.4 0 0.39999999999999997 0 -0.30000000000000004 0.7 0 3 5 4 1 0 0 1 0
2026-09-05,02:37:12 GMT,V6.2 BLOCK - final pressure/veto/active/timing gate failed or signal already used
2026-09-05,02:37:12 GMT,SENTINEL V6 MULTI-WINDOW SCAN >>>
2026-09-05,02:37:12 GMT,V6.2 DIAG | 5 0 3 -0.30000000000000004 -0.028571428571428574 0.3 0.06666666666666668 -0.30000000000000004 1 0 4 4 3 1 0 0 1 0
2026-09-05,02:37:12 GMT,V6.2 BLOCK - final pressure/veto/active/timing gate failed or signal already used
2026-09-05,02:37:12 GMT,SENTINEL V6 MULTI-WINDOW SCAN >>>
2026-09-05,02:37:12 GMT,V6.2 DIAG | 1 0 2 -0.30000000000000004 -0.08571428571428572 0.3 0.2 0.5 1 0 3 5 4 1 0 0 1 0
2026-09-05,02:37:12 GMT,V6.2 BLOCK - final pressure/veto/active/timing gate failed or signal already used
2026-09-05,02:37:12 GMT,SENTINEL V6 MULTI-WINDOW SCAN >>>
2026-09-05,02:37:12 GMT,V6.2 DIAG | 8 0 2 -0.25 -0.08571428571428572 0.25 0.2 0.5 1 -0.05 3 5 4 1 0 0 1 0
2026-09-05,02:37:03 GMT,V6.2 BLOCK - final pressure/veto/active/timing gate failed or signal already used
2026-09-05,02:37:03 GMT,SENTINEL V6 MULTI-WINDOW SCAN >>>
2026-09-05,02:37:03 GMT,V6.2 DIAG | 8 0 2 -0.15000000000000002 -0.05714285714285714 0.15000000000000002 0.13333333333333336 0.5 0.5 -0.05 4 4 3 1 0 0 1 0
2026-09-05,02:37:02 GMT,V6.2 BLOCK - final pressure/veto/active/timing gate failed or signal already used
2026-09-05,02:37:02 GMT,SENTINEL V6 MULTI-WINDOW SCAN >>>
2026-09-05,02:37:02 GMT,V6.2 DIAG | 8 0 4 0 -0.08571428571428572 0 0.2 0.5 0.75 -0.05 5 3 2 1 0 0 1 0
2026-09-05,02:37:02 GMT,V6.2 BLOCK - final pressure/veto/active/timing gate failed or signal already used
2026-09-05,02:37:02 GMT,SENTINEL V6 MULTI-WINDOW SCAN >>>
2026-09-05,02:37:02 GMT,V6.2 DIAG | 7 0 6 -0.050000000000000044 -0.028571428571428567 0.04999999999999999 0.06666666666666667 0.5 0 -0.05 6 2 1 1 0 0 1 0
2026-09-05,02:37:02 GMT,V6.2 BLOCK - final pressure/veto/active/timing gate failed or signal already used
2026-09-05,02:37:02 GMT,SENTINEL V6 MULTI-WINDOW SCAN >>>
2026-09-05,02:37:02 GMT,V6.2 DIAG | 1 0 9 0.050000000000000044 0 -0.04999999999999999 0 0 0 -0.05 7 1 1 1 0 0 1 0
2026-09-05,02:37:02 GMT,V6.2 BLOCK - final pressure/veto/active/timing gate failed or signal already used
2026-09-05,02:37:02 GMT,SENTINEL V6 MULTI-WINDOW SCAN >>>
2026-09-05,02:37:02 GMT,V6.2 DIAG | 6 0 9 -0.10000000000000009 0.028571428571428567 0.09999999999999998 -0.06666666666666667 0 -0.25 -0.05 6 2 2 1 0 0 1 0
2026-09-05,02:37:02 GMT,V6.2 BLOCK - final pressure/veto/active/timing gate failed or signal already used
2026-09-05,02:37:02 GMT,SENTINEL V6 MULTI-WINDOW SCAN >>>
2026-09-05,02:37:02 GMT,V6.2 DIAG | 8 0 9 -0.20000000000000007 0.05714285714285714 0.2 -0.13333333333333336 -0.05 -0.4999999999999999 -0.05 6 2 2 1 0 0 1 0
2026-09-05,02:37:01 GMT,V6.2 BLOCK - final pressure/veto/active/timing gate failed or signal already used
2026-09-05,02:37:01 GMT,SENTINEL V6 MULTI-WINDOW SCAN >>>
2026-09-05,02:37:01 GMT,V6.2 DIAG | 3 0 9 -0.050000000000000044 0.08571428571428572 0.04999999999999999 -0.2 -0.05 -1 -0.1 6 2 2 0 0 0 1 0
2026-09-05,02:37:01 GMT,V6.2 BLOCK - final pressure/veto/active/timing gate failed or signal already used
2026-09-05,02:37:01 GMT,SENTINEL V6 MULTI-WINDOW SCAN >>>
2026-09-05,02:37:01 GMT,V6.2 DIAG | 6 0 9 0 0.028571428571428567 0 -0.06666666666666667 -0.05 -0.20000000000000004 -0.15 5 3 3 0 0 0 1 0
2026-09-05,02:37:01 GMT,V6.2 BLOCK - final pressure/veto/active/timing gate failed or signal already used
2026-09-05,02:37:01 GMT,SENTINEL V6 MULTI-WINDOW SCAN >>>
2026-09-05,02:37:01 GMT,V6.2 DIAG | 6 0 9 0 0.028571428571428567 0 -0.06666666666666667 -0.05 -0.20000000000000004 -0.15 5 3 3 0 0 0 1 0
2026-09-05,02:37:01 GMT,V6.2 BLOCK - final pressure/veto/active/timing gate failed or signal already used
2026-09-05,02:37:01 GMT,SENTINEL V6 MULTI-WINDOW SCAN >>>
2026-09-05,02:37:01 GMT,V6.2 DIAG | 3 0 5 0 -0.028571428571428567 0 0.06666666666666667 -0.05 0.6 -0.15 5 3 3 1 0 0 1 0
2026-09-05,02:36:54 GMT,Loss amount: -7
2026-09-05,02:36:54 GMT,V6.2 DIAG | 6 0 5 0 -0.08571428571428572 0 0.2 -0.05 1.4 -0.15 5 3 3 1 0 0 0 1
2026-09-05,02:36:54 GMT,V6.2 DIAG | 8 0 5 0 -0.08571428571428572 0 0.2 -0.05 1.4 -0.15 5 3 3 1 0 0 0 1
2026-09-05,02:36:54 GMT,V6.2 DIAG | 4 0 7 0.15000000000000002 -0.057142857142857134 -0.14999999999999997 0.13333333333333333 -0.05 0.9 -0.2 6 2 2 1 0 0 0 1
2026-09-05,02:36:54 GMT,Bought: (ID: 22522327639)
2026-09-05,02:36:44 GMT,SENTINEL V6 MULTI-WINDOW SCAN >>>
2026-09-05,02:36:44 GMT,V6.2 DIAG | 1 1 12 0.20000000000000007 0.057142857142857134 -0.2 -0.13333333333333333 -0.15 -0.35000000000000003 -0.5 7 1 1 0 1 1 0 1
2026-09-05,02:36:44 GMT,V6.2 BLOCK - final pressure/veto/active/timing gate failed or signal already used
2026-09-05,02:36:44 GMT,SENTINEL V6 MULTI-WINDOW SCAN >>>
2026-09-05,02:36:44 GMT,V6.2 DIAG | 5 0 11 0.09999999999999998 0.028571428571428567 -0.10000000000000003 -0.06666666666666667 -0.2 0.2 -0.5 6 2 1 1 1 0 0 1
2026-09-05,02:36:44 GMT,V6.2 BLOCK - final pressure/veto/active/timing gate failed or signal already used
2026-09-05,02:36:44 GMT,SENTINEL V6 MULTI-WINDOW SCAN >>>
2026-09-05,02:36:44 GMT,V6.2 DIAG | 0 0 11 0.09999999999999998 0.028571428571428567 -0.10000000000000003 -0.06666666666666667 -0.2 0.2 -0.5 6 2 1 1 1 0 0 1
2026-09-05,02:36:44 GMT,V6.2 BLOCK - final pressure/veto/active/timing gate failed or signal already used
2026-09-05,02:36:44 GMT,SENTINEL V6 MULTI-WINDOW SCAN >>>
2026-09-05,02:36:44 GMT,V6.2 DIAG | 5 0 10 0.09999999999999998 0.028571428571428567 -0.10000000000000003 -0.06666666666666667 -0.2 0.2 -0.5 5 3 2 1 1 0 0 1
2026-09-05,02:36:44 GMT,V6.2 BLOCK - final pressure/veto/active/timing gate failed or signal already used
2026-09-05,02:36:44 GMT,SENTINEL V6 MULTI-WINDOW SCAN >>>
2026-09-05,02:36:44 GMT,V6.2 DIAG | 4 0 6 0.1499999999999999 -0.028571428571428567 -0.15000000000000002 0.06666666666666667 -0.2 0.2 0.25 5 3 2 1 0 0 0 1
2026-09-05,02:36:44 GMT,V6.2 BLOCK - final pressure/veto/active/timing gate failed or signal already used
2026-09-05,02:36:44 GMT,SENTINEL V6 MULTI-WINDOW SCAN >>>
2026-09-05,02:36:44 GMT,V6.2 DIAG | 8 0 4 0 0 0 0 -0.45 0.2 0.25 5 3 2 1 0 0 0 1
2026-09-05,02:36:44 GMT,V6.2 BLOCK - final pressure/veto/active/timing gate failed or signal already used
2026-09-05,02:36:44 GMT,SENTINEL V6 MULTI-WINDOW SCAN >>>
2026-09-05,02:36:44 GMT,V6.2 DIAG | 3 0 6 -0.050000000000000044 0 0.050000000000000044 0 -0.45 0.5 0 6 2 1 1 0 0 0 1
2026-09-05,02:36:44 GMT,V6.2 BLOCK - final pressure/veto/active/timing gate failed or signal already used
2026-09-05,02:36:44 GMT,SENTINEL V6 MULTI-WINDOW SCAN >>>
2026-09-05,02:36:44 GMT,V6.2 DIAG | 4 0 9 -0.19999999999999996 0.028571428571428574 0.2 -0.06666666666666668 -0.45 0.5 -0.25 5 3 1 1 0 0 0 1
2026-09-05,02:36:31 GMT,V6.2 BLOCK - final pressure/veto/active/timing gate failed or signal already used
2026-09-05,02:36:31 GMT,SENTINEL V6 MULTI-WINDOW SCAN >>>
2026-09-05,02:36:31 GMT,V6.2 DIAG | 9 0 7 -0.19999999999999996 0.028571428571428574 0.2 -0.06666666666666668 -0.45 0.5 -0.25 4 4 1 1 0 0 0 1
2026-09-05,02:36:30 GMT,V6.2 BLOCK - final pressure/veto/active/timing gate failed or signal already used
2026-09-05,02:36:30 GMT,SENTINEL V6 MULTI-WINDOW SCAN >>>
2026-09-05,02:36:30 GMT,V6.2 DIAG | 6 0 7 -0.050000000000000044 0.05714285714285714 0.050000000000000044 -0.13333333333333336 -0.45 0.45 -0.75 4 4 1 1 0 0 0 1
2026-09-05,02:36:30 GMT,V6.2 BLOCK - final pressure/veto/active/timing gate failed or signal already used
2026-09-05,02:36:30 GMT,SENTINEL V6 MULTI-WINDOW SCAN >>>
2026-09-05,02:36:30 GMT,V6.2 DIAG | 8 0 3 -0.050000000000000044 0 0.050000000000000044 0 0.35000000000000003 0.45 -0.75 4 4 1 1 0 0 0 1
2026-09-05,02:36:30 GMT,V6.2 BLOCK - final pressure/veto/active/timing gate failed or signal already used
2026-09-05,02:36:30 GMT,SENTINEL V6 MULTI-WINDOW SCAN >>>
2026-09-05,02:36:30 GMT,V6.2 DIAG | 1 0 6 0.04999999999999993 -0.028571428571428567 -0.04999999999999999 0.06666666666666667 0.35000000000000003 -0.05 0.05000000000000002 5 3 0 0 0 0 0 1
2026-09-05,02:36:30 GMT,V6.2 BLOCK - final pressure/veto/active/timing gate failed or signal already used
2026-09-05,02:36:30 GMT,SENTINEL V6 MULTI-WINDOW SCAN >>>
2026-09-05,02:36:30 GMT,V6.2 DIAG | 1 0 5 -0.09999999999999998 -0.05714285714285714 0.10000000000000003 0.13333333333333336 0.35000000000000003 -0.05 0.6 5 3 0 1 0 0 0 1
2026-09-05,02:36:30 GMT,V6.2 BLOCK - final pressure/veto/active/timing gate failed or signal already used
2026-09-05,02:36:30 GMT,SENTINEL V6 MULTI-WINDOW SCAN >>>
2026-09-05,02:36:30 GMT,V6.2 DIAG | 2 0 5 -0.25 -0.028571428571428574 0.25 0.06666666666666668 0.1 -0.05 0.6 5 3 0 0 0 0 0 1
2026-09-05,02:36:30 GMT,V6.2 BLOCK - final pressure/veto/active/timing gate failed or signal already used
2026-09-05,02:36:30 GMT,SENTINEL V6 MULTI-WINDOW SCAN >>>
2026-09-05,02:36:30 GMT,V6.2 DIAG | 7 0 3 -0.25 -0.028571428571428574 0.25 0.06666666666666668 0.1 -0.05 0.6 4 4 0 1 0 0 0 1
2026-09-05,02:36:30 GMT,V6.2 BLOCK - final pressure/veto/active/timing gate failed or signal already used
2026-09-05,02:36:30 GMT,SENTINEL V6 MULTI-WINDOW SCAN >>>
2026-09-05,02:36:30 GMT,V6.2 DIAG | 9 0 7 -0.30000000000000004 0.028571428571428574 0.3 -0.06666666666666668 -0.65 -0.05 0.6 4 4 0 1 0 0 0 1
2026-09-05,02:36:29 GMT,V6.2 BLOCK - final pressure/veto/active/timing gate failed or signal already used
2026-09-05,02:36:29 GMT,SENTINEL V6 MULTI-WINDOW SCAN >>>
2026-09-05,02:36:29 GMT,V6.2 DIAG | 9 1 9 -0.15000000000000002 0.05714285714285714 0.15000000000000002 -0.13333333333333336 -0.7000000000000001 -0.05 0.1 5 3 0 0 0 0 0 1
2026-09-05,02:36:29 GMT,V6.2 BLOCK - final pressure/veto/active/timing gate failed or signal already used
2026-09-05,02:36:29 GMT,SENTINEL V6 MULTI-WINDOW SCAN >>>
2026-09-05,02:36:29 GMT,V6.2 DIAG | 3 1 9 -0.20000000000000007 0.05714285714285714 0.2 -0.13333333333333336 -0.7000000000000001 -0.05 0.15000000000000002 5 3 0 0 0 0 0 1
2026-09-05,02:36:29 GMT,V6.2 BLOCK - final pressure/veto/active/timing gate failed or signal already used
2026-09-05,02:36:29 GMT,SENTINEL V6 MULTI-WINDOW SCAN >>>
2026-09-05,02:36:29 GMT,V6.2 DIAG | 2 0 5 -0.20000000000000007 0 0.2 0 0.1 -0.05 0.15000000000000002 5 3 0 0 0 0 0 1
2026-09-05,02:36:29 GMT,V6.2 BLOCK - final pressure/veto/active/timing gate failed or signal already used
2026-09-05,02:36:29 GMT,SENTINEL V6 MULTI-WINDOW SCAN >>>
2026-09-05,02:36:29 GMT,V6.2 DIAG | 0 0 3 -0.20000000000000007 0 0.2 0 0.1 -0.05 0.15000000000000002 4 4 0 0 0 0 0 1
2026-09-05,02:36:29 GMT,V6.2 BLOCK - final pressure/veto/active/timing gate failed or signal already used
2026-09-05,02:36:29 GMT,SENTINEL V6 MULTI-WINDOW SCAN >>>
2026-09-05,02:36:29 GMT,V6.2 DIAG | 2 0 3 -0.20000000000000007 -0.05714285714285714 0.2 0.13333333333333336 0.9 -0.05 0.15000000000000002 4 4 0 1 0 0 0 1
2026-09-05,02:36:29 GMT,V6.2 BLOCK - final pressure/veto/active/timing gate failed or signal already used
2026-09-05,02:36:29 GMT,SENTINEL V6 MULTI-WINDOW SCAN >>>
2026-09-05,02:36:29 GMT,V6.2 DIAG | 9 0 3 -0.35 -0.028571428571428574 0.35 0.06666666666666668 0.65 -0.05 0.15000000000000002 4 4 0 1 0 0 0 1
2026-09-05,02:36:18 GMT,V6.2 BLOCK - final pressure/veto/active/timing gate failed or signal already used
2026-09-05,02:36:18 GMT,SENTINEL V6 MULTI-WINDOW SCAN >>>
2026-09-05,02:36:18 GMT,V6.2 DIAG | 7 0 5 -0.25 -0.05714285714285714 0.25 0.13333333333333336 0.65 -0.05 0.45 5 3 0 1 0 0 0 1
2026-09-05,02:36:18 GMT,V6.2 BLOCK - final pressure/veto/active/timing gate failed or signal already used
2026-09-05,02:36:18 GMT,SENTINEL V6 MULTI-WINDOW SCAN >>>
2026-09-05,02:36:18 GMT,V6.2 DIAG | 0 0 5 -0.15000000000000002 -0.028571428571428567 0.15 0.06666666666666667 0.15000000000000002 -0.05 0.45 5 3 0 1 0 0 0 1
2026-09-05,02:36:18 GMT,V6.2 BLOCK - final pressure/veto/active/timing gate failed or signal already used
2026-09-05,02:36:18 GMT,SENTINEL V6 MULTI-WINDOW SCAN >>>
2026-09-05,02:36:18 GMT,V6.2 DIAG | 7 0 5 -0.25 0 0.25 0 0.1 -0.05 0.2 5 3 0 1 0 0 0 1
2026-09-05,02:36:18 GMT,V6.2 BLOCK - final pressure/veto/active/timing gate failed or signal already used
2026-09-05,02:36:18 GMT,SENTINEL V6 MULTI-WINDOW SCAN >>>
2026-09-05,02:36:18 GMT,V6.2 DIAG | 2 1 9 -0.15000000000000002 0.028571428571428567 0.15 -0.06666666666666667 -0.4 -0.05 0.2 6 2 0 1 0 0 0 1
2026-09-05,02:36:18 GMT,V6.2 BLOCK - final pressure/veto/active/timing gate failed or signal already used
2026-09-05,02:36:18 GMT,SENTINEL V6 MULTI-WINDOW SCAN >>>
2026-09-05,02:36:18 GMT,V6.2 DIAG | 9 0 5 -0.10000000000000009 -0.028571428571428567 0.09999999999999998 0.06666666666666667 0.35000000000000003 -0.05 0.2 5 3 0 1 0 0 0 1
2026-09-05,02:36:17 GMT,V6.2 BLOCK - final pressure/veto/active/timing gate failed or signal already used
2026-09-05,02:36:17 GMT,SENTINEL V6 MULTI-WINDOW SCAN >>>
2026-09-05,02:36:17 GMT,V6.2 DIAG | 5 0 6 0 0 0 0 0.35000000000000003 -0.05 -0.30000000000000004 6 2 0 0 0 0 0 1
2026-09-05,02:36:17 GMT,V6.2 DIAG | 1 0 8 0.050000000000000044 0 -0.04999999999999999 0 0.35000000000000003 -0.05 -0.35000000000000003 6 2 0 0 0 0 0 1
2026-09-05,02:36:06 GMT,V6.2 BLOCK - final pressure/veto/active/timing gate failed or signal already used
2026-09-05,02:36:06 GMT,SENTINEL V6 MULTI-WINDOW SCAN >>>
2026-09-05,02:36:06 GMT,V6.2 DIAG | 0 0 12 0.09999999999999998 0.028571428571428567 -0.1 -0.06666666666666667 -0.45 0 -0.05 7 1 0 0 1 0 15 0
2026-09-05,02:36:06 GMT,V6.2 BLOCK - final pressure/veto/active/timing gate failed or signal already used
2026-09-05,02:36:06 GMT,SENTINEL V6 MULTI-WINDOW SCAN >>>
2026-09-05,02:36:06 GMT,V6.2 DIAG | 4 0 8 0.15000000000000002 -0.028571428571428567 -0.15 0.06666666666666667 0.30000000000000004 0 -0.05 7 1 0 0 0 0 15 0
2026-09-05,02:36:06 GMT,V6.2 BLOCK - final pressure/veto/active/timing gate failed or signal already used
2026-09-05,02:36:06 GMT,SENTINEL V6 MULTI-WINDOW SCAN >>>
2026-09-05,02:36:06 GMT,V6.2 DIAG | 3 0 8 0.15000000000000002 -0.028571428571428567 -0.15 0.06666666666666667 0.30000000000000004 0 -0.05 7 1 0 0 0 0 15 0
2026-09-05,02:36:06 GMT,V6.2 BLOCK - final pressure/veto/active/timing gate failed or signal already used
2026-09-05,02:36:06 GMT,SENTINEL V6 MULTI-WINDOW SCAN >>>
2026-09-05,02:36:06 GMT,V6.2 DIAG | 5 0 8 0.15000000000000002 -0.028571428571428567 -0.15 0.06666666666666667 0.30000000000000004 0 -0.05 7 1 0 0 0 0 15 0
2026-09-05,02:36:06 GMT,V6.2 BLOCK - final pressure/veto/active/timing gate failed or signal already used
2026-09-05,02:36:06 GMT,SENTINEL V6 MULTI-WINDOW SCAN >>>
2026-09-05,02:36:06 GMT,V6.2 DIAG | 1 0 6 0 0 0 0 0.05000000000000002 0 -0.05 7 1 0 0 0 0 15 0
2026-09-05,02:35:56 GMT,V6.2 BLOCK - final pressure/veto/active/timing gate failed or signal already used
2026-09-05,02:35:56 GMT,SENTINEL V6 MULTI-WINDOW SCAN >>>
2026-09-05,02:35:56 GMT,V6.2 DIAG | 7 0 6 0 0 0 0 0.05000000000000002 0 -0.05 7 1 0 1 0 0 15 0
2026-09-05,02:35:56 GMT,V6.2 BLOCK - final pressure/veto/active/timing gate failed or signal already used
2026-09-05,02:35:56 GMT,SENTINEL V6 MULTI-WINDOW SCAN >>>
2026-09-05,02:35:56 GMT,V6.2 DIAG | 2 0 10 -0.04999999999999993 0.057142857142857134 0.05000000000000002 -0.13333333333333333 -0.7000000000000001 0 -0.05 7 1 0 1 0 0 15 0
2026-09-05,02:35:55 GMT,V6.2 BLOCK - final pressure/veto/active/timing gate failed or signal already used
2026-09-05,02:35:55 GMT,SENTINEL V6 MULTI-WINDOW SCAN >>>
2026-09-05,02:35:55 GMT,V6.2 DIAG | 6 0 10 0 0.057142857142857134 0 -0.13333333333333333 -0.75 0 -0.05 7 1 0 1 0 0 15 0
2026-09-05,02:35:55 GMT,V6.2 BLOCK - final pressure/veto/active/timing gate failed or signal already used
2026-09-05,02:35:55 GMT,SENTINEL V6 MULTI-WINDOW SCAN >>>
2026-09-05,02:35:55 GMT,V6.2 DIAG | 3 0 10 -0.15000000000000002 0.08571428571428572 0.15 -0.2 -0.75 0 -0.30000000000000004 6 2 0 1 0 0 15 0
2026-09-05,02:35:55 GMT,V6.2 BLOCK - final pressure/veto/active/timing gate failed or signal already used
2026-09-05,02:35:55 GMT,SENTINEL V6 MULTI-WINDOW SCAN >>>
2026-09-05,02:35:55 GMT,V6.2 DIAG | 5 0 9 -0.10000000000000009 0.028571428571428567 0.09999999999999998 -0.06666666666666667 0.05000000000000002 0 -0.35000000000000003 6 2 0 1 0 0 15 0
2026-09-05,02:35:55 GMT,V6.2 BLOCK - final pressure/veto/active/timing gate failed or signal already used
2026-09-05,02:35:55 GMT,SENTINEL V6 MULTI-WINDOW SCAN >>>
2026-09-05,02:35:55 GMT,V6.2 DIAG | 3 0 9 -0.10000000000000009 0.028571428571428567 0.09999999999999998 -0.06666666666666667 0.05000000000000002 0 -0.35000000000000003 5 3 0 1 0 0 15 0
2026-09-05,02:35:55 GMT,V6.2 BLOCK - final pressure/veto/active/timing gate failed or signal already used
2026-09-05,02:35:55 GMT,SENTINEL V6 MULTI-WINDOW SCAN >>>
2026-09-05,02:35:55 GMT,V6.2 DIAG | 4 0 6 -0.050000000000000044 -0.028571428571428567 0.04999999999999999 0.06666666666666667 0.8 0 -0.35000000000000003 5 3 0 1 0 0 15 0
2026-09-05,02:35:55 GMT,V6.2 BLOCK - final pressure/veto/active/timing gate failed or signal already used
2026-09-05,02:35:55 GMT,SENTINEL V6 MULTI-WINDOW SCAN >>>
2026-09-05,02:35:55 GMT,V6.2 DIAG | 6 0 6 -0.050000000000000044 -0.028571428571428567 0.04999999999999999 0.06666666666666667 0.8 0 -0.35000000000000003 5 3 0 1 0 0 15 0
2026-09-05,02:35:55 GMT,V6.2 BLOCK - final pressure/veto/active/timing gate failed or signal already used
2026-09-05,02:35:55 GMT,SENTINEL V6 MULTI-WINDOW SCAN >>>
2026-09-05,02:35:55 GMT,V6.2 DIAG | 7 0 5 -0.050000000000000044 -0.08571428571428572 0.04999999999999999 0.2 0.8 0 0.45 5 3 0 1 0 0 15 0
2026-09-05,02:35:55 GMT,V6.2 BLOCK - final pressure/veto/active/timing gate failed or signal already used
2026-09-05,02:35:55 GMT,SENTINEL V6 MULTI-WINDOW SCAN >>>
2026-09-05,02:35:55 GMT,V6.2 DIAG | 1 0 5 -0.10000000000000009 -0.028571428571428567 0.09999999999999998 0.06666666666666667 0.05000000000000002 0 0.45 6 2 0 1 0 0 15 0
2026-09-05,02:35:55 GMT,V6.2 BLOCK - final pressure/veto/active/timing gate failed or signal already used
2026-09-05,02:35:55 GMT,SENTINEL V6 MULTI-WINDOW SCAN >>>
2026-09-05,02:35:55 GMT,V6.2 DIAG | 7 0 5 -0.10000000000000009 -0.028571428571428567 0.09999999999999998 0.06666666666666667 0.05000000000000002 0 0.45 6 2 0 1 0 0 15 0
2026-09-05,02:35:45 GMT,V6.2 BLOCK - final pressure/veto/active/timing gate failed or signal already used
2026-09-05,02:35:45 GMT,SENTINEL V6 MULTI-WINDOW SCAN >>>
2026-09-05,02:35:45 GMT,V6.2 DIAG | 5 0 6 0 0 0 0 -0.45 0 0.45 6 2 0 0 0 0 15 0
2026-09-05,02:35:45 GMT,V6.2 BLOCK - final pressure/veto/active/timing gate failed or signal already used
2026-09-05,02:35:45 GMT,SENTINEL V6 MULTI-WINDOW SCAN >>>
2026-09-05,02:35:45 GMT,V6.2 DIAG | 9 0 6 0 0 0 0 -0.45 0 0.45 6 2 0 1 0 0 15 0
2026-09-05,02:35:45 GMT,V6.2 BLOCK - final pressure/veto/active/timing gate failed or signal already used
2026-09-05,02:35:45 GMT,SENTINEL V6 MULTI-WINDOW SCAN >>>
2026-09-05,02:35:45 GMT,V6.2 DIAG | 0 0 12 0.15000000000000002 0.028571428571428567 -0.15 -0.06666666666666667 -0.45 0 -0.1 7 1 0 0 1 0 15 0
2026-09-05,02:35:44 GMT,V6.2 BLOCK - final pressure/veto/active/timing gate failed or signal already used
2026-09-05,02:35:44 GMT,SENTINEL V6 MULTI-WINDOW SCAN >>>
2026-09-05,02:35:44 GMT,V6.2 DIAG | 1 0 8 0.15000000000000002 -0.028571428571428567 -0.15 0.06666666666666667 0.35000000000000003 0 -0.1 7 1 0 0 0 0 15 0
2026-09-05,02:35:44 GMT,V6.2 BLOCK - final pressure/veto/active/timing gate failed or signal already used
2026-09-05,02:35:44 GMT,SENTINEL V6 MULTI-WINDOW SCAN >>>
2026-09-05,02:35:44 GMT,V6.2 DIAG | 3 0 8 0.15000000000000002 -0.028571428571428567 -0.15 0.06666666666666667 0.35000000000000003 0 -0.1 7 1 0 0 0 0 15 0
2026-09-05,02:35:44 GMT,V6.2 BLOCK - final pressure/veto/active/timing gate failed or signal already used
2026-09-05,02:35:44 GMT,SENTINEL V6 MULTI-WINDOW SCAN >>>
2026-09-05,02:35:44 GMT,V6.2 DIAG | 3 0 8 0.050000000000000044 0 -0.04999999999999999 0 0.1 0 -0.15 7 1 0 0 0 0 15 0
2026-09-05,02:35:44 GMT,V6.2 BLOCK - final pressure/veto/active/timing gate failed or signal already used
2026-09-05,02:35:44 GMT,SENTINEL V6 MULTI-WINDOW SCAN >>>
2026-09-05,02:35:44 GMT,V6.2 DIAG | 4 0 8 0.050000000000000044 0 -0.04999999999999999 0 0.1 0 -0.15 7 1 0 0 0 0 15 0
2026-09-05,02:35:44 GMT,V6.2 BLOCK - final pressure/veto/active/timing gate failed or signal already used
2026-09-05,02:35:44 GMT,SENTINEL V6 MULTI-WINDOW SCAN >>>
2026-09-05,02:35:44 GMT,V6.2 DIAG | 7 0 8 0.050000000000000044 0 -0.04999999999999999 0 0.1 0 -0.15 6 2 0 1 0 0 15 0
2026-09-05,02:35:44 GMT,V6.2 BLOCK - final pressure/veto/active/timing gate failed or signal already used
2026-09-05,02:35:44 GMT,SENTINEL V6 MULTI-WINDOW SCAN >>>
2026-09-05,02:35:44 GMT,V6.2 DIAG | 5 0 12 0.20000000000000007 0.028571428571428567 -0.19999999999999998 -0.06666666666666667 -0.45 0 -0.15 7 1 0 0 1 0 15 0
2026-09-05,02:35:44 GMT,V6.2 BLOCK - final pressure/veto/active/timing gate failed or signal already used
2026-09-05,02:35:44 GMT,SENTINEL V6 MULTI-WINDOW SCAN >>>
2026-09-05,02:35:44 GMT,V6.2 DIAG | 1 0 12 0.25 0.028571428571428567 -0.24999999999999997 -0.06666666666666667 -0.45 -0.05 -0.15 7 1 0 1 1 0 15 0
2026-09-05,02:35:44 GMT,V6.2 BLOCK - final pressure/veto/active/timing gate failed or signal already used
2026-09-05,02:35:44 GMT,SENTINEL V6 MULTI-WINDOW SCAN >>>
2026-09-05,02:35:44 GMT,V6.2 DIAG | 5 0 8 0.30000000000000004 -0.028571428571428567 -0.30000000000000004 0.06666666666666667 0.35000000000000003 -0.1 -0.15 7 1 0 0 0 0 15 0
2026-09-05,02:35:34 GMT,V6.2 BLOCK - final pressure/veto/active/timing gate failed or signal already used
2026-09-05,02:35:34 GMT,SENTINEL V6 MULTI-WINDOW SCAN >>>
2026-09-05,02:35:34 GMT,V6.2 DIAG | 6 0 8 0.20000000000000007 0 -0.2 0 0.05000000000000002 -0.1 -0.15 7 1 0 0 0 0 15 0
2026-09-05,02:35:34 GMT,V6.2 BLOCK - final pressure/veto/active/timing gate failed or signal already used
2026-09-05,02:35:34 GMT,SENTINEL V6 MULTI-WINDOW SCAN >>>
2026-09-05,02:35:34 GMT,V6.2 DIAG | 0 0 8 0.20000000000000007 0 -0.2 0 0.05000000000000002 -0.1 -0.15 7 1 0 0 0 0 15 0
2026-09-05,02:35:34 GMT,V6.2 BLOCK - final pressure/veto/active/timing gate failed or signal already used
2026-09-05,02:35:34 GMT,SENTINEL V6 MULTI-WINDOW SCAN >>>
2026-09-05,02:35:34 GMT,V6.2 DIAG | 3 0 11 0.09999999999999998 0.028571428571428567 -0.10000000000000003 -0.06666666666666667 0.05000000000000002 -0.15 -0.4 6 2 0 0 1 0 15 0
2026-09-05,02:35:34 GMT,V6.2 BLOCK - final pressure/veto/active/timing gate failed or signal already used
2026-09-05,02:35:34 GMT,SENTINEL V6 MULTI-WINDOW SCAN >>>
2026-09-05,02:35:34 GMT,V6.2 DIAG | 7 0 11 0.09999999999999998 0.028571428571428567 -0.10000000000000003 -0.06666666666666667 0.05000000000000002 -0.15 -0.4 6 2 0 0 0 0 15 0
2026-09-05,02:35:33 GMT,V6.2 BLOCK - final pressure/veto/active/timing gate failed or signal already used
2026-09-05,02:35:33 GMT,SENTINEL V6 MULTI-WINDOW SCAN >>>
2026-09-05,02:35:33 GMT,V6.2 DIAG | 1 0 12 0.09999999999999998 0.08571428571428572 -0.10000000000000003 -0.2 -0.7000000000000001 -0.2 -0.4 6 2 0 0 1 0 15 0
2026-09-05,02:35:33 GMT,V6.2 BLOCK - final pressure/veto/active/timing gate failed or signal already used
2026-09-05,02:35:33 GMT,SENTINEL V6 MULTI-WINDOW SCAN >>>
2026-09-05,02:35:33 GMT,V6.2 DIAG | 0 0 11 0.09999999999999998 0.028571428571428567 -0.10000000000000003 -0.06666666666666667 0.1 -0.2 -0.4 6 2 0 0 1 0 15 0
2026-09-05,02:35:33 GMT,V6.2 BLOCK - final pressure/veto/active/timing gate failed or signal already used
2026-09-05,02:35:33 GMT,SENTINEL V6 MULTI-WINDOW SCAN >>>
2026-09-05,02:35:33 GMT,V6.2 DIAG | 0 0 11 0.1499999999999999 0.028571428571428567 -0.15000000000000002 -0.06666666666666667 0.05000000000000002 -0.2 -0.4 5 3 0 0 1 0 15 0
2026-09-05,02:35:33 GMT,V6.2 BLOCK - final pressure/veto/active/timing gate failed or signal already used
2026-09-05,02:35:33 GMT,SENTINEL V6 MULTI-WINDOW SCAN >>>
2026-09-05,02:35:33 GMT,V6.2 DIAG | 3 0 7 0.1499999999999999 -0.028571428571428567 -0.15000000000000002 0.06666666666666667 0.05000000000000002 -0.2 0.4 5 3 0 0 0 0 15 0
2026-09-05,02:35:33 GMT,V6.2 BLOCK - final pressure/veto/active/timing gate failed or signal already used
2026-09-05,02:35:33 GMT,SENTINEL V6 MULTI-WINDOW SCAN >>>
2026-09-05,02:35:33 GMT,V6.2 DIAG | 2 0 7 0.1499999999999999 -0.028571428571428567 -0.15000000000000002 0.06666666666666667 0.05000000000000002 -0.2 0.4 5 3 0 0 0 0 15 0
2026-09-05,02:35:33 GMT,V6.2 BLOCK - final pressure/veto/active/timing gate failed or signal already used
2026-09-05,02:35:33 GMT,SENTINEL V6 MULTI-WINDOW SCAN >>>
2026-09-05,02:35:33 GMT,V6.2 DIAG | 7 0 7 0.1499999999999999 -0.08571428571428572 -0.15000000000000002 0.2 0.8500000000000001 -0.2 0.4 5 3 0 1 0 0 15 0
2026-09-05,02:35:33 GMT,V6.2 BLOCK - final pressure/veto/active/timing gate failed or signal already used
2026-09-05,02:35:33 GMT,SENTINEL V6 MULTI-WINDOW SCAN >>>
2026-09-05,02:35:33 GMT,V6.2 DIAG | 0 0 7 0.30000000000000004 -0.057142857142857134 -0.3 0.13333333333333333 0.35000000000000003 -0.25 0.4 6 2 0 0 0 0 15 0
2026-09-05,02:35:24 GMT,V6.2 BLOCK - final pressure/veto/active/timing gate failed or signal already used
2026-09-05,02:35:24 GMT,SENTINEL V6 MULTI-WINDOW SCAN >>>
2026-09-05,02:35:24 GMT,V6.2 DIAG | 9 0 7 0.1499999999999999 -0.028571428571428567 -0.15000000000000002 0.06666666666666667 0.35000000000000003 -0.25 0.15000000000000002 6 2 0 1 0 0 15 0
2026-09-05,02:35:24 GMT,V6.2 BLOCK - final pressure/veto/active/timing gate failed or signal already used
2026-09-05,02:35:24 GMT,SENTINEL V6 MULTI-WINDOW SCAN >>>
2026-09-05,02:35:24 GMT,V6.2 DIAG | 4 0 8 0.25 0 -0.25 0 0.35000000000000003 -0.25 -0.35000000000000003 7 1 0 0 0 0 15 1
2026-09-05,02:35:24 GMT,V6.2 BLOCK - final pressure/veto/active/timing gate failed or signal already used
2026-09-05,02:35:24 GMT,SENTINEL V6 MULTI-WINDOW SCAN >>>
2026-09-05,02:35:24 GMT,V6.2 DIAG | 7 0 8 0.25 0 -0.25 0 0.35000000000000003 -0.25 -0.35000000000000003 6 2 0 0 0 0 15 0
2026-09-05,02:35:23 GMT,V6.2 BLOCK - final pressure/veto/active/timing gate failed or signal already used
2026-09-05,02:35:23 GMT,SENTINEL V6 MULTI-WINDOW SCAN >>>
2026-09-05,02:35:23 GMT,V6.2 DIAG | 2 1 12 0.25 0.057142857142857134 -0.25 -0.13333333333333333 -0.2 -0.25 -0.6000000000000001 7 1 0 0 1 0 15 0
2026-09-05,02:35:23 GMT,V6.2 BLOCK - final pressure/veto/active/timing gate failed or signal already used
2026-09-05,02:35:23 GMT,SENTINEL V6 MULTI-WINDOW SCAN >>>
2026-09-05,02:35:23 GMT,V6.2 DIAG | 5 0 12 0.30000000000000004 0.057142857142857134 -0.3 -0.13333333333333333 -0.2 -0.25 -0.65 7 1 0 0 1 0 15 1
2026-09-05,02:35:23 GMT,V6.2 BLOCK - final pressure/veto/active/timing gate failed or signal already used
2026-09-05,02:35:23 GMT,SENTINEL V6 MULTI-WINDOW SCAN >>>
2026-09-05,02:35:23 GMT,V6.2 DIAG | 6 0 8 0.30000000000000004 0 -0.3 0 -0.2 -0.25 0.15000000000000002 6 2 0 0 0 0 15 0
2026-09-05,02:35:23 GMT,V6.2 BLOCK - final pressure/veto/active/timing gate failed or signal already used
2026-09-05,02:35:23 GMT,SENTINEL V6 MULTI-WINDOW SCAN >>>
2026-09-05,02:35:23 GMT,V6.2 DIAG | 0 0 11 0.19999999999999996 0.028571428571428567 -0.2 -0.06666666666666667 -0.5 -0.25 0.15000000000000002 6 2 0 0 0 0 15 0
2026-09-05,02:35:23 GMT,V6.2 BLOCK - final pressure/veto/active/timing gate failed or signal already used
2026-09-05,02:35:23 GMT,SENTINEL V6 MULTI-WINDOW SCAN >>>
2026-09-05,02:35:23 GMT,V6.2 DIAG | 1 0 10 0.04999999999999993 0.05714285714285714 -0.04999999999999999 -0.13333333333333336 -0.5 -0.5 0.15000000000000002 6 2 0 0 0 0 15 0
2026-09-05,02:35:23 GMT,V6.2 BLOCK - final pressure/veto/active/timing gate failed or signal already used
2026-09-05,02:35:23 GMT,SENTINEL V6 MULTI-WINDOW SCAN >>>
2026-09-05,02:35:23 GMT,V6.2 DIAG | 4 0 9 -0.050000000000000044 0.028571428571428574 0.04999999999999999 -0.06666666666666668 -0.55 -0.75 0.9500000000000001 5 3 0 1 0 0 15 0
2026-09-05,02:35:23 GMT,V6.2 BLOCK - final pressure/veto/active/timing gate failed or signal already used
2026-09-05,02:35:23 GMT,SENTINEL V6 MULTI-WINDOW SCAN >>>
2026-09-05,02:35:23 GMT,V6.2 DIAG | 9 0 6 -0.19999999999999996 0.05714285714285715 0.19999999999999996 -0.13333333333333333 -0.8 -0.75 0.9500000000000001 4 4 1 1 0 0 15 0
2026-09-05,02:35:12 GMT,V6.2 BLOCK - final pressure/veto/active/timing gate failed or signal already used
2026-09-05,02:35:12 GMT,SENTINEL V6 MULTI-WINDOW SCAN >>>
2026-09-05,02:35:12 GMT,V6.2 DIAG | 0 0 6 -0.09999999999999998 0.08571428571428572 0.09999999999999998 -0.2 -0.8 -0.75 0.45 4 4 2 1 0 0 15 0
2026-09-05,02:35:12 GMT,V6.2 BLOCK - final pressure/veto/active/timing gate failed or signal already used
2026-09-05,02:35:12 GMT,SENTINEL V6 MULTI-WINDOW SCAN >>>
2026-09-05,02:35:12 GMT,V6.2 DIAG | 5 0 5 -0.25 0.05714285714285715 0.25 -0.13333333333333333 0 -1 0.45 3 5 2 1 0 0 15 0
2026-09-05,02:35:12 GMT,V6.2 BLOCK - final pressure/veto/active/timing gate failed or signal already used
2026-09-05,02:35:12 GMT,SENTINEL V6 MULTI-WINDOW SCAN >>>
2026-09-05,02:35:12 GMT,V6.2 DIAG | 9 0 2 -0.25 0 0.25 0 0 -0.20000000000000004 0.45 3 5 2 1 0 0 15 0
2026-09-05,02:35:12 GMT,V6.2 BLOCK - final pressure/veto/active/timing gate failed or signal already used
2026-09-05,02:35:12 GMT,SENTINEL V6 MULTI-WINDOW SCAN >>>
2026-09-05,02:35:12 GMT,V6.2 DIAG | 6 0 2 -0.29999999999999993 0 0.3 0 0 0.35000000000000003 -0.05 3 5 3 1 0 0 15 0
2026-09-05,02:35:12 GMT,V6.2 BLOCK - final pressure/veto/active/timing gate failed or signal already used
2026-09-05,02:35:12 GMT,SENTINEL V6 MULTI-WINDOW SCAN >>>
2026-09-05,02:35:12 GMT,V6.2 DIAG | 2 0 1 -0.25 -0.05714285714285715 0.25 0.13333333333333333 0.8 0.35000000000000003 -0.1 3 5 3 1 0 0 15 0
2026-09-05,02:35:12 GMT,V6.2 BLOCK - final pressure/veto/active/timing gate failed or signal already used
2026-09-05,02:35:12 GMT,SENTINEL V6 MULTI-WINDOW SCAN >>>
2026-09-05,02:35:12 GMT,V6.2 DIAG | 7 0 1 -0.35000000000000003 -0.02857142857142857 0.35 0.06666666666666665 0.55 0.35000000000000003 -0.15 2 6 4 1 0 0 15 0
2026-09-05,02:35:11 GMT,V6.2 BLOCK - final pressure/veto/active/timing gate failed or signal already used
2026-09-05,02:35:11 GMT,SENTINEL V6 MULTI-WINDOW SCAN >>>
2026-09-05,02:35:11 GMT,V6.2 DIAG | 8 0 1 -0.19999999999999996 -0.05714285714285715 0.19999999999999996 0.13333333333333333 0.05000000000000002 1.1 -0.15 3 5 4 1 0 0 15 0
2026-09-05,02:35:11 GMT,V6.2 BLOCK - final pressure/veto/active/timing gate failed or signal already used
2026-09-05,02:35:11 GMT,SENTINEL V6 MULTI-WINDOW SCAN >>>
2026-09-05,02:35:11 GMT,V6.2 DIAG | 8 0 2 -0.09999999999999998 -0.028571428571428574 0.09999999999999998 0.06666666666666668 0.05000000000000002 0.6 -0.15 3 5 3 1 0 0 15 0
2026-09-05,02:35:11 GMT,V6.2 BLOCK - final pressure/veto/active/timing gate failed or signal already used
2026-09-05,02:35:11 GMT,SENTINEL V6 MULTI-WINDOW SCAN >>>
2026-09-05,02:35:11 GMT,V6.2 DIAG | 7 0 3 0.04999999999999993 -0.05714285714285714 -0.04999999999999999 0.13333333333333336 0.05000000000000002 0.9 -0.2 4 4 2 1 0 0 15 0
2026-09-05,02:35:11 GMT,V6.2 BLOCK - final pressure/veto/active/timing gate failed or signal already used
2026-09-05,02:35:11 GMT,SENTINEL V6 MULTI-WINDOW SCAN >>>
2026-09-05,02:35:11 GMT,V6.2 DIAG | 0 0 6 0.04999999999999993 0 -0.04999999999999999 0 -0.45 0.6 -0.2 5 3 2 1 0 0 15 0
2026-09-05,02:35:11 GMT,V6.2 BLOCK - final pressure/veto/active/timing gate failed or signal already used
2026-09-05,02:35:11 GMT,SENTINEL V6 MULTI-WINDOW SCAN >>>
2026-09-05,02:35:11 GMT,V6.2 DIAG | 8 0 5 0.04999999999999993 -0.05714285714285714 -0.04999999999999999 0.13333333333333336 0.35000000000000003 0.6 -0.2 5 3 2 1 0 0 15 0
2026-09-05,02:35:11 GMT,V6.2 BLOCK - final pressure/veto/active/timing gate failed or signal already used
2026-09-05,02:35:11 GMT,SENTINEL V6 MULTI-WINDOW SCAN >>>
2026-09-05,02:35:11 GMT,V6.2 DIAG | 3 0 6 0.19999999999999996 -0.028571428571428567 -0.2 0.06666666666666667 0.35000000000000003 0.05000000000000002 -0.2 5 3 2 0 0 0 15 0
2026-09-05,02:35:01 GMT,V6.2 BLOCK - final pressure/veto/active/timing gate failed or signal already used
2026-09-05,02:35:01 GMT,SENTINEL V6 MULTI-WINDOW SCAN >>>
2026-09-05,02:35:01 GMT,V6.2 DIAG | 8 0 6 0.19999999999999996 -0.028571428571428567 -0.2 0.06666666666666667 0.35000000000000003 0.05000000000000002 -0.2 5 3 2 0 0 0 15 0
2026-09-05,02:35:01 GMT,V6.2 BLOCK - final pressure/veto/active/timing gate failed or signal already used
2026-09-05,02:35:01 GMT,SENTINEL V6 MULTI-WINDOW SCAN >>>
2026-09-05,02:35:01 GMT,V6.2 DIAG | 6 0 11 0.19999999999999996 0.028571428571428567 -0.2 -0.06666666666666667 0.05000000000000002 -0.45 -0.2 6 2 1 0 1 0 15 0
2026-09-05,02:35:01 GMT,V6.2 BLOCK - final pressure/veto/active/timing gate failed or signal already used
2026-09-05,02:35:01 GMT,SENTINEL V6 MULTI-WINDOW SCAN >>>
2026-09-05,02:35:01 GMT,V6.2 DIAG | 7 0 6 0.04999999999999993 0 -0.04999999999999999 0 0.05000000000000002 0.35000000000000003 -0.45 6 2 1 1 0 0 15 0
2026-09-05,02:35:01 GMT,V6.2 BLOCK - final pressure/veto/active/timing gate failed or signal already used
2026-09-05,02:35:01 GMT,SENTINEL V6 MULTI-WINDOW SCAN >>>
2026-09-05,02:35:01 GMT,V6.2 DIAG | 2 0 11 0.19999999999999996 0.028571428571428567 -0.2 -0.06666666666666667 -0.5 0.35000000000000003 -0.45 6 2 1 1 0 0 15 0
2026-09-05,02:35:01 GMT,V6.2 BLOCK - final pressure/veto/active/timing gate failed or signal already used
2026-09-05,02:35:01 GMT,SENTINEL V6 MULTI-WINDOW SCAN >>>
2026-09-05,02:35:01 GMT,V6.2 DIAG | 2 0 11 0.09999999999999998 0.05714285714285714 -0.09999999999999998 -0.13333333333333336 -0.75 0.35000000000000003 -0.5 5 3 1 1 1 0 15 0
2026-09-05,02:35:00 GMT,V6.2 BLOCK - final pressure/veto/active/timing gate failed or signal already used
2026-09-05,02:35:00 GMT,SENTINEL V6 MULTI-WINDOW SCAN >>>
2026-09-05,02:35:00 GMT,V6.2 DIAG | 0 0 11 0.09999999999999998 0.05714285714285714 -0.09999999999999998 -0.13333333333333336 -0.75 0.35000000000000003 -0.5 5 3 1 1 1 0 15 0
2026-09-05,02:35:00 GMT,V6.2 BLOCK - final pressure/veto/active/timing gate failed or signal already used
2026-09-05,02:35:00 GMT,SENTINEL V6 MULTI-WINDOW SCAN >>>
2026-09-05,02:35:00 GMT,V6.2 DIAG | 8 0 7 -0.050000000000000044 0.028571428571428574 0.04999999999999999 -0.06666666666666668 -0.20000000000000004 0.35000000000000003 -0.5 4 4 1 1 0 0 15 0
2026-09-05,02:35:00 GMT,V6.2 BLOCK - final pressure/veto/active/timing gate failed or signal already used
2026-09-05,02:35:00 GMT,SENTINEL V6 MULTI-WINDOW SCAN >>>
2026-09-05,02:35:00 GMT,V6.2 DIAG | 0 0 7 0.04999999999999993 0 -0.04999999999999999 0 -0.20000000000000004 -0.15 0.30000000000000004 5 3 0 0 0 0 15 0
2026-09-05,02:35:00 GMT,V6.2 BLOCK - final pressure/veto/active/timing gate failed or signal already used
2026-09-05,02:35:00 GMT,SENTINEL V6 MULTI-WINDOW SCAN >>>
2026-09-05,02:35:00 GMT,V6.2 DIAG | 0 0 5 0.04999999999999993 0 -0.04999999999999999 0 -0.20000000000000004 -0.15 0.30000000000000004 4 4 0 0 0 0 15 0
2026-09-05,02:35:00 GMT,V6.2 BLOCK - final pressure/veto/active/timing gate failed or signal already used
2026-09-05,02:35:00 GMT,SENTINEL V6 MULTI-WINDOW SCAN >>>
2026-09-05,02:35:00 GMT,V6.2 DIAG | 5 0 4 0.04999999999999993 -0.05714285714285714 -0.04999999999999999 0.13333333333333336 0.6 -0.15 0.30000000000000004 4 4 0 0 0 0 15 0
2026-09-05,02:35:00 GMT,V6.2 BLOCK - final pressure/veto/active/timing gate failed or signal already used
2026-09-05,02:35:00 GMT,SENTINEL V6 MULTI-WINDOW SCAN >>>
2026-09-05,02:35:00 GMT,V6.2 DIAG | 7 0 5 0.09999999999999998 -0.05714285714285714 -0.09999999999999998 0.13333333333333336 0.6 -0.2 0.30000000000000004 4 4 0 1 0 0 15 0
2026-09-05,02:34:52 GMT,V6.2 BLOCK - final pressure/veto/active/timing gate failed or signal already used
2026-09-05,02:34:52 GMT,SENTINEL V6 MULTI-WINDOW SCAN >>>
2026-09-05,02:34:52 GMT,V6.2 DIAG | 9 0 7 0.19999999999999996 -0.08571428571428572 -0.2 0.2 0.9 -0.2 0.30000000000000004 5 3 0 0 0 0 15 0
2026-09-05,02:34:52 GMT,V6.2 BLOCK - final pressure/veto/active/timing gate failed or signal already used
2026-09-05,02:34:52 GMT,SENTINEL V6 MULTI-WINDOW SCAN >>>
2026-09-05,02:34:52 GMT,V6.2 DIAG | 2 0 8 0.1499999999999999 -0.028571428571428567 -0.15000000000000002 0.06666666666666667 0.9 -0.2 -0.45 6 2 0 0 0 0 15 0
2026-09-05,02:34:52 GMT,V6.2 BLOCK - final pressure/veto/active/timing gate failed or signal already used
2026-09-05,02:34:52 GMT,SENTINEL V6 MULTI-WINDOW SCAN >>>
2026-09-05,02:34:52 GMT,V6.2 DIAG | 7 0 7 0.04999999999999993 0 -0.04999999999999999 0 0.9 -0.25 -0.7000000000000001 6 2 0 1 0 0 15 0
2026-09-05,02:34:52 GMT,V6.2 BLOCK - final pressure/veto/active/timing gate failed or signal already used
2026-09-05,02:34:52 GMT,SENTINEL V6 MULTI-WINDOW SCAN >>>
2026-09-05,02:34:52 GMT,V6.2 DIAG | 3 0 9 0 0.05714285714285714 0 -0.13333333333333336 0.4 -0.5 -0.7000000000000001 6 2 0 0 0 0 15 0
2026-09-05,02:34:52 GMT,V6.2 BLOCK - final pressure/veto/active/timing gate failed or signal already used
2026-09-05,02:34:52 GMT,SENTINEL V6 MULTI-WINDOW SCAN >>>
2026-09-05,02:34:52 GMT,V6.2 DIAG | 7 0 9 0 0.05714285714285714 0 -0.13333333333333336 0.4 -0.5 -0.7000000000000001 5 3 0 1 0 0 15 0
2026-09-05,02:34:51 GMT,V6.2 BLOCK - final pressure/veto/active/timing gate failed or signal already used
2026-09-05,02:34:51 GMT,SENTINEL V6 MULTI-WINDOW SCAN >>>
2026-09-05,02:34:51 GMT,V6.2 DIAG | 3 0 10 -0.050000000000000044 0.11428571428571428 0.050000000000000044 -0.26666666666666666 -0.1 -0.5 -0.95 5 3 1 1 0 0 15 0
2026-09-05,02:34:51 GMT,V6.2 BLOCK - final pressure/veto/active/timing gate failed or signal already used
2026-09-05,02:34:51 GMT,SENTINEL V6 MULTI-WINDOW SCAN >>>
2026-09-05,02:34:51 GMT,V6.2 DIAG | 5 0 10 -0.19999999999999996 0.08571428571428572 0.2 -0.2 -0.1 -0.75 -0.15000000000000002 5 3 1 1 0 0 15 0
2026-09-05,02:34:51 GMT,V6.2 BLOCK - final pressure/veto/active/timing gate failed or signal already used
2026-09-05,02:34:51 GMT,SENTINEL V6 MULTI-WINDOW SCAN >>>
2026-09-05,02:34:51 GMT,V6.2 DIAG | 0 0 7 -0.19999999999999996 0.028571428571428574 0.2 -0.06666666666666668 -0.1 -0.75 0.65 4 4 1 1 0 0 15 0
2026-09-05,02:34:51 GMT,V6.2 BLOCK - final pressure/veto/active/timing gate failed or signal already used
2026-09-05,02:34:51 GMT,SENTINEL V6 MULTI-WINDOW SCAN >>>
2026-09-05,02:34:51 GMT,V6.2 DIAG | 5 0 2 -0.29999999999999993 0 0.3 0 -0.15 -0.20000000000000004 0.65 3 5 2 1 0 0 15 0
2026-09-05,02:34:41 GMT,V6.2 BLOCK - final pressure/veto/active/timing gate failed or signal already used
2026-09-05,02:34:41 GMT,SENTINEL V6 MULTI-WINDOW SCAN >>>
2026-09-05,02:34:41 GMT,V6.2 DIAG | 5 0 2 -0.25 0 0.25 0 -0.2 -0.20000000000000004 0.65 3 5 2 1 0 0 15 0
2026-09-05,02:34:41 GMT,V6.2 BLOCK - final pressure/veto/active/timing gate failed or signal already used
2026-09-05,02:34:41 GMT,SENTINEL V6 MULTI-WINDOW SCAN >>>
2026-09-05,02:34:41 GMT,V6.2 DIAG | 9 0 2 -0.35000000000000003 -0.02857142857142857 0.35 0.06666666666666665 -0.45 -0.20000000000000004 1.4 2 6 3 1 0 0 15 0
2026-09-05,02:34:41 GMT,V6.2 BLOCK - final pressure/veto/active/timing gate failed or signal already used
2026-09-05,02:34:41 GMT,SENTINEL V6 MULTI-WINDOW SCAN >>>
2026-09-05,02:34:41 GMT,V6.2 DIAG | 9 0 1 -0.25 -0.05714285714285715 0.25 0.13333333333333333 -0.45 0.6 0.9 3 5 3 1 0 0 15 0
2026-09-05,02:34:41 GMT,V6.2 BLOCK - final pressure/veto/active/timing gate failed or signal already used
2026-09-05,02:34:41 GMT,SENTINEL V6 MULTI-WINDOW SCAN >>>
2026-09-05,02:34:41 GMT,V6.2 DIAG | 8 0 1 -0.25 0 0.25 0 -0.7000000000000001 0.6 0.35000000000000003 3 5 3 1 0 0 15 0
2026-09-05,02:34:40 GMT,V6.2 BLOCK - final pressure/veto/active/timing gate failed or signal already used
2026-09-05,02:34:40 GMT,SENTINEL V6 MULTI-WINDOW SCAN >>>
2026-09-05,02:34:40 GMT,V6.2 DIAG | 1 0 1 -0.29999999999999993 0 0.3 0 -0.7000000000000001 0.9 0.1 4 4 2 1 0 0 15 0
2026-09-05,02:34:40 GMT,V6.2 BLOCK - final pressure/veto/active/timing gate failed or signal already used
2026-09-05,02:34:40 GMT,SENTINEL V6 MULTI-WINDOW SCAN >>>
2026-09-05,02:34:40 GMT,V6.2 DIAG | 9 0 1 -0.29999999999999993 0 0.3 0 -0.7000000000000001 0.9 0.1 3 5 2 1 0 0 15 0
2026-09-05,02:34:40 GMT,V6.2 BLOCK - final pressure/veto/active/timing gate failed or signal already used
2026-09-05,02:34:40 GMT,SENTINEL V6 MULTI-WINDOW SCAN >>>
2026-09-05,02:34:40 GMT,V6.2 DIAG | 8 0 2 -0.19999999999999996 -0.028571428571428574 0.2 0.06666666666666668 0.1 0.9 -0.4 3 5 2 1 0 0 15 0
2026-09-05,02:34:40 GMT,V6.2 BLOCK - final pressure/veto/active/timing gate failed or signal already used
2026-09-05,02:34:40 GMT,SENTINEL V6 MULTI-WINDOW SCAN >>>
2026-09-05,02:34:40 GMT,V6.2 DIAG | 0 0 3 -0.09999999999999998 0 0.10000000000000003 0 0.1 0.4 -0.4 4 4 1 1 0 0 15 0
2026-09-05,02:34:39 GMT,V6.2 BLOCK - final pressure/veto/active/timing gate failed or signal already used
2026-09-05,02:34:39 GMT,SENTINEL V6 MULTI-WINDOW SCAN >>>
2026-09-05,02:34:39 GMT,V6.2 DIAG | 8 0 3 -0.050000000000000044 -0.05714285714285714 0.050000000000000044 0.13333333333333336 0.8500000000000001 0.4 -0.4 4 4 1 1 0 0 15 0
2026-09-05,02:34:39 GMT,V6.2 BLOCK - final pressure/veto/active/timing gate failed or signal already used
2026-09-05,02:34:39 GMT,SENTINEL V6 MULTI-WINDOW SCAN >>>
2026-09-05,02:34:39 GMT,V6.2 DIAG | 6 0 7 0.09999999999999998 -0.08571428571428572 -0.10000000000000003 0.2 0.8 -0.1 0.4 5 3 0 0 0 0 15 0
2026-09-05,02:34:39 GMT,V6.2 BLOCK - final pressure/veto/active/timing gate failed or signal already used
2026-09-05,02:34:39 GMT,SENTINEL V6 MULTI-WINDOW SCAN >>>
2026-09-05,02:34:39 GMT,V6.2 DIAG | 7 0 5 0 -0.05714285714285714 0 0.13333333333333336 0.8 -0.35000000000000003 0.35000000000000003 5 3 0 1 0 0 15 0
2026-09-05,02:34:39 GMT,V6.2 BLOCK - final pressure/veto/active/timing gate failed or signal already used
2026-09-05,02:34:39 GMT,SENTINEL V6 MULTI-WINDOW SCAN >>>
2026-09-05,02:34:39 GMT,V6.2 DIAG | 0 0 7 0.1499999999999999 -0.028571428571428567 -0.15000000000000002 0.06666666666666667 0.30000000000000004 -0.4 0.35000000000000003 6 2 0 0 0 0 15 0
2026-09-05,02:34:32 GMT,V6.2 BLOCK - final pressure/veto/active/timing gate failed or signal already used
2026-09-05,02:34:32 GMT,SENTINEL V6 MULTI-WINDOW SCAN >>>
2026-09-05,02:34:32 GMT,V6.2 DIAG | 7 0 7 0.1499999999999999 -0.028571428571428567 -0.15000000000000002 0.06666666666666667 0.30000000000000004 -0.4 0.35000000000000003 5 3 1 0 0 0 15 0
2026-09-05,02:34:31 GMT,V6.2 BLOCK - final pressure/veto/active/timing gate failed or signal already used
2026-09-05,02:34:31 GMT,SENTINEL V6 MULTI-WINDOW SCAN >>>
2026-09-05,02:34:31 GMT,V6.2 DIAG | 9 0 11 0.09999999999999998 0.028571428571428567 -0.10000000000000003 -0.06666666666666667 -0.2 -0.65 0.35000000000000003 6 2 1 1 0 0 15 0
2026-09-05,02:34:31 GMT,V6.2 BLOCK - final pressure/veto/active/timing gate failed or signal already used
2026-09-05,02:34:31 GMT,SENTINEL V6 MULTI-WINDOW SCAN >>>
2026-09-05,02:34:31 GMT,V6.2 DIAG | 4 0 12 0.20000000000000007 0.057142857142857134 -0.2 -0.13333333333333333 -0.2 -0.65 -0.15 7 1 1 0 1 0 15 0
2026-09-05,02:34:31 GMT,V6.2 BLOCK - final pressure/veto/active/timing gate failed or signal already used
2026-09-05,02:34:31 GMT,SENTINEL V6 MULTI-WINDOW SCAN >>>
2026-09-05,02:34:31 GMT,V6.2 DIAG | 4 0 7 0.20000000000000007 0 -0.2 0 -0.2 0.15000000000000002 -0.15 6 2 2 1 0 0 15 0
2026-09-05,02:34:30 GMT,V6.2 BLOCK - final pressure/veto/active/timing gate failed or signal already used
2026-09-05,02:34:30 GMT,SENTINEL V6 MULTI-WINDOW SCAN >>>
2026-09-05,02:34:30 GMT,V6.2 DIAG | 3 0 7 0.20000000000000007 0 -0.2 0 -0.2 0.15000000000000002 -0.15 6 2 2 1 0 0 15 0
2026-09-05,02:34:30 GMT,V6.2 BLOCK - final pressure/veto/active/timing gate failed or signal already used
2026-09-05,02:34:30 GMT,SENTINEL V6 MULTI-WINDOW SCAN >>>
2026-09-05,02:34:30 GMT,V6.2 DIAG | 2 0 7 0.20000000000000007 0 -0.2 0 -0.2 0.15000000000000002 -0.15 6 2 2 1 0 0 15 0
2026-09-05,02:34:30 GMT,V6.2 BLOCK - final pressure/veto/active/timing gate failed or signal already used
2026-09-05,02:34:30 GMT,SENTINEL V6 MULTI-WINDOW SCAN >>>
2026-09-05,02:34:30 GMT,V6.2 DIAG | 0 0 7 0.20000000000000007 -0.057142857142857134 -0.2 0.13333333333333333 -0.2 0.9500000000000001 -0.15 6 2 2 1 0 0 15 0
2026-09-05,02:34:29 GMT,V6.2 BLOCK - final pressure/veto/active/timing gate failed or signal already used
2026-09-05,02:34:29 GMT,SENTINEL V6 MULTI-WINDOW SCAN >>>
2026-09-05,02:34:29 GMT,V6.2 DIAG | 8 0 6 0.04999999999999993 -0.028571428571428567 -0.04999999999999999 0.06666666666666667 -0.45 0.9500000000000001 -0.15 6 2 2 1 0 0 15 0
2026-09-05,02:34:29 GMT,V6.2 BLOCK - final pressure/veto/active/timing gate failed or signal already used
2026-09-05,02:34:29 GMT,SENTINEL V6 MULTI-WINDOW SCAN >>>
2026-09-05,02:34:29 GMT,V6.2 DIAG | 0 0 9 0 0.028571428571428567 0 -0.06666666666666667 -0.7000000000000001 0.45 -0.15 7 1 1 1 0 0 15 0
2026-09-05,02:34:29 GMT,V6.2 BLOCK - final pressure/veto/active/timing gate failed or signal already used
2026-09-05,02:34:29 GMT,SENTINEL V6 MULTI-WINDOW SCAN >>>
2026-09-05,02:34:29 GMT,V6.2 DIAG | 1 0 9 -0.09999999999999998 0.05714285714285714 0.10000000000000003 -0.13333333333333336 -0.75 0.45 -0.4 6 2 1 1 0 0 15 0
2026-09-05,02:34:22 GMT,V6.2 BLOCK - final pressure/veto/active/timing gate failed or signal already used
2026-09-05,02:34:22 GMT,SENTINEL V6 MULTI-WINDOW SCAN >>>
2026-09-05,02:34:22 GMT,V6.2 DIAG | 8 0 9 -0.09999999999999998 0.05714285714285714 0.10000000000000003 -0.13333333333333336 -0.75 0.45 -0.4 5 3 1 1 0 0 15 0
2026-09-05,02:34:22 GMT,V6.2 BLOCK - final pressure/veto/active/timing gate failed or signal already used
2026-09-05,02:34:22 GMT,SENTINEL V6 MULTI-WINDOW SCAN >>>
2026-09-05,02:34:22 GMT,V6.2 DIAG | 5 0 10 -0.09999999999999998 0.11428571428571428 0.10000000000000003 -0.26666666666666666 -0.75 -0.05 -0.7000000000000001 5 3 0 1 0 0 15 0
2026-09-05,02:34:21 GMT,V6.2 BLOCK - final pressure/veto/active/timing gate failed or signal already used
2026-09-05,02:34:21 GMT,SENTINEL V6 MULTI-WINDOW SCAN >>>
2026-09-05,02:34:21 GMT,V6.2 DIAG | 2 0 10 -0.050000000000000044 0.05714285714285714 0.050000000000000044 -0.13333333333333336 0 -0.05 -0.7000000000000001 5 3 0 1 0 0 15 0
2026-09-05,02:34:21 GMT,V6.2 BLOCK - final pressure/veto/active/timing gate failed or signal already used
2026-09-05,02:34:21 GMT,SENTINEL V6 MULTI-WINDOW SCAN >>>
2026-09-05,02:34:21 GMT,V6.2 DIAG | 5 0 4 -0.050000000000000044 0 0.050000000000000044 0 0.8 -0.05 -0.7000000000000001 4 4 0 1 0 0 15 0
2026-09-05,02:34:21 GMT,V6.2 BLOCK - final pressure/veto/active/timing gate failed or signal already used
2026-09-05,02:34:21 GMT,SENTINEL V6 MULTI-WINDOW SCAN >>>
2026-09-05,02:34:21 GMT,V6.2 DIAG | 3 0 3 -0.050000000000000044 -0.05714285714285714 0.050000000000000044 0.13333333333333336 0.8 -0.05 0.1 4 4 0 1 0 0 15 0
2026-09-05,02:34:20 GMT,V6.2 BLOCK - final pressure/veto/active/timing gate failed or signal already used
2026-09-05,02:34:20 GMT,SENTINEL V6 MULTI-WINDOW SCAN >>>
2026-09-05,02:34:20 GMT,V6.2 DIAG | 4 0 3 -0.050000000000000044 -0.05714285714285714 0.050000000000000044 0.13333333333333336 0.8 -0.05 0.1 4 4 0 1 0 0 15 0
2026-09-05,02:34:20 GMT,V6.2 BLOCK - final pressure/veto/active/timing gate failed or signal already used
2026-09-05,02:34:20 GMT,SENTINEL V6 MULTI-WINDOW SCAN >>>
2026-09-05,02:34:20 GMT,V6.2 DIAG | 7 0 3 -0.19999999999999996 -0.08571428571428572 0.2 0.2 0.55 -0.05 0.9 4 4 0 1 0 0 15 0
2026-09-05,02:34:20 GMT,V6.2 BLOCK - final pressure/veto/active/timing gate failed or signal already used
2026-09-05,02:34:20 GMT,SENTINEL V6 MULTI-WINDOW SCAN >>>
2026-09-05,02:34:20 GMT,V6.2 DIAG | 7 0 6 -0.19999999999999996 -0.028571428571428574 0.2 0.06666666666666668 -0.25 -0.05 0.9 5 3 0 1 0 0 15 0
2026-09-05,02:34:19 GMT,V6.2 BLOCK - final pressure/veto/active/timing gate failed or signal already used
2026-09-05,02:34:19 GMT,SENTINEL V6 MULTI-WINDOW SCAN >>>
2026-09-05,02:34:19 GMT,V6.2 DIAG | 9 0 9 -0.19999999999999996 0.028571428571428574 0.2 -0.06666666666666668 -0.75 -0.1 0.65 5 3 0 1 0 0 15 0
2026-09-05,02:34:19 GMT,V6.2 BLOCK - final pressure/veto/active/timing gate failed or signal already used
2026-09-05,02:34:19 GMT,SENTINEL V6 MULTI-WINDOW SCAN >>>
2026-09-05,02:34:19 GMT,V6.2 DIAG | 6 0 9 -0.19999999999999996 0.08571428571428572 0.2 -0.2 -0.8 -0.35000000000000003 0.15000000000000002 5 3 0 1 0 0 15 0
2026-09-05,02:34:13 GMT,V6.2 BLOCK - final pressure/veto/active/timing gate failed or signal already used
2026-09-05,02:34:13 GMT,SENTINEL V6 MULTI-WINDOW SCAN >>>
2026-09-05,02:34:13 GMT,V6.2 DIAG | 9 0 7 -0.19999999999999996 0.08571428571428572 0.2 -0.2 -0.8 -0.35000000000000003 0.15000000000000002 4 4 0 1 0 0 15 0
2026-09-05,02:34:13 GMT,V6.2 BLOCK - final pressure/veto/active/timing gate failed or signal already used
2026-09-05,02:34:13 GMT,SENTINEL V6 MULTI-WINDOW SCAN >>>
2026-09-05,02:34:13 GMT,V6.2 DIAG | 6 0 8 -0.050000000000000044 0.05714285714285714 0.050000000000000044 -0.13333333333333336 0 -0.4 -0.35000000000000003 4 4 1 1 0 0 15 0
2026-09-05,02:34:12 GMT,V6.2 BLOCK - final pressure/veto/active/timing gate failed or signal already used
2026-09-05,02:34:12 GMT,SENTINEL V6 MULTI-WINDOW SCAN >>>
2026-09-05,02:34:12 GMT,V6.2 DIAG | 6 0 4 0 0 0 0 0.8 -0.4 -0.4 4 4 1 0 0 0 15 0
2026-09-05,02:34:12 GMT,V6.2 BLOCK - final pressure/veto/active/timing gate failed or signal already used
2026-09-05,02:34:12 GMT,SENTINEL V6 MULTI-WINDOW SCAN >>>
2026-09-05,02:34:12 GMT,V6.2 DIAG | 6 0 4 0.04999999999999993 -0.05714285714285714 -0.04999999999999999 0.13333333333333336 0.8 -0.45 0.4 4 4 1 0 0 0 15 0
2026-09-05,02:34:11 GMT,Loss amount: -2.42
2026-09-05,02:34:11 GMT,V6.2 DIAG | 6 0 3 0.04999999999999993 -0.11428571428571428 -0.04999999999999999 0.26666666666666666 0.8 0.35000000000000003 0.4 4 4 1 1 0 0 14 0
2026-09-05,02:34:11 GMT,V6.2 DIAG | 7 0 3 0.04999999999999993 -0.11428571428571428 -0.04999999999999999 0.26666666666666666 0.8 0.35000000000000003 0.4 4 4 1 1 0 0 14 0
2026-09-05,02:34:10 GMT,V6.2 DIAG | 7 0 6 0.1499999999999999 -0.08571428571428572 -0.15000000000000002 0.2 0.30000000000000004 0.35000000000000003 0.4 5 3 1 1 0 0 14 0
2026-09-05,02:34:10 GMT,V6.2 DIAG | 9 0 7 0.25 -0.057142857142857134 -0.25 0.13333333333333333 -0.2 0.35000000000000003 0.4 6 2 1 1 0 0 14 0
2026-09-05,02:34:10 GMT,Bought: (ID: 22522041439)
2026-09-05,02:34:08 GMT,SENTINEL V6 MULTI-WINDOW SCAN >>>
2026-09-05,02:34:08 GMT,V6.2 DIAG | 1 1 12 0.35 0.028571428571428567 -0.35 -0.06666666666666667 -0.5 -0.15 -0.1 8 0 0 0 1 1 14 1
2026-09-05,02:34:08 GMT,V6.2 BLOCK - final pressure/veto/active/timing gate failed or signal already used
2026-09-05,02:34:08 GMT,SENTINEL V6 MULTI-WINDOW SCAN >>>
2026-09-05,02:34:08 GMT,V6.2 DIAG | 1 1 12 0.35 0.028571428571428567 -0.35 -0.06666666666666667 -0.5 -0.15 -0.1 8 0 0 0 0 0 14 1
2026-09-05,02:34:01 GMT,V6.2 BLOCK - final pressure/veto/active/timing gate failed or signal already used
2026-09-05,02:34:01 GMT,SENTINEL V6 MULTI-WINDOW SCAN >>>
2026-09-05,02:34:01 GMT,V6.2 DIAG | 5 0 12 0.20000000000000007 0.057142857142857134 -0.2 -0.13333333333333333 -0.5 -0.15 -0.35000000000000003 7 1 0 0 0 0 14 1
2026-09-05,02:34:01 GMT,V6.2 BLOCK - final pressure/veto/active/timing gate failed or signal already used
2026-09-05,02:34:01 GMT,SENTINEL V6 MULTI-WINDOW SCAN >>>
2026-09-05,02:34:01 GMT,V6.2 DIAG | 1 0 12 0.09999999999999998 0.08571428571428572 -0.10000000000000003 -0.2 -0.8 -0.15 -0.35000000000000003 7 1 0 0 1 0 14 0
2026-09-05,02:34:01 GMT,V6.2 BLOCK - final pressure/veto/active/timing gate failed or signal already used
2026-09-05,02:34:01 GMT,SENTINEL V6 MULTI-WINDOW SCAN >>>
2026-09-05,02:34:01 GMT,V6.2 DIAG | 0 1 12 0.09999999999999998 0.08571428571428572 -0.10000000000000003 -0.2 -0.8 -0.15 -0.35000000000000003 6 2 0 0 1 0 14 0
2026-09-05,02:34:00 GMT,V6.2 BLOCK - final pressure/veto/active/timing gate failed or signal already used
2026-09-05,02:34:00 GMT,SENTINEL V6 MULTI-WINDOW SCAN >>>
2026-09-05,02:34:00 GMT,V6.2 DIAG | 0 0 12 0.1499999999999999 0.028571428571428567 -0.15000000000000002 -0.06666666666666667 0 -0.2 -0.35000000000000003 5 3 0 0 1 0 14 1
2026-09-05,02:34:00 GMT,V6.2 BLOCK - final pressure/veto/active/timing gate failed or signal already used
2026-09-05,02:34:00 GMT,SENTINEL V6 MULTI-WINDOW SCAN >>>
2026-09-05,02:34:00 GMT,V6.2 DIAG | 1 0 12 0.1499999999999999 0.028571428571428567 -0.15000000000000002 -0.06666666666666667 0 -0.2 -0.35000000000000003 5 3 0 0 1 0 14 0
2026-09-05,02:33:59 GMT,V6.2 BLOCK - final pressure/veto/active/timing gate failed or signal already used
2026-09-05,02:33:59 GMT,SENTINEL V6 MULTI-WINDOW SCAN >>>
2026-09-05,02:33:59 GMT,V6.2 DIAG | 5 0 8 0.1499999999999999 -0.028571428571428567 -0.15000000000000002 0.06666666666666667 0 -0.2 0.45 5 3 0 0 0 0 14 0
2026-09-05,02:33:59 GMT,V6.2 BLOCK - final pressure/veto/active/timing gate failed or signal already used
2026-09-05,02:33:59 GMT,SENTINEL V6 MULTI-WINDOW SCAN >>>
2026-09-05,02:33:59 GMT,V6.2 DIAG | 5 0 6 0.04999999999999993 -0.05714285714285714 -0.04999999999999999 0.13333333333333336 0.55 -0.2 0.4 5 3 0 1 0 0 14 0
2026-09-05,02:33:58 GMT,V6.2 BLOCK - final pressure/veto/active/timing gate failed or signal already used
2026-09-05,02:33:58 GMT,SENTINEL V6 MULTI-WINDOW SCAN >>>
2026-09-05,02:33:58 GMT,V6.2 DIAG | 7 0 5 -0.050000000000000044 -0.028571428571428574 0.04999999999999999 0.06666666666666668 0.55 -0.5 0.4 5 3 0 1 0 0 14 0
2026-09-05,02:33:58 GMT,V6.2 BLOCK - final pressure/veto/active/timing gate failed or signal already used
2026-09-05,02:33:58 GMT,SENTINEL V6 MULTI-WINDOW SCAN >>>
2026-09-05,02:33:58 GMT,V6.2 DIAG | 5 0 9 -0.09999999999999998 0.028571428571428574 0.09999999999999998 -0.06666666666666668 -0.20000000000000004 -0.5 0.4 5 3 0 1 0 0 14 0
2026-09-05,02:33:58 GMT,V6.2 BLOCK - final pressure/veto/active/timing gate failed or signal already used
2026-09-05,02:33:58 GMT,SENTINEL V6 MULTI-WINDOW SCAN >>>
2026-09-05,02:33:58 GMT,V6.2 DIAG | 9 0 7 -0.09999999999999998 0.028571428571428574 0.09999999999999998 -0.06666666666666668 -0.20000000000000004 -0.5 0.4 4 4 1 1 0 0 14 0
2026-09-05,02:33:54 GMT,V6.2 BLOCK - final pressure/veto/active/timing gate failed or signal already used
2026-09-05,02:33:54 GMT,SENTINEL V6 MULTI-WINDOW SCAN >>>
2026-09-05,02:33:54 GMT,V6.2 DIAG | 7 0 8 -0.15000000000000002 0.08571428571428572 0.15000000000000002 -0.2 -0.20000000000000004 -0.75 -0.1 4 4 1 1 0 0 14 0
2026-09-05,02:33:53 GMT,V6.2 BLOCK - final pressure/veto/active/timing gate failed or signal already used
2026-09-05,02:33:53 GMT,SENTINEL V6 MULTI-WINDOW SCAN >>>
2026-09-05,02:33:53 GMT,V6.2 DIAG | 3 0 9 -0.15000000000000002 0.08571428571428572 0.15000000000000002 -0.2 0.1 -0.75 -0.4 5 3 1 1 0 0 14 0
2026-09-05,02:33:53 GMT,V6.2 BLOCK - final pressure/veto/active/timing gate failed or signal already used
2026-09-05,02:33:53 GMT,SENTINEL V6 MULTI-WINDOW SCAN >>>
2026-09-05,02:33:53 GMT,V6.2 DIAG | 0 0 5 -0.29999999999999993 0.05714285714285715 0.3 -0.13333333333333333 0.1 -0.20000000000000004 -0.4 4 4 2 1 0 0 14 0
2026-09-05,02:33:53 GMT,V6.2 BLOCK - final pressure/veto/active/timing gate failed or signal already used
2026-09-05,02:33:53 GMT,SENTINEL V6 MULTI-WINDOW SCAN >>>
2026-09-05,02:33:53 GMT,V6.2 DIAG | 6 0 2 -0.29999999999999993 0 0.3 0 0.9 -0.20000000000000004 -0.4 3 5 2 1 0 0 14 0
2026-09-05,02:33:52 GMT,V6.2 BLOCK - final pressure/veto/active/timing gate failed or signal already used
2026-09-05,02:33:52 GMT,SENTINEL V6 MULTI-WINDOW SCAN >>>
2026-09-05,02:33:52 GMT,V6.2 DIAG | 6 0 2 -0.25 0 0.25 0 0.9 -0.20000000000000004 -0.45 2 6 3 1 0 0 14 0
2026-09-05,02:33:52 GMT,V6.2 BLOCK - final pressure/veto/active/timing gate failed or signal already used
2026-09-05,02:33:52 GMT,SENTINEL V6 MULTI-WINDOW SCAN >>>
2026-09-05,02:33:52 GMT,V6.2 DIAG | 7 0 1 -0.19999999999999996 -0.05714285714285715 0.19999999999999996 0.13333333333333333 0.8500000000000001 0.6 -0.45 2 6 3 1 0 0 14 0
2026-09-05,02:33:51 GMT,V6.2 BLOCK - final pressure/veto/active/timing gate failed or signal already used
2026-09-05,02:33:51 GMT,SENTINEL V6 MULTI-WINDOW SCAN >>>
2026-09-05,02:33:51 GMT,V6.2 DIAG | 8 0 1 -0.09999999999999998 -0.08571428571428572 0.09999999999999998 0.2 0.35000000000000003 0.6 0.35000000000000003 3 5 3 1 0 0 14 0
2026-09-05,02:33:51 GMT,Loss amount: -2.42
2026-09-05,02:33:51 GMT,V6.2 DIAG | 7 0 1 -0.09999999999999998 -0.08571428571428572 0.09999999999999998 0.2 0.1 0.9 0.30000000000000004 4 4 2 1 0 0 13 0
2026-09-05,02:33:50 GMT,V6.2 DIAG | 2 0 4 0 -0.05714285714285714 0 0.13333333333333336 -0.4 0.9 0.30000000000000004 5 3 2 1 0 0 13 0
2026-09-05,02:33:49 GMT,V6.2 DIAG | 8 0 3 0.04999999999999993 -0.05714285714285714 -0.04999999999999999 0.13333333333333336 -0.4 0.8500000000000001 0.30000000000000004 4 4 2 1 0 0 13 0
2026-09-05,02:33:48 GMT,V6.2 DIAG | 9 0 7 0.19999999999999996 -0.028571428571428567 -0.2 0.06666666666666667 -0.45 0.35000000000000003 0.30000000000000004 5 3 1 1 0 0 13 0
2026-09-05,02:33:48 GMT,Bought: (ID: 22521990339)
2026-09-05,02:33:41 GMT,SENTINEL V6 MULTI-WINDOW SCAN >>>
2026-09-05,02:33:41 GMT,V6.2 DIAG | 4 1 11 0.1499999999999999 0.028571428571428567 -0.15000000000000002 -0.06666666666666667 0.05000000000000002 -0.4 -0.2 6 2 0 0 1 1 13 1
2026-09-05,02:33:41 GMT,V6.2 BLOCK - final pressure/veto/active/timing gate failed or signal already used
2026-09-05,02:33:41 GMT,SENTINEL V6 MULTI-WINDOW SCAN >>>
2026-09-05,02:33:41 GMT,V6.2 DIAG | 3 0 11 0.1499999999999999 0.028571428571428567 -0.15000000000000002 -0.06666666666666667 0.05000000000000002 -0.4 -0.2 6 2 0 0 1 0 13 1
2026-09-05,02:33:40 GMT,V6.2 BLOCK - final pressure/veto/active/timing gate failed or signal already used
2026-09-05,02:33:40 GMT,SENTINEL V6 MULTI-WINDOW SCAN >>>
2026-09-05,02:33:40 GMT,V6.2 DIAG | 0 0 11 0.1499999999999999 0.028571428571428567 -0.15000000000000002 -0.06666666666666667 0.05000000000000002 -0.4 -0.2 5 3 1 0 1 0 13 0
2026-09-05,02:33:40 GMT,V6.2 BLOCK - final pressure/veto/active/timing gate failed or signal already used
2026-09-05,02:33:40 GMT,SENTINEL V6 MULTI-WINDOW SCAN >>>
2026-09-05,02:33:40 GMT,V6.2 DIAG | 7 0 7 0.04999999999999993 0 -0.04999999999999999 0 0.8500000000000001 -0.4 -0.5 5 3 1 1 0 0 13 0
2026-09-05,02:33:40 GMT,V6.2 BLOCK - final pressure/veto/active/timing gate failed or signal already used
2026-09-05,02:33:40 GMT,SENTINEL V6 MULTI-WINDOW SCAN >>>
2026-09-05,02:33:40 GMT,V6.2 DIAG | 0 0 9 0 0.05714285714285714 0 -0.13333333333333336 0.35000000000000003 -0.65 -0.5 6 2 1 0 0 0 13 0
2026-09-05,02:33:40 GMT,V6.2 BLOCK - final pressure/veto/active/timing gate failed or signal already used
2026-09-05,02:33:40 GMT,SENTINEL V6 MULTI-WINDOW SCAN >>>
2026-09-05,02:33:40 GMT,V6.2 DIAG | 1 0 5 0 0 0 0 0.35000000000000003 0.15000000000000002 -0.5 5 3 1 1 0 0 13 0
2026-09-05,02:33:31 GMT,V6.2 BLOCK - final pressure/veto/active/timing gate failed or signal already used
2026-09-05,02:33:31 GMT,SENTINEL V6 MULTI-WINDOW SCAN >>>
2026-09-05,02:33:31 GMT,V6.2 DIAG | 3 0 3 0.04999999999999993 0 -0.04999999999999999 0 0.35000000000000003 0.1 -0.5 4 4 2 0 0 0 13 0
2026-09-05,02:33:31 GMT,V6.2 BLOCK - final pressure/veto/active/timing gate failed or signal already used
2026-09-05,02:33:31 GMT,SENTINEL V6 MULTI-WINDOW SCAN >>>
2026-09-05,02:33:31 GMT,V6.2 DIAG | 7 0 4 0.09999999999999998 0 -0.09999999999999998 0 0.35000000000000003 0.1 -0.55 4 4 2 0 0 0 13 0
2026-09-05,02:33:31 GMT,V6.2 BLOCK - final pressure/veto/active/timing gate failed or signal already used
2026-09-05,02:33:31 GMT,SENTINEL V6 MULTI-WINDOW SCAN >>>
2026-09-05,02:33:31 GMT,V6.2 DIAG | 2 0 6 0.04999999999999993 0 -0.04999999999999999 0 -0.15 0.1 0 5 3 2 0 0 0 13 0
2026-09-05,02:33:30 GMT,V6.2 BLOCK - final pressure/veto/active/timing gate failed or signal already used
2026-09-05,02:33:30 GMT,SENTINEL V6 MULTI-WINDOW SCAN >>>
2026-09-05,02:33:30 GMT,V6.2 DIAG | 8 0 6 0.04999999999999993 -0.05714285714285714 -0.04999999999999999 0.13333333333333336 -0.15 0.9 0 5 3 2 1 0 0 13 0
2026-09-05,02:33:30 GMT,V6.2 BLOCK - final pressure/veto/active/timing gate failed or signal already used
2026-09-05,02:33:30 GMT,SENTINEL V6 MULTI-WINDOW SCAN >>>
2026-09-05,02:33:30 GMT,V6.2 DIAG | 6 0 8 0.19999999999999996 -0.028571428571428567 -0.2 0.06666666666666667 -0.15 0.35000000000000003 0 5 3 1 1 0 0 13 0
2026-09-05,02:33:30 GMT,V6.2 BLOCK - final pressure/veto/active/timing gate failed or signal already used
2026-09-05,02:33:30 GMT,SENTINEL V6 MULTI-WINDOW SCAN >>>
2026-09-05,02:33:30 GMT,V6.2 DIAG | 0 0 8 0.09999999999999998 0 -0.09999999999999998 0 -0.2 0.35000000000000003 -0.25 5 3 1 1 0 0 13 0
2026-09-05,02:33:30 GMT,V6.2 BLOCK - final pressure/veto/active/timing gate failed or signal already used
2026-09-05,02:33:30 GMT,SENTINEL V6 MULTI-WINDOW SCAN >>>
2026-09-05,02:33:30 GMT,V6.2 DIAG | 9 0 9 -0.050000000000000044 0.028571428571428574 0.04999999999999999 -0.06666666666666668 -0.45 0.35000000000000003 -0.25 5 3 1 1 0 0 13 0
2026-09-05,02:33:29 GMT,V6.2 BLOCK - final pressure/veto/active/timing gate failed or signal already used
2026-09-05,02:33:29 GMT,SENTINEL V6 MULTI-WINDOW SCAN >>>
2026-09-05,02:33:29 GMT,V6.2 DIAG | 8 0 7 0.09999999999999998 0 -0.09999999999999998 0 -0.5 0.35000000000000003 0.05000000000000002 5 3 1 1 0 0 13 0
2026-09-05,02:33:29 GMT,V6.2 BLOCK - final pressure/veto/active/timing gate failed or signal already used
2026-09-05,02:33:29 GMT,SENTINEL V6 MULTI-WINDOW SCAN >>>
2026-09-05,02:33:29 GMT,V6.2 DIAG | 4 0 12 0.09999999999999998 0.05714285714285714 -0.09999999999999998 -0.13333333333333336 -0.5 -0.2 -0.20000000000000004 5 3 0 1 1 0 13 0
2026-09-05,02:33:29 GMT,V6.2 BLOCK - final pressure/veto/active/timing gate failed or signal already used
2026-09-05,02:33:29 GMT,SENTINEL V6 MULTI-WINDOW SCAN >>>
2026-09-05,02:33:29 GMT,V6.2 DIAG | 2 0 12 0.14999999999999997 0.05714285714285714 -0.15000000000000002 -0.13333333333333336 -0.5 -0.25 -0.20000000000000004 5 3 0 0 1 0 13 0
2026-09-05,02:33:21 GMT,V6.2 BLOCK - final pressure/veto/active/timing gate failed or signal already used
2026-09-05,02:33:21 GMT,SENTINEL V6 MULTI-WINDOW SCAN >>>
2026-09-05,02:33:21 GMT,V6.2 DIAG | 6 0 7 0 0.028571428571428574 0 -0.06666666666666668 -0.5 -0.5 0.6 4 4 0 0 0 0 13 0
2026-09-05,02:33:21 GMT,V6.2 BLOCK - final pressure/veto/active/timing gate failed or signal already used
2026-09-05,02:33:21 GMT,SENTINEL V6 MULTI-WINDOW SCAN >>>
2026-09-05,02:33:21 GMT,V6.2 DIAG | 9 0 2 -0.15000000000000002 0 0.14999999999999997 0 0.05000000000000002 -0.5 0.6 4 4 0 1 0 0 13 0
2026-09-05,02:33:20 GMT,V6.2 BLOCK - final pressure/veto/active/timing gate failed or signal already used
2026-09-05,02:33:20 GMT,SENTINEL V6 MULTI-WINDOW SCAN >>>
2026-09-05,02:33:20 GMT,V6.2 DIAG | 1 0 6 -0.050000000000000044 0.028571428571428574 0.04999999999999999 -0.06666666666666668 0.05000000000000002 -0.5 0.1 4 4 1 1 0 0 13 0
2026-09-05,02:33:20 GMT,V6.2 BLOCK - final pressure/veto/active/timing gate failed or signal already used
2026-09-05,02:33:20 GMT,SENTINEL V6 MULTI-WINDOW SCAN >>>
2026-09-05,02:33:20 GMT,V6.2 DIAG | 4 0 3 -0.15000000000000002 0 0.14999999999999997 0 -0.20000000000000004 -0.55 0.9 3 5 1 1 0 0 13 0
2026-09-05,02:33:20 GMT,V6.2 BLOCK - final pressure/veto/active/timing gate failed or signal already used
2026-09-05,02:33:20 GMT,SENTINEL V6 MULTI-WINDOW SCAN >>>
2026-09-05,02:33:20 GMT,V6.2 DIAG | 9 0 3 -0.15000000000000002 0 0.14999999999999997 0 -0.20000000000000004 -0.55 0.9 3 5 1 1 0 0 13 0
2026-09-05,02:33:19 GMT,V6.2 BLOCK - final pressure/veto/active/timing gate failed or signal already used
2026-09-05,02:33:19 GMT,SENTINEL V6 MULTI-WINDOW SCAN >>>
2026-09-05,02:33:19 GMT,V6.2 DIAG | 7 0 3 -0.050000000000000044 -0.028571428571428574 0.04999999999999999 0.06666666666666668 -0.20000000000000004 0.25 0.4 3 5 1 1 0 0 13 0
2026-09-05,02:33:19 GMT,V6.2 BLOCK - final pressure/veto/active/timing gate failed or signal already used
2026-09-05,02:33:19 GMT,SENTINEL V6 MULTI-WINDOW SCAN >>>
2026-09-05,02:33:19 GMT,V6.2 DIAG | 0 0 3 0.04999999999999993 -0.05714285714285714 -0.04999999999999999 0.13333333333333336 0.1 0.25 0.4 4 4 1 1 0 0 13 0
2026-09-05,02:33:19 GMT,V6.2 BLOCK - final pressure/veto/active/timing gate failed or signal already used
2026-09-05,02:33:19 GMT,SENTINEL V6 MULTI-WINDOW SCAN >>>
2026-09-05,02:33:19 GMT,V6.2 DIAG | 9 0 2 -0.09999999999999998 -0.028571428571428574 0.09999999999999998 0.06666666666666668 0.1 0.25 0.15000000000000002 4 4 1 1 0 0 13 0
2026-09-05,02:33:18 GMT,V6.2 BLOCK - final pressure/veto/active/timing gate failed or signal already used
2026-09-05,02:33:18 GMT,SENTINEL V6 MULTI-WINDOW SCAN >>>
2026-09-05,02:33:18 GMT,V6.2 DIAG | 4 0 5 0 -0.05714285714285714 0 0.13333333333333336 0.9 0.25 -0.35000000000000003 5 3 1 1 0 0 13 0
2026-09-05,02:33:18 GMT,V6.2 BLOCK - final pressure/veto/active/timing gate failed or signal already used
2026-09-05,02:33:18 GMT,SENTINEL V6 MULTI-WINDOW SCAN >>>
2026-09-05,02:33:18 GMT,V6.2 DIAG | 8 0 4 0.04999999999999993 -0.05714285714285714 -0.04999999999999999 0.13333333333333336 0.8500000000000001 0.25 -0.35000000000000003 4 4 1 1 0 0 13 0
2026-09-05,02:33:18 GMT,V6.2 BLOCK - final pressure/veto/active/timing gate failed or signal already used
2026-09-05,02:33:18 GMT,SENTINEL V6 MULTI-WINDOW SCAN >>>
2026-09-05,02:33:18 GMT,V6.2 DIAG | 7 0 7 0.04999999999999993 0 -0.04999999999999999 0 0.8500000000000001 -0.5 -0.4 5 3 0 1 0 0 13 0
2026-09-05,02:33:11 GMT,V6.2 BLOCK - final pressure/veto/active/timing gate failed or signal already used
2026-09-05,02:33:11 GMT,SENTINEL V6 MULTI-WINDOW SCAN >>>
2026-09-05,02:33:11 GMT,V6.2 DIAG | 3 0 9 0 0.05714285714285714 0 -0.13333333333333336 0.35000000000000003 -0.5 -0.65 6 2 0 0 0 0 13 0
2026-09-05,02:33:11 GMT,V6.2 BLOCK - final pressure/veto/active/timing gate failed or signal already used
2026-09-05,02:33:11 GMT,SENTINEL V6 MULTI-WINDOW SCAN >>>
2026-09-05,02:33:11 GMT,V6.2 DIAG | 7 0 5 0 0 0 0 0.35000000000000003 -0.5 0.15000000000000002 5 3 1 1 0 0 13 0
2026-09-05,02:33:10 GMT,V6.2 BLOCK - final pressure/veto/active/timing gate failed or signal already used
2026-09-05,02:33:10 GMT,SENTINEL V6 MULTI-WINDOW SCAN >>>
2026-09-05,02:33:10 GMT,V6.2 DIAG | 3 0 11 0.09999999999999998 0.028571428571428567 -0.10000000000000003 -0.06666666666666667 -0.15 -0.5 0.15000000000000002 5 3 1 0 0 0 13 0
2026-09-05,02:33:10 GMT,V6.2 BLOCK - final pressure/veto/active/timing gate failed or signal already used
2026-09-05,02:33:10 GMT,SENTINEL V6 MULTI-WINDOW SCAN >>>
2026-09-05,02:33:10 GMT,V6.2 DIAG | 5 0 9 -0.050000000000000044 0.05714285714285714 0.050000000000000044 -0.13333333333333336 -0.15 -0.75 0.15000000000000002 5 3 1 1 0 0 13 0
2026-09-05,02:33:10 GMT,V6.2 BLOCK - final pressure/veto/active/timing gate failed or signal already used
2026-09-05,02:33:10 GMT,SENTINEL V6 MULTI-WINDOW SCAN >>>
2026-09-05,02:33:10 GMT,V6.2 DIAG | 3 0 8 -0.15000000000000002 0.028571428571428574 0.15000000000000002 -0.06666666666666668 -0.4 0.05000000000000002 0.1 5 3 1 1 0 0 13 0
2026-09-05,02:33:09 GMT,V6.2 BLOCK - final pressure/veto/active/timing gate failed or signal already used
2026-09-05,02:33:09 GMT,SENTINEL V6 MULTI-WINDOW SCAN >>>
2026-09-05,02:33:09 GMT,V6.2 DIAG | 9 0 2 -0.15000000000000002 -0.028571428571428574 0.15000000000000002 0.06666666666666668 -0.4 0.05000000000000002 0.9 4 4 2 1 0 0 13 0
2026-09-05,02:33:09 GMT,V6.2 BLOCK - final pressure/veto/active/timing gate failed or signal already used
2026-09-05,02:33:09 GMT,SENTINEL V6 MULTI-WINDOW SCAN >>>
2026-09-05,02:33:09 GMT,V6.2 DIAG | 0 0 5 -0.19999999999999996 0.028571428571428574 0.2 -0.06666666666666668 -0.65 0.05000000000000002 0.4 4 4 2 1 0 0 13 0
2026-09-05,02:33:08 GMT,V6.2 BLOCK - final pressure/veto/active/timing gate failed or signal already used
2026-09-05,02:33:08 GMT,SENTINEL V6 MULTI-WINDOW SCAN >>>
2026-09-05,02:33:08 GMT,V6.2 DIAG | 4 0 5 -0.29999999999999993 0.05714285714285715 0.3 -0.13333333333333333 -0.65 -0.20000000000000004 0.35000000000000003 4 4 2 1 0 0 13 0
2026-09-05,02:33:08 GMT,V6.2 BLOCK - final pressure/veto/active/timing gate failed or signal already used
2026-09-05,02:33:08 GMT,SENTINEL V6 MULTI-WINDOW SCAN >>>
2026-09-05,02:33:08 GMT,V6.2 DIAG | 8 0 4 -0.45 0.02857142857142857 0.44999999999999996 -0.06666666666666665 -0.65 0.35000000000000003 0.35000000000000003 3 5 2 1 0 0 13 0
2026-09-05,02:33:08 GMT,V6.2 BLOCK - final pressure/veto/active/timing gate failed or signal already used
2026-09-05,02:33:08 GMT,SENTINEL V6 MULTI-WINDOW SCAN >>>
2026-09-05,02:33:08 GMT,V6.2 DIAG | 9 0 1 -0.35 0 0.35 0 0.15000000000000002 -0.15000000000000002 0.35000000000000003 3 5 2 1 0 0 13 0
2026-09-05,02:33:01 GMT,V6.2 BLOCK - final pressure/veto/active/timing gate failed or signal already used
2026-09-05,02:33:01 GMT,SENTINEL V6 MULTI-WINDOW SCAN >>>
2026-09-05,02:33:01 GMT,V6.2 DIAG | 1 0 6 -0.25 0.028571428571428574 0.25 -0.06666666666666668 0.15000000000000002 -0.15000000000000002 -0.15 3 5 3 1 0 0 13 0
2026-09-05,02:33:01 GMT,V6.2 BLOCK - final pressure/veto/active/timing gate failed or signal already used
2026-09-05,02:33:01 GMT,SENTINEL V6 MULTI-WINDOW SCAN >>>
2026-09-05,02:33:01 GMT,V6.2 DIAG | 1 0 3 -0.19999999999999996 -0.028571428571428574 0.2 0.06666666666666668 0.9500000000000001 -0.15000000000000002 -0.2 3 5 3 1 0 0 13 0
2026-09-05,02:33:00 GMT,V6.2 BLOCK - final pressure/veto/active/timing gate failed or signal already used
2026-09-05,02:33:00 GMT,SENTINEL V6 MULTI-WINDOW SCAN >>>
2026-09-05,02:33:00 GMT,V6.2 DIAG | 8 0 1 -0.29999999999999993 -0.05714285714285715 0.3 0.13333333333333333 0.9500000000000001 0.35000000000000003 -0.2 3 5 3 1 0 0 13 0
2026-09-05,02:33:00 GMT,V6.2 BLOCK - final pressure/veto/active/timing gate failed or signal already used
2026-09-05,02:33:00 GMT,SENTINEL V6 MULTI-WINDOW SCAN >>>
2026-09-05,02:33:00 GMT,V6.2 DIAG | 7 0 2 -0.19999999999999996 -0.08571428571428572 0.2 0.2 0.9500000000000001 0.65 -0.2 4 4 2 1 0 0 13 0
2026-09-05,02:33:00 GMT,V6.2 BLOCK - final pressure/veto/active/timing gate failed or signal already used
2026-09-05,02:33:00 GMT,SENTINEL V6 MULTI-WINDOW SCAN >>>
2026-09-05,02:33:00 GMT,V6.2 DIAG | 5 0 2 -0.09999999999999998 -0.05714285714285714 0.10000000000000003 0.13333333333333336 0.45 0.65 -0.2 4 4 3 1 0 0 13 0
2026-09-05,02:32:59 GMT,V6.2 BLOCK - final pressure/veto/active/timing gate failed or signal already used
2026-09-05,02:32:59 GMT,SENTINEL V6 MULTI-WINDOW SCAN >>>
2026-09-05,02:32:59 GMT,V6.2 DIAG | 7 0 2 -0.09999999999999998 -0.05714285714285714 0.10000000000000003 0.13333333333333336 0.45 0.65 -0.2 4 4 3 1 0 0 13 0
2026-09-05,02:32:59 GMT,V6.2 BLOCK - final pressure/veto/active/timing gate failed or signal already used
2026-09-05,02:32:59 GMT,SENTINEL V6 MULTI-WINDOW SCAN >>>
2026-09-05,02:32:59 GMT,V6.2 DIAG | 8 0 5 0 -0.028571428571428567 0 0.06666666666666667 -0.05 0.65 -0.2 5 3 3 1 0 0 13 0
2026-09-05,02:32:58 GMT,V6.2 BLOCK - final pressure/veto/active/timing gate failed or signal already used
2026-09-05,02:32:58 GMT,SENTINEL V6 MULTI-WINDOW SCAN >>>
2026-09-05,02:32:58 GMT,V6.2 DIAG | 8 0 7 0.10000000000000009 -0.057142857142857134 -0.09999999999999998 0.13333333333333333 -0.05 0.9500000000000001 -0.2 6 2 2 1 0 0 13 0
2026-09-05,02:32:58 GMT,V6.2 BLOCK - final pressure/veto/active/timing gate failed or signal already used
2026-09-05,02:32:58 GMT,SENTINEL V6 MULTI-WINDOW SCAN >>>
2026-09-05,02:32:58 GMT,V6.2 DIAG | 4 0 8 0.050000000000000044 0 -0.04999999999999999 0 -0.30000000000000004 0.45 -0.2 7 1 1 1 0 0 13 0
2026-09-05,02:32:58 GMT,V6.2 BLOCK - final pressure/veto/active/timing gate failed or signal already used
2026-09-05,02:32:58 GMT,SENTINEL V6 MULTI-WINDOW SCAN >>>
2026-09-05,02:32:58 GMT,V6.2 DIAG | 4 0 9 -0.050000000000000044 0.028571428571428567 0.04999999999999999 -0.06666666666666667 -0.30000000000000004 0.45 -0.5 7 1 1 1 0 0 13 0
2026-09-05,02:32:51 GMT,V6.2 BLOCK - final pressure/veto/active/timing gate failed or signal already used
2026-09-05,02:32:51 GMT,SENTINEL V6 MULTI-WINDOW SCAN >>>
2026-09-05,02:32:51 GMT,V6.2 DIAG | 0 0 9 -0.050000000000000044 0.028571428571428567 0.04999999999999999 -0.06666666666666667 -0.30000000000000004 0.45 -0.5 6 2 1 1 0 0 13 0
2026-09-05,02:32:51 GMT,V6.2 BLOCK - final pressure/veto/active/timing gate failed or signal already used
2026-09-05,02:32:51 GMT,SENTINEL V6 MULTI-WINDOW SCAN >>>
2026-09-05,02:32:51 GMT,V6.2 DIAG | 8 0 9 -0.050000000000000044 0.028571428571428567 0.04999999999999999 -0.06666666666666667 -0.30000000000000004 0.45 -0.5 5 3 1 1 0 0 13 0
2026-09-05,02:32:50 GMT,V6.2 BLOCK - final pressure/veto/active/timing gate failed or signal already used
2026-09-05,02:32:50 GMT,SENTINEL V6 MULTI-WINDOW SCAN >>>
2026-09-05,02:32:50 GMT,V6.2 DIAG | 2 0 12 0.050000000000000044 0.057142857142857134 -0.04999999999999999 -0.13333333333333333 -0.30000000000000004 -0.05 -0.5 6 2 0 0 1 0 13 0
2026-09-05,02:32:50 GMT,V6.2 BLOCK - final pressure/veto/active/timing gate failed or signal already used
2026-09-05,02:32:50 GMT,SENTINEL V6 MULTI-WINDOW SCAN >>>
2026-09-05,02:32:50 GMT,V6.2 DIAG | 0 0 8 0.050000000000000044 0 -0.04999999999999999 0 0.5 -0.05 -0.5 6 2 0 0 0 0 13 0
2026-09-05,02:32:50 GMT,V6.2 BLOCK - final pressure/veto/active/timing gate failed or signal already used
2026-09-05,02:32:50 GMT,SENTINEL V6 MULTI-WINDOW SCAN >>>
2026-09-05,02:32:50 GMT,V6.2 DIAG | 2 0 5 -0.050000000000000044 -0.028571428571428567 0.04999999999999999 0.06666666666666667 0.45 -0.05 0.05000000000000002 6 2 0 1 0 0 13 0
2026-09-05,02:32:49 GMT,V6.2 BLOCK - final pressure/veto/active/timing gate failed or signal already used
2026-09-05,02:32:49 GMT,SENTINEL V6 MULTI-WINDOW SCAN >>>
2026-09-05,02:32:49 GMT,V6.2 DIAG | 4 0 5 -0.050000000000000044 -0.028571428571428567 0.04999999999999999 0.06666666666666667 0.45 -0.05 0.05000000000000002 6 2 0 1 0 0 13 0
2026-09-05,02:32:49 GMT,V6.2 BLOCK - final pressure/veto/active/timing gate failed or signal already used
2026-09-05,02:32:49 GMT,SENTINEL V6 MULTI-WINDOW SCAN >>>
2026-09-05,02:32:49 GMT,V6.2 DIAG | 2 0 6 0 -0.028571428571428567 0 0.06666666666666667 0.45 -0.05 0 5 3 0 1 0 0 13 0
2026-09-05,02:32:48 GMT,V6.2 BLOCK - final pressure/veto/active/timing gate failed or signal already used
2026-09-05,02:32:48 GMT,SENTINEL V6 MULTI-WINDOW SCAN >>>
2026-09-05,02:32:48 GMT,V6.2 DIAG | 7 0 6 -0.09999999999999998 0 0.10000000000000003 0 0.45 -0.05 -0.30000000000000004 5 3 0 1 0 0 13 0
2026-09-05,02:32:48 GMT,V6.2 BLOCK - final pressure/veto/active/timing gate failed or signal already used
2026-09-05,02:32:48 GMT,SENTINEL V6 MULTI-WINDOW SCAN >>>
2026-09-05,02:32:48 GMT,V6.2 DIAG | 9 1 10 0 0.028571428571428567 0 -0.06666666666666667 -0.05 -0.05 -0.30000000000000004 6 2 0 1 0 0 13 0
2026-09-05,02:32:48 GMT,V6.2 BLOCK - final pressure/veto/active/timing gate failed or signal already used
2026-09-05,02:32:48 GMT,SENTINEL V6 MULTI-WINDOW SCAN >>>
2026-09-05,02:32:48 GMT,V6.2 DIAG | 1 0 9 0.15000000000000002 0 -0.14999999999999997 0 -0.05 -0.05 -0.04999999999999999 6 2 0 0 0 0 13 1
2026-09-05,02:32:42 GMT,V6.2 BLOCK - final pressure/veto/active/timing gate failed or signal already used
2026-09-05,02:32:42 GMT,SENTINEL V6 MULTI-WINDOW SCAN >>>
2026-09-05,02:32:42 GMT,V6.2 DIAG | 2 0 9 0.15000000000000002 0 -0.14999999999999997 0 -0.05 -0.05 -0.04999999999999999 6 2 0 0 0 0 13 0
2026-09-05,02:32:42 GMT,V6.2 BLOCK - final pressure/veto/active/timing gate failed or signal already used
2026-09-05,02:32:42 GMT,SENTINEL V6 MULTI-WINDOW SCAN >>>
2026-09-05,02:32:42 GMT,V6.2 DIAG | 2 0 10 0 0.028571428571428567 0 -0.06666666666666667 -0.05 -0.05 -0.30000000000000004 6 2 0 0 0 0 13 0
2026-09-05,02:32:41 GMT,V6.2 BLOCK - final pressure/veto/active/timing gate failed or signal already used
2026-09-05,02:32:41 GMT,SENTINEL V6 MULTI-WINDOW SCAN >>>
2026-09-05,02:32:41 GMT,V6.2 DIAG | 4 0 6 -0.09999999999999998 0 0.10000000000000003 0 -0.05 -0.30000000000000004 0.45 6 2 0 1 0 0 13 0
2026-09-05,02:32:41 GMT,V6.2 BLOCK - final pressure/veto/active/timing gate failed or signal already used
2026-09-05,02:32:41 GMT,SENTINEL V6 MULTI-WINDOW SCAN >>>
2026-09-05,02:32:41 GMT,V6.2 DIAG | 9 0 6 -0.09999999999999998 0 0.10000000000000003 0 -0.05 -0.30000000000000004 0.45 5 3 0 1 0 0 13 0
2026-09-05,02:32:40 GMT,V6.2 BLOCK - final pressure/veto/active/timing gate failed or signal already used
2026-09-05,02:32:40 GMT,SENTINEL V6 MULTI-WINDOW SCAN >>>
2026-09-05,02:32:40 GMT,V6.2 DIAG | 6 0 11 0.04999999999999993 0.028571428571428567 -0.04999999999999999 -0.06666666666666667 -0.1 -0.30000000000000004 -0.04999999999999999 5 3 1 0 0 0 13 0
2026-09-05,02:32:40 GMT,V6.2 BLOCK - final pressure/veto/active/timing gate failed or signal already used
2026-09-05,02:32:40 GMT,SENTINEL V6 MULTI-WINDOW SCAN >>>
2026-09-05,02:32:40 GMT,V6.2 DIAG | 5 0 11 0.04999999999999993 0.028571428571428567 -0.04999999999999999 -0.06666666666666667 -0.1 -0.30000000000000004 -0.04999999999999999 5 3 1 0 0 0 13 0
2026-09-05,02:32:39 GMT,V6.2 BLOCK - final pressure/veto/active/timing gate failed or signal already used
2026-09-05,02:32:39 GMT,SENTINEL V6 MULTI-WINDOW SCAN >>>
2026-09-05,02:32:39 GMT,V6.2 DIAG | 9 0 7 0.04999999999999993 -0.028571428571428567 -0.04999999999999999 0.06666666666666667 -0.1 -0.30000000000000004 0.75 5 3 1 1 0 0 13 0
2026-09-05,02:32:39 GMT,V6.2 BLOCK - final pressure/veto/active/timing gate failed or signal already used
2026-09-05,02:32:39 GMT,SENTINEL V6 MULTI-WINDOW SCAN >>>
2026-09-05,02:32:39 GMT,V6.2 DIAG | 4 0 7 0.15000000000000002 -0.057142857142857134 -0.14999999999999997 0.13333333333333333 -0.1 0.5 0.25 6 2 1 1 0 0 13 0
2026-09-05,02:32:38 GMT,V6.2 BLOCK - final pressure/veto/active/timing gate failed or signal already used
2026-09-05,02:32:38 GMT,SENTINEL V6 MULTI-WINDOW SCAN >>>
2026-09-05,02:32:38 GMT,V6.2 DIAG | 3 0 7 0.20000000000000007 -0.057142857142857134 -0.2 0.13333333333333333 -0.1 0.45 0.25 6 2 1 1 0 0 13 0
2026-09-05,02:32:38 GMT,Loss amount: -2.42
2026-09-05,02:32:38 GMT,V6.2 DIAG | 3 0 7 0.04999999999999993 -0.028571428571428567 -0.04999999999999999 0.06666666666666667 -0.1 0.45 0 6 2 1 1 0 0 12 0
2026-09-05,02:32:37 GMT,V6.2 DIAG | 9 0 7 0.04999999999999993 -0.028571428571428567 -0.04999999999999999 0.06666666666666667 -0.1 0.45 0 6 2 1 1 0 0 12 0
2026-09-05,02:32:32 GMT,V6.2 DIAG | 8 0 8 0.15000000000000002 0 -0.14999999999999997 0 -0.1 0.45 -0.5 6 2 1 1 0 0 12 0
2026-09-05,02:32:32 GMT,V6.2 DIAG | 4 0 12 0.30000000000000004 0.028571428571428567 -0.30000000000000004 -0.06666666666666667 -0.1 -0.1 -0.5 7 1 0 0 1 0 12 0
2026-09-05,02:32:32 GMT,Bought: (ID: 22521849139)
2026-09-05,02:32:30 GMT,SENTINEL V6 MULTI-WINDOW SCAN >>>
2026-09-05,02:32:30 GMT,V6.2 DIAG | 1 1 12 0.30000000000000004 0.028571428571428567 -0.30000000000000004 -0.06666666666666667 -0.1 -0.1 -0.5 7 1 0 0 1 1 12 1
2026-09-05,02:32:29 GMT,V6.2 BLOCK - final pressure/veto/active/timing gate failed or signal already used
2026-09-05,02:32:29 GMT,SENTINEL V6 MULTI-WINDOW SCAN >>>
2026-09-05,02:32:29 GMT,V6.2 DIAG | 3 0 8 0.20000000000000007 0 -0.2 0 -0.4 -0.1 0.30000000000000004 7 1 0 0 0 0 12 1
2026-09-05,02:32:29 GMT,V6.2 BLOCK - final pressure/veto/active/timing gate failed or signal already used
2026-09-05,02:32:29 GMT,SENTINEL V6 MULTI-WINDOW SCAN >>>
2026-09-05,02:32:29 GMT,V6.2 DIAG | 5 0 8 0.20000000000000007 0 -0.2 0 -0.4 -0.1 0.30000000000000004 7 1 0 0 0 0 12 0
2026-09-05,02:32:29 GMT,V6.2 BLOCK - final pressure/veto/active/timing gate failed or signal already used
2026-09-05,02:32:29 GMT,SENTINEL V6 MULTI-WINDOW SCAN >>>
2026-09-05,02:32:29 GMT,V6.2 DIAG | 5 0 10 0.04999999999999993 0.028571428571428567 -0.04999999999999999 -0.06666666666666667 -0.4 -0.1 0.05000000000000002 6 2 0 1 0 0 12 0
2026-09-05,02:32:28 GMT,V6.2 BLOCK - final pressure/veto/active/timing gate failed or signal already used
2026-09-05,02:32:28 GMT,SENTINEL V6 MULTI-WINDOW SCAN >>>
2026-09-05,02:32:28 GMT,V6.2 DIAG | 1 0 10 -0.09999999999999998 0.05714285714285714 0.10000000000000003 -0.13333333333333336 -0.4 -0.1 -0.20000000000000004 6 2 0 1 0 0 12 0
2026-09-05,02:32:28 GMT,V6.2 BLOCK - final pressure/veto/active/timing gate failed or signal already used
2026-09-05,02:32:28 GMT,SENTINEL V6 MULTI-WINDOW SCAN >>>
2026-09-05,02:32:28 GMT,V6.2 DIAG | 9 0 10 -0.050000000000000044 0.05714285714285714 0.050000000000000044 -0.13333333333333336 -0.4 -0.15 -0.20000000000000004 5 3 0 1 0 0 12 0
2026-09-05,02:32:28 GMT,V6.2 BLOCK - final pressure/veto/active/timing gate failed or signal already used
2026-09-05,02:32:28 GMT,SENTINEL V6 MULTI-WINDOW SCAN >>>
2026-09-05,02:32:28 GMT,V6.2 DIAG | 6 0 9 -0.09999999999999998 0.05714285714285714 0.10000000000000003 -0.13333333333333336 0.4 -0.15 -0.95 5 3 0 1 0 0 12 0
2026-09-05,02:32:21 GMT,V6.2 BLOCK - final pressure/veto/active/timing gate failed or signal already used
2026-09-05,02:32:21 GMT,SENTINEL V6 MULTI-WINDOW SCAN >>>
2026-09-05,02:32:21 GMT,V6.2 DIAG | 3 0 9 -0.09999999999999998 0.05714285714285714 0.10000000000000003 -0.13333333333333336 0.4 -0.15 -0.95 5 3 0 1 0 0 12 0
2026-09-05,02:32:21 GMT,V6.2 BLOCK - final pressure/veto/active/timing gate failed or signal already used
2026-09-05,02:32:21 GMT,SENTINEL V6 MULTI-WINDOW SCAN >>>
2026-09-05,02:32:21 GMT,V6.2 DIAG | 6 0 4 -0.09999999999999998 0 0.10000000000000003 0 0.4 -0.15 -0.15000000000000002 4 4 0 1 0 0 12 0
2026-09-05,02:32:20 GMT,V6.2 BLOCK - final pressure/veto/active/timing gate failed or signal already used
2026-09-05,02:32:20 GMT,SENTINEL V6 MULTI-WINDOW SCAN >>>
2026-09-05,02:32:20 GMT,V6.2 DIAG | 5 0 3 -0.19999999999999996 -0.028571428571428574 0.2 0.06666666666666668 0.4 -0.2 0.4 4 4 0 1 0 0 12 0
2026-09-05,02:32:20 GMT,V6.2 BLOCK - final pressure/veto/active/timing gate failed or signal already used
2026-09-05,02:32:20 GMT,SENTINEL V6 MULTI-WINDOW SCAN >>>
2026-09-05,02:32:20 GMT,V6.2 DIAG | 7 0 3 -0.19999999999999996 -0.028571428571428574 0.2 0.06666666666666668 0.4 -0.2 0.4 4 4 0 1 0 0 12 0
2026-09-05,02:32:20 GMT,V6.2 BLOCK - final pressure/veto/active/timing gate failed or signal already used
2026-09-05,02:32:20 GMT,SENTINEL V6 MULTI-WINDOW SCAN >>>
2026-09-05,02:32:20 GMT,V6.2 DIAG | 5 0 4 -0.25 -0.028571428571428574 0.25 0.06666666666666668 -0.35000000000000003 -0.2 1.2 4 4 0 1 0 0 12 0
2026-09-05,02:32:19 GMT,V6.2 BLOCK - final pressure/veto/active/timing gate failed or signal already used
2026-09-05,02:32:19 GMT,SENTINEL V6 MULTI-WINDOW SCAN >>>
2026-09-05,02:32:19 GMT,V6.2 DIAG | 9 0 4 -0.25 -0.028571428571428574 0.25 0.06666666666666668 -0.35000000000000003 -0.2 1.2 4 4 0 1 0 0 12 0
2026-09-05,02:32:19 GMT,V6.2 BLOCK - final pressure/veto/active/timing gate failed or signal already used
2026-09-05,02:32:19 GMT,SENTINEL V6 MULTI-WINDOW SCAN >>>
2026-09-05,02:32:19 GMT,V6.2 DIAG | 9 0 4 -0.09999999999999998 0 0.10000000000000003 0 -0.35000000000000003 -0.2 0.65 4 4 0 1 0 0 12 0
2026-09-05,02:32:18 GMT,V6.2 BLOCK - final pressure/veto/active/timing gate failed or signal already used
2026-09-05,02:32:18 GMT,SENTINEL V6 MULTI-WINDOW SCAN >>>
2026-09-05,02:32:18 GMT,V6.2 DIAG | 0 0 6 0 -0.028571428571428567 0 0.06666666666666667 -0.35000000000000003 -0.2 0.9500000000000001 5 3 0 1 0 0 12 0
2026-09-05,02:32:18 GMT,V6.2 BLOCK - final pressure/veto/active/timing gate failed or signal already used
2026-09-05,02:32:18 GMT,SENTINEL V6 MULTI-WINDOW SCAN >>>
2026-09-05,02:32:18 GMT,V6.2 DIAG | 9 0 6 -0.09999999999999998 0 0.10000000000000003 0 -0.35000000000000003 -0.45 0.9 5 3 0 1 0 0 12 0
2026-09-05,02:32:18 GMT,V6.2 BLOCK - final pressure/veto/active/timing gate failed or signal already used
2026-09-05,02:32:18 GMT,SENTINEL V6 MULTI-WINDOW SCAN >>>
2026-09-05,02:32:18 GMT,V6.2 DIAG | 5 0 5 0 -0.028571428571428567 0 0.06666666666666667 0.45 -0.45 0.4 6 2 0 0 0 0 12 0
2026-09-05,02:32:12 GMT,V6.2 BLOCK - final pressure/veto/active/timing gate failed or signal already used
2026-09-05,02:32:12 GMT,SENTINEL V6 MULTI-WINDOW SCAN >>>
2026-09-05,02:32:12 GMT,V6.2 DIAG | 2 0 5 0 -0.028571428571428567 0 0.06666666666666667 0.45 -0.45 0.4 5 3 1 0 0 0 12 0
2026-09-05,02:32:11 GMT,V6.2 BLOCK - final pressure/veto/active/timing gate failed or signal already used
2026-09-05,02:32:11 GMT,SENTINEL V6 MULTI-WINDOW SCAN >>>
2026-09-05,02:32:11 GMT,V6.2 DIAG | 9 0 5 0 -0.028571428571428567 0 0.06666666666666667 0.45 -0.45 0.4 5 3 1 1 0 0 12 0
2026-09-05,02:32:11 GMT,V6.2 BLOCK - final pressure/veto/active/timing gate failed or signal already used
2026-09-05,02:32:11 GMT,SENTINEL V6 MULTI-WINDOW SCAN >>>
2026-09-05,02:32:11 GMT,V6.2 DIAG | 1 0 9 -0.050000000000000044 0.028571428571428567 0.04999999999999999 -0.06666666666666667 0.45 -0.7000000000000001 -0.1 6 2 1 1 0 0 12 0
2026-09-05,02:32:11 GMT,V6.2 BLOCK - final pressure/veto/active/timing gate failed or signal already used
2026-09-05,02:32:11 GMT,SENTINEL V6 MULTI-WINDOW SCAN >>>
2026-09-05,02:32:11 GMT,V6.2 DIAG | 7 0 5 -0.050000000000000044 -0.028571428571428567 0.04999999999999999 0.06666666666666667 0.45 0.1 -0.1 6 2 1 1 0 0 12 0
2026-09-05,02:32:10 GMT,V6.2 BLOCK - final pressure/veto/active/timing gate failed or signal already used
2026-09-05,02:32:10 GMT,SENTINEL V6 MULTI-WINDOW SCAN >>>
2026-09-05,02:32:10 GMT,V6.2 DIAG | 1 0 8 -0.10000000000000009 0.028571428571428567 0.09999999999999998 -0.06666666666666667 -0.30000000000000004 0.1 -0.1 6 2 2 1 0 0 12 0
2026-09-05,02:32:10 GMT,V6.2 BLOCK - final pressure/veto/active/timing gate failed or signal already used
2026-09-05,02:32:10 GMT,SENTINEL V6 MULTI-WINDOW SCAN >>>
2026-09-05,02:32:10 GMT,V6.2 DIAG | 6 0 8 -0.050000000000000044 0.028571428571428567 0.04999999999999999 -0.06666666666666667 -0.30000000000000004 0.05000000000000002 -0.1 6 2 2 1 0 0 12 0
2026-09-05,02:32:10 GMT,V6.2 BLOCK - final pressure/veto/active/timing gate failed or signal already used
2026-09-05,02:32:10 GMT,SENTINEL V6 MULTI-WINDOW SCAN >>>
2026-09-05,02:32:10 GMT,V6.2 DIAG | 5 0 8 -0.050000000000000044 0.028571428571428567 0.04999999999999999 -0.06666666666666667 -0.30000000000000004 0.05000000000000002 -0.1 5 3 2 1 0 0 12 0
2026-09-05,02:32:09 GMT,V6.2 BLOCK - final pressure/veto/active/timing gate failed or signal already used
2026-09-05,02:32:09 GMT,SENTINEL V6 MULTI-WINDOW SCAN >>>
2026-09-05,02:32:09 GMT,V6.2 DIAG | 8 0 5 0 -0.028571428571428567 0 0.06666666666666667 -0.30000000000000004 0.8 -0.1 5 3 2 1 0 0 12 0
2026-09-05,02:32:09 GMT,V6.2 BLOCK - final pressure/veto/active/timing gate failed or signal already used
2026-09-05,02:32:09 GMT,SENTINEL V6 MULTI-WINDOW SCAN >>>
2026-09-05,02:32:09 GMT,V6.2 DIAG | 3 0 9 -0.050000000000000044 0.028571428571428567 0.04999999999999999 -0.06666666666666667 -0.30000000000000004 0.05000000000000002 -0.1 6 2 1 1 0 0 12 0
2026-09-05,02:32:09 GMT,V6.2 BLOCK - final pressure/veto/active/timing gate failed or signal already used
2026-09-05,02:32:09 GMT,SENTINEL V6 MULTI-WINDOW SCAN >>>
2026-09-05,02:32:09 GMT,V6.2 DIAG | 3 0 5 0 -0.028571428571428567 0 0.06666666666666667 0.45 0.05000000000000002 -0.1 6 2 1 0 0 0 12 0
2026-09-05,02:32:03 GMT,V6.2 BLOCK - final pressure/veto/active/timing gate failed or signal already used
2026-09-05,02:32:03 GMT,SENTINEL V6 MULTI-WINDOW SCAN >>>
2026-09-05,02:32:03 GMT,V6.2 DIAG | 4 0 4 0 -0.028571428571428567 0 0.06666666666666667 0.45 0.05000000000000002 -0.1 5 3 2 0 0 0 12 0
2026-09-05,02:32:02 GMT,V6.2 BLOCK - final pressure/veto/active/timing gate failed or signal already used
2026-09-05,02:32:02 GMT,SENTINEL V6 MULTI-WINDOW SCAN >>>
2026-09-05,02:32:02 GMT,V6.2 DIAG | 8 0 6 0.04999999999999993 -0.028571428571428567 -0.04999999999999999 0.06666666666666667 0.45 0 -0.1 5 3 2 1 0 0 12 0
2026-09-05,02:32:02 GMT,V6.2 BLOCK - final pressure/veto/active/timing gate failed or signal already used
2026-09-05,02:32:02 GMT,SENTINEL V6 MULTI-WINDOW SCAN >>>
2026-09-05,02:32:02 GMT,V6.2 DIAG | 1 0 9 0 0.028571428571428567 0 -0.06666666666666667 0.45 -0.75 -0.1 6 2 1 0 0 0 12 0
2026-09-05,02:32:01 GMT,V6.2 BLOCK - final pressure/veto/active/timing gate failed or signal already used
2026-09-05,02:32:01 GMT,SENTINEL V6 MULTI-WINDOW SCAN >>>
2026-09-05,02:32:01 GMT,V6.2 DIAG | 7 0 5 0 -0.028571428571428567 0 0.06666666666666667 0.45 0.05000000000000002 -0.1 6 2 1 1 0 0 12 0
2026-09-05,02:32:01 GMT,V6.2 BLOCK - final pressure/veto/active/timing gate failed or signal already used
2026-09-05,02:32:01 GMT,SENTINEL V6 MULTI-WINDOW SCAN >>>
2026-09-05,02:32:01 GMT,V6.2 DIAG | 0 0 7 0.10000000000000009 0 -0.09999999999999998 0 -0.05 0.05000000000000002 -0.1 6 2 2 0 0 0 12 0
2026-09-05,02:32:00 GMT,V6.2 BLOCK - final pressure/veto/active/timing gate failed or signal already used
2026-09-05,02:32:00 GMT,SENTINEL V6 MULTI-WINDOW SCAN >>>
2026-09-05,02:32:00 GMT,V6.2 DIAG | 0 0 7 0.10000000000000009 0 -0.09999999999999998 0 -0.05 0.05000000000000002 -0.1 6 2 2 0 0 0 12 0
2026-09-05,02:32:00 GMT,V6.2 BLOCK - final pressure/veto/active/timing gate failed or signal already used
2026-09-05,02:32:00 GMT,SENTINEL V6 MULTI-WINDOW SCAN >>>
2026-09-05,02:32:00 GMT,V6.2 DIAG | 4 0 8 -0.050000000000000044 0.028571428571428567 0.04999999999999999 -0.06666666666666667 -0.05 0.05000000000000002 -0.35000000000000003 6 2 2 1 0 0 12 0
2026-09-05,02:31:59 GMT,V6.2 BLOCK - final pressure/veto/active/timing gate failed or signal already used
2026-09-05,02:31:59 GMT,SENTINEL V6 MULTI-WINDOW SCAN >>>
2026-09-05,02:31:59 GMT,V6.2 DIAG | 8 0 5 0 -0.028571428571428567 0 0.06666666666666667 -0.05 0.8500000000000001 -0.4 6 2 2 1 0 0 12 0
2026-09-05,02:31:58 GMT,V6.2 BLOCK - final pressure/veto/active/timing gate failed or signal already used
2026-09-05,02:31:58 GMT,SENTINEL V6 MULTI-WINDOW SCAN >>>
2026-09-05,02:31:58 GMT,V6.2 DIAG | 2 0 9 -0.050000000000000044 0.028571428571428567 0.04999999999999999 -0.06666666666666667 -0.05 0.35000000000000003 -0.65 6 2 1 1 0 0 12 0
2026-09-05,02:31:58 GMT,V6.2 BLOCK - final pressure/veto/active/timing gate failed or signal already used
2026-09-05,02:31:58 GMT,SENTINEL V6 MULTI-WINDOW SCAN >>>
2026-09-05,02:31:58 GMT,V6.2 DIAG | 3 0 9 -0.050000000000000044 0.028571428571428567 0.04999999999999999 -0.06666666666666667 -0.05 0.35000000000000003 -0.65 6 2 1 1 0 0 12 0
2026-09-05,02:31:52 GMT,V6.2 BLOCK - final pressure/veto/active/timing gate failed or signal already used
2026-09-05,02:31:52 GMT,SENTINEL V6 MULTI-WINDOW SCAN >>>
2026-09-05,02:31:52 GMT,V6.2 DIAG | 1 0 9 -0.050000000000000044 0.028571428571428567 0.04999999999999999 -0.06666666666666667 -0.05 0.35000000000000003 -0.65 5 3 1 1 0 0 12 0
2026-09-05,02:31:51 GMT,V6.2 BLOCK - final pressure/veto/active/timing gate failed or signal already used
2026-09-05,02:31:51 GMT,SENTINEL V6 MULTI-WINDOW SCAN >>>
2026-09-05,02:31:51 GMT,V6.2 DIAG | 8 0 5 0 -0.028571428571428567 0 0.06666666666666667 -0.1 0.35000000000000003 0.15000000000000002 5 3 1 1 0 0 12 0
2026-09-05,02:31:51 GMT,V6.2 BLOCK - final pressure/veto/active/timing gate failed or signal already used
2026-09-05,02:31:51 GMT,SENTINEL V6 MULTI-WINDOW SCAN >>>
2026-09-05,02:31:51 GMT,V6.2 DIAG | 3 0 8 0.10000000000000009 0 -0.09999999999999998 0 -0.1 -0.15 0.15000000000000002 6 2 0 0 0 0 12 0
2026-09-05,02:31:50 GMT,V6.2 BLOCK - final pressure/veto/active/timing gate failed or signal already used
2026-09-05,02:31:50 GMT,SENTINEL V6 MULTI-WINDOW SCAN >>>
2026-09-05,02:31:50 GMT,V6.2 DIAG | 2 0 8 0.10000000000000009 -0.057142857142857134 -0.09999999999999998 0.13333333333333333 -0.1 -0.15 0.9500000000000001 6 2 0 0 0 0 12 0
2026-09-05,02:31:50 GMT,V6.2 BLOCK - final pressure/veto/active/timing gate failed or signal already used
2026-09-05,02:31:50 GMT,SENTINEL V6 MULTI-WINDOW SCAN >>>
2026-09-05,02:31:50 GMT,V6.2 DIAG | 0 0 8 0.15000000000000002 -0.057142857142857134 -0.14999999999999997 0.13333333333333333 -0.15 -0.15 0.9500000000000001 6 2 0 0 0 0 12 0
2026-09-05,02:31:49 GMT,V6.2 BLOCK - final pressure/veto/active/timing gate failed or signal already used
2026-09-05,02:31:49 GMT,SENTINEL V6 MULTI-WINDOW SCAN >>>
2026-09-05,02:31:49 GMT,V6.2 DIAG | 9 0 6 0 -0.028571428571428567 0 0.06666666666666667 -0.15 -0.4 0.9500000000000001 6 2 0 1 0 0 12 0
2026-09-05,02:31:49 GMT,V6.2 BLOCK - final pressure/veto/active/timing gate failed or signal already used
2026-09-05,02:31:49 GMT,SENTINEL V6 MULTI-WINDOW SCAN >>>
2026-09-05,02:31:49 GMT,V6.2 DIAG | 3 0 8 0.10000000000000009 0 -0.09999999999999998 0 -0.15 -0.4 0.45 7 1 0 0 0 0 12 0
2026-09-05,02:31:48 GMT,V6.2 BLOCK - final pressure/veto/active/timing gate failed or signal already used
2026-09-05,02:31:48 GMT,SENTINEL V6 MULTI-WINDOW SCAN >>>
2026-09-05,02:31:48 GMT,V6.2 DIAG | 9 0 9 0 0.028571428571428567 0 -0.06666666666666667 -0.15 -0.65 0.4 6 2 1 1 0 0 12 0
2026-09-05,02:31:48 GMT,V6.2 BLOCK - final pressure/veto/active/timing gate failed or signal already used
2026-09-05,02:31:48 GMT,SENTINEL V6 MULTI-WINDOW SCAN >>>
2026-09-05,02:31:48 GMT,V6.2 DIAG | 2 0 12 0.10000000000000009 0.057142857142857134 -0.09999999999999998 -0.13333333333333333 -0.15 -0.65 -0.1 7 1 1 0 0 0 12 0
2026-09-05,02:31:47 GMT,V6.2 BLOCK - final pressure/veto/active/timing gate failed or signal already used
2026-09-05,02:31:47 GMT,SENTINEL V6 MULTI-WINDOW SCAN >>>
2026-09-05,02:31:47 GMT,V6.2 DIAG | 5 0 9 -0.050000000000000044 0.08571428571428572 0.04999999999999999 -0.2 -0.4 -0.65 -0.1 6 2 2 1 0 0 12 0
2026-09-05,02:31:47 GMT,V6.2 BLOCK - final pressure/veto/active/timing gate failed or signal already used
2026-09-05,02:31:47 GMT,SENTINEL V6 MULTI-WINDOW SCAN >>>
2026-09-05,02:31:47 GMT,V6.2 DIAG | 0 0 8 -0.050000000000000044 0.028571428571428567 0.04999999999999999 -0.06666666666666667 -0.4 0.15000000000000002 -0.1 6 2 2 1 0 0 12 0
2026-09-05,02:31:43 GMT,V6.2 BLOCK - final pressure/veto/active/timing gate failed or signal already used
2026-09-05,02:31:43 GMT,SENTINEL V6 MULTI-WINDOW SCAN >>>
2026-09-05,02:31:43 GMT,V6.2 DIAG | 3 0 9 -0.15000000000000002 0.05714285714285714 0.15000000000000002 -0.13333333333333336 -0.4 -0.10000000000000003 -0.15 5 3 2 1 0 0 12 0
2026-09-05,02:31:42 GMT,V6.2 BLOCK - final pressure/veto/active/timing gate failed or signal already used
2026-09-05,02:31:42 GMT,SENTINEL V6 MULTI-WINDOW SCAN >>>
2026-09-05,02:31:42 GMT,V6.2 DIAG | 2 0 5 -0.15000000000000002 0 0.15000000000000002 0 -0.4 0.7 -0.15 5 3 2 1 0 0 12 0
2026-09-05,02:31:41 GMT,V6.2 BLOCK - final pressure/veto/active/timing gate failed or signal already used
2026-09-05,02:31:41 GMT,SENTINEL V6 MULTI-WINDOW SCAN >>>
2026-09-05,02:31:41 GMT,V6.2 DIAG | 5 0 3 -0.09999999999999998 0 0.10000000000000003 0 -0.45 0.7 -0.15 4 4 3 1 0 0 12 0
2026-09-05,02:31:41 GMT,V6.2 BLOCK - final pressure/veto/active/timing gate failed or signal already used
2026-09-05,02:31:41 GMT,SENTINEL V6 MULTI-WINDOW SCAN >>>
2026-09-05,02:31:41 GMT,V6.2 DIAG | 8 0 2 -0.050000000000000044 -0.05714285714285714 0.050000000000000044 0.13333333333333336 0.35000000000000003 0.7 -0.2 4 4 3 1 0 0 12 0
2026-09-05,02:31:40 GMT,V6.2 BLOCK - final pressure/veto/active/timing gate failed or signal already used
2026-09-05,02:31:40 GMT,SENTINEL V6 MULTI-WINDOW SCAN >>>
2026-09-05,02:31:40 GMT,V6.2 DIAG | 0 0 5 0.04999999999999993 -0.028571428571428567 -0.04999999999999999 0.06666666666666667 0.35000000000000003 0.2 -0.2 5 3 2 1 0 0 12 0
2026-09-05,02:31:39 GMT,V6.2 BLOCK - final pressure/veto/active/timing gate failed or signal already used
2026-09-05,02:31:39 GMT,SENTINEL V6 MULTI-WINDOW SCAN >>>
2026-09-05,02:31:39 GMT,V6.2 DIAG | 8 0 6 0.09999999999999998 -0.08571428571428572 -0.10000000000000003 0.2 0.30000000000000004 1 -0.2 5 3 2 1 0 0 12 0
2026-09-05,02:31:38 GMT,V6.2 BLOCK - final pressure/veto/active/timing gate failed or signal already used
2026-09-05,02:31:38 GMT,SENTINEL V6 MULTI-WINDOW SCAN >>>
2026-09-05,02:31:38 GMT,V6.2 DIAG | 1 0 6 0.04999999999999993 -0.028571428571428567 -0.04999999999999999 0.06666666666666667 0.30000000000000004 0.5 -0.45 6 2 1 1 0 0 12 0
2026-09-05,02:31:37 GMT,V6.2 BLOCK - final pressure/veto/active/timing gate failed or signal already used
2026-09-05,02:31:37 GMT,SENTINEL V6 MULTI-WINDOW SCAN >>>
2026-09-05,02:31:37 GMT,V6.2 DIAG | 7 0 6 0.04999999999999993 -0.028571428571428567 -0.04999999999999999 0.06666666666666667 0.30000000000000004 0.5 -0.45 6 2 1 1 0 0 12 0
2026-09-05,02:31:37 GMT,V6.2 BLOCK - final pressure/veto/active/timing gate failed or signal already used
2026-09-05,02:31:37 GMT,SENTINEL V6 MULTI-WINDOW SCAN >>>
2026-09-05,02:31:37 GMT,V6.2 DIAG | 6 0 8 0.15000000000000002 0 -0.14999999999999997 0 -0.2 0.5 -0.45 6 2 1 1 0 0 12 0
2026-09-05,02:31:37 GMT,V6.2 BLOCK - final pressure/veto/active/timing gate failed or signal already used
2026-09-05,02:31:37 GMT,SENTINEL V6 MULTI-WINDOW SCAN >>>
2026-09-05,02:31:37 GMT,V6.2 DIAG | 8 0 8 0.15000000000000002 0 -0.14999999999999997 0 -0.2 0.5 -0.45 6 2 1 1 0 0 12 0
2026-09-05,02:31:34 GMT,V6.2 BLOCK - final pressure/veto/active/timing gate failed or signal already used
2026-09-05,02:31:34 GMT,SENTINEL V6 MULTI-WINDOW SCAN >>>
2026-09-05,02:31:34 GMT,V6.2 DIAG | 1 0 12 0.10000000000000009 0.057142857142857134 -0.09999999999999998 -0.13333333333333333 -0.45 0 -0.45 7 1 0 0 1 0 12 0
2026-09-05,02:31:33 GMT,V6.2 BLOCK - final pressure/veto/active/timing gate failed or signal already used
2026-09-05,02:31:33 GMT,SENTINEL V6 MULTI-WINDOW SCAN >>>
2026-09-05,02:31:33 GMT,V6.2 DIAG | 5 0 8 0.10000000000000009 0 -0.09999999999999998 0 -0.45 0 0.35000000000000003 7 1 0 0 0 0 12 0
2026-09-05,02:31:32 GMT,V6.2 BLOCK - final pressure/veto/active/timing gate failed or signal already used
2026-09-05,02:31:32 GMT,SENTINEL V6 MULTI-WINDOW SCAN >>>
2026-09-05,02:31:32 GMT,V6.2 DIAG | 6 0 8 0.15000000000000002 0 -0.14999999999999997 0 -0.45 -0.05 0.35000000000000003 6 2 0 0 0 0 12 0
2026-09-05,02:31:31 GMT,V6.2 BLOCK - final pressure/veto/active/timing gate failed or signal already used
2026-09-05,02:31:31 GMT,SENTINEL V6 MULTI-WINDOW SCAN >>>
2026-09-05,02:31:31 GMT,V6.2 DIAG | 1 0 10 0.04999999999999993 0.028571428571428567 -0.04999999999999999 -0.06666666666666667 -0.7000000000000001 -0.05 0.30000000000000004 6 2 0 1 0 0 12 0
2026-09-05,02:31:30 GMT,V6.2 BLOCK - final pressure/veto/active/timing gate failed or signal already used
2026-09-05,02:31:30 GMT,SENTINEL V6 MULTI-WINDOW SCAN >>>
2026-09-05,02:31:30 GMT,V6.2 DIAG | 6 0 11 0.09999999999999998 0.028571428571428567 -0.10000000000000003 -0.06666666666666667 -0.75 -0.05 0.30000000000000004 6 2 0 0 1 0 12 0
2026-09-05,02:31:30 GMT,V6.2 BLOCK - final pressure/veto/active/timing gate failed or signal already used
2026-09-05,02:31:30 GMT,SENTINEL V6 MULTI-WINDOW SCAN >>>
2026-09-05,02:31:30 GMT,V6.2 DIAG | 9 0 7 0.09999999999999998 -0.028571428571428567 -0.10000000000000003 0.06666666666666667 0.05000000000000002 -0.05 0.30000000000000004 5 3 0 0 0 0 12 0
2026-09-05,02:31:29 GMT,V6.2 BLOCK - final pressure/veto/active/timing gate failed or signal already used
2026-09-05,02:31:29 GMT,SENTINEL V6 MULTI-WINDOW SCAN >>>
2026-09-05,02:31:29 GMT,V6.2 DIAG | 3 0 10 0.04999999999999993 0.028571428571428567 -0.04999999999999999 -0.06666666666666667 0.05000000000000002 -0.05 -0.45 6 2 0 1 0 0 12 0
2026-09-05,02:31:28 GMT,V6.2 BLOCK - final pressure/veto/active/timing gate failed or signal already used
2026-09-05,02:31:28 GMT,SENTINEL V6 MULTI-WINDOW SCAN >>>
2026-09-05,02:31:28 GMT,V6.2 DIAG | 5 0 11 0.09999999999999998 0.028571428571428567 -0.10000000000000003 -0.06666666666666667 0.05000000000000002 -0.05 -0.5 6 2 0 0 1 0 12 0
2026-09-05,02:31:27 GMT,V6.2 BLOCK - final pressure/veto/active/timing gate failed or signal already used
2026-09-05,02:31:27 GMT,SENTINEL V6 MULTI-WINDOW SCAN >>>
2026-09-05,02:31:27 GMT,V6.2 DIAG | 1 0 8 0.1499999999999999 -0.028571428571428567 -0.15000000000000002 0.06666666666666667 0.8500000000000001 -0.05 -0.55 5 3 0 0 0 0 12 0
2026-09-05,02:31:27 GMT,V6.2 BLOCK - final pressure/veto/active/timing gate failed or signal already used
2026-09-05,02:31:27 GMT,SENTINEL V6 MULTI-WINDOW SCAN >>>
2026-09-05,02:31:27 GMT,V6.2 DIAG | 7 0 8 0.1499999999999999 -0.028571428571428567 -0.15000000000000002 0.06666666666666667 0.8500000000000001 -0.05 -0.55 5 3 0 0 0 0 12 0
2026-09-05,02:31:23 GMT,V6.2 BLOCK - final pressure/veto/active/timing gate failed or signal already used
2026-09-05,02:31:23 GMT,SENTINEL V6 MULTI-WINDOW SCAN >>>
2026-09-05,02:31:23 GMT,V6.2 DIAG | 1 0 11 0.09999999999999998 0.028571428571428567 -0.10000000000000003 -0.06666666666666667 0.35000000000000003 -0.05 -0.8 6 2 0 0 1 0 12 0
2026-09-05,02:31:23 GMT,V6.2 BLOCK - final pressure/veto/active/timing gate failed or signal already used
2026-09-05,02:31:23 GMT,SENTINEL V6 MULTI-WINDOW SCAN >>>
2026-09-05,02:31:23 GMT,V6.2 DIAG | 3 0 8 0.1499999999999999 -0.028571428571428567 -0.15000000000000002 0.06666666666666667 0.35000000000000003 -0.1 0 6 2 0 0 0 0 12 0
2026-09-05,02:31:22 GMT,V6.2 BLOCK - final pressure/veto/active/timing gate failed or signal already used
2026-09-05,02:31:22 GMT,SENTINEL V6 MULTI-WINDOW SCAN >>>
2026-09-05,02:31:22 GMT,V6.2 DIAG | 7 0 6 0 0 0 0 0.1 -0.1 0 5 3 0 1 0 0 12 0
2026-09-05,02:31:22 GMT,V6.2 BLOCK - final pressure/veto/active/timing gate failed or signal already used
2026-09-05,02:31:22 GMT,SENTINEL V6 MULTI-WINDOW SCAN >>>
2026-09-05,02:31:22 GMT,V6.2 DIAG | 1 0 10 0 0.05714285714285714 0 -0.13333333333333336 -0.4 -0.1 -0.30000000000000004 6 2 0 0 0 0 12 0
2026-09-05,02:31:21 GMT,V6.2 BLOCK - final pressure/veto/active/timing gate failed or signal already used
2026-09-05,02:31:21 GMT,SENTINEL V6 MULTI-WINDOW SCAN >>>
2026-09-05,02:31:21 GMT,V6.2 DIAG | 0 0 10 0 0.05714285714285714 0 -0.13333333333333336 -0.4 -0.1 -0.30000000000000004 5 3 0 0 0 0 12 0
2026-09-05,02:31:20 GMT,V6.2 BLOCK - final pressure/veto/active/timing gate failed or signal already used
2026-09-05,02:31:20 GMT,SENTINEL V6 MULTI-WINDOW SCAN >>>
2026-09-05,02:31:20 GMT,V6.2 DIAG | 9 0 7 -0.09999999999999998 0.028571428571428574 0.09999999999999998 -0.06666666666666668 -0.65 -0.15 0.5 4 4 0 1 0 0 12 0
2026-09-05,02:31:19 GMT,V6.2 BLOCK - final pressure/veto/active/timing gate failed or signal already used
2026-09-05,02:31:19 GMT,SENTINEL V6 MULTI-WINDOW SCAN >>>
2026-09-05,02:31:19 GMT,V6.2 DIAG | 2 0 10 0 0.05714285714285714 0 -0.13333333333333336 -0.65 -0.15 0 5 3 0 0 0 0 12 0
2026-09-05,02:31:19 GMT,V6.2 BLOCK - final pressure/veto/active/timing gate failed or signal already used
2026-09-05,02:31:19 GMT,SENTINEL V6 MULTI-WINDOW SCAN >>>
2026-09-05,02:31:19 GMT,V6.2 DIAG | 6 0 4 0 0 0 0 0.15000000000000002 -0.15 0 4 4 0 0 0 0 12 0
2026-09-05,02:31:18 GMT,V6.2 BLOCK - final pressure/veto/active/timing gate failed or signal already used
2026-09-05,02:31:18 GMT,SENTINEL V6 MULTI-WINDOW SCAN >>>
2026-09-05,02:31:18 GMT,V6.2 DIAG | 6 0 3 0 -0.05714285714285714 0 0.13333333333333336 0.15000000000000002 -0.15 0.8 4 4 0 0 0 0 12 0
2026-09-05,02:31:15 GMT,V6.2 BLOCK - final pressure/veto/active/timing gate failed or signal already used
2026-09-05,02:31:15 GMT,SENTINEL V6 MULTI-WINDOW SCAN >>>
2026-09-05,02:31:15 GMT,V6.2 DIAG | 9 0 3 0 -0.05714285714285714 0 0.13333333333333336 0.15000000000000002 -0.15 0.8 4 4 0 1 0 0 12 0
2026-09-05,02:31:14 GMT,V6.2 BLOCK - final pressure/veto/active/timing gate failed or signal already used
2026-09-05,02:31:14 GMT,SENTINEL V6 MULTI-WINDOW SCAN >>>
2026-09-05,02:31:14 GMT,V6.2 DIAG | 0 0 7 0.09999999999999998 -0.08571428571428572 -0.10000000000000003 0.2 0.9500000000000001 -0.15 0.30000000000000004 5 3 0 0 0 0 12 0
2026-09-05,02:31:14 GMT,V6.2 BLOCK - final pressure/veto/active/timing gate failed or signal already used
2026-09-05,02:31:14 GMT,SENTINEL V6 MULTI-WINDOW SCAN >>>
2026-09-05,02:31:14 GMT,V6.2 DIAG | 7 0 7 0.09999999999999998 -0.08571428571428572 -0.10000000000000003 0.2 0.9500000000000001 -0.15 0.30000000000000004 5 3 0 0 0 0 12 0
2026-09-05,02:31:13 GMT,V6.2 BLOCK - final pressure/veto/active/timing gate failed or signal already used
2026-09-05,02:31:13 GMT,SENTINEL V6 MULTI-WINDOW SCAN >>>
2026-09-05,02:31:13 GMT,V6.2 DIAG | 9 0 6 0.04999999999999993 -0.028571428571428567 -0.04999999999999999 0.06666666666666667 0.45 -0.4 0.30000000000000004 6 2 0 1 0 0 12 0
2026-09-05,02:31:13 GMT,V6.2 BLOCK - final pressure/veto/active/timing gate failed or signal already used
2026-09-05,02:31:13 GMT,SENTINEL V6 MULTI-WINDOW SCAN >>>
2026-09-05,02:31:13 GMT,V6.2 DIAG | 0 0 9 0 0.028571428571428567 0 -0.06666666666666667 0.45 -0.4 -0.45 7 1 0 1 0 0 12 0
2026-09-05,02:31:12 GMT,V6.2 BLOCK - final pressure/veto/active/timing gate failed or signal already used
2026-09-05,02:31:12 GMT,SENTINEL V6 MULTI-WINDOW SCAN >>>
2026-09-05,02:31:12 GMT,V6.2 DIAG | 7 0 9 -0.15000000000000002 0.05714285714285714 0.15000000000000002 -0.13333333333333336 0.2 -0.4 -0.45 6 2 1 1 0 0 12 0
2026-09-05,02:31:11 GMT,V6.2 BLOCK - final pressure/veto/active/timing gate failed or signal already used
2026-09-05,02:31:11 GMT,SENTINEL V6 MULTI-WINDOW SCAN >>>
2026-09-05,02:31:11 GMT,V6.2 DIAG | 6 0 10 0 0.08571428571428572 0 -0.2 -0.30000000000000004 -0.4 -0.5 6 2 1 0 0 0 12 0
2026-09-05,02:31:10 GMT,V6.2 BLOCK - final pressure/veto/active/timing gate failed or signal already used
2026-09-05,02:31:10 GMT,SENTINEL V6 MULTI-WINDOW SCAN >>>
2026-09-05,02:31:10 GMT,V6.2 DIAG | 2 0 11 0.04999999999999993 0.08571428571428572 -0.04999999999999999 -0.2 -0.35000000000000003 -0.4 -0.5 5 3 1 0 0 0 12 0
2026-09-05,02:31:09 GMT,V6.2 BLOCK - final pressure/veto/active/timing gate failed or signal already used
2026-09-05,02:31:09 GMT,SENTINEL V6 MULTI-WINDOW SCAN >>>
2026-09-05,02:31:09 GMT,V6.2 DIAG | 1 0 9 -0.09999999999999998 0.05714285714285714 0.10000000000000003 -0.13333333333333336 -0.35000000000000003 0.4 -0.75 5 3 1 1 0 0 12 0
2026-09-05,02:31:08 GMT,V6.2 BLOCK - final pressure/veto/active/timing gate failed or signal already used
2026-09-05,02:31:08 GMT,SENTINEL V6 MULTI-WINDOW SCAN >>>
2026-09-05,02:31:08 GMT,V6.2 DIAG | 3 0 9 -0.25 0.028571428571428574 0.25 -0.06666666666666668 -0.35000000000000003 0.4 -0.20000000000000004 5 3 1 1 0 0 12 0
2026-09-05,02:31:04 GMT,V6.2 BLOCK - final pressure/veto/active/timing gate failed or signal already used
2026-09-05,02:31:04 GMT,SENTINEL V6 MULTI-WINDOW SCAN >>>
2026-09-05,02:31:04 GMT,V6.2 DIAG | 3 0 3 -0.19999999999999996 -0.028571428571428574 0.2 0.06666666666666668 0.4 0.4 -0.20000000000000004 4 4 1 1 0 0 12 0
2026-09-05,02:31:03 GMT,V6.2 BLOCK - final pressure/veto/active/timing gate failed or signal already used
2026-09-05,02:31:03 GMT,SENTINEL V6 MULTI-WINDOW SCAN >>>
2026-09-05,02:31:03 GMT,V6.2 DIAG | 4 0 3 -0.15000000000000002 -0.028571428571428574 0.15000000000000002 0.06666666666666668 0.4 0.4 -0.25 3 5 1 1 0 0 12 0
2026-09-05,02:31:03 GMT,V6.2 BLOCK - final pressure/veto/active/timing gate failed or signal already used
2026-09-05,02:31:03 GMT,SENTINEL V6 MULTI-WINDOW SCAN >>>
2026-09-05,02:31:03 GMT,V6.2 DIAG | 8 0 2 -0.29999999999999993 0 0.3 0 0.4 0.15000000000000002 -0.25 3 5 1 1 0 0 12 0
2026-09-05,02:31:03 GMT,V6.2 BLOCK - final pressure/veto/active/timing gate failed or signal already used
2026-09-05,02:31:03 GMT,SENTINEL V6 MULTI-WINDOW SCAN >>>
2026-09-05,02:31:03 GMT,V6.2 DIAG | 9 0 3 -0.19999999999999996 -0.028571428571428574 0.2 0.06666666666666668 0.4 -0.35000000000000003 0.55 4 4 0 1 0 0 12 0
2026-09-05,02:31:02 GMT,V6.2 BLOCK - final pressure/veto/active/timing gate failed or signal already used
2026-09-05,02:31:02 GMT,SENTINEL V6 MULTI-WINDOW SCAN >>>
2026-09-05,02:31:02 GMT,V6.2 DIAG | 7 0 3 -0.25 -0.028571428571428574 0.25 0.06666666666666668 0.4 -0.35000000000000003 0.6 4 4 1 1 0 0 12 0
2026-09-05,02:31:00 GMT,V6.2 BLOCK - final pressure/veto/active/timing gate failed or signal already used
2026-09-05,02:31:00 GMT,SENTINEL V6 MULTI-WINDOW SCAN >>>
2026-09-05,02:31:00 GMT,V6.2 DIAG | 4 0 6 -0.09999999999999998 0 0.10000000000000003 0 -0.1 -0.4 0.6 5 3 1 1 0 0 12 0
2026-09-05,02:30:59 GMT,V6.2 BLOCK - final pressure/veto/active/timing gate failed or signal already used
2026-09-05,02:30:59 GMT,SENTINEL V6 MULTI-WINDOW SCAN >>>
2026-09-05,02:30:59 GMT,V6.2 DIAG | 1 0 7 -0.25 0.028571428571428574 0.25 -0.06666666666666668 -0.1 -0.65 0.6 4 4 1 1 0 0 12 0
2026-09-05,02:30:59 GMT,V6.2 BLOCK - final pressure/veto/active/timing gate failed or signal already used
2026-09-05,02:30:59 GMT,SENTINEL V6 MULTI-WINDOW SCAN >>>
2026-09-05,02:30:59 GMT,V6.2 DIAG | 9 0 3 -0.25 -0.028571428571428574 0.25 0.06666666666666668 -0.1 0.15000000000000002 0.6 4 4 1 1 0 0 12 0
2026-09-05,02:30:58 GMT,V6.2 BLOCK - final pressure/veto/active/timing gate failed or signal already used
2026-09-05,02:30:58 GMT,SENTINEL V6 MULTI-WINDOW SCAN >>>
2026-09-05,02:30:58 GMT,V6.2 DIAG | 9 0 2 -0.15000000000000002 0 0.15000000000000002 0 -0.1 0.15000000000000002 0.1 4 4 2 1 0 0 12 0
2026-09-05,02:30:58 GMT,V6.2 BLOCK - final pressure/veto/active/timing gate failed or signal already used
2026-09-05,02:30:58 GMT,SENTINEL V6 MULTI-WINDOW SCAN >>>
2026-09-05,02:30:58 GMT,V6.2 DIAG | 1 0 4 -0.050000000000000044 -0.028571428571428567 0.04999999999999999 0.06666666666666667 -0.1 0.15000000000000002 0.4 5 3 2 1 0 0 12 0
2026-09-05,02:30:55 GMT,V6.2 BLOCK - final pressure/veto/active/timing gate failed or signal already used
2026-09-05,02:30:55 GMT,SENTINEL V6 MULTI-WINDOW SCAN >>>
2026-09-05,02:30:55 GMT,V6.2 DIAG | 1 0 4 -0.050000000000000044 -0.028571428571428567 0.04999999999999999 0.06666666666666667 -0.1 0.15000000000000002 0.4 5 3 2 1 0 0 12 0
2026-09-05,02:30:54 GMT,V6.2 BLOCK - final pressure/veto/active/timing gate failed or signal already used
2026-09-05,02:30:54 GMT,SENTINEL V6 MULTI-WINDOW SCAN >>>
2026-09-05,02:30:54 GMT,V6.2 DIAG | 8 0 4 0 -0.08571428571428572 0 0.2 -0.1 0.9 0.4 5 3 2 1 0 0 12 0
2026-09-05,02:30:54 GMT,V6.2 BLOCK - final pressure/veto/active/timing gate failed or signal already used
2026-09-05,02:30:54 GMT,SENTINEL V6 MULTI-WINDOW SCAN >>>
2026-09-05,02:30:54 GMT,V6.2 DIAG | 3 0 7 0.15000000000000002 -0.057142857142857134 -0.14999999999999997 0.13333333333333333 -0.15 0.4 0.4 6 2 1 1 0 0 12 0
2026-09-05,02:30:53 GMT,V6.2 BLOCK - final pressure/veto/active/timing gate failed or signal already used
2026-09-05,02:30:53 GMT,SENTINEL V6 MULTI-WINDOW SCAN >>>
2026-09-05,02:30:53 GMT,V6.2 DIAG | 9 0 7 0.20000000000000007 -0.057142857142857134 -0.2 0.13333333333333333 -0.15 0.35000000000000003 0.4 6 2 1 1 0 0 12 0
2026-09-05,02:30:53 GMT,Profit amount: 1.53
2026-09-05,02:30:53 GMT,V6.2 DIAG | 4 0 8 0.30000000000000004 -0.028571428571428567 -0.30000000000000004 0.06666666666666667 -0.15 0.35000000000000003 -0.1 7 1 1 1 0 0 11 0
2026-09-05,02:30:51 GMT,V6.2 DIAG | 8 0 8 0.35 -0.028571428571428567 -0.35 0.06666666666666667 -0.15 0.35000000000000003 -0.15 7 1 1 1 0 0 11 0
2026-09-05,02:30:50 GMT,V6.2 DIAG | 4 0 12 0.35 0.028571428571428567 -0.35 -0.06666666666666667 -0.2 -0.15 -0.4 8 0 0 0 0 0 11 0
2026-09-05,02:30:50 GMT,V6.2 DIAG | 6 0 12 0.20000000000000007 0.057142857142857134 -0.2 -0.13333333333333333 -0.45 -0.15 -0.4 8 0 0 0 1 0 11 0
2026-09-05,02:30:50 GMT,Bought: (ID: 22521671239)
2026-09-05,02:30:49 GMT,SENTINEL V6 MULTI-WINDOW SCAN >>>
2026-09-05,02:30:49 GMT,V6.2 DIAG | 6 1 12 0.25 0.057142857142857134 -0.25 -0.13333333333333333 -0.45 -0.2 -0.4 7 1 0 0 1 1 11 1
2026-09-05,02:30:48 GMT,V6.2 BLOCK - final pressure/veto/active/timing gate failed or signal already used
2026-09-05,02:30:48 GMT,SENTINEL V6 MULTI-WINDOW SCAN >>>
2026-09-05,02:30:48 GMT,V6.2 DIAG | 5 0 12 0.25 0.057142857142857134 -0.25 -0.13333333333333333 -0.45 -0.2 -0.4 6 2 0 0 0 0 11 1
2026-09-05,02:30:45 GMT,V6.2 BLOCK - final pressure/veto/active/timing gate failed or signal already used
2026-09-05,02:30:45 GMT,SENTINEL V6 MULTI-WINDOW SCAN >>>
2026-09-05,02:30:45 GMT,V6.2 DIAG | 0 0 12 0.09999999999999998 0.08571428571428572 -0.10000000000000003 -0.2 -0.7000000000000001 -0.2 -0.4 6 2 0 0 1 0 11 0
2026-09-05,02:30:44 GMT,V6.2 BLOCK - final pressure/veto/active/timing gate failed or signal already used
2026-09-05,02:30:44 GMT,SENTINEL V6 MULTI-WINDOW SCAN >>>
2026-09-05,02:30:44 GMT,V6.2 DIAG | 1 0 9 -0.050000000000000044 0.05714285714285714 0.050000000000000044 -0.13333333333333336 -0.7000000000000001 -0.2 0.15000000000000002 6 2 0 1 0 0 11 0
2026-09-05,02:30:43 GMT,V6.2 BLOCK - final pressure/veto/active/timing gate failed or signal already used
2026-09-05,02:30:43 GMT,SENTINEL V6 MULTI-WINDOW SCAN >>>
2026-09-05,02:30:43 GMT,V6.2 DIAG | 1 0 5 0 0 0 0 0.1 -0.25 0.15000000000000002 5 3 0 0 0 0 11 0
2026-09-05,02:30:43 GMT,V6.2 BLOCK - final pressure/veto/active/timing gate failed or signal already used
2026-09-05,02:30:43 GMT,SENTINEL V6 MULTI-WINDOW SCAN >>>
2026-09-05,02:30:43 GMT,V6.2 DIAG | 6 0 4 0.04999999999999993 0 -0.04999999999999999 0 0.1 -0.3 0.15000000000000002 4 4 0 0 0 0 11 0
2026-09-05,02:30:42 GMT,V6.2 BLOCK - final pressure/veto/active/timing gate failed or signal already used
2026-09-05,02:30:42 GMT,SENTINEL V6 MULTI-WINDOW SCAN >>>
2026-09-05,02:30:42 GMT,V6.2 DIAG | 6 0 5 0.09999999999999998 0 -0.09999999999999998 0 0.05000000000000002 -0.3 0.15000000000000002 4 4 0 0 0 0 11 0
2026-09-05,02:30:41 GMT,V6.2 BLOCK - final pressure/veto/active/timing gate failed or signal already used
2026-09-05,02:30:41 GMT,SENTINEL V6 MULTI-WINDOW SCAN >>>
2026-09-05,02:30:41 GMT,V6.2 DIAG | 9 0 3 -0.050000000000000044 -0.028571428571428574 0.04999999999999999 0.06666666666666668 0.8500000000000001 -0.55 0.15000000000000002 4 4 0 1 0 0 11 0
2026-09-05,02:30:40 GMT,V6.2 BLOCK - final pressure/veto/active/timing gate failed or signal already used
2026-09-05,02:30:40 GMT,SENTINEL V6 MULTI-WINDOW SCAN >>>
2026-09-05,02:30:40 GMT,V6.2 DIAG | 7 0 7 0.09999999999999998 -0.05714285714285714 -0.09999999999999998 0.13333333333333336 0.8500000000000001 -0.6 0.45 5 3 0 1 0 0 11 0
2026-09-05,02:30:39 GMT,V6.2 BLOCK - final pressure/veto/active/timing gate failed or signal already used
2026-09-05,02:30:39 GMT,SENTINEL V6 MULTI-WINDOW SCAN >>>
2026-09-05,02:30:39 GMT,V6.2 DIAG | 1 0 7 0.19999999999999996 -0.028571428571428567 -0.2 0.06666666666666667 0.35000000000000003 -0.6 0.45 5 3 1 0 0 0 11 0
2026-09-05,02:30:38 GMT,V6.2 BLOCK - final pressure/veto/active/timing gate failed or signal already used
2026-09-05,02:30:38 GMT,SENTINEL V6 MULTI-WINDOW SCAN >>>
2026-09-05,02:30:38 GMT,V6.2 DIAG | 6 0 7 0.19999999999999996 -0.028571428571428567 -0.2 0.06666666666666667 0.35000000000000003 -0.6 0.45 5 3 1 1 0 0 11 0
2026-09-05,02:30:37 GMT,V6.2 BLOCK - final pressure/veto/active/timing gate failed or signal already used
2026-09-05,02:30:37 GMT,SENTINEL V6 MULTI-WINDOW SCAN >>>
2026-09-05,02:30:37 GMT,V6.2 DIAG | 7 0 7 0.24999999999999994 -0.028571428571428567 -0.25000000000000006 0.06666666666666667 0.35000000000000003 -0.6 0.4 5 3 1 1 0 0 11 0
2026-09-05,02:30:37 GMT,V6.2 BLOCK - final pressure/veto/active/timing gate failed or signal already used
2026-09-05,02:30:37 GMT,SENTINEL V6 MULTI-WINDOW SCAN >>>
2026-09-05,02:30:37 GMT,V6.2 DIAG | 9 0 7 0.35000000000000003 -0.057142857142857134 -0.35000000000000003 0.13333333333333333 -0.15 0.20000000000000004 0.4 6 2 1 1 0 0 11 0
2026-09-05,02:30:35 GMT,V6.2 BLOCK - final pressure/veto/active/timing gate failed or signal already used
2026-09-05,02:30:35 GMT,SENTINEL V6 MULTI-WINDOW SCAN >>>
2026-09-05,02:30:35 GMT,V6.2 DIAG | 2 0 9 0.35000000000000003 0 -0.35000000000000003 0 -0.2 -0.04999999999999999 -0.1 7 1 1 0 0 0 11 0
2026-09-05,02:30:34 GMT,V6.2 BLOCK - final pressure/veto/active/timing gate failed or signal already used
2026-09-05,02:30:34 GMT,SENTINEL V6 MULTI-WINDOW SCAN >>>
2026-09-05,02:30:34 GMT,V6.2 DIAG | 1 0 12 0.19999999999999996 0.028571428571428567 -0.2 -0.06666666666666667 -0.45 -0.04999999999999999 -0.1 7 1 1 0 0 0 11 0
2026-09-05,02:30:33 GMT,V6.2 BLOCK - final pressure/veto/active/timing gate failed or signal already used
2026-09-05,02:30:33 GMT,SENTINEL V6 MULTI-WINDOW SCAN >>>
2026-09-05,02:30:33 GMT,V6.2 DIAG | 1 0 10 0.04999999999999993 0.05714285714285714 -0.04999999999999999 -0.13333333333333336 -0.45 -0.30000000000000004 -0.1 6 2 2 0 0 0 11 0
2026-09-05,02:30:32 GMT,V6.2 BLOCK - final pressure/veto/active/timing gate failed or signal already used
2026-09-05,02:30:32 GMT,SENTINEL V6 MULTI-WINDOW SCAN >>>
2026-09-05,02:30:32 GMT,V6.2 DIAG | 8 0 10 0.04999999999999993 0.05714285714285714 -0.04999999999999999 -0.13333333333333336 -0.45 -0.30000000000000004 -0.1 5 3 2 1 0 0 11 0
2026-09-05,02:30:31 GMT,V6.2 BLOCK - final pressure/veto/active/timing gate failed or signal already used
2026-09-05,02:30:31 GMT,SENTINEL V6 MULTI-WINDOW SCAN >>>
2026-09-05,02:30:31 GMT,V6.2 DIAG | 4 0 10 0.04999999999999993 0.11428571428571428 -0.04999999999999999 -0.26666666666666666 -0.5 -0.8 -0.35000000000000003 5 3 2 0 0 0 11 0
2026-09-05,02:30:30 GMT,V6.2 BLOCK - final pressure/veto/active/timing gate failed or signal already used
2026-09-05,02:30:30 GMT,SENTINEL V6 MULTI-WINDOW SCAN >>>
2026-09-05,02:30:30 GMT,V6.2 DIAG | 3 0 9 -0.050000000000000044 0.08571428571428572 0.04999999999999999 -0.2 -0.75 -0.04999999999999999 -0.35000000000000003 5 3 2 1 0 0 11 0
2026-09-05,02:30:30 GMT,V6.2 BLOCK - final pressure/veto/active/timing gate failed or signal already used
2026-09-05,02:30:30 GMT,SENTINEL V6 MULTI-WINDOW SCAN >>>
2026-09-05,02:30:30 GMT,V6.2 DIAG | 0 0 6 -0.050000000000000044 0.028571428571428574 0.04999999999999999 -0.06666666666666668 0.05000000000000002 -0.04999999999999999 -0.35000000000000003 4 4 2 1 0 0 11 0
2026-09-05,02:30:29 GMT,V6.2 BLOCK - final pressure/veto/active/timing gate failed or signal already used
2026-09-05,02:30:29 GMT,SENTINEL V6 MULTI-WINDOW SCAN >>>
2026-09-05,02:30:29 GMT,V6.2 DIAG | 3 0 1 -0.19999999999999996 0 0.19999999999999996 0 0.05000000000000002 0.5 -0.35000000000000003 3 5 2 1 0 0 11 0
2026-09-05,02:30:28 GMT,V6.2 BLOCK - final pressure/veto/active/timing gate failed or signal already used
2026-09-05,02:30:28 GMT,SENTINEL V6 MULTI-WINDOW SCAN >>>
2026-09-05,02:30:28 GMT,V6.2 DIAG | 5 0 1 -0.15000000000000002 0 0.14999999999999997 0 0.05000000000000002 0.5 -0.4 3 5 2 1 0 0 11 0
2026-09-05,02:30:27 GMT,V6.2 BLOCK - final pressure/veto/active/timing gate failed or signal already used
2026-09-05,02:30:27 GMT,SENTINEL V6 MULTI-WINDOW SCAN >>>
2026-09-05,02:30:27 GMT,V6.2 DIAG | 8 0 0 -0.15000000000000002 -0.05714285714285715 0.14999999999999997 0.13333333333333333 0.05000000000000002 0.5 0.4 2 6 3 1 0 0 11 0
2026-09-05,02:30:25 GMT,V6.2 BLOCK - final pressure/veto/active/timing gate failed or signal already used
2026-09-05,02:30:25 GMT,SENTINEL V6 MULTI-WINDOW SCAN >>>
2026-09-05,02:30:25 GMT,V6.2 DIAG | 7 0 2 -0.050000000000000044 -0.08571428571428572 0.04999999999999999 0.2 0.8500000000000001 0 0.4 3 5 2 1 0 0 11 0
2026-09-05,02:30:24 GMT,V6.2 BLOCK - final pressure/veto/active/timing gate failed or signal already used
2026-09-05,02:30:24 GMT,SENTINEL V6 MULTI-WINDOW SCAN >>>
2026-09-05,02:30:24 GMT,V6.2 DIAG | 8 0 2 -0.09999999999999998 -0.028571428571428574 0.09999999999999998 0.06666666666666668 0.35000000000000003 -0.25 0.4 4 4 2 1 0 0 11 0
2026-09-05,02:30:23 GMT,V6.2 BLOCK - final pressure/veto/active/timing gate failed or signal already used
2026-09-05,02:30:23 GMT,SENTINEL V6 MULTI-WINDOW SCAN >>>
2026-09-05,02:30:23 GMT,V6.2 DIAG | 6 0 5 -0.15000000000000002 -0.028571428571428574 0.15000000000000002 0.06666666666666668 0.35000000000000003 -0.20000000000000004 0.4 5 3 1 1 0 0 11 0
2026-09-05,02:30:23 GMT,V6.2 BLOCK - final pressure/veto/active/timing gate failed or signal already used
2026-09-05,02:30:23 GMT,SENTINEL V6 MULTI-WINDOW SCAN >>>
2026-09-05,02:30:23 GMT,V6.2 DIAG | 9 0 1 -0.25 0 0.25 0 0.1 -0.20000000000000004 0.35000000000000003 4 4 2 1 0 0 11 0
2026-09-05,02:30:22 GMT,V6.2 BLOCK - final pressure/veto/active/timing gate failed or signal already used
2026-09-05,02:30:22 GMT,SENTINEL V6 MULTI-WINDOW SCAN >>>
2026-09-05,02:30:22 GMT,V6.2 DIAG | 7 0 6 -0.15000000000000002 0.028571428571428574 0.15000000000000002 -0.06666666666666668 0.1 -0.20000000000000004 -0.15 4 4 3 1 0 0 11 0
2026-09-05,02:30:21 GMT,V6.2 BLOCK - final pressure/veto/active/timing gate failed or signal already used
2026-09-05,02:30:21 GMT,SENTINEL V6 MULTI-WINDOW SCAN >>>
2026-09-05,02:30:21 GMT,V6.2 DIAG | 2 0 7 -0.19999999999999996 0.08571428571428572 0.2 -0.2 -0.4 -0.4499999999999999 -0.15 4 4 3 1 0 0 11 0
2026-09-05,02:30:20 GMT,V6.2 BLOCK - final pressure/veto/active/timing gate failed or signal already used
2026-09-05,02:30:20 GMT,SENTINEL V6 MULTI-WINDOW SCAN >>>
2026-09-05,02:30:20 GMT,V6.2 DIAG | 8 0 6 -0.19999999999999996 0.028571428571428574 0.2 -0.06666666666666668 -0.4 0.35000000000000003 -0.15 4 4 3 1 0 0 11 0
2026-09-05,02:30:19 GMT,V6.2 BLOCK - final pressure/veto/active/timing gate failed or signal already used
2026-09-05,02:30:19 GMT,SENTINEL V6 MULTI-WINDOW SCAN >>>
2026-09-05,02:30:19 GMT,V6.2 DIAG | 0 0 3 -0.09999999999999998 0 0.10000000000000003 0 -0.4 0.65 -0.15 4 4 3 1 0 0 11 0
2026-09-05,02:30:18 GMT,V6.2 BLOCK - final pressure/veto/active/timing gate failed or signal already used
2026-09-05,02:30:18 GMT,SENTINEL V6 MULTI-WINDOW SCAN >>>
2026-09-05,02:30:18 GMT,V6.2 DIAG | 3 0 2 -0.19999999999999996 -0.028571428571428574 0.2 0.06666666666666668 0.35000000000000003 0.65 -0.4 4 4 3 1 0 0 11 0
2026-09-05,02:30:17 GMT,V6.2 BLOCK - final pressure/veto/active/timing gate failed or signal already used
2026-09-05,02:30:17 GMT,SENTINEL V6 MULTI-WINDOW SCAN >>>
2026-09-05,02:30:17 GMT,V6.2 DIAG | 1 0 2 -0.15000000000000002 -0.028571428571428574 0.15000000000000002 0.06666666666666668 0.30000000000000004 0.65 -0.4 4 4 3 1 0 0 11 0
2026-09-05,02:30:14 GMT,V6.2 BLOCK - final pressure/veto/active/timing gate failed or signal already used
2026-09-05,02:30:14 GMT,SENTINEL V6 MULTI-WINDOW SCAN >>>
2026-09-05,02:30:14 GMT,V6.2 DIAG | 8 0 1 -0.25 -0.05714285714285715 0.25 0.13333333333333333 0.05000000000000002 1.4 -0.4 3 5 3 1 0 0 11 0
2026-09-05,02:30:14 GMT,V6.2 BLOCK - final pressure/veto/active/timing gate failed or signal already used
2026-09-05,02:30:14 GMT,SENTINEL V6 MULTI-WINDOW SCAN >>>
2026-09-05,02:30:14 GMT,V6.2 DIAG | 8 0 2 -0.09999999999999998 -0.028571428571428574 0.09999999999999998 0.06666666666666668 0.05000000000000002 0.9 -0.45 4 4 2 1 0 0 11 0
2026-09-05,02:30:13 GMT,V6.2 BLOCK - final pressure/veto/active/timing gate failed or signal already used
2026-09-05,02:30:13 GMT,SENTINEL V6 MULTI-WINDOW SCAN >>>
2026-09-05,02:30:13 GMT,V6.2 DIAG | 7 0 3 0 0 0 0 0.05000000000000002 0.4 -0.45 4 4 1 1 0 0 11 0
2026-09-05,02:30:12 GMT,V6.2 BLOCK - final pressure/veto/active/timing gate failed or signal already used
2026-09-05,02:30:12 GMT,SENTINEL V6 MULTI-WINDOW SCAN >>>
2026-09-05,02:30:12 GMT,V6.2 DIAG | 4 0 7 0.1499999999999999 -0.028571428571428567 -0.15000000000000002 0.06666666666666667 -0.5 0.4 0.35000000000000003 5 3 1 1 0 0 11 0
2026-09-05,02:30:11 GMT,V6.2 BLOCK - final pressure/veto/active/timing gate failed or signal already used
2026-09-05,02:30:11 GMT,SENTINEL V6 MULTI-WINDOW SCAN >>>
2026-09-05,02:30:11 GMT,V6.2 DIAG | 8 0 5 0 0 0 0 -0.75 0.4 0.35000000000000003 5 3 1 1 0 0 11 0
2026-09-05,02:30:11 GMT,V6.2 BLOCK - final pressure/veto/active/timing gate failed or signal already used
2026-09-05,02:30:11 GMT,SENTINEL V6 MULTI-WINDOW SCAN >>>
2026-09-05,02:30:11 GMT,V6.2 DIAG | 4 0 5 -0.050000000000000044 0 0.050000000000000044 0 0.05000000000000002 -0.35000000000000003 0.35000000000000003 6 2 0 1 0 0 11 0
2026-09-05,02:30:10 GMT,V6.2 BLOCK - final pressure/veto/active/timing gate failed or signal already used
2026-09-05,02:30:10 GMT,SENTINEL V6 MULTI-WINDOW SCAN >>>
2026-09-05,02:30:10 GMT,V6.2 DIAG | 4 0 5 -0.050000000000000044 0 0.050000000000000044 0 0.05000000000000002 -0.35000000000000003 0.35000000000000003 5 3 0 1 0 0 11 0
2026-09-05,02:30:09 GMT,V6.2 BLOCK - final pressure/veto/active/timing gate failed or signal already used
2026-09-05,02:30:09 GMT,SENTINEL V6 MULTI-WINDOW SCAN >>>
2026-09-05,02:30:09 GMT,V6.2 DIAG | 9 0 3 -0.050000000000000044 0 0.050000000000000044 0 0.05000000000000002 -0.35000000000000003 0.35000000000000003 4 4 1 1 0 0 11 0
2026-09-05,02:30:08 GMT,V6.2 BLOCK - final pressure/veto/active/timing gate failed or signal already used
2026-09-05,02:30:08 GMT,SENTINEL V6 MULTI-WINDOW SCAN >>>
2026-09-05,02:30:08 GMT,V6.2 DIAG | 6 0 10 -0.050000000000000044 0.05714285714285714 0.050000000000000044 -0.13333333333333336 0 -0.35000000000000003 -0.4 5 3 1 1 0 0 11 0
2026-09-05,02:30:07 GMT,V6.2 BLOCK - final pressure/veto/active/timing gate failed or signal already used
2026-09-05,02:30:07 GMT,SENTINEL V6 MULTI-WINDOW SCAN >>>
2026-09-05,02:30:07 GMT,V6.2 DIAG | 7 0 6 -0.050000000000000044 0 0.050000000000000044 0 0.8 -0.35000000000000003 -0.4 5 3 1 1 0 0 11 0
2026-09-05,02:30:06 GMT,V6.2 BLOCK - final pressure/veto/active/timing gate failed or signal already used
2026-09-05,02:30:06 GMT,SENTINEL V6 MULTI-WINDOW SCAN >>>
2026-09-05,02:30:06 GMT,V6.2 DIAG | 5 0 6 0.04999999999999993 -0.028571428571428567 -0.04999999999999999 0.06666666666666667 0.30000000000000004 0.45 -0.4 5 3 1 1 0 0 11 0
2026-09-05,02:30:05 GMT,V6.2 BLOCK - final pressure/veto/active/timing gate failed or signal already used
2026-09-05,02:30:05 GMT,SENTINEL V6 MULTI-WINDOW SCAN >>>
2026-09-05,02:30:05 GMT,V6.2 DIAG | 0 0 7 0.09999999999999998 -0.028571428571428567 -0.10000000000000003 0.06666666666666667 0.25 0.45 -0.4 5 3 1 1 0 0 11 0
2026-09-05,02:30:04 GMT,V6.2 BLOCK - final pressure/veto/active/timing gate failed or signal already used
2026-09-05,02:30:04 GMT,SENTINEL V6 MULTI-WINDOW SCAN >>>
2026-09-05,02:30:04 GMT,V6.2 DIAG | 0 0 7 0.09999999999999998 -0.028571428571428567 -0.10000000000000003 0.06666666666666667 0.25 0.45 -0.4 5 3 1 1 0 0 11 0
2026-09-05,02:30:03 GMT,V6.2 BLOCK - final pressure/veto/active/timing gate failed or signal already used
2026-09-05,02:30:03 GMT,SENTINEL V6 MULTI-WINDOW SCAN >>>
2026-09-05,02:30:03 GMT,V6.2 DIAG | 7 0 4 -0.050000000000000044 -0.05714285714285714 0.050000000000000044 0.13333333333333336 0.25 0.45 0.15000000000000002 5 3 1 1 0 0 11 0
2026-09-05,02:30:02 GMT,V6.2 BLOCK - final pressure/veto/active/timing gate failed or signal already used
2026-09-05,02:30:02 GMT,SENTINEL V6 MULTI-WINDOW SCAN >>>
2026-09-05,02:30:02 GMT,V6.2 DIAG | 8 0 6 0.04999999999999993 -0.028571428571428567 -0.04999999999999999 0.06666666666666667 -0.25 0.45 0.15000000000000002 6 2 1 1 0 0 11 0
2026-09-05,02:30:01 GMT,V6.2 BLOCK - final pressure/veto/active/timing gate failed or signal already used
2026-09-05,02:30:01 GMT,SENTINEL V6 MULTI-WINDOW SCAN >>>
2026-09-05,02:30:01 GMT,V6.2 DIAG | 1 0 8 0.15000000000000002 0 -0.14999999999999997 0 -0.25 -0.05 0.15000000000000002 6 2 0 0 0 0 11 1
2026-09-05,02:30:00 GMT,V6.2 BLOCK - final pressure/veto/active/timing gate failed or signal already used
2026-09-05,02:30:00 GMT,SENTINEL V6 MULTI-WINDOW SCAN >>>
2026-09-05,02:30:00 GMT,V6.2 DIAG | 3 0 8 0.15000000000000002 0 -0.14999999999999997 0 -0.25 -0.05 0.15000000000000002 6 2 0 0 0 0 11 1
2026-09-05,02:29:59 GMT,V6.2 BLOCK - final pressure/veto/active/timing gate failed or signal already used
2026-09-05,02:29:59 GMT,SENTINEL V6 MULTI-WINDOW SCAN >>>
2026-09-05,02:29:59 GMT,V6.2 DIAG | 9 0 8 0.15000000000000002 0 -0.14999999999999997 0 -0.25 -0.05 0.15000000000000002 6 2 0 0 0 0 11 0
2026-09-05,02:29:58 GMT,V6.2 BLOCK - final pressure/veto/active/timing gate failed or signal already used
2026-09-05,02:29:58 GMT,SENTINEL V6 MULTI-WINDOW SCAN >>>
2026-09-05,02:29:58 GMT,V6.2 DIAG | 1 0 8 0.10000000000000009 0 -0.09999999999999998 0 -0.5 -0.05 0.45 7 1 0 0 0 0 11 0
2026-09-05,02:29:56 GMT,V6.2 BLOCK - final pressure/veto/active/timing gate failed or signal already used
2026-09-05,02:29:56 GMT,SENTINEL V6 MULTI-WINDOW SCAN >>>
2026-09-05,02:29:56 GMT,V6.2 DIAG | 6 0 9 0 0.028571428571428567 0 -0.06666666666666667 -0.75 -0.1 0.45 7 1 0 1 0 0 11 0
2026-09-05,02:29:55 GMT,V6.2 BLOCK - final pressure/veto/active/timing gate failed or signal already used
2026-09-05,02:29:55 GMT,SENTINEL V6 MULTI-WINDOW SCAN >>>
2026-09-05,02:29:55 GMT,V6.2 DIAG | 0 0 9 -0.15000000000000002 0.05714285714285714 0.15000000000000002 -0.13333333333333336 -0.75 -0.35000000000000003 0.45 6 2 0 1 0 0 11 0
2026-09-05,02:29:54 GMT,V6.2 BLOCK - final pressure/veto/active/timing gate failed or signal already used
2026-09-05,02:29:54 GMT,SENTINEL V6 MULTI-WINDOW SCAN >>>
2026-09-05,02:29:54 GMT,V6.2 DIAG | 4 0 9 -0.25 0.08571428571428572 0.25 -0.2 -0.75 -0.35000000000000003 0.15000000000000002 5 3 0 1 0 0 11 0
2026-09-05,02:29:54 GMT,V6.2 BLOCK - final pressure/veto/active/timing gate failed or signal already used
2026-09-05,02:29:54 GMT,SENTINEL V6 MULTI-WINDOW SCAN >>>
2026-09-05,02:29:54 GMT,V6.2 DIAG | 9 0 7 -0.25 0.08571428571428572 0.25 -0.2 -0.75 -0.35000000000000003 0.15000000000000002 4 4 1 1 0 0 11 0
2026-09-05,02:29:53 GMT,V6.2 BLOCK - final pressure/veto/active/timing gate failed or signal already used
2026-09-05,02:29:53 GMT,SENTINEL V6 MULTI-WINDOW SCAN >>>
2026-09-05,02:29:53 GMT,V6.2 DIAG | 5 0 8 -0.30000000000000004 0.08571428571428572 0.3 -0.2 -0.20000000000000004 -0.35000000000000003 -0.35000000000000003 4 4 1 1 0 0 11 0
2026-09-05,02:29:52 GMT,V6.2 BLOCK - final pressure/veto/active/timing gate failed or signal already used
2026-09-05,02:29:52 GMT,SENTINEL V6 MULTI-WINDOW SCAN >>>
2026-09-05,02:29:52 GMT,V6.2 DIAG | 1 0 7 -0.30000000000000004 0.028571428571428574 0.3 -0.06666666666666668 0.6 -0.35000000000000003 -0.35000000000000003 4 4 1 1 0 0 11 0
2026-09-05,02:29:51 GMT,V6.2 BLOCK - final pressure/veto/active/timing gate failed or signal already used
2026-09-05,02:29:51 GMT,SENTINEL V6 MULTI-WINDOW SCAN >>>
2026-09-05,02:29:51 GMT,V6.2 DIAG | 5 0 3 -0.30000000000000004 -0.028571428571428574 0.3 0.06666666666666668 0.6 0.45 -0.35000000000000003 3 5 1 1 0 0 11 0
2026-09-05,02:29:50 GMT,V6.2 BLOCK - final pressure/veto/active/timing gate failed or signal already used
2026-09-05,02:29:50 GMT,SENTINEL V6 MULTI-WINDOW SCAN >>>
2026-09-05,02:29:50 GMT,V6.2 DIAG | 5 0 2 -0.30000000000000004 -0.08571428571428572 0.3 0.2 0.6 0.45 0.45 3 5 1 1 0 0 11 0
2026-09-05,02:29:49 GMT,V6.2 BLOCK - final pressure/veto/active/timing gate failed or signal already used
2026-09-05,02:29:49 GMT,SENTINEL V6 MULTI-WINDOW SCAN >>>
2026-09-05,02:29:49 GMT,V6.2 DIAG | 7 0 2 -0.30000000000000004 -0.08571428571428572 0.3 0.2 0.6 0.45 0.45 3 5 1 1 0 0 11 0
2026-09-05,02:29:48 GMT,V6.2 BLOCK - final pressure/veto/active/timing gate failed or signal already used
2026-09-05,02:29:48 GMT,SENTINEL V6 MULTI-WINDOW SCAN >>>
2026-09-05,02:29:48 GMT,V6.2 DIAG | 7 0 2 -0.35 -0.08571428571428572 0.35 0.2 0.65 0.45 0.45 4 4 1 1 0 0 11 0
2026-09-05,02:29:47 GMT,V6.2 BLOCK - final pressure/veto/active/timing gate failed or signal already used
2026-09-05,02:29:47 GMT,SENTINEL V6 MULTI-WINDOW SCAN >>>
2026-09-05,02:29:47 GMT,V6.2 DIAG | 8 0 4 -0.20000000000000007 -0.05714285714285714 0.2 0.13333333333333336 0.15000000000000002 0.45 0.4 5 3 1 1 0 0 11 0
2026-09-05,02:29:44 GMT,V6.2 BLOCK - final pressure/veto/active/timing gate failed or signal already used
2026-09-05,02:29:44 GMT,SENTINEL V6 MULTI-WINDOW SCAN >>>
2026-09-05,02:29:44 GMT,V6.2 DIAG | 9 0 5 -0.10000000000000009 -0.028571428571428567 0.09999999999999998 0.06666666666666667 0.15000000000000002 -0.05 0.4 5 3 0 1 0 0 11 0
2026-09-05,02:29:43 GMT,V6.2 BLOCK - final pressure/veto/active/timing gate failed or signal already used
2026-09-05,02:29:43 GMT,SENTINEL V6 MULTI-WINDOW SCAN >>>
2026-09-05,02:29:43 GMT,V6.2 DIAG | 6 0 10 -0.10000000000000009 0.028571428571428567 0.09999999999999998 -0.06666666666666667 -0.10000000000000003 -0.05 -0.15 6 2 0 1 0 0 11 0
2026-09-05,02:29:42 GMT,V6.2 BLOCK - final pressure/veto/active/timing gate failed or signal already used
2026-09-05,02:29:42 GMT,SENTINEL V6 MULTI-WINDOW SCAN >>>
2026-09-05,02:29:42 GMT,V6.2 DIAG | 7 0 10 -0.10000000000000009 0.028571428571428567 0.09999999999999998 -0.06666666666666667 -0.10000000000000003 -0.05 -0.15 6 2 0 1 0 0 11 0
2026-09-05,02:29:42 GMT,V6.2 BLOCK - final pressure/veto/active/timing gate failed or signal already used
2026-09-05,02:29:42 GMT,SENTINEL V6 MULTI-WINDOW SCAN >>>
2026-09-05,02:29:42 GMT,V6.2 DIAG | 1 0 6 0 0 0 0 0.2 -0.05 -0.15 6 2 0 0 0 0 11 0
2026-09-05,02:29:41 GMT,V6.2 BLOCK - final pressure/veto/active/timing gate failed or signal already used
2026-09-05,02:29:41 GMT,SENTINEL V6 MULTI-WINDOW SCAN >>>
2026-09-05,02:29:41 GMT,V6.2 DIAG | 4 0 6 0 0 0 0 0.2 -0.05 -0.15 6 2 0 0 0 0 11 0
2026-09-05,02:29:40 GMT,V6.2 BLOCK - final pressure/veto/active/timing gate failed or signal already used
2026-09-05,02:29:40 GMT,SENTINEL V6 MULTI-WINDOW SCAN >>>
2026-09-05,02:29:40 GMT,V6.2 DIAG | 2 0 6 0 0 0 0 0.2 -0.05 -0.15 6 2 0 0 0 0 11 0
2026-09-05,02:29:39 GMT,V6.2 BLOCK - final pressure/veto/active/timing gate failed or signal already used
2026-09-05,02:29:39 GMT,SENTINEL V6 MULTI-WINDOW SCAN >>>
2026-09-05,02:29:39 GMT,V6.2 DIAG | 4 0 6 0 -0.057142857142857134 0 0.13333333333333333 1 -0.05 -0.15 6 2 0 0 0 0 11 0
2026-09-05,02:29:38 GMT,V6.2 BLOCK - final pressure/veto/active/timing gate failed or signal already used
2026-09-05,02:29:38 GMT,SENTINEL V6 MULTI-WINDOW SCAN >>>
2026-09-05,02:29:38 GMT,V6.2 DIAG | 7 0 6 0 -0.057142857142857134 0 0.13333333333333333 1 -0.05 -0.15 6 2 0 1 0 0 11 0
2026-09-05,02:29:38 GMT,V6.2 BLOCK - final pressure/veto/active/timing gate failed or signal already used
2026-09-05,02:29:38 GMT,SENTINEL V6 MULTI-WINDOW SCAN >>>
2026-09-05,02:29:38 GMT,V6.2 DIAG | 4 0 8 0.15000000000000002 -0.028571428571428567 -0.15 0.06666666666666667 0.5 -0.05 -0.2 7 1 0 0 0 0 11 0
2026-09-05,02:29:37 GMT,V6.2 BLOCK - final pressure/veto/active/timing gate failed or signal already used
2026-09-05,02:29:37 GMT,SENTINEL V6 MULTI-WINDOW SCAN >>>
2026-09-05,02:29:37 GMT,V6.2 DIAG | 3 0 6 0 0 0 0 0.5 -0.30000000000000004 -0.2 7 1 0 0 0 0 11 0
2026-09-05,02:29:35 GMT,V6.2 BLOCK - final pressure/veto/active/timing gate failed or signal already used
2026-09-05,02:29:35 GMT,SENTINEL V6 MULTI-WINDOW SCAN >>>
2026-09-05,02:29:35 GMT,V6.2 DIAG | 7 0 6 0 0 0 0 0.5 -0.30000000000000004 -0.2 7 1 0 1 0 0 11 0
2026-09-05,02:29:34 GMT,V6.2 BLOCK - final pressure/veto/active/timing gate failed or signal already used
2026-09-05,02:29:34 GMT,SENTINEL V6 MULTI-WINDOW SCAN >>>
2026-09-05,02:29:34 GMT,V6.2 DIAG | 5 0 10 -0.04999999999999993 0.057142857142857134 0.05000000000000002 -0.13333333333333333 0 -0.30000000000000004 -0.45 7 1 1 1 0 0 11 0
2026-09-05,02:29:33 GMT,V6.2 BLOCK - final pressure/veto/active/timing gate failed or signal already used
2026-09-05,02:29:33 GMT,SENTINEL V6 MULTI-WINDOW SCAN >>>
2026-09-05,02:29:33 GMT,V6.2 DIAG | 2 0 10 0 0.057142857142857134 0 -0.13333333333333333 -0.05 -0.30000000000000004 -0.45 7 1 1 0 0 0 11 0
2026-09-05,02:29:33 GMT,V6.2 BLOCK - final pressure/veto/active/timing gate failed or signal already used
2026-09-05,02:29:33 GMT,SENTINEL V6 MULTI-WINDOW SCAN >>>
2026-09-05,02:29:33 GMT,V6.2 DIAG | 6 0 12 0.050000000000000044 0.057142857142857134 -0.04999999999999999 -0.13333333333333333 -0.05 -0.30000000000000004 -0.5 6 2 1 0 1 0 11 0
2026-09-05,02:29:32 GMT,V6.2 BLOCK - final pressure/veto/active/timing gate failed or signal already used
2026-09-05,02:29:32 GMT,SENTINEL V6 MULTI-WINDOW SCAN >>>
2026-09-05,02:29:32 GMT,V6.2 DIAG | 4 0 8 0.10000000000000009 0 -0.09999999999999998 0 -0.1 0.5 -0.5 6 2 1 1 0 0 11 0
2026-09-05,02:29:31 GMT,V6.2 BLOCK - final pressure/veto/active/timing gate failed or signal already used
2026-09-05,02:29:31 GMT,SENTINEL V6 MULTI-WINDOW SCAN >>>
2026-09-05,02:29:31 GMT,V6.2 DIAG | 1 0 8 0.10000000000000009 0 -0.09999999999999998 0 -0.1 0.5 -0.5 6 2 1 1 0 0 11 0
2026-09-05,02:29:30 GMT,V6.2 BLOCK - final pressure/veto/active/timing gate failed or signal already used
2026-09-05,02:29:30 GMT,SENTINEL V6 MULTI-WINDOW SCAN >>>
2026-09-05,02:29:30 GMT,V6.2 DIAG | 0 0 7 0.10000000000000009 -0.057142857142857134 -0.09999999999999998 0.13333333333333333 -0.1 0.5 0.30000000000000004 6 2 1 1 0 0 11 0
2026-09-05,02:29:29 GMT,V6.2 BLOCK - final pressure/veto/active/timing gate failed or signal already used
2026-09-05,02:29:29 GMT,SENTINEL V6 MULTI-WINDOW SCAN >>>
2026-09-05,02:29:29 GMT,V6.2 DIAG | 4 0 7 0.10000000000000009 -0.057142857142857134 -0.09999999999999998 0.13333333333333333 -0.1 0.5 0.30000000000000004 6 2 1 1 0 0 11 0
2026-09-05,02:29:28 GMT,V6.2 BLOCK - final pressure/veto/active/timing gate failed or signal already used
2026-09-05,02:29:28 GMT,SENTINEL V6 MULTI-WINDOW SCAN >>>
2026-09-05,02:29:28 GMT,V6.2 DIAG | 8 0 7 0.10000000000000009 -0.057142857142857134 -0.09999999999999998 0.13333333333333333 -0.1 0.5 0.30000000000000004 6 2 1 1 0 0 11 0
2026-09-05,02:29:27 GMT,V6.2 BLOCK - final pressure/veto/active/timing gate failed or signal already used
2026-09-05,02:29:27 GMT,SENTINEL V6 MULTI-WINDOW SCAN >>>
2026-09-05,02:29:27 GMT,V6.2 DIAG | 2 0 9 0.10000000000000009 0 -0.09999999999999998 0 -0.1 0 0 7 1 0 0 0 0 11 1
2026-09-05,02:29:25 GMT,V6.2 BLOCK - final pressure/veto/active/timing gate failed or signal already used
2026-09-05,02:29:25 GMT,SENTINEL V6 MULTI-WINDOW SCAN >>>
2026-09-05,02:29:25 GMT,V6.2 DIAG | 9 0 9 0.10000000000000009 0 -0.09999999999999998 0 -0.1 0 0 7 1 0 0 0 0 11 0
2026-09-05,02:29:24 GMT,V6.2 BLOCK - final pressure/veto/active/timing gate failed or signal already used
2026-09-05,02:29:24 GMT,SENTINEL V6 MULTI-WINDOW SCAN >>>
2026-09-05,02:29:24 GMT,V6.2 DIAG | 2 0 12 0.050000000000000044 0.057142857142857134 -0.04999999999999999 -0.13333333333333333 -0.1 0 -0.75 7 1 0 0 1 0 11 0
2026-09-05,02:29:23 GMT,V6.2 BLOCK - final pressure/veto/active/timing gate failed or signal already used
2026-09-05,02:29:23 GMT,SENTINEL V6 MULTI-WINDOW SCAN >>>
2026-09-05,02:29:23 GMT,V6.2 DIAG | 1 0 12 0.050000000000000044 0.057142857142857134 -0.04999999999999999 -0.13333333333333333 -0.1 0 -0.75 7 1 0 0 1 0 11 0
2026-09-05,02:29:22 GMT,V6.2 BLOCK - final pressure/veto/active/timing gate failed or signal already used
2026-09-05,02:29:22 GMT,SENTINEL V6 MULTI-WINDOW SCAN >>>
2026-09-05,02:29:22 GMT,V6.2 DIAG | 1 0 12 0.050000000000000044 0.057142857142857134 -0.04999999999999999 -0.13333333333333333 -0.1 0 -0.75 6 2 0 0 1 0 11 0
2026-09-05,02:29:21 GMT,V6.2 BLOCK - final pressure/veto/active/timing gate failed or signal already used
2026-09-05,02:29:21 GMT,SENTINEL V6 MULTI-WINDOW SCAN >>>
2026-09-05,02:29:21 GMT,V6.2 DIAG | 2 0 8 0.050000000000000044 0 -0.04999999999999999 0 -0.1 0 0.05000000000000002 6 2 0 0 0 0 11 0
2026-09-05,02:29:20 GMT,V6.2 BLOCK - final pressure/veto/active/timing gate failed or signal already used
2026-09-05,02:29:20 GMT,SENTINEL V6 MULTI-WINDOW SCAN >>>
2026-09-05,02:29:20 GMT,V6.2 DIAG | 1 0 8 0.10000000000000009 0 -0.09999999999999998 0 -0.15 0 0.05000000000000002 6 2 0 0 0 0 11 0
2026-09-05,02:29:19 GMT,V6.2 BLOCK - final pressure/veto/active/timing gate failed or signal already used
2026-09-05,02:29:19 GMT,SENTINEL V6 MULTI-WINDOW SCAN >>>
2026-09-05,02:29:19 GMT,V6.2 DIAG | 1 0 8 0.10000000000000009 -0.057142857142857134 -0.09999999999999998 0.13333333333333333 -0.15 0 0.8500000000000001 6 2 0 0 0 0 11 0
2026-09-05,02:29:18 GMT,V6.2 BLOCK - final pressure/veto/active/timing gate failed or signal already used
2026-09-05,02:29:18 GMT,SENTINEL V6 MULTI-WINDOW SCAN >>>
2026-09-05,02:29:18 GMT,V6.2 DIAG | 5 0 8 0.10000000000000009 -0.057142857142857134 -0.09999999999999998 0.13333333333333333 -0.15 0 0.8500000000000001 6 2 0 0 0 0 11 0
2026-09-05,02:29:18 GMT,V6.2 BLOCK - final pressure/veto/active/timing gate failed or signal already used
2026-09-05,02:29:18 GMT,SENTINEL V6 MULTI-WINDOW SCAN >>>
2026-09-05,02:29:18 GMT,V6.2 DIAG | 9 0 6 -0.050000000000000044 -0.028571428571428567 0.04999999999999999 0.06666666666666667 -0.15 0 0.6 6 2 0 1 0 0 11 0
2026-09-05,02:29:17 GMT,V6.2 BLOCK - final pressure/veto/active/timing gate failed or signal already used
2026-09-05,02:29:17 GMT,SENTINEL V6 MULTI-WINDOW SCAN >>>
2026-09-05,02:29:17 GMT,V6.2 DIAG | 5 0 8 0.050000000000000044 0 -0.04999999999999999 0 -0.15 0 0.1 7 1 0 0 0 0 11 0
2026-09-05,02:29:16 GMT,V6.2 BLOCK - final pressure/veto/active/timing gate failed or signal already used
2026-09-05,02:29:16 GMT,SENTINEL V6 MULTI-WINDOW SCAN >>>
2026-09-05,02:29:16 GMT,V6.2 DIAG | 9 0 8 0.050000000000000044 0 -0.04999999999999999 0 -0.15 0 0.1 6 2 0 1 0 0 11 0
2026-09-05,02:29:15 GMT,V6.2 BLOCK - final pressure/veto/active/timing gate failed or signal already used
2026-09-05,02:29:15 GMT,SENTINEL V6 MULTI-WINDOW SCAN >>>
2026-09-05,02:29:15 GMT,V6.2 DIAG | 5 0 12 0.15000000000000002 0.028571428571428567 -0.15 -0.06666666666666667 -0.15 0 -0.4 7 1 0 0 0 0 11 0
2026-09-05,02:29:14 GMT,V6.2 BLOCK - final pressure/veto/active/timing gate failed or signal already used
2026-09-05,02:29:14 GMT,SENTINEL V6 MULTI-WINDOW SCAN >>>
2026-09-05,02:29:14 GMT,V6.2 DIAG | 6 0 10 0 0.057142857142857134 0 -0.13333333333333333 -0.4 0 -0.4 7 1 0 0 0 0 11 0
2026-09-05,02:29:13 GMT,V6.2 BLOCK - final pressure/veto/active/timing gate failed or signal already used
2026-09-05,02:29:13 GMT,SENTINEL V6 MULTI-WINDOW SCAN >>>
2026-09-05,02:29:13 GMT,V6.2 DIAG | 6 0 9 -0.10000000000000009 0.028571428571428567 0.09999999999999998 -0.06666666666666667 -0.4 0 0.1 7 1 0 1 0 0 11 0
2026-09-05,02:29:12 GMT,V6.2 BLOCK - final pressure/veto/active/timing gate failed or signal already used
2026-09-05,02:29:12 GMT,SENTINEL V6 MULTI-WINDOW SCAN >>>
2026-09-05,02:29:12 GMT,V6.2 DIAG | 6 0 9 -0.20000000000000007 0.05714285714285714 0.2 -0.13333333333333336 -0.65 -0.05 0.1 6 2 0 1 0 0 11 0
2026-09-05,02:29:11 GMT,V6.2 BLOCK - final pressure/veto/active/timing gate failed or signal already used
2026-09-05,02:29:11 GMT,SENTINEL V6 MULTI-WINDOW SCAN >>>
2026-09-05,02:29:11 GMT,V6.2 DIAG | 4 0 9 -0.15000000000000002 0.05714285714285714 0.15000000000000002 -0.13333333333333336 -0.65 -0.1 0.1 5 3 0 1 0 0 11 0
2026-09-05,02:29:10 GMT,V6.2 BLOCK - final pressure/veto/active/timing gate failed or signal already used
2026-09-05,02:29:10 GMT,SENTINEL V6 MULTI-WINDOW SCAN >>>
2026-09-05,02:29:10 GMT,V6.2 DIAG | 2 0 7 -0.09999999999999998 0.05714285714285714 0.10000000000000003 -0.13333333333333336 -0.65 -0.1 0.05000000000000002 4 4 0 1 0 0 11 0
2026-09-05,02:29:09 GMT,V6.2 BLOCK - final pressure/veto/active/timing gate failed or signal already used
2026-09-05,02:29:09 GMT,SENTINEL V6 MULTI-WINDOW SCAN >>>
2026-09-05,02:29:09 GMT,V6.2 DIAG | 9 0 3 -0.09999999999999998 0 0.10000000000000003 0 0.15000000000000002 -0.1 0.05000000000000002 4 4 0 1 0 0 11 0
2026-09-05,02:29:07 GMT,V6.2 BLOCK - final pressure/veto/active/timing gate failed or signal already used
2026-09-05,02:29:07 GMT,SENTINEL V6 MULTI-WINDOW SCAN >>>
2026-09-05,02:29:07 GMT,V6.2 DIAG | 6 0 5 0 -0.028571428571428567 0 0.06666666666666667 0.15000000000000002 -0.1 0.35000000000000003 5 3 0 0 0 0 11 0
2026-09-05,02:29:07 GMT,V6.2 BLOCK - final pressure/veto/active/timing gate failed or signal already used
2026-09-05,02:29:07 GMT,SENTINEL V6 MULTI-WINDOW SCAN >>>
2026-09-05,02:29:07 GMT,V6.2 DIAG | 2 0 5 -0.15000000000000002 -0.05714285714285714 0.15000000000000002 0.13333333333333336 0.9500000000000001 -0.1 0.1 5 3 0 1 0 0 11 0
2026-09-05,02:29:06 GMT,V6.2 BLOCK - final pressure/veto/active/timing gate failed or signal already used
2026-09-05,02:29:06 GMT,SENTINEL V6 MULTI-WINDOW SCAN >>>
2026-09-05,02:29:06 GMT,V6.2 DIAG | 0 0 5 -0.09999999999999998 -0.05714285714285714 0.10000000000000003 0.13333333333333336 0.9 -0.1 0.1 5 3 0 1 0 0 11 0
2026-09-05,02:29:05 GMT,V6.2 BLOCK - final pressure/veto/active/timing gate failed or signal already used
2026-09-05,02:29:05 GMT,SENTINEL V6 MULTI-WINDOW SCAN >>>
2026-09-05,02:29:05 GMT,V6.2 DIAG | 7 0 3 -0.09999999999999998 -0.05714285714285714 0.10000000000000003 0.13333333333333336 0.9 -0.1 0.1 4 4 0 1 0 0 11 0
2026-09-05,02:29:04 GMT,V6.2 BLOCK - final pressure/veto/active/timing gate failed or signal already used
2026-09-05,02:29:04 GMT,SENTINEL V6 MULTI-WINDOW SCAN >>>
2026-09-05,02:29:04 GMT,V6.2 DIAG | 9 0 6 0.04999999999999993 -0.028571428571428567 -0.04999999999999999 0.06666666666666667 0.35000000000000003 -0.1 0.1 5 3 0 1 0 0 11 0
2026-09-05,02:29:03 GMT,V6.2 BLOCK - final pressure/veto/active/timing gate failed or signal already used
2026-09-05,02:29:03 GMT,SENTINEL V6 MULTI-WINDOW SCAN >>>
2026-09-05,02:29:03 GMT,V6.2 DIAG | 7 0 8 0.20000000000000007 0 -0.2 0 0.35000000000000003 -0.15 -0.4 6 2 0 1 0 0 11 0
2026-09-05,02:29:02 GMT,V6.2 BLOCK - final pressure/veto/active/timing gate failed or signal already used
2026-09-05,02:29:02 GMT,SENTINEL V6 MULTI-WINDOW SCAN >>>
2026-09-05,02:29:02 GMT,V6.2 DIAG | 2 0 8 0.35 -0.028571428571428567 -0.35 0.06666666666666667 -0.2 -0.15 0.4 7 1 0 0 0 0 11 0
2026-09-05,02:29:01 GMT,V6.2 BLOCK - final pressure/veto/active/timing gate failed or signal already used
2026-09-05,02:29:01 GMT,SENTINEL V6 MULTI-WINDOW SCAN >>>
2026-09-05,02:29:01 GMT,V6.2 DIAG | 1 0 8 0.20000000000000007 0 -0.2 0 -0.45 -0.15 0.4 7 1 0 0 0 0 11 0
2026-09-05,02:29:00 GMT,V6.2 BLOCK - final pressure/veto/active/timing gate failed or signal already used
2026-09-05,02:29:00 GMT,SENTINEL V6 MULTI-WINDOW SCAN >>>
2026-09-05,02:29:00 GMT,V6.2 DIAG | 6 0 8 0.20000000000000007 0 -0.2 0 -0.45 -0.15 0.4 7 1 0 0 0 0 11 0
2026-09-05,02:28:59 GMT,V6.2 BLOCK - final pressure/veto/active/timing gate failed or signal already used
2026-09-05,02:28:59 GMT,SENTINEL V6 MULTI-WINDOW SCAN >>>
2026-09-05,02:28:59 GMT,V6.2 DIAG | 6 0 8 0.25 0 -0.25 0 -0.5 -0.15 0.4 6 2 0 0 0 0 11 0
2026-09-05,02:28:58 GMT,V6.2 BLOCK - final pressure/veto/active/timing gate failed or signal already used
2026-09-05,02:28:58 GMT,SENTINEL V6 MULTI-WINDOW SCAN >>>
2026-09-05,02:28:58 GMT,V6.2 DIAG | 9 0 8 0.30000000000000004 0 -0.3 0 -0.5 -0.15 0.35000000000000003 6 2 0 1 0 0 11 0
2026-09-05,02:28:57 GMT,V6.2 BLOCK - final pressure/veto/active/timing gate failed or signal already used
2026-09-05,02:28:57 GMT,SENTINEL V6 MULTI-WINDOW SCAN >>>
2026-09-05,02:28:57 GMT,V6.2 DIAG | 6 0 12 0.4 0.028571428571428567 -0.4 -0.06666666666666667 -0.5 -0.15 -0.15 7 1 0 0 1 0 11 0
2026-09-05,02:28:55 GMT,V6.2 BLOCK - final pressure/veto/active/timing gate failed or signal already used
2026-09-05,02:28:55 GMT,SENTINEL V6 MULTI-WINDOW SCAN >>>
2026-09-05,02:28:55 GMT,V6.2 DIAG | 0 0 8 0.4 -0.028571428571428567 -0.4 0.06666666666666667 0.30000000000000004 -0.15 -0.15 7 1 0 0 0 0 11 0
2026-09-05,02:28:54 GMT,V6.2 BLOCK - final pressure/veto/active/timing gate failed or signal already used
2026-09-05,02:28:54 GMT,SENTINEL V6 MULTI-WINDOW SCAN >>>
2026-09-05,02:28:54 GMT,V6.2 DIAG | 1 0 8 0.4 -0.028571428571428567 -0.4 0.06666666666666667 0.30000000000000004 -0.15 -0.15 7 1 0 0 0 0 11 0
2026-09-05,02:28:54 GMT,V6.2 BLOCK - final pressure/veto/active/timing gate failed or signal already used
2026-09-05,02:28:54 GMT,SENTINEL V6 MULTI-WINDOW SCAN >>>
2026-09-05,02:28:54 GMT,V6.2 DIAG | 1 0 8 0.4 -0.028571428571428567 -0.4 0.06666666666666667 0.30000000000000004 -0.15 -0.15 7 1 0 0 0 0 11 0
2026-09-05,02:28:53 GMT,V6.2 BLOCK - final pressure/veto/active/timing gate failed or signal already used
2026-09-05,02:28:53 GMT,SENTINEL V6 MULTI-WINDOW SCAN >>>
2026-09-05,02:28:53 GMT,V6.2 DIAG | 3 0 8 0.25 0 -0.25 0 0.30000000000000004 -0.15 -0.4 7 1 0 0 0 0 11 0
2026-09-05,02:28:52 GMT,V6.2 BLOCK - final pressure/veto/active/timing gate failed or signal already used
2026-09-05,02:28:52 GMT,SENTINEL V6 MULTI-WINDOW SCAN >>>
2026-09-05,02:28:52 GMT,V6.2 DIAG | 7 0 11 0.09999999999999998 0.028571428571428567 -0.10000000000000003 -0.06666666666666667 0.30000000000000004 -0.4 -0.4 7 1 0 0 0 0 11 0
2026-09-05,02:28:51 GMT,V6.2 BLOCK - final pressure/veto/active/timing gate failed or signal already used
2026-09-05,02:28:51 GMT,SENTINEL V6 MULTI-WINDOW SCAN >>>
2026-09-05,02:28:51 GMT,V6.2 DIAG | 2 0 11 0.04999999999999993 0.08571428571428572 -0.04999999999999999 -0.2 -0.2 -0.65 -0.4 7 1 0 1 0 0 11 0
2026-09-05,02:28:49 GMT,V6.2 BLOCK - final pressure/veto/active/timing gate failed or signal already used
2026-09-05,02:28:49 GMT,SENTINEL V6 MULTI-WINDOW SCAN >>>
2026-09-05,02:28:49 GMT,V6.2 DIAG | 2 0 10 -0.09999999999999998 0.11428571428571428 0.10000000000000003 -0.26666666666666666 -0.2 -0.65 -0.65 6 2 1 1 0 0 11 0
2026-09-05,02:28:49 GMT,V6.2 BLOCK - final pressure/veto/active/timing gate failed or signal already used
2026-09-05,02:28:49 GMT,SENTINEL V6 MULTI-WINDOW SCAN >>>
2026-09-05,02:28:49 GMT,V6.2 DIAG | 3 0 9 -0.09999999999999998 0.11428571428571428 0.10000000000000003 -0.26666666666666666 -0.2 -0.65 -0.65 5 3 2 1 0 0 11 0
2026-09-05,02:28:48 GMT,V6.2 BLOCK - final pressure/veto/active/timing gate failed or signal already used
2026-09-05,02:28:48 GMT,SENTINEL V6 MULTI-WINDOW SCAN >>>
2026-09-05,02:28:48 GMT,V6.2 DIAG | 1 0 6 -0.09999999999999998 0.05714285714285714 0.10000000000000003 -0.13333333333333336 -0.2 -0.65 0.15000000000000002 4 4 2 1 0 0 11 0
2026-09-05,02:28:47 GMT,V6.2 BLOCK - final pressure/veto/active/timing gate failed or signal already used
2026-09-05,02:28:47 GMT,SENTINEL V6 MULTI-WINDOW SCAN >>>
2026-09-05,02:28:47 GMT,V6.2 DIAG | 2 0 2 -0.050000000000000044 0 0.050000000000000044 0 -0.2 0.15000000000000002 0.1 4 4 2 1 0 0 11 0
2026-09-05,02:28:46 GMT,V6.2 BLOCK - final pressure/veto/active/timing gate failed or signal already used
2026-09-05,02:28:46 GMT,SENTINEL V6 MULTI-WINDOW SCAN >>>
2026-09-05,02:28:46 GMT,V6.2 DIAG | 6 0 2 -0.19999999999999996 -0.028571428571428574 0.2 0.06666666666666668 -0.45 0.9500000000000001 0.1 4 4 2 1 0 0 11 0
2026-09-05,02:28:45 GMT,V6.2 BLOCK - final pressure/veto/active/timing gate failed or signal already used
2026-09-05,02:28:45 GMT,SENTINEL V6 MULTI-WINDOW SCAN >>>
2026-09-05,02:28:45 GMT,V6.2 DIAG | 6 0 2 -0.19999999999999996 -0.08571428571428572 0.2 0.2 -0.45 0.9500000000000001 0.9 4 4 2 1 0 0 11 0
2026-09-05,02:28:44 GMT,V6.2 BLOCK - final pressure/veto/active/timing gate failed or signal already used
2026-09-05,02:28:44 GMT,SENTINEL V6 MULTI-WINDOW SCAN >>>
2026-09-05,02:28:44 GMT,V6.2 DIAG | 9 0 1 -0.35 -0.05714285714285715 0.35 0.13333333333333333 -0.7000000000000001 0.9500000000000001 0.9 3 5 2 1 0 0 11 0
2026-09-05,02:28:43 GMT,V6.2 BLOCK - final pressure/veto/active/timing gate failed or signal already used
2026-09-05,02:28:43 GMT,SENTINEL V6 MULTI-WINDOW SCAN >>>
2026-09-05,02:28:43 GMT,V6.2 DIAG | 8 0 1 -0.4 0 0.39999999999999997 0 -0.7000000000000001 0.7 0.4 4 4 2 1 0 0 11 0
2026-09-05,02:28:41 GMT,V6.2 BLOCK - final pressure/veto/active/timing gate failed or signal already used
2026-09-05,02:28:41 GMT,SENTINEL V6 MULTI-WINDOW SCAN >>>
2026-09-05,02:28:41 GMT,V6.2 DIAG | 8 0 5 -0.44999999999999996 0.05714285714285715 0.44999999999999996 -0.13333333333333333 -0.95 0.2 0.4 4 4 1 1 0 0 11 0
2026-09-05,02:28:41 GMT,V6.2 BLOCK - final pressure/veto/active/timing gate failed or signal already used
2026-09-05,02:28:41 GMT,SENTINEL V6 MULTI-WINDOW SCAN >>>
2026-09-05,02:28:41 GMT,V6.2 DIAG | 9 0 7 -0.35 0.028571428571428574 0.35 -0.06666666666666668 -0.15000000000000002 -0.30000000000000004 0.4 4 4 1 1 0 0 11 0
2026-09-05,02:28:40 GMT,V6.2 BLOCK - final pressure/veto/active/timing gate failed or signal already used
2026-09-05,02:28:40 GMT,SENTINEL V6 MULTI-WINDOW SCAN >>>
2026-09-05,02:28:40 GMT,V6.2 DIAG | 3 0 8 -0.25 0.05714285714285714 0.25 -0.13333333333333336 -0.15000000000000002 -0.30000000000000004 -0.1 4 4 1 1 0 0 11 0
2026-09-05,02:28:39 GMT,V6.2 BLOCK - final pressure/veto/active/timing gate failed or signal already used
2026-09-05,02:28:39 GMT,SENTINEL V6 MULTI-WINDOW SCAN >>>
2026-09-05,02:28:39 GMT,V6.2 DIAG | 2 0 7 -0.4 0.028571428571428574 0.4 -0.06666666666666668 0.4 -0.30000000000000004 -0.1 4 4 1 1 0 0 11 0
2026-09-05,02:28:38 GMT,V6.2 BLOCK - final pressure/veto/active/timing gate failed or signal already used
2026-09-05,02:28:38 GMT,SENTINEL V6 MULTI-WINDOW SCAN >>>
2026-09-05,02:28:38 GMT,V6.2 DIAG | 2 0 2 -0.5499999999999999 0 0.5499999999999999 0 0.4 0.5 -0.35000000000000003 4 4 1 1 0 0 11 0
2026-09-05,02:28:37 GMT,V6.2 BLOCK - final pressure/veto/active/timing gate failed or signal already used
2026-09-05,02:28:37 GMT,SENTINEL V6 MULTI-WINDOW SCAN >>>
2026-09-05,02:28:37 GMT,V6.2 DIAG | 7 0 2 -0.5 -0.05714285714285715 0.5 0.13333333333333333 1.15 0.5 -0.35000000000000003 3 5 1 1 0 0 11 0
2026-09-05,02:28:36 GMT,V6.2 BLOCK - final pressure/veto/active/timing gate failed or signal already used
2026-09-05,02:28:36 GMT,SENTINEL V6 MULTI-WINDOW SCAN >>>
2026-09-05,02:28:36 GMT,V6.2 DIAG | 3 0 3 -0.4 -0.028571428571428574 0.4 0.06666666666666668 0.65 0.5 -0.35000000000000003 3 5 1 1 0 0 11 0
2026-09-05,02:28:35 GMT,V6.2 BLOCK - final pressure/veto/active/timing gate failed or signal already used
2026-09-05,02:28:35 GMT,SENTINEL V6 MULTI-WINDOW SCAN >>>
2026-09-05,02:28:35 GMT,V6.2 DIAG | 7 0 3 -0.4 -0.028571428571428574 0.4 0.06666666666666668 0.65 0.5 -0.35000000000000003 3 5 1 1 0 0 11 0
2026-09-05,02:28:34 GMT,V6.2 BLOCK - final pressure/veto/active/timing gate failed or signal already used
2026-09-05,02:28:34 GMT,SENTINEL V6 MULTI-WINDOW SCAN >>>
2026-09-05,02:28:34 GMT,V6.2 DIAG | 8 0 3 -0.30000000000000004 -0.05714285714285714 0.30000000000000004 0.13333333333333336 0.9500000000000001 0.5 -0.35000000000000003 4 4 1 1 0 0 11 0
2026-09-05,02:28:33 GMT,V6.2 BLOCK - final pressure/veto/active/timing gate failed or signal already used
2026-09-05,02:28:33 GMT,SENTINEL V6 MULTI-WINDOW SCAN >>>
2026-09-05,02:28:33 GMT,V6.2 DIAG | 7 0 5 -0.20000000000000007 -0.08571428571428572 0.19999999999999998 0.2 0.9500000000000001 0 0.45 5 3 0 1 0 0 11 0
2026-09-05,02:28:32 GMT,V6.2 BLOCK - final pressure/veto/active/timing gate failed or signal already used
2026-09-05,02:28:32 GMT,SENTINEL V6 MULTI-WINDOW SCAN >>>
2026-09-05,02:28:32 GMT,V6.2 DIAG | 1 0 5 -0.09999999999999998 -0.057142857142857134 0.1 0.13333333333333333 0.45 0 0.45 6 2 0 1 0 0 11 0
2026-09-05,02:28:31 GMT,V6.2 BLOCK - final pressure/veto/active/timing gate failed or signal already used
2026-09-05,02:28:31 GMT,SENTINEL V6 MULTI-WINDOW SCAN >>>
2026-09-05,02:28:31 GMT,V6.2 DIAG | 1 0 5 -0.09999999999999998 -0.057142857142857134 0.1 0.13333333333333333 0.45 0 0.45 6 2 0 1 0 0 11 0
2026-09-05,02:28:30 GMT,V6.2 BLOCK - final pressure/veto/active/timing gate failed or signal already used
2026-09-05,02:28:30 GMT,SENTINEL V6 MULTI-WINDOW SCAN >>>
2026-09-05,02:28:30 GMT,V6.2 DIAG | 7 0 5 -0.09999999999999998 -0.057142857142857134 0.1 0.13333333333333333 0.45 0 0.45 6 2 0 1 0 0 11 0
2026-09-05,02:28:29 GMT,V6.2 BLOCK - final pressure/veto/active/timing gate failed or signal already used
2026-09-05,02:28:29 GMT,SENTINEL V6 MULTI-WINDOW SCAN >>>
2026-09-05,02:28:29 GMT,V6.2 DIAG | 9 0 8 0.050000000000000044 -0.028571428571428567 -0.04999999999999999 0.06666666666666667 -0.05 -0.05 0.45 7 1 0 1 0 0 11 0
2026-09-05,02:28:28 GMT,V6.2 BLOCK - final pressure/veto/active/timing gate failed or signal already used
2026-09-05,02:28:28 GMT,SENTINEL V6 MULTI-WINDOW SCAN >>>
2026-09-05,02:28:28 GMT,V6.2 DIAG | 4 0 9 0.15000000000000002 0 -0.15 0 -0.05 -0.05 -0.05 8 0 0 0 0 0 11 0
2026-09-05,02:28:27 GMT,V6.2 BLOCK - final pressure/veto/active/timing gate failed or signal already used
2026-09-05,02:28:27 GMT,SENTINEL V6 MULTI-WINDOW SCAN >>>
2026-09-05,02:28:27 GMT,V6.2 DIAG | 4 0 10 0 0.028571428571428567 0 -0.06666666666666667 -0.05 -0.05 -0.30000000000000004 8 0 0 0 0 0 11 0
2026-09-05,02:28:24 GMT,V6.2 BLOCK - final pressure/veto/active/timing gate failed or signal already used
2026-09-05,02:28:24 GMT,SENTINEL V6 MULTI-WINDOW SCAN >>>
2026-09-05,02:28:24 GMT,V6.2 DIAG | 0 0 10 0 0.028571428571428567 0 -0.06666666666666667 -0.05 -0.05 -0.30000000000000004 8 0 0 0 0 0 11 0
2026-09-05,02:28:23 GMT,V6.2 BLOCK - final pressure/veto/active/timing gate failed or signal already used
2026-09-05,02:28:23 GMT,SENTINEL V6 MULTI-WINDOW SCAN >>>
2026-09-05,02:28:23 GMT,V6.2 DIAG | 4 0 10 0 0.028571428571428567 0 -0.06666666666666667 -0.05 -0.05 -0.30000000000000004 7 1 0 0 0 0 11 0
2026-09-05,02:28:23 GMT,V6.2 BLOCK - final pressure/veto/active/timing gate failed or signal already used
2026-09-05,02:28:23 GMT,SENTINEL V6 MULTI-WINDOW SCAN >>>
2026-09-05,02:28:23 GMT,V6.2 DIAG | 3 0 10 0 0.028571428571428567 0 -0.06666666666666667 -0.05 -0.05 -0.30000000000000004 7 1 0 0 0 0 11 0
2026-09-05,02:28:22 GMT,V6.2 BLOCK - final pressure/veto/active/timing gate failed or signal already used
2026-09-05,02:28:22 GMT,SENTINEL V6 MULTI-WINDOW SCAN >>>
2026-09-05,02:28:22 GMT,V6.2 DIAG | 4 0 12 0.050000000000000044 0.028571428571428567 -0.04999999999999999 -0.06666666666666667 -0.05 -0.05 -0.35000000000000003 7 1 0 0 1 0 11 0
2026-09-05,02:28:21 GMT,V6.2 BLOCK - final pressure/veto/active/timing gate failed or signal already used
2026-09-05,02:28:21 GMT,SENTINEL V6 MULTI-WINDOW SCAN >>>
2026-09-05,02:28:21 GMT,V6.2 DIAG | 4 0 8 0.050000000000000044 -0.028571428571428567 -0.04999999999999999 0.06666666666666667 -0.05 -0.05 0.45 7 1 0 0 0 0 11 0
2026-09-05,02:28:20 GMT,V6.2 BLOCK - final pressure/veto/active/timing gate failed or signal already used
2026-09-05,02:28:20 GMT,SENTINEL V6 MULTI-WINDOW SCAN >>>
2026-09-05,02:28:20 GMT,V6.2 DIAG | 4 0 8 0.050000000000000044 -0.028571428571428567 -0.04999999999999999 0.06666666666666667 -0.05 -0.05 0.45 7 1 0 0 0 0 11 0
2026-09-05,02:28:20 GMT,V6.2 BLOCK - final pressure/veto/active/timing gate failed or signal already used
2026-09-05,02:28:20 GMT,SENTINEL V6 MULTI-WINDOW SCAN >>>
2026-09-05,02:28:20 GMT,V6.2 DIAG | 1 0 8 0.050000000000000044 -0.028571428571428567 -0.04999999999999999 0.06666666666666667 -0.05 -0.05 0.45 7 1 0 0 0 0 11 0
2026-09-05,02:28:19 GMT,Profit amount: 1.53
2026-09-05,02:28:19 GMT,V6.2 DIAG | 6 0 8 0.050000000000000044 -0.028571428571428567 -0.04999999999999999 0.06666666666666667 -0.05 -0.05 0.45 7 1 0 1 0 0 10 0
2026-09-05,02:28:18 GMT,V6.2 DIAG | 9 0 8 0.09999999999999998 -0.028571428571428567 -0.1 0.06666666666666667 -0.05 -0.05 0.4 7 1 0 0 0 0 10 0
2026-09-05,02:28:17 GMT,V6.2 DIAG | 0 0 12 0.09999999999999998 0.028571428571428567 -0.1 -0.06666666666666667 -0.30000000000000004 -0.1 -0.1 8 0 0 0 1 0 10 1
2026-09-05,02:28:17 GMT,V6.2 DIAG | 4 0 12 0.09999999999999998 0.028571428571428567 -0.1 -0.06666666666666667 -0.30000000000000004 -0.1 -0.1 8 0 0 0 1 0 10 0
2026-09-05,02:28:17 GMT,Bought: (ID: 22521401379)
2026-09-05,02:28:15 GMT,SENTINEL V6 MULTI-WINDOW SCAN >>>
2026-09-05,02:28:15 GMT,V6.2 DIAG | 6 1 12 0.09999999999999998 0.028571428571428567 -0.1 -0.06666666666666667 -0.30000000000000004 -0.1 -0.1 7 1 0 0 1 1 10 1
2026-09-05,02:28:14 GMT,V6.2 BLOCK - final pressure/veto/active/timing gate failed or signal already used
2026-09-05,02:28:14 GMT,SENTINEL V6 MULTI-WINDOW SCAN >>>
2026-09-05,02:28:14 GMT,V6.2 DIAG | 5 0 12 0.09999999999999998 0.028571428571428567 -0.1 -0.06666666666666667 -0.30000000000000004 -0.1 -0.1 7 1 0 0 1 0 10 1
2026-09-05,02:28:13 GMT,V6.2 BLOCK - final pressure/veto/active/timing gate failed or signal already used
2026-09-05,02:28:13 GMT,SENTINEL V6 MULTI-WINDOW SCAN >>>
2026-09-05,02:28:13 GMT,V6.2 DIAG | 5 0 12 0.09999999999999998 0.028571428571428567 -0.1 -0.06666666666666667 -0.30000000000000004 -0.1 -0.1 7 1 0 0 1 0 10 0
2026-09-05,02:28:12 GMT,V6.2 BLOCK - final pressure/veto/active/timing gate failed or signal already used
2026-09-05,02:28:12 GMT,SENTINEL V6 MULTI-WINDOW SCAN >>>
2026-09-05,02:28:12 GMT,V6.2 DIAG | 6 0 8 0.09999999999999998 -0.028571428571428567 -0.1 0.06666666666666667 0.5 -0.1 -0.1 7 1 0 0 0 0 10 0
2026-09-05,02:28:11 GMT,V6.2 BLOCK - final pressure/veto/active/timing gate failed or signal already used
2026-09-05,02:28:11 GMT,SENTINEL V6 MULTI-WINDOW SCAN >>>
2026-09-05,02:28:11 GMT,V6.2 DIAG | 5 0 8 0.09999999999999998 -0.028571428571428567 -0.1 0.06666666666666667 0.5 -0.1 -0.1 7 1 0 0 0 0 10 0
2026-09-05,02:28:10 GMT,V6.2 BLOCK - final pressure/veto/active/timing gate failed or signal already used
2026-09-05,02:28:10 GMT,SENTINEL V6 MULTI-WINDOW SCAN >>>
2026-09-05,02:28:10 GMT,V6.2 DIAG | 6 0 8 0.09999999999999998 -0.028571428571428567 -0.1 0.06666666666666667 0.5 -0.1 -0.1 7 1 0 0 0 0 10 0
2026-09-05,02:28:09 GMT,V6.2 BLOCK - final pressure/veto/active/timing gate failed or signal already used
2026-09-05,02:28:09 GMT,SENTINEL V6 MULTI-WINDOW SCAN >>>
2026-09-05,02:28:09 GMT,V6.2 DIAG | 5 0 6 -0.04999999999999993 0 0.05000000000000002 0 0.5 -0.35000000000000003 -0.1 7 1 0 1 0 0 10 0
2026-09-05,02:28:08 GMT,V6.2 BLOCK - final pressure/veto/active/timing gate failed or signal already used
2026-09-05,02:28:08 GMT,SENTINEL V6 MULTI-WINDOW SCAN >>>
2026-09-05,02:28:08 GMT,V6.2 DIAG | 7 0 6 -0.04999999999999993 0 0.05000000000000002 0 0.5 -0.35000000000000003 -0.1 7 1 0 1 0 0 10 0
2026-09-05,02:28:07 GMT,V6.2 BLOCK - final pressure/veto/active/timing gate failed or signal already used
2026-09-05,02:28:07 GMT,SENTINEL V6 MULTI-WINDOW SCAN >>>
2026-09-05,02:28:07 GMT,V6.2 DIAG | 1 0 12 0.050000000000000044 0.028571428571428567 -0.04999999999999999 -0.06666666666666667 0 -0.35000000000000003 -0.1 7 1 1 0 1 0 10 0
2026-09-05,02:28:05 GMT,V6.2 BLOCK - final pressure/veto/active/timing gate failed or signal already used
2026-09-05,02:28:05 GMT,SENTINEL V6 MULTI-WINDOW SCAN >>>
2026-09-05,02:28:05 GMT,V6.2 DIAG | 6 0 12 0.050000000000000044 0.028571428571428567 -0.04999999999999999 -0.06666666666666667 0 -0.35000000000000003 -0.1 7 1 1 1 1 0 10 0
2026-09-05,02:28:04 GMT,V6.2 BLOCK - final pressure/veto/active/timing gate failed or signal already used
2026-09-05,02:28:04 GMT,SENTINEL V6 MULTI-WINDOW SCAN >>>
2026-09-05,02:28:04 GMT,V6.2 DIAG | 0 0 12 0.09999999999999998 0.028571428571428567 -0.1 -0.06666666666666667 0 -0.4 -0.1 7 1 1 0 1 0 10 0
2026-09-05,02:28:03 GMT,V6.2 BLOCK - final pressure/veto/active/timing gate failed or signal already used
2026-09-05,02:28:03 GMT,SENTINEL V6 MULTI-WINDOW SCAN >>>
2026-09-05,02:28:03 GMT,V6.2 DIAG | 1 0 8 0.15000000000000002 -0.028571428571428567 -0.15 0.06666666666666667 0 0.35000000000000003 -0.1 7 1 1 1 0 0 10 0
2026-09-05,02:28:03 GMT,V6.2 BLOCK - final pressure/veto/active/timing gate failed or signal already used
2026-09-05,02:28:03 GMT,SENTINEL V6 MULTI-WINDOW SCAN >>>
2026-09-05,02:28:03 GMT,V6.2 DIAG | 0 0 6 0 0 0 0 0 0.35000000000000003 -0.35000000000000003 7 1 1 1 0 0 10 0
2026-09-05,02:28:02 GMT,V6.2 BLOCK - final pressure/veto/active/timing gate failed or signal already used
2026-09-05,02:28:02 GMT,SENTINEL V6 MULTI-WINDOW SCAN >>>
2026-09-05,02:28:02 GMT,V6.2 DIAG | 6 0 6 0 0 0 0 0 0.35000000000000003 -0.35000000000000003 7 1 1 1 0 0 10 0
2026-09-05,02:28:01 GMT,V6.2 BLOCK - final pressure/veto/active/timing gate failed or signal already used
2026-09-05,02:28:01 GMT,SENTINEL V6 MULTI-WINDOW SCAN >>>
2026-09-05,02:28:01 GMT,V6.2 DIAG | 2 0 6 0 0 0 0 0 0.35000000000000003 -0.35000000000000003 6 2 1 1 0 0 10 0
2026-09-05,02:28:00 GMT,V6.2 BLOCK - final pressure/veto/active/timing gate failed or signal already used
2026-09-05,02:28:00 GMT,SENTINEL V6 MULTI-WINDOW SCAN >>>
2026-09-05,02:28:00 GMT,V6.2 DIAG | 8 0 6 0 0 0 0 0 0.35000000000000003 -0.35000000000000003 6 2 1 1 0 0 10 0
2026-09-05,02:27:59 GMT,V6.2 BLOCK - final pressure/veto/active/timing gate failed or signal already used
2026-09-05,02:27:59 GMT,SENTINEL V6 MULTI-WINDOW SCAN >>>
2026-09-05,02:27:59 GMT,V6.2 DIAG | 1 0 12 0.09999999999999998 0.028571428571428567 -0.1 -0.06666666666666667 0 -0.15 -0.35000000000000003 7 1 0 0 1 0 10 0
2026-09-05,02:27:58 GMT,V6.2 BLOCK - final pressure/veto/active/timing gate failed or signal already used
2026-09-05,02:27:58 GMT,SENTINEL V6 MULTI-WINDOW SCAN >>>
2026-09-05,02:27:58 GMT,V6.2 DIAG | 3 0 6 0 0 0 0 -0.05 -0.15 0.2 7 1 0 1 0 0 10 0
2026-09-05,02:27:57 GMT,V6.2 BLOCK - final pressure/veto/active/timing gate failed or signal already used
2026-09-05,02:27:57 GMT,SENTINEL V6 MULTI-WINDOW SCAN >>>
2026-09-05,02:27:57 GMT,V6.2 DIAG | 6 0 9 -0.15000000000000002 0.028571428571428567 0.15 -0.06666666666666667 -0.05 -0.4 0.2 7 1 0 1 0 0 10 0
2026-09-05,02:27:55 GMT,V6.2 BLOCK - final pressure/veto/active/timing gate failed or signal already used
2026-09-05,02:27:55 GMT,SENTINEL V6 MULTI-WINDOW SCAN >>>
2026-09-05,02:27:55 GMT,V6.2 DIAG | 6 0 9 -0.15000000000000002 0.028571428571428567 0.15 -0.06666666666666667 -0.05 -0.4 0.2 6 2 0 1 0 0 10 0
2026-09-05,02:27:54 GMT,V6.2 BLOCK - final pressure/veto/active/timing gate failed or signal already used
2026-09-05,02:27:54 GMT,SENTINEL V6 MULTI-WINDOW SCAN >>>
2026-09-05,02:27:54 GMT,V6.2 DIAG | 0 0 9 -0.10000000000000009 0.028571428571428567 0.09999999999999998 -0.06666666666666667 -0.1 -0.4 0.2 5 3 1 1 0 0 10 0
2026-09-05,02:27:53 GMT,V6.2 BLOCK - final pressure/veto/active/timing gate failed or signal already used
2026-09-05,02:27:53 GMT,SENTINEL V6 MULTI-WINDOW SCAN >>>
2026-09-05,02:27:53 GMT,V6.2 DIAG | 9 0 9 -0.050000000000000044 0.028571428571428567 0.04999999999999999 -0.06666666666666667 -0.1 -0.4 0.15000000000000002 5 3 1 1 0 0 10 0
2026-09-05,02:27:52 GMT,V6.2 BLOCK - final pressure/veto/active/timing gate failed or signal already used
2026-09-05,02:27:52 GMT,SENTINEL V6 MULTI-WINDOW SCAN >>>
2026-09-05,02:27:52 GMT,V6.2 DIAG | 0 0 8 0.050000000000000044 0 -0.04999999999999999 0 -0.1 -0.4 0.45 6 2 1 0 0 0 10 0
2026-09-05,02:27:51 GMT,V6.2 BLOCK - final pressure/veto/active/timing gate failed or signal already used
2026-09-05,02:27:51 GMT,SENTINEL V6 MULTI-WINDOW SCAN >>>
2026-09-05,02:27:51 GMT,V6.2 DIAG | 1 0 7 0.10000000000000009 -0.057142857142857134 -0.09999999999999998 0.13333333333333333 -0.1 0.35000000000000003 0.45 6 2 1 1 0 0 10 0
2026-09-05,02:27:51 GMT,V6.2 BLOCK - final pressure/veto/active/timing gate failed or signal already used
2026-09-05,02:27:51 GMT,SENTINEL V6 MULTI-WINDOW SCAN >>>
2026-09-05,02:27:51 GMT,V6.2 DIAG | 4 0 7 0.15000000000000002 -0.057142857142857134 -0.14999999999999997 0.13333333333333333 -0.1 0.35000000000000003 0.4 6 2 1 1 0 0 10 0
2026-09-05,02:27:50 GMT,V6.2 BLOCK - final pressure/veto/active/timing gate failed or signal already used
2026-09-05,02:27:50 GMT,SENTINEL V6 MULTI-WINDOW SCAN >>>
2026-09-05,02:27:50 GMT,V6.2 DIAG | 3 0 7 0.15000000000000002 -0.057142857142857134 -0.14999999999999997 0.13333333333333333 -0.1 0.35000000000000003 0.4 6 2 1 1 0 0 10 0
2026-09-05,02:27:49 GMT,V6.2 BLOCK - final pressure/veto/active/timing gate failed or signal already used
2026-09-05,02:27:49 GMT,SENTINEL V6 MULTI-WINDOW SCAN >>>
2026-09-05,02:27:49 GMT,V6.2 DIAG | 9 0 7 0.20000000000000007 -0.057142857142857134 -0.2 0.13333333333333333 -0.1 0.35000000000000003 0.35000000000000003 6 2 1 1 0 0 10 0
2026-09-05,02:27:48 GMT,V6.2 BLOCK - final pressure/veto/active/timing gate failed or signal already used
2026-09-05,02:27:48 GMT,SENTINEL V6 MULTI-WINDOW SCAN >>>
2026-09-05,02:27:48 GMT,V6.2 DIAG | 8 0 8 0.30000000000000004 -0.028571428571428567 -0.30000000000000004 0.06666666666666667 -0.1 0.35000000000000003 -0.15 7 1 1 1 0 0 10 0
2026-09-05,02:27:47 GMT,V6.2 BLOCK - final pressure/veto/active/timing gate failed or signal already used
2026-09-05,02:27:47 GMT,SENTINEL V6 MULTI-WINDOW SCAN >>>
2026-09-05,02:27:47 GMT,V6.2 DIAG | 2 0 9 0.4 0 -0.4 0 -0.1 -0.15 -0.15 8 0 0 0 0 0 10 0
2026-09-05,02:27:46 GMT,V6.2 BLOCK - final pressure/veto/active/timing gate failed or signal already used
2026-09-05,02:27:46 GMT,SENTINEL V6 MULTI-WINDOW SCAN >>>
2026-09-05,02:27:46 GMT,V6.2 DIAG | 1 0 9 0.44999999999999996 0 -0.45 0 -0.15 -0.15 -0.15 8 0 0 0 0 0 10 0
2026-09-05,02:27:45 GMT,V6.2 BLOCK - final pressure/veto/active/timing gate failed or signal already used
2026-09-05,02:27:45 GMT,SENTINEL V6 MULTI-WINDOW SCAN >>>
2026-09-05,02:27:45 GMT,V6.2 DIAG | 5 0 12 0.30000000000000004 0.028571428571428567 -0.30000000000000004 -0.06666666666666667 -0.15 -0.4 -0.15 8 0 0 0 0 0 10 0
2026-09-05,02:27:44 GMT,V6.2 BLOCK - final pressure/veto/active/timing gate failed or signal already used
2026-09-05,02:27:44 GMT,SENTINEL V6 MULTI-WINDOW SCAN >>>
2026-09-05,02:27:44 GMT,V6.2 DIAG | 0 1 12 0.20000000000000007 0.057142857142857134 -0.2 -0.13333333333333333 -0.15 -0.65 -0.2 8 0 0 0 1 0 10 0
2026-09-05,02:27:43 GMT,V6.2 BLOCK - final pressure/veto/active/timing gate failed or signal already used
2026-09-05,02:27:43 GMT,SENTINEL V6 MULTI-WINDOW SCAN >>>
2026-09-05,02:27:43 GMT,V6.2 DIAG | 6 0 12 0.25 0.057142857142857134 -0.25 -0.13333333333333333 -0.15 -0.7000000000000001 -0.2 7 1 1 0 1 0 10 1
2026-09-05,02:27:42 GMT,V6.2 BLOCK - final pressure/veto/active/timing gate failed or signal already used
2026-09-05,02:27:42 GMT,SENTINEL V6 MULTI-WINDOW SCAN >>>
2026-09-05,02:27:42 GMT,V6.2 DIAG | 2 0 11 0.25 0.057142857142857134 -0.25 -0.13333333333333333 -0.15 -0.7000000000000001 -0.2 6 2 2 0 1 0 10 0
2026-09-05,02:27:41 GMT,V6.2 BLOCK - final pressure/veto/active/timing gate failed or signal already used
2026-09-05,02:27:41 GMT,SENTINEL V6 MULTI-WINDOW SCAN >>>
2026-09-05,02:27:41 GMT,V6.2 DIAG | 5 0 11 0.25 0.057142857142857134 -0.25 -0.13333333333333333 -0.15 -0.7000000000000001 -0.2 6 2 2 0 1 0 10 0
2026-09-05,02:27:40 GMT,V6.2 BLOCK - final pressure/veto/active/timing gate failed or signal already used
2026-09-05,02:27:40 GMT,SENTINEL V6 MULTI-WINDOW SCAN >>>
2026-09-05,02:27:40 GMT,V6.2 DIAG | 2 0 7 0.30000000000000004 0 -0.3 0 -0.15 0.1 -0.25 6 2 2 0 0 0 10 0
2026-09-05,02:27:39 GMT,V6.2 BLOCK - final pressure/veto/active/timing gate failed or signal already used
2026-09-05,02:27:39 GMT,SENTINEL V6 MULTI-WINDOW SCAN >>>
2026-09-05,02:27:39 GMT,V6.2 DIAG | 5 0 7 0.30000000000000004 -0.057142857142857134 -0.3 0.13333333333333333 -0.15 0.9 -0.25 6 2 2 1 0 0 10 0
2026-09-05,02:27:38 GMT,V6.2 BLOCK - final pressure/veto/active/timing gate failed or signal already used
2026-09-05,02:27:38 GMT,SENTINEL V6 MULTI-WINDOW SCAN >>>
2026-09-05,02:27:38 GMT,V6.2 DIAG | 1 0 7 0.1499999999999999 -0.028571428571428567 -0.15000000000000002 0.06666666666666667 -0.4 0.9 -0.25 6 2 2 1 0 0 10 0
2026-09-05,02:27:37 GMT,V6.2 BLOCK - final pressure/veto/active/timing gate failed or signal already used
2026-09-05,02:27:37 GMT,SENTINEL V6 MULTI-WINDOW SCAN >>>
2026-09-05,02:27:37 GMT,V6.2 DIAG | 4 0 7 0.1499999999999999 -0.028571428571428567 -0.15000000000000002 0.06666666666666667 -0.4 0.9 -0.25 6 2 2 1 0 0 10 0
2026-09-05,02:27:35 GMT,V6.2 BLOCK - final pressure/veto/active/timing gate failed or signal already used
2026-09-05,02:27:35 GMT,SENTINEL V6 MULTI-WINDOW SCAN >>>
2026-09-05,02:27:35 GMT,V6.2 DIAG | 8 0 7 0.1499999999999999 -0.028571428571428567 -0.15000000000000002 0.06666666666666667 -0.4 0.9 -0.25 5 3 2 1 0 0 10 0
2026-09-05,02:27:34 GMT,V6.2 BLOCK - final pressure/veto/active/timing gate failed or signal already used
2026-09-05,02:27:34 GMT,SENTINEL V6 MULTI-WINDOW SCAN >>>
2026-09-05,02:27:34 GMT,V6.2 DIAG | 8 0 11 0.1499999999999999 0.028571428571428567 -0.15000000000000002 -0.06666666666666667 -0.7000000000000001 0.4 -0.25 6 2 1 1 0 0 10 0
2026-09-05,02:27:33 GMT,V6.2 BLOCK - final pressure/veto/active/timing gate failed or signal already used
2026-09-05,02:27:33 GMT,SENTINEL V6 MULTI-WINDOW SCAN >>>
2026-09-05,02:27:33 GMT,V6.2 DIAG | 3 0 12 0.1499999999999999 0.08571428571428572 -0.15000000000000002 -0.2 -0.75 -0.1 -0.5 7 1 0 0 1 0 10 0
2026-09-05,02:27:32 GMT,V6.2 BLOCK - final pressure/veto/active/timing gate failed or signal already used
2026-09-05,02:27:32 GMT,SENTINEL V6 MULTI-WINDOW SCAN >>>
2026-09-05,02:27:32 GMT,V6.2 DIAG | 6 0 11 0.1499999999999999 0.028571428571428567 -0.15000000000000002 -0.06666666666666667 0.05000000000000002 -0.1 -0.5 6 2 0 0 0 0 10 0
2026-09-05,02:27:31 GMT,V6.2 BLOCK - final pressure/veto/active/timing gate failed or signal already used
2026-09-05,02:27:31 GMT,SENTINEL V6 MULTI-WINDOW SCAN >>>
2026-09-05,02:27:31 GMT,V6.2 DIAG | 5 0 9 0 0.05714285714285714 0 -0.13333333333333336 0.05000000000000002 -0.35000000000000003 -0.5 5 3 0 1 0 0 10 0
2026-09-05,02:27:30 GMT,V6.2 BLOCK - final pressure/veto/active/timing gate failed or signal already used
2026-09-05,02:27:30 GMT,SENTINEL V6 MULTI-WINDOW SCAN >>>
2026-09-05,02:27:30 GMT,V6.2 DIAG | 1 0 9 -0.15000000000000002 0.08571428571428572 0.15000000000000002 -0.2 0.05000000000000002 -0.35000000000000003 -0.75 5 3 0 1 0 0 10 0
2026-09-05,02:27:29 GMT,V6.2 BLOCK - final pressure/veto/active/timing gate failed or signal already used
2026-09-05,02:27:29 GMT,SENTINEL V6 MULTI-WINDOW SCAN >>>
2026-09-05,02:27:29 GMT,V6.2 DIAG | 5 0 7 -0.09999999999999998 0.028571428571428574 0.09999999999999998 -0.06666666666666668 0.8500000000000001 -0.4 -0.75 4 4 1 1 0 0 10 0
2026-09-05,02:27:28 GMT,V6.2 BLOCK - final pressure/veto/active/timing gate failed or signal already used
2026-09-05,02:27:28 GMT,SENTINEL V6 MULTI-WINDOW SCAN >>>
2026-09-05,02:27:28 GMT,V6.2 DIAG | 7 0 3 -0.25 0 0.25 0 0.8500000000000001 -0.4 -0.20000000000000004 3 5 1 1 0 0 10 0
2026-09-05,02:27:27 GMT,V6.2 BLOCK - final pressure/veto/active/timing gate failed or signal already used
2026-09-05,02:27:27 GMT,SENTINEL V6 MULTI-WINDOW SCAN >>>
2026-09-05,02:27:27 GMT,V6.2 DIAG | 4 0 7 -0.15000000000000002 0.028571428571428574 0.15000000000000002 -0.06666666666666668 0.35000000000000003 -0.4 -0.20000000000000004 4 4 1 1 0 0 10 0
2026-09-05,02:27:27 GMT,V6.2 BLOCK - final pressure/veto/active/timing gate failed or signal already used
2026-09-05,02:27:27 GMT,SENTINEL V6 MULTI-WINDOW SCAN >>>
2026-09-05,02:27:27 GMT,V6.2 DIAG | 4 0 3 -0.09999999999999998 -0.028571428571428574 0.09999999999999998 0.06666666666666668 0.35000000000000003 0.35000000000000003 -0.20000000000000004 3 5 1 1 0 0 10 0
2026-09-05,02:27:25 GMT,V6.2 BLOCK - final pressure/veto/active/timing gate failed or signal already used
2026-09-05,02:27:25 GMT,SENTINEL V6 MULTI-WINDOW SCAN >>>
2026-09-05,02:27:25 GMT,V6.2 DIAG | 7 0 1 -0.25 -0.05714285714285715 0.25 0.13333333333333333 0.1 0.35000000000000003 0.6 3 5 1 1 0 0 10 0
2026-09-05,02:27:24 GMT,V6.2 BLOCK - final pressure/veto/active/timing gate failed or signal already used
2026-09-05,02:27:24 GMT,SENTINEL V6 MULTI-WINDOW SCAN >>>
2026-09-05,02:27:24 GMT,V6.2 DIAG | 9 0 3 -0.09999999999999998 -0.028571428571428574 0.09999999999999998 0.06666666666666668 -0.4 0.35000000000000003 0.55 4 4 1 1 0 0 10 0
2026-09-05,02:27:23 GMT,V6.2 BLOCK - final pressure/veto/active/timing gate failed or signal already used
2026-09-05,02:27:23 GMT,SENTINEL V6 MULTI-WINDOW SCAN >>>
2026-09-05,02:27:23 GMT,V6.2 DIAG | 5 0 3 -0.15000000000000002 -0.028571428571428574 0.15000000000000002 0.06666666666666668 -0.4 0.35000000000000003 0.6 4 4 1 1 0 0 10 0
2026-09-05,02:27:22 GMT,V6.2 BLOCK - final pressure/veto/active/timing gate failed or signal already used
2026-09-05,02:27:22 GMT,SENTINEL V6 MULTI-WINDOW SCAN >>>
2026-09-05,02:27:22 GMT,V6.2 DIAG | 8 0 2 -0.25 0 0.25 0 -0.4 0.1 0.55 4 4 1 1 0 0 10 0
2026-09-05,02:27:21 GMT,V6.2 BLOCK - final pressure/veto/active/timing gate failed or signal already used
2026-09-05,02:27:21 GMT,SENTINEL V6 MULTI-WINDOW SCAN >>>
2026-09-05,02:27:21 GMT,V6.2 DIAG | 9 0 7 -0.09999999999999998 0.028571428571428574 0.09999999999999998 -0.06666666666666668 -0.4 -0.4 0.5 4 4 0 1 0 0 10 0
2026-09-05,02:27:20 GMT,V6.2 BLOCK - final pressure/veto/active/timing gate failed or signal already used
2026-09-05,02:27:20 GMT,SENTINEL V6 MULTI-WINDOW SCAN >>>
2026-09-05,02:27:20 GMT,V6.2 DIAG | 0 0 4 0 0 0 0 0.4 -0.4 0 4 4 1 1 0 0 10 0
2026-09-05,02:27:19 GMT,V6.2 BLOCK - final pressure/veto/active/timing gate failed or signal already used
2026-09-05,02:27:19 GMT,SENTINEL V6 MULTI-WINDOW SCAN >>>
2026-09-05,02:27:19 GMT,V6.2 DIAG | 9 0 7 -0.15000000000000002 0.028571428571428574 0.15000000000000002 -0.06666666666666668 0.4 -0.4 -0.25 4 4 1 1 0 0 10 0
2026-09-05,02:27:19 GMT,V6.2 BLOCK - final pressure/veto/active/timing gate failed or signal already used
2026-09-05,02:27:19 GMT,SENTINEL V6 MULTI-WINDOW SCAN >>>
2026-09-05,02:27:19 GMT,V6.2 DIAG | 1 0 5 -0.050000000000000044 0 0.050000000000000044 0 0.4 -0.4 0.05000000000000002 5 3 1 1 0 0 10 0
2026-09-05,02:27:17 GMT,V6.2 BLOCK - final pressure/veto/active/timing gate failed or signal already used
2026-09-05,02:27:17 GMT,SENTINEL V6 MULTI-WINDOW SCAN >>>
2026-09-05,02:27:17 GMT,V6.2 DIAG | 4 0 2 -0.050000000000000044 -0.05714285714285714 0.050000000000000044 0.13333333333333336 0.4 0.4 0.05000000000000002 4 4 1 1 0 0 10 0
2026-09-05,02:27:17 GMT,V6.2 BLOCK - final pressure/veto/active/timing gate failed or signal already used
2026-09-05,02:27:17 GMT,SENTINEL V6 MULTI-WINDOW SCAN >>>
2026-09-05,02:27:17 GMT,V6.2 DIAG | 7 0 2 -0.050000000000000044 -0.05714285714285714 0.050000000000000044 0.13333333333333336 0.4 0.4 0.05000000000000002 4 4 1 1 0 0 10 0
2026-09-05,02:27:16 GMT,V6.2 BLOCK - final pressure/veto/active/timing gate failed or signal already used
2026-09-05,02:27:16 GMT,SENTINEL V6 MULTI-WINDOW SCAN >>>
2026-09-05,02:27:16 GMT,V6.2 DIAG | 0 0 6 0.04999999999999993 -0.028571428571428567 -0.04999999999999999 0.06666666666666667 -0.1 0.4 0.05000000000000002 5 3 1 1 0 0 10 0
2026-09-05,02:27:15 GMT,V6.2 BLOCK - final pressure/veto/active/timing gate failed or signal already used
2026-09-05,02:27:15 GMT,SENTINEL V6 MULTI-WINDOW SCAN >>>
2026-09-05,02:27:15 GMT,V6.2 DIAG | 9 0 5 -0.050000000000000044 -0.05714285714285714 0.050000000000000044 0.13333333333333336 -0.4 0.4 0.8500000000000001 5 3 1 1 0 0 10 0
2026-09-05,02:27:14 GMT,V6.2 BLOCK - final pressure/veto/active/timing gate failed or signal already used
2026-09-05,02:27:14 GMT,SENTINEL V6 MULTI-WINDOW SCAN >>>
2026-09-05,02:27:14 GMT,V6.2 DIAG | 8 0 5 -0.09999999999999998 0 0.10000000000000003 0 -0.65 0.4 0.35000000000000003 6 2 1 1 0 0 10 0
2026-09-05,02:27:13 GMT,V6.2 BLOCK - final pressure/veto/active/timing gate failed or signal already used
2026-09-05,02:27:13 GMT,SENTINEL V6 MULTI-WINDOW SCAN >>>
2026-09-05,02:27:13 GMT,V6.2 DIAG | 4 0 9 0 0.028571428571428567 0 -0.06666666666666667 -0.65 -0.1 0.35000000000000003 6 2 0 0 0 0 10 0
2026-09-05,02:27:12 GMT,V6.2 BLOCK - final pressure/veto/active/timing gate failed or signal already used
2026-09-05,02:27:12 GMT,SENTINEL V6 MULTI-WINDOW SCAN >>>
2026-09-05,02:27:12 GMT,V6.2 DIAG | 2 0 9 0 0.028571428571428567 0 -0.06666666666666667 -0.65 -0.1 0.35000000000000003 5 3 0 0 0 0 10 0
2026-09-05,02:27:11 GMT,V6.2 BLOCK - final pressure/veto/active/timing gate failed or signal already used
2026-09-05,02:27:11 GMT,SENTINEL V6 MULTI-WINDOW SCAN >>>
2026-09-05,02:27:11 GMT,V6.2 DIAG | 9 0 9 0 0.028571428571428567 0 -0.06666666666666667 -0.65 -0.1 0.35000000000000003 5 3 0 0 0 0 10 0
2026-09-05,02:27:10 GMT,V6.2 BLOCK - final pressure/veto/active/timing gate failed or signal already used
2026-09-05,02:27:10 GMT,SENTINEL V6 MULTI-WINDOW SCAN >>>
2026-09-05,02:27:10 GMT,V6.2 DIAG | 2 0 9 -0.050000000000000044 0.028571428571428567 0.04999999999999999 -0.06666666666666667 0.15000000000000002 -0.35000000000000003 -0.15 6 2 0 1 0 0 10 0
2026-09-05,02:27:09 GMT,V6.2 BLOCK - final pressure/veto/active/timing gate failed or signal already used
2026-09-05,02:27:09 GMT,SENTINEL V6 MULTI-WINDOW SCAN >>>
2026-09-05,02:27:09 GMT,V6.2 DIAG | 4 0 6 -0.050000000000000044 -0.028571428571428567 0.04999999999999999 0.06666666666666667 0.9500000000000001 -0.35000000000000003 -0.15 6 2 0 1 0 0 10 0
2026-09-05,02:27:08 GMT,V6.2 BLOCK - final pressure/veto/active/timing gate failed or signal already used
2026-09-05,02:27:08 GMT,SENTINEL V6 MULTI-WINDOW SCAN >>>
2026-09-05,02:27:08 GMT,V6.2 DIAG | 2 0 6 -0.050000000000000044 -0.028571428571428567 0.04999999999999999 0.06666666666666667 0.9500000000000001 -0.35000000000000003 -0.15 5 3 1 1 0 0 10 0
2026-09-05,02:27:07 GMT,V6.2 BLOCK - final pressure/veto/active/timing gate failed or signal already used
2026-09-05,02:27:07 GMT,SENTINEL V6 MULTI-WINDOW SCAN >>>
2026-09-05,02:27:07 GMT,V6.2 DIAG | 2 0 6 -0.20000000000000007 0 0.2 0 0.9500000000000001 -0.6000000000000001 -0.15 5 3 1 1 0 0 10 0
2026-09-05,02:27:06 GMT,V6.2 BLOCK - final pressure/veto/active/timing gate failed or signal already used
2026-09-05,02:27:06 GMT,SENTINEL V6 MULTI-WINDOW SCAN >>>
2026-09-05,02:27:06 GMT,V6.2 DIAG | 7 0 6 -0.20000000000000007 0 0.2 0 0.9500000000000001 -0.6000000000000001 -0.15 5 3 1 1 0 0 10 0
2026-09-05,02:27:05 GMT,V6.2 BLOCK - final pressure/veto/active/timing gate failed or signal already used
2026-09-05,02:27:05 GMT,SENTINEL V6 MULTI-WINDOW SCAN >>>
2026-09-05,02:27:05 GMT,V6.2 DIAG | 7 0 4 -0.25 0 0.25 0 0.45 0.2 -0.4 5 3 2 1 0 0 10 0
2026-09-05,02:27:04 GMT,V6.2 BLOCK - final pressure/veto/active/timing gate failed or signal already used
2026-09-05,02:27:04 GMT,SENTINEL V6 MULTI-WINDOW SCAN >>>
2026-09-05,02:27:04 GMT,V6.2 DIAG | 6 0 8 -0.10000000000000009 0.028571428571428567 0.09999999999999998 -0.06666666666666667 -0.1 0.2 -0.4 6 2 2 1 0 0 10 0
2026-09-05,02:27:03 GMT,V6.2 BLOCK - final pressure/veto/active/timing gate failed or signal already used
2026-09-05,02:27:03 GMT,SENTINEL V6 MULTI-WINDOW SCAN >>>
2026-09-05,02:27:03 GMT,V6.2 DIAG | 3 0 8 -0.20000000000000007 0.05714285714285714 0.2 -0.13333333333333336 -0.15 0.2 -0.65 5 3 2 1 0 0 10 0
2026-09-05,02:27:02 GMT,V6.2 BLOCK - final pressure/veto/active/timing gate failed or signal already used
2026-09-05,02:27:02 GMT,SENTINEL V6 MULTI-WINDOW SCAN >>>
2026-09-05,02:27:02 GMT,V6.2 DIAG | 3 0 8 -0.35 0.028571428571428574 0.35 -0.06666666666666668 -0.15 1 -0.8999999999999999 5 3 2 1 0 0 10 0
2026-09-05,02:27:01 GMT,V6.2 BLOCK - final pressure/veto/active/timing gate failed or signal already used
2026-09-05,02:27:01 GMT,SENTINEL V6 MULTI-WINDOW SCAN >>>
2026-09-05,02:27:01 GMT,V6.2 DIAG | 8 0 6 -0.35 0.028571428571428574 0.35 -0.06666666666666668 -0.15 1 -0.8999999999999999 4 4 2 1 0 0 10 0
2026-09-05,02:27:00 GMT,V6.2 BLOCK - final pressure/veto/active/timing gate failed or signal already used
2026-09-05,02:27:00 GMT,SENTINEL V6 MULTI-WINDOW SCAN >>>
2026-09-05,02:27:00 GMT,V6.2 DIAG | 5 0 4 -0.20000000000000007 0 0.2 0 -0.2 0.5 -0.10000000000000003 4 4 1 1 0 0 10 0
2026-09-05,02:26:59 GMT,V6.2 BLOCK - final pressure/veto/active/timing gate failed or signal already used
2026-09-05,02:26:59 GMT,SENTINEL V6 MULTI-WINDOW SCAN >>>
2026-09-05,02:26:59 GMT,V6.2 DIAG | 0 0 4 -0.20000000000000007 0 0.2 0 -0.2 0.5 -0.10000000000000003 4 4 1 1 0 0 10 0
2026-09-05,02:26:58 GMT,V6.2 BLOCK - final pressure/veto/active/timing gate failed or signal already used
2026-09-05,02:26:58 GMT,SENTINEL V6 MULTI-WINDOW SCAN >>>
2026-09-05,02:26:58 GMT,V6.2 DIAG | 8 0 3 -0.20000000000000007 -0.05714285714285714 0.2 0.13333333333333336 -0.2 0.5 0.7 4 4 1 1 0 0 10 0
2026-09-05,02:26:57 GMT,V6.2 BLOCK - final pressure/veto/active/timing gate failed or signal already used
2026-09-05,02:26:57 GMT,SENTINEL V6 MULTI-WINDOW SCAN >>>
2026-09-05,02:26:57 GMT,V6.2 DIAG | 6 0 6 -0.10000000000000009 -0.08571428571428572 0.09999999999999998 0.2 -0.2 0 1.5 5 3 0 1 0 0 10 0
2026-09-05,02:26:56 GMT,V6.2 BLOCK - final pressure/veto/active/timing gate failed or signal already used
2026-09-05,02:26:56 GMT,SENTINEL V6 MULTI-WINDOW SCAN >>>
2026-09-05,02:26:56 GMT,V6.2 DIAG | 9 0 6 -0.050000000000000044 -0.08571428571428572 0.04999999999999999 0.2 -0.25 0 1.5 5 3 0 1 0 0 10 0
2026-09-05,02:26:55 GMT,V6.2 BLOCK - final pressure/veto/active/timing gate failed or signal already used
2026-09-05,02:26:55 GMT,SENTINEL V6 MULTI-WINDOW SCAN >>>
2026-09-05,02:26:55 GMT,V6.2 DIAG | 5 0 6 -0.10000000000000009 -0.028571428571428567 0.09999999999999998 0.06666666666666667 -0.5 0 1 6 2 0 1 0 0 10 0
2026-09-05,02:26:54 GMT,V6.2 BLOCK - final pressure/veto/active/timing gate failed or signal already used
2026-09-05,02:26:54 GMT,SENTINEL V6 MULTI-WINDOW SCAN >>>
2026-09-05,02:26:54 GMT,V6.2 DIAG | 9 0 6 -0.050000000000000044 -0.028571428571428567 0.04999999999999999 0.06666666666666667 -0.5 -0.05 1 6 2 0 1 0 0 10 0
2026-09-05,02:26:53 GMT,V6.2 BLOCK - final pressure/veto/active/timing gate failed or signal already used
2026-09-05,02:26:53 GMT,SENTINEL V6 MULTI-WINDOW SCAN >>>
2026-09-05,02:26:53 GMT,V6.2 DIAG | 9 0 8 0.050000000000000044 0 -0.04999999999999999 0 -0.5 -0.05 0.5 6 2 0 1 0 0 10 0
2026-09-05,02:26:52 GMT,V6.2 BLOCK - final pressure/veto/active/timing gate failed or signal already used
2026-09-05,02:26:52 GMT,SENTINEL V6 MULTI-WINDOW SCAN >>>
2026-09-05,02:26:52 GMT,V6.2 DIAG | 0 0 12 0.15000000000000002 0.028571428571428567 -0.15 -0.06666666666666667 -0.5 -0.05 0 7 1 0 0 1 0 10 1
2026-09-05,02:26:51 GMT,V6.2 BLOCK - final pressure/veto/active/timing gate failed or signal already used
2026-09-05,02:26:51 GMT,SENTINEL V6 MULTI-WINDOW SCAN >>>
2026-09-05,02:26:51 GMT,V6.2 DIAG | 3 0 12 0.15000000000000002 0.028571428571428567 -0.15 -0.06666666666666667 -0.5 -0.05 0 7 1 0 0 1 0 10 0
2026-09-05,02:26:50 GMT,V6.2 BLOCK - final pressure/veto/active/timing gate failed or signal already used
2026-09-05,02:26:50 GMT,SENTINEL V6 MULTI-WINDOW SCAN >>>
2026-09-05,02:26:50 GMT,V6.2 DIAG | 4 0 8 0.15000000000000002 -0.028571428571428567 -0.15 0.06666666666666667 0.30000000000000004 -0.05 0 7 1 0 0 0 0 10 0
2026-09-05,02:26:49 GMT,V6.2 BLOCK - final pressure/veto/active/timing gate failed or signal already used
2026-09-05,02:26:49 GMT,SENTINEL V6 MULTI-WINDOW SCAN >>>
2026-09-05,02:26:49 GMT,V6.2 DIAG | 5 0 8 0.15000000000000002 -0.028571428571428567 -0.15 0.06666666666666667 0.30000000000000004 -0.05 0 7 1 0 0 0 0 10 0
2026-09-05,02:26:48 GMT,V6.2 BLOCK - final pressure/veto/active/timing gate failed or signal already used
2026-09-05,02:26:48 GMT,SENTINEL V6 MULTI-WINDOW SCAN >>>
2026-09-05,02:26:48 GMT,V6.2 DIAG | 1 0 8 0.15000000000000002 -0.028571428571428567 -0.15 0.06666666666666667 0.30000000000000004 -0.05 0 7 1 0 0 0 0 10 0
2026-09-05,02:26:47 GMT,V6.2 BLOCK - final pressure/veto/active/timing gate failed or signal already used
2026-09-05,02:26:47 GMT,SENTINEL V6 MULTI-WINDOW SCAN >>>
2026-09-05,02:26:47 GMT,V6.2 DIAG | 4 0 8 0.15000000000000002 -0.028571428571428567 -0.15 0.06666666666666667 0.30000000000000004 -0.05 0 7 1 0 0 0 0 10 0
2026-09-05,02:26:46 GMT,V6.2 BLOCK - final pressure/veto/active/timing gate failed or signal already used
2026-09-05,02:26:46 GMT,SENTINEL V6 MULTI-WINDOW SCAN >>>
2026-09-05,02:26:46 GMT,V6.2 DIAG | 7 0 8 0.20000000000000007 -0.028571428571428567 -0.19999999999999998 0.06666666666666667 0.25 -0.05 0 7 1 0 1 0 0 10 0
2026-09-05,02:26:45 GMT,V6.2 BLOCK - final pressure/veto/active/timing gate failed or signal already used
2026-09-05,02:26:45 GMT,SENTINEL V6 MULTI-WINDOW SCAN >>>
2026-09-05,02:26:45 GMT,V6.2 DIAG | 4 0 9 0.30000000000000004 0 -0.3 0 -0.25 -0.05 0 8 0 0 0 0 0 10 1
2026-09-05,02:26:44 GMT,V6.2 BLOCK - final pressure/veto/active/timing gate failed or signal already used
2026-09-05,02:26:44 GMT,SENTINEL V6 MULTI-WINDOW SCAN >>>
2026-09-05,02:26:44 GMT,V6.2 DIAG | 3 0 12 0.20000000000000007 0.028571428571428567 -0.19999999999999998 -0.06666666666666667 -0.55 -0.05 0 8 0 0 0 0 0 10 0
2026-09-05,02:26:43 GMT,V6.2 BLOCK - final pressure/veto/active/timing gate failed or signal already used
2026-09-05,02:26:43 GMT,SENTINEL V6 MULTI-WINDOW SCAN >>>
2026-09-05,02:26:43 GMT,V6.2 DIAG | 3 0 12 0.050000000000000044 0.057142857142857134 -0.04999999999999999 -0.13333333333333333 -0.8 -0.05 0 8 0 0 0 1 0 10 0
2026-09-05,02:26:42 GMT,V6.2 BLOCK - final pressure/veto/active/timing gate failed or signal already used
2026-09-05,02:26:42 GMT,SENTINEL V6 MULTI-WINDOW SCAN >>>
2026-09-05,02:26:42 GMT,V6.2 DIAG | 2 0 12 0.050000000000000044 0.057142857142857134 -0.04999999999999999 -0.13333333333333333 -0.8 -0.05 0 7 1 0 0 1 0 10 0
2026-09-05,02:26:41 GMT,V6.2 BLOCK - final pressure/veto/active/timing gate failed or signal already used
2026-09-05,02:26:41 GMT,SENTINEL V6 MULTI-WINDOW SCAN >>>
2026-09-05,02:26:41 GMT,V6.2 DIAG | 3 0 12 0.10000000000000009 0.057142857142857134 -0.09999999999999998 -0.13333333333333333 -0.8500000000000001 -0.05 0 6 2 0 0 0 0 10 0
2026-09-05,02:26:40 GMT,V6.2 BLOCK - final pressure/veto/active/timing gate failed or signal already used
2026-09-05,02:26:40 GMT,SENTINEL V6 MULTI-WINDOW SCAN >>>
2026-09-05,02:26:40 GMT,V6.2 DIAG | 5 0 10 0 0.08571428571428572 0 -0.2 -1.15 -0.05 0 6 2 0 0 0 0 10 0
2026-09-05,02:26:39 GMT,V6.2 BLOCK - final pressure/veto/active/timing gate failed or signal already used
2026-09-05,02:26:39 GMT,SENTINEL V6 MULTI-WINDOW SCAN >>>
2026-09-05,02:26:39 GMT,V6.2 DIAG | 2 0 10 0 0.028571428571428567 0 -0.06666666666666667 -0.35000000000000003 -0.05 0 6 2 0 0 0 0 10 0
2026-09-05,02:26:38 GMT,V6.2 BLOCK - final pressure/veto/active/timing gate failed or signal already used
2026-09-05,02:26:38 GMT,SENTINEL V6 MULTI-WINDOW SCAN >>>
2026-09-05,02:26:38 GMT,V6.2 DIAG | 5 0 6 0 -0.028571428571428567 0 0.06666666666666667 0.45 -0.05 0 5 3 0 0 0 0 10 0
2026-09-05,02:26:37 GMT,V6.2 BLOCK - final pressure/veto/active/timing gate failed or signal already used
2026-09-05,02:26:37 GMT,SENTINEL V6 MULTI-WINDOW SCAN >>>
2026-09-05,02:26:37 GMT,V6.2 DIAG | 1 0 6 0 -0.028571428571428567 0 0.06666666666666667 0.45 -0.05 0 5 3 0 1 0 0 10 0
2026-09-05,02:26:36 GMT,V6.2 BLOCK - final pressure/veto/active/timing gate failed or signal already used
2026-09-05,02:26:36 GMT,SENTINEL V6 MULTI-WINDOW SCAN >>>
2026-09-05,02:26:36 GMT,V6.2 DIAG | 5 0 6 -0.15000000000000002 0 0.15000000000000002 0 0.2 -0.05 0 5 3 0 1 0 0 10 0
2026-09-05,02:26:35 GMT,V6.2 BLOCK - final pressure/veto/active/timing gate failed or signal already used
2026-09-05,02:26:35 GMT,SENTINEL V6 MULTI-WINDOW SCAN >>>
2026-09-05,02:26:35 GMT,V6.2 DIAG | 7 0 6 -0.09999999999999998 -0.05714285714285714 0.10000000000000003 0.13333333333333336 1 -0.1 0 5 3 0 1 0 0 10 0
2026-09-05,02:26:34 GMT,V6.2 BLOCK - final pressure/veto/active/timing gate failed or signal already used
2026-09-05,02:26:34 GMT,SENTINEL V6 MULTI-WINDOW SCAN >>>
2026-09-05,02:26:34 GMT,V6.2 DIAG | 7 0 6 -0.15000000000000002 0 0.15000000000000002 0 0.5 -0.35000000000000003 0 5 3 0 1 0 0 10 0
2026-09-05,02:26:33 GMT,V6.2 BLOCK - final pressure/veto/active/timing gate failed or signal already used
2026-09-05,02:26:33 GMT,SENTINEL V6 MULTI-WINDOW SCAN >>>
2026-09-05,02:26:33 GMT,V6.2 DIAG | 6 0 10 -0.050000000000000044 0.028571428571428567 0.04999999999999999 -0.06666666666666667 0 -0.35000000000000003 0 6 2 0 1 0 0 10 0
2026-09-05,02:26:32 GMT,V6.2 BLOCK - final pressure/veto/active/timing gate failed or signal already used
2026-09-05,02:26:32 GMT,SENTINEL V6 MULTI-WINDOW SCAN >>>
2026-09-05,02:26:32 GMT,V6.2 DIAG | 2 0 10 0 0.028571428571428567 0 -0.06666666666666667 0 -0.4 0 5 3 1 0 0 0 10 0
2026-09-05,02:26:31 GMT,V6.2 BLOCK - final pressure/veto/active/timing gate failed or signal already used
2026-09-05,02:26:31 GMT,SENTINEL V6 MULTI-WINDOW SCAN >>>
2026-09-05,02:26:31 GMT,V6.2 DIAG | 7 0 6 0 -0.028571428571428567 0 0.06666666666666667 0.8 -0.4 0 5 3 1 1 0 0 10 0
2026-09-05,02:26:30 GMT,V6.2 BLOCK - final pressure/veto/active/timing gate failed or signal already used
2026-09-05,02:26:30 GMT,SENTINEL V6 MULTI-WINDOW SCAN >>>
2026-09-05,02:26:30 GMT,V6.2 DIAG | 1 0 8 0.10000000000000009 0 -0.09999999999999998 0 0.30000000000000004 -0.4 0 6 2 1 0 0 0 10 0
2026-09-05,02:26:29 GMT,V6.2 BLOCK - final pressure/veto/active/timing gate failed or signal already used
2026-09-05,02:26:29 GMT,SENTINEL V6 MULTI-WINDOW SCAN >>>
2026-09-05,02:26:29 GMT,V6.2 DIAG | 0 0 7 0.15000000000000002 -0.057142857142857134 -0.14999999999999997 0.13333333333333333 0.30000000000000004 0.35000000000000003 0 6 2 1 1 0 0 10 0
2026-09-05,02:26:28 GMT,V6.2 BLOCK - final pressure/veto/active/timing gate failed or signal already used
2026-09-05,02:26:28 GMT,SENTINEL V6 MULTI-WINDOW SCAN >>>
2026-09-05,02:26:28 GMT,V6.2 DIAG | 0 0 7 0.15000000000000002 -0.057142857142857134 -0.14999999999999997 0.13333333333333333 0.30000000000000004 0.35000000000000003 0 6 2 1 1 0 0 10 0
2026-09-05,02:26:27 GMT,V6.2 BLOCK - final pressure/veto/active/timing gate failed or signal already used
2026-09-05,02:26:27 GMT,SENTINEL V6 MULTI-WINDOW SCAN >>>
2026-09-05,02:26:27 GMT,V6.2 DIAG | 7 0 7 0.15000000000000002 -0.057142857142857134 -0.14999999999999997 0.13333333333333333 0.30000000000000004 0.35000000000000003 0 6 2 1 1 0 0 10 0
2026-09-05,02:26:26 GMT,V6.2 BLOCK - final pressure/veto/active/timing gate failed or signal already used
2026-09-05,02:26:26 GMT,SENTINEL V6 MULTI-WINDOW SCAN >>>
2026-09-05,02:26:26 GMT,V6.2 DIAG | 0 0 8 0.10000000000000009 0 -0.09999999999999998 0 -0.45 0.35000000000000003 0 7 1 1 1 0 0 10 0
2026-09-05,02:26:25 GMT,V6.2 BLOCK - final pressure/veto/active/timing gate failed or signal already used
2026-09-05,02:26:25 GMT,SENTINEL V6 MULTI-WINDOW SCAN >>>
2026-09-05,02:26:25 GMT,V6.2 DIAG | 8 0 8 0.10000000000000009 0 -0.09999999999999998 0 -0.45 0.35000000000000003 0 7 1 1 1 0 0 10 0
2026-09-05,02:26:24 GMT,V6.2 BLOCK - final pressure/veto/active/timing gate failed or signal already used
2026-09-05,02:26:24 GMT,SENTINEL V6 MULTI-WINDOW SCAN >>>
2026-09-05,02:26:24 GMT,V6.2 DIAG | 4 1 12 0.10000000000000009 0.057142857142857134 -0.09999999999999998 -0.13333333333333333 -0.7000000000000001 -0.2 0 7 1 0 0 1 0 10 0
2026-09-05,02:26:23 GMT,V6.2 BLOCK - final pressure/veto/active/timing gate failed or signal already used
2026-09-05,02:26:23 GMT,SENTINEL V6 MULTI-WINDOW SCAN >>>
2026-09-05,02:26:23 GMT,V6.2 DIAG | 3 0 12 0.15000000000000002 0.057142857142857134 -0.14999999999999997 -0.13333333333333333 -0.7000000000000001 -0.25 0 7 1 0 0 1 0 10 1
2026-09-05,02:26:22 GMT,V6.2 BLOCK - final pressure/veto/active/timing gate failed or signal already used
2026-09-05,02:26:22 GMT,SENTINEL V6 MULTI-WINDOW SCAN >>>
2026-09-05,02:26:22 GMT,V6.2 DIAG | 3 0 12 0.15000000000000002 0.057142857142857134 -0.14999999999999997 -0.13333333333333333 -0.7000000000000001 -0.25 0 6 2 0 0 1 0 10 0
2026-09-05,02:26:21 GMT,V6.2 BLOCK - final pressure/veto/active/timing gate failed or signal already used
2026-09-05,02:26:21 GMT,SENTINEL V6 MULTI-WINDOW SCAN >>>
2026-09-05,02:26:21 GMT,V6.2 DIAG | 3 0 10 0 0.028571428571428567 0 -0.06666666666666667 -0.15000000000000002 -0.25 0 6 2 0 1 0 0 10 0
2026-09-05,02:26:20 GMT,V6.2 BLOCK - final pressure/veto/active/timing gate failed or signal already used
2026-09-05,02:26:20 GMT,SENTINEL V6 MULTI-WINDOW SCAN >>>
2026-09-05,02:26:20 GMT,V6.2 DIAG | 0 0 10 -0.09999999999999998 0.05714285714285714 0.10000000000000003 -0.13333333333333336 -0.4499999999999999 -0.25 0 6 2 0 1 0 0 10 0
2026-09-05,02:26:19 GMT,V6.2 BLOCK - final pressure/veto/active/timing gate failed or signal already used
2026-09-05,02:26:19 GMT,SENTINEL V6 MULTI-WINDOW SCAN >>>
2026-09-05,02:26:19 GMT,V6.2 DIAG | 2 0 6 -0.09999999999999998 0 0.10000000000000003 0 0.35000000000000003 -0.25 0 5 3 0 1 0 0 10 0
2026-09-05,02:26:18 GMT,V6.2 BLOCK - final pressure/veto/active/timing gate failed or signal already used
2026-09-05,02:26:18 GMT,SENTINEL V6 MULTI-WINDOW SCAN >>>
2026-09-05,02:26:18 GMT,V6.2 DIAG | 2 0 4 -0.050000000000000044 0 0.050000000000000044 0 0.30000000000000004 -0.25 0 4 4 0 1 0 0 10 0
2026-09-05,02:26:17 GMT,V6.2 BLOCK - final pressure/veto/active/timing gate failed or signal already used
2026-09-05,02:26:17 GMT,SENTINEL V6 MULTI-WINDOW SCAN >>>
2026-09-05,02:26:17 GMT,V6.2 DIAG | 7 0 4 0 0 0 0 0.30000000000000004 -0.3 0 4 4 0 1 0 0 10 0
2026-09-05,02:26:16 GMT,V6.2 BLOCK - final pressure/veto/active/timing gate failed or signal already used
2026-09-05,02:26:16 GMT,SENTINEL V6 MULTI-WINDOW SCAN >>>
2026-09-05,02:26:16 GMT,V6.2 DIAG | 2 0 8 0.09999999999999998 -0.028571428571428567 -0.10000000000000003 0.06666666666666667 0.6 -0.3 0 5 3 0 0 0 0 10 0
2026-09-05,02:26:15 GMT,V6.2 BLOCK - final pressure/veto/active/timing gate failed or signal already used
2026-09-05,02:26:15 GMT,SENTINEL V6 MULTI-WINDOW SCAN >>>
2026-09-05,02:26:15 GMT,V6.2 DIAG | 7 0 6 -0.050000000000000044 -0.05714285714285714 0.050000000000000044 0.13333333333333336 1.4 -0.55 0 5 3 0 1 0 0 10 0
2026-09-05,02:26:14 GMT,V6.2 BLOCK - final pressure/veto/active/timing gate failed or signal already used
2026-09-05,02:26:14 GMT,SENTINEL V6 MULTI-WINDOW SCAN >>>
2026-09-05,02:26:14 GMT,V6.2 DIAG | 3 0 7 0.04999999999999993 -0.028571428571428567 -0.04999999999999999 0.06666666666666667 0.9 -0.55 0 6 2 0 0 0 0 10 0
2026-09-05,02:26:13 GMT,V6.2 BLOCK - final pressure/veto/active/timing gate failed or signal already used
2026-09-05,02:26:13 GMT,SENTINEL V6 MULTI-WINDOW SCAN >>>
2026-09-05,02:26:13 GMT,V6.2 DIAG | 3 0 7 0.04999999999999993 -0.028571428571428567 -0.04999999999999999 0.06666666666666667 0.9 -0.55 0 5 3 1 1 0 0 10 0
2026-09-05,02:26:12 GMT,V6.2 BLOCK - final pressure/veto/active/timing gate failed or signal already used
2026-09-05,02:26:12 GMT,SENTINEL V6 MULTI-WINDOW SCAN >>>
2026-09-05,02:26:12 GMT,V6.2 DIAG | 7 0 6 -0.09999999999999998 0 0.10000000000000003 0 0.9 -0.8 0 5 3 1 1 0 0 10 0
2026-09-05,02:26:11 GMT,V6.2 BLOCK - final pressure/veto/active/timing gate failed or signal already used
2026-09-05,02:26:11 GMT,SENTINEL V6 MULTI-WINDOW SCAN >>>
2026-09-05,02:26:11 GMT,V6.2 DIAG | 7 0 9 0 0.028571428571428567 0 -0.06666666666666667 0.4 -0.8 0 6 2 1 1 0 0 10 0
2026-09-05,02:26:10 GMT,V6.2 BLOCK - final pressure/veto/active/timing gate failed or signal already used
2026-09-05,02:26:10 GMT,SENTINEL V6 MULTI-WINDOW SCAN >>>
2026-09-05,02:26:10 GMT,V6.2 DIAG | 5 0 8 0.15000000000000002 0 -0.14999999999999997 0 -0.1 -0.04999999999999999 0 6 2 2 0 0 0 10 0
2026-09-05,02:26:09 GMT,V6.2 BLOCK - final pressure/veto/active/timing gate failed or signal already used
2026-09-05,02:26:09 GMT,SENTINEL V6 MULTI-WINDOW SCAN >>>
2026-09-05,02:26:09 GMT,V6.2 DIAG | 2 0 9 0 0.028571428571428567 0 -0.06666666666666667 -0.1 -0.30000000000000004 0 6 2 2 0 0 0 10 0
2026-09-05,02:26:08 GMT,V6.2 BLOCK - final pressure/veto/active/timing gate failed or signal already used
2026-09-05,02:26:08 GMT,SENTINEL V6 MULTI-WINDOW SCAN >>>
2026-09-05,02:26:08 GMT,V6.2 DIAG | 5 0 9 0 0.028571428571428567 0 -0.06666666666666667 -0.1 -0.30000000000000004 0 6 2 2 0 0 0 10 0
2026-09-05,02:26:07 GMT,V6.2 BLOCK - final pressure/veto/active/timing gate failed or signal already used
2026-09-05,02:26:07 GMT,SENTINEL V6 MULTI-WINDOW SCAN >>>
2026-09-05,02:26:07 GMT,V6.2 DIAG | 0 0 5 0 -0.028571428571428567 0 0.06666666666666667 -0.1 0.5 0 5 3 3 1 0 0 10 0
2026-09-05,02:26:06 GMT,V6.2 BLOCK - final pressure/veto/active/timing gate failed or signal already used
2026-09-05,02:26:06 GMT,SENTINEL V6 MULTI-WINDOW SCAN >>>
2026-09-05,02:26:06 GMT,V6.2 DIAG | 8 0 5 0 -0.028571428571428567 0 0.06666666666666667 -0.1 0.5 0 5 3 3 1 0 0 10 0
2026-09-05,02:26:05 GMT,V6.2 BLOCK - final pressure/veto/active/timing gate failed or signal already used
2026-09-05,02:26:05 GMT,SENTINEL V6 MULTI-WINDOW SCAN >>>
2026-09-05,02:26:05 GMT,V6.2 DIAG | 3 0 8 0.15000000000000002 0 -0.14999999999999997 0 -0.1 0 -0.05 6 2 2 0 0 0 10 0
2026-09-05,02:26:04 GMT,V6.2 BLOCK - final pressure/veto/active/timing gate failed or signal already used
2026-09-05,02:26:04 GMT,SENTINEL V6 MULTI-WINDOW SCAN >>>
2026-09-05,02:26:04 GMT,V6.2 DIAG | 2 0 5 0 -0.028571428571428567 0 0.06666666666666667 -0.1 0.55 -0.05 6 2 2 1 0 0 10 0
2026-09-05,02:26:03 GMT,V6.2 BLOCK - final pressure/veto/active/timing gate failed or signal already used
2026-09-05,02:26:03 GMT,SENTINEL V6 MULTI-WINDOW SCAN >>>
2026-09-05,02:26:03 GMT,V6.2 DIAG | 8 0 5 -0.09999999999999998 0 0.10000000000000003 0 -0.15 0.30000000000000004 -0.05 6 2 2 1 0 0 10 0
2026-09-05,02:26:02 GMT,V6.2 BLOCK - final pressure/veto/active/timing gate failed or signal already used
2026-09-05,02:26:02 GMT,SENTINEL V6 MULTI-WINDOW SCAN >>>
2026-09-05,02:26:02 GMT,V6.2 DIAG | 1 0 10 0.04999999999999993 0.028571428571428567 -0.04999999999999999 -0.06666666666666667 -0.2 -0.20000000000000004 -0.05 6 2 2 0 0 0 10 0
2026-09-05,02:26:01 GMT,V6.2 BLOCK - final pressure/veto/active/timing gate failed or signal already used
2026-09-05,02:26:01 GMT,SENTINEL V6 MULTI-WINDOW SCAN >>>
2026-09-05,02:26:01 GMT,V6.2 DIAG | 6 0 10 0.04999999999999993 0.028571428571428567 -0.04999999999999999 -0.06666666666666667 -0.2 -0.20000000000000004 -0.05 5 3 3 1 0 0 10 0
2026-09-05,02:26:00 GMT,V6.2 BLOCK - final pressure/veto/active/timing gate failed or signal already used
2026-09-05,02:26:00 GMT,SENTINEL V6 MULTI-WINDOW SCAN >>>
2026-09-05,02:26:00 GMT,V6.2 DIAG | 8 0 9 -0.050000000000000044 0.05714285714285714 0.050000000000000044 -0.13333333333333336 -0.45 -0.20000000000000004 -0.1 5 3 3 1 0 0 10 0
2026-09-05,02:25:59 GMT,V6.2 BLOCK - final pressure/veto/active/timing gate failed or signal already used
2026-09-05,02:25:59 GMT,SENTINEL V6 MULTI-WINDOW SCAN >>>
2026-09-05,02:25:59 GMT,V6.2 DIAG | 4 0 9 0.04999999999999993 0.028571428571428567 -0.04999999999999999 -0.06666666666666667 -0.45 0.1 -0.1 6 2 2 0 0 0 10 0
2026-09-05,02:25:58 GMT,V6.2 BLOCK - final pressure/veto/active/timing gate failed or signal already used
2026-09-05,02:25:58 GMT,SENTINEL V6 MULTI-WINDOW SCAN >>>
2026-09-05,02:25:58 GMT,V6.2 DIAG | 2 0 5 -0.050000000000000044 0 0.050000000000000044 0 -0.75 0.9 -0.1 5 3 2 1 0 0 10 0
2026-09-05,02:25:57 GMT,V6.2 BLOCK - final pressure/veto/active/timing gate failed or signal already used
2026-09-05,02:25:57 GMT,SENTINEL V6 MULTI-WINDOW SCAN >>>
2026-09-05,02:25:57 GMT,V6.2 DIAG | 2 0 8 -0.15000000000000002 0.028571428571428574 0.15000000000000002 -0.06666666666666668 -0.75 0.65 -0.15 5 3 2 1 0 0 10 0
2026-09-05,02:25:56 GMT,V6.2 BLOCK - final pressure/veto/active/timing gate failed or signal already used
2026-09-05,02:25:56 GMT,SENTINEL V6 MULTI-WINDOW SCAN >>>
2026-09-05,02:25:56 GMT,V6.2 DIAG | 0 0 6 -0.15000000000000002 0.028571428571428574 0.15000000000000002 -0.06666666666666668 -0.75 0.65 -0.15 4 4 2 1 0 0 10 0
2026-09-05,02:25:55 GMT,V6.2 BLOCK - final pressure/veto/active/timing gate failed or signal already used
2026-09-05,02:25:55 GMT,SENTINEL V6 MULTI-WINDOW SCAN >>>
2026-09-05,02:25:55 GMT,V6.2 DIAG | 8 0 2 -0.15000000000000002 -0.028571428571428574 0.15000000000000002 0.06666666666666668 0.05000000000000002 0.65 -0.15 3 5 3 1 0 0 10 0
2026-09-05,02:25:54 GMT,V6.2 BLOCK - final pressure/veto/active/timing gate failed or signal already used
2026-09-05,02:25:54 GMT,SENTINEL V6 MULTI-WINDOW SCAN >>>
2026-09-05,02:25:54 GMT,V6.2 DIAG | 8 0 2 -0.050000000000000044 0 0.050000000000000044 0 0.05000000000000002 0.15000000000000002 -0.15 4 4 2 1 0 0 10 0
2026-09-05,02:25:53 GMT,V6.2 BLOCK - final pressure/veto/active/timing gate failed or signal already used
2026-09-05,02:25:53 GMT,SENTINEL V6 MULTI-WINDOW SCAN >>>
2026-09-05,02:25:53 GMT,V6.2 DIAG | 1 0 8 0.09999999999999998 -0.028571428571428567 -0.10000000000000003 0.06666666666666667 0.8 -0.35000000000000003 -0.15 5 3 1 0 0 0 10 0
2026-09-05,02:25:52 GMT,V6.2 BLOCK - final pressure/veto/active/timing gate failed or signal already used
2026-09-05,02:25:52 GMT,SENTINEL V6 MULTI-WINDOW SCAN >>>
2026-09-05,02:25:52 GMT,V6.2 DIAG | 1 0 7 0.09999999999999998 -0.08571428571428572 -0.10000000000000003 0.2 0.8 0.45 -0.15 5 3 1 1 0 0 10 0
2026-09-05,02:25:51 GMT,V6.2 BLOCK - final pressure/veto/active/timing gate failed or signal already used
2026-09-05,02:25:51 GMT,SENTINEL V6 MULTI-WINDOW SCAN >>>
2026-09-05,02:25:51 GMT,V6.2 DIAG | 7 0 7 0.09999999999999998 -0.08571428571428572 -0.10000000000000003 0.2 0.8 0.45 -0.15 5 3 1 1 0 0 10 0
2026-09-05,02:25:50 GMT,V6.2 BLOCK - final pressure/veto/active/timing gate failed or signal already used
2026-09-05,02:25:50 GMT,SENTINEL V6 MULTI-WINDOW SCAN >>>
2026-09-05,02:25:50 GMT,V6.2 DIAG | 0 0 6 0.04999999999999993 -0.028571428571428567 -0.04999999999999999 0.06666666666666667 0.30000000000000004 0.2 -0.15 6 2 1 1 0 0 10 0
2026-09-05,02:25:49 GMT,V6.2 BLOCK - final pressure/veto/active/timing gate failed or signal already used
2026-09-05,02:25:49 GMT,SENTINEL V6 MULTI-WINDOW SCAN >>>
2026-09-05,02:25:49 GMT,V6.2 DIAG | 7 0 6 0.04999999999999993 -0.028571428571428567 -0.04999999999999999 0.06666666666666667 0.30000000000000004 0.2 -0.15 6 2 1 1 0 0 10 0
2026-09-05,02:25:48 GMT,V6.2 BLOCK - final pressure/veto/active/timing gate failed or signal already used
2026-09-05,02:25:48 GMT,SENTINEL V6 MULTI-WINDOW SCAN >>>
2026-09-05,02:25:48 GMT,V6.2 DIAG | 8 0 7 0.20000000000000007 0 -0.2 0 -0.2 0.2 -0.2 6 2 2 1 0 0 10 0
2026-09-05,02:25:47 GMT,V6.2 BLOCK - final pressure/veto/active/timing gate failed or signal already used
2026-09-05,02:25:47 GMT,SENTINEL V6 MULTI-WINDOW SCAN >>>
2026-09-05,02:25:47 GMT,V6.2 DIAG | 2 0 12 0.35 0.028571428571428567 -0.35 -0.06666666666666667 -0.2 -0.30000000000000004 -0.25 7 1 1 0 1 0 10 1
2026-09-05,02:25:45 GMT,V6.2 BLOCK - final pressure/veto/active/timing gate failed or signal already used
2026-09-05,02:25:45 GMT,SENTINEL V6 MULTI-WINDOW SCAN >>>
2026-09-05,02:25:45 GMT,V6.2 DIAG | 1 0 12 0.35 0.028571428571428567 -0.35 -0.06666666666666667 -0.2 -0.30000000000000004 -0.25 7 1 1 0 1 0 10 0
2026-09-05,02:25:44 GMT,V6.2 BLOCK - final pressure/veto/active/timing gate failed or signal already used
2026-09-05,02:25:44 GMT,SENTINEL V6 MULTI-WINDOW SCAN >>>
2026-09-05,02:25:44 GMT,V6.2 DIAG | 2 0 8 0.20000000000000007 0 -0.2 0 -0.2 0.5 -0.5 7 1 1 1 0 0 10 0
2026-09-05,02:25:43 GMT,V6.2 BLOCK - final pressure/veto/active/timing gate failed or signal already used
2026-09-05,02:25:43 GMT,SENTINEL V6 MULTI-WINDOW SCAN >>>
2026-09-05,02:25:43 GMT,V6.2 DIAG | 4 0 8 0.25 0 -0.25 0 -0.25 0.5 -0.5 7 1 1 1 0 0 10 0
2026-09-05,02:25:42 GMT,V6.2 BLOCK - final pressure/veto/active/timing gate failed or signal already used
2026-09-05,02:25:42 GMT,SENTINEL V6 MULTI-WINDOW SCAN >>>
2026-09-05,02:25:42 GMT,V6.2 DIAG | 5 0 11 0.09999999999999998 0.028571428571428567 -0.10000000000000003 -0.06666666666666667 -0.5 0.5 -0.5 6 2 1 1 0 0 10 0
2026-09-05,02:25:41 GMT,V6.2 BLOCK - final pressure/veto/active/timing gate failed or signal already used
2026-09-05,02:25:41 GMT,SENTINEL V6 MULTI-WINDOW SCAN >>>
2026-09-05,02:25:41 GMT,V6.2 DIAG | 5 0 9 -0.050000000000000044 0.05714285714285714 0.050000000000000044 -0.13333333333333336 -0.75 0.5 -0.5 6 2 1 1 0 0 10 0
2026-09-05,02:25:41 GMT,V6.2 BLOCK - final pressure/veto/active/timing gate failed or signal already used
2026-09-05,02:25:41 GMT,SENTINEL V6 MULTI-WINDOW SCAN >>>
2026-09-05,02:25:41 GMT,V6.2 DIAG | 8 0 9 0 0.05714285714285714 0 -0.13333333333333336 -0.8 0.5 -0.5 5 3 1 1 0 0 10 0
2026-09-05,02:25:40 GMT,V6.2 BLOCK - final pressure/veto/active/timing gate failed or signal already used
2026-09-05,02:25:40 GMT,SENTINEL V6 MULTI-WINDOW SCAN >>>
2026-09-05,02:25:40 GMT,V6.2 DIAG | 5 0 9 -0.050000000000000044 0.05714285714285714 0.050000000000000044 -0.13333333333333336 -0.8 0 0.05000000000000002 5 3 0 1 0 0 10 0
2026-09-05,02:25:39 GMT,V6.2 BLOCK - final pressure/veto/active/timing gate failed or signal already used
2026-09-05,02:25:39 GMT,SENTINEL V6 MULTI-WINDOW SCAN >>>
2026-09-05,02:25:39 GMT,V6.2 DIAG | 1 0 9 -0.050000000000000044 0.05714285714285714 0.050000000000000044 -0.13333333333333336 -0.8 0 0.05000000000000002 5 3 0 1 0 0 10 0
2026-09-05,02:25:38 GMT,V6.2 BLOCK - final pressure/veto/active/timing gate failed or signal already used
2026-09-05,02:25:38 GMT,SENTINEL V6 MULTI-WINDOW SCAN >>>
2026-09-05,02:25:38 GMT,V6.2 DIAG | 4 0 7 -0.19999999999999996 0.028571428571428574 0.2 -0.06666666666666668 -0.25 0 0.05000000000000002 4 4 0 1 0 0 10 0
2026-09-05,02:25:37 GMT,V6.2 BLOCK - final pressure/veto/active/timing gate failed or signal already used
2026-09-05,02:25:37 GMT,SENTINEL V6 MULTI-WINDOW SCAN >>>
2026-09-05,02:25:37 GMT,V6.2 DIAG | 4 0 3 -0.35 0 0.35 0 0.55 0 -0.20000000000000004 4 4 0 1 0 0 10 0
2026-09-05,02:25:35 GMT,V6.2 BLOCK - final pressure/veto/active/timing gate failed or signal already used
2026-09-05,02:25:35 GMT,SENTINEL V6 MULTI-WINDOW SCAN >>>
2026-09-05,02:25:35 GMT,V6.2 DIAG | 9 0 3 -0.35 0 0.35 0 0.55 0 -0.20000000000000004 3 5 0 1 0 0 10 0
2026-09-05,02:25:35 GMT,V6.2 BLOCK - final pressure/veto/active/timing gate failed or signal already used
2026-09-05,02:25:35 GMT,SENTINEL V6 MULTI-WINDOW SCAN >>>
2026-09-05,02:25:35 GMT,V6.2 DIAG | 3 0 3 -0.25 -0.028571428571428574 0.25 0.06666666666666668 0.55 0 0.1 3 5 0 1 0 0 10 0
2026-09-05,02:25:34 GMT,V6.2 BLOCK - final pressure/veto/active/timing gate failed or signal already used
2026-09-05,02:25:34 GMT,SENTINEL V6 MULTI-WINDOW SCAN >>>
2026-09-05,02:25:34 GMT,V6.2 DIAG | 7 0 3 -0.19999999999999996 -0.028571428571428574 0.2 0.06666666666666668 0.55 0 0.05000000000000002 3 5 0 1 0 0 10 0
2026-09-05,02:25:33 GMT,V6.2 BLOCK - final pressure/veto/active/timing gate failed or signal already used
2026-09-05,02:25:33 GMT,SENTINEL V6 MULTI-WINDOW SCAN >>>
2026-09-05,02:25:33 GMT,V6.2 DIAG | 7 0 3 -0.25 -0.028571428571428574 0.25 0.06666666666666668 0.6 0 0.05000000000000002 4 4 0 1 0 0 10 0
2026-09-05,02:25:32 GMT,V6.2 BLOCK - final pressure/veto/active/timing gate failed or signal already used
2026-09-05,02:25:32 GMT,SENTINEL V6 MULTI-WINDOW SCAN >>>
2026-09-05,02:25:32 GMT,V6.2 DIAG | 2 0 5 -0.09999999999999998 -0.05714285714285714 0.10000000000000003 0.13333333333333336 0.1 -0.05 0.8500000000000001 5 3 0 1 0 0 10 0
2026-09-05,02:25:31 GMT,V6.2 BLOCK - final pressure/veto/active/timing gate failed or signal already used
2026-09-05,02:25:31 GMT,SENTINEL V6 MULTI-WINDOW SCAN >>>
2026-09-05,02:25:31 GMT,V6.2 DIAG | 9 0 3 -0.050000000000000044 -0.05714285714285714 0.050000000000000044 0.13333333333333336 0.1 -0.05 0.8 4 4 0 1 0 0 10 0
2026-09-05,02:25:30 GMT,V6.2 BLOCK - final pressure/veto/active/timing gate failed or signal already used
2026-09-05,02:25:30 GMT,SENTINEL V6 MULTI-WINDOW SCAN >>>
2026-09-05,02:25:30 GMT,V6.2 DIAG | 6 0 6 0.04999999999999993 -0.028571428571428567 -0.04999999999999999 0.06666666666666667 0.1 -0.05 0.30000000000000004 5 3 0 0 0 0 10 0
2026-09-05,02:25:29 GMT,V6.2 BLOCK - final pressure/veto/active/timing gate failed or signal already used
2026-09-05,02:25:29 GMT,SENTINEL V6 MULTI-WINDOW SCAN >>>
2026-09-05,02:25:29 GMT,V6.2 DIAG | 7 0 6 0.04999999999999993 -0.028571428571428567 -0.04999999999999999 0.06666666666666667 0.1 -0.05 0.30000000000000004 5 3 0 0 0 0 10 0
2026-09-05,02:25:28 GMT,V6.2 BLOCK - final pressure/veto/active/timing gate failed or signal already used
2026-09-05,02:25:28 GMT,SENTINEL V6 MULTI-WINDOW SCAN >>>
2026-09-05,02:25:28 GMT,V6.2 DIAG | 9 0 5 0 -0.028571428571428567 0 0.06666666666666667 0.4 -0.05 0.05000000000000002 6 2 0 1 0 0 10 0
2026-09-05,02:25:27 GMT,V6.2 BLOCK - final pressure/veto/active/timing gate failed or signal already used
2026-09-05,02:25:27 GMT,SENTINEL V6 MULTI-WINDOW SCAN >>>
2026-09-05,02:25:27 GMT,V6.2 DIAG | 4 0 9 -0.050000000000000044 0.028571428571428567 0.04999999999999999 -0.06666666666666667 0.4 -0.05 -0.7000000000000001 7 1 0 1 0 0 10 0
2026-09-05,02:25:26 GMT,V6.2 BLOCK - final pressure/veto/active/timing gate failed or signal already used
2026-09-05,02:25:26 GMT,SENTINEL V6 MULTI-WINDOW SCAN >>>
2026-09-05,02:25:26 GMT,V6.2 DIAG | 3 0 9 -0.050000000000000044 0.028571428571428567 0.04999999999999999 -0.06666666666666667 0.4 -0.05 -0.7000000000000001 6 2 0 1 0 0 10 0
2026-09-05,02:25:25 GMT,V6.2 BLOCK - final pressure/veto/active/timing gate failed or signal already used
2026-09-05,02:25:25 GMT,SENTINEL V6 MULTI-WINDOW SCAN >>>
2026-09-05,02:25:25 GMT,V6.2 DIAG | 5 0 9 -0.050000000000000044 0.028571428571428567 0.04999999999999999 -0.06666666666666667 0.4 -0.05 -0.7000000000000001 5 3 0 1 0 0 10 0
2026-09-05,02:25:24 GMT,V6.2 BLOCK - final pressure/veto/active/timing gate failed or signal already used
2026-09-05,02:25:24 GMT,SENTINEL V6 MULTI-WINDOW SCAN >>>
2026-09-05,02:25:24 GMT,V6.2 DIAG | 7 0 9 -0.20000000000000007 0.05714285714285714 0.2 -0.13333333333333336 0.15000000000000002 -0.05 -0.7000000000000001 5 3 0 1 0 0 10 0
2026-09-05,02:25:23 GMT,V6.2 BLOCK - final pressure/veto/active/timing gate failed or signal already used
2026-09-05,02:25:23 GMT,SENTINEL V6 MULTI-WINDOW SCAN >>>
2026-09-05,02:25:23 GMT,V6.2 DIAG | 3 0 9 -0.050000000000000044 0.028571428571428567 0.04999999999999999 -0.06666666666666667 -0.4 -0.05 0.1 6 2 0 1 0 0 10 0
2026-09-05,02:25:22 GMT,V6.2 BLOCK - final pressure/veto/active/timing gate failed or signal already used
2026-09-05,02:25:22 GMT,SENTINEL V6 MULTI-WINDOW SCAN >>>
2026-09-05,02:25:22 GMT,V6.2 DIAG | 3 0 6 -0.050000000000000044 -0.028571428571428567 0.04999999999999999 0.06666666666666667 -0.4 -0.05 0.9 5 3 0 1 0 0 10 0
2026-09-05,02:25:21 GMT,V6.2 BLOCK - final pressure/veto/active/timing gate failed or signal already used
2026-09-05,02:25:21 GMT,SENTINEL V6 MULTI-WINDOW SCAN >>>
2026-09-05,02:25:21 GMT,V6.2 DIAG | 3 0 6 -0.15000000000000002 0 0.15000000000000002 0 -0.7000000000000001 -0.05 0.9 5 3 0 1 0 0 10 0
2026-09-05,02:25:20 GMT,V6.2 BLOCK - final pressure/veto/active/timing gate failed or signal already used
2026-09-05,02:25:20 GMT,SENTINEL V6 MULTI-WINDOW SCAN >>>
2026-09-05,02:25:20 GMT,V6.2 DIAG | 2 0 6 -0.09999999999999998 0 0.10000000000000003 0 -0.7000000000000001 -0.1 0.9 5 3 0 1 0 0 10 0
2026-09-05,02:25:19 GMT,V6.2 BLOCK - final pressure/veto/active/timing gate failed or signal already used
2026-09-05,02:25:19 GMT,SENTINEL V6 MULTI-WINDOW SCAN >>>
2026-09-05,02:25:19 GMT,V6.2 DIAG | 9 0 3 -0.09999999999999998 -0.05714285714285714 0.10000000000000003 0.13333333333333336 0.1 -0.1 0.9 4 4 0 1 0 0 10 0
2026-09-05,02:25:18 GMT,V6.2 BLOCK - final pressure/veto/active/timing gate failed or signal already used
2026-09-05,02:25:18 GMT,SENTINEL V6 MULTI-WINDOW SCAN >>>
2026-09-05,02:25:18 GMT,V6.2 DIAG | 9 0 5 0 -0.028571428571428567 0 0.06666666666666667 0.1 -0.1 0.4 5 3 0 1 0 0 10 0
2026-09-05,02:25:17 GMT,V6.2 BLOCK - final pressure/veto/active/timing gate failed or signal already used
2026-09-05,02:25:17 GMT,SENTINEL V6 MULTI-WINDOW SCAN >>>
2026-09-05,02:25:17 GMT,V6.2 DIAG | 4 0 8 0.10000000000000009 0 -0.09999999999999998 0 0.1 -0.1 -0.1 6 2 0 0 0 0 10 0
2026-09-05,02:25:15 GMT,V6.2 BLOCK - final pressure/veto/active/timing gate failed or signal already used
2026-09-05,02:25:15 GMT,SENTINEL V6 MULTI-WINDOW SCAN >>>
2026-09-05,02:25:15 GMT,V6.2 DIAG | 5 0 8 0.15000000000000002 -0.057142857142857134 -0.14999999999999997 0.13333333333333333 0.9 -0.15 -0.1 6 2 0 0 0 0 10 0
2026-09-05,02:25:15 GMT,V6.2 BLOCK - final pressure/veto/active/timing gate failed or signal already used
2026-09-05,02:25:15 GMT,SENTINEL V6 MULTI-WINDOW SCAN >>>
2026-09-05,02:25:15 GMT,V6.2 DIAG | 7 0 8 0.15000000000000002 -0.057142857142857134 -0.14999999999999997 0.13333333333333333 0.9 -0.15 -0.1 6 2 0 0 0 0 10 0
2026-09-05,02:25:14 GMT,V6.2 BLOCK - final pressure/veto/active/timing gate failed or signal already used
2026-09-05,02:25:14 GMT,SENTINEL V6 MULTI-WINDOW SCAN >>>
2026-09-05,02:25:14 GMT,V6.2 DIAG | 3 0 8 0.10000000000000009 0 -0.09999999999999998 0 0.4 -0.15 -0.35000000000000003 7 1 0 0 0 0 10 0
2026-09-05,02:25:13 GMT,V6.2 BLOCK - final pressure/veto/active/timing gate failed or signal already used
2026-09-05,02:25:13 GMT,SENTINEL V6 MULTI-WINDOW SCAN >>>
2026-09-05,02:25:13 GMT,V6.2 DIAG | 4 0 8 0.10000000000000009 0 -0.09999999999999998 0 0.4 -0.15 -0.35000000000000003 7 1 0 0 0 0 10 0
2026-09-05,02:25:12 GMT,V6.2 BLOCK - final pressure/veto/active/timing gate failed or signal already used
2026-09-05,02:25:12 GMT,SENTINEL V6 MULTI-WINDOW SCAN >>>
2026-09-05,02:25:12 GMT,V6.2 DIAG | 7 0 9 0 0.028571428571428567 0 -0.06666666666666667 0.4 -0.4 -0.4 6 2 0 1 0 0 10 0
2026-09-05,02:25:11 GMT,V6.2 BLOCK - final pressure/veto/active/timing gate failed or signal already used
2026-09-05,02:25:11 GMT,SENTINEL V6 MULTI-WINDOW SCAN >>>
2026-09-05,02:25:11 GMT,V6.2 DIAG | 0 0 10 -0.050000000000000044 0.08571428571428572 0.04999999999999999 -0.2 -0.1 -0.4 -0.65 7 1 0 1 0 0 10 0
2026-09-05,02:25:10 GMT,V6.2 BLOCK - final pressure/veto/active/timing gate failed or signal already used
2026-09-05,02:25:10 GMT,SENTINEL V6 MULTI-WINDOW SCAN >>>
2026-09-05,02:25:10 GMT,V6.2 DIAG | 5 0 10 -0.050000000000000044 0.08571428571428572 0.04999999999999999 -0.2 -0.1 -0.4 -0.65 6 2 1 1 0 0 10 0
2026-09-05,02:25:09 GMT,V6.2 BLOCK - final pressure/veto/active/timing gate failed or signal already used
2026-09-05,02:25:09 GMT,SENTINEL V6 MULTI-WINDOW SCAN >>>
2026-09-05,02:25:09 GMT,V6.2 DIAG | 2 0 9 -0.050000000000000044 0.028571428571428567 0.04999999999999999 -0.06666666666666667 -0.1 -0.4 0.15000000000000002 5 3 1 1 0 0 10 0
2026-09-05,02:25:08 GMT,V6.2 BLOCK - final pressure/veto/active/timing gate failed or signal already used
2026-09-05,02:25:08 GMT,SENTINEL V6 MULTI-WINDOW SCAN >>>
2026-09-05,02:25:08 GMT,V6.2 DIAG | 2 0 9 0 0.028571428571428567 0 -0.06666666666666667 -0.1 -0.4 0.1 5 3 1 0 0 0 10 0
2026-09-05,02:25:07 GMT,V6.2 BLOCK - final pressure/veto/active/timing gate failed or signal already used
2026-09-05,02:25:07 GMT,SENTINEL V6 MULTI-WINDOW SCAN >>>
2026-09-05,02:25:07 GMT,V6.2 DIAG | 1 0 5 0 -0.028571428571428567 0 0.06666666666666667 -0.1 0.4 0.1 5 3 1 1 0 0 10 0
2026-09-05,02:25:06 GMT,V6.2 BLOCK - final pressure/veto/active/timing gate failed or signal already used
2026-09-05,02:25:06 GMT,SENTINEL V6 MULTI-WINDOW SCAN >>>
2026-09-05,02:25:06 GMT,V6.2 DIAG | 3 0 5 0 -0.08571428571428572 0 0.2 -0.1 0.4 0.9 5 3 1 1 0 0 10 0
2026-09-05,02:25:05 GMT,V6.2 BLOCK - final pressure/veto/active/timing gate failed or signal already used
2026-09-05,02:25:05 GMT,SENTINEL V6 MULTI-WINDOW SCAN >>>
2026-09-05,02:25:05 GMT,V6.2 DIAG | 9 0 5 0 -0.08571428571428572 0 0.2 -0.1 0.4 0.9 5 3 1 1 0 0 10 0
2026-09-05,02:25:04 GMT,V6.2 BLOCK - final pressure/veto/active/timing gate failed or signal already used
2026-09-05,02:25:04 GMT,SENTINEL V6 MULTI-WINDOW SCAN >>>
2026-09-05,02:25:04 GMT,V6.2 DIAG | 2 0 7 0.10000000000000009 -0.057142857142857134 -0.09999999999999998 0.13333333333333333 -0.1 0.4 0.4 6 2 1 1 0 0 10 0
2026-09-05,02:25:03 GMT,V6.2 BLOCK - final pressure/veto/active/timing gate failed or signal already used
2026-09-05,02:25:03 GMT,SENTINEL V6 MULTI-WINDOW SCAN >>>
2026-09-05,02:25:03 GMT,V6.2 DIAG | 8 0 5 -0.050000000000000044 -0.028571428571428567 0.04999999999999999 0.06666666666666667 -0.35000000000000003 0.4 0.4 6 2 1 1 0 0 10 0
2026-09-05,02:25:02 GMT,V6.2 BLOCK - final pressure/veto/active/timing gate failed or signal already used
2026-09-05,02:25:02 GMT,SENTINEL V6 MULTI-WINDOW SCAN >>>
2026-09-05,02:25:02 GMT,V6.2 DIAG | 9 0 8 0.050000000000000044 0 -0.04999999999999999 0 -0.35000000000000003 -0.1 0.4 7 1 0 1 0 0 10 0
2026-09-05,02:25:01 GMT,V6.2 BLOCK - final pressure/veto/active/timing gate failed or signal already used
2026-09-05,02:25:01 GMT,SENTINEL V6 MULTI-WINDOW SCAN >>>
2026-09-05,02:25:01 GMT,V6.2 DIAG | 6 0 12 0.050000000000000044 0.057142857142857134 -0.04999999999999999 -0.13333333333333333 -0.6000000000000001 -0.15 -0.1 7 1 0 1 0 0 10 0
2026-09-05,02:25:00 GMT,V6.2 BLOCK - final pressure/veto/active/timing gate failed or signal already used
2026-09-05,02:25:00 GMT,SENTINEL V6 MULTI-WINDOW SCAN >>>
2026-09-05,02:25:00 GMT,V6.2 DIAG | 2 0 10 -0.050000000000000044 0.08571428571428572 0.04999999999999999 -0.2 -0.65 -0.4 -0.1 7 1 0 1 0 0 10 0
2026-09-05,02:24:59 GMT,V6.2 BLOCK - final pressure/veto/active/timing gate failed or signal already used
2026-09-05,02:24:59 GMT,SENTINEL V6 MULTI-WINDOW SCAN >>>
2026-09-05,02:24:59 GMT,V6.2 DIAG | 2 0 10 -0.050000000000000044 0.08571428571428572 0.04999999999999999 -0.2 -0.65 -0.4 -0.1 6 2 0 1 0 0 10 0
2026-09-05,02:24:58 GMT,V6.2 BLOCK - final pressure/veto/active/timing gate failed or signal already used
2026-09-05,02:24:58 GMT,SENTINEL V6 MULTI-WINDOW SCAN >>>
2026-09-05,02:24:58 GMT,V6.2 DIAG | 0 0 9 -0.050000000000000044 0.028571428571428567 0.04999999999999999 -0.06666666666666667 0.15000000000000002 -0.4 -0.1 5 3 1 1 0 0 10 0
2026-09-05,02:24:57 GMT,V6.2 BLOCK - final pressure/veto/active/timing gate failed or signal already used
2026-09-05,02:24:57 GMT,SENTINEL V6 MULTI-WINDOW SCAN >>>
2026-09-05,02:24:57 GMT,V6.2 DIAG | 2 0 9 -0.050000000000000044 0.028571428571428567 0.04999999999999999 -0.06666666666666667 0.15000000000000002 -0.4 -0.1 5 3 1 1 0 0 10 0
2026-09-05,02:24:55 GMT,V6.2 BLOCK - final pressure/veto/active/timing gate failed or signal already used
2026-09-05,02:24:55 GMT,SENTINEL V6 MULTI-WINDOW SCAN >>>
2026-09-05,02:24:55 GMT,V6.2 DIAG | 0 0 6 -0.20000000000000007 0 0.2 0 0.9500000000000001 -0.65 -0.1 5 3 1 1 0 0 10 0
2026-09-05,02:24:54 GMT,V6.2 BLOCK - final pressure/veto/active/timing gate failed or signal already used
2026-09-05,02:24:54 GMT,SENTINEL V6 MULTI-WINDOW SCAN >>>
2026-09-05,02:24:54 GMT,V6.2 DIAG | 2 0 5 -0.20000000000000007 -0.05714285714285714 0.2 0.13333333333333336 0.9500000000000001 0.15000000000000002 -0.1 5 3 1 1 0 0 10 0
2026-09-05,02:24:53 GMT,V6.2 BLOCK - final pressure/veto/active/timing gate failed or signal already used
2026-09-05,02:24:53 GMT,SENTINEL V6 MULTI-WINDOW SCAN >>>
2026-09-05,02:24:53 GMT,V6.2 DIAG | 7 0 2 -0.20000000000000007 -0.05714285714285714 0.2 0.13333333333333336 0.9500000000000001 0.15000000000000002 -0.1 4 4 2 1 0 0 10 0
2026-09-05,02:24:52 GMT,V6.2 BLOCK - final pressure/veto/active/timing gate failed or signal already used
2026-09-05,02:24:52 GMT,SENTINEL V6 MULTI-WINDOW SCAN >>>
2026-09-05,02:24:52 GMT,V6.2 DIAG | 1 0 4 -0.10000000000000009 -0.028571428571428567 0.09999999999999998 0.06666666666666667 0.45 0.15000000000000002 -0.1 5 3 2 1 0 0 10 0
2026-09-05,02:24:51 GMT,V6.2 BLOCK - final pressure/veto/active/timing gate failed or signal already used
2026-09-05,02:24:51 GMT,SENTINEL V6 MULTI-WINDOW SCAN >>>
2026-09-05,02:24:51 GMT,V6.2 DIAG | 7 0 4 -0.25 0 0.25 0 0.45 0.15000000000000002 -0.35000000000000003 5 3 2 1 0 0 10 0
2026-09-05,02:24:50 GMT,V6.2 BLOCK - final pressure/veto/active/timing gate failed or signal already used
2026-09-05,02:24:50 GMT,SENTINEL V6 MULTI-WINDOW SCAN >>>
2026-09-05,02:24:50 GMT,V6.2 DIAG | 8 0 5 -0.15000000000000002 -0.028571428571428567 0.15 0.06666666666666667 -0.05 0.9500000000000001 -0.35000000000000003 6 2 2 1 0 0 10 0
2026-09-05,02:24:49 GMT,V6.2 BLOCK - final pressure/veto/active/timing gate failed or signal already used
2026-09-05,02:24:49 GMT,SENTINEL V6 MULTI-WINDOW SCAN >>>
2026-09-05,02:24:49 GMT,V6.2 DIAG | 2 0 6 0 0 0 0 -0.05 0.45 -0.4 6 2 1 1 0 0 10 0
2026-09-05,02:24:48 GMT,V6.2 BLOCK - final pressure/veto/active/timing gate failed or signal already used
2026-09-05,02:24:48 GMT,SENTINEL V6 MULTI-WINDOW SCAN >>>
2026-09-05,02:24:48 GMT,V6.2 DIAG | 6 0 8 0.050000000000000044 0 -0.04999999999999999 0 -0.05 0.45 -0.45 6 2 1 1 0 0 10 0
2026-09-05,02:24:47 GMT,V6.2 BLOCK - final pressure/veto/active/timing gate failed or signal already used
2026-09-05,02:24:47 GMT,SENTINEL V6 MULTI-WINDOW SCAN >>>
2026-09-05,02:24:47 GMT,V6.2 DIAG | 0 0 9 -0.050000000000000044 0.028571428571428567 0.04999999999999999 -0.06666666666666667 -0.1 0.45 -0.7000000000000001 6 2 1 1 0 0 10 0
2026-09-05,02:24:47 GMT,V6.2 BLOCK - final pressure/veto/active/timing gate failed or signal already used
2026-09-05,02:24:47 GMT,SENTINEL V6 MULTI-WINDOW SCAN >>>
2026-09-05,02:24:47 GMT,V6.2 DIAG | 8 0 5 -0.050000000000000044 -0.028571428571428567 0.04999999999999999 0.06666666666666667 -0.1 0.45 0.1 6 2 1 1 0 0 10 0
2026-09-05,02:24:45 GMT,V6.2 BLOCK - final pressure/veto/active/timing gate failed or signal already used
2026-09-05,02:24:45 GMT,SENTINEL V6 MULTI-WINDOW SCAN >>>
2026-09-05,02:24:45 GMT,V6.2 DIAG | 1 0 8 0.10000000000000009 0 -0.09999999999999998 0 -0.1 -0.1 0.1 6 2 0 0 0 0 10 1
2026-09-05,02:24:44 GMT,V6.2 BLOCK - final pressure/veto/active/timing gate failed or signal already used
2026-09-05,02:24:44 GMT,SENTINEL V6 MULTI-WINDOW SCAN >>>
2026-09-05,02:24:44 GMT,V6.2 DIAG | 6 0 8 0.10000000000000009 0 -0.09999999999999998 0 -0.1 -0.1 0.1 6 2 0 0 0 0 10 1
2026-09-05,02:24:43 GMT,V6.2 BLOCK - final pressure/veto/active/timing gate failed or signal already used
2026-09-05,02:24:43 GMT,SENTINEL V6 MULTI-WINDOW SCAN >>>
2026-09-05,02:24:43 GMT,V6.2 DIAG | 5 0 8 0.10000000000000009 0 -0.09999999999999998 0 -0.1 -0.1 0.1 6 2 0 0 0 0 10 0
2026-09-05,02:24:42 GMT,V6.2 BLOCK - final pressure/veto/active/timing gate failed or signal already used
2026-09-05,02:24:42 GMT,SENTINEL V6 MULTI-WINDOW SCAN >>>
2026-09-05,02:24:42 GMT,V6.2 DIAG | 9 0 8 0.10000000000000009 -0.057142857142857134 -0.09999999999999998 0.13333333333333333 -0.1 -0.1 0.9 6 2 0 1 0 0 10 0
2026-09-05,02:24:41 GMT,V6.2 BLOCK - final pressure/veto/active/timing gate failed or signal already used
2026-09-05,02:24:41 GMT,SENTINEL V6 MULTI-WINDOW SCAN >>>
2026-09-05,02:24:41 GMT,V6.2 DIAG | 2 0 8 0.20000000000000007 -0.028571428571428567 -0.19999999999999998 0.06666666666666667 -0.1 -0.1 0.4 7 1 0 0 0 0 10 0
2026-09-05,02:24:41 GMT,V6.2 BLOCK - final pressure/veto/active/timing gate failed or signal already used
2026-09-05,02:24:41 GMT,SENTINEL V6 MULTI-WINDOW SCAN >>>
2026-09-05,02:24:41 GMT,V6.2 DIAG | 3 0 8 0.050000000000000044 0 -0.04999999999999999 0 -0.1 -0.35000000000000003 0.4 7 1 0 1 0 0 10 0
2026-09-05,02:24:40 GMT,V6.2 BLOCK - final pressure/veto/active/timing gate failed or signal already used
2026-09-05,02:24:40 GMT,SENTINEL V6 MULTI-WINDOW SCAN >>>
2026-09-05,02:24:40 GMT,V6.2 DIAG | 4 0 9 -0.10000000000000009 0.028571428571428567 0.09999999999999998 -0.06666666666666667 -0.35000000000000003 -0.35000000000000003 0.4 7 1 0 1 0 0 10 0
2026-09-05,02:24:39 GMT,V6.2 BLOCK - final pressure/veto/active/timing gate failed or signal already used
2026-09-05,02:24:39 GMT,SENTINEL V6 MULTI-WINDOW SCAN >>>
2026-09-05,02:24:39 GMT,V6.2 DIAG | 9 0 9 -0.050000000000000044 0.028571428571428567 0.04999999999999999 -0.06666666666666667 -0.4 -0.35000000000000003 0.4 6 2 1 1 0 0 10 0
2026-09-05,02:24:38 GMT,V6.2 BLOCK - final pressure/veto/active/timing gate failed or signal already used
2026-09-05,02:24:38 GMT,SENTINEL V6 MULTI-WINDOW SCAN >>>
2026-09-05,02:24:38 GMT,V6.2 DIAG | 2 0 12 0.10000000000000009 0.057142857142857134 -0.09999999999999998 -0.13333333333333333 -0.4 -0.35000000000000003 -0.15 6 2 1 0 1 0 10 0
2026-09-05,02:24:37 GMT,V6.2 BLOCK - final pressure/veto/active/timing gate failed or signal already used
2026-09-05,02:24:37 GMT,SENTINEL V6 MULTI-WINDOW SCAN >>>
2026-09-05,02:24:37 GMT,V6.2 DIAG | 3 0 12 0.10000000000000009 0.057142857142857134 -0.09999999999999998 -0.13333333333333333 -0.4 -0.35000000000000003 -0.15 6 2 1 0 1 0 10 0
2026-09-05,02:24:35 GMT,V6.2 BLOCK - final pressure/veto/active/timing gate failed or signal already used
2026-09-05,02:24:35 GMT,SENTINEL V6 MULTI-WINDOW SCAN >>>
2026-09-05,02:24:35 GMT,V6.2 DIAG | 5 0 8 0.15000000000000002 0 -0.14999999999999997 0 -0.4 0.45 -0.2 6 2 1 1 0 0 10 0
2026-09-05,02:24:34 GMT,V6.2 BLOCK - final pressure/veto/active/timing gate failed or signal already used
2026-09-05,02:24:34 GMT,SENTINEL V6 MULTI-WINDOW SCAN >>>
2026-09-05,02:24:34 GMT,V6.2 DIAG | 0 0 7 0.20000000000000007 -0.057142857142857134 -0.2 0.13333333333333333 0.35000000000000003 0.45 -0.2 6 2 1 1 0 0 10 0
2026-09-05,02:24:33 GMT,V6.2 BLOCK - final pressure/veto/active/timing gate failed or signal already used
2026-09-05,02:24:33 GMT,SENTINEL V6 MULTI-WINDOW SCAN >>>
2026-09-05,02:24:33 GMT,V6.2 DIAG | 0 0 7 0.20000000000000007 -0.057142857142857134 -0.2 0.13333333333333333 0.35000000000000003 0.45 -0.2 6 2 1 1 0 0 10 0
2026-09-05,02:24:33 GMT,V6.2 BLOCK - final pressure/veto/active/timing gate failed or signal already used
2026-09-05,02:24:33 GMT,SENTINEL V6 MULTI-WINDOW SCAN >>>
2026-09-05,02:24:33 GMT,V6.2 DIAG | 1 0 7 0.20000000000000007 -0.057142857142857134 -0.2 0.13333333333333333 0.35000000000000003 0.45 -0.2 6 2 1 1 0 0 10 0
2026-09-05,02:24:32 GMT,V6.2 BLOCK - final pressure/veto/active/timing gate failed or signal already used
2026-09-05,02:24:32 GMT,SENTINEL V6 MULTI-WINDOW SCAN >>>
2026-09-05,02:24:32 GMT,V6.2 DIAG | 8 0 7 0.25 -0.057142857142857134 -0.25 0.13333333333333333 0.35000000000000003 0.4 -0.2 6 2 1 1 0 0 10 0
2026-09-05,02:24:31 GMT,V6.2 BLOCK - final pressure/veto/active/timing gate failed or signal already used
2026-09-05,02:24:31 GMT,SENTINEL V6 MULTI-WINDOW SCAN >>>
2026-09-05,02:24:31 GMT,V6.2 DIAG | 7 0 8 0.35 -0.028571428571428567 -0.35 0.06666666666666667 0.35000000000000003 -0.1 -0.2 7 1 0 0 0 0 10 0
2026-09-05,02:24:30 GMT,V6.2 BLOCK - final pressure/veto/active/timing gate failed or signal already used
2026-09-05,02:24:30 GMT,SENTINEL V6 MULTI-WINDOW SCAN >>>
2026-09-05,02:24:30 GMT,V6.2 DIAG | 2 0 12 0.30000000000000004 0.028571428571428567 -0.30000000000000004 -0.06666666666666667 -0.15 -0.1 -0.45 8 0 0 0 0 0 10 1
2026-09-05,02:24:29 GMT,V6.2 BLOCK - final pressure/veto/active/timing gate failed or signal already used
2026-09-05,02:24:29 GMT,SENTINEL V6 MULTI-WINDOW SCAN >>>
2026-09-05,02:24:29 GMT,V6.2 DIAG | 6 0 12 0.15000000000000002 0.057142857142857134 -0.14999999999999997 -0.13333333333333333 -0.15 -0.1 -0.7000000000000001 8 0 0 0 0 0 10 0
2026-09-05,02:24:28 GMT,V6.2 BLOCK - final pressure/veto/active/timing gate failed or signal already used
2026-09-05,02:24:28 GMT,SENTINEL V6 MULTI-WINDOW SCAN >>>
2026-09-05,02:24:28 GMT,V6.2 DIAG | 5 0 10 0 0.08571428571428572 0 -0.2 -0.4 -0.1 -0.7000000000000001 7 1 0 0 0 0 10 0
2026-09-05,02:24:27 GMT,V6.2 BLOCK - final pressure/veto/active/timing gate failed or signal already used
2026-09-05,02:24:27 GMT,SENTINEL V6 MULTI-WINDOW SCAN >>>
2026-09-05,02:24:27 GMT,V6.2 DIAG | 3 0 11 0.04999999999999993 0.08571428571428572 -0.04999999999999999 -0.2 -0.4 -0.1 -0.75 6 2 0 1 0 0 10 0
2026-09-05,02:24:26 GMT,V6.2 BLOCK - final pressure/veto/active/timing gate failed or signal already used
2026-09-05,02:24:26 GMT,SENTINEL V6 MULTI-WINDOW SCAN >>>
2026-09-05,02:24:26 GMT,V6.2 DIAG | 6 0 10 -0.09999999999999998 0.11428571428571428 0.10000000000000003 -0.26666666666666666 -0.4 -0.35000000000000003 -0.75 5 3 0 1 0 0 10 0
2026-09-05,02:24:25 GMT,V6.2 BLOCK - final pressure/veto/active/timing gate failed or signal already used
2026-09-05,02:24:25 GMT,SENTINEL V6 MULTI-WINDOW SCAN >>>
2026-09-05,02:24:25 GMT,V6.2 DIAG | 2 0 9 -0.09999999999999998 0.05714285714285714 0.10000000000000003 -0.13333333333333336 -0.4 -0.35000000000000003 0.05000000000000002 5 3 0 1 0 0 10 0
2026-09-05,02:24:24 GMT,V6.2 BLOCK - final pressure/veto/active/timing gate failed or signal already used
2026-09-05,02:24:24 GMT,SENTINEL V6 MULTI-WINDOW SCAN >>>
2026-09-05,02:24:24 GMT,V6.2 DIAG | 0 0 4 -0.050000000000000044 0 0.050000000000000044 0 -0.45 -0.35000000000000003 0.8500000000000001 4 4 1 1 0 0 10 0
2026-09-05,02:24:23 GMT,V6.2 BLOCK - final pressure/veto/active/timing gate failed or signal already used
2026-09-05,02:24:23 GMT,SENTINEL V6 MULTI-WINDOW SCAN >>>
2026-09-05,02:24:23 GMT,V6.2 DIAG | 6 0 3 -0.050000000000000044 -0.05714285714285714 0.050000000000000044 0.13333333333333336 0.35000000000000003 -0.35000000000000003 0.8500000000000001 4 4 1 1 0 0 10 0
2026-09-05,02:24:22 GMT,V6.2 BLOCK - final pressure/veto/active/timing gate failed or signal already used
2026-09-05,02:24:22 GMT,SENTINEL V6 MULTI-WINDOW SCAN >>>
2026-09-05,02:24:22 GMT,V6.2 DIAG | 0 0 3 -0.050000000000000044 -0.05714285714285714 0.050000000000000044 0.13333333333333336 0.35000000000000003 -0.35000000000000003 0.8500000000000001 4 4 1 1 0 0 10 0
2026-09-05,02:24:21 GMT,V6.2 BLOCK - final pressure/veto/active/timing gate failed or signal already used
2026-09-05,02:24:21 GMT,SENTINEL V6 MULTI-WINDOW SCAN >>>
2026-09-05,02:24:21 GMT,V6.2 DIAG | 9 0 2 -0.050000000000000044 -0.11428571428571428 0.050000000000000044 0.26666666666666666 0.35000000000000003 0.45 0.8500000000000001 4 4 1 1 0 0 10 0
2026-09-05,02:24:20 GMT,V6.2 BLOCK - final pressure/veto/active/timing gate failed or signal already used
2026-09-05,02:24:20 GMT,SENTINEL V6 MULTI-WINDOW SCAN >>>
2026-09-05,02:24:20 GMT,V6.2 DIAG | 9 0 5 0.04999999999999993 -0.08571428571428572 -0.04999999999999999 0.2 0.35000000000000003 0.45 0.35000000000000003 5 3 1 1 0 0 10 0
2026-09-05,02:24:19 GMT,V6.2 BLOCK - final pressure/veto/active/timing gate failed or signal already used
2026-09-05,02:24:19 GMT,SENTINEL V6 MULTI-WINDOW SCAN >>>
2026-09-05,02:24:19 GMT,V6.2 DIAG | 7 0 5 0 -0.028571428571428567 0 0.06666666666666667 0.1 0.45 -0.15 6 2 1 1 0 0 10 0
2026-09-05,02:24:18 GMT,V6.2 BLOCK - final pressure/veto/active/timing gate failed or signal already used
2026-09-05,02:24:18 GMT,SENTINEL V6 MULTI-WINDOW SCAN >>>
2026-09-05,02:24:18 GMT,V6.2 DIAG | 5 0 9 0 0.028571428571428567 0 -0.06666666666666667 -0.4 0.45 -0.45 7 1 1 1 0 0 10 0
2026-09-05,02:24:17 GMT,V6.2 BLOCK - final pressure/veto/active/timing gate failed or signal already used
2026-09-05,02:24:17 GMT,SENTINEL V6 MULTI-WINDOW SCAN >>>
2026-09-05,02:24:17 GMT,V6.2 DIAG | 8 0 9 0 0.028571428571428567 0 -0.06666666666666667 -0.4 0.45 -0.45 6 2 1 1 0 0 10 0
2026-09-05,02:24:16 GMT,V6.2 BLOCK - final pressure/veto/active/timing gate failed or signal already used
2026-09-05,02:24:16 GMT,SENTINEL V6 MULTI-WINDOW SCAN >>>
2026-09-05,02:24:16 GMT,V6.2 DIAG | 0 0 10 -0.050000000000000044 0.08571428571428572 0.04999999999999999 -0.2 -0.4 -0.05 -0.7000000000000001 6 2 0 1 0 0 10 0
2026-09-05,02:24:15 GMT,V6.2 BLOCK - final pressure/veto/active/timing gate failed or signal already used
2026-09-05,02:24:15 GMT,SENTINEL V6 MULTI-WINDOW SCAN >>>
2026-09-05,02:24:15 GMT,V6.2 DIAG | 3 0 10 -0.15000000000000002 0.11428571428571428 0.15000000000000002 -0.26666666666666666 -0.65 -0.1 -0.7000000000000001 6 2 0 1 0 0 10 0
2026-09-05,02:24:14 GMT,V6.2 BLOCK - final pressure/veto/active/timing gate failed or signal already used
2026-09-05,02:24:14 GMT,SENTINEL V6 MULTI-WINDOW SCAN >>>
2026-09-05,02:24:14 GMT,V6.2 DIAG | 6 0 9 -0.15000000000000002 0.05714285714285714 0.15000000000000002 -0.13333333333333336 0.15000000000000002 -0.1 -0.7000000000000001 5 3 0 1 0 0 10 0
2026-09-05,02:24:13 GMT,V6.2 BLOCK - final pressure/veto/active/timing gate failed or signal already used
2026-09-05,02:24:13 GMT,SENTINEL V6 MULTI-WINDOW SCAN >>>
2026-09-05,02:24:13 GMT,V6.2 DIAG | 2 0 3 -0.15000000000000002 0 0.15000000000000002 0 0.15000000000000002 -0.1 0.1 4 4 0 1 0 0 10 0
2026-09-05,02:24:12 GMT,V6.2 BLOCK - final pressure/veto/active/timing gate failed or signal already used
2026-09-05,02:24:12 GMT,SENTINEL V6 MULTI-WINDOW SCAN >>>
2026-09-05,02:24:12 GMT,V6.2 DIAG | 1 0 6 -0.30000000000000004 0.028571428571428574 0.3 -0.06666666666666668 0.15000000000000002 -0.35000000000000003 0.1 4 4 0 1 0 0 10 0
2026-09-05,02:24:11 GMT,V6.2 BLOCK - final pressure/veto/active/timing gate failed or signal already used
2026-09-05,02:24:11 GMT,SENTINEL V6 MULTI-WINDOW SCAN >>>
2026-09-05,02:24:11 GMT,V6.2 DIAG | 3 0 3 -0.30000000000000004 -0.028571428571428574 0.3 0.06666666666666668 0.15000000000000002 -0.35000000000000003 0.9 4 4 0 1 0 0 10 0
2026-09-05,02:24:10 GMT,V6.2 BLOCK - final pressure/veto/active/timing gate failed or signal already used
2026-09-05,02:24:10 GMT,SENTINEL V6 MULTI-WINDOW SCAN >>>
2026-09-05,02:24:10 GMT,V6.2 DIAG | 7 0 3 -0.25 -0.08571428571428572 0.25 0.2 0.9500000000000001 -0.35000000000000003 0.8500000000000001 3 5 1 1 0 0 10 0
2026-09-05,02:24:09 GMT,V6.2 BLOCK - final pressure/veto/active/timing gate failed or signal already used
2026-09-05,02:24:09 GMT,SENTINEL V6 MULTI-WINDOW SCAN >>>
2026-09-05,02:24:09 GMT,V6.2 DIAG | 9 0 3 -0.15000000000000002 -0.05714285714285714 0.15000000000000002 0.13333333333333336 0.45 -0.35000000000000003 0.8500000000000001 4 4 1 1 0 0 10 0
2026-09-05,02:24:08 GMT,V6.2 BLOCK - final pressure/veto/active/timing gate failed or signal already used
2026-09-05,02:24:08 GMT,SENTINEL V6 MULTI-WINDOW SCAN >>>
2026-09-05,02:24:08 GMT,V6.2 DIAG | 3 0 5 -0.050000000000000044 -0.028571428571428567 0.04999999999999999 0.06666666666666667 0.45 -0.35000000000000003 0.35000000000000003 5 3 1 1 0 0 10 0
2026-09-05,02:24:07 GMT,V6.2 BLOCK - final pressure/veto/active/timing gate failed or signal already used
2026-09-05,02:24:07 GMT,SENTINEL V6 MULTI-WINDOW SCAN >>>
2026-09-05,02:24:07 GMT,V6.2 DIAG | 9 0 4 -0.20000000000000007 -0.05714285714285714 0.2 0.13333333333333336 0.45 0.45 0.1 5 3 1 1 0 0 10 0
2026-09-05,02:24:06 GMT,V6.2 BLOCK - final pressure/veto/active/timing gate failed or signal already used
2026-09-05,02:24:06 GMT,SENTINEL V6 MULTI-WINDOW SCAN >>>
2026-09-05,02:24:06 GMT,V6.2 DIAG | 7 0 5 -0.10000000000000009 -0.028571428571428567 0.09999999999999998 0.06666666666666667 0.45 0.45 -0.4 6 2 1 1 0 0 10 0
2026-09-05,02:24:05 GMT,V6.2 BLOCK - final pressure/veto/active/timing gate failed or signal already used
2026-09-05,02:24:05 GMT,SENTINEL V6 MULTI-WINDOW SCAN >>>
2026-09-05,02:24:05 GMT,V6.2 DIAG | 0 0 8 0.050000000000000044 0 -0.04999999999999999 0 -0.1 0.45 -0.4 6 2 1 1 0 0 10 0
2026-09-05,02:24:04 GMT,V6.2 BLOCK - final pressure/veto/active/timing gate failed or signal already used
2026-09-05,02:24:04 GMT,SENTINEL V6 MULTI-WINDOW SCAN >>>
2026-09-05,02:24:04 GMT,V6.2 DIAG | 3 0 9 -0.10000000000000009 0.028571428571428567 0.09999999999999998 -0.06666666666666667 -0.35000000000000003 0.45 -0.4 6 2 1 1 0 0 10 0
2026-09-05,02:24:03 GMT,V6.2 BLOCK - final pressure/veto/active/timing gate failed or signal already used
2026-09-05,02:24:03 GMT,SENTINEL V6 MULTI-WINDOW SCAN >>>
2026-09-05,02:24:03 GMT,V6.2 DIAG | 8 0 9 -0.10000000000000009 0.028571428571428567 0.09999999999999998 -0.06666666666666667 -0.35000000000000003 0.45 -0.4 6 2 1 1 0 0 10 0
2026-09-05,02:24:02 GMT,V6.2 BLOCK - final pressure/veto/active/timing gate failed or signal already used
2026-09-05,02:24:02 GMT,SENTINEL V6 MULTI-WINDOW SCAN >>>
2026-09-05,02:24:02 GMT,V6.2 DIAG | 2 0 6 0 0 0 0 -0.35000000000000003 -0.05 0.4 6 2 0 0 0 0 10 0
2026-09-05,02:24:01 GMT,V6.2 BLOCK - final pressure/veto/active/timing gate failed or signal already used
2026-09-05,02:24:01 GMT,SENTINEL V6 MULTI-WINDOW SCAN >>>
2026-09-05,02:24:01 GMT,V6.2 DIAG | 3 0 6 0 0 0 0 -0.35000000000000003 -0.05 0.4 6 2 0 0 0 0 10 0
2026-09-05,02:24:00 GMT,V6.2 BLOCK - final pressure/veto/active/timing gate failed or signal already used
2026-09-05,02:24:00 GMT,SENTINEL V6 MULTI-WINDOW SCAN >>>
2026-09-05,02:24:00 GMT,V6.2 DIAG | 0 0 6 0 0 0 0 -0.35000000000000003 -0.05 0.4 6 2 0 0 0 0 10 0
2026-09-05,02:23:59 GMT,V6.2 BLOCK - final pressure/veto/active/timing gate failed or signal already used
2026-09-05,02:23:59 GMT,SENTINEL V6 MULTI-WINDOW SCAN >>>
2026-09-05,02:23:59 GMT,V6.2 DIAG | 4 0 5 0 -0.057142857142857134 0 0.13333333333333333 0.45 -0.05 0.4 6 2 0 1 0 0 10 0
2026-09-05,02:23:58 GMT,V6.2 BLOCK - final pressure/veto/active/timing gate failed or signal already used
2026-09-05,02:23:58 GMT,SENTINEL V6 MULTI-WINDOW SCAN >>>
2026-09-05,02:23:58 GMT,V6.2 DIAG | 9 0 5 -0.15000000000000002 -0.028571428571428567 0.15 0.06666666666666667 0.45 -0.05 0.15000000000000002 6 2 0 1 0 0 10 0
2026-09-05,02:23:57 GMT,V6.2 BLOCK - final pressure/veto/active/timing gate failed or signal already used
2026-09-05,02:23:57 GMT,SENTINEL V6 MULTI-WINDOW SCAN >>>
2026-09-05,02:23:57 GMT,V6.2 DIAG | 3 0 6 -0.04999999999999993 0 0.05000000000000002 0 0.45 -0.05 -0.35000000000000003 7 1 0 1 0 0 10 0
2026-09-05,02:23:56 GMT,V6.2 BLOCK - final pressure/veto/active/timing gate failed or signal already used
2026-09-05,02:23:56 GMT,SENTINEL V6 MULTI-WINDOW SCAN >>>
2026-09-05,02:23:56 GMT,V6.2 DIAG | 4 0 6 -0.04999999999999993 0 0.05000000000000002 0 0.45 -0.05 -0.35000000000000003 6 2 0 1 0 0 10 0
2026-09-05,02:23:55 GMT,V6.2 BLOCK - final pressure/veto/active/timing gate failed or signal already used
2026-09-05,02:23:55 GMT,SENTINEL V6 MULTI-WINDOW SCAN >>>
2026-09-05,02:23:55 GMT,V6.2 DIAG | 7 0 9 -0.20000000000000007 0.028571428571428567 0.19999999999999998 -0.06666666666666667 0.45 -0.30000000000000004 -0.35000000000000003 6 2 0 1 0 0 10 0
2026-09-05,02:23:54 GMT,V6.2 BLOCK - final pressure/veto/active/timing gate failed or signal already used
2026-09-05,02:23:54 GMT,SENTINEL V6 MULTI-WINDOW SCAN >>>
2026-09-05,02:23:54 GMT,V6.2 DIAG | 0 0 10 -0.09999999999999998 0.057142857142857134 0.1 -0.13333333333333333 -0.05 -0.30000000000000004 -0.35000000000000003 7 1 0 1 0 0 10 0
2026-09-05,02:23:53 GMT,V6.2 BLOCK - final pressure/veto/active/timing gate failed or signal already used
2026-09-05,02:23:53 GMT,SENTINEL V6 MULTI-WINDOW SCAN >>>
2026-09-05,02:23:53 GMT,V6.2 DIAG | 0 0 6 -0.09999999999999998 0 0.1 0 -0.05 -0.30000000000000004 0.45 6 2 1 1 0 0 10 0
2026-09-05,02:23:52 GMT,V6.2 BLOCK - final pressure/veto/active/timing gate failed or signal already used
2026-09-05,02:23:52 GMT,SENTINEL V6 MULTI-WINDOW SCAN >>>
2026-09-05,02:23:52 GMT,V6.2 DIAG | 4 0 6 -0.09999999999999998 0 0.1 0 -0.05 -0.30000000000000004 0.45 6 2 1 1 0 0 10 0
2026-09-05,02:23:51 GMT,V6.2 BLOCK - final pressure/veto/active/timing gate failed or signal already used
2026-09-05,02:23:51 GMT,SENTINEL V6 MULTI-WINDOW SCAN >>>
2026-09-05,02:23:51 GMT,V6.2 DIAG | 4 0 6 -0.09999999999999998 0 0.1 0 -0.05 -0.30000000000000004 0.45 6 2 1 1 0 0 10 0
2026-09-05,02:23:50 GMT,V6.2 BLOCK - final pressure/veto/active/timing gate failed or signal already used
2026-09-05,02:23:50 GMT,SENTINEL V6 MULTI-WINDOW SCAN >>>
2026-09-05,02:23:50 GMT,V6.2 DIAG | 4 0 5 -0.25 -0.028571428571428567 0.25 0.06666666666666667 -0.05 0.5 0.2 6 2 1 1 0 0 10 0
2026-09-05,02:23:49 GMT,V6.2 BLOCK - final pressure/veto/active/timing gate failed or signal already used
2026-09-05,02:23:49 GMT,SENTINEL V6 MULTI-WINDOW SCAN >>>
2026-09-05,02:23:49 GMT,V6.2 DIAG | 9 0 5 -0.25 -0.028571428571428567 0.25 0.06666666666666667 -0.05 0.5 0.2 6 2 1 1 0 0 10 0
2026-09-05,02:23:48 GMT,V6.2 BLOCK - final pressure/veto/active/timing gate failed or signal already used
2026-09-05,02:23:48 GMT,SENTINEL V6 MULTI-WINDOW SCAN >>>
2026-09-05,02:23:48 GMT,V6.2 DIAG | 6 0 6 -0.1499999999999999 0 0.15000000000000002 0 -0.05 0.5 -0.30000000000000004 6 2 1 1 0 0 10 0
2026-09-05,02:23:47 GMT,V6.2 BLOCK - final pressure/veto/active/timing gate failed or signal already used
2026-09-05,02:23:47 GMT,SENTINEL V6 MULTI-WINDOW SCAN >>>
2026-09-05,02:23:47 GMT,V6.2 DIAG | 1 0 6 -0.1499999999999999 0 0.15000000000000002 0 -0.05 0.5 -0.30000000000000004 6 2 1 1 0 0 10 0
2026-09-05,02:23:46 GMT,V6.2 BLOCK - final pressure/veto/active/timing gate failed or signal already used
2026-09-05,02:23:46 GMT,SENTINEL V6 MULTI-WINDOW SCAN >>>
2026-09-05,02:23:46 GMT,V6.2 DIAG | 8 0 6 -0.09999999999999998 0 0.1 0 -0.05 0.5 -0.35000000000000003 6 2 1 1 0 0 10 0
2026-09-05,02:23:45 GMT,V6.2 BLOCK - final pressure/veto/active/timing gate failed or signal already used
2026-09-05,02:23:45 GMT,SENTINEL V6 MULTI-WINDOW SCAN >>>
2026-09-05,02:23:45 GMT,V6.2 DIAG | 3 0 6 -0.1499999999999999 0 0.15000000000000002 0 -0.30000000000000004 0 0.45 7 1 0 1 0 0 10 0
2026-09-05,02:23:44 GMT,V6.2 BLOCK - final pressure/veto/active/timing gate failed or signal already used
2026-09-05,02:23:44 GMT,SENTINEL V6 MULTI-WINDOW SCAN >>>
2026-09-05,02:23:44 GMT,V6.2 DIAG | 6 0 6 -0.1499999999999999 0 0.15000000000000002 0 -0.30000000000000004 0 0.45 7 1 0 1 0 0 10 0
2026-09-05,02:23:43 GMT,V6.2 BLOCK - final pressure/veto/active/timing gate failed or signal already used
2026-09-05,02:23:43 GMT,SENTINEL V6 MULTI-WINDOW SCAN >>>
2026-09-05,02:23:43 GMT,V6.2 DIAG | 2 0 6 -0.09999999999999998 0 0.1 0 -0.30000000000000004 -0.05 0.45 6 2 0 1 0 0 10 0
2026-09-05,02:23:42 GMT,V6.2 BLOCK - final pressure/veto/active/timing gate failed or signal already used
2026-09-05,02:23:42 GMT,SENTINEL V6 MULTI-WINDOW SCAN >>>
2026-09-05,02:23:42 GMT,V6.2 DIAG | 4 0 6 -0.09999999999999998 0 0.1 0 -0.30000000000000004 -0.05 0.45 6 2 0 1 0 0 10 0
2026-09-05,02:23:41 GMT,V6.2 BLOCK - final pressure/veto/active/timing gate failed or signal already used
2026-09-05,02:23:41 GMT,SENTINEL V6 MULTI-WINDOW SCAN >>>
2026-09-05,02:23:41 GMT,V6.2 DIAG | 9 0 6 -0.09999999999999998 0 0.1 0 -0.30000000000000004 -0.05 0.45 6 2 0 1 0 0 10 0
2026-09-05,02:23:40 GMT,V6.2 BLOCK - final pressure/veto/active/timing gate failed or signal already used
2026-09-05,02:23:40 GMT,SENTINEL V6 MULTI-WINDOW SCAN >>>
2026-09-05,02:23:40 GMT,V6.2 DIAG | 4 0 6 0 -0.028571428571428567 0 0.06666666666666667 0.5 -0.05 -0.05 7 1 0 0 0 0 10 0
2026-09-05,02:23:39 GMT,V6.2 BLOCK - final pressure/veto/active/timing gate failed or signal already used
2026-09-05,02:23:39 GMT,SENTINEL V6 MULTI-WINDOW SCAN >>>
2026-09-05,02:23:39 GMT,V6.2 DIAG | 6 0 6 0 -0.028571428571428567 0 0.06666666666666667 0.5 -0.05 -0.05 7 1 0 0 0 0 10 0
2026-09-05,02:23:38 GMT,V6.2 BLOCK - final pressure/veto/active/timing gate failed or signal already used
2026-09-05,02:23:38 GMT,SENTINEL V6 MULTI-WINDOW SCAN >>>
2026-09-05,02:23:38 GMT,V6.2 DIAG | 4 0 6 0 -0.028571428571428567 0 0.06666666666666667 0.5 -0.05 -0.05 7 1 0 0 0 0 10 0
2026-09-05,02:23:37 GMT,V6.2 BLOCK - final pressure/veto/active/timing gate failed or signal already used
2026-09-05,02:23:37 GMT,SENTINEL V6 MULTI-WINDOW SCAN >>>
2026-09-05,02:23:37 GMT,V6.2 DIAG | 4 0 6 0 -0.028571428571428567 0 0.06666666666666667 0.5 -0.05 -0.05 7 1 0 0 0 0 10 0
2026-09-05,02:23:36 GMT,V6.2 BLOCK - final pressure/veto/active/timing gate failed or signal already used
2026-09-05,02:23:36 GMT,SENTINEL V6 MULTI-WINDOW SCAN >>>
2026-09-05,02:23:36 GMT,V6.2 DIAG | 7 0 6 0 -0.028571428571428567 0 0.06666666666666667 0.5 -0.05 -0.05 7 1 0 1 0 0 10 0
2026-09-05,02:23:35 GMT,V6.2 BLOCK - final pressure/veto/active/timing gate failed or signal already used
2026-09-05,02:23:35 GMT,SENTINEL V6 MULTI-WINDOW SCAN >>>
2026-09-05,02:23:35 GMT,V6.2 DIAG | 2 1 9 0.09999999999999998 0 -0.1 0 0 -0.05 -0.05 8 0 0 0 0 0 10 1
2026-09-05,02:23:34 GMT,V6.2 BLOCK - final pressure/veto/active/timing gate failed or signal already used
2026-09-05,02:23:34 GMT,SENTINEL V6 MULTI-WINDOW SCAN >>>
2026-09-05,02:23:34 GMT,V6.2 DIAG | 3 1 9 0.09999999999999998 0 -0.1 0 0 -0.05 -0.05 8 0 0 0 0 0 10 1
2026-09-05,02:23:33 GMT,V6.2 BLOCK - final pressure/veto/active/timing gate failed or signal already used
2026-09-05,02:23:33 GMT,SENTINEL V6 MULTI-WINDOW SCAN >>>
2026-09-05,02:23:33 GMT,V6.2 DIAG | 0 1 9 0.09999999999999998 0 -0.1 0 0 -0.05 -0.05 8 0 0 0 0 0 10 1
2026-09-05,02:23:32 GMT,V6.2 BLOCK - final pressure/veto/active/timing gate failed or signal already used
2026-09-05,02:23:32 GMT,SENTINEL V6 MULTI-WINDOW SCAN >>>
2026-09-05,02:23:32 GMT,V6.2 DIAG | 2 1 9 0.09999999999999998 0 -0.1 0 0 -0.05 -0.05 8 0 0 0 0 0 10 1
2026-09-05,02:23:31 GMT,V6.2 BLOCK - final pressure/veto/active/timing gate failed or signal already used
2026-09-05,02:23:31 GMT,SENTINEL V6 MULTI-WINDOW SCAN >>>
2026-09-05,02:23:31 GMT,V6.2 DIAG | 2 0 9 0.09999999999999998 0 -0.1 0 0 -0.05 -0.05 8 0 0 0 0 0 10 1
2026-09-05,02:23:30 GMT,V6.2 BLOCK - final pressure/veto/active/timing gate failed or signal already used
2026-09-05,02:23:30 GMT,SENTINEL V6 MULTI-WINDOW SCAN >>>
2026-09-05,02:23:30 GMT,V6.2 DIAG | 2 0 9 0.09999999999999998 0 -0.1 0 0 -0.05 -0.05 8 0 0 0 0 0 10 0
2026-09-05,02:23:29 GMT,V6.2 BLOCK - final pressure/veto/active/timing gate failed or signal already used
2026-09-05,02:23:29 GMT,SENTINEL V6 MULTI-WINDOW SCAN >>>
2026-09-05,02:23:29 GMT,V6.2 DIAG | 0 0 9 0.09999999999999998 0 -0.1 0 0 -0.05 -0.05 8 0 0 0 0 0 10 0
2026-09-05,02:23:28 GMT,V6.2 BLOCK - final pressure/veto/active/timing gate failed or signal already used
2026-09-05,02:23:28 GMT,SENTINEL V6 MULTI-WINDOW SCAN >>>
2026-09-05,02:23:28 GMT,V6.2 DIAG | 4 0 9 0.15000000000000002 0 -0.15 0 0 -0.05 -0.1 8 0 0 1 0 0 10 0
2026-09-05,02:23:27 GMT,V6.2 BLOCK - final pressure/veto/active/timing gate failed or signal already used
2026-09-05,02:23:27 GMT,SENTINEL V6 MULTI-WINDOW SCAN >>>
2026-09-05,02:23:27 GMT,V6.2 DIAG | 6 0 9 0.19999999999999996 0 -0.2 0 0 -0.1 -0.1 8 0 0 0 0 0 10 0
2026-09-05,02:23:26 GMT,V6.2 BLOCK - final pressure/veto/active/timing gate failed or signal already used
2026-09-05,02:23:26 GMT,SENTINEL V6 MULTI-WINDOW SCAN >>>
2026-09-05,02:23:26 GMT,V6.2 DIAG | 6 0 12 0.050000000000000044 0.028571428571428567 -0.04999999999999999 -0.06666666666666667 0 -0.1 -0.35000000000000003 8 0 0 0 1 0 10 0
2026-09-05,02:23:25 GMT,V6.2 BLOCK - final pressure/veto/active/timing gate failed or signal already used
2026-09-05,02:23:25 GMT,SENTINEL V6 MULTI-WINDOW SCAN >>>
2026-09-05,02:23:25 GMT,V6.2 DIAG | 0 0 12 0.050000000000000044 0.028571428571428567 -0.04999999999999999 -0.06666666666666667 0 -0.1 -0.35000000000000003 8 0 0 0 1 0 10 0
2026-09-05,02:23:24 GMT,V6.2 BLOCK - final pressure/veto/active/timing gate failed or signal already used
2026-09-05,02:23:24 GMT,SENTINEL V6 MULTI-WINDOW SCAN >>>
2026-09-05,02:23:24 GMT,V6.2 DIAG | 3 0 12 0.050000000000000044 0.028571428571428567 -0.04999999999999999 -0.06666666666666667 0 -0.1 -0.35000000000000003 7 1 0 1 0 0 10 0
2026-09-05,02:23:23 GMT,V6.2 BLOCK - final pressure/veto/active/timing gate failed or signal already used
2026-09-05,02:23:23 GMT,SENTINEL V6 MULTI-WINDOW SCAN >>>
2026-09-05,02:23:23 GMT,V6.2 DIAG | 4 0 10 -0.04999999999999993 0.057142857142857134 0.05000000000000002 -0.13333333333333333 0 -0.4 -0.35000000000000003 7 1 0 1 0 0 10 0
2026-09-05,02:23:22 GMT,V6.2 BLOCK - final pressure/veto/active/timing gate failed or signal already used
2026-09-05,02:23:22 GMT,SENTINEL V6 MULTI-WINDOW SCAN >>>
2026-09-05,02:23:22 GMT,V6.2 DIAG | 0 0 10 -0.04999999999999993 0.057142857142857134 0.05000000000000002 -0.13333333333333333 0 -0.4 -0.35000000000000003 7 1 0 1 0 0 10 0
2026-09-05,02:23:21 GMT,V6.2 BLOCK - final pressure/veto/active/timing gate failed or signal already used
2026-09-05,02:23:21 GMT,SENTINEL V6 MULTI-WINDOW SCAN >>>
2026-09-05,02:23:21 GMT,V6.2 DIAG | 1 0 6 -0.04999999999999993 0 0.05000000000000002 0 0 -0.4 0.45 6 2 1 1 0 0 10 0
2026-09-05,02:23:20 GMT,V6.2 BLOCK - final pressure/veto/active/timing gate failed or signal already used
2026-09-05,02:23:20 GMT,SENTINEL V6 MULTI-WINDOW SCAN >>>
2026-09-05,02:23:20 GMT,V6.2 DIAG | 5 0 6 -0.04999999999999993 0 0.05000000000000002 0 0 -0.4 0.45 6 2 1 1 0 0 10 0
2026-09-05,02:23:19 GMT,V6.2 BLOCK - final pressure/veto/active/timing gate failed or signal already used
2026-09-05,02:23:19 GMT,SENTINEL V6 MULTI-WINDOW SCAN >>>
2026-09-05,02:23:19 GMT,V6.2 DIAG | 5 0 6 0 0 0 0 -0.05 -0.4 0.45 6 2 1 0 0 0 10 0
2026-09-05,02:23:18 GMT,V6.2 BLOCK - final pressure/veto/active/timing gate failed or signal already used
2026-09-05,02:23:18 GMT,SENTINEL V6 MULTI-WINDOW SCAN >>>
2026-09-05,02:23:18 GMT,V6.2 DIAG | 6 0 5 0 -0.057142857142857134 0 0.13333333333333333 -0.05 0.4 0.45 6 2 1 1 0 0 10 0
2026-09-05,02:23:17 GMT,V6.2 BLOCK - final pressure/veto/active/timing gate failed or signal already used
2026-09-05,02:23:17 GMT,SENTINEL V6 MULTI-WINDOW SCAN >>>
2026-09-05,02:23:17 GMT,V6.2 DIAG | 9 0 7 0.050000000000000044 -0.057142857142857134 -0.04999999999999999 0.13333333333333333 -0.05 0.35000000000000003 0.45 6 2 1 1 0 0 10 0
2026-09-05,02:23:15 GMT,V6.2 BLOCK - final pressure/veto/active/timing gate failed or signal already used
2026-09-05,02:23:15 GMT,SENTINEL V6 MULTI-WINDOW SCAN >>>
2026-09-05,02:23:15 GMT,V6.2 DIAG | 4 0 8 0.15000000000000002 -0.028571428571428567 -0.15 0.06666666666666667 -0.05 0.35000000000000003 -0.05 7 1 1 1 0 0 10 0
2026-09-05,02:23:14 GMT,V6.2 BLOCK - final pressure/veto/active/timing gate failed or signal already used
2026-09-05,02:23:14 GMT,SENTINEL V6 MULTI-WINDOW SCAN >>>
2026-09-05,02:23:14 GMT,V6.2 DIAG | 4 0 8 0.15000000000000002 -0.028571428571428567 -0.15 0.06666666666666667 -0.05 0.35000000000000003 -0.05 7 1 1 1 0 0 10 0
2026-09-05,02:23:13 GMT,V6.2 BLOCK - final pressure/veto/active/timing gate failed or signal already used
2026-09-05,02:23:13 GMT,SENTINEL V6 MULTI-WINDOW SCAN >>>
2026-09-05,02:23:13 GMT,V6.2 DIAG | 8 0 8 0.15000000000000002 -0.028571428571428567 -0.15 0.06666666666666667 -0.05 0.35000000000000003 -0.05 7 1 1 1 0 0 10 0
2026-09-05,02:23:12 GMT,V6.2 BLOCK - final pressure/veto/active/timing gate failed or signal already used
2026-09-05,02:23:12 GMT,SENTINEL V6 MULTI-WINDOW SCAN >>>
2026-09-05,02:23:12 GMT,V6.2 DIAG | 6 0 9 0.30000000000000004 0 -0.3 0 -0.1 -0.15 -0.05 8 0 0 0 0 0 10 0
2026-09-05,02:23:11 GMT,V6.2 BLOCK - final pressure/veto/active/timing gate failed or signal already used
2026-09-05,02:23:11 GMT,SENTINEL V6 MULTI-WINDOW SCAN >>>
2026-09-05,02:23:11 GMT,V6.2 DIAG | 3 1 9 0.30000000000000004 0 -0.3 0 -0.1 -0.15 -0.05 8 0 0 0 0 0 10 0
2026-09-05,02:23:11 GMT,Loss amount: -2.42
2026-09-05,02:23:11 GMT,V6.2 DIAG | 2 1 9 0.35 0 -0.35 0 -0.15 -0.15 -0.05 8 0 0 0 0 0 9 1
2026-09-05,02:23:10 GMT,V6.2 DIAG | 2 0 9 0.35 0 -0.35 0 -0.15 -0.15 -0.05 8 0 0 0 0 0 9 1
2026-09-05,02:23:09 GMT,V6.2 DIAG | 6 0 9 0.35 0 -0.35 0 -0.15 -0.15 -0.05 8 0 0 0 0 0 9 0
2026-09-05,02:23:08 GMT,V6.2 DIAG | 5 0 12 0.25 0.028571428571428567 -0.24999999999999997 -0.06666666666666667 -0.15 -0.15 -0.35000000000000003 8 0 0 0 0 0 9 0
2026-09-05,02:23:08 GMT,Bought: (ID: 22520851139)
2026-09-05,02:23:07 GMT,SENTINEL V6 MULTI-WINDOW SCAN >>>
2026-09-05,02:23:07 GMT,V6.2 DIAG | 0 1 12 0.10000000000000009 0.057142857142857134 -0.09999999999999998 -0.13333333333333333 -0.15 -0.4 -0.35000000000000003 8 0 0 0 1 1 9 1
2026-09-05,02:23:06 GMT,V6.2 BLOCK - final pressure/veto/active/timing gate failed or signal already used
2026-09-05,02:23:06 GMT,SENTINEL V6 MULTI-WINDOW SCAN >>>
2026-09-05,02:23:06 GMT,V6.2 DIAG | 0 0 12 0.10000000000000009 0.057142857142857134 -0.09999999999999998 -0.13333333333333333 -0.15 -0.4 -0.35000000000000003 7 1 0 0 1 0 9 1
2026-09-05,02:23:05 GMT,V6.2 BLOCK - final pressure/veto/active/timing gate failed or signal already used
2026-09-05,02:23:05 GMT,SENTINEL V6 MULTI-WINDOW SCAN >>>
2026-09-05,02:23:05 GMT,V6.2 DIAG | 1 0 12 0.10000000000000009 0.057142857142857134 -0.09999999999999998 -0.13333333333333333 -0.15 -0.4 -0.35000000000000003 6 2 1 0 1 0 9 0
2026-09-05,02:23:04 GMT,V6.2 BLOCK - final pressure/veto/active/timing gate failed or signal already used
2026-09-05,02:23:04 GMT,SENTINEL V6 MULTI-WINDOW SCAN >>>
2026-09-05,02:23:04 GMT,V6.2 DIAG | 1 0 12 0.10000000000000009 0.057142857142857134 -0.09999999999999998 -0.13333333333333333 -0.15 -0.4 -0.35000000000000003 6 2 1 0 1 0 9 0
2026-09-05,02:23:03 GMT,V6.2 BLOCK - final pressure/veto/active/timing gate failed or signal already used
2026-09-05,02:23:03 GMT,SENTINEL V6 MULTI-WINDOW SCAN >>>
2026-09-05,02:23:03 GMT,V6.2 DIAG | 2 0 9 -0.050000000000000044 0.028571428571428567 0.04999999999999999 -0.06666666666666667 -0.15 -0.65 0.45 6 2 1 1 0 0 9 0
2026-09-05,02:23:02 GMT,V6.2 BLOCK - final pressure/veto/active/timing gate failed or signal already used
2026-09-05,02:23:02 GMT,SENTINEL V6 MULTI-WINDOW SCAN >>>
2026-09-05,02:23:02 GMT,V6.2 DIAG | 6 0 5 0 -0.028571428571428567 0 0.06666666666666667 -0.15 0.15000000000000002 0.4 6 2 1 1 0 0 9 0
2026-09-05,02:23:01 GMT,V6.2 BLOCK - final pressure/veto/active/timing gate failed or signal already used
2026-09-05,02:23:01 GMT,SENTINEL V6 MULTI-WINDOW SCAN >>>
2026-09-05,02:23:01 GMT,V6.2 DIAG | 2 0 4 0 -0.028571428571428567 0 0.06666666666666667 -0.15 0.15000000000000002 0.4 5 3 2 1 0 0 9 0
2026-09-05,02:23:00 GMT,V6.2 BLOCK - final pressure/veto/active/timing gate failed or signal already used
2026-09-05,02:23:00 GMT,SENTINEL V6 MULTI-WINDOW SCAN >>>
2026-09-05,02:23:00 GMT,V6.2 DIAG | 4 0 4 0 -0.028571428571428567 0 0.06666666666666667 -0.15 0.15000000000000002 0.4 5 3 2 1 0 0 9 0
2026-09-05,02:22:59 GMT,V6.2 BLOCK - final pressure/veto/active/timing gate failed or signal already used
2026-09-05,02:22:59 GMT,SENTINEL V6 MULTI-WINDOW SCAN >>>
2026-09-05,02:22:59 GMT,V6.2 DIAG | 9 0 4 -0.09999999999999998 0 0.10000000000000003 0 -0.4 0.1 0.4 5 3 2 1 0 0 9 0
2026-09-05,02:22:58 GMT,V6.2 BLOCK - final pressure/veto/active/timing gate failed or signal already used
2026-09-05,02:22:58 GMT,SENTINEL V6 MULTI-WINDOW SCAN >>>
2026-09-05,02:22:58 GMT,V6.2 DIAG | 8 0 5 0 -0.028571428571428567 0 0.06666666666666667 -0.4 0.9 -0.1 6 2 2 1 0 0 9 0
2026-09-05,02:22:57 GMT,V6.2 BLOCK - final pressure/veto/active/timing gate failed or signal already used
2026-09-05,02:22:57 GMT,SENTINEL V6 MULTI-WINDOW SCAN >>>
2026-09-05,02:22:57 GMT,V6.2 DIAG | 3 0 9 0 0.028571428571428567 0 -0.06666666666666667 -0.4 0.15000000000000002 -0.15 6 2 1 1 0 0 9 0
2026-09-05,02:22:56 GMT,V6.2 BLOCK - final pressure/veto/active/timing gate failed or signal already used
2026-09-05,02:22:56 GMT,SENTINEL V6 MULTI-WINDOW SCAN >>>
2026-09-05,02:22:56 GMT,V6.2 DIAG | 5 0 10 0.04999999999999993 0.028571428571428567 -0.04999999999999999 -0.06666666666666667 -0.4 0.15000000000000002 -0.2 6 2 1 1 0 0 9 0
2026-09-05,02:22:55 GMT,V6.2 BLOCK - final pressure/veto/active/timing gate failed or signal already used
2026-09-05,02:22:55 GMT,SENTINEL V6 MULTI-WINDOW SCAN >>>
2026-09-05,02:22:55 GMT,V6.2 DIAG | 0 0 10 0.09999999999999998 0.028571428571428567 -0.10000000000000003 -0.06666666666666667 -0.4 0.1 -0.2 5 3 2 0 1 0 9 0
2026-09-05,02:22:54 GMT,V6.2 BLOCK - final pressure/veto/active/timing gate failed or signal already used
2026-09-05,02:22:54 GMT,SENTINEL V6 MULTI-WINDOW SCAN >>>
2026-09-05,02:22:54 GMT,V6.2 DIAG | 8 0 6 0.09999999999999998 -0.028571428571428567 -0.10000000000000003 0.06666666666666667 0.4 0.1 -0.2 5 3 2 0 0 0 9 0
2026-09-05,02:22:53 GMT,V6.2 BLOCK - final pressure/veto/active/timing gate failed or signal already used
2026-09-05,02:22:53 GMT,SENTINEL V6 MULTI-WINDOW SCAN >>>
2026-09-05,02:22:53 GMT,V6.2 DIAG | 6 0 11 0.09999999999999998 0.028571428571428567 -0.10000000000000003 -0.06666666666666667 0.15000000000000002 -0.4 -0.25 6 2 1 0 1 0 9 0
2026-09-05,02:22:52 GMT,V6.2 BLOCK - final pressure/veto/active/timing gate failed or signal already used
2026-09-05,02:22:52 GMT,SENTINEL V6 MULTI-WINDOW SCAN >>>
2026-09-05,02:22:52 GMT,V6.2 DIAG | 0 0 7 0.1499999999999999 -0.028571428571428567 -0.15000000000000002 0.06666666666666667 0.15000000000000002 0.35000000000000003 -0.25 6 2 1 1 0 0 9 0
2026-09-05,02:22:51 GMT,V6.2 BLOCK - final pressure/veto/active/timing gate failed or signal already used
2026-09-05,02:22:51 GMT,SENTINEL V6 MULTI-WINDOW SCAN >>>
2026-09-05,02:22:51 GMT,V6.2 DIAG | 2 0 6 0 0 0 0 -0.10000000000000003 0.35000000000000003 -0.25 5 3 1 1 0 0 9 0
2026-09-05,02:22:50 GMT,V6.2 BLOCK - final pressure/veto/active/timing gate failed or signal already used
2026-09-05,02:22:50 GMT,SENTINEL V6 MULTI-WINDOW SCAN >>>
2026-09-05,02:22:50 GMT,V6.2 DIAG | 7 0 6 0 0 0 0 -0.10000000000000003 0.35000000000000003 -0.25 5 3 1 1 0 0 9 0
2026-09-05,02:22:49 GMT,V6.2 BLOCK - final pressure/veto/active/timing gate failed or signal already used
2026-09-05,02:22:49 GMT,SENTINEL V6 MULTI-WINDOW SCAN >>>
2026-09-05,02:22:49 GMT,V6.2 DIAG | 0 0 11 0.1499999999999999 0.028571428571428567 -0.15000000000000002 -0.06666666666666667 -0.65 0.35000000000000003 -0.25 5 3 1 1 1 0 9 0
2026-09-05,02:22:48 GMT,V6.2 BLOCK - final pressure/veto/active/timing gate failed or signal already used
2026-09-05,02:22:48 GMT,SENTINEL V6 MULTI-WINDOW SCAN >>>
2026-09-05,02:22:48 GMT,V6.2 DIAG | 8 0 5 0 0 0 0 0.15000000000000002 0.35000000000000003 -0.5 5 3 1 1 0 0 9 0
2026-09-05,02:22:47 GMT,V6.2 BLOCK - final pressure/veto/active/timing gate failed or signal already used
2026-09-05,02:22:47 GMT,SENTINEL V6 MULTI-WINDOW SCAN >>>
2026-09-05,02:22:47 GMT,V6.2 DIAG | 0 0 11 0.09999999999999998 0.028571428571428567 -0.10000000000000003 -0.06666666666666667 0.15000000000000002 -0.15 -0.5 6 2 0 0 1 0 9 0
2026-09-05,02:22:46 GMT,V6.2 BLOCK - final pressure/veto/active/timing gate failed or signal already used
2026-09-05,02:22:46 GMT,SENTINEL V6 MULTI-WINDOW SCAN >>>
2026-09-05,02:22:46 GMT,V6.2 DIAG | 1 0 8 0.09999999999999998 -0.028571428571428567 -0.10000000000000003 0.06666666666666667 0.9500000000000001 -0.15 -0.5 5 3 0 0 0 0 9 0
2026-09-05,02:22:45 GMT,V6.2 BLOCK - final pressure/veto/active/timing gate failed or signal already used
2026-09-05,02:22:45 GMT,SENTINEL V6 MULTI-WINDOW SCAN >>>
2026-09-05,02:22:45 GMT,V6.2 DIAG | 5 0 8 0.1499999999999999 -0.028571428571428567 -0.15000000000000002 0.06666666666666667 0.9500000000000001 -0.15 -0.55 5 3 0 0 0 0 9 0
2026-09-05,02:22:44 GMT,V6.2 BLOCK - final pressure/veto/active/timing gate failed or signal already used
2026-09-05,02:22:44 GMT,SENTINEL V6 MULTI-WINDOW SCAN >>>
2026-09-05,02:22:44 GMT,V6.2 DIAG | 7 0 8 0.1499999999999999 -0.028571428571428567 -0.15000000000000002 0.06666666666666667 0.9500000000000001 -0.15 -0.55 5 3 0 1 0 0 9 0
2026-09-05,02:22:43 GMT,V6.2 BLOCK - final pressure/veto/active/timing gate failed or signal already used
2026-09-05,02:22:43 GMT,SENTINEL V6 MULTI-WINDOW SCAN >>>
2026-09-05,02:22:43 GMT,V6.2 DIAG | 4 0 7 0.30000000000000004 -0.057142857142857134 -0.3 0.13333333333333333 0.45 -0.15 0.20000000000000004 6 2 0 0 0 0 9 0
2026-09-05,02:22:42 GMT,V6.2 BLOCK - final pressure/veto/active/timing gate failed or signal already used
2026-09-05,02:22:42 GMT,SENTINEL V6 MULTI-WINDOW SCAN >>>
2026-09-05,02:22:42 GMT,V6.2 DIAG | 7 0 8 0.19999999999999996 -0.028571428571428567 -0.2 0.06666666666666667 0.45 -0.15 -0.09999999999999998 6 2 0 1 0 0 9 0
2026-09-05,02:22:41 GMT,V6.2 BLOCK - final pressure/veto/active/timing gate failed or signal already used
2026-09-05,02:22:41 GMT,SENTINEL V6 MULTI-WINDOW SCAN >>>
2026-09-05,02:22:41 GMT,V6.2 DIAG | 6 0 9 0.30000000000000004 0 -0.3 0 -0.05 -0.15 -0.09999999999999998 7 1 0 0 0 0 9 0
2026-09-05,02:22:40 GMT,V6.2 BLOCK - final pressure/veto/active/timing gate failed or signal already used
2026-09-05,02:22:40 GMT,SENTINEL V6 MULTI-WINDOW SCAN >>>
2026-09-05,02:22:40 GMT,V6.2 DIAG | 3 0 9 0.30000000000000004 0 -0.3 0 -0.05 -0.15 -0.09999999999999998 6 2 0 0 0 0 9 0
2026-09-05,02:22:39 GMT,V6.2 BLOCK - final pressure/veto/active/timing gate failed or signal already used
2026-09-05,02:22:39 GMT,SENTINEL V6 MULTI-WINDOW SCAN >>>
2026-09-05,02:22:39 GMT,V6.2 DIAG | 9 1 12 0.1499999999999999 0.028571428571428567 -0.15000000000000002 -0.06666666666666667 -0.05 -0.4 -0.09999999999999998 6 2 0 1 0 0 9 0
2026-09-05,02:22:38 GMT,V6.2 BLOCK - final pressure/veto/active/timing gate failed or signal already used
2026-09-05,02:22:38 GMT,SENTINEL V6 MULTI-WINDOW SCAN >>>
2026-09-05,02:22:38 GMT,V6.2 DIAG | 4 0 12 0.25 0.057142857142857134 -0.25 -0.13333333333333333 -0.05 -0.4 -0.6 7 1 0 0 1 0 9 1
2026-09-05,02:22:37 GMT,V6.2 BLOCK - final pressure/veto/active/timing gate failed or signal already used
2026-09-05,02:22:37 GMT,SENTINEL V6 MULTI-WINDOW SCAN >>>
2026-09-05,02:22:37 GMT,V6.2 DIAG | 6 0 12 0.09999999999999998 0.028571428571428567 -0.10000000000000003 -0.06666666666666667 -0.05 -0.4 -0.04999999999999999 6 2 1 0 0 0 9 0
2026-09-05,02:22:36 GMT,V6.2 BLOCK - final pressure/veto/active/timing gate failed or signal already used
2026-09-05,02:22:36 GMT,SENTINEL V6 MULTI-WINDOW SCAN >>>
2026-09-05,02:22:36 GMT,V6.2 DIAG | 3 0 10 -0.050000000000000044 0.05714285714285714 0.050000000000000044 -0.13333333333333336 -0.05 -0.4 -0.30000000000000004 6 2 1 1 0 0 9 0
2026-09-05,02:22:35 GMT,V6.2 BLOCK - final pressure/veto/active/timing gate failed or signal already used
2026-09-05,02:22:35 GMT,SENTINEL V6 MULTI-WINDOW SCAN >>>
2026-09-05,02:22:35 GMT,V6.2 DIAG | 6 0 10 -0.19999999999999996 0.08571428571428572 0.2 -0.2 -0.05 -0.65 -0.30000000000000004 5 3 1 1 0 0 9 0
2026-09-05,02:22:34 GMT,V6.2 BLOCK - final pressure/veto/active/timing gate failed or signal already used
2026-09-05,02:22:34 GMT,SENTINEL V6 MULTI-WINDOW SCAN >>>
2026-09-05,02:22:34 GMT,V6.2 DIAG | 3 0 7 -0.15000000000000002 0.028571428571428574 0.15000000000000002 -0.06666666666666668 -0.05 0.1 -0.30000000000000004 4 4 1 1 0 0 9 0
2026-09-05,02:22:33 GMT,V6.2 BLOCK - final pressure/veto/active/timing gate failed or signal already used
2026-09-05,02:22:33 GMT,SENTINEL V6 MULTI-WINDOW SCAN >>>
2026-09-05,02:22:33 GMT,V6.2 DIAG | 9 0 5 -0.29999999999999993 0.05714285714285715 0.3 -0.13333333333333333 -0.05 0.1 -0.5499999999999999 3 5 2 1 0 0 9 0
2026-09-05,02:22:32 GMT,V6.2 BLOCK - final pressure/veto/active/timing gate failed or signal already used
2026-09-05,02:22:32 GMT,SENTINEL V6 MULTI-WINDOW SCAN >>>
2026-09-05,02:22:32 GMT,V6.2 DIAG | 0 0 6 -0.35 0.05714285714285715 0.35 -0.13333333333333333 -0.05 -0.15000000000000002 -0.25 4 4 2 1 0 0 9 0
2026-09-05,02:22:31 GMT,V6.2 BLOCK - final pressure/veto/active/timing gate failed or signal already used
2026-09-05,02:22:31 GMT,SENTINEL V6 MULTI-WINDOW SCAN >>>
2026-09-05,02:22:31 GMT,V6.2 DIAG | 2 0 2 -0.35 0 0.35 0 -0.05 -0.15000000000000002 0.55 3 5 2 1 0 0 9 0
2026-09-05,02:22:30 GMT,V6.2 BLOCK - final pressure/veto/active/timing gate failed or signal already used
2026-09-05,02:22:30 GMT,SENTINEL V6 MULTI-WINDOW SCAN >>>
2026-09-05,02:22:30 GMT,V6.2 DIAG | 8 0 1 -0.35 -0.05714285714285715 0.35 0.13333333333333333 -0.05 0.65 0.55 2 6 3 1 0 0 9 0
2026-09-05,02:22:29 GMT,V6.2 BLOCK - final pressure/veto/active/timing gate failed or signal already used
2026-09-05,02:22:29 GMT,SENTINEL V6 MULTI-WINDOW SCAN >>>
2026-09-05,02:22:29 GMT,V6.2 DIAG | 6 0 1 -0.4 0 0.39999999999999997 0 -0.30000000000000004 0.15000000000000002 0.55 3 5 2 1 0 0 9 0
2026-09-05,02:22:28 GMT,V6.2 BLOCK - final pressure/veto/active/timing gate failed or signal already used
2026-09-05,02:22:28 GMT,SENTINEL V6 MULTI-WINDOW SCAN >>>
2026-09-05,02:22:28 GMT,V6.2 DIAG | 9 0 1 -0.35 -0.05714285714285715 0.35 0.13333333333333333 -0.35000000000000003 0.15000000000000002 1.3499999999999999 3 5 2 1 0 0 9 0
2026-09-05,02:22:27 GMT,V6.2 BLOCK - final pressure/veto/active/timing gate failed or signal already used
2026-09-05,02:22:27 GMT,SENTINEL V6 MULTI-WINDOW SCAN >>>
2026-09-05,02:22:27 GMT,V6.2 DIAG | 9 0 2 -0.25 -0.08571428571428572 0.25 0.2 -0.35000000000000003 0.9500000000000001 0.8500000000000001 3 5 2 1 0 0 9 0
2026-09-05,02:22:25 GMT,V6.2 BLOCK - final pressure/veto/active/timing gate failed or signal already used
2026-09-05,02:22:25 GMT,SENTINEL V6 MULTI-WINDOW SCAN >>>
2026-09-05,02:22:25 GMT,V6.2 DIAG | 8 0 2 -0.09999999999999998 -0.05714285714285714 0.10000000000000003 0.13333333333333336 -0.35000000000000003 0.9500000000000001 0.30000000000000004 4 4 2 1 0 0 9 0
2026-09-05,02:22:25 GMT,V6.2 BLOCK - final pressure/veto/active/timing gate failed or signal already used
2026-09-05,02:22:25 GMT,SENTINEL V6 MULTI-WINDOW SCAN >>>
2026-09-05,02:22:25 GMT,V6.2 DIAG | 6 0 5 -0.15000000000000002 0 0.15000000000000002 0 -0.35000000000000003 0.45 0.05000000000000002 5 3 1 1 0 0 9 0
2026-09-05,02:22:23 GMT,V6.2 BLOCK - final pressure/veto/active/timing gate failed or signal already used
2026-09-05,02:22:23 GMT,SENTINEL V6 MULTI-WINDOW SCAN >>>
2026-09-05,02:22:23 GMT,V6.2 DIAG | 9 0 5 -0.09999999999999998 -0.05714285714285714 0.10000000000000003 0.13333333333333336 0.45 0.45 0 5 3 1 1 0 0 9 0
2026-09-05,02:22:22 GMT,V6.2 BLOCK - final pressure/veto/active/timing gate failed or signal already used
2026-09-05,02:22:22 GMT,SENTINEL V6 MULTI-WINDOW SCAN >>>
2026-09-05,02:22:22 GMT,V6.2 DIAG | 8 0 5 -0.15000000000000002 0 0.15000000000000002 0 0.45 0.45 -0.75 5 3 1 1 0 0 9 0
2026-09-05,02:22:22 GMT,V6.2 BLOCK - final pressure/veto/active/timing gate failed or signal already used
2026-09-05,02:22:22 GMT,SENTINEL V6 MULTI-WINDOW SCAN >>>
2026-09-05,02:22:22 GMT,V6.2 DIAG | 2 0 9 -0.20000000000000007 0.05714285714285714 0.2 -0.13333333333333336 0.45 -0.05 -1 6 2 0 1 0 0 9 0
2026-09-05,02:22:20 GMT,V6.2 BLOCK - final pressure/veto/active/timing gate failed or signal already used
2026-09-05,02:22:20 GMT,SENTINEL V6 MULTI-WINDOW SCAN >>>
2026-09-05,02:22:20 GMT,V6.2 DIAG | 5 0 9 -0.20000000000000007 0.05714285714285714 0.2 -0.13333333333333336 0.45 -0.05 -1 5 3 0 1 0 0 9 0
2026-09-05,02:22:19 GMT,V6.2 BLOCK - final pressure/veto/active/timing gate failed or signal already used
2026-09-05,02:22:19 GMT,SENTINEL V6 MULTI-WINDOW SCAN >>>
2026-09-05,02:22:19 GMT,V6.2 DIAG | 7 0 4 -0.20000000000000007 0 0.2 0 0.45 -0.05 -0.20000000000000004 4 4 0 1 0 0 9 0
2026-09-05,02:22:18 GMT,V6.2 BLOCK - final pressure/veto/active/timing gate failed or signal already used
2026-09-05,02:22:18 GMT,SENTINEL V6 MULTI-WINDOW SCAN >>>
2026-09-05,02:22:18 GMT,V6.2 DIAG | 3 0 10 -0.10000000000000009 0.028571428571428567 0.09999999999999998 -0.06666666666666667 -0.05 -0.05 -0.20000000000000004 5 3 0 1 0 0 9 0
2026-09-05,02:22:18 GMT,V6.2 BLOCK - final pressure/veto/active/timing gate failed or signal already used
2026-09-05,02:22:18 GMT,SENTINEL V6 MULTI-WINDOW SCAN >>>
2026-09-05,02:22:18 GMT,V6.2 DIAG | 2 0 6 -0.10000000000000009 -0.028571428571428567 0.09999999999999998 0.06666666666666667 -0.05 -0.05 0.6 5 3 0 1 0 0 9 0
2026-09-05,02:22:17 GMT,V6.2 BLOCK - final pressure/veto/active/timing gate failed or signal already used
2026-09-05,02:22:17 GMT,SENTINEL V6 MULTI-WINDOW SCAN >>>
2026-09-05,02:22:17 GMT,V6.2 DIAG | 3 0 6 -0.10000000000000009 -0.08571428571428572 0.09999999999999998 0.2 -0.05 -0.05 1.4 5 3 0 1 0 0 9 0
2026-09-05,02:22:16 GMT,Loss amount: -2.42
2026-09-05,02:22:16 GMT,V6.2 DIAG | 9 0 6 -0.050000000000000044 -0.08571428571428572 0.04999999999999999 0.2 -0.05 -0.1 1.4 5 3 0 1 0 0 8 0
2026-09-05,02:22:15 GMT,V6.2 DIAG | 0 0 8 0.050000000000000044 -0.057142857142857134 -0.04999999999999999 0.13333333333333333 -0.05 -0.1 0.9 6 2 0 1 0 0 8 0
2026-09-05,02:22:14 GMT,V6.2 DIAG | 9 0 6 -0.10000000000000009 -0.028571428571428567 0.09999999999999998 0.06666666666666667 -0.05 -0.35000000000000003 0.9 6 2 0 1 0 0 8 0
2026-09-05,02:22:13 GMT,V6.2 DIAG | 9 0 6 0 0 0 0 -0.05 -0.35000000000000003 0.4 7 1 0 1 0 0 8 0
2026-09-05,02:22:13 GMT,Bought: (ID: 22520746439)
2026-09-05,02:22:12 GMT,SENTINEL V6 MULTI-WINDOW SCAN >>>
2026-09-05,02:22:12 GMT,V6.2 DIAG | 6 1 12 0.09999999999999998 0.028571428571428567 -0.1 -0.06666666666666667 -0.05 -0.35000000000000003 -0.1 7 1 1 0 1 1 8 1
2026-09-05,02:22:11 GMT,V6.2 BLOCK - final pressure/veto/active/timing gate failed or signal already used
2026-09-05,02:22:11 GMT,SENTINEL V6 MULTI-WINDOW SCAN >>>
2026-09-05,02:22:11 GMT,V6.2 DIAG | 1 0 12 0.09999999999999998 0.028571428571428567 -0.1 -0.06666666666666667 -0.05 -0.35000000000000003 -0.1 7 1 1 0 1 0 8 1
2026-09-05,02:22:10 GMT,V6.2 BLOCK - final pressure/veto/active/timing gate failed or signal already used
2026-09-05,02:22:10 GMT,SENTINEL V6 MULTI-WINDOW SCAN >>>
2026-09-05,02:22:10 GMT,V6.2 DIAG | 2 0 12 0.09999999999999998 0.028571428571428567 -0.1 -0.06666666666666667 -0.05 -0.35000000000000003 -0.1 7 1 1 0 1 0 8 0
2026-09-05,02:22:09 GMT,V6.2 BLOCK - final pressure/veto/active/timing gate failed or signal already used
2026-09-05,02:22:09 GMT,SENTINEL V6 MULTI-WINDOW SCAN >>>
2026-09-05,02:22:09 GMT,V6.2 DIAG | 3 0 8 0.09999999999999998 -0.028571428571428567 -0.1 0.06666666666666667 -0.05 0.45 -0.1 7 1 1 1 0 0 8 0
2026-09-05,02:22:08 GMT,V6.2 BLOCK - final pressure/veto/active/timing gate failed or signal already used
2026-09-05,02:22:08 GMT,SENTINEL V6 MULTI-WINDOW SCAN >>>
2026-09-05,02:22:08 GMT,V6.2 DIAG | 1 0 6 -0.04999999999999993 0 0.05000000000000002 0 -0.30000000000000004 0.45 -0.1 7 1 1 1 0 0 8 0
2026-09-05,02:22:07 GMT,V6.2 BLOCK - final pressure/veto/active/timing gate failed or signal already used
2026-09-05,02:22:07 GMT,SENTINEL V6 MULTI-WINDOW SCAN >>>
2026-09-05,02:22:07 GMT,V6.2 DIAG | 0 0 6 0 0 0 0 -0.30000000000000004 0.4 -0.1 7 1 1 1 0 0 8 0
2026-09-05,02:22:06 GMT,V6.2 BLOCK - final pressure/veto/active/timing gate failed or signal already used
2026-09-05,02:22:06 GMT,SENTINEL V6 MULTI-WINDOW SCAN >>>
2026-09-05,02:22:06 GMT,V6.2 DIAG | 4 0 9 -0.15000000000000002 0.028571428571428567 0.15 -0.06666666666666667 -0.30000000000000004 0.4 -0.35000000000000003 6 2 1 1 0 0 8 0
2026-09-05,02:22:05 GMT,V6.2 BLOCK - final pressure/veto/active/timing gate failed or signal already used
2026-09-05,02:22:05 GMT,SENTINEL V6 MULTI-WINDOW SCAN >>>
2026-09-05,02:22:05 GMT,V6.2 DIAG | 8 0 9 -0.15000000000000002 0.028571428571428567 0.15 -0.06666666666666667 -0.30000000000000004 0.4 -0.35000000000000003 6 2 1 1 0 0 8 0
2026-09-05,02:22:04 GMT,V6.2 BLOCK - final pressure/veto/active/timing gate failed or signal already used
2026-09-05,02:22:04 GMT,SENTINEL V6 MULTI-WINDOW SCAN >>>
2026-09-05,02:22:04 GMT,V6.2 DIAG | 2 0 10 -0.20000000000000007 0.08571428571428572 0.19999999999999998 -0.2 -0.30000000000000004 -0.1 -0.6000000000000001 6 2 0 1 0 0 8 0
2026-09-05,02:22:03 GMT,V6.2 BLOCK - final pressure/veto/active/timing gate failed or signal already used
2026-09-05,02:22:03 GMT,SENTINEL V6 MULTI-WINDOW SCAN >>>
2026-09-05,02:22:03 GMT,V6.2 DIAG | 6 0 9 -0.20000000000000007 0.028571428571428567 0.19999999999999998 -0.06666666666666667 0.5 -0.1 -0.6000000000000001 6 2 0 1 0 0 8 0
2026-09-05,02:22:02 GMT,V6.2 BLOCK - final pressure/veto/active/timing gate failed or signal already used
2026-09-05,02:22:02 GMT,SENTINEL V6 MULTI-WINDOW SCAN >>>
2026-09-05,02:22:02 GMT,V6.2 DIAG | 1 0 9 -0.20000000000000007 0.028571428571428567 0.19999999999999998 -0.06666666666666667 0.5 -0.1 -0.6000000000000001 5 3 0 1 0 0 8 0
2026-09-05,02:22:01 GMT,V6.2 BLOCK - final pressure/veto/active/timing gate failed or signal already used
2026-09-05,02:22:01 GMT,SENTINEL V6 MULTI-WINDOW SCAN >>>
2026-09-05,02:22:01 GMT,V6.2 DIAG | 1 0 5 -0.20000000000000007 -0.028571428571428567 0.19999999999999998 0.06666666666666667 0.5 -0.1 0.2 5 3 0 1 0 0 8 0
2026-09-05,02:22:00 GMT,V6.2 BLOCK - final pressure/veto/active/timing gate failed or signal already used
2026-09-05,02:22:00 GMT,SENTINEL V6 MULTI-WINDOW SCAN >>>
2026-09-05,02:22:00 GMT,V6.2 DIAG | 1 0 5 -0.20000000000000007 -0.028571428571428567 0.19999999999999998 0.06666666666666667 0.5 -0.1 0.2 5 3 0 1 0 0 8 0
2026-09-05,02:21:59 GMT,V6.2 BLOCK - final pressure/veto/active/timing gate failed or signal already used
2026-09-05,02:21:59 GMT,SENTINEL V6 MULTI-WINDOW SCAN >>>
2026-09-05,02:21:59 GMT,V6.2 DIAG | 7 0 5 -0.20000000000000007 -0.08571428571428572 0.19999999999999998 0.2 0.5 -0.1 1 5 3 0 1 0 0 8 0
2026-09-05,02:21:58 GMT,V6.2 BLOCK - final pressure/veto/active/timing gate failed or signal already used
2026-09-05,02:21:58 GMT,SENTINEL V6 MULTI-WINDOW SCAN >>>
2026-09-05,02:21:58 GMT,V6.2 DIAG | 0 0 6 -0.04999999999999993 -0.057142857142857134 0.05000000000000002 0.13333333333333333 0 -0.1 0.9500000000000001 6 2 0 1 0 0 8 0
2026-09-05,02:21:57 GMT,V6.2 BLOCK - final pressure/veto/active/timing gate failed or signal already used
2026-09-05,02:21:57 GMT,SENTINEL V6 MULTI-WINDOW SCAN >>>
2026-09-05,02:21:57 GMT,V6.2 DIAG | 9 0 6 -0.04999999999999993 -0.057142857142857134 0.05000000000000002 0.13333333333333333 0 -0.1 0.9500000000000001 6 2 0 1 0 0 8 0
2026-09-05,02:21:56 GMT,V6.2 BLOCK - final pressure/veto/active/timing gate failed or signal already used
2026-09-05,02:21:56 GMT,SENTINEL V6 MULTI-WINDOW SCAN >>>
2026-09-05,02:21:56 GMT,V6.2 DIAG | 4 0 6 -0.09999999999999998 0 0.1 0 0 -0.35000000000000003 0.45 7 1 0 1 0 0 8 0
2026-09-05,02:21:55 GMT,V6.2 BLOCK - final pressure/veto/active/timing gate failed or signal already used
2026-09-05,02:21:55 GMT,SENTINEL V6 MULTI-WINDOW SCAN >>>
2026-09-05,02:21:55 GMT,V6.2 DIAG | 9 0 6 -0.09999999999999998 0 0.1 0 0 -0.35000000000000003 0.45 7 1 0 1 0 0 8 0
2026-09-05,02:21:54 GMT,V6.2 BLOCK - final pressure/veto/active/timing gate failed or signal already used
2026-09-05,02:21:54 GMT,SENTINEL V6 MULTI-WINDOW SCAN >>>
2026-09-05,02:21:54 GMT,V6.2 DIAG | 4 0 10 0 0.028571428571428567 0 -0.06666666666666667 0 -0.35000000000000003 -0.05 7 1 1 0 0 0 8 0
2026-09-05,02:21:53 GMT,V6.2 BLOCK - final pressure/veto/active/timing gate failed or signal already used
2026-09-05,02:21:53 GMT,SENTINEL V6 MULTI-WINDOW SCAN >>>
2026-09-05,02:21:53 GMT,V6.2 DIAG | 2 0 12 0.050000000000000044 0.028571428571428567 -0.04999999999999999 -0.06666666666666667 0 -0.35000000000000003 -0.1 7 1 1 0 1 0 8 0
2026-09-05,02:21:52 GMT,V6.2 BLOCK - final pressure/veto/active/timing gate failed or signal already used
2026-09-05,02:21:52 GMT,SENTINEL V6 MULTI-WINDOW SCAN >>>
2026-09-05,02:21:52 GMT,V6.2 DIAG | 1 0 12 0.050000000000000044 0.028571428571428567 -0.04999999999999999 -0.06666666666666667 0 -0.35000000000000003 -0.1 7 1 1 0 1 0 8 0
2026-09-05,02:21:51 GMT,V6.2 BLOCK - final pressure/veto/active/timing gate failed or signal already used
2026-09-05,02:21:51 GMT,SENTINEL V6 MULTI-WINDOW SCAN >>>
2026-09-05,02:21:51 GMT,V6.2 DIAG | 0 0 8 0.050000000000000044 -0.028571428571428567 -0.04999999999999999 0.06666666666666667 0 0.45 -0.1 7 1 1 1 0 0 8 0
2026-09-05,02:21:50 GMT,Profit amount: 1.53
2026-09-05,02:21:50 GMT,V6.2 DIAG | 6 0 8 0.050000000000000044 -0.028571428571428567 -0.04999999999999999 0.06666666666666667 0 0.45 -0.1 7 1 1 1 0 0 7 0
2026-09-05,02:21:49 GMT,V6.2 DIAG | 1 0 8 0.09999999999999998 -0.028571428571428567 -0.1 0.06666666666666667 0 0.4 -0.1 7 1 1 1 0 0 7 0
2026-09-05,02:21:48 GMT,V6.2 DIAG | 4 0 8 0.09999999999999998 -0.028571428571428567 -0.1 0.06666666666666667 0 0.4 -0.1 7 1 1 1 0 0 7 0
2026-09-05,02:21:47 GMT,V6.2 DIAG | 8 0 6 0 0 0 0 -0.05 0.15000000000000002 -0.1 7 1 1 1 0 0 7 0
2026-09-05,02:21:47 GMT,Bought: (ID: 22520695139)
2026-09-05,02:21:45 GMT,SENTINEL V6 MULTI-WINDOW SCAN >>>
2026-09-05,02:21:45 GMT,V6.2 DIAG | 3 1 12 0.09999999999999998 0.028571428571428567 -0.1 -0.06666666666666667 -0.05 -0.35000000000000003 -0.1 8 0 0 0 1 1 7 1
2026-09-05,02:21:44 GMT,V6.2 BLOCK - final pressure/veto/active/timing gate failed or signal already used
2026-09-05,02:21:44 GMT,SENTINEL V6 MULTI-WINDOW SCAN >>>
2026-09-05,02:21:44 GMT,V6.2 DIAG | 3 0 12 0.09999999999999998 0.028571428571428567 -0.1 -0.06666666666666667 -0.05 -0.35000000000000003 -0.1 7 1 1 0 1 0 7 1
2026-09-05,02:21:43 GMT,V6.2 BLOCK - final pressure/veto/active/timing gate failed or signal already used
2026-09-05,02:21:43 GMT,SENTINEL V6 MULTI-WINDOW SCAN >>>
2026-09-05,02:21:43 GMT,V6.2 DIAG | 2 0 12 0.09999999999999998 0.028571428571428567 -0.1 -0.06666666666666667 -0.05 -0.35000000000000003 -0.1 7 1 1 0 1 0 7 0
2026-09-05,02:21:42 GMT,V6.2 BLOCK - final pressure/veto/active/timing gate failed or signal already used
2026-09-05,02:21:42 GMT,SENTINEL V6 MULTI-WINDOW SCAN >>>
2026-09-05,02:21:42 GMT,V6.2 DIAG | 3 0 12 0.09999999999999998 0.028571428571428567 -0.1 -0.06666666666666667 -0.05 -0.35000000000000003 -0.1 7 1 1 0 1 0 7 0
2026-09-05,02:21:41 GMT,V6.2 BLOCK - final pressure/veto/active/timing gate failed or signal already used
2026-09-05,02:21:41 GMT,SENTINEL V6 MULTI-WINDOW SCAN >>>
2026-09-05,02:21:41 GMT,V6.2 DIAG | 2 0 8 0.15000000000000002 -0.028571428571428567 -0.15 0.06666666666666667 -0.1 0.45 -0.1 7 1 1 1 0 0 7 0
2026-09-05,02:21:41 GMT,Profit amount: 1.53
2026-09-05,02:21:41 GMT,V6.2 DIAG | 6 0 8 0.20000000000000007 -0.028571428571428567 -0.19999999999999998 0.06666666666666667 -0.1 0.45 -0.15 7 1 1 1 0 0 6 0
2026-09-05,02:21:40 GMT,V6.2 DIAG | 5 0 8 0.20000000000000007 -0.028571428571428567 -0.19999999999999998 0.06666666666666667 -0.1 0.45 -0.15 7 1 1 1 0 0 6 0
2026-09-05,02:21:39 GMT,V6.2 DIAG | 2 0 8 0.20000000000000007 -0.028571428571428567 -0.19999999999999998 0.06666666666666667 -0.1 0.45 -0.15 7 1 1 1 0 0 6 0
2026-09-05,02:21:38 GMT,V6.2 DIAG | 8 0 8 0.050000000000000044 0 -0.04999999999999999 0 -0.1 0.45 -0.4 7 1 1 1 0 0 6 0
2026-09-05,02:21:38 GMT,Bought: (ID: 22520678279)
2026-09-05,02:21:37 GMT,SENTINEL V6 MULTI-WINDOW SCAN >>>
2026-09-05,02:21:37 GMT,V6.2 DIAG | 2 1 12 0.15000000000000002 0.028571428571428567 -0.15 -0.06666666666666667 -0.1 -0.05 -0.4 8 0 0 0 1 1 6 1
2026-09-05,02:21:36 GMT,V6.2 BLOCK - final pressure/veto/active/timing gate failed or signal already used
2026-09-05,02:21:36 GMT,SENTINEL V6 MULTI-WINDOW SCAN >>>
2026-09-05,02:21:36 GMT,V6.2 DIAG | 6 0 12 0.15000000000000002 0.028571428571428567 -0.15 -0.06666666666666667 -0.1 -0.05 -0.4 7 1 0 0 1 0 6 1
2026-09-05,02:21:35 GMT,V6.2 BLOCK - final pressure/veto/active/timing gate failed or signal already used
2026-09-05,02:21:35 GMT,SENTINEL V6 MULTI-WINDOW SCAN >>>
2026-09-05,02:21:35 GMT,V6.2 DIAG | 3 0 12 0.15000000000000002 0.028571428571428567 -0.15 -0.06666666666666667 -0.1 -0.05 -0.4 7 1 0 0 1 0 6 0
2026-09-05,02:21:34 GMT,V6.2 BLOCK - final pressure/veto/active/timing gate failed or signal already used
2026-09-05,02:21:34 GMT,SENTINEL V6 MULTI-WINDOW SCAN >>>
2026-09-05,02:21:34 GMT,V6.2 DIAG | 1 0 12 0.15000000000000002 0.028571428571428567 -0.15 -0.06666666666666667 -0.1 -0.05 -0.4 7 1 0 0 1 0 6 0
2026-09-05,02:21:33 GMT,V6.2 BLOCK - final pressure/veto/active/timing gate failed or signal already used
2026-09-05,02:21:33 GMT,SENTINEL V6 MULTI-WINDOW SCAN >>>
2026-09-05,02:21:33 GMT,V6.2 DIAG | 6 0 8 0.050000000000000044 0 -0.04999999999999999 0 -0.1 -0.1 0.15000000000000002 7 1 0 0 0 0 6 0
2026-09-05,02:21:32 GMT,V6.2 BLOCK - final pressure/veto/active/timing gate failed or signal already used
2026-09-05,02:21:32 GMT,SENTINEL V6 MULTI-WINDOW SCAN >>>
2026-09-05,02:21:32 GMT,V6.2 DIAG | 0 0 8 0.050000000000000044 0 -0.04999999999999999 0 -0.1 -0.1 0.15000000000000002 7 1 0 0 0 0 6 0
2026-09-05,02:21:31 GMT,V6.2 BLOCK - final pressure/veto/active/timing gate failed or signal already used
2026-09-05,02:21:31 GMT,SENTINEL V6 MULTI-WINDOW SCAN >>>
2026-09-05,02:21:31 GMT,V6.2 DIAG | 3 0 8 0.050000000000000044 0 -0.04999999999999999 0 -0.1 -0.1 0.15000000000000002 6 2 0 0 0 0 6 0
2026-09-05,02:21:30 GMT,V6.2 BLOCK - final pressure/veto/active/timing gate failed or signal already used
2026-09-05,02:21:30 GMT,SENTINEL V6 MULTI-WINDOW SCAN >>>
2026-09-05,02:21:30 GMT,V6.2 DIAG | 2 0 8 0.10000000000000009 0 -0.09999999999999998 0 -0.1 -0.1 0.1 6 2 0 0 0 0 6 0
2026-09-05,02:21:29 GMT,V6.2 BLOCK - final pressure/veto/active/timing gate failed or signal already used
2026-09-05,02:21:29 GMT,SENTINEL V6 MULTI-WINDOW SCAN >>>
2026-09-05,02:21:29 GMT,V6.2 DIAG | 9 0 9 -0.050000000000000044 0.028571428571428567 0.04999999999999999 -0.06666666666666667 -0.1 -0.35000000000000003 0.1 6 2 0 1 0 0 6 0
2026-09-05,02:21:28 GMT,V6.2 BLOCK - final pressure/veto/active/timing gate failed or signal already used
2026-09-05,02:21:28 GMT,SENTINEL V6 MULTI-WINDOW SCAN >>>
2026-09-05,02:21:28 GMT,V6.2 DIAG | 5 0 8 0.050000000000000044 0 -0.04999999999999999 0 -0.1 -0.35000000000000003 0.4 7 1 0 1 0 0 6 0
2026-09-05,02:21:27 GMT,V6.2 BLOCK - final pressure/veto/active/timing gate failed or signal already used
2026-09-05,02:21:27 GMT,SENTINEL V6 MULTI-WINDOW SCAN >>>
2026-09-05,02:21:27 GMT,V6.2 DIAG | 1 0 9 -0.10000000000000009 0.028571428571428567 0.09999999999999998 -0.06666666666666667 -0.35000000000000003 -0.35000000000000003 0.4 6 2 1 1 0 0 6 0
2026-09-05,02:21:26 GMT,V6.2 BLOCK - final pressure/veto/active/timing gate failed or signal already used
2026-09-05,02:21:26 GMT,SENTINEL V6 MULTI-WINDOW SCAN >>>
2026-09-05,02:21:26 GMT,V6.2 DIAG | 5 0 9 -0.10000000000000009 0.028571428571428567 0.09999999999999998 -0.06666666666666667 -0.35000000000000003 -0.35000000000000003 0.4 6 2 1 1 0 0 6 0
2026-09-05,02:21:25 GMT,V6.2 BLOCK - final pressure/veto/active/timing gate failed or signal already used
2026-09-05,02:21:25 GMT,SENTINEL V6 MULTI-WINDOW SCAN >>>
2026-09-05,02:21:25 GMT,V6.2 DIAG | 6 0 9 -0.10000000000000009 0.028571428571428567 0.09999999999999998 -0.06666666666666667 -0.35000000000000003 -0.35000000000000003 0.4 5 3 1 1 0 0 6 0
2026-09-05,02:21:24 GMT,V6.2 BLOCK - final pressure/veto/active/timing gate failed or signal already used
2026-09-05,02:21:24 GMT,SENTINEL V6 MULTI-WINDOW SCAN >>>
2026-09-05,02:21:24 GMT,V6.2 DIAG | 9 0 5 -0.050000000000000044 -0.028571428571428567 0.04999999999999999 0.06666666666666667 -0.4 0.45 0.4 5 3 1 1 0 0 6 0
2026-09-05,02:21:23 GMT,V6.2 BLOCK - final pressure/veto/active/timing gate failed or signal already used
2026-09-05,02:21:23 GMT,SENTINEL V6 MULTI-WINDOW SCAN >>>
2026-09-05,02:21:23 GMT,V6.2 DIAG | 4 0 8 0.050000000000000044 0 -0.04999999999999999 0 -0.4 0.45 -0.1 6 2 1 1 0 0 6 0
2026-09-05,02:21:22 GMT,V6.2 BLOCK - final pressure/veto/active/timing gate failed or signal already used
2026-09-05,02:21:22 GMT,SENTINEL V6 MULTI-WINDOW SCAN >>>
2026-09-05,02:21:22 GMT,V6.2 DIAG | 1 0 5 -0.10000000000000009 -0.028571428571428567 0.09999999999999998 0.06666666666666667 0.15000000000000002 0.45 -0.1 6 2 1 1 0 0 6 0
2026-09-05,02:21:21 GMT,V6.2 BLOCK - final pressure/veto/active/timing gate failed or signal already used
2026-09-05,02:21:21 GMT,SENTINEL V6 MULTI-WINDOW SCAN >>>
2026-09-05,02:21:21 GMT,V6.2 DIAG | 2 0 5 -0.25 0 0.25 0 0.15000000000000002 0.45 -0.35000000000000003 6 2 1 1 0 0 6 0
2026-09-05,02:21:20 GMT,V6.2 BLOCK - final pressure/veto/active/timing gate failed or signal already used
2026-09-05,02:21:20 GMT,SENTINEL V6 MULTI-WINDOW SCAN >>>
2026-09-05,02:21:20 GMT,V6.2 DIAG | 8 0 5 -0.20000000000000007 0 0.2 0 0.1 0.45 -0.35000000000000003 5 3 1 1 0 0 6 0
2026-09-05,02:21:19 GMT,V6.2 BLOCK - final pressure/veto/active/timing gate failed or signal already used
2026-09-05,02:21:19 GMT,SENTINEL V6 MULTI-WINDOW SCAN >>>
2026-09-05,02:21:19 GMT,V6.2 DIAG | 1 0 9 -0.050000000000000044 0.028571428571428567 0.04999999999999999 -0.06666666666666667 0.1 -0.1 -0.35000000000000003 5 3 0 1 0 0 6 0
2026-09-05,02:21:18 GMT,V6.2 BLOCK - final pressure/veto/active/timing gate failed or signal already used
2026-09-05,02:21:18 GMT,SENTINEL V6 MULTI-WINDOW SCAN >>>
2026-09-05,02:21:18 GMT,V6.2 DIAG | 7 0 9 -0.050000000000000044 0.028571428571428567 0.04999999999999999 -0.06666666666666667 0.1 -0.1 -0.35000000000000003 5 3 0 1 0 0 6 0
2026-09-05,02:21:17 GMT,V6.2 BLOCK - final pressure/veto/active/timing gate failed or signal already used
2026-09-05,02:21:17 GMT,SENTINEL V6 MULTI-WINDOW SCAN >>>
2026-09-05,02:21:17 GMT,V6.2 DIAG | 6 0 8 0.050000000000000044 0 -0.04999999999999999 0 0.4 -0.1 -0.35000000000000003 6 2 0 0 0 0 6 0
2026-09-05,02:21:16 GMT,V6.2 BLOCK - final pressure/veto/active/timing gate failed or signal already used
2026-09-05,02:21:16 GMT,SENTINEL V6 MULTI-WINDOW SCAN >>>
2026-09-05,02:21:16 GMT,V6.2 DIAG | 3 0 7 0.050000000000000044 -0.057142857142857134 -0.04999999999999999 0.13333333333333333 0.4 -0.1 0.45 6 2 0 0 0 0 6 0
2026-09-05,02:21:15 GMT,V6.2 BLOCK - final pressure/veto/active/timing gate failed or signal already used
2026-09-05,02:21:15 GMT,SENTINEL V6 MULTI-WINDOW SCAN >>>
2026-09-05,02:21:15 GMT,V6.2 DIAG | 4 0 7 0.10000000000000009 -0.057142857142857134 -0.09999999999999998 0.13333333333333333 0.4 -0.1 0.4 6 2 0 0 0 0 6 0
2026-09-05,02:21:14 GMT,V6.2 BLOCK - final pressure/veto/active/timing gate failed or signal already used
2026-09-05,02:21:14 GMT,SENTINEL V6 MULTI-WINDOW SCAN >>>
2026-09-05,02:21:14 GMT,V6.2 DIAG | 1 0 7 0.10000000000000009 -0.057142857142857134 -0.09999999999999998 0.13333333333333333 0.4 -0.1 0.4 6 2 0 0 0 0 6 0
2026-09-05,02:21:13 GMT,V6.2 BLOCK - final pressure/veto/active/timing gate failed or signal already used
2026-09-05,02:21:13 GMT,SENTINEL V6 MULTI-WINDOW SCAN >>>
2026-09-05,02:21:13 GMT,V6.2 DIAG | 7 0 5 -0.050000000000000044 -0.028571428571428567 0.04999999999999999 0.06666666666666667 0.4 -0.35000000000000003 0.4 6 2 0 1 0 0 6 0
2026-09-05,02:21:12 GMT,V6.2 BLOCK - final pressure/veto/active/timing gate failed or signal already used
2026-09-05,02:21:12 GMT,SENTINEL V6 MULTI-WINDOW SCAN >>>
2026-09-05,02:21:12 GMT,V6.2 DIAG | 9 0 8 0.050000000000000044 0 -0.04999999999999999 0 -0.1 -0.35000000000000003 0.4 7 1 0 1 0 0 6 0
2026-09-05,02:21:11 GMT,V6.2 BLOCK - final pressure/veto/active/timing gate failed or signal already used
2026-09-05,02:21:11 GMT,SENTINEL V6 MULTI-WINDOW SCAN >>>
2026-09-05,02:21:11 GMT,V6.2 DIAG | 6 0 12 0.20000000000000007 0.028571428571428567 -0.19999999999999998 -0.06666666666666667 -0.1 -0.4 -0.1 7 1 1 0 0 0 6 0
2026-09-05,02:21:10 GMT,V6.2 BLOCK - final pressure/veto/active/timing gate failed or signal already used
2026-09-05,02:21:10 GMT,SENTINEL V6 MULTI-WINDOW SCAN >>>
2026-09-05,02:21:10 GMT,V6.2 DIAG | 2 0 12 0.050000000000000044 0.057142857142857134 -0.04999999999999999 -0.13333333333333333 -0.1 -0.4 -0.35000000000000003 7 1 1 0 1 0 6 0
2026-09-05,02:21:09 GMT,V6.2 BLOCK - final pressure/veto/active/timing gate failed or signal already used
2026-09-05,02:21:09 GMT,SENTINEL V6 MULTI-WINDOW SCAN >>>
2026-09-05,02:21:09 GMT,V6.2 DIAG | 5 0 12 0.050000000000000044 0.057142857142857134 -0.04999999999999999 -0.13333333333333333 -0.1 -0.4 -0.35000000000000003 7 1 1 0 1 0 6 0
2026-09-05,02:21:08 GMT,V6.2 BLOCK - final pressure/veto/active/timing gate failed or signal already used
2026-09-05,02:21:08 GMT,SENTINEL V6 MULTI-WINDOW SCAN >>>
2026-09-05,02:21:08 GMT,V6.2 DIAG | 2 0 8 0.050000000000000044 0 -0.04999999999999999 0 -0.1 0.4 -0.35000000000000003 6 2 1 1 0 0 6 0
2026-09-05,02:21:07 GMT,V6.2 BLOCK - final pressure/veto/active/timing gate failed or signal already used
2026-09-05,02:21:07 GMT,SENTINEL V6 MULTI-WINDOW SCAN >>>
2026-09-05,02:21:07 GMT,V6.2 DIAG | 2 0 8 0.050000000000000044 0 -0.04999999999999999 0 -0.1 0.4 -0.35000000000000003 6 2 1 1 0 0 6 0
2026-09-05,02:21:06 GMT,V6.2 BLOCK - final pressure/veto/active/timing gate failed or signal already used
2026-09-05,02:21:06 GMT,SENTINEL V6 MULTI-WINDOW SCAN >>>
2026-09-05,02:21:06 GMT,V6.2 DIAG | 4 0 8 0.050000000000000044 0 -0.04999999999999999 0 -0.1 0.4 -0.35000000000000003 6 2 1 1 0 0 6 0
2026-09-05,02:21:05 GMT,V6.2 BLOCK - final pressure/veto/active/timing gate failed or signal already used
2026-09-05,02:21:05 GMT,SENTINEL V6 MULTI-WINDOW SCAN >>>
2026-09-05,02:21:05 GMT,V6.2 DIAG | 6 0 7 0.050000000000000044 -0.057142857142857134 -0.04999999999999999 0.13333333333333333 -0.1 0.4 0.45 6 2 1 1 0 0 6 0
2026-09-05,02:21:04 GMT,V6.2 BLOCK - final pressure/veto/active/timing gate failed or signal already used
2026-09-05,02:21:04 GMT,SENTINEL V6 MULTI-WINDOW SCAN >>>
2026-09-05,02:21:04 GMT,V6.2 DIAG | 8 0 5 -0.10000000000000009 -0.028571428571428567 0.09999999999999998 0.06666666666666667 -0.35000000000000003 0.4 0.45 6 2 1 1 0 0 6 0
2026-09-05,02:21:03 GMT,V6.2 BLOCK - final pressure/veto/active/timing gate failed or signal already used
2026-09-05,02:21:03 GMT,SENTINEL V6 MULTI-WINDOW SCAN >>>
2026-09-05,02:21:03 GMT,V6.2 DIAG | 4 0 8 0.050000000000000044 0 -0.04999999999999999 0 -0.4 -0.1 0.45 7 1 0 0 0 0 6 0
2026-09-05,02:21:02 GMT,V6.2 BLOCK - final pressure/veto/active/timing gate failed or signal already used
2026-09-05,02:21:02 GMT,SENTINEL V6 MULTI-WINDOW SCAN >>>
2026-09-05,02:21:02 GMT,V6.2 DIAG | 1 0 8 0.050000000000000044 0 -0.04999999999999999 0 -0.4 -0.1 0.45 6 2 0 0 0 0 6 0
2026-09-05,02:21:01 GMT,V6.2 BLOCK - final pressure/veto/active/timing gate failed or signal already used
2026-09-05,02:21:01 GMT,SENTINEL V6 MULTI-WINDOW SCAN >>>
2026-09-05,02:21:01 GMT,V6.2 DIAG | 9 0 8 0.050000000000000044 0 -0.04999999999999999 0 -0.4 -0.1 0.45 6 2 0 1 0 0 6 0
2026-09-05,02:21:00 GMT,V6.2 BLOCK - final pressure/veto/active/timing gate failed or signal already used
2026-09-05,02:21:00 GMT,SENTINEL V6 MULTI-WINDOW SCAN >>>
2026-09-05,02:21:00 GMT,V6.2 DIAG | 6 0 10 0 0.057142857142857134 0 -0.13333333333333333 -0.65 -0.1 -0.05 7 1 0 0 0 0 6 0
2026-09-05,02:20:59 GMT,V6.2 BLOCK - final pressure/veto/active/timing gate failed or signal already used
2026-09-05,02:20:59 GMT,SENTINEL V6 MULTI-WINDOW SCAN >>>
2026-09-05,02:20:59 GMT,V6.2 DIAG | 4 0 9 -0.15000000000000002 0.028571428571428567 0.15 -0.06666666666666667 0.15000000000000002 -0.35000000000000003 -0.05 7 1 0 1 0 0 6 0
2026-09-05,02:20:58 GMT,V6.2 BLOCK - final pressure/veto/active/timing gate failed or signal already used
2026-09-05,02:20:58 GMT,SENTINEL V6 MULTI-WINDOW SCAN >>>
2026-09-05,02:20:58 GMT,V6.2 DIAG | 4 0 9 -0.15000000000000002 0.028571428571428567 0.15 -0.06666666666666667 0.15000000000000002 -0.35000000000000003 -0.05 6 2 0 1 0 0 6 0
2026-09-05,02:20:57 GMT,V6.2 BLOCK - final pressure/veto/active/timing gate failed or signal already used
2026-09-05,02:20:57 GMT,SENTINEL V6 MULTI-WINDOW SCAN >>>
2026-09-05,02:20:57 GMT,V6.2 DIAG | 1 0 9 -0.10000000000000009 0.028571428571428567 0.09999999999999998 -0.06666666666666667 0.1 -0.35000000000000003 -0.05 5 3 1 1 0 0 6 0
2026-09-05,02:20:56 GMT,V6.2 BLOCK - final pressure/veto/active/timing gate failed or signal already used
2026-09-05,02:20:56 GMT,SENTINEL V6 MULTI-WINDOW SCAN >>>
2026-09-05,02:20:56 GMT,V6.2 DIAG | 3 0 9 -0.10000000000000009 0.028571428571428567 0.09999999999999998 -0.06666666666666667 0.1 -0.35000000000000003 -0.05 5 3 1 1 0 0 6 0
2026-09-05,02:20:55 GMT,V6.2 BLOCK - final pressure/veto/active/timing gate failed or signal already used
2026-09-05,02:20:55 GMT,SENTINEL V6 MULTI-WINDOW SCAN >>>
2026-09-05,02:20:55 GMT,V6.2 DIAG | 7 0 6 -0.20000000000000007 0 0.2 0 0.8500000000000001 -0.35000000000000003 -0.30000000000000004 5 3 1 1 0 0 6 0
2026-09-05,02:20:54 GMT,V6.2 BLOCK - final pressure/veto/active/timing gate failed or signal already used
2026-09-05,02:20:54 GMT,SENTINEL V6 MULTI-WINDOW SCAN >>>
2026-09-05,02:20:54 GMT,V6.2 DIAG | 1 0 5 -0.050000000000000044 -0.028571428571428567 0.04999999999999999 0.06666666666666667 0.35000000000000003 0.4 -0.30000000000000004 6 2 1 1 0 0 6 0
2026-09-05,02:20:53 GMT,V6.2 BLOCK - final pressure/veto/active/timing gate failed or signal already used
2026-09-05,02:20:53 GMT,SENTINEL V6 MULTI-WINDOW SCAN >>>
2026-09-05,02:20:53 GMT,V6.2 DIAG | 5 0 5 -0.050000000000000044 -0.028571428571428567 0.04999999999999999 0.06666666666666667 0.35000000000000003 0.4 -0.30000000000000004 5 3 1 1 0 0 6 0
2026-09-05,02:20:52 GMT,V6.2 BLOCK - final pressure/veto/active/timing gate failed or signal already used
2026-09-05,02:20:52 GMT,SENTINEL V6 MULTI-WINDOW SCAN >>>
2026-09-05,02:20:52 GMT,V6.2 DIAG | 4 0 5 -0.050000000000000044 -0.028571428571428567 0.04999999999999999 0.06666666666666667 0.35000000000000003 0.4 -0.30000000000000004 5 3 1 1 0 0 6 0
2026-09-05,02:20:51 GMT,V6.2 BLOCK - final pressure/veto/active/timing gate failed or signal already used
2026-09-05,02:20:51 GMT,SENTINEL V6 MULTI-WINDOW SCAN >>>
2026-09-05,02:20:51 GMT,V6.2 DIAG | 7 0 5 -0.20000000000000007 0 0.2 0 0.35000000000000003 0.15000000000000002 -0.30000000000000004 5 3 1 1 0 0 6 0
2026-09-05,02:20:50 GMT,V6.2 BLOCK - final pressure/veto/active/timing gate failed or signal already used
2026-09-05,02:20:50 GMT,SENTINEL V6 MULTI-WINDOW SCAN >>>
2026-09-05,02:20:50 GMT,V6.2 DIAG | 8 0 5 -0.050000000000000044 -0.028571428571428567 0.04999999999999999 0.06666666666666667 -0.2 0.15000000000000002 0.5 6 2 1 1 0 0 6 0
2026-09-05,02:20:49 GMT,V6.2 BLOCK - final pressure/veto/active/timing gate failed or signal already used
2026-09-05,02:20:49 GMT,SENTINEL V6 MULTI-WINDOW SCAN >>>
2026-09-05,02:20:49 GMT,V6.2 DIAG | 4 0 8 0.050000000000000044 0 -0.04999999999999999 0 -0.2 -0.35000000000000003 0.5 6 2 1 0 0 0 6 0
2026-09-05,02:20:48 GMT,V6.2 BLOCK - final pressure/veto/active/timing gate failed or signal already used
2026-09-05,02:20:48 GMT,SENTINEL V6 MULTI-WINDOW SCAN >>>
2026-09-05,02:20:48 GMT,V6.2 DIAG | 5 0 8 0.050000000000000044 0 -0.04999999999999999 0 -0.2 -0.35000000000000003 0.5 6 2 1 0 0 0 6 0
2026-09-05,02:20:47 GMT,V6.2 BLOCK - final pressure/veto/active/timing gate failed or signal already used
2026-09-05,02:20:47 GMT,SENTINEL V6 MULTI-WINDOW SCAN >>>
2026-09-05,02:20:47 GMT,V6.2 DIAG | 5 0 8 0.10000000000000009 0 -0.09999999999999998 0 -0.2 -0.4 0.5 6 2 1 0 0 0 6 0
2026-09-05,02:20:46 GMT,V6.2 BLOCK - final pressure/veto/active/timing gate failed or signal already used
2026-09-05,02:20:46 GMT,SENTINEL V6 MULTI-WINDOW SCAN >>>
2026-09-05,02:20:46 GMT,V6.2 DIAG | 9 0 7 0.15000000000000002 -0.057142857142857134 -0.14999999999999997 0.13333333333333333 -0.2 0.4 0.45 6 2 1 1 0 0 6 0
2026-09-05,02:20:45 GMT,V6.2 BLOCK - final pressure/veto/active/timing gate failed or signal already used
2026-09-05,02:20:45 GMT,SENTINEL V6 MULTI-WINDOW SCAN >>>
2026-09-05,02:20:45 GMT,V6.2 DIAG | 1 0 8 0.30000000000000004 -0.028571428571428567 -0.30000000000000004 0.06666666666666667 -0.2 0.4 -0.1 7 1 1 1 0 0 6 0
2026-09-05,02:20:44 GMT,V6.2 BLOCK - final pressure/veto/active/timing gate failed or signal already used
2026-09-05,02:20:44 GMT,SENTINEL V6 MULTI-WINDOW SCAN >>>
2026-09-05,02:20:44 GMT,V6.2 DIAG | 2 0 8 0.30000000000000004 -0.028571428571428567 -0.30000000000000004 0.06666666666666667 -0.2 0.4 -0.1 7 1 1 1 0 0 6 0
2026-09-05,02:20:43 GMT,V6.2 BLOCK - final pressure/veto/active/timing gate failed or signal already used
2026-09-05,02:20:43 GMT,SENTINEL V6 MULTI-WINDOW SCAN >>>
2026-09-05,02:20:43 GMT,V6.2 DIAG | 3 0 8 0.15000000000000002 0 -0.14999999999999997 0 -0.45 0.4 -0.1 7 1 1 1 0 0 6 0
2026-09-05,02:20:42 GMT,V6.2 BLOCK - final pressure/veto/active/timing gate failed or signal already used
2026-09-05,02:20:42 GMT,SENTINEL V6 MULTI-WINDOW SCAN >>>
2026-09-05,02:20:42 GMT,V6.2 DIAG | 8 0 8 0.15000000000000002 0 -0.14999999999999997 0 -0.45 0.4 -0.1 7 1 1 1 0 0 6 0
2026-09-05,02:20:41 GMT,V6.2 BLOCK - final pressure/veto/active/timing gate failed or signal already used
2026-09-05,02:20:41 GMT,SENTINEL V6 MULTI-WINDOW SCAN >>>
2026-09-05,02:20:41 GMT,V6.2 DIAG | 3 0 12 0.30000000000000004 0.028571428571428567 -0.30000000000000004 -0.06666666666666667 -0.45 -0.1 -0.15 7 1 0 0 1 0 6 0
2026-09-05,02:20:40 GMT,V6.2 BLOCK - final pressure/veto/active/timing gate failed or signal already used
2026-09-05,02:20:40 GMT,SENTINEL V6 MULTI-WINDOW SCAN >>>
2026-09-05,02:20:40 GMT,V6.2 DIAG | 2 0 12 0.35 0.028571428571428567 -0.35 -0.06666666666666667 -0.5 -0.1 -0.15 7 1 0 1 1 0 6 0
2026-09-05,02:20:39 GMT,V6.2 BLOCK - final pressure/veto/active/timing gate failed or signal already used
2026-09-05,02:20:39 GMT,SENTINEL V6 MULTI-WINDOW SCAN >>>
2026-09-05,02:20:39 GMT,V6.2 DIAG | 1 0 12 0.4 0.028571428571428567 -0.4 -0.06666666666666667 -0.5 -0.15 -0.15 7 1 0 0 1 0 6 0
2026-09-05,02:20:38 GMT,V6.2 BLOCK - final pressure/veto/active/timing gate failed or signal already used
2026-09-05,02:20:38 GMT,SENTINEL V6 MULTI-WINDOW SCAN >>>
2026-09-05,02:20:38 GMT,V6.2 DIAG | 0 0 8 0.4 -0.028571428571428567 -0.4 0.06666666666666667 0.30000000000000004 -0.15 -0.15 7 1 0 0 0 0 6 0
2026-09-05,02:20:37 GMT,V6.2 BLOCK - final pressure/veto/active/timing gate failed or signal already used
2026-09-05,02:20:37 GMT,SENTINEL V6 MULTI-WINDOW SCAN >>>
2026-09-05,02:20:37 GMT,V6.2 DIAG | 2 0 8 0.25 0 -0.25 0 0.05000000000000002 -0.15 -0.15 7 1 0 0 0 0 6 0
2026-09-05,02:20:36 GMT,V6.2 BLOCK - final pressure/veto/active/timing gate failed or signal already used
2026-09-05,02:20:36 GMT,SENTINEL V6 MULTI-WINDOW SCAN >>>
2026-09-05,02:20:36 GMT,V6.2 DIAG | 1 0 8 0.30000000000000004 0 -0.3 0 0.05000000000000002 -0.2 -0.15 7 1 0 0 0 0 6 0
2026-09-05,02:20:35 GMT,V6.2 BLOCK - final pressure/veto/active/timing gate failed or signal already used
2026-09-05,02:20:35 GMT,SENTINEL V6 MULTI-WINDOW SCAN >>>
2026-09-05,02:20:35 GMT,V6.2 DIAG | 2 0 12 0.19999999999999996 0.028571428571428567 -0.2 -0.06666666666666667 -0.20000000000000004 -0.25 -0.15 6 2 0 0 0 0 6 0
2026-09-05,02:20:34 GMT,V6.2 BLOCK - final pressure/veto/active/timing gate failed or signal already used
2026-09-05,02:20:34 GMT,SENTINEL V6 MULTI-WINDOW SCAN >>>
2026-09-05,02:20:34 GMT,V6.2 DIAG | 7 0 12 0.09999999999999998 0.05714285714285714 -0.09999999999999998 -0.13333333333333336 -0.20000000000000004 -0.5 -0.2 6 2 0 1 0 0 6 0
2026-09-05,02:20:33 GMT,V6.2 BLOCK - final pressure/veto/active/timing gate failed or signal already used
2026-09-05,02:20:33 GMT,SENTINEL V6 MULTI-WINDOW SCAN >>>
2026-09-05,02:20:33 GMT,V6.2 DIAG | 1 1 12 0.24999999999999994 0.08571428571428572 -0.25000000000000006 -0.2 -0.7000000000000001 -0.55 -0.2 6 2 0 0 1 0 6 0
2026-09-05,02:20:32 GMT,V6.2 BLOCK - final pressure/veto/active/timing gate failed or signal already used
2026-09-05,02:20:32 GMT,SENTINEL V6 MULTI-WINDOW SCAN >>>
2026-09-05,02:20:32 GMT,V6.2 DIAG | 3 0 11 0.29999999999999993 0.028571428571428567 -0.3 -0.06666666666666667 0.1 -0.6 -0.2 5 3 1 0 1 0 6 1
2026-09-05,02:20:31 GMT,V6.2 BLOCK - final pressure/veto/active/timing gate failed or signal already used
2026-09-05,02:20:31 GMT,SENTINEL V6 MULTI-WINDOW SCAN >>>
2026-09-05,02:20:31 GMT,V6.2 DIAG | 0 0 11 0.29999999999999993 0.028571428571428567 -0.3 -0.06666666666666667 0.1 -0.6 -0.2 5 3 1 0 1 0 6 0
2026-09-05,02:20:30 GMT,V6.2 BLOCK - final pressure/veto/active/timing gate failed or signal already used
2026-09-05,02:20:30 GMT,SENTINEL V6 MULTI-WINDOW SCAN >>>
2026-09-05,02:20:30 GMT,V6.2 DIAG | 2 0 8 0.14999999999999997 0 -0.15000000000000002 0 0.65 -0.6 -0.2 5 3 1 0 0 0 6 0
2026-09-05,02:20:29 GMT,V6.2 BLOCK - final pressure/veto/active/timing gate failed or signal already used
2026-09-05,02:20:29 GMT,SENTINEL V6 MULTI-WINDOW SCAN >>>
2026-09-05,02:20:29 GMT,V6.2 DIAG | 6 0 7 0.19999999999999996 -0.05714285714285714 -0.19999999999999996 0.13333333333333336 0.6 0.20000000000000004 -0.2 5 3 1 1 0 0 6 0
2026-09-05,02:20:28 GMT,V6.2 BLOCK - final pressure/veto/active/timing gate failed or signal already used
2026-09-05,02:20:28 GMT,SENTINEL V6 MULTI-WINDOW SCAN >>>
2026-09-05,02:20:28 GMT,V6.2 DIAG | 7 0 5 0.25 -0.05714285714285714 -0.25 0.13333333333333336 0.55 0.20000000000000004 -0.2 4 4 1 1 0 0 6 0
2026-09-05,02:20:27 GMT,V6.2 BLOCK - final pressure/veto/active/timing gate failed or signal already used
2026-09-05,02:20:27 GMT,SENTINEL V6 MULTI-WINDOW SCAN >>>
2026-09-05,02:20:27 GMT,V6.2 DIAG | 0 0 8 0.25 0 -0.25 0 0.05000000000000002 -0.04999999999999999 -0.25 5 3 1 0 0 0 6 0
2026-09-05,02:20:26 GMT,V6.2 BLOCK - final pressure/veto/active/timing gate failed or signal already used
2026-09-05,02:20:26 GMT,SENTINEL V6 MULTI-WINDOW SCAN >>>
2026-09-05,02:20:26 GMT,V6.2 DIAG | 7 0 11 0.15000000000000002 0.028571428571428574 -0.15000000000000002 -0.06666666666666668 0.05000000000000002 -0.09999999999999998 -0.5 5 3 1 0 1 0 6 0
2026-09-05,02:20:25 GMT,V6.2 BLOCK - final pressure/veto/active/timing gate failed or signal already used
2026-09-05,02:20:25 GMT,SENTINEL V6 MULTI-WINDOW SCAN >>>
2026-09-05,02:20:25 GMT,V6.2 DIAG | 8 0 10 0.09999999999999998 0.028571428571428574 -0.09999999999999998 -0.06666666666666668 0.35000000000000003 -0.09999999999999998 -0.75 5 3 2 1 0 0 6 0
2026-09-05,02:20:24 GMT,V6.2 BLOCK - final pressure/veto/active/timing gate failed or signal already used
2026-09-05,02:20:24 GMT,SENTINEL V6 MULTI-WINDOW SCAN >>>
2026-09-05,02:20:24 GMT,V6.2 DIAG | 6 0 11 0.19999999999999996 0.05714285714285714 -0.19999999999999996 -0.13333333333333336 0.35000000000000003 -0.6 -0.75 5 3 1 1 1 0 6 0
2026-09-05,02:20:23 GMT,V6.2 BLOCK - final pressure/veto/active/timing gate failed or signal already used
2026-09-05,02:20:23 GMT,SENTINEL V6 MULTI-WINDOW SCAN >>>
2026-09-05,02:20:23 GMT,V6.2 DIAG | 3 0 9 0.25 0.05714285714285714 -0.25 -0.13333333333333336 0.30000000000000004 -0.6 -0.75 4 4 1 0 0 0 6 0
2026-09-05,02:20:22 GMT,V6.2 BLOCK - final pressure/veto/active/timing gate failed or signal already used
2026-09-05,02:20:22 GMT,SENTINEL V6 MULTI-WINDOW SCAN >>>
2026-09-05,02:20:22 GMT,V6.2 DIAG | 3 0 5 0.25 0 -0.25 0 0.30000000000000004 0.20000000000000004 -0.75 4 4 1 1 0 0 6 0
2026-09-05,02:20:21 GMT,V6.2 BLOCK - final pressure/veto/active/timing gate failed or signal already used
2026-09-05,02:20:21 GMT,SENTINEL V6 MULTI-WINDOW SCAN >>>
2026-09-05,02:20:21 GMT,V6.2 DIAG | 7 0 5 0.09999999999999998 -0.028571428571428574 -0.09999999999999998 0.06666666666666668 0.30000000000000004 0.20000000000000004 -0.20000000000000004 4 4 1 1 0 0 6 0
2026-09-05,02:20:20 GMT,V6.2 BLOCK - final pressure/veto/active/timing gate failed or signal already used
2026-09-05,02:20:20 GMT,SENTINEL V6 MULTI-WINDOW SCAN >>>
2026-09-05,02:20:20 GMT,V6.2 DIAG | 4 0 6 0.04999999999999999 -0.028571428571428574 -0.050000000000000044 0.06666666666666668 -0.45 0.20000000000000004 0.6 5 3 1 1 0 0 6 0
2026-09-05,02:20:19 GMT,V6.2 BLOCK - final pressure/veto/active/timing gate failed or signal already used
2026-09-05,02:20:19 GMT,SENTINEL V6 MULTI-WINDOW SCAN >>>
2026-09-05,02:20:19 GMT,V6.2 DIAG | 1 0 3 -0.04999999999999999 0 0.04999999999999993 0 -0.45 -0.09999999999999998 0.6 4 4 1 1 0 0 6 0
2026-09-05,02:20:18 GMT,V6.2 BLOCK - final pressure/veto/active/timing gate failed or signal already used
2026-09-05,02:20:18 GMT,SENTINEL V6 MULTI-WINDOW SCAN >>>
2026-09-05,02:20:18 GMT,V6.2 DIAG | 8 0 3 0 0 0 0 -0.5 -0.09999999999999998 0.6 3 5 1 1 0 0 6 0
2026-09-05,02:20:17 GMT,V6.2 BLOCK - final pressure/veto/active/timing gate failed or signal already used
2026-09-05,02:20:17 GMT,SENTINEL V6 MULTI-WINDOW SCAN >>>
2026-09-05,02:20:17 GMT,V6.2 DIAG | 9 0 9 0.15000000000000002 0.028571428571428574 -0.15000000000000002 -0.06666666666666668 -0.5 -0.65 0.6 3 5 1 0 0 0 6 0
2026-09-05,02:20:16 GMT,V6.2 BLOCK - final pressure/veto/active/timing gate failed or signal already used
2026-09-05,02:20:16 GMT,SENTINEL V6 MULTI-WINDOW SCAN >>>
2026-09-05,02:20:16 GMT,V6.2 DIAG | 9 0 9 0.09999999999999998 0.028571428571428574 -0.09999999999999998 -0.06666666666666668 -0.5 -0.9 0.9 4 4 1 0 0 0 6 0
2026-09-05,02:20:15 GMT,V6.2 BLOCK - final pressure/veto/active/timing gate failed or signal already used
2026-09-05,02:20:15 GMT,SENTINEL V6 MULTI-WINDOW SCAN >>>
2026-09-05,02:20:15 GMT,V6.2 DIAG | 6 0 10 0.09999999999999998 0.028571428571428574 -0.09999999999999998 -0.06666666666666668 0.30000000000000004 -1.2 0.4 5 3 1 0 1 0 6 0
2026-09-05,02:20:14 GMT,V6.2 BLOCK - final pressure/veto/active/timing gate failed or signal already used
2026-09-05,02:20:14 GMT,SENTINEL V6 MULTI-WINDOW SCAN >>>
2026-09-05,02:20:14 GMT,V6.2 DIAG | 0 0 1 -0.04999999999999999 0 0.04999999999999993 0 0.30000000000000004 -0.4 0.15000000000000002 4 4 2 1 0 0 6 0
2026-09-05,02:20:13 GMT,V6.2 BLOCK - final pressure/veto/active/timing gate failed or signal already used
2026-09-05,02:20:13 GMT,SENTINEL V6 MULTI-WINDOW SCAN >>>
2026-09-05,02:20:13 GMT,V6.2 DIAG | 2 0 4 -0.15000000000000002 0.02857142857142857 0.1499999999999999 -0.06666666666666665 0.30000000000000004 -0.6499999999999999 0.1 3 5 3 1 0 0 6 0
2026-09-05,02:20:12 GMT,V6.2 BLOCK - final pressure/veto/active/timing gate failed or signal already used
2026-09-05,02:20:12 GMT,SENTINEL V6 MULTI-WINDOW SCAN >>>
2026-09-05,02:20:12 GMT,V6.2 DIAG | 9 0 4 -0.3 0.05714285714285714 0.30000000000000004 -0.1333333333333333 0.30000000000000004 -0.9000000000000001 0.1 2 6 3 1 0 0 6 0
2026-09-05,02:20:11 GMT,V6.2 BLOCK - final pressure/veto/active/timing gate failed or signal already used
2026-09-05,02:20:11 GMT,SENTINEL V6 MULTI-WINDOW SCAN >>>
2026-09-05,02:20:11 GMT,V6.2 DIAG | 7 0 5 -0.15000000000000002 0.02857142857142857 0.1499999999999999 -0.06666666666666665 0.30000000000000004 -0.09999999999999992 -0.45 2 6 4 1 0 0 6 0
2026-09-05,02:20:10 GMT,V6.2 BLOCK - final pressure/veto/active/timing gate failed or signal already used
2026-09-05,02:20:10 GMT,SENTINEL V6 MULTI-WINDOW SCAN >>>
2026-09-05,02:20:10 GMT,V6.2 DIAG | 8 0 2 0 0 0 0 -0.2 0.7 -0.5 2 6 5 1 0 0 6 0
2026-09-05,02:20:09 GMT,V6.2 BLOCK - final pressure/veto/active/timing gate failed or signal already used
2026-09-05,02:20:09 GMT,SENTINEL V6 MULTI-WINDOW SCAN >>>
2026-09-05,02:20:09 GMT,V6.2 DIAG | 4 0 1 -0.04999999999999999 0 0.04999999999999993 0 -0.45 0.2 0.30000000000000004 3 5 4 1 0 0 6 0
2026-09-05,02:20:08 GMT,V6.2 BLOCK - final pressure/veto/active/timing gate failed or signal already used
2026-09-05,02:20:08 GMT,SENTINEL V6 MULTI-WINDOW SCAN >>>
2026-09-05,02:20:08 GMT,V6.2 DIAG | 5 0 1 -0.15000000000000002 -0.02857142857142857 0.1499999999999999 0.06666666666666665 -0.75 1 0.30000000000000004 3 5 4 1 0 0 6 0
2026-09-05,02:20:07 GMT,V6.2 BLOCK - final pressure/veto/active/timing gate failed or signal already used
2026-09-05,02:20:07 GMT,SENTINEL V6 MULTI-WINDOW SCAN >>>
2026-09-05,02:20:07 GMT,V6.2 DIAG | 8 0 1 -0.3 -0.05714285714285714 0.30000000000000004 0.1333333333333333 -0.75 1.8 0.05000000000000002 2 6 4 1 0 0 6 0
2026-09-05,02:20:06 GMT,V6.2 BLOCK - final pressure/veto/active/timing gate failed or signal already used
2026-09-05,02:20:06 GMT,SENTINEL V6 MULTI-WINDOW SCAN >>>
2026-09-05,02:20:06 GMT,V6.2 DIAG | 8 0 1 -0.35000000000000003 0 0.35000000000000003 0 -0.75 1.0499999999999998 0.05000000000000002 2 6 3 1 0 0 6 0
2026-09-05,02:20:05 GMT,V6.2 BLOCK - final pressure/veto/active/timing gate failed or signal already used
2026-09-05,02:20:05 GMT,SENTINEL V6 MULTI-WINDOW SCAN >>>
2026-09-05,02:20:05 GMT,V6.2 DIAG | 9 0 4 -0.25000000000000006 0.02857142857142857 0.24999999999999994 -0.06666666666666665 -0.75 0.55 0.05000000000000002 2 6 2 1 0 0 6 0
2026-09-05,02:20:04 GMT,V6.2 BLOCK - final pressure/veto/active/timing gate failed or signal already used
2026-09-05,02:20:04 GMT,SENTINEL V6 MULTI-WINDOW SCAN >>>
2026-09-05,02:20:04 GMT,V6.2 DIAG | 8 0 1 -0.15000000000000002 0 0.14999999999999997 0 0.05000000000000002 0.55 -0.45 2 6 3 1 0 0 6 0
2026-09-05,02:20:03 GMT,V6.2 BLOCK - final pressure/veto/active/timing gate failed or signal already used
2026-09-05,02:20:03 GMT,SENTINEL V6 MULTI-WINDOW SCAN >>>
2026-09-05,02:20:03 GMT,V6.2 DIAG | 8 0 1 -0.19999999999999996 0 0.19999999999999996 0 0.6 0.05000000000000002 -0.45 3 5 2 1 0 0 6 0
2026-09-05,02:20:02 GMT,V6.2 BLOCK - final pressure/veto/active/timing gate failed or signal already used
2026-09-05,02:20:02 GMT,SENTINEL V6 MULTI-WINDOW SCAN >>>
2026-09-05,02:20:02 GMT,V6.2 DIAG | 3 0 3 -0.09999999999999998 -0.028571428571428574 0.09999999999999998 0.06666666666666668 0.6 -0.45 0.35000000000000003 4 4 1 1 0 0 6 0
2026-09-05,02:20:01 GMT,V6.2 BLOCK - final pressure/veto/active/timing gate failed or signal already used
2026-09-05,02:20:01 GMT,SENTINEL V6 MULTI-WINDOW SCAN >>>
2026-09-05,02:20:01 GMT,V6.2 DIAG | 3 0 2 -0.050000000000000044 -0.08571428571428572 0.04999999999999999 0.2 0.6 0.35000000000000003 0.30000000000000004 3 5 1 1 0 0 6 0
2026-09-05,02:20:00 GMT,V6.2 BLOCK - final pressure/veto/active/timing gate failed or signal already used
2026-09-05,02:20:00 GMT,SENTINEL V6 MULTI-WINDOW SCAN >>>
2026-09-05,02:20:00 GMT,V6.2 DIAG | 7 0 2 -0.050000000000000044 -0.08571428571428572 0.04999999999999999 0.2 0.6 0.35000000000000003 0.30000000000000004 3 5 1 1 0 0 6 0
2026-09-05,02:19:59 GMT,V6.2 BLOCK - final pressure/veto/active/timing gate failed or signal already used
2026-09-05,02:19:59 GMT,SENTINEL V6 MULTI-WINDOW SCAN >>>
2026-09-05,02:19:59 GMT,V6.2 DIAG | 7 0 2 -0.050000000000000044 -0.028571428571428574 0.04999999999999999 0.06666666666666668 0.1 0.05000000000000002 0.30000000000000004 4 4 1 1 0 0 6 0
2026-09-05,02:19:58 GMT,V6.2 BLOCK - final pressure/veto/active/timing gate failed or signal already used
2026-09-05,02:19:58 GMT,SENTINEL V6 MULTI-WINDOW SCAN >>>
2026-09-05,02:19:58 GMT,V6.2 DIAG | 9 0 4 -0.09999999999999998 -0.028571428571428574 0.09999999999999998 0.06666666666666668 0.15000000000000002 0.05000000000000002 0.30000000000000004 5 3 1 1 0 0 6 0
2026-09-05,02:19:57 GMT,V6.2 BLOCK - final pressure/veto/active/timing gate failed or signal already used
2026-09-05,02:19:57 GMT,SENTINEL V6 MULTI-WINDOW SCAN >>>
2026-09-05,02:19:57 GMT,V6.2 DIAG | 8 0 8 -0.15000000000000002 0.028571428571428574 0.15000000000000002 -0.06666666666666668 0.15000000000000002 -0.20000000000000004 -0.2 5 3 2 1 0 0 6 0
2026-09-05,02:19:56 GMT,V6.2 BLOCK - final pressure/veto/active/timing gate failed or signal already used
2026-09-05,02:19:56 GMT,SENTINEL V6 MULTI-WINDOW SCAN >>>
2026-09-05,02:19:56 GMT,V6.2 DIAG | 6 0 9 -0.050000000000000044 0.05714285714285714 0.050000000000000044 -0.13333333333333336 0.15000000000000002 -0.7000000000000001 -0.2 5 3 1 1 0 0 6 0
2026-09-05,02:19:55 GMT,V6.2 BLOCK - final pressure/veto/active/timing gate failed or signal already used
2026-09-05,02:19:55 GMT,SENTINEL V6 MULTI-WINDOW SCAN >>>
2026-09-05,02:19:55 GMT,V6.2 DIAG | 0 0 6 -0.15000000000000002 0.08571428571428572 0.15000000000000002 -0.2 0.1 -0.95 -0.2 4 4 2 1 0 0 6 0
2026-09-05,02:19:54 GMT,V6.2 BLOCK - final pressure/veto/active/timing gate failed or signal already used
2026-09-05,02:19:54 GMT,SENTINEL V6 MULTI-WINDOW SCAN >>>
2026-09-05,02:19:54 GMT,V6.2 DIAG | 7 0 6 -0.09999999999999998 0.028571428571428574 0.09999999999999998 -0.06666666666666668 0.1 -0.20000000000000004 -0.2 4 4 2 1 0 0 6 0
2026-09-05,02:19:53 GMT,V6.2 BLOCK - final pressure/veto/active/timing gate failed or signal already used
2026-09-05,02:19:53 GMT,SENTINEL V6 MULTI-WINDOW SCAN >>>
2026-09-05,02:19:53 GMT,V6.2 DIAG | 4 0 6 -0.15000000000000002 0.028571428571428574 0.15000000000000002 -0.06666666666666668 0.4 -0.20000000000000004 -0.45 4 4 3 1 0 0 6 0
2026-09-05,02:19:52 GMT,V6.2 BLOCK - final pressure/veto/active/timing gate failed or signal already used
2026-09-05,02:19:52 GMT,SENTINEL V6 MULTI-WINDOW SCAN >>>
2026-09-05,02:19:52 GMT,V6.2 DIAG | 2 0 2 -0.15000000000000002 -0.028571428571428574 0.15000000000000002 0.06666666666666668 0.4 0.6 -0.45 4 4 3 1 0 0 6 0
2026-09-05,02:19:51 GMT,V6.2 BLOCK - final pressure/veto/active/timing gate failed or signal already used
2026-09-05,02:19:51 GMT,SENTINEL V6 MULTI-WINDOW SCAN >>>
2026-09-05,02:19:51 GMT,V6.2 DIAG | 2 0 1 -0.29999999999999993 0 0.3 0 0.4 0.6 -0.7000000000000001 3 5 3 1 0 0 6 0
2026-09-05,02:19:50 GMT,V6.2 BLOCK - final pressure/veto/active/timing gate failed or signal already used
2026-09-05,02:19:50 GMT,SENTINEL V6 MULTI-WINDOW SCAN >>>
2026-09-05,02:19:50 GMT,V6.2 DIAG | 8 0 1 -0.39999999999999997 -0.02857142857142857 0.39999999999999997 0.06666666666666665 0.4 1.3499999999999999 -0.95 3 5 3 1 0 0 6 0
2026-09-05,02:19:49 GMT,V6.2 BLOCK - final pressure/veto/active/timing gate failed or signal already used
2026-09-05,02:19:49 GMT,SENTINEL V6 MULTI-WINDOW SCAN >>>
2026-09-05,02:19:49 GMT,V6.2 DIAG | 7 0 1 -0.29999999999999993 0 0.3 0 0.4 0.8500000000000001 -0.95 3 5 2 1 0 0 6 0
2026-09-05,02:19:48 GMT,V6.2 BLOCK - final pressure/veto/active/timing gate failed or signal already used
2026-09-05,02:19:48 GMT,SENTINEL V6 MULTI-WINDOW SCAN >>>
2026-09-05,02:19:48 GMT,V6.2 DIAG | 8 0 2 -0.35 0 0.35 0 -0.35000000000000003 0.8500000000000001 -0.15000000000000002 3 5 2 1 0 0 6 0
2026-09-05,02:19:47 GMT,V6.2 BLOCK - final pressure/veto/active/timing gate failed or signal already used
2026-09-05,02:19:47 GMT,SENTINEL V6 MULTI-WINDOW SCAN >>>
2026-09-05,02:19:47 GMT,V6.2 DIAG | 3 0 7 -0.25 0.028571428571428574 0.25 -0.06666666666666668 -0.35000000000000003 0.35000000000000003 -0.15000000000000002 4 4 1 1 0 0 6 0
2026-09-05,02:19:46 GMT,V6.2 BLOCK - final pressure/veto/active/timing gate failed or signal already used
2026-09-05,02:19:46 GMT,SENTINEL V6 MULTI-WINDOW SCAN >>>
2026-09-05,02:19:46 GMT,V6.2 DIAG | 8 0 3 -0.25 -0.028571428571428574 0.25 0.06666666666666668 -0.35000000000000003 0.35000000000000003 0.65 3 5 1 1 0 0 6 0
2026-09-05,02:19:45 GMT,V6.2 BLOCK - final pressure/veto/active/timing gate failed or signal already used
2026-09-05,02:19:45 GMT,SENTINEL V6 MULTI-WINDOW SCAN >>>
2026-09-05,02:19:45 GMT,V6.2 DIAG | 0 0 4 -0.09999999999999998 -0.05714285714285714 0.10000000000000003 0.13333333333333336 -0.35000000000000003 -0.15 1.4 4 4 0 1 0 0 6 0
2026-09-05,02:19:44 GMT,V6.2 BLOCK - final pressure/veto/active/timing gate failed or signal already used
2026-09-05,02:19:44 GMT,SENTINEL V6 MULTI-WINDOW SCAN >>>
2026-09-05,02:19:44 GMT,V6.2 DIAG | 9 0 4 -0.050000000000000044 -0.05714285714285714 0.050000000000000044 0.13333333333333336 -0.4 -0.15 1.4 4 4 0 1 0 0 6 0
2026-09-05,02:19:43 GMT,V6.2 BLOCK - final pressure/veto/active/timing gate failed or signal already used
2026-09-05,02:19:43 GMT,SENTINEL V6 MULTI-WINDOW SCAN >>>
2026-09-05,02:19:43 GMT,V6.2 DIAG | 2 0 6 0.04999999999999993 -0.08571428571428572 -0.04999999999999999 0.2 0.4 -0.15 0.9 5 3 0 0 0 0 6 0
2026-09-05,02:19:42 GMT,V6.2 BLOCK - final pressure/veto/active/timing gate failed or signal already used
2026-09-05,02:19:42 GMT,SENTINEL V6 MULTI-WINDOW SCAN >>>
2026-09-05,02:19:42 GMT,V6.2 DIAG | 9 0 6 0.04999999999999993 -0.08571428571428572 -0.04999999999999999 0.2 0.4 -0.15 0.9 5 3 0 1 0 0 6 0
2026-09-05,02:19:41 GMT,V6.2 BLOCK - final pressure/veto/active/timing gate failed or signal already used
2026-09-05,02:19:41 GMT,SENTINEL V6 MULTI-WINDOW SCAN >>>
2026-09-05,02:19:41 GMT,V6.2 DIAG | 9 0 6 0.04999999999999993 -0.028571428571428567 -0.04999999999999999 0.06666666666666667 0.4 -0.15 0.1 6 2 0 1 0 0 6 0
2026-09-05,02:19:40 GMT,V6.2 BLOCK - final pressure/veto/active/timing gate failed or signal already used
2026-09-05,02:19:40 GMT,SENTINEL V6 MULTI-WINDOW SCAN >>>
2026-09-05,02:19:40 GMT,V6.2 DIAG | 6 0 8 0.20000000000000007 0 -0.2 0 0.35000000000000003 -0.15 -0.4 7 1 0 0 0 0 6 0
2026-09-05,02:19:39 GMT,V6.2 BLOCK - final pressure/veto/active/timing gate failed or signal already used
2026-09-05,02:19:39 GMT,SENTINEL V6 MULTI-WINDOW SCAN >>>
2026-09-05,02:19:39 GMT,V6.2 DIAG | 7 0 10 0.04999999999999993 0.028571428571428567 -0.04999999999999999 -0.06666666666666667 0.35000000000000003 -0.4 -0.4 6 2 0 1 0 0 6 0
2026-09-05,02:19:39 GMT,V6.2 BLOCK - final pressure/veto/active/timing gate failed or signal already used
2026-09-05,02:19:39 GMT,SENTINEL V6 MULTI-WINDOW SCAN >>>
2026-09-05,02:19:39 GMT,V6.2 DIAG | 5 1 12 0.15000000000000002 0.057142857142857134 -0.14999999999999997 -0.13333333333333333 -0.15 -0.4 -0.4 7 1 0 1 1 0 6 0
2026-09-05,02:19:36 GMT,V6.2 BLOCK - final pressure/veto/active/timing gate failed or signal already used
2026-09-05,02:19:36 GMT,SENTINEL V6 MULTI-WINDOW SCAN >>>
2026-09-05,02:19:36 GMT,V6.2 DIAG | 2 0 12 0.20000000000000007 0.057142857142857134 -0.2 -0.13333333333333333 -0.2 -0.4 -0.4 6 2 1 0 1 0 6 1
2026-09-05,02:19:35 GMT,V6.2 BLOCK - final pressure/veto/active/timing gate failed or signal already used
2026-09-05,02:19:35 GMT,SENTINEL V6 MULTI-WINDOW SCAN >>>
2026-09-05,02:19:35 GMT,V6.2 DIAG | 3 0 8 0.20000000000000007 0 -0.2 0 -0.2 -0.4 0.4 6 2 1 0 0 0 6 0
2026-09-05,02:19:35 GMT,V6.2 BLOCK - final pressure/veto/active/timing gate failed or signal already used
2026-09-05,02:19:35 GMT,SENTINEL V6 MULTI-WINDOW SCAN >>>
2026-09-05,02:19:35 GMT,V6.2 DIAG | 4 0 10 0.04999999999999993 0.028571428571428567 -0.04999999999999999 -0.06666666666666667 -0.45 -0.4 0.4 6 2 1 0 0 0 6 0
2026-09-05,02:19:34 GMT,V6.2 BLOCK - final pressure/veto/active/timing gate failed or signal already used
2026-09-05,02:19:34 GMT,SENTINEL V6 MULTI-WINDOW SCAN >>>
2026-09-05,02:19:34 GMT,V6.2 DIAG | 4 0 5 -0.09999999999999998 0 0.10000000000000003 0 -0.45 0.15000000000000002 0.4 6 2 1 1 0 0 6 0
2026-09-05,02:19:33 GMT,V6.2 BLOCK - final pressure/veto/active/timing gate failed or signal already used
2026-09-05,02:19:33 GMT,SENTINEL V6 MULTI-WINDOW SCAN >>>
2026-09-05,02:19:33 GMT,V6.2 DIAG | 4 0 5 -0.09999999999999998 0 0.10000000000000003 0 -0.45 0.15000000000000002 0.4 5 3 1 1 0 0 6 0
2026-09-05,02:19:32 GMT,V6.2 BLOCK - final pressure/veto/active/timing gate failed or signal already used
2026-09-05,02:19:32 GMT,SENTINEL V6 MULTI-WINDOW SCAN >>>
2026-09-05,02:19:32 GMT,V6.2 DIAG | 9 0 2 -0.09999999999999998 0 0.10000000000000003 0 -0.45 0.15000000000000002 0.4 4 4 2 1 0 0 6 0
2026-09-05,02:19:32 GMT,V6.2 BLOCK - final pressure/veto/active/timing gate failed or signal already used
2026-09-05,02:19:32 GMT,SENTINEL V6 MULTI-WINDOW SCAN >>>
2026-09-05,02:19:32 GMT,V6.2 DIAG | 2 0 8 0 0.028571428571428567 0 -0.06666666666666667 -0.45 0.15000000000000002 -0.1 5 3 2 1 0 0 6 0
2026-09-05,02:19:30 GMT,V6.2 BLOCK - final pressure/veto/active/timing gate failed or signal already used
2026-09-05,02:19:30 GMT,SENTINEL V6 MULTI-WINDOW SCAN >>>
2026-09-05,02:19:30 GMT,V6.2 DIAG | 8 0 5 -0.15000000000000002 0 0.15000000000000002 0 0.35000000000000003 -0.10000000000000003 -0.1 5 3 2 1 0 0 6 0
2026-09-05,02:19:29 GMT,V6.2 BLOCK - final pressure/veto/active/timing gate failed or signal already used
2026-09-05,02:19:29 GMT,SENTINEL V6 MULTI-WINDOW SCAN >>>
2026-09-05,02:19:29 GMT,V6.2 DIAG | 0 0 5 -0.050000000000000044 -0.028571428571428567 0.04999999999999999 0.06666666666666667 0.35000000000000003 0.2 -0.1 6 2 1 1 0 0 6 0
2026-09-05,02:19:28 GMT,V6.2 BLOCK - final pressure/veto/active/timing gate failed or signal already used
2026-09-05,02:19:28 GMT,SENTINEL V6 MULTI-WINDOW SCAN >>>
2026-09-05,02:19:28 GMT,V6.2 DIAG | 1 0 4 0 -0.028571428571428567 0 0.06666666666666667 0.35000000000000003 0.2 -0.15 5 3 2 1 0 0 6 0
2026-09-05,02:19:27 GMT,V6.2 BLOCK - final pressure/veto/active/timing gate failed or signal already used
2026-09-05,02:19:27 GMT,SENTINEL V6 MULTI-WINDOW SCAN >>>
2026-09-05,02:19:27 GMT,V6.2 DIAG | 0 0 4 0 -0.028571428571428567 0 0.06666666666666667 0.35000000000000003 0.2 -0.15 5 3 2 1 0 0 6 0
2026-09-05,02:19:24 GMT,V6.2 BLOCK - final pressure/veto/active/timing gate failed or signal already used
2026-09-05,02:19:24 GMT,SENTINEL V6 MULTI-WINDOW SCAN >>>
2026-09-05,02:19:24 GMT,V6.2 DIAG | 7 0 4 0 -0.028571428571428567 0 0.06666666666666667 0.35000000000000003 0.2 -0.15 5 3 2 1 0 0 6 0
2026-09-05,02:19:23 GMT,V6.2 BLOCK - final pressure/veto/active/timing gate failed or signal already used
2026-09-05,02:19:23 GMT,SENTINEL V6 MULTI-WINDOW SCAN >>>
2026-09-05,02:19:23 GMT,V6.2 DIAG | 8 0 5 0 -0.028571428571428567 0 0.06666666666666667 -0.15 0.9500000000000001 -0.4 6 2 2 1 0 0 6 0
2026-09-05,02:19:22 GMT,V6.2 BLOCK - final pressure/veto/active/timing gate failed or signal already used
2026-09-05,02:19:22 GMT,SENTINEL V6 MULTI-WINDOW SCAN >>>
2026-09-05,02:19:22 GMT,V6.2 DIAG | 3 0 9 -0.050000000000000044 0.028571428571428567 0.04999999999999999 -0.06666666666666667 -0.4 0.45 -0.4 7 1 1 1 0 0 6 0
2026-09-05,02:19:22 GMT,V6.2 BLOCK - final pressure/veto/active/timing gate failed or signal already used
2026-09-05,02:19:22 GMT,SENTINEL V6 MULTI-WINDOW SCAN >>>
2026-09-05,02:19:22 GMT,V6.2 DIAG | 0 0 9 -0.050000000000000044 0.028571428571428567 0.04999999999999999 -0.06666666666666667 -0.4 0.45 -0.4 6 2 1 1 0 0 6 0
2026-09-05,02:19:21 GMT,V6.2 BLOCK - final pressure/veto/active/timing gate failed or signal already used
2026-09-05,02:19:21 GMT,SENTINEL V6 MULTI-WINDOW SCAN >>>
2026-09-05,02:19:21 GMT,V6.2 DIAG | 6 0 9 -0.050000000000000044 0.028571428571428567 0.04999999999999999 -0.06666666666666667 -0.4 0.45 -0.4 5 3 1 1 0 0 6 0
2026-09-05,02:19:20 GMT,V6.2 BLOCK - final pressure/veto/active/timing gate failed or signal already used
2026-09-05,02:19:20 GMT,SENTINEL V6 MULTI-WINDOW SCAN >>>
2026-09-05,02:19:20 GMT,V6.2 DIAG | 8 0 9 -0.20000000000000007 0.05714285714285714 0.2 -0.13333333333333336 -0.4 0.45 -0.65 5 3 1 1 0 0 6 0
2026-09-05,02:19:19 GMT,V6.2 BLOCK - final pressure/veto/active/timing gate failed or signal already used
2026-09-05,02:19:19 GMT,SENTINEL V6 MULTI-WINDOW SCAN >>>
2026-09-05,02:19:19 GMT,V6.2 DIAG | 4 0 9 -0.25 0.05714285714285714 0.25 -0.13333333333333336 -0.65 -0.05 0.15000000000000002 6 2 0 1 0 0 6 0
2026-09-05,02:19:19 GMT,V6.2 BLOCK - final pressure/veto/active/timing gate failed or signal already used
2026-09-05,02:19:19 GMT,SENTINEL V6 MULTI-WINDOW SCAN >>>
2026-09-05,02:19:19 GMT,V6.2 DIAG | 3 0 5 -0.25 0 0.25 0 0.15000000000000002 -0.05 0.15000000000000002 5 3 0 1 0 0 6 0
2026-09-05,02:19:18 GMT,V6.2 BLOCK - final pressure/veto/active/timing gate failed or signal already used
2026-09-05,02:19:18 GMT,SENTINEL V6 MULTI-WINDOW SCAN >>>
2026-09-05,02:19:18 GMT,V6.2 DIAG | 5 0 3 -0.25 0 0.25 0 0.15000000000000002 -0.05 0.15000000000000002 4 4 0 1 0 0 6 0
2026-09-05,02:19:17 GMT,V6.2 BLOCK - final pressure/veto/active/timing gate failed or signal already used
2026-09-05,02:19:17 GMT,SENTINEL V6 MULTI-WINDOW SCAN >>>
2026-09-05,02:19:17 GMT,V6.2 DIAG | 5 0 7 -0.4 0.028571428571428574 0.4 -0.06666666666666668 -0.10000000000000003 -0.05 0.15000000000000002 4 4 0 1 0 0 6 0
2026-09-05,02:19:16 GMT,V6.2 BLOCK - final pressure/veto/active/timing gate failed or signal already used
2026-09-05,02:19:16 GMT,SENTINEL V6 MULTI-WINDOW SCAN >>>
2026-09-05,02:19:16 GMT,V6.2 DIAG | 9 0 4 -0.4 -0.028571428571428574 0.4 0.06666666666666668 -0.10000000000000003 -0.05 0.9500000000000001 4 4 0 1 0 0 6 0
2026-09-05,02:19:15 GMT,V6.2 BLOCK - final pressure/veto/active/timing gate failed or signal already used
2026-09-05,02:19:15 GMT,SENTINEL V6 MULTI-WINDOW SCAN >>>
2026-09-05,02:19:15 GMT,V6.2 DIAG | 7 0 3 -0.25 -0.05714285714285714 0.25 0.13333333333333336 0.7 -0.1 0.45 4 4 0 1 0 0 6 0
2026-09-05,02:19:14 GMT,V6.2 BLOCK - final pressure/veto/active/timing gate failed or signal already used
2026-09-05,02:19:14 GMT,SENTINEL V6 MULTI-WINDOW SCAN >>>
2026-09-05,02:19:14 GMT,V6.2 DIAG | 5 0 5 -0.15000000000000002 -0.028571428571428567 0.15 0.06666666666666667 0.2 -0.1 0.45 5 3 0 1 0 0 6 0
2026-09-05,02:19:14 GMT,V6.2 BLOCK - final pressure/veto/active/timing gate failed or signal already used
2026-09-05,02:19:14 GMT,SENTINEL V6 MULTI-WINDOW SCAN >>>
2026-09-05,02:19:14 GMT,V6.2 DIAG | 4 0 5 -0.15000000000000002 -0.028571428571428567 0.15 0.06666666666666667 0.2 -0.1 0.45 5 3 0 1 0 0 6 0
2026-09-05,02:19:12 GMT,V6.2 BLOCK - final pressure/veto/active/timing gate failed or signal already used
2026-09-05,02:19:12 GMT,SENTINEL V6 MULTI-WINDOW SCAN >>>
2026-09-05,02:19:12 GMT,V6.2 DIAG | 9 0 5 -0.15000000000000002 -0.08571428571428572 0.15 0.2 1 -0.1 0.45 5 3 0 1 0 0 6 0
2026-09-05,02:19:12 GMT,V6.2 BLOCK - final pressure/veto/active/timing gate failed or signal already used
2026-09-05,02:19:12 GMT,SENTINEL V6 MULTI-WINDOW SCAN >>>
2026-09-05,02:19:12 GMT,V6.2 DIAG | 7 0 6 0 -0.057142857142857134 0 0.13333333333333333 1 -0.1 -0.1 6 2 0 1 0 0 6 0
2026-09-05,02:19:10 GMT,V6.2 BLOCK - final pressure/veto/active/timing gate failed or signal already used
2026-09-05,02:19:10 GMT,SENTINEL V6 MULTI-WINDOW SCAN >>>
2026-09-05,02:19:10 GMT,V6.2 DIAG | 5 0 8 0.09999999999999998 -0.028571428571428567 -0.1 0.06666666666666667 0.5 -0.1 -0.1 7 1 0 0 0 0 6 0
2026-09-05,02:19:09 GMT,V6.2 BLOCK - final pressure/veto/active/timing gate failed or signal already used
2026-09-05,02:19:09 GMT,SENTINEL V6 MULTI-WINDOW SCAN >>>
2026-09-05,02:19:09 GMT,V6.2 DIAG | 6 0 8 0.09999999999999998 -0.028571428571428567 -0.1 0.06666666666666667 0.5 -0.1 -0.1 7 1 0 0 0 0 6 0
2026-09-05,02:19:08 GMT,Profit amount: 1.53
2026-09-05,02:19:08 GMT,V6.2 DIAG | 7 0 6 -0.04999999999999993 0 0.05000000000000002 0 0.5 -0.1 -0.35000000000000003 7 1 0 1 0 0 5 0
2026-09-05,02:19:07 GMT,V6.2 DIAG | 5 0 12 0.09999999999999998 0.028571428571428567 -0.1 -0.06666666666666667 0 -0.1 -0.4 8 0 0 0 1 0 5 0
2026-09-05,02:19:06 GMT,V6.2 DIAG | 3 0 12 0.15000000000000002 0.028571428571428567 -0.15 -0.06666666666666667 0 -0.15 -0.4 7 1 0 0 0 0 5 0
2026-09-05,02:19:05 GMT,V6.2 DIAG | 6 0 12 0.050000000000000044 0.057142857142857134 -0.04999999999999999 -0.13333333333333333 0 -0.45 -0.4 7 1 0 0 1 0 5 0
2026-09-05,02:19:05 GMT,Bought: (ID: 22520390079)
2026-09-05,02:19:04 GMT,SENTINEL V6 MULTI-WINDOW SCAN >>>
2026-09-05,02:19:04 GMT,V6.2 DIAG | 3 1 12 0.10000000000000009 0.057142857142857134 -0.09999999999999998 -0.13333333333333333 0 -0.45 -0.45 7 1 0 0 1 1 5 1
2026-09-05,02:19:03 GMT,V6.2 BLOCK - final pressure/veto/active/timing gate failed or signal already used
2026-09-05,02:19:03 GMT,SENTINEL V6 MULTI-WINDOW SCAN >>>
2026-09-05,02:19:03 GMT,V6.2 DIAG | 2 0 8 0.10000000000000009 0 -0.09999999999999998 0 0 -0.45 0.35000000000000003 6 2 1 0 0 0 5 1
2026-09-05,02:19:02 GMT,V6.2 BLOCK - final pressure/veto/active/timing gate failed or signal already used
2026-09-05,02:19:02 GMT,SENTINEL V6 MULTI-WINDOW SCAN >>>
2026-09-05,02:19:02 GMT,V6.2 DIAG | 0 0 8 0.10000000000000009 0 -0.09999999999999998 0 0 -0.45 0.35000000000000003 6 2 1 0 0 0 5 1
2026-09-05,02:19:01 GMT,V6.2 BLOCK - final pressure/veto/active/timing gate failed or signal already used
2026-09-05,02:19:01 GMT,SENTINEL V6 MULTI-WINDOW SCAN >>>
2026-09-05,02:19:01 GMT,V6.2 DIAG | 6 0 8 0.10000000000000009 0 -0.09999999999999998 0 0 -0.45 0.35000000000000003 6 2 1 0 0 0 5 0
2026-09-05,02:19:00 GMT,V6.2 BLOCK - final pressure/veto/active/timing gate failed or signal already used
2026-09-05,02:19:00 GMT,SENTINEL V6 MULTI-WINDOW SCAN >>>
2026-09-05,02:19:00 GMT,V6.2 DIAG | 5 0 7 0.10000000000000009 -0.057142857142857134 -0.09999999999999998 0.13333333333333333 0 0.35000000000000003 0.35000000000000003 6 2 1 1 0 0 5 0
2026-09-05,02:18:59 GMT,V6.2 BLOCK - final pressure/veto/active/timing gate failed or signal already used
2026-09-05,02:18:59 GMT,SENTINEL V6 MULTI-WINDOW SCAN >>>
2026-09-05,02:18:59 GMT,V6.2 DIAG | 9 0 7 0.10000000000000009 -0.057142857142857134 -0.09999999999999998 0.13333333333333333 0 0.35000000000000003 0.35000000000000003 6 2 1 1 0 0 5 0
2026-09-05,02:18:58 GMT,V6.2 BLOCK - final pressure/veto/active/timing gate failed or signal already used
2026-09-05,02:18:58 GMT,SENTINEL V6 MULTI-WINDOW SCAN >>>
2026-09-05,02:18:58 GMT,V6.2 DIAG | 2 0 8 0.25 -0.028571428571428567 -0.24999999999999997 0.06666666666666667 0 0.30000000000000004 -0.15 7 1 1 1 0 0 5 0
2026-09-05,02:18:57 GMT,Profit amount: 1.53
2026-09-05,02:18:57 GMT,V6.2 DIAG | 5 0 8 0.25 -0.028571428571428567 -0.24999999999999997 0.06666666666666667 0 0.30000000000000004 -0.15 7 1 1 1 0 0 4 0
2026-09-05,02:18:55 GMT,V6.2 DIAG | 8 0 8 0.30000000000000004 -0.028571428571428567 -0.30000000000000004 0.06666666666666667 0 0.25 -0.15 7 1 1 1 0 0 4 0
2026-09-05,02:18:54 GMT,V6.2 DIAG | 4 0 12 0.25 0.028571428571428567 -0.24999999999999997 -0.06666666666666667 0 -0.5 -0.15 8 0 0 1 1 0 4 0
2026-09-05,02:18:53 GMT,V6.2 DIAG | 5 0 12 0.30000000000000004 0.028571428571428567 -0.30000000000000004 -0.06666666666666667 0 -0.55 -0.15 8 0 0 0 1 0 4 0
2026-09-05,02:18:53 GMT,Bought: (ID: 22520365219)
2026-09-05,02:18:52 GMT,SENTINEL V6 MULTI-WINDOW SCAN >>>
2026-09-05,02:18:52 GMT,V6.2 DIAG | 0 1 12 0.35 0.028571428571428567 -0.35 -0.06666666666666667 -0.05 -0.55 -0.15 7 1 1 0 1 1 4 1
2026-09-05,02:18:52 GMT,V6.2 BLOCK - final pressure/veto/active/timing gate failed or signal already used
2026-09-05,02:18:52 GMT,SENTINEL V6 MULTI-WINDOW SCAN >>>
2026-09-05,02:18:52 GMT,V6.2 DIAG | 4 0 12 0.35 0.028571428571428567 -0.35 -0.06666666666666667 -0.05 -0.55 -0.15 7 1 1 0 0 0 4 1
2026-09-05,02:18:51 GMT,V6.2 BLOCK - final pressure/veto/active/timing gate failed or signal already used
2026-09-05,02:18:51 GMT,SENTINEL V6 MULTI-WINDOW SCAN >>>
2026-09-05,02:18:51 GMT,V6.2 DIAG | 2 0 12 0.20000000000000007 0.057142857142857134 -0.2 -0.13333333333333333 -0.05 -0.55 -0.4 7 1 1 0 1 0 4 0
2026-09-05,02:18:50 GMT,V6.2 BLOCK - final pressure/veto/active/timing gate failed or signal already used
2026-09-05,02:18:50 GMT,SENTINEL V6 MULTI-WINDOW SCAN >>>
2026-09-05,02:18:50 GMT,V6.2 DIAG | 0 0 8 0.20000000000000007 0 -0.2 0 -0.05 0.25 -0.4 7 1 1 1 0 0 4 0
2026-09-05,02:18:49 GMT,V6.2 BLOCK - final pressure/veto/active/timing gate failed or signal already used
2026-09-05,02:18:49 GMT,SENTINEL V6 MULTI-WINDOW SCAN >>>
2026-09-05,02:18:49 GMT,V6.2 DIAG | 5 0 8 0.20000000000000007 0 -0.2 0 -0.05 0.25 -0.4 6 2 1 1 0 0 4 0
2026-09-05,02:18:48 GMT,V6.2 BLOCK - final pressure/veto/active/timing gate failed or signal already used
2026-09-05,02:18:48 GMT,SENTINEL V6 MULTI-WINDOW SCAN >>>
2026-09-05,02:18:48 GMT,V6.2 DIAG | 1 0 8 0.20000000000000007 0 -0.2 0 -0.05 0.25 -0.4 6 2 1 1 0 0 4 0
2026-09-05,02:18:47 GMT,V6.2 BLOCK - final pressure/veto/active/timing gate failed or signal already used
2026-09-05,02:18:47 GMT,SENTINEL V6 MULTI-WINDOW SCAN >>>
2026-09-05,02:18:47 GMT,V6.2 DIAG | 6 0 10 0.04999999999999993 0.028571428571428567 -0.04999999999999999 -0.06666666666666667 -0.05 0.25 -0.65 6 2 1 1 0 0 4 0
2026-09-05,02:18:46 GMT,V6.2 BLOCK - final pressure/veto/active/timing gate failed or signal already used
2026-09-05,02:18:46 GMT,SENTINEL V6 MULTI-WINDOW SCAN >>>
2026-09-05,02:18:46 GMT,V6.2 DIAG | 8 0 6 -0.09999999999999998 0 0.10000000000000003 0 -0.05 0 0.15000000000000002 6 2 1 1 0 0 4 0
2026-09-05,02:18:45 GMT,V6.2 BLOCK - final pressure/veto/active/timing gate failed or signal already used
2026-09-05,02:18:45 GMT,SENTINEL V6 MULTI-WINDOW SCAN >>>
2026-09-05,02:18:45 GMT,V6.2 DIAG | 2 0 9 -0.15000000000000002 0.05714285714285714 0.15000000000000002 -0.13333333333333336 -0.05 -0.75 0.15000000000000002 6 2 0 1 0 0 4 0
2026-09-05,02:18:44 GMT,V6.2 BLOCK - final pressure/veto/active/timing gate failed or signal already used
2026-09-05,02:18:44 GMT,SENTINEL V6 MULTI-WINDOW SCAN >>>
2026-09-05,02:18:44 GMT,V6.2 DIAG | 1 0 10 -0.30000000000000004 0.08571428571428572 0.3 -0.2 -0.05 -0.75 -0.10000000000000003 5 3 1 1 0 0 4 0
2026-09-05,02:18:43 GMT,V6.2 BLOCK - final pressure/veto/active/timing gate failed or signal already used
2026-09-05,02:18:43 GMT,SENTINEL V6 MULTI-WINDOW SCAN >>>
2026-09-05,02:18:43 GMT,V6.2 DIAG | 0 0 7 -0.30000000000000004 0.08571428571428572 0.3 -0.2 -0.05 -0.75 -0.10000000000000003 4 4 2 1 0 0 4 0
2026-09-05,02:18:42 GMT,V6.2 BLOCK - final pressure/veto/active/timing gate failed or signal already used
2026-09-05,02:18:42 GMT,SENTINEL V6 MULTI-WINDOW SCAN >>>
2026-09-05,02:18:42 GMT,V6.2 DIAG | 9 0 6 -0.30000000000000004 0.028571428571428574 0.3 -0.06666666666666668 -0.05 -0.75 0.7 3 5 2 1 0 0 4 0
2026-09-05,02:18:41 GMT,V6.2 BLOCK - final pressure/veto/active/timing gate failed or signal already used
2026-09-05,02:18:41 GMT,SENTINEL V6 MULTI-WINDOW SCAN >>>
2026-09-05,02:18:41 GMT,V6.2 DIAG | 0 0 2 -0.20000000000000007 0 0.2 0 -0.05 0.05000000000000002 0.2 4 4 2 1 0 0 4 0
2026-09-05,02:18:41 GMT,V6.2 BLOCK - final pressure/veto/active/timing gate failed or signal already used
2026-09-05,02:18:41 GMT,SENTINEL V6 MULTI-WINDOW SCAN >>>
2026-09-05,02:18:41 GMT,V6.2 DIAG | 6 0 2 -0.20000000000000007 -0.05714285714285714 0.2 0.13333333333333336 -0.05 0.8500000000000001 0.2 4 4 2 1 0 0 4 0
2026-09-05,02:18:39 GMT,V6.2 BLOCK - final pressure/veto/active/timing gate failed or signal already used
2026-09-05,02:18:39 GMT,SENTINEL V6 MULTI-WINDOW SCAN >>>
2026-09-05,02:18:39 GMT,V6.2 DIAG | 5 0 2 -0.15000000000000002 -0.11428571428571428 0.15000000000000002 0.26666666666666666 -0.05 0.8 1 4 4 2 1 0 0 4 0
2026-09-05,02:18:38 GMT,V6.2 BLOCK - final pressure/veto/active/timing gate failed or signal already used
2026-09-05,02:18:38 GMT,SENTINEL V6 MULTI-WINDOW SCAN >>>
2026-09-05,02:18:38 GMT,V6.2 DIAG | 9 0 2 -0.30000000000000004 -0.08571428571428572 0.3 0.2 -0.05 0.55 1 4 4 2 1 0 0 4 0
2026-09-05,02:18:37 GMT,V6.2 BLOCK - final pressure/veto/active/timing gate failed or signal already used
2026-09-05,02:18:37 GMT,SENTINEL V6 MULTI-WINDOW SCAN >>>
2026-09-05,02:18:37 GMT,V6.2 DIAG | 8 0 4 -0.15000000000000002 -0.05714285714285714 0.15000000000000002 0.13333333333333336 -0.05 0.5 0.5 5 3 2 1 0 0 4 0
2026-09-05,02:18:36 GMT,V6.2 BLOCK - final pressure/veto/active/timing gate failed or signal already used
2026-09-05,02:18:36 GMT,SENTINEL V6 MULTI-WINDOW SCAN >>>
2026-09-05,02:18:36 GMT,V6.2 DIAG | 8 0 5 -0.20000000000000007 0 0.2 0 -0.05 -0.25 0.5 5 3 2 1 0 0 4 0
2026-09-05,02:18:35 GMT,V6.2 BLOCK - final pressure/veto/active/timing gate failed or signal already used
2026-09-05,02:18:35 GMT,SENTINEL V6 MULTI-WINDOW SCAN >>>
2026-09-05,02:18:35 GMT,V6.2 DIAG | 9 0 9 -0.050000000000000044 0.028571428571428567 0.04999999999999999 -0.06666666666666667 -0.05 -0.75 0.45 6 2 1 1 0 0 4 0
2026-09-05,02:18:34 GMT,V6.2 BLOCK - final pressure/veto/active/timing gate failed or signal already used
2026-09-05,02:18:34 GMT,SENTINEL V6 MULTI-WINDOW SCAN >>>
2026-09-05,02:18:34 GMT,V6.2 DIAG | 6 0 9 -0.10000000000000009 0.08571428571428572 0.09999999999999998 -0.2 -0.05 -1 -0.05 6 2 2 1 0 0 4 0
2026-09-05,02:18:33 GMT,V6.2 BLOCK - final pressure/veto/active/timing gate failed or signal already used
2026-09-05,02:18:33 GMT,SENTINEL V6 MULTI-WINDOW SCAN >>>
2026-09-05,02:18:33 GMT,V6.2 DIAG | 0 0 9 -0.25 0.05714285714285714 0.25 -0.13333333333333336 -0.30000000000000004 -0.20000000000000004 -0.05 6 2 2 1 0 0 4 0
2026-09-05,02:18:32 GMT,V6.2 BLOCK - final pressure/veto/active/timing gate failed or signal already used
2026-09-05,02:18:32 GMT,SENTINEL V6 MULTI-WINDOW SCAN >>>
2026-09-05,02:18:32 GMT,V6.2 DIAG | 4 0 9 -0.25 0.05714285714285714 0.25 -0.13333333333333336 -0.30000000000000004 -0.20000000000000004 -0.05 5 3 3 1 0 0 4 0
2026-09-05,02:18:31 GMT,V6.2 BLOCK - final pressure/veto/active/timing gate failed or signal already used
2026-09-05,02:18:31 GMT,SENTINEL V6 MULTI-WINDOW SCAN >>>
2026-09-05,02:18:31 GMT,V6.2 DIAG | 0 0 3 -0.25 0 0.25 0 -0.30000000000000004 0.6 -0.05 4 4 3 1 0 0 4 0
2026-09-05,02:18:30 GMT,V6.2 BLOCK - final pressure/veto/active/timing gate failed or signal already used
2026-09-05,02:18:30 GMT,SENTINEL V6 MULTI-WINDOW SCAN >>>
2026-09-05,02:18:30 GMT,V6.2 DIAG | 1 0 3 -0.25 0 0.25 0 -0.30000000000000004 0.6 -0.05 4 4 3 1 0 0 4 0
2026-09-05,02:18:29 GMT,V6.2 BLOCK - final pressure/veto/active/timing gate failed or signal already used
2026-09-05,02:18:29 GMT,SENTINEL V6 MULTI-WINDOW SCAN >>>
2026-09-05,02:18:29 GMT,V6.2 DIAG | 8 0 3 -0.20000000000000007 -0.05714285714285714 0.2 0.13333333333333336 -0.30000000000000004 1.3499999999999999 -0.05 4 4 3 1 0 0 4 0
2026-09-05,02:18:28 GMT,V6.2 BLOCK - final pressure/veto/active/timing gate failed or signal already used
2026-09-05,02:18:28 GMT,SENTINEL V6 MULTI-WINDOW SCAN >>>
2026-09-05,02:18:28 GMT,V6.2 DIAG | 0 0 4 -0.10000000000000009 -0.08571428571428572 0.09999999999999998 0.2 0.5 0.8500000000000001 -0.05 5 3 2 1 0 0 4 0
2026-09-05,02:18:27 GMT,V6.2 BLOCK - final pressure/veto/active/timing gate failed or signal already used
2026-09-05,02:18:27 GMT,SENTINEL V6 MULTI-WINDOW SCAN >>>
2026-09-05,02:18:27 GMT,V6.2 DIAG | 8 0 4 -0.050000000000000044 -0.08571428571428572 0.04999999999999999 0.2 0.5 0.8500000000000001 -0.1 5 3 2 1 0 0 4 0
2026-09-05,02:18:26 GMT,V6.2 BLOCK - final pressure/veto/active/timing gate failed or signal already used
2026-09-05,02:18:26 GMT,SENTINEL V6 MULTI-WINDOW SCAN >>>
2026-09-05,02:18:26 GMT,V6.2 DIAG | 0 0 7 0.050000000000000044 -0.057142857142857134 -0.04999999999999999 0.13333333333333333 0.5 0.35000000000000003 -0.1 6 2 1 1 0 0 4 0
2026-09-05,02:18:25 GMT,V6.2 BLOCK - final pressure/veto/active/timing gate failed or signal already used
2026-09-05,02:18:25 GMT,SENTINEL V6 MULTI-WINDOW SCAN >>>
2026-09-05,02:18:25 GMT,V6.2 DIAG | 8 0 7 0.050000000000000044 -0.057142857142857134 -0.04999999999999999 0.13333333333333333 0.5 0.35000000000000003 -0.1 6 2 1 1 0 0 4 0
2026-09-05,02:18:24 GMT,V6.2 BLOCK - final pressure/veto/active/timing gate failed or signal already used
2026-09-05,02:18:24 GMT,SENTINEL V6 MULTI-WINDOW SCAN >>>
2026-09-05,02:18:24 GMT,V6.2 DIAG | 7 0 8 0.15000000000000002 -0.028571428571428567 -0.15 0.06666666666666667 0.5 -0.15 -0.1 7 1 0 1 0 0 4 0
2026-09-05,02:18:23 GMT,V6.2 BLOCK - final pressure/veto/active/timing gate failed or signal already used
2026-09-05,02:18:23 GMT,SENTINEL V6 MULTI-WINDOW SCAN >>>
2026-09-05,02:18:23 GMT,V6.2 DIAG | 1 0 9 0.25 0 -0.25 0 0 -0.15 -0.1 8 0 0 0 0 0 4 1
2026-09-05,02:18:22 GMT,V6.2 BLOCK - final pressure/veto/active/timing gate failed or signal already used
2026-09-05,02:18:22 GMT,SENTINEL V6 MULTI-WINDOW SCAN >>>
2026-09-05,02:18:22 GMT,V6.2 DIAG | 5 0 9 0.25 0 -0.25 0 0 -0.15 -0.1 8 0 0 0 0 0 4 0
2026-09-05,02:18:21 GMT,V6.2 BLOCK - final pressure/veto/active/timing gate failed or signal already used
2026-09-05,02:18:21 GMT,SENTINEL V6 MULTI-WINDOW SCAN >>>
2026-09-05,02:18:21 GMT,V6.2 DIAG | 6 0 9 0.25 0 -0.25 0 0 -0.15 -0.1 8 0 0 0 0 0 4 0
2026-09-05,02:18:20 GMT,V6.2 BLOCK - final pressure/veto/active/timing gate failed or signal already used
2026-09-05,02:18:20 GMT,SENTINEL V6 MULTI-WINDOW SCAN >>>
2026-09-05,02:18:20 GMT,V6.2 DIAG | 2 0 9 0.30000000000000004 0 -0.3 0 0 -0.2 -0.1 8 0 0 0 0 0 4 0
2026-09-05,02:18:19 GMT,V6.2 BLOCK - final pressure/veto/active/timing gate failed or signal already used
2026-09-05,02:18:19 GMT,SENTINEL V6 MULTI-WINDOW SCAN >>>
2026-09-05,02:18:19 GMT,V6.2 DIAG | 6 0 12 0.15000000000000002 0.028571428571428567 -0.15 -0.06666666666666667 0 -0.45 -0.1 8 0 0 0 1 0 4 0
2026-09-05,02:18:18 GMT,V6.2 BLOCK - final pressure/veto/active/timing gate failed or signal already used
2026-09-05,02:18:18 GMT,SENTINEL V6 MULTI-WINDOW SCAN >>>
2026-09-05,02:18:18 GMT,V6.2 DIAG | 3 0 12 0.15000000000000002 0.028571428571428567 -0.15 -0.06666666666666667 0 -0.45 -0.1 8 0 0 0 0 0 4 0
2026-09-05,02:18:17 GMT,V6.2 BLOCK - final pressure/veto/active/timing gate failed or signal already used
2026-09-05,02:18:17 GMT,SENTINEL V6 MULTI-WINDOW SCAN >>>
2026-09-05,02:18:17 GMT,V6.2 DIAG | 0 0 10 0 0.057142857142857134 0 -0.13333333333333333 0 -0.7000000000000001 -0.1 7 1 1 0 0 0 4 0
2026-09-05,02:18:16 GMT,V6.2 BLOCK - final pressure/veto/active/timing gate failed or signal already used
2026-09-05,02:18:16 GMT,SENTINEL V6 MULTI-WINDOW SCAN >>>
2026-09-05,02:18:16 GMT,V6.2 DIAG | 2 0 10 0 0.057142857142857134 0 -0.13333333333333333 0 -0.7000000000000001 -0.1 7 1 1 1 0 0 4 0
2026-09-05,02:18:15 GMT,V6.2 BLOCK - final pressure/veto/active/timing gate failed or signal already used
2026-09-05,02:18:15 GMT,SENTINEL V6 MULTI-WINDOW SCAN >>>
2026-09-05,02:18:15 GMT,V6.2 DIAG | 5 0 9 -0.15000000000000002 0.08571428571428572 0.15 -0.2 0 -0.7000000000000001 -0.35000000000000003 6 2 2 1 0 0 4 0
2026-09-05,02:18:14 GMT,V6.2 BLOCK - final pressure/veto/active/timing gate failed or signal already used
2026-09-05,02:18:14 GMT,SENTINEL V6 MULTI-WINDOW SCAN >>>
2026-09-05,02:18:14 GMT,V6.2 DIAG | 1 0 8 -0.15000000000000002 0.028571428571428567 0.15 -0.06666666666666667 0 0.1 -0.35000000000000003 6 2 2 1 0 0 4 0
2026-09-05,02:18:13 GMT,V6.2 BLOCK - final pressure/veto/active/timing gate failed or signal already used
2026-09-05,02:18:13 GMT,SENTINEL V6 MULTI-WINDOW SCAN >>>
2026-09-05,02:18:13 GMT,V6.2 DIAG | 1 0 8 -0.15000000000000002 0.028571428571428567 0.15 -0.06666666666666667 0 0.1 -0.35000000000000003 5 3 2 1 0 0 4 0
2026-09-05,02:18:12 GMT,V6.2 BLOCK - final pressure/veto/active/timing gate failed or signal already used
2026-09-05,02:18:12 GMT,SENTINEL V6 MULTI-WINDOW SCAN >>>
2026-09-05,02:18:12 GMT,V6.2 DIAG | 3 0 5 -0.15000000000000002 -0.028571428571428567 0.15 0.06666666666666667 0 0.9 -0.35000000000000003 5 3 2 1 0 0 4 0
2026-09-05,02:18:11 GMT,V6.2 BLOCK - final pressure/veto/active/timing gate failed or signal already used
2026-09-05,02:18:11 GMT,SENTINEL V6 MULTI-WINDOW SCAN >>>
2026-09-05,02:18:11 GMT,V6.2 DIAG | 6 0 5 -0.15000000000000002 -0.028571428571428567 0.15 0.06666666666666667 0 0.9 -0.35000000000000003 5 3 2 1 0 0 4 0
2026-09-05,02:18:10 GMT,V6.2 BLOCK - final pressure/veto/active/timing gate failed or signal already used
2026-09-05,02:18:10 GMT,SENTINEL V6 MULTI-WINDOW SCAN >>>
2026-09-05,02:18:10 GMT,V6.2 DIAG | 8 0 4 -0.15000000000000002 -0.08571428571428572 0.15 0.2 0 0.9 0.45 5 3 2 1 0 0 4 0
2026-09-05,02:18:09 GMT,V6.2 BLOCK - final pressure/veto/active/timing gate failed or signal already used
2026-09-05,02:18:09 GMT,SENTINEL V6 MULTI-WINDOW SCAN >>>
2026-09-05,02:18:09 GMT,V6.2 DIAG | 4 0 5 -0.20000000000000007 -0.028571428571428567 0.19999999999999998 0.06666666666666667 0 0.15000000000000002 0.45 6 2 1 1 0 0 4 0
2026-09-05,02:18:08 GMT,V6.2 BLOCK - final pressure/veto/active/timing gate failed or signal already used
2026-09-05,02:18:08 GMT,SENTINEL V6 MULTI-WINDOW SCAN >>>
2026-09-05,02:18:08 GMT,V6.2 DIAG | 8 0 5 -0.15000000000000002 -0.028571428571428567 0.15 0.06666666666666667 0 0.15000000000000002 0.4 6 2 1 1 0 0 4 0
2026-09-05,02:18:07 GMT,V6.2 BLOCK - final pressure/veto/active/timing gate failed or signal already used
2026-09-05,02:18:07 GMT,SENTINEL V6 MULTI-WINDOW SCAN >>>
2026-09-05,02:18:07 GMT,V6.2 DIAG | 6 0 9 -0.20000000000000007 0.028571428571428567 0.19999999999999998 -0.06666666666666667 0 -0.35000000000000003 0.15000000000000002 6 2 1 1 0 0 4 0
2026-09-05,02:18:06 GMT,V6.2 BLOCK - final pressure/veto/active/timing gate failed or signal already used
2026-09-05,02:18:06 GMT,SENTINEL V6 MULTI-WINDOW SCAN >>>
2026-09-05,02:18:06 GMT,V6.2 DIAG | 9 0 9 -0.15000000000000002 0.028571428571428567 0.15 -0.06666666666666667 -0.05 -0.35000000000000003 0.15000000000000002 6 2 1 1 0 0 4 0
2026-09-05,02:18:05 GMT,V6.2 BLOCK - final pressure/veto/active/timing gate failed or signal already used
2026-09-05,02:18:05 GMT,SENTINEL V6 MULTI-WINDOW SCAN >>>
2026-09-05,02:18:05 GMT,V6.2 DIAG | 5 0 10 0 0.057142857142857134 0 -0.13333333333333333 -0.1 -0.35000000000000003 -0.35000000000000003 6 2 1 0 0 0 4 0
2026-09-05,02:18:04 GMT,V6.2 BLOCK - final pressure/veto/active/timing gate failed or signal already used
2026-09-05,02:18:04 GMT,SENTINEL V6 MULTI-WINDOW SCAN >>>
2026-09-05,02:18:04 GMT,V6.2 DIAG | 4 0 6 0 0 0 0 -0.1 0.45 -0.35000000000000003 6 2 1 1 0 0 4 0
2026-09-05,02:18:03 GMT,V6.2 BLOCK - final pressure/veto/active/timing gate failed or signal already used
2026-09-05,02:18:03 GMT,SENTINEL V6 MULTI-WINDOW SCAN >>>
2026-09-05,02:18:03 GMT,V6.2 DIAG | 2 0 6 0 0 0 0 -0.1 0.45 -0.35000000000000003 6 2 1 1 0 0 4 0
2026-09-05,02:18:02 GMT,V6.2 BLOCK - final pressure/veto/active/timing gate failed or signal already used
2026-09-05,02:18:02 GMT,SENTINEL V6 MULTI-WINDOW SCAN >>>
2026-09-05,02:18:02 GMT,V6.2 DIAG | 5 0 5 0 -0.057142857142857134 0 0.13333333333333333 -0.1 0.45 0.45 6 2 1 1 0 0 4 0
2026-09-05,02:18:01 GMT,V6.2 BLOCK - final pressure/veto/active/timing gate failed or signal already used
2026-09-05,02:18:01 GMT,SENTINEL V6 MULTI-WINDOW SCAN >>>
2026-09-05,02:18:01 GMT,V6.2 DIAG | 2 0 5 0 -0.057142857142857134 0 0.13333333333333333 -0.1 0.45 0.45 6 2 1 1 0 0 4 0
2026-09-05,02:18:00 GMT,V6.2 BLOCK - final pressure/veto/active/timing gate failed or signal already used
2026-09-05,02:18:00 GMT,SENTINEL V6 MULTI-WINDOW SCAN >>>
2026-09-05,02:18:00 GMT,V6.2 DIAG | 8 0 5 -0.15000000000000002 -0.028571428571428567 0.15 0.06666666666666667 -0.1 0.2 0.45 6 2 1 1 0 0 4 0
2026-09-05,02:17:59 GMT,V6.2 BLOCK - final pressure/veto/active/timing gate failed or signal already used
2026-09-05,02:17:59 GMT,SENTINEL V6 MULTI-WINDOW SCAN >>>
2026-09-05,02:17:59 GMT,V6.2 DIAG | 4 0 6 0 0 0 0 -0.1 -0.30000000000000004 0.4 7 1 0 0 0 0 4 0
2026-09-05,02:17:58 GMT,V6.2 BLOCK - final pressure/veto/active/timing gate failed or signal already used
2026-09-05,02:17:58 GMT,SENTINEL V6 MULTI-WINDOW SCAN >>>
2026-09-05,02:17:58 GMT,V6.2 DIAG | 9 0 6 0 0 0 0 -0.1 -0.30000000000000004 0.4 6 2 1 1 0 0 4 0
2026-09-05,02:17:57 GMT,V6.2 BLOCK - final pressure/veto/active/timing gate failed or signal already used
2026-09-05,02:17:57 GMT,SENTINEL V6 MULTI-WINDOW SCAN >>>
2026-09-05,02:17:57 GMT,V6.2 DIAG | 3 0 12 0.09999999999999998 0.028571428571428567 -0.1 -0.06666666666666667 -0.1 -0.30000000000000004 -0.1 7 1 1 0 1 0 4 0
2026-09-05,02:17:56 GMT,V6.2 BLOCK - final pressure/veto/active/timing gate failed or signal already used
2026-09-05,02:17:56 GMT,SENTINEL V6 MULTI-WINDOW SCAN >>>
2026-09-05,02:17:56 GMT,V6.2 DIAG | 3 0 12 0.15000000000000002 0.028571428571428567 -0.15 -0.06666666666666667 -0.15 -0.30000000000000004 -0.1 7 1 1 0 1 0 4 0
2026-09-05,02:17:55 GMT,V6.2 BLOCK - final pressure/veto/active/timing gate failed or signal already used
2026-09-05,02:17:55 GMT,SENTINEL V6 MULTI-WINDOW SCAN >>>
2026-09-05,02:17:55 GMT,V6.2 DIAG | 5 0 8 0.15000000000000002 -0.028571428571428567 -0.15 0.06666666666666667 -0.15 0.5 -0.1 7 1 1 1 0 0 4 0
2026-09-05,02:17:54 GMT,V6.2 BLOCK - final pressure/veto/active/timing gate failed or signal already used
2026-09-05,02:17:54 GMT,SENTINEL V6 MULTI-WINDOW SCAN >>>
2026-09-05,02:17:54 GMT,V6.2 DIAG | 6 0 8 0.15000000000000002 -0.028571428571428567 -0.15 0.06666666666666667 -0.15 0.5 -0.1 7 1 1 1 0 0 4 0
2026-09-05,02:17:53 GMT,V6.2 BLOCK - final pressure/veto/active/timing gate failed or signal already used
2026-09-05,02:17:53 GMT,SENTINEL V6 MULTI-WINDOW SCAN >>>
2026-09-05,02:17:53 GMT,V6.2 DIAG | 2 0 8 0.20000000000000007 -0.028571428571428567 -0.19999999999999998 0.06666666666666667 -0.15 0.45 -0.1 7 1 1 1 0 0 4 0
2026-09-05,02:17:52 GMT,V6.2 BLOCK - final pressure/veto/active/timing gate failed or signal already used
2026-09-05,02:17:52 GMT,SENTINEL V6 MULTI-WINDOW SCAN >>>
2026-09-05,02:17:52 GMT,V6.2 DIAG | 6 0 8 0.20000000000000007 -0.028571428571428567 -0.19999999999999998 0.06666666666666667 -0.15 0.45 -0.1 7 1 1 1 0 0 4 0
2026-09-05,02:17:51 GMT,V6.2 BLOCK - final pressure/veto/active/timing gate failed or signal already used
2026-09-05,02:17:51 GMT,SENTINEL V6 MULTI-WINDOW SCAN >>>
2026-09-05,02:17:51 GMT,V6.2 DIAG | 8 0 8 0.25 -0.028571428571428567 -0.24999999999999997 0.06666666666666667 -0.15 0.45 -0.15 7 1 1 1 0 0 4 0
2026-09-05,02:17:50 GMT,V6.2 BLOCK - final pressure/veto/active/timing gate failed or signal already used
2026-09-05,02:17:50 GMT,SENTINEL V6 MULTI-WINDOW SCAN >>>
2026-09-05,02:17:50 GMT,V6.2 DIAG | 0 1 9 0.4 0 -0.4 0 -0.2 -0.05 -0.15 8 0 0 0 0 0 4 1
2026-09-05,02:17:49 GMT,V6.2 BLOCK - final pressure/veto/active/timing gate failed or signal already used
2026-09-05,02:17:49 GMT,SENTINEL V6 MULTI-WINDOW SCAN >>>
2026-09-05,02:17:49 GMT,V6.2 DIAG | 5 0 9 0.4 0 -0.4 0 -0.2 -0.05 -0.15 8 0 0 0 0 0 4 1
2026-09-05,02:17:48 GMT,V6.2 BLOCK - final pressure/veto/active/timing gate failed or signal already used
2026-09-05,02:17:48 GMT,SENTINEL V6 MULTI-WINDOW SCAN >>>
2026-09-05,02:17:48 GMT,V6.2 DIAG | 6 0 12 0.25 0.028571428571428567 -0.24999999999999997 -0.06666666666666667 -0.2 -0.05 -0.4 8 0 0 0 1 0 4 0
2026-09-05,02:17:47 GMT,V6.2 BLOCK - final pressure/veto/active/timing gate failed or signal already used
2026-09-05,02:17:47 GMT,SENTINEL V6 MULTI-WINDOW SCAN >>>
2026-09-05,02:17:47 GMT,V6.2 DIAG | 1 0 12 0.25 0.028571428571428567 -0.24999999999999997 -0.06666666666666667 -0.2 -0.05 -0.4 8 0 0 0 0 0 4 0
2026-09-05,02:17:46 GMT,V6.2 BLOCK - final pressure/veto/active/timing gate failed or signal already used
2026-09-05,02:17:46 GMT,SENTINEL V6 MULTI-WINDOW SCAN >>>
2026-09-05,02:17:46 GMT,V6.2 DIAG | 4 0 12 0.15000000000000002 0.057142857142857134 -0.14999999999999997 -0.13333333333333333 -0.45 -0.1 -0.4 7 1 0 0 0 0 4 0
2026-09-05,02:17:45 GMT,V6.2 BLOCK - final pressure/veto/active/timing gate failed or signal already used
2026-09-05,02:17:45 GMT,SENTINEL V6 MULTI-WINDOW SCAN >>>
2026-09-05,02:17:45 GMT,V6.2 DIAG | 5 0 11 0.04999999999999993 0.08571428571428572 -0.04999999999999999 -0.2 -0.75 -0.1 -0.4 7 1 0 0 0 0 4 0
2026-09-05,02:17:44 GMT,V6.2 BLOCK - final pressure/veto/active/timing gate failed or signal already used
2026-09-05,02:17:44 GMT,SENTINEL V6 MULTI-WINDOW SCAN >>>
2026-09-05,02:17:44 GMT,V6.2 DIAG | 4 0 11 0.04999999999999993 0.08571428571428572 -0.04999999999999999 -0.2 -0.75 -0.1 -0.4 6 2 0 1 0 0 4 0
2026-09-05,02:17:43 GMT,V6.2 BLOCK - final pressure/veto/active/timing gate failed or signal already used
2026-09-05,02:17:43 GMT,SENTINEL V6 MULTI-WINDOW SCAN >>>
2026-09-05,02:17:43 GMT,V6.2 DIAG | 0 0 11 0.09999999999999998 0.028571428571428567 -0.10000000000000003 -0.06666666666666667 -0.75 -0.1 0.35000000000000003 5 3 0 0 1 0 4 0
2026-09-05,02:17:42 GMT,V6.2 BLOCK - final pressure/veto/active/timing gate failed or signal already used
2026-09-05,02:17:42 GMT,SENTINEL V6 MULTI-WINDOW SCAN >>>
2026-09-05,02:17:42 GMT,V6.2 DIAG | 6 0 11 0.1499999999999999 0.028571428571428567 -0.15000000000000002 -0.06666666666666667 -0.75 -0.15 0.35000000000000003 5 3 0 0 1 0 4 0
2026-09-05,02:17:41 GMT,V6.2 BLOCK - final pressure/veto/active/timing gate failed or signal already used
2026-09-05,02:17:41 GMT,SENTINEL V6 MULTI-WINDOW SCAN >>>
2026-09-05,02:17:41 GMT,V6.2 DIAG | 1 0 7 0.19999999999999996 -0.028571428571428567 -0.2 0.06666666666666667 0.05000000000000002 -0.2 0.35000000000000003 5 3 0 0 0 0 4 0
2026-09-05,02:17:40 GMT,V6.2 BLOCK - final pressure/veto/active/timing gate failed or signal already used
2026-09-05,02:17:40 GMT,SENTINEL V6 MULTI-WINDOW SCAN >>>
2026-09-05,02:17:40 GMT,V6.2 DIAG | 2 0 7 0.19999999999999996 -0.08571428571428572 -0.2 0.2 0.8500000000000001 -0.2 0.35000000000000003 5 3 0 0 0 0 4 0
2026-09-05,02:17:39 GMT,V6.2 BLOCK - final pressure/veto/active/timing gate failed or signal already used
2026-09-05,02:17:39 GMT,SENTINEL V6 MULTI-WINDOW SCAN >>>
2026-09-05,02:17:39 GMT,V6.2 DIAG | 9 0 6 0.04999999999999993 -0.05714285714285714 -0.04999999999999999 0.13333333333333336 0.8500000000000001 -0.2 0.1 5 3 0 1 0 0 4 0
2026-09-05,02:17:38 GMT,V6.2 BLOCK - final pressure/veto/active/timing gate failed or signal already used
2026-09-05,02:17:38 GMT,SENTINEL V6 MULTI-WINDOW SCAN >>>
2026-09-05,02:17:38 GMT,V6.2 DIAG | 3 0 8 0.19999999999999996 -0.028571428571428567 -0.2 0.06666666666666667 0.8500000000000001 -0.2 -0.45 6 2 0 0 0 0 4 0
2026-09-05,02:17:37 GMT,V6.2 BLOCK - final pressure/veto/active/timing gate failed or signal already used
2026-09-05,02:17:37 GMT,SENTINEL V6 MULTI-WINDOW SCAN >>>
2026-09-05,02:17:37 GMT,V6.2 DIAG | 7 0 8 0.19999999999999996 -0.028571428571428567 -0.2 0.06666666666666667 0.8500000000000001 -0.2 -0.45 5 3 0 0 0 0 4 0
2026-09-05,02:17:36 GMT,V6.2 BLOCK - final pressure/veto/active/timing gate failed or signal already used
2026-09-05,02:17:36 GMT,SENTINEL V6 MULTI-WINDOW SCAN >>>
2026-09-05,02:17:36 GMT,V6.2 DIAG | 7 0 11 0.1499999999999999 0.028571428571428567 -0.15000000000000002 -0.06666666666666667 0.1 -0.2 -0.45 6 2 0 1 0 0 4 0
2026-09-05,02:17:35 GMT,V6.2 BLOCK - final pressure/veto/active/timing gate failed or signal already used
2026-09-05,02:17:35 GMT,SENTINEL V6 MULTI-WINDOW SCAN >>>
2026-09-05,02:17:35 GMT,V6.2 DIAG | 2 0 12 0.30000000000000004 0.057142857142857134 -0.3 -0.13333333333333333 -0.45 -0.2 -0.45 7 1 0 0 1 0 4 0
2026-09-05,02:17:34 GMT,V6.2 BLOCK - final pressure/veto/active/timing gate failed or signal already used
2026-09-05,02:17:34 GMT,SENTINEL V6 MULTI-WINDOW SCAN >>>
2026-09-05,02:17:34 GMT,V6.2 DIAG | 0 0 8 0.30000000000000004 0 -0.3 0 -0.45 -0.2 0.35000000000000003 6 2 0 0 0 0 4 0
2026-09-05,02:17:33 GMT,V6.2 BLOCK - final pressure/veto/active/timing gate failed or signal already used
2026-09-05,02:17:33 GMT,SENTINEL V6 MULTI-WINDOW SCAN >>>
2026-09-05,02:17:33 GMT,V6.2 DIAG | 3 0 11 0.19999999999999996 0.028571428571428567 -0.2 -0.06666666666666667 -0.45 -0.45 0.30000000000000004 6 2 0 0 1 0 4 1
2026-09-05,02:17:32 GMT,V6.2 BLOCK - final pressure/veto/active/timing gate failed or signal already used
2026-09-05,02:17:32 GMT,SENTINEL V6 MULTI-WINDOW SCAN >>>
2026-09-05,02:17:32 GMT,V6.2 DIAG | 6 0 11 0.19999999999999996 0.028571428571428567 -0.2 -0.06666666666666667 -0.45 -0.45 0.30000000000000004 6 2 0 0 1 0 4 0
2026-09-05,02:17:31 GMT,V6.2 BLOCK - final pressure/veto/active/timing gate failed or signal already used
2026-09-05,02:17:31 GMT,SENTINEL V6 MULTI-WINDOW SCAN >>>
2026-09-05,02:17:31 GMT,V6.2 DIAG | 0 0 6 0.04999999999999993 0 -0.04999999999999999 0 0.35000000000000003 -0.45 0.05000000000000002 5 3 1 1 0 0 4 0
2026-09-05,02:17:30 GMT,V6.2 BLOCK - final pressure/veto/active/timing gate failed or signal already used
2026-09-05,02:17:30 GMT,SENTINEL V6 MULTI-WINDOW SCAN >>>
2026-09-05,02:17:30 GMT,V6.2 DIAG | 9 0 8 -0.09999999999999998 0.028571428571428574 0.09999999999999998 -0.06666666666666668 0.1 -0.45 0.05000000000000002 5 3 1 1 0 0 4 0
2026-09-05,02:17:29 GMT,V6.2 BLOCK - final pressure/veto/active/timing gate failed or signal already used
2026-09-05,02:17:29 GMT,SENTINEL V6 MULTI-WINDOW SCAN >>>
2026-09-05,02:17:29 GMT,V6.2 DIAG | 0 0 9 0 0.05714285714285714 0 -0.13333333333333336 0.1 -0.45 -0.45 5 3 1 0 0 0 4 0
2026-09-05,02:17:28 GMT,V6.2 BLOCK - final pressure/veto/active/timing gate failed or signal already used
2026-09-05,02:17:28 GMT,SENTINEL V6 MULTI-WINDOW SCAN >>>
2026-09-05,02:17:28 GMT,V6.2 DIAG | 4 0 3 0 0 0 0 0.1 0.35000000000000003 -0.45 4 4 1 1 0 0 4 0
2026-09-05,02:17:27 GMT,V6.2 BLOCK - final pressure/veto/active/timing gate failed or signal already used
2026-09-05,02:17:27 GMT,SENTINEL V6 MULTI-WINDOW SCAN >>>
2026-09-05,02:17:27 GMT,V6.2 DIAG | 7 0 4 0.04999999999999993 0 -0.04999999999999999 0 0.1 0.30000000000000004 -0.45 4 4 1 1 0 0 4 0
2026-09-05,02:17:26 GMT,V6.2 BLOCK - final pressure/veto/active/timing gate failed or signal already used
2026-09-05,02:17:26 GMT,SENTINEL V6 MULTI-WINDOW SCAN >>>
2026-09-05,02:17:26 GMT,V6.2 DIAG | 2 0 5 0 0 0 0 -0.4 0.05000000000000002 0.35000000000000003 5 3 1 0 0 0 4 0
2026-09-05,02:17:25 GMT,V6.2 BLOCK - final pressure/veto/active/timing gate failed or signal already used
2026-09-05,02:17:25 GMT,SENTINEL V6 MULTI-WINDOW SCAN >>>
2026-09-05,02:17:25 GMT,V6.2 DIAG | 6 0 4 -0.15000000000000002 -0.028571428571428574 0.15000000000000002 0.06666666666666668 0.15000000000000002 0.05000000000000002 0.35000000000000003 5 3 1 1 0 0 4 0
2026-09-05,02:17:24 GMT,V6.2 BLOCK - final pressure/veto/active/timing gate failed or signal already used
2026-09-05,02:17:24 GMT,SENTINEL V6 MULTI-WINDOW SCAN >>>
2026-09-05,02:17:24 GMT,V6.2 DIAG | 8 0 1 -0.15000000000000002 -0.028571428571428574 0.15000000000000002 0.06666666666666668 0.15000000000000002 0.05000000000000002 0.35000000000000003 4 4 2 1 0 0 4 0
2026-09-05,02:17:23 GMT,V6.2 BLOCK - final pressure/veto/active/timing gate failed or signal already used
2026-09-05,02:17:23 GMT,SENTINEL V6 MULTI-WINDOW SCAN >>>
2026-09-05,02:17:23 GMT,V6.2 DIAG | 5 0 6 -0.15000000000000002 0.028571428571428574 0.15000000000000002 -0.06666666666666668 0.15000000000000002 -0.5 0.1 4 4 1 1 0 0 4 0
2026-09-05,02:17:22 GMT,V6.2 BLOCK - final pressure/veto/active/timing gate failed or signal already used
2026-09-05,02:17:22 GMT,SENTINEL V6 MULTI-WINDOW SCAN >>>
2026-09-05,02:17:22 GMT,V6.2 DIAG | 9 0 5 -0.29999999999999993 0.05714285714285715 0.3 -0.13333333333333333 0.15000000000000002 -0.75 0.1 4 4 1 1 0 0 4 0
2026-09-05,02:17:21 GMT,V6.2 BLOCK - final pressure/veto/active/timing gate failed or signal already used
2026-09-05,02:17:21 GMT,SENTINEL V6 MULTI-WINDOW SCAN >>>
2026-09-05,02:17:21 GMT,V6.2 DIAG | 7 0 6 -0.35 0.05714285714285715 0.35 -0.13333333333333333 0.15000000000000002 -0.20000000000000004 -0.4 4 4 1 1 0 0 4 0
2026-09-05,02:17:20 GMT,V6.2 BLOCK - final pressure/veto/active/timing gate failed or signal already used
2026-09-05,02:17:20 GMT,SENTINEL V6 MULTI-WINDOW SCAN >>>
2026-09-05,02:17:20 GMT,V6.2 DIAG | 1 0 6 -0.25 0.028571428571428574 0.25 -0.06666666666666668 0.45 -0.20000000000000004 -0.4 4 4 2 1 0 0 4 0
2026-09-05,02:17:19 GMT,V6.2 BLOCK - final pressure/veto/active/timing gate failed or signal already used
2026-09-05,02:17:19 GMT,SENTINEL V6 MULTI-WINDOW SCAN >>>
2026-09-05,02:17:19 GMT,V6.2 DIAG | 1 0 6 -0.25 0.028571428571428574 0.25 -0.06666666666666668 0.45 -0.20000000000000004 -0.4 3 5 3 1 0 0 4 0
2026-09-05,02:17:18 GMT,V6.2 BLOCK - final pressure/veto/active/timing gate failed or signal already used
2026-09-05,02:17:18 GMT,SENTINEL V6 MULTI-WINDOW SCAN >>>
2026-09-05,02:17:18 GMT,V6.2 DIAG | 0 0 1 -0.35 0 0.35 0 0.45 -0.20000000000000004 0.1 3 5 3 1 0 0 4 0
2026-09-05,02:17:17 GMT,V6.2 BLOCK - final pressure/veto/active/timing gate failed or signal already used
2026-09-05,02:17:17 GMT,SENTINEL V6 MULTI-WINDOW SCAN >>>
2026-09-05,02:17:17 GMT,V6.2 DIAG | 8 0 0 -0.35 -0.05714285714285715 0.35 0.13333333333333333 0.45 0.6 0.1 3 5 3 1 0 0 4 0
2026-09-05,02:17:16 GMT,V6.2 BLOCK - final pressure/veto/active/timing gate failed or signal already used
2026-09-05,02:17:16 GMT,SENTINEL V6 MULTI-WINDOW SCAN >>>
2026-09-05,02:17:16 GMT,V6.2 DIAG | 7 0 1 -0.19999999999999996 -0.08571428571428572 0.2 0.2 0.4 0.9 0.1 3 5 2 1 0 0 4 0
2026-09-05,02:17:15 GMT,V6.2 BLOCK - final pressure/veto/active/timing gate failed or signal already used
2026-09-05,02:17:15 GMT,SENTINEL V6 MULTI-WINDOW SCAN >>>
2026-09-05,02:17:15 GMT,V6.2 DIAG | 3 0 2 -0.19999999999999996 -0.028571428571428574 0.2 0.06666666666666668 -0.35000000000000003 0.8500000000000001 0.1 4 4 2 1 0 0 4 0
2026-09-05,02:17:14 GMT,V6.2 BLOCK - final pressure/veto/active/timing gate failed or signal already used
2026-09-05,02:17:14 GMT,SENTINEL V6 MULTI-WINDOW SCAN >>>
2026-09-05,02:17:14 GMT,V6.2 DIAG | 9 0 2 -0.15000000000000002 -0.028571428571428574 0.15000000000000002 0.06666666666666668 -0.35000000000000003 0.8 0.1 4 4 2 1 0 0 4 0
2026-09-05,02:17:13 GMT,V6.2 BLOCK - final pressure/veto/active/timing gate failed or signal already used
2026-09-05,02:17:13 GMT,SENTINEL V6 MULTI-WINDOW SCAN >>>
2026-09-05,02:17:13 GMT,V6.2 DIAG | 8 0 2 -0.19999999999999996 -0.028571428571428574 0.2 0.06666666666666668 -0.35000000000000003 0.8 0.15000000000000002 4 4 2 1 0 0 4 0
2026-09-05,02:17:12 GMT,V6.2 BLOCK - final pressure/veto/active/timing gate failed or signal already used
2026-09-05,02:17:12 GMT,SENTINEL V6 MULTI-WINDOW SCAN >>>
2026-09-05,02:17:12 GMT,V6.2 DIAG | 8 0 5 -0.09999999999999998 0 0.10000000000000003 0 -0.35000000000000003 0.30000000000000004 0.15000000000000002 5 3 1 1 0 0 4 0
2026-09-05,02:17:11 GMT,V6.2 BLOCK - final pressure/veto/active/timing gate failed or signal already used
2026-09-05,02:17:11 GMT,SENTINEL V6 MULTI-WINDOW SCAN >>>
2026-09-05,02:17:11 GMT,V6.2 DIAG | 2 0 9 0 0.028571428571428567 0 -0.06666666666666667 -0.35000000000000003 -0.2 0.15000000000000002 5 3 0 0 0 0 4 0
2026-09-05,02:17:10 GMT,V6.2 BLOCK - final pressure/veto/active/timing gate failed or signal already used
2026-09-05,02:17:10 GMT,SENTINEL V6 MULTI-WINDOW SCAN >>>
2026-09-05,02:17:10 GMT,V6.2 DIAG | 0 0 5 0 -0.028571428571428567 0 0.06666666666666667 0.45 -0.2 0.15000000000000002 5 3 0 0 0 0 4 0
2026-09-05,02:17:09 GMT,V6.2 BLOCK - final pressure/veto/active/timing gate failed or signal already used
2026-09-05,02:17:09 GMT,SENTINEL V6 MULTI-WINDOW SCAN >>>
2026-09-05,02:17:09 GMT,V6.2 DIAG | 9 0 5 0 -0.028571428571428567 0 0.06666666666666667 0.45 -0.2 0.15000000000000002 5 3 0 1 0 0 4 0
2026-09-05,02:17:08 GMT,V6.2 BLOCK - final pressure/veto/active/timing gate failed or signal already used
2026-09-05,02:17:08 GMT,SENTINEL V6 MULTI-WINDOW SCAN >>>
2026-09-05,02:17:08 GMT,V6.2 DIAG | 2 0 7 0.15000000000000002 -0.057142857142857134 -0.14999999999999997 0.13333333333333333 0.4 -0.2 0.45 6 2 0 0 0 0 4 0
2026-09-05,02:17:07 GMT,V6.2 BLOCK - final pressure/veto/active/timing gate failed or signal already used
2026-09-05,02:17:07 GMT,SENTINEL V6 MULTI-WINDOW SCAN >>>
2026-09-05,02:17:07 GMT,V6.2 DIAG | 0 0 5 0 -0.028571428571428567 0 0.06666666666666667 0.4 -0.45 0.45 6 2 0 0 0 0 4 0
2026-09-05,02:17:06 GMT,V6.2 BLOCK - final pressure/veto/active/timing gate failed or signal already used
2026-09-05,02:17:06 GMT,SENTINEL V6 MULTI-WINDOW SCAN >>>
2026-09-05,02:17:06 GMT,V6.2 DIAG | 7 0 5 0 -0.028571428571428567 0 0.06666666666666667 0.4 -0.45 0.45 6 2 0 1 0 0 4 0
2026-09-05,02:17:05 GMT,V6.2 BLOCK - final pressure/veto/active/timing gate failed or signal already used
2026-09-05,02:17:05 GMT,SENTINEL V6 MULTI-WINDOW SCAN >>>
2026-09-05,02:17:05 GMT,V6.2 DIAG | 3 0 8 0.10000000000000009 0 -0.09999999999999998 0 -0.1 -0.45 0.45 6 2 1 0 0 0 4 0
2026-09-05,02:17:04 GMT,V6.2 BLOCK - final pressure/veto/active/timing gate failed or signal already used
2026-09-05,02:17:04 GMT,SENTINEL V6 MULTI-WINDOW SCAN >>>
2026-09-05,02:17:04 GMT,V6.2 DIAG | 9 0 8 0.15000000000000002 0 -0.14999999999999997 0 -0.1 -0.45 0.4 6 2 1 0 0 0 4 0
2026-09-05,02:17:03 GMT,V6.2 BLOCK - final pressure/veto/active/timing gate failed or signal already used
2026-09-05,02:17:03 GMT,SENTINEL V6 MULTI-WINDOW SCAN >>>
2026-09-05,02:17:03 GMT,V6.2 DIAG | 2 0 12 0.10000000000000009 0.057142857142857134 -0.09999999999999998 -0.13333333333333333 -0.1 -0.7000000000000001 -0.1 7 1 1 0 1 0 4 0
2026-09-05,02:17:02 GMT,V6.2 BLOCK - final pressure/veto/active/timing gate failed or signal already used
2026-09-05,02:17:02 GMT,SENTINEL V6 MULTI-WINDOW SCAN >>>
2026-09-05,02:17:02 GMT,V6.2 DIAG | 6 0 8 0.15000000000000002 0 -0.14999999999999997 0 -0.15 0.1 -0.1 7 1 1 1 0 0 4 0
2026-09-05,02:17:01 GMT,V6.2 BLOCK - final pressure/veto/active/timing gate failed or signal already used
2026-09-05,02:17:01 GMT,SENTINEL V6 MULTI-WINDOW SCAN >>>
2026-09-05,02:17:01 GMT,V6.2 DIAG | 4 0 7 0.20000000000000007 0 -0.2 0 -0.2 0.1 -0.1 6 2 2 0 0 0 4 0
2026-09-05,02:17:00 GMT,V6.2 BLOCK - final pressure/veto/active/timing gate failed or signal already used
2026-09-05,02:17:00 GMT,SENTINEL V6 MULTI-WINDOW SCAN >>>
2026-09-05,02:17:00 GMT,V6.2 DIAG | 4 0 7 0.20000000000000007 0 -0.2 0 -0.2 0.1 -0.1 6 2 2 0 0 0 4 0
2026-09-05,02:16:59 GMT,V6.2 BLOCK - final pressure/veto/active/timing gate failed or signal already used
2026-09-05,02:16:59 GMT,SENTINEL V6 MULTI-WINDOW SCAN >>>
2026-09-05,02:16:59 GMT,V6.2 DIAG | 3 0 7 0.25 0 -0.25 0 -0.2 0.1 -0.15 6 2 2 0 0 0 4 0
2026-09-05,02:16:58 GMT,V6.2 BLOCK - final pressure/veto/active/timing gate failed or signal already used
2026-09-05,02:16:58 GMT,SENTINEL V6 MULTI-WINDOW SCAN >>>
2026-09-05,02:16:58 GMT,V6.2 DIAG | 8 0 7 0.09999999999999998 -0.028571428571428567 -0.10000000000000003 0.06666666666666667 -0.2 0.9 -0.4 6 2 2 1 0 0 4 0
2026-09-05,02:16:57 GMT,V6.2 BLOCK - final pressure/veto/active/timing gate failed or signal already used
2026-09-05,02:16:57 GMT,SENTINEL V6 MULTI-WINDOW SCAN >>>
2026-09-05,02:16:57 GMT,V6.2 DIAG | 0 0 8 0.20000000000000007 0 -0.2 0 -0.2 0.4 -0.4 7 1 1 1 0 0 4 0
2026-09-05,02:16:56 GMT,V6.2 BLOCK - final pressure/veto/active/timing gate failed or signal already used
2026-09-05,02:16:56 GMT,SENTINEL V6 MULTI-WINDOW SCAN >>>
2026-09-05,02:16:56 GMT,V6.2 DIAG | 4 0 10 0.04999999999999993 0.028571428571428567 -0.04999999999999999 -0.06666666666666667 -0.45 0.4 -0.4 6 2 1 1 0 0 4 0
2026-09-05,02:16:55 GMT,V6.2 BLOCK - final pressure/veto/active/timing gate failed or signal already used
2026-09-05,02:16:55 GMT,SENTINEL V6 MULTI-WINDOW SCAN >>>
2026-09-05,02:16:55 GMT,V6.2 DIAG | 2 0 9 -0.09999999999999998 0.05714285714285714 0.10000000000000003 -0.13333333333333336 -0.45 0.15000000000000002 -0.4 6 2 1 1 0 0 4 0
2026-09-05,02:16:54 GMT,V6.2 BLOCK - final pressure/veto/active/timing gate failed or signal already used
2026-09-05,02:16:54 GMT,SENTINEL V6 MULTI-WINDOW SCAN >>>
2026-09-05,02:16:54 GMT,V6.2 DIAG | 8 0 10 -0.25 0.08571428571428572 0.25 -0.2 -0.45 -0.10000000000000003 -0.4 5 3 1 1 0 0 4 0
2026-09-05,02:16:53 GMT,V6.2 BLOCK - final pressure/veto/active/timing gate failed or signal already used
2026-09-05,02:16:53 GMT,SENTINEL V6 MULTI-WINDOW SCAN >>>
2026-09-05,02:16:53 GMT,V6.2 DIAG | 2 0 9 -0.15000000000000002 0.05714285714285714 0.15000000000000002 -0.13333333333333336 -0.45 -0.6000000000000001 0.4 5 3 1 1 0 0 4 0
2026-09-05,02:16:52 GMT,V6.2 BLOCK - final pressure/veto/active/timing gate failed or signal already used
2026-09-05,02:16:52 GMT,SENTINEL V6 MULTI-WINDOW SCAN >>>
2026-09-05,02:16:52 GMT,V6.2 DIAG | 6 0 6 -0.09999999999999998 0.05714285714285714 0.10000000000000003 -0.13333333333333336 -0.5 -0.6000000000000001 0.4 4 4 2 1 0 0 4 0
2026-09-05,02:16:51 GMT,V6.2 BLOCK - final pressure/veto/active/timing gate failed or signal already used
2026-09-05,02:16:51 GMT,SENTINEL V6 MULTI-WINDOW SCAN >>>
2026-09-05,02:16:51 GMT,V6.2 DIAG | 5 0 2 -0.09999999999999998 0 0.10000000000000003 0 0.30000000000000004 -0.6000000000000001 0.4 4 4 2 1 0 0 4 0
2026-09-05,02:16:50 GMT,V6.2 BLOCK - final pressure/veto/active/timing gate failed or signal already used
2026-09-05,02:16:50 GMT,SENTINEL V6 MULTI-WINDOW SCAN >>>
2026-09-05,02:16:50 GMT,V6.2 DIAG | 6 0 1 -0.09999999999999998 -0.05714285714285714 0.10000000000000003 0.13333333333333336 0.30000000000000004 0.2 0.4 4 4 2 1 0 0 4 0
2026-09-05,02:16:49 GMT,V6.2 BLOCK - final pressure/veto/active/timing gate failed or signal already used
2026-09-05,02:16:49 GMT,SENTINEL V6 MULTI-WINDOW SCAN >>>
2026-09-05,02:16:49 GMT,V6.2 DIAG | 9 0 1 -0.09999999999999998 -0.11428571428571428 0.10000000000000003 0.26666666666666666 0.30000000000000004 1 0.4 4 4 2 1 0 0 4 0
2026-09-05,02:16:48 GMT,V6.2 BLOCK - final pressure/veto/active/timing gate failed or signal already used
2026-09-05,02:16:48 GMT,SENTINEL V6 MULTI-WINDOW SCAN >>>
2026-09-05,02:16:48 GMT,V6.2 DIAG | 4 0 4 -0.15000000000000002 -0.05714285714285714 0.15000000000000002 0.13333333333333336 0.05000000000000002 1 -0.1 5 3 2 1 0 0 4 0
2026-09-05,02:16:47 GMT,V6.2 BLOCK - final pressure/veto/active/timing gate failed or signal already used
2026-09-05,02:16:47 GMT,SENTINEL V6 MULTI-WINDOW SCAN >>>
2026-09-05,02:16:47 GMT,V6.2 DIAG | 7 0 4 -0.15000000000000002 -0.05714285714285714 0.15000000000000002 0.13333333333333336 0.05000000000000002 1 -0.1 5 3 2 1 0 0 4 0
2026-09-05,02:16:46 GMT,V6.2 BLOCK - final pressure/veto/active/timing gate failed or signal already used
2026-09-05,02:16:46 GMT,SENTINEL V6 MULTI-WINDOW SCAN >>>
2026-09-05,02:16:46 GMT,V6.2 DIAG | 8 0 5 -0.050000000000000044 -0.028571428571428567 0.04999999999999999 0.06666666666666667 -0.45 1 -0.1 5 3 2 1 0 0 4 0
2026-09-05,02:16:45 GMT,V6.2 BLOCK - final pressure/veto/active/timing gate failed or signal already used
2026-09-05,02:16:45 GMT,SENTINEL V6 MULTI-WINDOW SCAN >>>
2026-09-05,02:16:45 GMT,V6.2 DIAG | 8 0 8 0.050000000000000044 0 -0.04999999999999999 0 -0.45 0.5 -0.1 6 2 1 1 0 0 4 0
2026-09-05,02:16:44 GMT,V6.2 BLOCK - final pressure/veto/active/timing gate failed or signal already used
2026-09-05,02:16:44 GMT,SENTINEL V6 MULTI-WINDOW SCAN >>>
2026-09-05,02:16:44 GMT,V6.2 DIAG | 5 0 10 0 0.057142857142857134 0 -0.13333333333333333 -0.45 0 -0.35000000000000003 7 1 0 0 0 0 4 0
2026-09-05,02:16:43 GMT,V6.2 BLOCK - final pressure/veto/active/timing gate failed or signal already used
2026-09-05,02:16:43 GMT,SENTINEL V6 MULTI-WINDOW SCAN >>>
2026-09-05,02:16:43 GMT,V6.2 DIAG | 1 0 8 0.050000000000000044 0 -0.04999999999999999 0 0.35000000000000003 0 -0.4 7 1 0 1 0 0 4 0
2026-09-05,02:16:42 GMT,V6.2 BLOCK - final pressure/veto/active/timing gate failed or signal already used
2026-09-05,02:16:42 GMT,SENTINEL V6 MULTI-WINDOW SCAN >>>
2026-09-05,02:16:42 GMT,V6.2 DIAG | 5 0 9 -0.10000000000000009 0.028571428571428567 0.09999999999999998 -0.06666666666666667 0.1 0 -0.4 6 2 0 1 0 0 4 0
2026-09-05,02:16:41 GMT,V6.2 BLOCK - final pressure/veto/active/timing gate failed or signal already used
2026-09-05,02:16:41 GMT,SENTINEL V6 MULTI-WINDOW SCAN >>>
2026-09-05,02:16:41 GMT,V6.2 DIAG | 0 0 10 -0.25 0.05714285714285714 0.25 -0.13333333333333336 -0.15000000000000002 0 -0.4 6 2 0 1 0 0 4 0
2026-09-05,02:16:40 GMT,V6.2 BLOCK - final pressure/veto/active/timing gate failed or signal already used
2026-09-05,02:16:40 GMT,SENTINEL V6 MULTI-WINDOW SCAN >>>
2026-09-05,02:16:40 GMT,V6.2 DIAG | 6 0 10 -0.20000000000000007 0.05714285714285714 0.2 -0.13333333333333336 -0.15000000000000002 0 -0.45 5 3 0 1 0 0 4 0
2026-09-05,02:16:39 GMT,V6.2 BLOCK - final pressure/veto/active/timing gate failed or signal already used
2026-09-05,02:16:39 GMT,SENTINEL V6 MULTI-WINDOW SCAN >>>
2026-09-05,02:16:39 GMT,V6.2 DIAG | 7 0 7 -0.30000000000000004 0.028571428571428574 0.3 -0.06666666666666668 -0.15000000000000002 -0.05 0.1 4 4 0 1 0 0 4 0
2026-09-05,02:16:38 GMT,V6.2 BLOCK - final pressure/veto/active/timing gate failed or signal already used
2026-09-05,02:16:38 GMT,SENTINEL V6 MULTI-WINDOW SCAN >>>
2026-09-05,02:16:38 GMT,V6.2 DIAG | 1 0 9 -0.15000000000000002 0.05714285714285714 0.15000000000000002 -0.13333333333333336 -0.7000000000000001 -0.05 0.1 5 3 0 1 0 0 4 0
2026-09-05,02:16:37 GMT,V6.2 BLOCK - final pressure/veto/active/timing gate failed or signal already used
2026-09-05,02:16:37 GMT,SENTINEL V6 MULTI-WINDOW SCAN >>>
2026-09-05,02:16:37 GMT,V6.2 DIAG | 1 0 3 -0.09999999999999998 0 0.10000000000000003 0 0.1 -0.05 0.05000000000000002 4 4 0 1 0 0 4 0
2026-09-05,02:16:36 GMT,V6.2 BLOCK - final pressure/veto/active/timing gate failed or signal already used
2026-09-05,02:16:36 GMT,SENTINEL V6 MULTI-WINDOW SCAN >>>
2026-09-05,02:16:36 GMT,V6.2 DIAG | 1 0 3 -0.09999999999999998 -0.05714285714285714 0.10000000000000003 0.13333333333333336 0.9 -0.05 0.05000000000000002 4 4 0 1 0 0 4 0
2026-09-05,02:16:35 GMT,V6.2 BLOCK - final pressure/veto/active/timing gate failed or signal already used
2026-09-05,02:16:35 GMT,SENTINEL V6 MULTI-WINDOW SCAN >>>
2026-09-05,02:16:35 GMT,V6.2 DIAG | 9 0 4 -0.050000000000000044 -0.05714285714285714 0.050000000000000044 0.13333333333333336 0.9 -0.05 0 4 4 0 1 0 0 4 0
2026-09-05,02:16:34 GMT,V6.2 BLOCK - final pressure/veto/active/timing gate failed or signal already used
2026-09-05,02:16:34 GMT,SENTINEL V6 MULTI-WINDOW SCAN >>>
2026-09-05,02:16:34 GMT,V6.2 DIAG | 3 0 6 0.04999999999999993 -0.08571428571428572 -0.04999999999999999 0.2 0.9 -0.05 0.30000000000000004 5 3 0 0 0 0 4 0
2026-09-05,02:16:33 GMT,V6.2 BLOCK - final pressure/veto/active/timing gate failed or signal already used
2026-09-05,02:16:33 GMT,SENTINEL V6 MULTI-WINDOW SCAN >>>
2026-09-05,02:16:33 GMT,V6.2 DIAG | 7 0 6 0.04999999999999993 -0.08571428571428572 -0.04999999999999999 0.2 0.9 -0.05 0.30000000000000004 5 3 0 1 0 0 4 0
2026-09-05,02:16:32 GMT,V6.2 BLOCK - final pressure/veto/active/timing gate failed or signal already used
2026-09-05,02:16:32 GMT,SENTINEL V6 MULTI-WINDOW SCAN >>>
2026-09-05,02:16:32 GMT,V6.2 DIAG | 7 0 5 0 -0.028571428571428567 0 0.06666666666666667 0.15000000000000002 -0.05 0.30000000000000004 6 2 0 1 0 0 4 0
2026-09-05,02:16:31 GMT,V6.2 BLOCK - final pressure/veto/active/timing gate failed or signal already used
2026-09-05,02:16:31 GMT,SENTINEL V6 MULTI-WINDOW SCAN >>>
2026-09-05,02:16:31 GMT,V6.2 DIAG | 1 0 8 0.15000000000000002 0 -0.14999999999999997 0 -0.4 -0.05 0.30000000000000004 7 1 0 1 0 0 4 0
2026-09-05,02:16:30 GMT,V6.2 BLOCK - final pressure/veto/active/timing gate failed or signal already used
2026-09-05,02:16:30 GMT,SENTINEL V6 MULTI-WINDOW SCAN >>>
2026-09-05,02:16:30 GMT,V6.2 DIAG | 9 0 8 0.20000000000000007 0 -0.2 0 -0.45 -0.05 0.30000000000000004 6 2 0 1 0 0 4 0
2026-09-05,02:16:29 GMT,V6.2 BLOCK - final pressure/veto/active/timing gate failed or signal already used
2026-09-05,02:16:29 GMT,SENTINEL V6 MULTI-WINDOW SCAN >>>
2026-09-05,02:16:29 GMT,V6.2 DIAG | 3 0 12 0.35 0.028571428571428567 -0.35 -0.06666666666666667 -0.5 -0.05 -0.2 7 1 0 0 1 0 4 1
2026-09-05,02:16:28 GMT,V6.2 BLOCK - final pressure/veto/active/timing gate failed or signal already used
2026-09-05,02:16:28 GMT,SENTINEL V6 MULTI-WINDOW SCAN >>>
2026-09-05,02:16:28 GMT,V6.2 DIAG | 1 0 12 0.35 0.028571428571428567 -0.35 -0.06666666666666667 -0.5 -0.05 -0.2 7 1 0 0 1 0 4 0
2026-09-05,02:16:27 GMT,V6.2 BLOCK - final pressure/veto/active/timing gate failed or signal already used
2026-09-05,02:16:27 GMT,SENTINEL V6 MULTI-WINDOW SCAN >>>
2026-09-05,02:16:27 GMT,V6.2 DIAG | 3 0 8 0.35 -0.028571428571428567 -0.35 0.06666666666666667 0.30000000000000004 -0.05 -0.2 7 1 0 0 0 0 4 0
2026-09-05,02:16:26 GMT,V6.2 BLOCK - final pressure/veto/active/timing gate failed or signal already used
2026-09-05,02:16:26 GMT,SENTINEL V6 MULTI-WINDOW SCAN >>>
2026-09-05,02:16:26 GMT,V6.2 DIAG | 2 0 8 0.35 -0.028571428571428567 -0.35 0.06666666666666667 0.30000000000000004 -0.05 -0.2 7 1 0 0 0 0 4 0
2026-09-05,02:16:25 GMT,V6.2 BLOCK - final pressure/veto/active/timing gate failed or signal already used
2026-09-05,02:16:25 GMT,SENTINEL V6 MULTI-WINDOW SCAN >>>
2026-09-05,02:16:25 GMT,V6.2 DIAG | 4 0 8 0.35 -0.028571428571428567 -0.35 0.06666666666666667 0.30000000000000004 -0.05 -0.2 7 1 0 0 0 0 4 0
2026-09-05,02:16:24 GMT,V6.2 BLOCK - final pressure/veto/active/timing gate failed or signal already used
2026-09-05,02:16:24 GMT,SENTINEL V6 MULTI-WINDOW SCAN >>>
2026-09-05,02:16:24 GMT,V6.2 DIAG | 4 0 8 0.35 -0.028571428571428567 -0.35 0.06666666666666667 0.30000000000000004 -0.05 -0.2 7 1 0 0 0 0 4 0
2026-09-05,02:16:23 GMT,V6.2 BLOCK - final pressure/veto/active/timing gate failed or signal already used
2026-09-05,02:16:23 GMT,SENTINEL V6 MULTI-WINDOW SCAN >>>
2026-09-05,02:16:23 GMT,V6.2 DIAG | 7 0 8 0.20000000000000007 0 -0.2 0 0.30000000000000004 -0.05 -0.45 7 1 0 1 0 0 4 0
2026-09-05,02:16:22 GMT,V6.2 BLOCK - final pressure/veto/active/timing gate failed or signal already used
2026-09-05,02:16:22 GMT,SENTINEL V6 MULTI-WINDOW SCAN >>>
2026-09-05,02:16:22 GMT,V6.2 DIAG | 3 0 12 0.35 0.028571428571428567 -0.35 -0.06666666666666667 -0.2 -0.1 -0.45 8 0 0 1 1 0 4 0
2026-09-05,02:16:21 GMT,V6.2 BLOCK - final pressure/veto/active/timing gate failed or signal already used
2026-09-05,02:16:21 GMT,SENTINEL V6 MULTI-WINDOW SCAN >>>
2026-09-05,02:16:21 GMT,V6.2 DIAG | 5 0 12 0.4 0.028571428571428567 -0.4 -0.06666666666666667 -0.2 -0.1 -0.5 7 1 0 0 0 0 4 0
2026-09-05,02:16:20 GMT,V6.2 BLOCK - final pressure/veto/active/timing gate failed or signal already used
2026-09-05,02:16:20 GMT,SENTINEL V6 MULTI-WINDOW SCAN >>>
2026-09-05,02:16:20 GMT,V6.2 DIAG | 2 0 12 0.25 0.057142857142857134 -0.25 -0.13333333333333333 -0.2 -0.1 -0.75 7 1 0 0 0 0 4 0
2026-09-05,02:16:19 GMT,V6.2 BLOCK - final pressure/veto/active/timing gate failed or signal already used
2026-09-05,02:16:19 GMT,SENTINEL V6 MULTI-WINDOW SCAN >>>
2026-09-05,02:16:19 GMT,V6.2 DIAG | 5 0 12 0.09999999999999998 0.08571428571428572 -0.10000000000000003 -0.2 -0.2 -0.35000000000000003 -0.75 7 1 0 0 1 0 4 0
2026-09-05,02:16:18 GMT,V6.2 BLOCK - final pressure/veto/active/timing gate failed or signal already used
2026-09-05,02:16:18 GMT,SENTINEL V6 MULTI-WINDOW SCAN >>>
2026-09-05,02:16:18 GMT,V6.2 DIAG | 5 0 9 -0.050000000000000044 0.05714285714285714 0.050000000000000044 -0.13333333333333336 -0.45 -0.35000000000000003 0.05000000000000002 6 2 0 1 0 0 4 0
2026-09-05,02:16:17 GMT,V6.2 BLOCK - final pressure/veto/active/timing gate failed or signal already used
2026-09-05,02:16:17 GMT,SENTINEL V6 MULTI-WINDOW SCAN >>>
2026-09-05,02:16:17 GMT,V6.2 DIAG | 1 0 10 -0.19999999999999996 0.08571428571428572 0.2 -0.2 -0.45 -0.35000000000000003 -0.20000000000000004 5 3 1 1 0 0 4 0
2026-09-05,02:16:16 GMT,V6.2 BLOCK - final pressure/veto/active/timing gate failed or signal already used
2026-09-05,02:16:16 GMT,SENTINEL V6 MULTI-WINDOW SCAN >>>
2026-09-05,02:16:16 GMT,V6.2 DIAG | 6 0 8 -0.19999999999999996 0.08571428571428572 0.2 -0.2 -0.45 -0.35000000000000003 -0.20000000000000004 4 4 1 1 0 0 4 0
2026-09-05,02:16:15 GMT,V6.2 BLOCK - final pressure/veto/active/timing gate failed or signal already used
2026-09-05,02:16:15 GMT,SENTINEL V6 MULTI-WINDOW SCAN >>>
2026-09-05,02:16:15 GMT,V6.2 DIAG | 0 0 6 -0.29999999999999993 0.05714285714285715 0.3 -0.13333333333333333 -0.45 -0.4 0.35000000000000003 3 5 1 1 0 0 4 0
2026-09-05,02:16:14 GMT,V6.2 BLOCK - final pressure/veto/active/timing gate failed or signal already used
2026-09-05,02:16:14 GMT,SENTINEL V6 MULTI-WINDOW SCAN >>>
2026-09-05,02:16:14 GMT,V6.2 DIAG | 9 0 2 -0.29999999999999993 0 0.3 0 -0.45 0.4 0.35000000000000003 3 5 1 1 0 0 4 0
2026-09-05,02:16:13 GMT,V6.2 BLOCK - final pressure/veto/active/timing gate failed or signal already used
2026-09-05,02:16:13 GMT,SENTINEL V6 MULTI-WINDOW SCAN >>>
2026-09-05,02:16:13 GMT,V6.2 DIAG | 4 0 3 -0.19999999999999996 -0.028571428571428574 0.2 0.06666666666666668 0.35000000000000003 0.4 -0.15000000000000002 3 5 1 1 0 0 4 0
2026-09-05,02:16:12 GMT,V6.2 BLOCK - final pressure/veto/active/timing gate failed or signal already used
2026-09-05,02:16:12 GMT,SENTINEL V6 MULTI-WINDOW SCAN >>>
2026-09-05,02:16:12 GMT,V6.2 DIAG | 6 0 2 -0.19999999999999996 -0.08571428571428572 0.2 0.2 0.35000000000000003 0.4 0.65 3 5 1 1 0 0 4 0
2026-09-05,02:16:11 GMT,V6.2 BLOCK - final pressure/veto/active/timing gate failed or signal already used
2026-09-05,02:16:11 GMT,SENTINEL V6 MULTI-WINDOW SCAN >>>
2026-09-05,02:16:11 GMT,V6.2 DIAG | 9 0 1 -0.35 -0.05714285714285715 0.35 0.13333333333333333 0.1 0.4 0.65 3 5 1 1 0 0 4 0
2026-09-05,02:16:10 GMT,V6.2 BLOCK - final pressure/veto/active/timing gate failed or signal already used
2026-09-05,02:16:10 GMT,SENTINEL V6 MULTI-WINDOW SCAN >>>
2026-09-05,02:16:10 GMT,V6.2 DIAG | 8 0 2 -0.4 -0.05714285714285715 0.39999999999999997 0.13333333333333333 -0.15000000000000002 0.4 0.9500000000000001 4 4 1 1 0 0 4 0
2026-09-05,02:16:09 GMT,V6.2 BLOCK - final pressure/veto/active/timing gate failed or signal already used
2026-09-05,02:16:09 GMT,SENTINEL V6 MULTI-WINDOW SCAN >>>
2026-09-05,02:16:09 GMT,V6.2 DIAG | 7 0 3 -0.44999999999999996 0 0.44999999999999996 0 -0.3999999999999999 -0.1 0.9500000000000001 4 4 0 1 0 0 4 0
2026-09-05,02:16:08 GMT,V6.2 BLOCK - final pressure/veto/active/timing gate failed or signal already used
2026-09-05,02:16:08 GMT,SENTINEL V6 MULTI-WINDOW SCAN >>>
2026-09-05,02:16:08 GMT,V6.2 DIAG | 9 0 7 -0.30000000000000004 0.028571428571428574 0.3 -0.06666666666666668 -0.8999999999999999 -0.15 0.9500000000000001 4 4 0 1 0 0 4 0
2026-09-05,02:16:07 GMT,V6.2 BLOCK - final pressure/veto/active/timing gate failed or signal already used
2026-09-05,02:16:07 GMT,SENTINEL V6 MULTI-WINDOW SCAN >>>
2026-09-05,02:16:07 GMT,V6.2 DIAG | 5 0 7 -0.20000000000000007 0.05714285714285714 0.2 -0.13333333333333336 -0.8999999999999999 -0.15 0.45 4 4 0 1 0 0 4 0
2026-09-05,02:16:06 GMT,V6.2 BLOCK - final pressure/veto/active/timing gate failed or signal already used
2026-09-05,02:16:06 GMT,SENTINEL V6 MULTI-WINDOW SCAN >>>
2026-09-05,02:16:06 GMT,V6.2 DIAG | 9 0 4 -0.15000000000000002 0 0.15000000000000002 0 -0.15000000000000002 -0.15 0.45 4 4 0 1 0 0 4 0
2026-09-05,02:16:05 GMT,V6.2 BLOCK - final pressure/veto/active/timing gate failed or signal already used
2026-09-05,02:16:05 GMT,SENTINEL V6 MULTI-WINDOW SCAN >>>
2026-09-05,02:16:05 GMT,V6.2 DIAG | 6 0 6 0 -0.028571428571428567 0 0.06666666666666667 0.6 -0.15 -0.05 5 3 0 0 0 0 4 0
2026-09-05,02:16:04 GMT,V6.2 BLOCK - final pressure/veto/active/timing gate failed or signal already used
2026-09-05,02:16:04 GMT,SENTINEL V6 MULTI-WINDOW SCAN >>>
2026-09-05,02:16:04 GMT,V6.2 DIAG | 0 0 6 0 -0.08571428571428572 0 0.2 1.4 -0.15 -0.05 5 3 0 0 0 0 4 0
2026-09-05,02:16:03 GMT,V6.2 BLOCK - final pressure/veto/active/timing gate failed or signal already used
2026-09-05,02:16:03 GMT,SENTINEL V6 MULTI-WINDOW SCAN >>>
2026-09-05,02:16:03 GMT,V6.2 DIAG | 1 0 6 0 -0.08571428571428572 0 0.2 1.4 -0.15 -0.05 5 3 0 1 0 0 4 0
2026-09-05,02:16:02 GMT,V6.2 BLOCK - final pressure/veto/active/timing gate failed or signal already used
2026-09-05,02:16:02 GMT,SENTINEL V6 MULTI-WINDOW SCAN >>>
2026-09-05,02:16:02 GMT,V6.2 DIAG | 7 0 6 -0.09999999999999998 -0.05714285714285714 0.10000000000000003 0.13333333333333336 1.3499999999999999 -0.4 -0.05 5 3 0 1 0 0 4 0
2026-09-05,02:16:01 GMT,V6.2 BLOCK - final pressure/veto/active/timing gate failed or signal already used
2026-09-05,02:16:01 GMT,SENTINEL V6 MULTI-WINDOW SCAN >>>
2026-09-05,02:16:01 GMT,V6.2 DIAG | 7 0 6 -0.15000000000000002 0 0.15000000000000002 0 0.8500000000000001 -0.4 -0.30000000000000004 6 2 0 1 0 0 4 0
2026-09-05,02:16:00 GMT,V6.2 BLOCK - final pressure/veto/active/timing gate failed or signal already used
2026-09-05,02:16:00 GMT,SENTINEL V6 MULTI-WINDOW SCAN >>>
2026-09-05,02:16:00 GMT,V6.2 DIAG | 7 1 9 -0.050000000000000044 0.028571428571428567 0.04999999999999999 -0.06666666666666667 0.35000000000000003 -0.4 -0.30000000000000004 6 2 1 1 0 0 4 0
2026-09-05,02:15:59 GMT,V6.2 BLOCK - final pressure/veto/active/timing gate failed or signal already used
2026-09-05,02:15:59 GMT,SENTINEL V6 MULTI-WINDOW SCAN >>>
2026-09-05,02:15:59 GMT,V6.2 DIAG | 5 0 12 0.10000000000000009 0.057142857142857134 -0.09999999999999998 -0.13333333333333333 -0.15 -0.4 -0.35000000000000003 6 2 1 0 1 0 4 1
2026-09-05,02:15:58 GMT,V6.2 BLOCK - final pressure/veto/active/timing gate failed or signal already used
2026-09-05,02:15:58 GMT,SENTINEL V6 MULTI-WINDOW SCAN >>>
2026-09-05,02:15:58 GMT,V6.2 DIAG | 2 0 12 0.10000000000000009 0.057142857142857134 -0.09999999999999998 -0.13333333333333333 -0.15 -0.4 -0.35000000000000003 6 2 1 0 1 0 4 0
2026-09-05,02:15:57 GMT,V6.2 BLOCK - final pressure/veto/active/timing gate failed or signal already used
2026-09-05,02:15:57 GMT,SENTINEL V6 MULTI-WINDOW SCAN >>>
2026-09-05,02:15:57 GMT,V6.2 DIAG | 6 0 8 0.10000000000000009 0 -0.09999999999999998 0 -0.15 0.4 -0.35000000000000003 6 2 1 1 0 0 4 0
2026-09-05,02:15:56 GMT,V6.2 BLOCK - final pressure/veto/active/timing gate failed or signal already used
2026-09-05,02:15:56 GMT,SENTINEL V6 MULTI-WINDOW SCAN >>>
2026-09-05,02:15:56 GMT,V6.2 DIAG | 5 0 7 0.15000000000000002 -0.057142857142857134 -0.14999999999999997 0.13333333333333333 -0.15 0.35000000000000003 0.45 6 2 1 1 0 0 4 0
2026-09-05,02:15:55 GMT,V6.2 BLOCK - final pressure/veto/active/timing gate failed or signal already used
2026-09-05,02:15:55 GMT,SENTINEL V6 MULTI-WINDOW SCAN >>>
2026-09-05,02:15:55 GMT,V6.2 DIAG | 3 0 5 0 -0.028571428571428567 0 0.06666666666666667 -0.15 0.1 0.45 6 2 1 0 0 0 4 0
2026-09-05,02:15:54 GMT,V6.2 BLOCK - final pressure/veto/active/timing gate failed or signal already used
2026-09-05,02:15:54 GMT,SENTINEL V6 MULTI-WINDOW SCAN >>>
2026-09-05,02:15:54 GMT,V6.2 DIAG | 3 0 5 0 -0.028571428571428567 0 0.06666666666666667 -0.15 0.1 0.45 6 2 1 0 0 0 4 0
2026-09-05,02:15:53 GMT,V6.2 BLOCK - final pressure/veto/active/timing gate failed or signal already used
2026-09-05,02:15:53 GMT,SENTINEL V6 MULTI-WINDOW SCAN >>>
2026-09-05,02:15:53 GMT,V6.2 DIAG | 8 0 4 0 -0.028571428571428567 0 0.06666666666666667 -0.15 0.1 0.45 5 3 2 1 0 0 4 0
2026-09-05,02:15:52 GMT,V6.2 BLOCK - final pressure/veto/active/timing gate failed or signal already used
2026-09-05,02:15:52 GMT,SENTINEL V6 MULTI-WINDOW SCAN >>>
2026-09-05,02:15:52 GMT,V6.2 DIAG | 9 0 8 0.10000000000000009 0 -0.09999999999999998 0 -0.15 -0.4 0.45 6 2 1 1 0 0 4 0
2026-09-05,02:15:51 GMT,V6.2 BLOCK - final pressure/veto/active/timing gate failed or signal already used
2026-09-05,02:15:51 GMT,SENTINEL V6 MULTI-WINDOW SCAN >>>
2026-09-05,02:15:51 GMT,V6.2 DIAG | 1 0 12 0.20000000000000007 0.028571428571428567 -0.19999999999999998 -0.06666666666666667 -0.15 -0.4 -0.05 7 1 1 0 1 0 4 0
2026-09-05,02:15:50 GMT,V6.2 BLOCK - final pressure/veto/active/timing gate failed or signal already used
2026-09-05,02:15:50 GMT,SENTINEL V6 MULTI-WINDOW SCAN >>>
2026-09-05,02:15:50 GMT,V6.2 DIAG | 1 0 8 0.25 -0.028571428571428567 -0.24999999999999997 0.06666666666666667 -0.2 0.4 -0.05 7 1 1 1 0 0 4 0
2026-09-05,02:15:49 GMT,V6.2 BLOCK - final pressure/veto/active/timing gate failed or signal already used
2026-09-05,02:15:49 GMT,SENTINEL V6 MULTI-WINDOW SCAN >>>
2026-09-05,02:15:49 GMT,V6.2 DIAG | 4 0 8 0.25 -0.028571428571428567 -0.24999999999999997 0.06666666666666667 -0.2 0.4 -0.05 7 1 1 1 0 0 4 0
2026-09-05,02:15:48 GMT,V6.2 BLOCK - final pressure/veto/active/timing gate failed or signal already used
2026-09-05,02:15:48 GMT,SENTINEL V6 MULTI-WINDOW SCAN >>>
2026-09-05,02:15:48 GMT,V6.2 DIAG | 6 0 8 0.10000000000000009 0 -0.09999999999999998 0 -0.2 0.15000000000000002 -0.05 7 1 1 1 0 0 4 0
2026-09-05,02:15:47 GMT,V6.2 BLOCK - final pressure/veto/active/timing gate failed or signal already used
2026-09-05,02:15:47 GMT,SENTINEL V6 MULTI-WINDOW SCAN >>>
2026-09-05,02:15:47 GMT,V6.2 DIAG | 0 0 8 0.10000000000000009 0 -0.09999999999999998 0 -0.2 0.15000000000000002 -0.05 7 1 1 1 0 0 4 0
2026-09-05,02:15:46 GMT,V6.2 BLOCK - final pressure/veto/active/timing gate failed or signal already used
2026-09-05,02:15:46 GMT,SENTINEL V6 MULTI-WINDOW SCAN >>>
2026-09-05,02:15:46 GMT,V6.2 DIAG | 8 0 8 -0.050000000000000044 0.028571428571428567 0.04999999999999999 -0.06666666666666667 -0.45 0.15000000000000002 -0.05 6 2 2 1 0 0 4 0
2026-09-05,02:15:45 GMT,V6.2 BLOCK - final pressure/veto/active/timing gate failed or signal already used
2026-09-05,02:15:45 GMT,SENTINEL V6 MULTI-WINDOW SCAN >>>
2026-09-05,02:15:45 GMT,V6.2 DIAG | 2 0 10 -0.050000000000000044 0.08571428571428572 0.04999999999999999 -0.2 -0.7000000000000001 -0.4 -0.05 7 1 1 1 0 0 4 0
2026-09-05,02:15:44 GMT,V6.2 BLOCK - final pressure/veto/active/timing gate failed or signal already used
2026-09-05,02:15:44 GMT,SENTINEL V6 MULTI-WINDOW SCAN >>>
2026-09-05,02:15:44 GMT,V6.2 DIAG | 1 0 10 -0.050000000000000044 0.08571428571428572 0.04999999999999999 -0.2 -0.7000000000000001 -0.4 -0.05 6 2 1 1 0 0 4 0
2026-09-05,02:15:43 GMT,V6.2 BLOCK - final pressure/veto/active/timing gate failed or signal already used
2026-09-05,02:15:43 GMT,SENTINEL V6 MULTI-WINDOW SCAN >>>
2026-09-05,02:15:43 GMT,V6.2 DIAG | 1 0 9 -0.050000000000000044 0.028571428571428567 0.04999999999999999 -0.06666666666666667 -0.7000000000000001 0.4 -0.05 5 3 1 1 0 0 4 0
2026-09-05,02:15:42 GMT,V6.2 BLOCK - final pressure/veto/active/timing gate failed or signal already used
2026-09-05,02:15:42 GMT,SENTINEL V6 MULTI-WINDOW SCAN >>>
2026-09-05,02:15:42 GMT,V6.2 DIAG | 5 0 9 -0.20000000000000007 0.05714285714285714 0.2 -0.13333333333333336 -0.95 0.4 -0.05 5 3 1 1 0 0 4 0
2026-09-05,02:15:41 GMT,V6.2 BLOCK - final pressure/veto/active/timing gate failed or signal already used
2026-09-05,02:15:41 GMT,SENTINEL V6 MULTI-WINDOW SCAN >>>
2026-09-05,02:15:41 GMT,V6.2 DIAG | 3 0 6 -0.20000000000000007 0 0.2 0 -0.15000000000000002 0.4 -0.05 5 3 1 1 0 0 4 0
2026-09-05,02:15:40 GMT,V6.2 BLOCK - final pressure/veto/active/timing gate failed or signal already used
2026-09-05,02:15:40 GMT,SENTINEL V6 MULTI-WINDOW SCAN >>>
2026-09-05,02:15:40 GMT,V6.2 DIAG | 6 0 3 -0.20000000000000007 -0.05714285714285714 0.2 0.13333333333333336 0.65 0.4 -0.05 4 4 1 1 0 0 4 0
2026-09-05,02:15:39 GMT,V6.2 BLOCK - final pressure/veto/active/timing gate failed or signal already used
2026-09-05,02:15:39 GMT,SENTINEL V6 MULTI-WINDOW SCAN >>>
2026-09-05,02:15:39 GMT,V6.2 DIAG | 8 0 3 -0.35 -0.028571428571428574 0.35 0.06666666666666668 0.65 0.4 -0.30000000000000004 4 4 1 1 0 0 4 0
2026-09-05,02:15:38 GMT,V6.2 BLOCK - final pressure/veto/active/timing gate failed or signal already used
2026-09-05,02:15:38 GMT,SENTINEL V6 MULTI-WINDOW SCAN >>>
2026-09-05,02:15:38 GMT,V6.2 DIAG | 4 0 6 -0.25 0 0.25 0 0.65 -0.1 -0.30000000000000004 5 3 0 1 0 0 4 0
2026-09-05,02:15:37 GMT,V6.2 BLOCK - final pressure/veto/active/timing gate failed or signal already used
2026-09-05,02:15:37 GMT,SENTINEL V6 MULTI-WINDOW SCAN >>>
2026-09-05,02:15:37 GMT,V6.2 DIAG | 7 0 4 -0.25 -0.05714285714285714 0.25 0.13333333333333336 1.45 -0.1 -0.30000000000000004 4 4 0 1 0 0 4 0
2026-09-05,02:15:36 GMT,V6.2 BLOCK - final pressure/veto/active/timing gate failed or signal already used
2026-09-05,02:15:36 GMT,SENTINEL V6 MULTI-WINDOW SCAN >>>
2026-09-05,02:15:36 GMT,V6.2 DIAG | 7 0 6 -0.25 0 0.25 0 0.9500000000000001 -0.4 -0.30000000000000004 5 3 0 1 0 0 4 0
2026-09-05,02:15:35 GMT,V6.2 BLOCK - final pressure/veto/active/timing gate failed or signal already used
2026-09-05,02:15:35 GMT,SENTINEL V6 MULTI-WINDOW SCAN >>>
2026-09-05,02:15:35 GMT,V6.2 DIAG | 0 0 9 -0.15000000000000002 0.028571428571428567 0.15 -0.06666666666666667 0.45 -0.4 -0.30000000000000004 6 2 0 1 0 0 4 0
2026-09-05,02:15:34 GMT,V6.2 BLOCK - final pressure/veto/active/timing gate failed or signal already used
2026-09-05,02:15:34 GMT,SENTINEL V6 MULTI-WINDOW SCAN >>>
2026-09-05,02:15:34 GMT,V6.2 DIAG | 5 0 5 -0.15000000000000002 -0.028571428571428567 0.15 0.06666666666666667 0.45 -0.4 0.5 5 3 1 1 0 0 4 0
2026-09-05,02:15:33 GMT,V6.2 BLOCK - final pressure/veto/active/timing gate failed or signal already used
2026-09-05,02:15:33 GMT,SENTINEL V6 MULTI-WINDOW SCAN >>>
2026-09-05,02:15:33 GMT,V6.2 DIAG | 7 0 5 -0.15000000000000002 -0.028571428571428567 0.15 0.06666666666666667 0.45 -0.4 0.5 5 3 1 1 0 0 4 0
2026-09-05,02:15:32 GMT,V6.2 BLOCK - final pressure/veto/active/timing gate failed or signal already used
2026-09-05,02:15:32 GMT,SENTINEL V6 MULTI-WINDOW SCAN >>>
2026-09-05,02:15:32 GMT,V6.2 DIAG | 1 0 6 -0.04999999999999993 0 0.05000000000000002 0 -0.05 -0.4 0.5 6 2 1 1 0 0 4 0
2026-09-05,02:15:31 GMT,V6.2 BLOCK - final pressure/veto/active/timing gate failed or signal already used
2026-09-05,02:15:31 GMT,SENTINEL V6 MULTI-WINDOW SCAN >>>
2026-09-05,02:15:31 GMT,V6.2 DIAG | 2 0 5 -0.04999999999999993 -0.057142857142857134 0.05000000000000002 0.13333333333333333 -0.05 0.4 0.5 6 2 1 1 0 0 4 0
2026-09-05,02:15:30 GMT,V6.2 BLOCK - final pressure/veto/active/timing gate failed or signal already used
2026-09-05,02:15:30 GMT,SENTINEL V6 MULTI-WINDOW SCAN >>>
2026-09-05,02:15:30 GMT,V6.2 DIAG | 9 0 5 -0.20000000000000007 -0.028571428571428567 0.19999999999999998 0.06666666666666667 -0.30000000000000004 0.4 0.5 6 2 1 1 0 0 4 0
2026-09-05,02:15:29 GMT,V6.2 BLOCK - final pressure/veto/active/timing gate failed or signal already used
2026-09-05,02:15:29 GMT,SENTINEL V6 MULTI-WINDOW SCAN >>>
2026-09-05,02:15:29 GMT,V6.2 DIAG | 4 0 6 -0.09999999999999998 0 0.1 0 -0.30000000000000004 0.4 0 7 1 1 1 0 0 4 0
2026-09-05,02:15:28 GMT,V6.2 BLOCK - final pressure/veto/active/timing gate failed or signal already used
2026-09-05,02:15:28 GMT,SENTINEL V6 MULTI-WINDOW SCAN >>>
2026-09-05,02:15:28 GMT,V6.2 DIAG | 2 0 6 -0.09999999999999998 0 0.1 0 -0.30000000000000004 0.4 0 6 2 1 1 0 0 4 0
2026-09-05,02:15:27 GMT,V6.2 BLOCK - final pressure/veto/active/timing gate failed or signal already used
2026-09-05,02:15:27 GMT,SENTINEL V6 MULTI-WINDOW SCAN >>>
2026-09-05,02:15:27 GMT,V6.2 DIAG | 8 0 6 -0.04999999999999993 0 0.05000000000000002 0 -0.30000000000000004 0.35000000000000003 0 6 2 1 1 0 0 4 0
2026-09-05,02:15:25 GMT,V6.2 BLOCK - final pressure/veto/active/timing gate failed or signal already used
2026-09-05,02:15:25 GMT,SENTINEL V6 MULTI-WINDOW SCAN >>>
2026-09-05,02:15:25 GMT,V6.2 DIAG | 2 0 12 0.050000000000000044 0.028571428571428567 -0.04999999999999999 -0.06666666666666667 -0.30000000000000004 -0.15 0 7 1 0 0 1 0 4 0
2026-09-05,02:15:24 GMT,V6.2 BLOCK - final pressure/veto/active/timing gate failed or signal already used
2026-09-05,02:15:24 GMT,SENTINEL V6 MULTI-WINDOW SCAN >>>
2026-09-05,02:15:24 GMT,V6.2 DIAG | 5 0 6 -0.09999999999999998 0 0.1 0 0.5 -0.4 0 7 1 0 1 0 0 4 0
2026-09-05,02:15:23 GMT,V6.2 BLOCK - final pressure/veto/active/timing gate failed or signal already used
2026-09-05,02:15:23 GMT,SENTINEL V6 MULTI-WINDOW SCAN >>>
2026-09-05,02:15:23 GMT,V6.2 DIAG | 3 0 6 -0.09999999999999998 0 0.1 0 0.5 -0.4 0 7 1 0 1 0 0 4 0
2026-09-05,02:15:22 GMT,V6.2 BLOCK - final pressure/veto/active/timing gate failed or signal already used
2026-09-05,02:15:22 GMT,SENTINEL V6 MULTI-WINDOW SCAN >>>
2026-09-05,02:15:22 GMT,V6.2 DIAG | 2 0 6 -0.09999999999999998 0 0.1 0 0.5 -0.4 0 6 2 1 1 0 0 4 0
2026-09-05,02:15:21 GMT,V6.2 BLOCK - final pressure/veto/active/timing gate failed or signal already used
2026-09-05,02:15:21 GMT,SENTINEL V6 MULTI-WINDOW SCAN >>>
2026-09-05,02:15:21 GMT,V6.2 DIAG | 4 0 6 -0.09999999999999998 0 0.1 0 0.5 -0.4 0 6 2 1 1 0 0 4 0
2026-09-05,02:15:20 GMT,V6.2 BLOCK - final pressure/veto/active/timing gate failed or signal already used
2026-09-05,02:15:20 GMT,SENTINEL V6 MULTI-WINDOW SCAN >>>
2026-09-05,02:15:20 GMT,V6.2 DIAG | 7 0 6 -0.09999999999999998 0 0.1 0 0.5 -0.4 0 6 2 1 1 0 0 4 0
2026-09-05,02:15:19 GMT,V6.2 BLOCK - final pressure/veto/active/timing gate failed or signal already used
2026-09-05,02:15:19 GMT,SENTINEL V6 MULTI-WINDOW SCAN >>>
2026-09-05,02:15:19 GMT,V6.2 DIAG | 5 0 6 0 -0.028571428571428567 0 0.06666666666666667 0 0.4 0 7 1 1 1 0 0 4 0
2026-09-05,02:15:18 GMT,V6.2 BLOCK - final pressure/veto/active/timing gate failed or signal already used
2026-09-05,02:15:18 GMT,SENTINEL V6 MULTI-WINDOW SCAN >>>
2026-09-05,02:15:18 GMT,V6.2 DIAG | 1 0 8 0.050000000000000044 -0.028571428571428567 -0.04999999999999999 0.06666666666666667 0 0.4 -0.05 7 1 1 1 0 0 4 0
2026-09-05,02:15:18 GMT,Loss amount: -2.42
2026-09-05,02:15:18 GMT,V6.2 DIAG | 6 0 8 0.09999999999999998 -0.028571428571428567 -0.1 0.06666666666666667 0 0.4 -0.1 7 1 1 1 0 0 3 0
2026-09-05,02:15:17 GMT,V6.2 DIAG | 3 0 8 0.09999999999999998 -0.028571428571428567 -0.1 0.06666666666666667 0 0.4 -0.1 7 1 1 1 0 0 3 0
2026-09-05,02:15:15 GMT,V6.2 DIAG | 8 0 6 -0.04999999999999993 0 0.05000000000000002 0 0 0.15000000000000002 -0.1 7 1 1 1 0 0 3 0
2026-09-05,02:15:15 GMT,Bought: (ID: 22519949099)
2026-09-05,02:15:14 GMT,SENTINEL V6 MULTI-WINDOW SCAN >>>
2026-09-05,02:15:14 GMT,V6.2 DIAG | 2 1 12 0.09999999999999998 0.028571428571428567 -0.1 -0.06666666666666667 -0.05 -0.35000000000000003 -0.1 8 0 0 0 1 1 3 1
2026-09-05,02:15:13 GMT,V6.2 BLOCK - final pressure/veto/active/timing gate failed or signal already used
2026-09-05,02:15:13 GMT,SENTINEL V6 MULTI-WINDOW SCAN >>>
2026-09-05,02:15:13 GMT,V6.2 DIAG | 5 0 12 0.09999999999999998 0.028571428571428567 -0.1 -0.06666666666666667 -0.05 -0.35000000000000003 -0.1 7 1 1 0 1 0 3 1
2026-09-05,02:15:12 GMT,V6.2 BLOCK - final pressure/veto/active/timing gate failed or signal already used
2026-09-05,02:15:12 GMT,SENTINEL V6 MULTI-WINDOW SCAN >>>
2026-09-05,02:15:12 GMT,V6.2 DIAG | 5 0 12 0.09999999999999998 0.028571428571428567 -0.1 -0.06666666666666667 -0.05 -0.35000000000000003 -0.1 7 1 1 0 1 0 3 0
2026-09-05,02:15:11 GMT,V6.2 BLOCK - final pressure/veto/active/timing gate failed or signal already used
2026-09-05,02:15:11 GMT,SENTINEL V6 MULTI-WINDOW SCAN >>>
2026-09-05,02:15:11 GMT,V6.2 DIAG | 5 0 12 0.09999999999999998 0.028571428571428567 -0.1 -0.06666666666666667 -0.05 -0.35000000000000003 -0.1 7 1 1 0 1 0 3 0
2026-09-05,02:15:10 GMT,V6.2 BLOCK - final pressure/veto/active/timing gate failed or signal already used
2026-09-05,02:15:10 GMT,SENTINEL V6 MULTI-WINDOW SCAN >>>
2026-09-05,02:15:10 GMT,V6.2 DIAG | 2 0 8 0.15000000000000002 -0.028571428571428567 -0.15 0.06666666666666667 -0.05 0.4 -0.1 7 1 1 1 0 0 3 0
2026-09-05,02:15:09 GMT,V6.2 BLOCK - final pressure/veto/active/timing gate failed or signal already used
2026-09-05,02:15:09 GMT,SENTINEL V6 MULTI-WINDOW SCAN >>>
2026-09-05,02:15:09 GMT,V6.2 DIAG | 4 0 8 0.15000000000000002 -0.028571428571428567 -0.15 0.06666666666666667 -0.05 0.4 -0.1 7 1 1 1 0 0 3 0
2026-09-05,02:15:09 GMT,Loss amount: -2.42
2026-09-05,02:15:09 GMT,V6.2 DIAG | 0 0 8 0.15000000000000002 -0.028571428571428567 -0.15 0.06666666666666667 -0.05 0.4 -0.1 7 1 1 1 0 0 2 0
2026-09-05,02:15:08 GMT,V6.2 DIAG | 0 0 8 0.15000000000000002 -0.028571428571428567 -0.15 0.06666666666666667 -0.05 0.4 -0.1 7 1 1 1 0 0 2 0
2026-09-05,02:15:07 GMT,V6.2 DIAG | 8 0 8 0.050000000000000044 0 -0.04999999999999999 0 -0.05 0.1 -0.1 7 1 1 1 0 0 2 0
2026-09-05,02:15:06 GMT,V6.2 DIAG | 2 0 12 0.15000000000000002 0.028571428571428567 -0.15 -0.06666666666666667 -0.05 -0.4 -0.1 8 0 0 0 1 0 2 0
2026-09-05,02:15:06 GMT,Bought: (ID: 22519931119)
2026-09-05,02:15:05 GMT,SENTINEL V6 MULTI-WINDOW SCAN >>>
2026-09-05,02:15:05 GMT,V6.2 DIAG | 1 1 12 0.15000000000000002 0.028571428571428567 -0.15 -0.06666666666666667 -0.05 -0.4 -0.1 7 1 1 0 1 1 2 1
2026-09-05,02:15:04 GMT,V6.2 BLOCK - final pressure/veto/active/timing gate failed or signal already used
2026-09-05,02:15:04 GMT,SENTINEL V6 MULTI-WINDOW SCAN >>>
2026-09-05,02:15:04 GMT,V6.2 DIAG | 4 0 12 0.15000000000000002 0.028571428571428567 -0.15 -0.06666666666666667 -0.05 -0.4 -0.1 7 1 1 0 1 0 2 1
2026-09-05,02:15:03 GMT,V6.2 BLOCK - final pressure/veto/active/timing gate failed or signal already used
2026-09-05,02:15:03 GMT,SENTINEL V6 MULTI-WINDOW SCAN >>>
2026-09-05,02:15:03 GMT,V6.2 DIAG | 3 0 12 0.15000000000000002 0.028571428571428567 -0.15 -0.06666666666666667 -0.05 -0.4 -0.1 7 1 1 0 1 0 2 0
2026-09-05,02:15:02 GMT,V6.2 BLOCK - final pressure/veto/active/timing gate failed or signal already used
2026-09-05,02:15:02 GMT,SENTINEL V6 MULTI-WINDOW SCAN >>>
2026-09-05,02:15:02 GMT,V6.2 DIAG | 0 0 8 0.15000000000000002 -0.028571428571428567 -0.15 0.06666666666666667 -0.05 0.4 -0.1 7 1 1 1 0 0 2 0
2026-09-05,02:15:01 GMT,V6.2 BLOCK - final pressure/veto/active/timing gate failed or signal already used
2026-09-05,02:15:01 GMT,SENTINEL V6 MULTI-WINDOW SCAN >>>
2026-09-05,02:15:01 GMT,V6.2 DIAG | 2 0 8 0.15000000000000002 -0.028571428571428567 -0.15 0.06666666666666667 -0.05 0.4 -0.1 7 1 1 1 0 0 2 0
2026-09-05,02:15:00 GMT,V6.2 BLOCK - final pressure/veto/active/timing gate failed or signal already used
2026-09-05,02:15:00 GMT,SENTINEL V6 MULTI-WINDOW SCAN >>>
2026-09-05,02:15:00 GMT,V6.2 DIAG | 2 0 8 0.15000000000000002 -0.028571428571428567 -0.15 0.06666666666666667 -0.05 0.4 -0.1 7 1 1 1 0 0 2 0
2026-09-05,02:14:59 GMT,V6.2 BLOCK - final pressure/veto/active/timing gate failed or signal already used
2026-09-05,02:14:59 GMT,SENTINEL V6 MULTI-WINDOW SCAN >>>
2026-09-05,02:14:59 GMT,V6.2 DIAG | 0 0 6 0 0 0 0 -0.05 0.4 -0.35000000000000003 7 1 1 1 0 0 2 0
2026-09-05,02:14:58 GMT,V6.2 BLOCK - final pressure/veto/active/timing gate failed or signal already used
2026-09-05,02:14:58 GMT,SENTINEL V6 MULTI-WINDOW SCAN >>>
2026-09-05,02:14:58 GMT,V6.2 DIAG | 8 0 9 -0.10000000000000009 0.028571428571428567 0.09999999999999998 -0.06666666666666667 -0.05 0.35000000000000003 -0.6000000000000001 7 1 1 1 0 0 2 0
2026-09-05,02:14:57 GMT,V6.2 BLOCK - final pressure/veto/active/timing gate failed or signal already used
2026-09-05,02:14:57 GMT,SENTINEL V6 MULTI-WINDOW SCAN >>>
2026-09-05,02:14:57 GMT,V6.2 DIAG | 5 0 10 0 0.057142857142857134 0 -0.13333333333333333 -0.05 -0.15 -0.6000000000000001 7 1 0 0 0 0 2 0
2026-09-05,02:14:56 GMT,V6.2 BLOCK - final pressure/veto/active/timing gate failed or signal already used
2026-09-05,02:14:56 GMT,SENTINEL V6 MULTI-WINDOW SCAN >>>
2026-09-05,02:14:56 GMT,V6.2 DIAG | 2 0 10 0 0.057142857142857134 0 -0.13333333333333333 -0.05 -0.15 -0.6000000000000001 6 2 0 1 0 0 2 0
2026-09-05,02:14:55 GMT,V6.2 BLOCK - final pressure/veto/active/timing gate failed or signal already used
2026-09-05,02:14:55 GMT,SENTINEL V6 MULTI-WINDOW SCAN >>>
2026-09-05,02:14:55 GMT,V6.2 DIAG | 2 0 10 -0.10000000000000009 0.08571428571428572 0.09999999999999998 -0.2 -0.30000000000000004 -0.15 -0.65 6 2 0 1 0 0 2 0
2026-09-05,02:14:54 GMT,V6.2 BLOCK - final pressure/veto/active/timing gate failed or signal already used
2026-09-05,02:14:54 GMT,SENTINEL V6 MULTI-WINDOW SCAN >>>
2026-09-05,02:14:54 GMT,V6.2 DIAG | 4 0 9 -0.050000000000000044 0.028571428571428567 0.04999999999999999 -0.06666666666666667 -0.30000000000000004 -0.15 0.1 6 2 0 1 0 0 2 0
2026-09-05,02:14:53 GMT,V6.2 BLOCK - final pressure/veto/active/timing gate failed or signal already used
2026-09-05,02:14:53 GMT,SENTINEL V6 MULTI-WINDOW SCAN >>>
2026-09-05,02:14:53 GMT,V6.2 DIAG | 0 0 6 -0.050000000000000044 -0.028571428571428567 0.04999999999999999 0.06666666666666667 -0.30000000000000004 -0.15 0.9 5 3 0 1 0 0 2 0
2026-09-05,02:14:52 GMT,V6.2 BLOCK - final pressure/veto/active/timing gate failed or signal already used
2026-09-05,02:14:52 GMT,SENTINEL V6 MULTI-WINDOW SCAN >>>
2026-09-05,02:14:52 GMT,V6.2 DIAG | 6 0 6 0 -0.028571428571428567 0 0.06666666666666667 -0.35000000000000003 -0.15 0.9 5 3 0 1 0 0 2 0
2026-09-05,02:14:51 GMT,V6.2 BLOCK - final pressure/veto/active/timing gate failed or signal already used
2026-09-05,02:14:51 GMT,SENTINEL V6 MULTI-WINDOW SCAN >>>
2026-09-05,02:14:51 GMT,V6.2 DIAG | 5 0 6 -0.15000000000000002 0 0.15000000000000002 0 -0.35000000000000003 -0.4 0.9 5 3 0 1 0 0 2 0
2026-09-05,02:14:50 GMT,V6.2 BLOCK - final pressure/veto/active/timing gate failed or signal already used
2026-09-05,02:14:50 GMT,SENTINEL V6 MULTI-WINDOW SCAN >>>
2026-09-05,02:14:50 GMT,V6.2 DIAG | 9 0 5 -0.15000000000000002 -0.05714285714285714 0.15000000000000002 0.13333333333333336 0.45 -0.4 0.9 5 3 0 1 0 0 2 0
2026-09-05,02:14:49 GMT,V6.2 BLOCK - final pressure/veto/active/timing gate failed or signal already used
2026-09-05,02:14:49 GMT,SENTINEL V6 MULTI-WINDOW SCAN >>>
2026-09-05,02:14:49 GMT,V6.2 DIAG | 9 0 5 0 -0.028571428571428567 0 0.06666666666666667 0.4 -0.4 0.4 5 3 1 1 0 0 2 0
2026-09-05,02:14:48 GMT,V6.2 BLOCK - final pressure/veto/active/timing gate failed or signal already used
2026-09-05,02:14:48 GMT,SENTINEL V6 MULTI-WINDOW SCAN >>>
2026-09-05,02:14:48 GMT,V6.2 DIAG | 4 0 8 0.10000000000000009 0 -0.09999999999999998 0 0.4 -0.4 -0.1 6 2 1 0 0 0 2 0
2026-09-05,02:14:47 GMT,V6.2 BLOCK - final pressure/veto/active/timing gate failed or signal already used
2026-09-05,02:14:47 GMT,SENTINEL V6 MULTI-WINDOW SCAN >>>
2026-09-05,02:14:47 GMT,V6.2 DIAG | 0 0 9 -0.050000000000000044 0.028571428571428567 0.04999999999999999 -0.06666666666666667 0.4 -0.65 -0.1 6 2 1 1 0 0 2 0
2026-09-05,02:14:46 GMT,V6.2 BLOCK - final pressure/veto/active/timing gate failed or signal already used
2026-09-05,02:14:46 GMT,SENTINEL V6 MULTI-WINDOW SCAN >>>
2026-09-05,02:14:46 GMT,V6.2 DIAG | 7 0 5 -0.050000000000000044 -0.028571428571428567 0.04999999999999999 0.06666666666666667 0.4 0.15000000000000002 -0.1 6 2 1 1 0 0 2 0
2026-09-05,02:14:45 GMT,V6.2 BLOCK - final pressure/veto/active/timing gate failed or signal already used
2026-09-05,02:14:45 GMT,SENTINEL V6 MULTI-WINDOW SCAN >>>
2026-09-05,02:14:45 GMT,V6.2 DIAG | 4 0 7 0.10000000000000009 0 -0.09999999999999998 0 -0.15 0.15000000000000002 -0.1 6 2 2 1 0 0 2 0
2026-09-05,02:14:44 GMT,V6.2 BLOCK - final pressure/veto/active/timing gate failed or signal already used
2026-09-05,02:14:44 GMT,SENTINEL V6 MULTI-WINDOW SCAN >>>
2026-09-05,02:14:44 GMT,V6.2 DIAG | 0 0 7 0.10000000000000009 0 -0.09999999999999998 0 -0.15 0.15000000000000002 -0.1 6 2 2 1 0 0 2 0
2026-09-05,02:14:43 GMT,V6.2 BLOCK - final pressure/veto/active/timing gate failed or signal already used
2026-09-05,02:14:43 GMT,SENTINEL V6 MULTI-WINDOW SCAN >>>
2026-09-05,02:14:43 GMT,V6.2 DIAG | 3 0 7 0.10000000000000009 0 -0.09999999999999998 0 -0.15 0.15000000000000002 -0.1 6 2 2 1 0 0 2 0
2026-09-05,02:14:42 GMT,V6.2 BLOCK - final pressure/veto/active/timing gate failed or signal already used
2026-09-05,02:14:42 GMT,SENTINEL V6 MULTI-WINDOW SCAN >>>
2026-09-05,02:14:42 GMT,V6.2 DIAG | 8 0 7 0.10000000000000009 -0.057142857142857134 -0.09999999999999998 0.13333333333333333 -0.15 0.9500000000000001 -0.1 6 2 2 1 0 0 2 0
2026-09-05,02:14:41 GMT,V6.2 BLOCK - final pressure/veto/active/timing gate failed or signal already used
2026-09-05,02:14:41 GMT,SENTINEL V6 MULTI-WINDOW SCAN >>>
2026-09-05,02:14:41 GMT,V6.2 DIAG | 2 0 8 0.20000000000000007 -0.028571428571428567 -0.19999999999999998 0.06666666666666667 -0.15 0.45 -0.1 7 1 1 1 0 0 2 0
2026-09-05,02:14:40 GMT,V6.2 BLOCK - final pressure/veto/active/timing gate failed or signal already used
2026-09-05,02:14:40 GMT,SENTINEL V6 MULTI-WINDOW SCAN >>>
2026-09-05,02:14:40 GMT,V6.2 DIAG | 1 0 8 0.20000000000000007 -0.028571428571428567 -0.19999999999999998 0.06666666666666667 -0.15 0.45 -0.1 7 1 1 1 0 0 2 0
2026-09-05,02:14:39 GMT,V6.2 BLOCK - final pressure/veto/active/timing gate failed or signal already used
2026-09-05,02:14:39 GMT,SENTINEL V6 MULTI-WINDOW SCAN >>>
2026-09-05,02:14:39 GMT,V6.2 DIAG | 3 0 8 0.20000000000000007 -0.028571428571428567 -0.19999999999999998 0.06666666666666667 -0.15 0.45 -0.1 7 1 1 1 0 0 2 0
2026-09-05,02:14:38 GMT,V6.2 BLOCK - final pressure/veto/active/timing gate failed or signal already used
2026-09-05,02:14:38 GMT,SENTINEL V6 MULTI-WINDOW SCAN >>>
2026-09-05,02:14:38 GMT,V6.2 DIAG | 8 0 8 0.050000000000000044 0 -0.04999999999999999 0 -0.15 0.2 -0.1 7 1 1 1 0 0 2 0
2026-09-05,02:14:37 GMT,V6.2 BLOCK - final pressure/veto/active/timing gate failed or signal already used
2026-09-05,02:14:37 GMT,SENTINEL V6 MULTI-WINDOW SCAN >>>
2026-09-05,02:14:37 GMT,V6.2 DIAG | 6 0 12 0.15000000000000002 0.028571428571428567 -0.15 -0.06666666666666667 -0.15 -0.30000000000000004 -0.1 8 0 0 0 1 0 2 0
2026-09-05,02:14:36 GMT,V6.2 BLOCK - final pressure/veto/active/timing gate failed or signal already used
2026-09-05,02:14:36 GMT,SENTINEL V6 MULTI-WINDOW SCAN >>>
2026-09-05,02:14:36 GMT,V6.2 DIAG | 2 0 12 0.15000000000000002 0.028571428571428567 -0.15 -0.06666666666666667 -0.15 -0.30000000000000004 -0.1 7 1 1 0 0 0 2 0
2026-09-05,02:14:35 GMT,V6.2 BLOCK - final pressure/veto/active/timing gate failed or signal already used
2026-09-05,02:14:35 GMT,SENTINEL V6 MULTI-WINDOW SCAN >>>
2026-09-05,02:14:35 GMT,V6.2 DIAG | 6 0 12 0.050000000000000044 0.057142857142857134 -0.04999999999999999 -0.13333333333333333 -0.15 -0.35000000000000003 -0.35000000000000003 7 1 1 1 0 0 2 0
2026-09-05,02:14:34 GMT,V6.2 BLOCK - final pressure/veto/active/timing gate failed or signal already used
2026-09-05,02:14:34 GMT,SENTINEL V6 MULTI-WINDOW SCAN >>>
2026-09-05,02:14:34 GMT,V6.2 DIAG | 6 0 10 -0.10000000000000009 0.08571428571428572 0.09999999999999998 -0.2 -0.15 -0.35000000000000003 -0.6000000000000001 7 1 1 1 0 0 2 0
2026-09-05,02:14:33 GMT,V6.2 BLOCK - final pressure/veto/active/timing gate failed or signal already used
2026-09-05,02:14:33 GMT,SENTINEL V6 MULTI-WINDOW SCAN >>>
2026-09-05,02:14:33 GMT,V6.2 DIAG | 1 0 9 -0.10000000000000009 0.028571428571428567 0.09999999999999998 -0.06666666666666667 -0.15 0.45 -0.6000000000000001 6 2 1 1 0 0 2 0
2026-09-05,02:14:32 GMT,V6.2 BLOCK - final pressure/veto/active/timing gate failed or signal already used
2026-09-05,02:14:32 GMT,SENTINEL V6 MULTI-WINDOW SCAN >>>
2026-09-05,02:14:32 GMT,V6.2 DIAG | 4 0 9 -0.25 0.05714285714285714 0.25 -0.13333333333333336 -0.4 0.45 -0.6000000000000001 5 3 1 1 0 0 2 0
2026-09-05,02:14:31 GMT,V6.2 BLOCK - final pressure/veto/active/timing gate failed or signal already used
2026-09-05,02:14:31 GMT,SENTINEL V6 MULTI-WINDOW SCAN >>>
2026-09-05,02:14:31 GMT,V6.2 DIAG | 6 0 9 -0.25 0.05714285714285714 0.25 -0.13333333333333336 -0.4 0.45 -0.6000000000000001 5 3 1 1 0 0 2 0
2026-09-05,02:14:30 GMT,V6.2 BLOCK - final pressure/veto/active/timing gate failed or signal already used
2026-09-05,02:14:30 GMT,SENTINEL V6 MULTI-WINDOW SCAN >>>
2026-09-05,02:14:30 GMT,V6.2 DIAG | 4 0 3 -0.25 0 0.25 0 -0.4 0.45 0.2 4 4 1 1 0 0 2 0
2026-09-05,02:14:29 GMT,V6.2 BLOCK - final pressure/veto/active/timing gate failed or signal already used
2026-09-05,02:14:29 GMT,SENTINEL V6 MULTI-WINDOW SCAN >>>
2026-09-05,02:14:29 GMT,V6.2 DIAG | 8 0 3 -0.4 -0.028571428571428574 0.4 0.06666666666666668 -0.65 0.45 1 4 4 1 1 0 0 2 0
2026-09-05,02:14:28 GMT,V6.2 BLOCK - final pressure/veto/active/timing gate failed or signal already used
2026-09-05,02:14:28 GMT,SENTINEL V6 MULTI-WINDOW SCAN >>>
2026-09-05,02:14:28 GMT,V6.2 DIAG | 6 0 6 -0.30000000000000004 0 0.30000000000000004 0 -0.65 -0.05 1 5 3 0 1 0 0 2 0
2026-09-05,02:14:27 GMT,V6.2 BLOCK - final pressure/veto/active/timing gate failed or signal already used
2026-09-05,02:14:27 GMT,SENTINEL V6 MULTI-WINDOW SCAN >>>
2026-09-05,02:14:27 GMT,V6.2 DIAG | 1 0 3 -0.30000000000000004 -0.05714285714285714 0.30000000000000004 0.13333333333333336 0.15000000000000002 -0.05 1 4 4 0 1 0 0 2 0
2026-09-05,02:14:26 GMT,V6.2 BLOCK - final pressure/veto/active/timing gate failed or signal already used
2026-09-05,02:14:26 GMT,SENTINEL V6 MULTI-WINDOW SCAN >>>
2026-09-05,02:14:26 GMT,V6.2 DIAG | 9 0 3 -0.30000000000000004 -0.05714285714285714 0.30000000000000004 0.13333333333333336 0.15000000000000002 -0.05 1 4 4 0 1 0 0 2 0
2026-09-05,02:14:25 GMT,V6.2 BLOCK - final pressure/veto/active/timing gate failed or signal already used
2026-09-05,02:14:25 GMT,SENTINEL V6 MULTI-WINDOW SCAN >>>
2026-09-05,02:14:25 GMT,V6.2 DIAG | 9 0 6 -0.35 0 0.35000000000000003 0 -0.10000000000000003 -0.05 0.5 5 3 0 1 0 0 2 0
2026-09-05,02:14:24 GMT,V6.2 BLOCK - final pressure/veto/active/timing gate failed or signal already used
2026-09-05,02:14:24 GMT,SENTINEL V6 MULTI-WINDOW SCAN >>>
2026-09-05,02:14:24 GMT,V6.2 DIAG | 5 0 6 -0.25 -0.028571428571428567 0.25 0.06666666666666667 0.7 -0.05 0 6 2 0 1 0 0 2 0
2026-09-05,02:14:23 GMT,V6.2 BLOCK - final pressure/veto/active/timing gate failed or signal already used
2026-09-05,02:14:23 GMT,SENTINEL V6 MULTI-WINDOW SCAN >>>
2026-09-05,02:14:23 GMT,V6.2 DIAG | 7 0 6 -0.25 -0.028571428571428567 0.25 0.06666666666666667 0.7 -0.05 0 5 3 0 1 0 0 2 0
2026-09-05,02:14:22 GMT,V6.2 BLOCK - final pressure/veto/active/timing gate failed or signal already used
2026-09-05,02:14:22 GMT,SENTINEL V6 MULTI-WINDOW SCAN >>>
2026-09-05,02:14:22 GMT,V6.2 DIAG | 6 0 6 -0.1499999999999999 0 0.15000000000000002 0 0.2 -0.05 0 6 2 0 1 0 0 2 0
2026-09-05,02:14:21 GMT,V6.2 BLOCK - final pressure/veto/active/timing gate failed or signal already used
2026-09-05,02:14:21 GMT,SENTINEL V6 MULTI-WINDOW SCAN >>>
2026-09-05,02:14:21 GMT,V6.2 DIAG | 1 0 6 -0.1499999999999999 0 0.15000000000000002 0 0.2 -0.05 0 6 2 0 1 0 0 2 0
2026-09-05,02:14:20 GMT,V6.2 BLOCK - final pressure/veto/active/timing gate failed or signal already used
2026-09-05,02:14:20 GMT,SENTINEL V6 MULTI-WINDOW SCAN >>>
2026-09-05,02:14:20 GMT,V6.2 DIAG | 7 0 6 -0.1499999999999999 -0.057142857142857134 0.15000000000000002 0.13333333333333333 1 -0.05 0 6 2 0 1 0 0 2 0
2026-09-05,02:14:19 GMT,V6.2 BLOCK - final pressure/veto/active/timing gate failed or signal already used
2026-09-05,02:14:19 GMT,SENTINEL V6 MULTI-WINDOW SCAN >>>
2026-09-05,02:14:19 GMT,V6.2 DIAG | 6 0 6 0 -0.028571428571428567 0 0.06666666666666667 0.5 -0.1 0 7 1 0 0 0 0 2 0
2026-09-05,02:14:18 GMT,V6.2 BLOCK - final pressure/veto/active/timing gate failed or signal already used
2026-09-05,02:14:18 GMT,SENTINEL V6 MULTI-WINDOW SCAN >>>
2026-09-05,02:14:18 GMT,V6.2 DIAG | 2 0 8 0.050000000000000044 -0.028571428571428567 -0.04999999999999999 0.06666666666666667 0.5 -0.1 -0.05 7 1 0 0 0 0 2 0
2026-09-05,02:14:17 GMT,V6.2 BLOCK - final pressure/veto/active/timing gate failed or signal already used
2026-09-05,02:14:17 GMT,SENTINEL V6 MULTI-WINDOW SCAN >>>
2026-09-05,02:14:17 GMT,V6.2 DIAG | 6 0 8 0.050000000000000044 -0.028571428571428567 -0.04999999999999999 0.06666666666666667 0.5 -0.1 -0.05 7 1 0 1 0 0 2 0
2026-09-05,02:14:16 GMT,V6.2 BLOCK - final pressure/veto/active/timing gate failed or signal already used
2026-09-05,02:14:16 GMT,SENTINEL V6 MULTI-WINDOW SCAN >>>
2026-09-05,02:14:16 GMT,V6.2 DIAG | 7 0 8 0.09999999999999998 -0.028571428571428567 -0.1 0.06666666666666667 0.5 -0.1 -0.1 7 1 0 0 0 0 2 0
2026-09-05,02:14:15 GMT,V6.2 BLOCK - final pressure/veto/active/timing gate failed or signal already used
2026-09-05,02:14:15 GMT,SENTINEL V6 MULTI-WINDOW SCAN >>>
2026-09-05,02:14:15 GMT,V6.2 DIAG | 2 0 12 0.050000000000000044 0.028571428571428567 -0.04999999999999999 -0.06666666666666667 0 -0.35000000000000003 -0.1 8 0 0 0 1 0 2 0
2026-09-05,02:14:14 GMT,V6.2 BLOCK - final pressure/veto/active/timing gate failed or signal already used
2026-09-05,02:14:14 GMT,SENTINEL V6 MULTI-WINDOW SCAN >>>
2026-09-05,02:14:14 GMT,V6.2 DIAG | 1 0 12 0.050000000000000044 0.028571428571428567 -0.04999999999999999 -0.06666666666666667 0 -0.35000000000000003 -0.1 8 0 0 0 1 0 2 0
2026-09-05,02:14:13 GMT,V6.2 BLOCK - final pressure/veto/active/timing gate failed or signal already used
2026-09-05,02:14:13 GMT,SENTINEL V6 MULTI-WINDOW SCAN >>>
2026-09-05,02:14:13 GMT,V6.2 DIAG | 6 0 12 0.050000000000000044 0.028571428571428567 -0.04999999999999999 -0.06666666666666667 0 -0.35000000000000003 -0.1 7 1 1 0 1 0 2 0
2026-09-05,02:14:12 GMT,V6.2 BLOCK - final pressure/veto/active/timing gate failed or signal already used
2026-09-05,02:14:12 GMT,SENTINEL V6 MULTI-WINDOW SCAN >>>
2026-09-05,02:14:12 GMT,V6.2 DIAG | 4 0 12 0.050000000000000044 0.028571428571428567 -0.04999999999999999 -0.06666666666666667 0 -0.35000000000000003 -0.1 7 1 1 0 1 0 2 0
2026-09-05,02:14:11 GMT,V6.2 BLOCK - final pressure/veto/active/timing gate failed or signal already used
2026-09-05,02:14:11 GMT,SENTINEL V6 MULTI-WINDOW SCAN >>>
2026-09-05,02:14:11 GMT,V6.2 DIAG | 3 0 12 0.050000000000000044 0.028571428571428567 -0.04999999999999999 -0.06666666666666667 0 -0.35000000000000003 -0.1 7 1 1 0 1 0 2 0
2026-09-05,02:14:10 GMT,V6.2 BLOCK - final pressure/veto/active/timing gate failed or signal already used
2026-09-05,02:14:10 GMT,SENTINEL V6 MULTI-WINDOW SCAN >>>
2026-09-05,02:14:10 GMT,V6.2 DIAG | 0 0 8 0.050000000000000044 -0.028571428571428567 -0.04999999999999999 0.06666666666666667 0 0.45 -0.1 7 1 1 1 0 0 2 0
2026-09-05,02:14:09 GMT,V6.2 BLOCK - final pressure/veto/active/timing gate failed or signal already used
2026-09-05,02:14:09 GMT,SENTINEL V6 MULTI-WINDOW SCAN >>>
2026-09-05,02:14:09 GMT,V6.2 DIAG | 4 0 8 0.050000000000000044 -0.028571428571428567 -0.04999999999999999 0.06666666666666667 0 0.45 -0.1 7 1 1 1 0 0 2 0
2026-09-05,02:14:08 GMT,V6.2 BLOCK - final pressure/veto/active/timing gate failed or signal already used
2026-09-05,02:14:08 GMT,SENTINEL V6 MULTI-WINDOW SCAN >>>
2026-09-05,02:14:08 GMT,V6.2 DIAG | 1 0 8 0.050000000000000044 -0.028571428571428567 -0.04999999999999999 0.06666666666666667 0 0.45 -0.1 7 1 1 1 0 0 2 0
2026-09-05,02:14:07 GMT,V6.2 BLOCK - final pressure/veto/active/timing gate failed or signal already used
2026-09-05,02:14:07 GMT,SENTINEL V6 MULTI-WINDOW SCAN >>>
2026-09-05,02:14:07 GMT,V6.2 DIAG | 0 0 8 0.050000000000000044 -0.028571428571428567 -0.04999999999999999 0.06666666666666667 0 0.45 -0.1 7 1 1 1 0 0 2 0
2026-09-05,02:14:06 GMT,V6.2 BLOCK - final pressure/veto/active/timing gate failed or signal already used
2026-09-05,02:14:06 GMT,SENTINEL V6 MULTI-WINDOW SCAN >>>
2026-09-05,02:14:06 GMT,V6.2 DIAG | 8 0 8 0.050000000000000044 -0.028571428571428567 -0.04999999999999999 0.06666666666666667 0 0.45 -0.1 7 1 1 1 0 0 2 0
2026-09-05,02:14:05 GMT,V6.2 BLOCK - final pressure/veto/active/timing gate failed or signal already used
2026-09-05,02:14:05 GMT,SENTINEL V6 MULTI-WINDOW SCAN >>>
2026-09-05,02:14:05 GMT,V6.2 DIAG | 3 0 9 0.15000000000000002 0 -0.15 0 0 -0.05 -0.1 8 0 0 0 0 0 2 0
2026-09-05,02:14:04 GMT,V6.2 BLOCK - final pressure/veto/active/timing gate failed or signal already used
2026-09-05,02:14:04 GMT,SENTINEL V6 MULTI-WINDOW SCAN >>>
2026-09-05,02:14:04 GMT,V6.2 DIAG | 6 1 9 0.15000000000000002 0 -0.15 0 0 -0.05 -0.1 8 0 0 1 0 0 2 0
2026-09-05,02:14:03 GMT,V6.2 BLOCK - final pressure/veto/active/timing gate failed or signal already used
2026-09-05,02:14:03 GMT,SENTINEL V6 MULTI-WINDOW SCAN >>>
2026-09-05,02:14:03 GMT,V6.2 DIAG | 4 1 9 0.19999999999999996 0 -0.2 0 0 -0.05 -0.15 8 0 0 0 0 0 2 1
2026-09-05,02:14:02 GMT,V6.2 BLOCK - final pressure/veto/active/timing gate failed or signal already used
2026-09-05,02:14:02 GMT,SENTINEL V6 MULTI-WINDOW SCAN >>>
2026-09-05,02:14:02 GMT,V6.2 DIAG | 4 0 9 0.19999999999999996 0 -0.2 0 0 -0.05 -0.15 8 0 0 0 0 0 2 1
2026-09-05,02:14:01 GMT,V6.2 BLOCK - final pressure/veto/active/timing gate failed or signal already used
2026-09-05,02:14:01 GMT,SENTINEL V6 MULTI-WINDOW SCAN >>>
2026-09-05,02:14:01 GMT,V6.2 DIAG | 6 0 9 0.19999999999999996 0 -0.2 0 0 -0.05 -0.15 8 0 0 0 0 0 2 0
2026-09-05,02:14:00 GMT,V6.2 BLOCK - final pressure/veto/active/timing gate failed or signal already used
2026-09-05,02:14:00 GMT,SENTINEL V6 MULTI-WINDOW SCAN >>>
2026-09-05,02:14:00 GMT,V6.2 DIAG | 2 0 9 0.19999999999999996 0 -0.2 0 0 -0.05 -0.15 8 0 0 0 0 0 2 0
2026-09-05,02:13:59 GMT,V6.2 BLOCK - final pressure/veto/active/timing gate failed or signal already used
2026-09-05,02:13:59 GMT,SENTINEL V6 MULTI-WINDOW SCAN >>>
2026-09-05,02:13:59 GMT,V6.2 DIAG | 1 0 12 0.050000000000000044 0.028571428571428567 -0.04999999999999999 -0.06666666666666667 0 -0.30000000000000004 -0.15 8 0 0 1 0 0 2 0
2026-09-05,02:13:58 GMT,V6.2 BLOCK - final pressure/veto/active/timing gate failed or signal already used
2026-09-05,02:13:58 GMT,SENTINEL V6 MULTI-WINDOW SCAN >>>
2026-09-05,02:13:58 GMT,V6.2 DIAG | 5 0 10 -0.09999999999999998 0.057142857142857134 0.1 -0.13333333333333333 0 -0.30000000000000004 -0.4 8 0 0 1 0 0 2 0
2026-09-05,02:13:57 GMT,V6.2 BLOCK - final pressure/veto/active/timing gate failed or signal already used
2026-09-05,02:13:57 GMT,SENTINEL V6 MULTI-WINDOW SCAN >>>
2026-09-05,02:13:57 GMT,V6.2 DIAG | 5 0 10 -0.09999999999999998 0.057142857142857134 0.1 -0.13333333333333333 0 -0.30000000000000004 -0.4 7 1 1 1 0 0 2 0
2026-09-05,02:13:56 GMT,V6.2 BLOCK - final pressure/veto/active/timing gate failed or signal already used
2026-09-05,02:13:56 GMT,SENTINEL V6 MULTI-WINDOW SCAN >>>
2026-09-05,02:13:56 GMT,V6.2 DIAG | 2 0 10 -0.25 0.08571428571428572 0.25 -0.2 0 -0.30000000000000004 -0.65 6 2 1 1 0 0 2 0
2026-09-05,02:13:55 GMT,V6.2 BLOCK - final pressure/veto/active/timing gate failed or signal already used
2026-09-05,02:13:55 GMT,SENTINEL V6 MULTI-WINDOW SCAN >>>
2026-09-05,02:13:55 GMT,V6.2 DIAG | 3 0 10 -0.25 0.08571428571428572 0.25 -0.2 0 -0.30000000000000004 -0.65 6 2 1 1 0 0 2 0
2026-09-05,02:13:54 GMT,V6.2 BLOCK - final pressure/veto/active/timing gate failed or signal already used
2026-09-05,02:13:54 GMT,SENTINEL V6 MULTI-WINDOW SCAN >>>
2026-09-05,02:13:54 GMT,V6.2 DIAG | 6 0 9 -0.25 0.028571428571428567 0.25 -0.06666666666666667 0 0.5 -0.65 5 3 1 1 0 0 2 0
2026-09-05,02:13:53 GMT,V6.2 BLOCK - final pressure/veto/active/timing gate failed or signal already used
2026-09-05,02:13:53 GMT,SENTINEL V6 MULTI-WINDOW SCAN >>>
2026-09-05,02:13:53 GMT,V6.2 DIAG | 6 0 5 -0.25 -0.028571428571428567 0.25 0.06666666666666667 0 0.5 0.15000000000000002 5 3 1 1 0 0 2 0
2026-09-05,02:13:52 GMT,V6.2 BLOCK - final pressure/veto/active/timing gate failed or signal already used
2026-09-05,02:13:52 GMT,SENTINEL V6 MULTI-WINDOW SCAN >>>
2026-09-05,02:13:52 GMT,V6.2 DIAG | 6 0 5 -0.25 -0.028571428571428567 0.25 0.06666666666666667 0 0.5 0.15000000000000002 5 3 1 1 0 0 2 0
2026-09-05,02:13:51 GMT,V6.2 BLOCK - final pressure/veto/active/timing gate failed or signal already used
2026-09-05,02:13:51 GMT,SENTINEL V6 MULTI-WINDOW SCAN >>>
2026-09-05,02:13:51 GMT,V6.2 DIAG | 3 0 5 -0.20000000000000007 -0.08571428571428572 0.19999999999999998 0.2 0 0.5 0.9 5 3 1 1 0 0 2 0
2026-09-05,02:13:50 GMT,V6.2 BLOCK - final pressure/veto/active/timing gate failed or signal already used
2026-09-05,02:13:50 GMT,SENTINEL V6 MULTI-WINDOW SCAN >>>
2026-09-05,02:13:50 GMT,V6.2 DIAG | 8 0 5 -0.20000000000000007 -0.08571428571428572 0.19999999999999998 0.2 0 0.5 0.9 5 3 1 1 0 0 2 0
2026-09-05,02:13:49 GMT,V6.2 BLOCK - final pressure/veto/active/timing gate failed or signal already used
2026-09-05,02:13:49 GMT,SENTINEL V6 MULTI-WINDOW SCAN >>>
2026-09-05,02:13:49 GMT,V6.2 DIAG | 9 0 6 -0.09999999999999998 -0.057142857142857134 0.1 0.13333333333333333 0 0 0.9 6 2 0 1 0 0 2 0
2026-09-05,02:13:48 GMT,V6.2 BLOCK - final pressure/veto/active/timing gate failed or signal already used
2026-09-05,02:13:48 GMT,SENTINEL V6 MULTI-WINDOW SCAN >>>
2026-09-05,02:13:48 GMT,V6.2 DIAG | 5 0 8 0.050000000000000044 -0.028571428571428567 -0.04999999999999999 0.06666666666666667 0 0 0.35000000000000003 7 1 0 1 0 0 2 0
2026-09-05,02:13:47 GMT,V6.2 BLOCK - final pressure/veto/active/timing gate failed or signal already used
2026-09-05,02:13:47 GMT,SENTINEL V6 MULTI-WINDOW SCAN >>>
2026-09-05,02:13:47 GMT,V6.2 DIAG | 9 0 8 0.09999999999999998 -0.028571428571428567 -0.1 0.06666666666666667 0 -0.05 0.35000000000000003 7 1 0 1 0 0 2 0
2026-09-05,02:13:46 GMT,V6.2 BLOCK - final pressure/veto/active/timing gate failed or signal already used
2026-09-05,02:13:46 GMT,SENTINEL V6 MULTI-WINDOW SCAN >>>
2026-09-05,02:13:46 GMT,V6.2 DIAG | 3 1 9 0.25 0 -0.25 0 0 -0.05 -0.2 8 0 0 0 0 0 2 1
2026-09-05,02:13:45 GMT,V6.2 BLOCK - final pressure/veto/active/timing gate failed or signal already used
2026-09-05,02:13:45 GMT,SENTINEL V6 MULTI-WINDOW SCAN >>>
2026-09-05,02:13:45 GMT,V6.2 DIAG | 5 1 9 0.25 0 -0.25 0 0 -0.05 -0.2 8 0 0 0 0 0 2 1
2026-09-05,02:13:44 GMT,V6.2 BLOCK - final pressure/veto/active/timing gate failed or signal already used
2026-09-05,02:13:44 GMT,SENTINEL V6 MULTI-WINDOW SCAN >>>
2026-09-05,02:13:44 GMT,V6.2 DIAG | 4 1 9 0.25 0 -0.25 0 0 -0.05 -0.2 8 0 0 0 0 0 2 1
2026-09-05,02:13:43 GMT,V6.2 BLOCK - final pressure/veto/active/timing gate failed or signal already used
2026-09-05,02:13:43 GMT,SENTINEL V6 MULTI-WINDOW SCAN >>>
2026-09-05,02:13:43 GMT,V6.2 DIAG | 3 0 12 0.09999999999999998 0.028571428571428567 -0.1 -0.06666666666666667 0 -0.05 -0.45 8 0 0 0 1 0 2 1
2026-09-05,02:13:42 GMT,V6.2 BLOCK - final pressure/veto/active/timing gate failed or signal already used
2026-09-05,02:13:42 GMT,SENTINEL V6 MULTI-WINDOW SCAN >>>
2026-09-05,02:13:42 GMT,V6.2 DIAG | 3 0 12 0.09999999999999998 0.028571428571428567 -0.1 -0.06666666666666667 0 -0.05 -0.45 8 0 0 0 1 0 2 0
2026-09-05,02:13:41 GMT,V6.2 BLOCK - final pressure/veto/active/timing gate failed or signal already used
2026-09-05,02:13:41 GMT,SENTINEL V6 MULTI-WINDOW SCAN >>>
2026-09-05,02:13:41 GMT,V6.2 DIAG | 2 0 12 0.09999999999999998 0.028571428571428567 -0.1 -0.06666666666666667 0 -0.05 -0.45 7 1 0 0 1 0 2 0
2026-09-05,02:13:40 GMT,V6.2 BLOCK - final pressure/veto/active/timing gate failed or signal already used
2026-09-05,02:13:40 GMT,SENTINEL V6 MULTI-WINDOW SCAN >>>
2026-09-05,02:13:40 GMT,V6.2 DIAG | 2 0 12 0.15000000000000002 0.028571428571428567 -0.15 -0.06666666666666667 0 -0.05 -0.5 7 1 0 0 1 0 2 0
2026-09-05,02:13:39 GMT,V6.2 BLOCK - final pressure/veto/active/timing gate failed or signal already used
2026-09-05,02:13:39 GMT,SENTINEL V6 MULTI-WINDOW SCAN >>>
2026-09-05,02:13:39 GMT,V6.2 DIAG | 3 0 12 0.20000000000000007 0.028571428571428567 -0.19999999999999998 -0.06666666666666667 0 -0.05 -0.55 7 1 0 0 1 0 2 0
2026-09-05,02:13:38 GMT,V6.2 BLOCK - final pressure/veto/active/timing gate failed or signal already used
2026-09-05,02:13:38 GMT,SENTINEL V6 MULTI-WINDOW SCAN >>>
2026-09-05,02:13:38 GMT,V6.2 DIAG | 4 0 8 0.20000000000000007 -0.028571428571428567 -0.19999999999999998 0.06666666666666667 0 -0.05 0.25 7 1 0 0 0 0 2 0
2026-09-05,02:13:37 GMT,V6.2 BLOCK - final pressure/veto/active/timing gate failed or signal already used
2026-09-05,02:13:37 GMT,SENTINEL V6 MULTI-WINDOW SCAN >>>
2026-09-05,02:13:37 GMT,V6.2 DIAG | 4 0 8 0.25 -0.028571428571428567 -0.24999999999999997 0.06666666666666667 -0.05 -0.05 0.25 7 1 0 0 0 0 2 0
2026-09-05,02:13:36 GMT,V6.2 BLOCK - final pressure/veto/active/timing gate failed or signal already used
2026-09-05,02:13:36 GMT,SENTINEL V6 MULTI-WINDOW SCAN >>>
2026-09-05,02:13:36 GMT,V6.2 DIAG | 4 0 8 0.25 -0.028571428571428567 -0.24999999999999997 0.06666666666666667 -0.05 -0.05 0.25 7 1 0 1 0 0 2 0
2026-09-05,02:13:35 GMT,V6.2 BLOCK - final pressure/veto/active/timing gate failed or signal already used
2026-09-05,02:13:35 GMT,SENTINEL V6 MULTI-WINDOW SCAN >>>
2026-09-05,02:13:35 GMT,V6.2 DIAG | 4 0 8 0.30000000000000004 -0.028571428571428567 -0.30000000000000004 0.06666666666666667 -0.05 -0.05 0.20000000000000004 7 1 0 0 0 0 2 0
2026-09-05,02:13:34 GMT,V6.2 BLOCK - final pressure/veto/active/timing gate failed or signal already used
2026-09-05,02:13:34 GMT,SENTINEL V6 MULTI-WINDOW SCAN >>>
2026-09-05,02:13:34 GMT,V6.2 DIAG | 9 0 8 0.30000000000000004 -0.028571428571428567 -0.30000000000000004 0.06666666666666667 -0.05 -0.05 0.20000000000000004 7 1 0 1 0 0 2 0
2026-09-05,02:13:33 GMT,V6.2 BLOCK - final pressure/veto/active/timing gate failed or signal already used
2026-09-05,02:13:33 GMT,SENTINEL V6 MULTI-WINDOW SCAN >>>
2026-09-05,02:13:33 GMT,V6.2 DIAG | 5 0 9 0.4 0 -0.4 0 -0.05 -0.05 -0.3 8 0 0 0 0 0 2 0
2026-09-05,02:13:32 GMT,V6.2 BLOCK - final pressure/veto/active/timing gate failed or signal already used
2026-09-05,02:13:32 GMT,SENTINEL V6 MULTI-WINDOW SCAN >>>
2026-09-05,02:13:32 GMT,V6.2 DIAG | 0 0 9 0.44999999999999996 0 -0.45 0 -0.1 -0.05 -0.3 8 0 0 0 0 0 2 0
2026-09-05,02:13:31 GMT,V6.2 BLOCK - final pressure/veto/active/timing gate failed or signal already used
2026-09-05,02:13:31 GMT,SENTINEL V6 MULTI-WINDOW SCAN >>>
2026-09-05,02:13:31 GMT,V6.2 DIAG | 6 1 12 0.30000000000000004 0.028571428571428567 -0.30000000000000004 -0.06666666666666667 -0.1 -0.05 -0.55 8 0 0 0 1 0 2 0
2026-09-05,02:13:30 GMT,V6.2 BLOCK - final pressure/veto/active/timing gate failed or signal already used
2026-09-05,02:13:30 GMT,SENTINEL V6 MULTI-WINDOW SCAN >>>
2026-09-05,02:13:30 GMT,V6.2 DIAG | 6 0 12 0.35 0.028571428571428567 -0.35 -0.06666666666666667 -0.15 -0.05 -0.55 8 0 0 0 1 0 2 1
2026-09-05,02:13:29 GMT,V6.2 BLOCK - final pressure/veto/active/timing gate failed or signal already used
2026-09-05,02:13:29 GMT,SENTINEL V6 MULTI-WINDOW SCAN >>>
2026-09-05,02:13:29 GMT,V6.2 DIAG | 0 0 12 0.35 0.028571428571428567 -0.35 -0.06666666666666667 -0.15 -0.05 -0.55 7 1 0 0 0 0 2 0
2026-09-05,02:13:28 GMT,V6.2 BLOCK - final pressure/veto/active/timing gate failed or signal already used
2026-09-05,02:13:28 GMT,SENTINEL V6 MULTI-WINDOW SCAN >>>
2026-09-05,02:13:28 GMT,V6.2 DIAG | 6 0 12 0.20000000000000007 0.057142857142857134 -0.2 -0.13333333333333333 -0.15 -0.05 -0.8 7 1 0 0 0 0 2 0
2026-09-05,02:13:27 GMT,V6.2 BLOCK - final pressure/veto/active/timing gate failed or signal already used
2026-09-05,02:13:27 GMT,SENTINEL V6 MULTI-WINDOW SCAN >>>
2026-09-05,02:13:27 GMT,V6.2 DIAG | 2 0 11 0.04999999999999993 0.08571428571428572 -0.04999999999999999 -0.2 -0.15 -0.30000000000000004 -0.8 7 1 0 0 0 0 2 0
2026-09-05,02:13:26 GMT,V6.2 BLOCK - final pressure/veto/active/timing gate failed or signal already used
2026-09-05,02:13:26 GMT,SENTINEL V6 MULTI-WINDOW SCAN >>>
2026-09-05,02:13:26 GMT,V6.2 DIAG | 2 0 10 -0.050000000000000044 0.05714285714285714 0.050000000000000044 -0.13333333333333336 -0.15 -0.30000000000000004 -0.30000000000000004 6 2 0 1 0 0 2 0
2026-09-05,02:13:25 GMT,V6.2 BLOCK - final pressure/veto/active/timing gate failed or signal already used
2026-09-05,02:13:25 GMT,SENTINEL V6 MULTI-WINDOW SCAN >>>
2026-09-05,02:13:25 GMT,V6.2 DIAG | 6 0 10 -0.050000000000000044 0.05714285714285714 0.050000000000000044 -0.13333333333333336 -0.15 -0.30000000000000004 -0.30000000000000004 5 3 1 1 0 0 2 0
2026-09-05,02:13:24 GMT,V6.2 BLOCK - final pressure/veto/active/timing gate failed or signal already used
2026-09-05,02:13:24 GMT,SENTINEL V6 MULTI-WINDOW SCAN >>>
2026-09-05,02:13:24 GMT,V6.2 DIAG | 4 0 8 -0.050000000000000044 0.05714285714285714 0.050000000000000044 -0.13333333333333336 -0.15 -0.30000000000000004 -0.30000000000000004 4 4 1 1 0 0 2 0
2026-09-05,02:13:23 GMT,V6.2 BLOCK - final pressure/veto/active/timing gate failed or signal already used
2026-09-05,02:13:23 GMT,SENTINEL V6 MULTI-WINDOW SCAN >>>
2026-09-05,02:13:23 GMT,V6.2 DIAG | 0 0 4 0 0 0 0 -0.2 -0.30000000000000004 0.5 4 4 1 0 0 0 2 0
2026-09-05,02:13:22 GMT,V6.2 BLOCK - final pressure/veto/active/timing gate failed or signal already used
2026-09-05,02:13:22 GMT,SENTINEL V6 MULTI-WINDOW SCAN >>>
2026-09-05,02:13:22 GMT,V6.2 DIAG | 9 0 4 0.04999999999999993 -0.05714285714285714 -0.04999999999999999 0.13333333333333336 -0.2 0.45 0.5 4 4 1 1 0 0 2 0
2026-09-05,02:13:22 GMT,V6.2 BLOCK - final pressure/veto/active/timing gate failed or signal already used
2026-09-05,02:13:22 GMT,SENTINEL V6 MULTI-WINDOW SCAN >>>
2026-09-05,02:13:22 GMT,V6.2 DIAG | 5 0 7 0.19999999999999996 -0.08571428571428572 -0.2 0.2 -0.2 0.4 0.8 5 3 1 1 0 0 2 0
2026-09-05,02:13:20 GMT,V6.2 BLOCK - final pressure/veto/active/timing gate failed or signal already used
2026-09-05,02:13:20 GMT,SENTINEL V6 MULTI-WINDOW SCAN >>>
2026-09-05,02:13:20 GMT,V6.2 DIAG | 5 0 7 0.09999999999999998 -0.05714285714285714 -0.09999999999999998 0.13333333333333336 -0.25 0.4 0.55 5 3 1 1 0 0 2 0
2026-09-05,02:13:19 GMT,V6.2 BLOCK - final pressure/veto/active/timing gate failed or signal already used
2026-09-05,02:13:19 GMT,SENTINEL V6 MULTI-WINDOW SCAN >>>
2026-09-05,02:13:19 GMT,V6.2 DIAG | 9 0 5 -0.050000000000000044 -0.028571428571428574 0.04999999999999999 0.06666666666666668 -0.25 0.4 0.30000000000000004 5 3 1 1 0 0 2 0
2026-09-05,02:13:18 GMT,V6.2 BLOCK - final pressure/veto/active/timing gate failed or signal already used
2026-09-05,02:13:18 GMT,SENTINEL V6 MULTI-WINDOW SCAN >>>
2026-09-05,02:13:18 GMT,V6.2 DIAG | 8 0 7 0.04999999999999993 0 -0.04999999999999999 0 -0.25 0.4 -0.20000000000000004 5 3 1 1 0 0 2 0
2026-09-05,02:13:17 GMT,V6.2 BLOCK - final pressure/veto/active/timing gate failed or signal already used
2026-09-05,02:13:17 GMT,SENTINEL V6 MULTI-WINDOW SCAN >>>
2026-09-05,02:13:17 GMT,V6.2 DIAG | 9 0 11 0.04999999999999993 0.05714285714285714 -0.04999999999999999 -0.13333333333333336 -0.5 -0.1 -0.25 5 3 0 1 0 0 2 0
2026-09-05,02:13:15 GMT,V6.2 BLOCK - final pressure/veto/active/timing gate failed or signal already used
2026-09-05,02:13:15 GMT,SENTINEL V6 MULTI-WINDOW SCAN >>>
2026-09-05,02:13:15 GMT,V6.2 DIAG | 3 0 12 0.1499999999999999 0.08571428571428572 -0.15000000000000002 -0.2 -0.5 -0.1 -0.75 6 2 0 0 1 0 2 0
2026-09-05,02:13:14 GMT,V6.2 BLOCK - final pressure/veto/active/timing gate failed or signal already used
2026-09-05,02:13:14 GMT,SENTINEL V6 MULTI-WINDOW SCAN >>>
2026-09-05,02:13:14 GMT,V6.2 DIAG | 2 0 10 0 0.05714285714285714 0 -0.13333333333333336 -0.5 -0.1 -0.20000000000000004 5 3 0 0 0 0 2 0
2026-09-05,02:13:14 GMT,V6.2 BLOCK - final pressure/veto/active/timing gate failed or signal already used
2026-09-05,02:13:14 GMT,SENTINEL V6 MULTI-WINDOW SCAN >>>
2026-09-05,02:13:14 GMT,V6.2 DIAG | 0 0 7 0.04999999999999993 0 -0.04999999999999999 0 -0.55 -0.1 0.6 5 3 0 0 0 0 2 0
2026-09-05,02:12:51 GMT,V6.2 BLOCK - final pressure/veto/active/timing gate failed or signal already used
2026-09-05,02:12:51 GMT,SENTINEL V6 MULTI-WINDOW SCAN >>>
2026-09-05,02:12:51 GMT,V6.2 DIAG | 0 0 6 0.09999999999999998 0 -0.09999999999999998 0 -0.55 -0.1 0.55 4 4 0 0 0 0 2 0
2026-09-05,02:12:50 GMT,V6.2 BLOCK - final pressure/veto/active/timing gate failed or signal already used
2026-09-05,02:12:50 GMT,SENTINEL V6 MULTI-WINDOW SCAN >>>
2026-09-05,02:12:50 GMT,V6.2 DIAG | 4 0 4 -0.050000000000000044 -0.028571428571428574 0.04999999999999999 0.06666666666666668 0 -0.1 0.55 4 4 0 1 0 0 2 0
2026-09-05,02:12:50 GMT,V6.2 BLOCK - final pressure/veto/active/timing gate failed or signal already used
2026-09-05,02:12:50 GMT,SENTINEL V6 MULTI-WINDOW SCAN >>>
2026-09-05,02:12:50 GMT,V6.2 DIAG | 9 0 4 -0.050000000000000044 -0.028571428571428574 0.04999999999999999 0.06666666666666668 0 -0.1 0.55 4 4 0 1 0 0 2 0
2026-09-05,02:12:50 GMT,V6.2 BLOCK - final pressure/veto/active/timing gate failed or signal already used
2026-09-05,02:12:50 GMT,SENTINEL V6 MULTI-WINDOW SCAN >>>
2026-09-05,02:12:50 GMT,V6.2 DIAG | 9 0 4 -0.09999999999999998 -0.028571428571428574 0.09999999999999998 0.06666666666666668 -0.25 -0.1 0.8500000000000001 4 4 0 1 0 0 2 0
2026-09-05,02:12:50 GMT,V6.2 BLOCK - final pressure/veto/active/timing gate failed or signal already used
2026-09-05,02:12:50 GMT,SENTINEL V6 MULTI-WINDOW SCAN >>>
2026-09-05,02:12:50 GMT,V6.2 DIAG | 5 0 6 0 0 0 0 -0.25 -0.1 0.35000000000000003 5 3 0 0 0 0 2 0
2026-09-05,02:12:49 GMT,V6.2 BLOCK - final pressure/veto/active/timing gate failed or signal already used
2026-09-05,02:12:49 GMT,SENTINEL V6 MULTI-WINDOW SCAN >>>
2026-09-05,02:12:49 GMT,V6.2 DIAG | 7 0 5 0.04999999999999993 0 -0.04999999999999999 0 -0.25 -0.15 0.35000000000000003 4 4 0 1 0 0 2 0
2026-09-05,02:12:49 GMT,V6.2 BLOCK - final pressure/veto/active/timing gate failed or signal already used
2026-09-05,02:12:49 GMT,SENTINEL V6 MULTI-WINDOW SCAN >>>
2026-09-05,02:12:49 GMT,V6.2 DIAG | 4 0 8 0.19999999999999996 -0.028571428571428567 -0.2 0.06666666666666667 0 -0.15 0.35000000000000003 5 3 0 0 0 0 2 0
2026-09-05,02:12:49 GMT,V6.2 BLOCK - final pressure/veto/active/timing gate failed or signal already used
2026-09-05,02:12:49 GMT,SENTINEL V6 MULTI-WINDOW SCAN >>>
2026-09-05,02:12:49 GMT,V6.2 DIAG | 9 0 8 0.09999999999999998 0 -0.09999999999999998 0 0 -0.2 0.1 5 3 0 1 0 0 2 0
2026-09-05,02:12:49 GMT,V6.2 BLOCK - final pressure/veto/active/timing gate failed or signal already used
2026-09-05,02:12:49 GMT,SENTINEL V6 MULTI-WINDOW SCAN >>>
2026-09-05,02:12:49 GMT,V6.2 DIAG | 0 0 8 0.19999999999999996 -0.028571428571428567 -0.2 0.06666666666666667 0.8 -0.2 -0.4 6 2 0 0 0 0 2 0
2026-09-05,02:12:49 GMT,V6.2 BLOCK - final pressure/veto/active/timing gate failed or signal already used
2026-09-05,02:12:49 GMT,SENTINEL V6 MULTI-WINDOW SCAN >>>
2026-09-05,02:12:49 GMT,V6.2 DIAG | 1 0 8 0.19999999999999996 -0.028571428571428567 -0.2 0.06666666666666667 0.8 -0.2 -0.4 5 3 0 0 0 0 2 0
2026-09-05,02:12:49 GMT,V6.2 BLOCK - final pressure/veto/active/timing gate failed or signal already used
2026-09-05,02:12:49 GMT,SENTINEL V6 MULTI-WINDOW SCAN >>>
2026-09-05,02:12:49 GMT,V6.2 DIAG | 7 0 7 0.04999999999999993 0 -0.04999999999999999 0 0.55 -0.2 -0.4 5 3 0 1 0 0 2 0
2026-09-05,02:12:49 GMT,V6.2 BLOCK - final pressure/veto/active/timing gate failed or signal already used
2026-09-05,02:12:49 GMT,SENTINEL V6 MULTI-WINDOW SCAN >>>
2026-09-05,02:12:49 GMT,V6.2 DIAG | 5 0 11 0.04999999999999993 0.05714285714285714 -0.04999999999999999 -0.13333333333333336 0 -0.45 -0.4 6 2 0 0 0 0 2 0
2026-09-05,02:12:49 GMT,V6.2 BLOCK - final pressure/veto/active/timing gate failed or signal already used
2026-09-05,02:12:49 GMT,SENTINEL V6 MULTI-WINDOW SCAN >>>
2026-09-05,02:12:49 GMT,V6.2 DIAG | 7 0 9 -0.050000000000000044 0.028571428571428574 0.04999999999999999 -0.06666666666666668 0 -0.7000000000000001 0.35000000000000003 5 3 0 1 0 0 2 0
2026-09-05,02:12:49 GMT,V6.2 BLOCK - final pressure/veto/active/timing gate failed or signal already used
2026-09-05,02:12:49 GMT,SENTINEL V6 MULTI-WINDOW SCAN >>>
2026-09-05,02:12:49 GMT,V6.2 DIAG | 1 0 9 -0.050000000000000044 0.08571428571428572 0.04999999999999999 -0.2 -0.8 -0.7000000000000001 0.35000000000000003 5 3 1 1 0 0 2 0
2026-09-05,02:12:49 GMT,V6.2 BLOCK - final pressure/veto/active/timing gate failed or signal already used
2026-09-05,02:12:49 GMT,SENTINEL V6 MULTI-WINDOW SCAN >>>
2026-09-05,02:12:49 GMT,V6.2 DIAG | 2 0 6 0 0.08571428571428572 0 -0.2 -0.8 -0.75 0.35000000000000003 4 4 2 0 0 0 2 0
2026-09-05,02:12:48 GMT,V6.2 BLOCK - final pressure/veto/active/timing gate failed or signal already used
2026-09-05,02:12:48 GMT,SENTINEL V6 MULTI-WINDOW SCAN >>>
2026-09-05,02:12:48 GMT,V6.2 DIAG | 2 0 6 0 0.028571428571428574 0 -0.06666666666666668 0 -0.75 0.35000000000000003 3 5 2 0 0 0 2 0
2026-09-05,02:12:48 GMT,V6.2 BLOCK - final pressure/veto/active/timing gate failed or signal already used
2026-09-05,02:12:48 GMT,SENTINEL V6 MULTI-WINDOW SCAN >>>
2026-09-05,02:12:48 GMT,V6.2 DIAG | 9 0 1 -0.15000000000000002 0 0.14999999999999997 0 0 0.05000000000000002 0.1 3 5 2 1 0 0 2 0
2026-09-05,02:12:48 GMT,V6.2 BLOCK - final pressure/veto/active/timing gate failed or signal already used
2026-09-05,02:12:48 GMT,SENTINEL V6 MULTI-WINDOW SCAN >>>
2026-09-05,02:12:48 GMT,V6.2 DIAG | 3 0 3 -0.050000000000000044 -0.028571428571428574 0.04999999999999999 0.06666666666666668 0 0.8500000000000001 -0.4 4 4 2 1 0 0 2 0
2026-09-05,02:12:48 GMT,V6.2 BLOCK - final pressure/veto/active/timing gate failed or signal already used
2026-09-05,02:12:48 GMT,SENTINEL V6 MULTI-WINDOW SCAN >>>
2026-09-05,02:12:48 GMT,V6.2 DIAG | 3 0 2 -0.050000000000000044 -0.08571428571428572 0.04999999999999999 0.2 0.8 0.8500000000000001 -0.4 3 5 2 1 0 0 2 0
2026-09-05,02:12:48 GMT,V6.2 BLOCK - final pressure/veto/active/timing gate failed or signal already used
2026-09-05,02:12:48 GMT,SENTINEL V6 MULTI-WINDOW SCAN >>>
2026-09-05,02:12:48 GMT,V6.2 DIAG | 7 0 1 -0.19999999999999996 -0.05714285714285715 0.19999999999999996 0.13333333333333333 0.55 0.8500000000000001 -0.4 3 5 2 1 0 0 2 0
2026-09-05,02:12:48 GMT,V6.2 BLOCK - final pressure/veto/active/timing gate failed or signal already used
2026-09-05,02:12:48 GMT,SENTINEL V6 MULTI-WINDOW SCAN >>>
2026-09-05,02:12:48 GMT,V6.2 DIAG | 8 0 2 -0.19999999999999996 0 0.19999999999999996 0 0 0.8500000000000001 -0.65 4 4 2 1 0 0 2 0
2026-09-05,02:12:48 GMT,V6.2 BLOCK - final pressure/veto/active/timing gate failed or signal already used
2026-09-05,02:12:48 GMT,SENTINEL V6 MULTI-WINDOW SCAN >>>
2026-09-05,02:12:48 GMT,V6.2 DIAG | 8 0 3 -0.09999999999999998 -0.028571428571428574 0.09999999999999998 0.06666666666666668 0 0.35000000000000003 0.15000000000000002 4 4 1 1 0 0 2 0
2026-09-05,02:12:48 GMT,V6.2 BLOCK - final pressure/veto/active/timing gate failed or signal already used
2026-09-05,02:12:48 GMT,SENTINEL V6 MULTI-WINDOW SCAN >>>
2026-09-05,02:12:48 GMT,V6.2 DIAG | 7 0 4 0 0 0 0 0 -0.15 0.15000000000000002 4 4 0 1 0 0 2 0
2026-09-05,02:12:48 GMT,V6.2 BLOCK - final pressure/veto/active/timing gate failed or signal already used
2026-09-05,02:12:48 GMT,SENTINEL V6 MULTI-WINDOW SCAN >>>
2026-09-05,02:12:48 GMT,V6.2 DIAG | 6 0 11 0.1499999999999999 0.028571428571428567 -0.15000000000000002 -0.06666666666666667 -0.55 -0.15 0.15000000000000002 5 3 0 0 1 0 2 0
2026-09-05,02:12:48 GMT,V6.2 BLOCK - final pressure/veto/active/timing gate failed or signal already used
2026-09-05,02:12:48 GMT,SENTINEL V6 MULTI-WINDOW SCAN >>>
2026-09-05,02:12:48 GMT,V6.2 DIAG | 6 0 7 0.19999999999999996 -0.028571428571428567 -0.2 0.06666666666666667 0.20000000000000004 -0.15 0.15000000000000002 5 3 0 0 0 0 2 0
2026-09-05,02:12:48 GMT,V6.2 BLOCK - final pressure/veto/active/timing gate failed or signal already used
2026-09-05,02:12:48 GMT,SENTINEL V6 MULTI-WINDOW SCAN >>>
2026-09-05,02:12:48 GMT,V6.2 DIAG | 9 0 6 0.04999999999999993 -0.05714285714285714 -0.04999999999999999 0.13333333333333336 0.20000000000000004 -0.4 0.9500000000000001 5 3 0 1 0 0 2 0
2026-09-05,02:12:06 GMT,V6.2 BLOCK - final pressure/veto/active/timing gate failed or signal already used
2026-09-05,02:12:06 GMT,SENTINEL V6 MULTI-WINDOW SCAN >>>
2026-09-05,02:12:06 GMT,V6.2 DIAG | 1 0 7 0.04999999999999993 0 -0.04999999999999999 0 -0.04999999999999999 -0.45 0.45 6 2 0 1 0 0 2 0
2026-09-05,02:12:06 GMT,V6.2 BLOCK - final pressure/veto/active/timing gate failed or signal already used
2026-09-05,02:12:06 GMT,SENTINEL V6 MULTI-WINDOW SCAN >>>
2026-09-05,02:12:06 GMT,V6.2 DIAG | 6 0 9 -0.09999999999999998 0.028571428571428574 0.09999999999999998 -0.06666666666666668 -0.04999999999999999 -0.7000000000000001 0.45 5 3 1 1 0 0 2 0
2026-09-05,02:12:06 GMT,V6.2 BLOCK - final pressure/veto/active/timing gate failed or signal already used
2026-09-05,02:12:06 GMT,SENTINEL V6 MULTI-WINDOW SCAN >>>
2026-09-05,02:12:06 GMT,V6.2 DIAG | 7 0 7 -0.09999999999999998 0.028571428571428574 0.09999999999999998 -0.06666666666666668 -0.04999999999999999 -0.7000000000000001 0.45 4 4 1 1 0 0 2 0
2026-09-05,02:12:06 GMT,V6.2 BLOCK - final pressure/veto/active/timing gate failed or signal already used
2026-09-05,02:12:06 GMT,SENTINEL V6 MULTI-WINDOW SCAN >>>
2026-09-05,02:12:06 GMT,V6.2 DIAG | 9 0 6 0 0.05714285714285714 0 -0.13333333333333336 -0.55 -0.7000000000000001 0.45 4 4 2 1 0 0 2 0
2026-09-05,02:12:06 GMT,V6.2 BLOCK - final pressure/veto/active/timing gate failed or signal already used
2026-09-05,02:12:06 GMT,SENTINEL V6 MULTI-WINDOW SCAN >>>
2026-09-05,02:12:06 GMT,V6.2 DIAG | 6 0 10 0.09999999999999998 0.028571428571428567 -0.10000000000000003 -0.06666666666666667 -0.55 0.1 -0.05 5 3 2 0 1 0 2 0
2026-09-05,02:12:06 GMT,V6.2 BLOCK - final pressure/veto/active/timing gate failed or signal already used
2026-09-05,02:12:06 GMT,SENTINEL V6 MULTI-WINDOW SCAN >>>
2026-09-05,02:12:06 GMT,V6.2 DIAG | 3 0 5 -0.050000000000000044 0 0.050000000000000044 0 0 0.1 -0.05 5 3 2 1 0 0 2 0
2026-09-05,02:12:06 GMT,V6.2 BLOCK - final pressure/veto/active/timing gate failed or signal already used
2026-09-05,02:12:06 GMT,SENTINEL V6 MULTI-WINDOW SCAN >>>
2026-09-05,02:12:06 GMT,V6.2 DIAG | 2 0 5 -0.19999999999999996 -0.028571428571428574 0.2 0.06666666666666668 0 0.9 -0.30000000000000004 5 3 2 1 0 0 2 0
2026-09-05,02:12:06 GMT,V6.2 BLOCK - final pressure/veto/active/timing gate failed or signal already used
2026-09-05,02:12:06 GMT,SENTINEL V6 MULTI-WINDOW SCAN >>>
2026-09-05,02:12:06 GMT,V6.2 DIAG | 5 0 2 -0.35 0 0.35 0 -0.25 0.9 -0.30000000000000004 4 4 2 1 0 0 2 0
2026-09-05,02:12:06 GMT,V6.2 BLOCK - final pressure/veto/active/timing gate failed or signal already used
2026-09-05,02:12:06 GMT,SENTINEL V6 MULTI-WINDOW SCAN >>>
2026-09-05,02:12:06 GMT,V6.2 DIAG | 8 0 5 -0.5 0.02857142857142857 0.49999999999999994 -0.06666666666666665 -0.25 0.65 -0.30000000000000004 3 5 2 1 0 0 2 0
2026-09-05,02:12:06 GMT,V6.2 BLOCK - final pressure/veto/active/timing gate failed or signal already used
2026-09-05,02:12:06 GMT,SENTINEL V6 MULTI-WINDOW SCAN >>>
2026-09-05,02:12:06 GMT,V6.2 DIAG | 7 0 6 -0.35 0.05714285714285715 0.35 -0.13333333333333333 -0.25 0.15000000000000002 -0.35000000000000003 3 5 1 1 0 0 2 0
2026-09-05,02:12:06 GMT,V6.2 BLOCK - final pressure/veto/active/timing gate failed or signal already used
2026-09-05,02:12:06 GMT,SENTINEL V6 MULTI-WINDOW SCAN >>>
2026-09-05,02:12:06 GMT,V6.2 DIAG | 8 0 5 -0.25 0.028571428571428574 0.25 -0.06666666666666668 0.05000000000000002 0.15000000000000002 -0.35000000000000003 3 5 2 1 0 0 2 0
2026-09-05,02:12:05 GMT,V6.2 BLOCK - final pressure/veto/active/timing gate failed or signal already used
2026-09-05,02:12:05 GMT,SENTINEL V6 MULTI-WINDOW SCAN >>>
2026-09-05,02:12:05 GMT,V6.2 DIAG | 1 0 3 -0.15000000000000002 0 0.15000000000000002 0 0.05000000000000002 -0.35000000000000003 0.45 4 4 1 1 0 0 2 0
2026-09-05,02:12:05 GMT,V6.2 BLOCK - final pressure/veto/active/timing gate failed or signal already used
2026-09-05,02:12:05 GMT,SENTINEL V6 MULTI-WINDOW SCAN >>>
2026-09-05,02:12:05 GMT,V6.2 DIAG | 1 0 3 -0.09999999999999998 -0.05714285714285714 0.10000000000000003 0.13333333333333336 0.8500000000000001 -0.4 0.45 4 4 1 1 0 0 2 0
2026-09-05,02:12:05 GMT,V6.2 BLOCK - final pressure/veto/active/timing gate failed or signal already used
2026-09-05,02:12:05 GMT,SENTINEL V6 MULTI-WINDOW SCAN >>>
2026-09-05,02:12:05 GMT,V6.2 DIAG | 1 0 2 -0.050000000000000044 -0.11428571428571428 0.050000000000000044 0.26666666666666666 0.8500000000000001 0.35000000000000003 0.45 4 4 1 1 0 0 2 0
2026-09-05,02:12:05 GMT,V6.2 BLOCK - final pressure/veto/active/timing gate failed or signal already used
2026-09-05,02:12:05 GMT,SENTINEL V6 MULTI-WINDOW SCAN >>>
2026-09-05,02:12:05 GMT,V6.2 DIAG | 7 0 2 -0.19999999999999996 -0.08571428571428572 0.2 0.2 0.6 0.35000000000000003 0.45 4 4 1 1 0 0 2 0
2026-09-05,02:12:05 GMT,V6.2 BLOCK - final pressure/veto/active/timing gate failed or signal already used
2026-09-05,02:12:05 GMT,SENTINEL V6 MULTI-WINDOW SCAN >>>
2026-09-05,02:12:05 GMT,V6.2 DIAG | 9 0 4 -0.09999999999999998 -0.05714285714285714 0.10000000000000003 0.13333333333333336 0.1 0.35000000000000003 0.45 5 3 1 1 0 0 2 0
2026-09-05,02:12:05 GMT,V6.2 BLOCK - final pressure/veto/active/timing gate failed or signal already used
2026-09-05,02:12:05 GMT,SENTINEL V6 MULTI-WINDOW SCAN >>>
2026-09-05,02:12:05 GMT,V6.2 DIAG | 7 0 6 0.04999999999999993 -0.028571428571428567 -0.04999999999999999 0.06666666666666667 0.1 0.30000000000000004 -0.05 5 3 1 1 0 0 2 0
2026-09-05,02:12:05 GMT,V6.2 BLOCK - final pressure/veto/active/timing gate failed or signal already used
2026-09-05,02:12:05 GMT,SENTINEL V6 MULTI-WINDOW SCAN >>>
2026-09-05,02:12:05 GMT,V6.2 DIAG | 8 0 10 0.04999999999999993 0.028571428571428567 -0.04999999999999999 -0.06666666666666667 -0.7000000000000001 0.30000000000000004 -0.05 6 2 1 1 0 0 2 0
2026-09-05,02:12:04 GMT,V6.2 BLOCK - final pressure/veto/active/timing gate failed or signal already used
2026-09-05,02:12:04 GMT,SENTINEL V6 MULTI-WINDOW SCAN >>>
2026-09-05,02:12:04 GMT,V6.2 DIAG | 3 0 10 0 0.08571428571428572 0 -0.2 -0.95 -0.2 -0.05 7 1 0 0 0 0 2 0
2026-09-05,02:12:04 GMT,V6.2 BLOCK - final pressure/veto/active/timing gate failed or signal already used
2026-09-05,02:12:04 GMT,SENTINEL V6 MULTI-WINDOW SCAN >>>
2026-09-05,02:12:04 GMT,V6.2 DIAG | 3 0 11 0.04999999999999993 0.028571428571428567 -0.04999999999999999 -0.06666666666666667 -0.15000000000000002 -0.2 -0.1 6 2 0 1 0 0 2 0
2026-09-05,02:12:04 GMT,V6.2 BLOCK - final pressure/veto/active/timing gate failed or signal already used
2026-09-05,02:12:04 GMT,SENTINEL V6 MULTI-WINDOW SCAN >>>
2026-09-05,02:12:04 GMT,V6.2 DIAG | 6 0 10 -0.050000000000000044 0.05714285714285714 0.050000000000000044 -0.13333333333333336 -0.15000000000000002 -0.45 -0.15 5 3 0 1 0 0 2 0
2026-09-05,02:12:04 GMT,V6.2 BLOCK - final pressure/veto/active/timing gate failed or signal already used
2026-09-05,02:12:04 GMT,SENTINEL V6 MULTI-WINDOW SCAN >>>
2026-09-05,02:12:04 GMT,V6.2 DIAG | 4 0 10 -0.050000000000000044 0.05714285714285714 0.050000000000000044 -0.13333333333333336 -0.15000000000000002 -0.45 -0.15 5 3 0 1 0 0 2 0
2026-09-05,02:12:04 GMT,V6.2 BLOCK - final pressure/veto/active/timing gate failed or signal already used
2026-09-05,02:12:04 GMT,SENTINEL V6 MULTI-WINDOW SCAN >>>
2026-09-05,02:12:04 GMT,V6.2 DIAG | 6 0 4 -0.050000000000000044 0 0.050000000000000044 0 0.65 -0.45 -0.15 4 4 1 1 0 0 2 0
2026-09-05,02:12:04 GMT,V6.2 BLOCK - final pressure/veto/active/timing gate failed or signal already used
2026-09-05,02:12:04 GMT,SENTINEL V6 MULTI-WINDOW SCAN >>>
2026-09-05,02:12:04 GMT,V6.2 DIAG | 7 0 4 -0.050000000000000044 -0.05714285714285714 0.050000000000000044 0.13333333333333336 1.45 -0.45 -0.15 4 4 1 1 0 0 2 0
2026-09-05,02:12:04 GMT,V6.2 BLOCK - final pressure/veto/active/timing gate failed or signal already used
2026-09-05,02:12:04 GMT,SENTINEL V6 MULTI-WINDOW SCAN >>>
2026-09-05,02:12:04 GMT,V6.2 DIAG | 6 0 7 0.04999999999999993 -0.028571428571428567 -0.04999999999999999 0.06666666666666667 0.9500000000000001 -0.45 -0.15 5 3 1 0 0 0 2 0
2026-09-05,02:12:03 GMT,V6.2 BLOCK - final pressure/veto/active/timing gate failed or signal already used
2026-09-05,02:12:03 GMT,SENTINEL V6 MULTI-WINDOW SCAN >>>
2026-09-05,02:12:03 GMT,V6.2 DIAG | 0 0 6 0.04999999999999993 -0.08571428571428572 -0.04999999999999999 0.2 0.9500000000000001 0.35000000000000003 -0.15 5 3 1 1 0 0 2 0
2026-09-05,02:12:03 GMT,V6.2 BLOCK - final pressure/veto/active/timing gate failed or signal already used
2026-09-05,02:12:03 GMT,SENTINEL V6 MULTI-WINDOW SCAN >>>
2026-09-05,02:12:03 GMT,V6.2 DIAG | 7 0 6 0.04999999999999993 -0.08571428571428572 -0.04999999999999999 0.2 0.9500000000000001 0.35000000000000003 -0.15 5 3 1 1 0 0 2 0
2026-09-05,02:12:03 GMT,V6.2 BLOCK - final pressure/veto/active/timing gate failed or signal already used
2026-09-05,02:12:03 GMT,SENTINEL V6 MULTI-WINDOW SCAN >>>
2026-09-05,02:12:03 GMT,V6.2 DIAG | 7 0 7 0.15000000000000002 -0.057142857142857134 -0.14999999999999997 0.13333333333333333 0.45 0.35000000000000003 -0.15 6 2 1 1 0 0 2 0
2026-09-05,02:12:03 GMT,V6.2 BLOCK - final pressure/veto/active/timing gate failed or signal already used
2026-09-05,02:12:03 GMT,SENTINEL V6 MULTI-WINDOW SCAN >>>
2026-09-05,02:12:03 GMT,V6.2 DIAG | 3 0 8 0.30000000000000004 -0.028571428571428567 -0.30000000000000004 0.06666666666666667 -0.05 0.35000000000000003 -0.2 7 1 1 1 0 0 2 0
2026-09-05,02:12:03 GMT,V6.2 BLOCK - final pressure/veto/active/timing gate failed or signal already used
2026-09-05,02:12:03 GMT,SENTINEL V6 MULTI-WINDOW SCAN >>>
2026-09-05,02:12:03 GMT,V6.2 DIAG | 8 0 8 0.15000000000000002 0 -0.14999999999999997 0 -0.05 0.35000000000000003 -0.45 7 1 1 1 0 0 2 0
2026-09-05,02:12:03 GMT,V6.2 BLOCK - final pressure/veto/active/timing gate failed or signal already used
2026-09-05,02:12:03 GMT,SENTINEL V6 MULTI-WINDOW SCAN >>>
2026-09-05,02:12:03 GMT,V6.2 DIAG | 3 0 12 0.25 0.028571428571428567 -0.24999999999999997 -0.06666666666666667 -0.05 -0.15 -0.45 8 0 0 1 1 0 2 0
2026-09-05,02:12:02 GMT,V6.2 BLOCK - final pressure/veto/active/timing gate failed or signal already used
2026-09-05,02:12:02 GMT,SENTINEL V6 MULTI-WINDOW SCAN >>>
2026-09-05,02:12:02 GMT,V6.2 DIAG | 5 0 12 0.30000000000000004 0.028571428571428567 -0.30000000000000004 -0.06666666666666667 -0.1 -0.15 -0.45 7 1 0 0 0 0 2 0
2026-09-05,02:12:02 GMT,V6.2 BLOCK - final pressure/veto/active/timing gate failed or signal already used
2026-09-05,02:12:02 GMT,SENTINEL V6 MULTI-WINDOW SCAN >>>
2026-09-05,02:12:02 GMT,V6.2 DIAG | 3 0 12 0.15000000000000002 0.057142857142857134 -0.14999999999999997 -0.13333333333333333 -0.1 -0.4 -0.45 7 1 0 0 0 0 2 0
2026-09-05,02:12:02 GMT,V6.2 BLOCK - final pressure/veto/active/timing gate failed or signal already used
2026-09-05,02:12:02 GMT,SENTINEL V6 MULTI-WINDOW SCAN >>>
2026-09-05,02:12:02 GMT,V6.2 DIAG | 4 0 11 0.04999999999999993 0.08571428571428572 -0.04999999999999999 -0.2 -0.1 -0.7000000000000001 -0.45 7 1 0 0 0 0 2 0
2026-09-05,02:12:02 GMT,V6.2 BLOCK - final pressure/veto/active/timing gate failed or signal already used
2026-09-05,02:12:02 GMT,SENTINEL V6 MULTI-WINDOW SCAN >>>
2026-09-05,02:12:02 GMT,V6.2 DIAG | 4 0 10 0.04999999999999993 0.028571428571428567 -0.04999999999999999 -0.06666666666666667 -0.1 -0.7000000000000001 0.35000000000000003 6 2 1 0 0 0 2 0
2026-09-05,02:12:02 GMT,V6.2 BLOCK - final pressure/veto/active/timing gate failed or signal already used
2026-09-05,02:12:02 GMT,SENTINEL V6 MULTI-WINDOW SCAN >>>
2026-09-05,02:12:02 GMT,V6.2 DIAG | 3 0 9 0.04999999999999993 0.028571428571428567 -0.04999999999999999 -0.06666666666666667 -0.1 -0.7000000000000001 0.35000000000000003 5 3 2 1 0 0 2 0
2026-09-05,02:12:02 GMT,V6.2 BLOCK - final pressure/veto/active/timing gate failed or signal already used
2026-09-05,02:12:02 GMT,SENTINEL V6 MULTI-WINDOW SCAN >>>
2026-09-05,02:12:02 GMT,V6.2 DIAG | 4 0 8 -0.09999999999999998 0.05714285714285714 0.10000000000000003 -0.13333333333333336 -0.1 -0.95 0.35000000000000003 5 3 2 1 0 0 2 0
2026-09-05,02:12:01 GMT,V6.2 BLOCK - final pressure/veto/active/timing gate failed or signal already used
2026-09-05,02:12:01 GMT,SENTINEL V6 MULTI-WINDOW SCAN >>>
2026-09-05,02:12:01 GMT,V6.2 DIAG | 5 0 8 -0.25 0.028571428571428574 0.25 -0.06666666666666668 -0.35000000000000003 -0.15000000000000002 0.35000000000000003 5 3 2 1 0 0 2 0
2026-09-05,02:12:01 GMT,V6.2 BLOCK - final pressure/veto/active/timing gate failed or signal already used
2026-09-05,02:12:01 GMT,SENTINEL V6 MULTI-WINDOW SCAN >>>
2026-09-05,02:12:01 GMT,V6.2 DIAG | 9 0 2 -0.19999999999999996 -0.028571428571428574 0.2 0.06666666666666668 -0.35000000000000003 0.6 0.35000000000000003 4 4 3 1 0 0 2 0
2026-09-05,02:12:01 GMT,V6.2 BLOCK - final pressure/veto/active/timing gate failed or signal already used
2026-09-05,02:12:01 GMT,SENTINEL V6 MULTI-WINDOW SCAN >>>
2026-09-05,02:12:01 GMT,V6.2 DIAG | 3 0 6 -0.25 0.028571428571428574 0.25 -0.06666666666666668 -0.35000000000000003 0.6 -0.4 4 4 3 1 0 0 2 0
2026-09-05,02:12:01 GMT,V6.2 BLOCK - final pressure/veto/active/timing gate failed or signal already used
2026-09-05,02:12:01 GMT,SENTINEL V6 MULTI-WINDOW SCAN >>>
2026-09-05,02:12:01 GMT,V6.2 DIAG | 2 0 5 -0.4 0.05714285714285715 0.39999999999999997 -0.13333333333333333 -0.35000000000000003 0.6 -0.65 4 4 3 1 0 0 2 0
2026-09-05,02:12:01 GMT,V6.2 BLOCK - final pressure/veto/active/timing gate failed or signal already used
2026-09-05,02:12:01 GMT,SENTINEL V6 MULTI-WINDOW SCAN >>>
2026-09-05,02:12:01 GMT,V6.2 DIAG | 8 0 2 -0.4 0 0.39999999999999997 0 -0.35000000000000003 1.4 -0.65 3 5 3 1 0 0 2 0
2026-09-05,02:12:00 GMT,V6.2 BLOCK - final pressure/veto/active/timing gate failed or signal already used
2026-09-05,02:12:00 GMT,SENTINEL V6 MULTI-WINDOW SCAN >>>
2026-09-05,02:12:00 GMT,V6.2 DIAG | 8 0 2 -0.30000000000000004 -0.028571428571428574 0.3 0.06666666666666668 0.45 0.9 -0.65 3 5 2 1 0 0 2 0
2026-09-05,02:12:00 GMT,V6.2 BLOCK - final pressure/veto/active/timing gate failed or signal already used
2026-09-05,02:12:00 GMT,SENTINEL V6 MULTI-WINDOW SCAN >>>
2026-09-05,02:12:00 GMT,V6.2 DIAG | 0 0 3 -0.20000000000000007 0 0.2 0 0.45 0.4 -0.65 4 4 1 1 0 0 2 0
2026-09-05,02:12:00 GMT,V6.2 BLOCK - final pressure/veto/active/timing gate failed or signal already used
2026-09-05,02:12:00 GMT,SENTINEL V6 MULTI-WINDOW SCAN >>>
2026-09-05,02:12:00 GMT,V6.2 DIAG | 1 0 2 -0.20000000000000007 -0.05714285714285714 0.2 0.13333333333333336 0.45 0.4 0.15000000000000002 4 4 1 1 0 0 2 0
2026-09-05,02:12:00 GMT,V6.2 BLOCK - final pressure/veto/active/timing gate failed or signal already used
2026-09-05,02:12:00 GMT,SENTINEL V6 MULTI-WINDOW SCAN >>>
2026-09-05,02:12:00 GMT,V6.2 DIAG | 8 0 2 -0.20000000000000007 -0.11428571428571428 0.2 0.26666666666666666 0.45 0.4 0.9500000000000001 4 4 1 1 0 0 2 0
2026-09-05,02:12:00 GMT,V6.2 BLOCK - final pressure/veto/active/timing gate failed or signal already used
2026-09-05,02:12:00 GMT,SENTINEL V6 MULTI-WINDOW SCAN >>>
2026-09-05,02:12:00 GMT,V6.2 DIAG | 7 0 5 -0.10000000000000009 -0.08571428571428572 0.09999999999999998 0.2 0.45 -0.1 0.9500000000000001 5 3 0 1 0 0 2 0
2026-09-05,02:12:00 GMT,V6.2 BLOCK - final pressure/veto/active/timing gate failed or signal already used
2026-09-05,02:12:00 GMT,SENTINEL V6 MULTI-WINDOW SCAN >>>
2026-09-05,02:12:00 GMT,V6.2 DIAG | 4 0 6 0 -0.057142857142857134 0 0.13333333333333333 -0.05 -0.1 0.9500000000000001 6 2 0 1 0 0 2 0
2026-09-05,02:11:51 GMT,V6.2 BLOCK - final pressure/veto/active/timing gate failed or signal already used
2026-09-05,02:11:51 GMT,SENTINEL V6 MULTI-WINDOW SCAN >>>
2026-09-05,02:11:51 GMT,V6.2 DIAG | 9 0 6 -0.15000000000000002 -0.028571428571428567 0.15 0.06666666666666667 -0.05 -0.1 0.7 6 2 0 1 0 0 2 0
2026-09-05,02:11:51 GMT,V6.2 BLOCK - final pressure/veto/active/timing gate failed or signal already used
2026-09-05,02:11:51 GMT,SENTINEL V6 MULTI-WINDOW SCAN >>>
2026-09-05,02:11:51 GMT,V6.2 DIAG | 9 0 6 -0.04999999999999993 0 0.05000000000000002 0 -0.05 -0.1 0.2 7 1 0 1 0 0 2 0
2026-09-05,02:11:51 GMT,V6.2 BLOCK - final pressure/veto/active/timing gate failed or signal already used
2026-09-05,02:11:51 GMT,SENTINEL V6 MULTI-WINDOW SCAN >>>
2026-09-05,02:11:51 GMT,V6.2 DIAG | 1 0 12 0.050000000000000044 0.028571428571428567 -0.04999999999999999 -0.06666666666666667 -0.05 -0.1 -0.30000000000000004 7 1 0 1 0 0 2 0
2026-09-05,02:11:51 GMT,V6.2 BLOCK - final pressure/veto/active/timing gate failed or signal already used
2026-09-05,02:11:51 GMT,SENTINEL V6 MULTI-WINDOW SCAN >>>
2026-09-05,02:11:51 GMT,V6.2 DIAG | 2 0 10 -0.04999999999999993 0.057142857142857134 0.05000000000000002 -0.13333333333333333 -0.30000000000000004 -0.15 -0.30000000000000004 7 1 0 1 0 0 2 0
2026-09-05,02:11:51 GMT,V6.2 BLOCK - final pressure/veto/active/timing gate failed or signal already used
2026-09-05,02:11:51 GMT,SENTINEL V6 MULTI-WINDOW SCAN >>>
2026-09-05,02:11:51 GMT,V6.2 DIAG | 5 0 10 -0.04999999999999993 0.057142857142857134 0.05000000000000002 -0.13333333333333333 -0.30000000000000004 -0.15 -0.30000000000000004 7 1 0 1 0 0 2 0
2026-09-05,02:11:50 GMT,V6.2 BLOCK - final pressure/veto/active/timing gate failed or signal already used
2026-09-05,02:11:50 GMT,SENTINEL V6 MULTI-WINDOW SCAN >>>
2026-09-05,02:11:50 GMT,V6.2 DIAG | 1 0 9 -0.20000000000000007 0.028571428571428567 0.19999999999999998 -0.06666666666666667 -0.30000000000000004 -0.4 0.5 6 2 0 1 0 0 2 0
2026-09-05,02:11:50 GMT,V6.2 BLOCK - final pressure/veto/active/timing gate failed or signal already used
2026-09-05,02:11:50 GMT,SENTINEL V6 MULTI-WINDOW SCAN >>>
2026-09-05,02:11:50 GMT,V6.2 DIAG | 5 0 9 -0.20000000000000007 0.028571428571428567 0.19999999999999998 -0.06666666666666667 -0.30000000000000004 -0.4 0.5 6 2 0 1 0 0 2 0
2026-09-05,02:11:50 GMT,V6.2 BLOCK - final pressure/veto/active/timing gate failed or signal already used
2026-09-05,02:11:50 GMT,SENTINEL V6 MULTI-WINDOW SCAN >>>
2026-09-05,02:11:50 GMT,V6.2 DIAG | 2 0 9 -0.20000000000000007 0.028571428571428567 0.19999999999999998 -0.06666666666666667 -0.30000000000000004 -0.4 0.5 5 3 1 1 0 0 2 0
2026-09-05,02:11:50 GMT,V6.2 BLOCK - final pressure/veto/active/timing gate failed or signal already used
2026-09-05,02:11:50 GMT,SENTINEL V6 MULTI-WINDOW SCAN >>>
2026-09-05,02:11:50 GMT,V6.2 DIAG | 6 0 5 -0.20000000000000007 -0.028571428571428567 0.19999999999999998 0.06666666666666667 0.5 -0.4 0.5 5 3 1 1 0 0 2 0
2026-09-05,02:11:50 GMT,V6.2 BLOCK - final pressure/veto/active/timing gate failed or signal already used
2026-09-05,02:11:50 GMT,SENTINEL V6 MULTI-WINDOW SCAN >>>
2026-09-05,02:11:50 GMT,V6.2 DIAG | 9 0 5 -0.15000000000000002 -0.028571428571428567 0.15 0.06666666666666667 0.45 -0.4 0.5 5 3 1 1 0 0 2 0
2026-09-05,02:11:43 GMT,V6.2 BLOCK - final pressure/veto/active/timing gate failed or signal already used
2026-09-05,02:11:43 GMT,SENTINEL V6 MULTI-WINDOW SCAN >>>
2026-09-05,02:11:43 GMT,V6.2 DIAG | 6 0 5 -0.15000000000000002 -0.028571428571428567 0.15 0.06666666666666667 0.45 0.1 0 6 2 1 1 0 0 2 0
2026-09-05,02:11:43 GMT,V6.2 BLOCK - final pressure/veto/active/timing gate failed or signal already used
2026-09-05,02:11:43 GMT,SENTINEL V6 MULTI-WINDOW SCAN >>>
2026-09-05,02:11:43 GMT,V6.2 DIAG | 4 0 5 -0.15000000000000002 -0.028571428571428567 0.15 0.06666666666666667 0.45 0.1 0 6 2 1 1 0 0 2 0
2026-09-05,02:11:43 GMT,V6.2 BLOCK - final pressure/veto/active/timing gate failed or signal already used
2026-09-05,02:11:43 GMT,SENTINEL V6 MULTI-WINDOW SCAN >>>
2026-09-05,02:11:43 GMT,V6.2 DIAG | 7 0 4 -0.15000000000000002 -0.028571428571428567 0.15 0.06666666666666667 0.45 0.1 0 5 3 2 1 0 0 2 0
2026-09-05,02:11:42 GMT,V6.2 BLOCK - final pressure/veto/active/timing gate failed or signal already used
2026-09-05,02:11:42 GMT,SENTINEL V6 MULTI-WINDOW SCAN >>>
2026-09-05,02:11:42 GMT,V6.2 DIAG | 3 0 5 0 0 0 0 -0.05 0.1 -0.05 6 2 2 0 0 0 2 0
2026-09-05,02:11:42 GMT,V6.2 BLOCK - final pressure/veto/active/timing gate failed or signal already used
2026-09-05,02:11:42 GMT,SENTINEL V6 MULTI-WINDOW SCAN >>>
2026-09-05,02:11:42 GMT,V6.2 DIAG | 8 0 5 0 0 0 0 -0.05 0.1 -0.05 6 2 2 1 0 0 2 0
2026-09-05,02:11:42 GMT,V6.2 BLOCK - final pressure/veto/active/timing gate failed or signal already used
2026-09-05,02:11:42 GMT,SENTINEL V6 MULTI-WINDOW SCAN >>>
2026-09-05,02:11:42 GMT,V6.2 DIAG | 5 0 8 0.09999999999999998 -0.028571428571428567 -0.1 0.06666666666666667 -0.05 0.4 -0.05 7 1 1 1 0 0 2 0
2026-09-05,02:11:41 GMT,V6.2 BLOCK - final pressure/veto/active/timing gate failed or signal already used
2026-09-05,02:11:41 GMT,SENTINEL V6 MULTI-WINDOW SCAN >>>
2026-09-05,02:11:41 GMT,V6.2 DIAG | 1 0 8 0.09999999999999998 -0.028571428571428567 -0.1 0.06666666666666667 -0.05 0.4 -0.05 7 1 1 1 0 0 2 0
2026-09-05,02:11:41 GMT,V6.2 BLOCK - final pressure/veto/active/timing gate failed or signal already used
2026-09-05,02:11:41 GMT,SENTINEL V6 MULTI-WINDOW SCAN >>>
2026-09-05,02:11:41 GMT,V6.2 DIAG | 6 0 8 0.09999999999999998 -0.028571428571428567 -0.1 0.06666666666666667 -0.05 0.4 -0.05 7 1 1 1 0 0 2 0
2026-09-05,02:11:41 GMT,Profit amount: 1.53
2026-09-05,02:11:41 GMT,V6.2 DIAG | 4 0 8 0.09999999999999998 -0.028571428571428567 -0.1 0.06666666666666667 -0.05 0.4 -0.05 7 1 1 1 0 0 1 0
2026-09-05,02:11:40 GMT,V6.2 DIAG | 8 0 8 0.09999999999999998 -0.028571428571428567 -0.1 0.06666666666666667 -0.05 0.4 -0.05 7 1 1 1 0 0 1 0
2026-09-05,02:11:39 GMT,V6.2 DIAG | 2 0 9 0.25 0 -0.25 0 -0.05 -0.15 -0.05 8 0 0 0 0 0 1 0
2026-09-05,02:11:39 GMT,V6.2 DIAG | 1 0 9 0.25 0 -0.25 0 -0.05 -0.15 -0.05 8 0 0 0 0 0 1 0
2026-09-05,02:11:39 GMT,Bought: (ID: 22519531719)
2026-09-05,02:11:31 GMT,SENTINEL V6 MULTI-WINDOW SCAN >>>
2026-09-05,02:11:31 GMT,V6.2 DIAG | 6 1 12 0.09999999999999998 0.028571428571428567 -0.1 -0.06666666666666667 -0.05 -0.4 -0.05 8 0 0 0 1 1 1 1
2026-09-05,02:11:30 GMT,V6.2 BLOCK - final pressure/veto/active/timing gate failed or signal already used
2026-09-05,02:11:30 GMT,SENTINEL V6 MULTI-WINDOW SCAN >>>
2026-09-05,02:11:30 GMT,V6.2 DIAG | 3 0 12 0.09999999999999998 0.028571428571428567 -0.1 -0.06666666666666667 -0.05 -0.4 -0.05 7 1 1 0 1 0 1 1
2026-09-05,02:11:30 GMT,V6.2 BLOCK - final pressure/veto/active/timing gate failed or signal already used
2026-09-05,02:11:30 GMT,SENTINEL V6 MULTI-WINDOW SCAN >>>
2026-09-05,02:11:30 GMT,V6.2 DIAG | 3 0 12 0.09999999999999998 0.028571428571428567 -0.1 -0.06666666666666667 -0.05 -0.4 -0.05 7 1 1 0 1 0 1 0
2026-09-05,02:11:30 GMT,V6.2 BLOCK - final pressure/veto/active/timing gate failed or signal already used
2026-09-05,02:11:30 GMT,SENTINEL V6 MULTI-WINDOW SCAN >>>
2026-09-05,02:11:30 GMT,V6.2 DIAG | 4 0 12 0.09999999999999998 0.028571428571428567 -0.1 -0.06666666666666667 -0.05 -0.4 -0.05 7 1 1 0 1 0 1 0
2026-09-05,02:11:30 GMT,V6.2 BLOCK - final pressure/veto/active/timing gate failed or signal already used
2026-09-05,02:11:30 GMT,SENTINEL V6 MULTI-WINDOW SCAN >>>
2026-09-05,02:11:30 GMT,V6.2 DIAG | 3 0 8 0.15000000000000002 -0.028571428571428567 -0.15 0.06666666666666667 -0.05 0.35000000000000003 -0.05 7 1 1 1 0 0 1 0
2026-09-05,02:11:30 GMT,V6.2 BLOCK - final pressure/veto/active/timing gate failed or signal already used
2026-09-05,02:11:30 GMT,SENTINEL V6 MULTI-WINDOW SCAN >>>
2026-09-05,02:11:30 GMT,V6.2 DIAG | 1 0 6 0 0 0 0 -0.30000000000000004 0.35000000000000003 -0.05 7 1 1 1 0 0 1 0
2026-09-05,02:11:21 GMT,V6.2 BLOCK - final pressure/veto/active/timing gate failed or signal already used
2026-09-05,02:11:21 GMT,SENTINEL V6 MULTI-WINDOW SCAN >>>
2026-09-05,02:11:21 GMT,V6.2 DIAG | 0 0 9 -0.15000000000000002 0.028571428571428567 0.15 -0.06666666666666667 -0.30000000000000004 0.1 -0.05 7 1 1 0 0 0 1 0
2026-09-05,02:11:20 GMT,V6.2 BLOCK - final pressure/veto/active/timing gate failed or signal already used
2026-09-05,02:11:20 GMT,SENTINEL V6 MULTI-WINDOW SCAN >>>
2026-09-05,02:11:20 GMT,V6.2 DIAG | 0 0 9 -0.15000000000000002 0.028571428571428567 0.15 -0.06666666666666667 -0.30000000000000004 0.1 -0.05 6 2 1 0 0 0 1 0
2026-09-05,02:11:20 GMT,V6.2 BLOCK - final pressure/veto/active/timing gate failed or signal already used
2026-09-05,02:11:20 GMT,SENTINEL V6 MULTI-WINDOW SCAN >>>
2026-09-05,02:11:20 GMT,V6.2 DIAG | 8 0 8 -0.15000000000000002 0.028571428571428567 0.15 -0.06666666666666667 -0.30000000000000004 0.1 -0.05 5 3 2 1 0 0 1 0
2026-09-05,02:11:20 GMT,V6.2 BLOCK - final pressure/veto/active/timing gate failed or signal already used
2026-09-05,02:11:20 GMT,SENTINEL V6 MULTI-WINDOW SCAN >>>
2026-09-05,02:11:20 GMT,V6.2 DIAG | 5 0 10 -0.15000000000000002 0.08571428571428572 0.15 -0.2 -0.30000000000000004 -0.4 -0.35000000000000003 6 2 1 1 0 0 1 0
2026-09-05,02:11:20 GMT,V6.2 BLOCK - final pressure/veto/active/timing gate failed or signal already used
2026-09-05,02:11:20 GMT,SENTINEL V6 MULTI-WINDOW SCAN >>>
2026-09-05,02:11:20 GMT,V6.2 DIAG | 2 0 9 -0.10000000000000009 0.028571428571428567 0.09999999999999998 -0.06666666666666667 0.5 -0.45 -0.35000000000000003 6 2 1 0 0 0 1 0
2026-09-05,02:11:19 GMT,V6.2 BLOCK - final pressure/veto/active/timing gate failed or signal already used
2026-09-05,02:11:19 GMT,SENTINEL V6 MULTI-WINDOW SCAN >>>
2026-09-05,02:11:19 GMT,V6.2 DIAG | 1 0 5 -0.050000000000000044 -0.028571428571428567 0.04999999999999999 0.06666666666666667 0.45 0.35000000000000003 -0.35000000000000003 5 3 1 1 0 0 1 0
2026-09-05,02:11:19 GMT,V6.2 BLOCK - final pressure/veto/active/timing gate failed or signal already used
2026-09-05,02:11:19 GMT,SENTINEL V6 MULTI-WINDOW SCAN >>>
2026-09-05,02:11:19 GMT,V6.2 DIAG | 5 0 5 -0.050000000000000044 -0.028571428571428567 0.04999999999999999 0.06666666666666667 0.45 0.35000000000000003 -0.35000000000000003 5 3 1 1 0 0 1 0
2026-09-05,02:11:19 GMT,V6.2 BLOCK - final pressure/veto/active/timing gate failed or signal already used
2026-09-05,02:11:19 GMT,SENTINEL V6 MULTI-WINDOW SCAN >>>
2026-09-05,02:11:19 GMT,V6.2 DIAG | 0 0 5 0 -0.028571428571428567 0 0.06666666666666667 0.4 0.35000000000000003 -0.35000000000000003 5 3 1 1 0 0 1 0
2026-09-05,02:11:18 GMT,V6.2 BLOCK - final pressure/veto/active/timing gate failed or signal already used
2026-09-05,02:11:18 GMT,SENTINEL V6 MULTI-WINDOW SCAN >>>
2026-09-05,02:11:18 GMT,V6.2 DIAG | 7 0 4 0 -0.08571428571428572 0 0.2 0.4 0.35000000000000003 0.45 5 3 1 1 0 0 1 0
2026-09-05,02:11:18 GMT,V6.2 BLOCK - final pressure/veto/active/timing gate failed or signal already used
2026-09-05,02:11:18 GMT,SENTINEL V6 MULTI-WINDOW SCAN >>>
2026-09-05,02:11:18 GMT,V6.2 DIAG | 8 0 7 0.15000000000000002 -0.057142857142857134 -0.14999999999999997 0.13333333333333333 -0.15 0.35000000000000003 0.45 6 2 1 1 0 0 1 0
2026-09-05,02:11:18 GMT,Loss amount: -3
2026-09-05,02:11:18 GMT,V6.2 DIAG | 2 0 8 0.15000000000000002 0 -0.14999999999999997 0 -0.15 -0.4 0.4 7 1 0 1 0 0 0 1
2026-09-05,02:11:17 GMT,V6.2 DIAG | 4 0 8 0.20000000000000007 0 -0.2 0 -0.15 -0.45 0.4 7 1 0 0 0 0 0 1
2026-09-05,02:11:17 GMT,V6.2 DIAG | 9 0 8 0.20000000000000007 0 -0.2 0 -0.15 -0.45 0.4 6 2 1 1 0 0 0 1
2026-09-05,02:11:17 GMT,V6.2 DIAG | 1 1 12 0.35 0.028571428571428567 -0.35 -0.06666666666666667 -0.2 -0.45 -0.1 7 1 1 0 1 1 0 1
2026-09-05,02:11:17 GMT,Bought: (ID: 22519491619)
2026-09-05,02:11:12 GMT,SENTINEL V6 MULTI-WINDOW SCAN >>>
2026-09-05,02:11:12 GMT,V6.2 DIAG | 3 1 12 0.35 0.028571428571428567 -0.35 -0.06666666666666667 -0.2 -0.45 -0.1 7 1 1 0 1 1 0 1
2026-09-05,02:11:12 GMT,V6.2 BLOCK - final pressure/veto/active/timing gate failed or signal already used
2026-09-05,02:11:12 GMT,SENTINEL V6 MULTI-WINDOW SCAN >>>
2026-09-05,02:11:12 GMT,V6.2 DIAG | 6 0 8 0.35 -0.028571428571428567 -0.35 0.06666666666666667 -0.2 0.35000000000000003 -0.1 7 1 1 1 0 0 0 1
2026-09-05,02:11:12 GMT,V6.2 BLOCK - final pressure/veto/active/timing gate failed or signal already used
2026-09-05,02:11:12 GMT,SENTINEL V6 MULTI-WINDOW SCAN >>>
2026-09-05,02:11:12 GMT,V6.2 DIAG | 1 0 8 0.35 -0.028571428571428567 -0.35 0.06666666666666667 -0.2 0.35000000000000003 -0.1 7 1 1 1 0 0 0 1
2026-09-05,02:11:11 GMT,V6.2 BLOCK - final pressure/veto/active/timing gate failed or signal already used
2026-09-05,02:11:11 GMT,SENTINEL V6 MULTI-WINDOW SCAN >>>
2026-09-05,02:11:11 GMT,V6.2 DIAG | 5 0 8 0.35 -0.028571428571428567 -0.35 0.06666666666666667 -0.2 0.35000000000000003 -0.1 7 1 1 1 0 0 0 1
2026-09-05,02:11:11 GMT,Profit amount: 1.21
2026-09-05,02:11:11 GMT,V6.2 DIAG | 6 0 8 0.20000000000000007 0 -0.2 0 -0.2 0.1 -0.1 7 1 1 0 0 0 0 1
2026-09-05,02:11:10 GMT,V6.2 DIAG | 8 0 8 0.20000000000000007 0 -0.2 0 -0.2 0.1 -0.1 7 1 1 1 0 0 0 1
2026-09-05,02:11:09 GMT,V6.2 DIAG | 5 1 12 0.30000000000000004 0.028571428571428567 -0.30000000000000004 -0.06666666666666667 -0.2 -0.4 -0.1 7 1 1 0 1 1 0 1
2026-09-05,02:11:08 GMT,V6.2 DIAG | 5 1 12 0.30000000000000004 0.028571428571428567 -0.30000000000000004 -0.06666666666666667 -0.2 -0.4 -0.1 7 1 1 0 1 1 0 1
2026-09-05,02:11:08 GMT,Bought: (ID: 22519474219)
2026-09-05,02:11:05 GMT,SENTINEL V6 MULTI-WINDOW SCAN >>>
2026-09-05,02:11:05 GMT,V6.2 DIAG | 5 1 12 0.30000000000000004 0.028571428571428567 -0.30000000000000004 -0.06666666666666667 -0.2 -0.4 -0.1 7 1 1 0 1 1 0 1
2026-09-05,02:11:04 GMT,V6.2 BLOCK - final pressure/veto/active/timing gate failed or signal already used
2026-09-05,02:11:04 GMT,SENTINEL V6 MULTI-WINDOW SCAN >>>
2026-09-05,02:11:04 GMT,V6.2 DIAG | 2 0 8 0.15000000000000002 0 -0.14999999999999997 0 -0.2 0.4 -0.35000000000000003 7 1 1 1 0 0 0 1
2026-09-05,02:11:04 GMT,V6.2 BLOCK - final pressure/veto/active/timing gate failed or signal already used
2026-09-05,02:11:04 GMT,SENTINEL V6 MULTI-WINDOW SCAN >>>
2026-09-05,02:11:04 GMT,V6.2 DIAG | 2 0 10 0.04999999999999993 0.028571428571428567 -0.04999999999999999 -0.06666666666666667 -0.2 0.15000000000000002 -0.4 7 1 1 1 0 0 0 1
2026-09-05,02:11:03 GMT,V6.2 BLOCK - final pressure/veto/active/timing gate failed or signal already used
2026-09-05,02:11:03 GMT,SENTINEL V6 MULTI-WINDOW SCAN >>>
2026-09-05,02:11:03 GMT,V6.2 DIAG | 1 0 9 -0.09999999999999998 0.05714285714285714 0.10000000000000003 -0.13333333333333336 -0.45 0.15000000000000002 -0.4 6 2 1 1 0 0 0 1
2026-09-05,02:11:03 GMT,V6.2 BLOCK - final pressure/veto/active/timing gate failed or signal already used
2026-09-05,02:11:03 GMT,SENTINEL V6 MULTI-WINDOW SCAN >>>
2026-09-05,02:11:03 GMT,V6.2 DIAG | 6 0 8 -0.09999999999999998 0.05714285714285714 0.10000000000000003 -0.13333333333333336 -0.45 0.15000000000000002 -0.4 5 3 2 1 0 0 0 1
2026-09-05,02:11:02 GMT,V6.2 BLOCK - final pressure/veto/active/timing gate failed or signal already used
2026-09-05,02:11:02 GMT,SENTINEL V6 MULTI-WINDOW SCAN >>>
2026-09-05,02:11:02 GMT,V6.2 DIAG | 8 0 6 -0.25 0.08571428571428572 0.25 -0.2 -0.7000000000000001 0.15000000000000002 -0.4 4 4 2 1 0 0 0 1
2026-09-05,02:11:01 GMT,V6.2 BLOCK - final pressure/veto/active/timing gate failed or signal already used
2026-09-05,02:11:01 GMT,SENTINEL V6 MULTI-WINDOW SCAN >>>
2026-09-05,02:11:01 GMT,V6.2 DIAG | 5 1 9 -0.09999999999999998 0.05714285714285714 0.10000000000000003 -0.13333333333333336 -0.75 -0.35000000000000003 0.4 5 3 1 0 0 0 0 1
2026-09-05,02:11:00 GMT,V6.2 BLOCK - final pressure/veto/active/timing gate failed or signal already used
2026-09-05,02:11:00 GMT,SENTINEL V6 MULTI-WINDOW SCAN >>>
2026-09-05,02:11:00 GMT,V6.2 DIAG | 3 0 6 -0.19999999999999996 0.028571428571428574 0.2 -0.06666666666666668 -1 0.4 0.4 4 4 1 1 0 0 0 1
2026-09-05,02:10:59 GMT,V6.2 BLOCK - final pressure/veto/active/timing gate failed or signal already used
2026-09-05,02:10:59 GMT,SENTINEL V6 MULTI-WINDOW SCAN >>>
2026-09-05,02:10:59 GMT,V6.2 DIAG | 5 0 2 -0.35 0 0.35 0 -0.20000000000000004 0.4 0.15000000000000002 4 4 1 1 0 0 0 1
2026-09-05,02:10:58 GMT,V6.2 BLOCK - final pressure/veto/active/timing gate failed or signal already used
2026-09-05,02:10:58 GMT,SENTINEL V6 MULTI-WINDOW SCAN >>>
2026-09-05,02:10:58 GMT,V6.2 DIAG | 4 0 5 -0.5 0.02857142857142857 0.49999999999999994 -0.06666666666666665 -0.20000000000000004 0.15000000000000002 0.15000000000000002 3 5 1 1 0 0 0 1
2026-09-05,02:10:57 GMT,V6.2 BLOCK - final pressure/veto/active/timing gate failed or signal already used
2026-09-05,02:10:57 GMT,SENTINEL V6 MULTI-WINDOW SCAN >>>
2026-09-05,02:10:57 GMT,V6.2 DIAG | 9 0 1 -0.45 -0.02857142857142857 0.44999999999999996 0.06666666666666665 0.55 0.15000000000000002 0.15000000000000002 2 6 1 1 0 0 0 1
2026-09-05,02:10:56 GMT,V6.2 BLOCK - final pressure/veto/active/timing gate failed or signal already used
2026-09-05,02:10:56 GMT,SENTINEL V6 MULTI-WINDOW SCAN >>>
2026-09-05,02:10:56 GMT,V6.2 DIAG | 8 0 4 -0.45 0.02857142857142857 0.44999999999999996 -0.06666666666666665 0.25 0.15000000000000002 -0.35000000000000003 2 6 2 1 0 0 0 1
2026-09-05,02:10:55 GMT,V6.2 BLOCK - final pressure/veto/active/timing gate failed or signal already used
2026-09-05,02:10:55 GMT,SENTINEL V6 MULTI-WINDOW SCAN >>>
2026-09-05,02:10:55 GMT,V6.2 DIAG | 7 0 3 -0.35 0 0.35 0 1.0499999999999998 -0.35000000000000003 -0.35000000000000003 3 5 1 1 0 0 0 1
2026-09-05,02:10:54 GMT,V6.2 BLOCK - final pressure/veto/active/timing gate failed or signal already used
2026-09-05,02:10:54 GMT,SENTINEL V6 MULTI-WINDOW SCAN >>>
2026-09-05,02:10:54 GMT,V6.2 DIAG | 4 0 3 -0.19999999999999996 -0.028571428571428574 0.2 0.06666666666666668 0.5 -0.35000000000000003 0.45 3 5 1 0 0 0 0 1
2026-09-05,02:10:53 GMT,V6.2 BLOCK - final pressure/veto/active/timing gate failed or signal already used
2026-09-05,02:10:53 GMT,SENTINEL V6 MULTI-WINDOW SCAN >>>
2026-09-05,02:10:53 GMT,V6.2 DIAG | 7 0 2 -0.19999999999999996 -0.08571428571428572 0.2 0.2 0.5 0.45 0.45 3 5 1 1 0 0 0 1
2026-09-05,02:10:52 GMT,V6.2 BLOCK - final pressure/veto/active/timing gate failed or signal already used
2026-09-05,02:10:52 GMT,SENTINEL V6 MULTI-WINDOW SCAN >>>
2026-09-05,02:10:52 GMT,V6.2 DIAG | 0 0 3 -0.09999999999999998 -0.05714285714285714 0.10000000000000003 0.13333333333333336 0 0.45 0.45 4 4 1 1 0 0 0 1
2026-09-05,02:10:51 GMT,V6.2 BLOCK - final pressure/veto/active/timing gate failed or signal already used
2026-09-05,02:10:51 GMT,SENTINEL V6 MULTI-WINDOW SCAN >>>
2026-09-05,02:10:51 GMT,V6.2 DIAG | 7 0 2 -0.09999999999999998 -0.11428571428571428 0.10000000000000003 0.26666666666666666 0.8 0.45 0.45 4 4 1 1 0 0 0 1
2026-09-05,02:10:50 GMT,V6.2 BLOCK - final pressure/veto/active/timing gate failed or signal already used
2026-09-05,02:10:50 GMT,SENTINEL V6 MULTI-WINDOW SCAN >>>
2026-09-05,02:10:50 GMT,V6.2 DIAG | 9 0 5 0.04999999999999993 -0.08571428571428572 -0.04999999999999999 0.2 0.25 0.45 0.45 5 3 1 1 0 0 0 1
2026-09-05,02:10:49 GMT,V6.2 BLOCK - final pressure/veto/active/timing gate failed or signal already used
2026-09-05,02:10:49 GMT,SENTINEL V6 MULTI-WINDOW SCAN >>>
2026-09-05,02:10:49 GMT,V6.2 DIAG | 8 0 7 0.15000000000000002 -0.057142857142857134 -0.14999999999999997 0.13333333333333333 0.25 0.45 -0.05 6 2 1 1 0 0 0 1
2026-09-05,02:10:48 GMT,V6.2 BLOCK - final pressure/veto/active/timing gate failed or signal already used
2026-09-05,02:10:48 GMT,SENTINEL V6 MULTI-WINDOW SCAN >>>
2026-09-05,02:10:48 GMT,V6.2 DIAG | 2 0 8 0.30000000000000004 -0.028571428571428567 -0.30000000000000004 0.06666666666666667 0.25 -0.1 -0.05 7 1 0 0 0 0 0 1
2026-09-05,02:10:47 GMT,Profit amount: 1.53
2026-09-05,02:10:47 GMT,V6.2 DIAG | 7 0 8 0.35 -0.028571428571428567 -0.35 0.06666666666666667 0.25 -0.15 -0.05 7 1 0 1 0 0 2 0
2026-09-05,02:10:46 GMT,V6.2 DIAG | 2 0 9 0.44999999999999996 0 -0.45 0 -0.25 -0.15 -0.05 8 0 0 0 0 0 2 0
2026-09-05,02:10:45 GMT,V6.2 DIAG | 5 0 12 0.35 0.028571428571428567 -0.35 -0.06666666666666667 -0.3 -0.15 -0.30000000000000004 8 0 0 1 1 0 2 0
2026-09-05,02:10:45 GMT,Bought: (ID: 22519430119)
2026-09-05,02:10:44 GMT,SENTINEL V6 MULTI-WINDOW SCAN >>>
2026-09-05,02:10:44 GMT,V6.2 DIAG | 6 1 12 0.4 0.028571428571428567 -0.4 -0.06666666666666667 -0.35 -0.15 -0.30000000000000004 8 0 0 0 1 1 2 1
2026-09-05,02:10:43 GMT,Profit amount: 1.53
2026-09-05,02:10:43 GMT,V6.2 DIAG | 3 0 12 0.4 0.028571428571428567 -0.4 -0.06666666666666667 -0.35 -0.15 -0.30000000000000004 7 1 0 0 1 0 1 1
2026-09-05,02:10:42 GMT,V6.2 DIAG | 2 0 12 0.4 0.028571428571428567 -0.4 -0.06666666666666667 -0.35 -0.15 -0.30000000000000004 7 1 0 0 0 0 1 0
2026-09-05,02:10:41 GMT,V6.2 DIAG | 3 0 12 0.25 0.057142857142857134 -0.25 -0.13333333333333333 -0.6 -0.15 -0.30000000000000004 7 1 0 0 1 0 1 0
2026-09-05,02:10:41 GMT,Bought: (ID: 22519422579)
2026-09-05,02:10:40 GMT,SENTINEL V6 MULTI-WINDOW SCAN >>>
2026-09-05,02:10:40 GMT,V6.2 DIAG | 4 1 11 0.09999999999999998 0.028571428571428567 -0.10000000000000003 -0.06666666666666667 -0.6 -0.4 0.5 7 1 0 0 1 1 1 1
2026-09-05,02:10:39 GMT,V6.2 BLOCK - final pressure/veto/active/timing gate failed or signal already used
2026-09-05,02:10:39 GMT,SENTINEL V6 MULTI-WINDOW SCAN >>>
2026-09-05,02:10:39 GMT,V6.2 DIAG | 0 0 11 0.09999999999999998 0.028571428571428567 -0.10000000000000003 -0.06666666666666667 -0.6 -0.4 0.5 6 2 0 0 1 0 1 1
2026-09-05,02:10:38 GMT,V6.2 BLOCK - final pressure/veto/active/timing gate failed or signal already used
2026-09-05,02:10:38 GMT,SENTINEL V6 MULTI-WINDOW SCAN >>>
2026-09-05,02:10:38 GMT,V6.2 DIAG | 4 0 11 0.09999999999999998 0.028571428571428567 -0.10000000000000003 -0.06666666666666667 -0.6 -0.4 0.5 5 3 1 0 0 0 1 0
2026-09-05,02:10:37 GMT,V6.2 BLOCK - final pressure/veto/active/timing gate failed or signal already used
2026-09-05,02:10:37 GMT,SENTINEL V6 MULTI-WINDOW SCAN >>>
2026-09-05,02:10:37 GMT,V6.2 DIAG | 6 0 9 -0.050000000000000044 0.05714285714285714 0.050000000000000044 -0.13333333333333336 -0.8500000000000001 -0.4 0.5 5 3 1 0 0 0 1 0
2026-09-05,02:10:36 GMT,V6.2 BLOCK - final pressure/veto/active/timing gate failed or signal already used
2026-09-05,02:10:36 GMT,SENTINEL V6 MULTI-WINDOW SCAN >>>
2026-09-05,02:10:36 GMT,V6.2 DIAG | 9 0 9 -0.19999999999999996 0.028571428571428574 0.2 -0.06666666666666668 -0.30000000000000004 -0.4 0.5 5 3 1 1 0 0 1 0
2026-09-05,02:10:35 GMT,V6.2 BLOCK - final pressure/veto/active/timing gate failed or signal already used
2026-09-05,02:10:35 GMT,SENTINEL V6 MULTI-WINDOW SCAN >>>
2026-09-05,02:10:35 GMT,V6.2 DIAG | 3 0 6 -0.09999999999999998 0 0.10000000000000003 0 -0.30000000000000004 0.4 0 5 3 1 1 0 0 1 0
2026-09-05,02:10:34 GMT,V6.2 BLOCK - final pressure/veto/active/timing gate failed or signal already used
2026-09-05,02:10:34 GMT,SENTINEL V6 MULTI-WINDOW SCAN >>>
2026-09-05,02:10:34 GMT,V6.2 DIAG | 4 0 7 -0.19999999999999996 0.028571428571428574 0.2 -0.06666666666666668 -0.5999999999999999 0.4 0 4 4 1 1 0 0 1 0
2026-09-05,02:10:33 GMT,V6.2 BLOCK - final pressure/veto/active/timing gate failed or signal already used
2026-09-05,02:10:33 GMT,SENTINEL V6 MULTI-WINDOW SCAN >>>
2026-09-05,02:10:33 GMT,V6.2 DIAG | 0 0 7 -0.15000000000000002 0.028571428571428574 0.15000000000000002 -0.06666666666666668 -0.5999999999999999 0.35000000000000003 0 4 4 1 1 0 0 1 0
2026-09-05,02:10:32 GMT,V6.2 BLOCK - final pressure/veto/active/timing gate failed or signal already used
2026-09-05,02:10:32 GMT,SENTINEL V6 MULTI-WINDOW SCAN >>>
2026-09-05,02:10:32 GMT,V6.2 DIAG | 7 0 3 -0.15000000000000002 -0.028571428571428574 0.15000000000000002 0.06666666666666668 0.2 0.35000000000000003 0 3 5 1 1 0 0 1 0
2026-09-05,02:10:31 GMT,V6.2 BLOCK - final pressure/veto/active/timing gate failed or signal already used
2026-09-05,02:10:31 GMT,SENTINEL V6 MULTI-WINDOW SCAN >>>
2026-09-05,02:10:31 GMT,V6.2 DIAG | 8 0 3 0 -0.05714285714285714 0 0.13333333333333336 0.5 0.30000000000000004 0 4 4 1 1 0 0 1 0
2026-09-05,02:10:30 GMT,V6.2 BLOCK - final pressure/veto/active/timing gate failed or signal already used
2026-09-05,02:10:30 GMT,SENTINEL V6 MULTI-WINDOW SCAN >>>
2026-09-05,02:10:30 GMT,V6.2 DIAG | 6 0 6 0 0 0 0 0.25 -0.25 0 5 3 0 0 0 0 1 0
2026-09-05,02:10:29 GMT,V6.2 BLOCK - final pressure/veto/active/timing gate failed or signal already used
2026-09-05,02:10:29 GMT,SENTINEL V6 MULTI-WINDOW SCAN >>>
2026-09-05,02:10:29 GMT,V6.2 DIAG | 3 0 6 0 -0.05714285714285714 0 0.13333333333333336 1.0499999999999998 -0.25 0 5 3 0 1 0 0 1 0
2026-09-05,02:10:28 GMT,V6.2 BLOCK - final pressure/veto/active/timing gate failed or signal already used
2026-09-05,02:10:28 GMT,SENTINEL V6 MULTI-WINDOW SCAN >>>
2026-09-05,02:10:28 GMT,V6.2 DIAG | 7 0 4 -0.09999999999999998 -0.028571428571428574 0.09999999999999998 0.06666666666666668 1.0499999999999998 -0.55 0 4 4 0 1 0 0 1 0
2026-09-05,02:10:27 GMT,V6.2 BLOCK - final pressure/veto/active/timing gate failed or signal already used
2026-09-05,02:10:27 GMT,SENTINEL V6 MULTI-WINDOW SCAN >>>
2026-09-05,02:10:27 GMT,V6.2 DIAG | 7 0 9 -0.15000000000000002 0.028571428571428574 0.15000000000000002 -0.06666666666666668 0.55 -0.8 0 5 3 0 1 0 0 1 0
2026-09-05,02:10:26 GMT,V6.2 BLOCK - final pressure/veto/active/timing gate failed or signal already used
2026-09-05,02:10:26 GMT,SENTINEL V6 MULTI-WINDOW SCAN >>>
2026-09-05,02:10:26 GMT,V6.2 DIAG | 5 0 9 -0.050000000000000044 0.05714285714285714 0.050000000000000044 -0.13333333333333336 0.05000000000000002 -0.8 0 5 3 1 0 0 0 1 0
2026-09-05,02:10:26 GMT,V6.2 BLOCK - final pressure/veto/active/timing gate failed or signal already used
2026-09-05,02:10:26 GMT,SENTINEL V6 MULTI-WINDOW SCAN >>>
2026-09-05,02:10:26 GMT,V6.2 DIAG | 7 0 6 -0.19999999999999996 0.028571428571428574 0.2 -0.06666666666666668 0.6 -0.8 0 4 4 2 1 0 0 1 0
2026-09-05,02:10:24 GMT,V6.2 BLOCK - final pressure/veto/active/timing gate failed or signal already used
2026-09-05,02:10:24 GMT,SENTINEL V6 MULTI-WINDOW SCAN >>>
2026-09-05,02:10:24 GMT,V6.2 DIAG | 1 0 9 -0.25 0.08571428571428572 0.25 -0.2 -0.15000000000000002 -0.8 0 5 3 2 0 0 0 1 0
2026-09-05,02:10:23 GMT,V6.2 BLOCK - final pressure/veto/active/timing gate failed or signal already used
2026-09-05,02:10:23 GMT,SENTINEL V6 MULTI-WINDOW SCAN >>>
2026-09-05,02:10:23 GMT,V6.2 DIAG | 2 0 7 -0.25 0.028571428571428574 0.25 -0.06666666666666668 -0.15000000000000002 0 0 4 4 2 0 0 0 1 0
2026-09-05,02:10:22 GMT,V6.2 BLOCK - final pressure/veto/active/timing gate failed or signal already used
2026-09-05,02:10:22 GMT,SENTINEL V6 MULTI-WINDOW SCAN >>>
2026-09-05,02:10:22 GMT,V6.2 DIAG | 4 0 3 -0.25 -0.028571428571428574 0.25 0.06666666666666668 -0.15000000000000002 0.8 0 3 5 2 1 0 0 1 0
2026-09-05,02:10:21 GMT,V6.2 BLOCK - final pressure/veto/active/timing gate failed or signal already used
2026-09-05,02:10:21 GMT,SENTINEL V6 MULTI-WINDOW SCAN >>>
2026-09-05,02:10:21 GMT,V6.2 DIAG | 7 0 3 -0.25 -0.028571428571428574 0.25 0.06666666666666668 -0.15000000000000002 0.8 0 3 5 2 1 0 0 1 0
2026-09-05,02:10:20 GMT,V6.2 BLOCK - final pressure/veto/active/timing gate failed or signal already used
2026-09-05,02:10:20 GMT,SENTINEL V6 MULTI-WINDOW SCAN >>>
2026-09-05,02:10:20 GMT,V6.2 DIAG | 6 0 2 -0.15000000000000002 -0.05714285714285714 0.15000000000000002 0.13333333333333336 0.15000000000000002 0.8 0 4 4 2 1 0 0 1 0
2026-09-05,02:10:19 GMT,V6.2 BLOCK - final pressure/veto/active/timing gate failed or signal already used
2026-09-05,02:10:19 GMT,SENTINEL V6 MULTI-WINDOW SCAN >>>
2026-09-05,02:10:19 GMT,V6.2 DIAG | 8 0 2 -0.09999999999999998 -0.11428571428571428 0.10000000000000003 0.26666666666666666 0.9500000000000001 0.8 -0.05 4 4 2 1 0 0 1 0
2026-09-05,02:10:18 GMT,V6.2 BLOCK - final pressure/veto/active/timing gate failed or signal already used
2026-09-05,02:10:18 GMT,SENTINEL V6 MULTI-WINDOW SCAN >>>
2026-09-05,02:10:18 GMT,V6.2 DIAG | 8 0 5 0 -0.08571428571428572 0 0.2 0.9500000000000001 0.30000000000000004 -0.05 5 3 1 1 0 0 1 0
2026-09-05,02:10:18 GMT,V6.2 BLOCK - final pressure/veto/active/timing gate failed or signal already used
2026-09-05,02:10:18 GMT,SENTINEL V6 MULTI-WINDOW SCAN >>>
2026-09-05,02:10:18 GMT,V6.2 DIAG | 0 0 8 0.10000000000000009 -0.057142857142857134 -0.09999999999999998 0.13333333333333333 0.9500000000000001 -0.2 -0.05 6 2 0 0 0 0 1 0
2026-09-05,02:10:16 GMT,V6.2 BLOCK - final pressure/veto/active/timing gate failed or signal already used
2026-09-05,02:10:16 GMT,SENTINEL V6 MULTI-WINDOW SCAN >>>
2026-09-05,02:10:16 GMT,V6.2 DIAG | 7 0 8 0.15000000000000002 -0.057142857142857134 -0.14999999999999997 0.13333333333333333 0.9500000000000001 -0.2 -0.1 6 2 0 1 0 0 1 0
2026-09-05,02:10:15 GMT,V6.2 BLOCK - final pressure/veto/active/timing gate failed or signal already used
2026-09-05,02:10:15 GMT,SENTINEL V6 MULTI-WINDOW SCAN >>>
2026-09-05,02:10:15 GMT,V6.2 DIAG | 7 0 8 0.30000000000000004 -0.028571428571428567 -0.30000000000000004 0.06666666666666667 0.4 -0.2 -0.1 7 1 0 0 0 0 1 0
2026-09-05,02:10:14 GMT,V6.2 BLOCK - final pressure/veto/active/timing gate failed or signal already used
2026-09-05,02:10:14 GMT,SENTINEL V6 MULTI-WINDOW SCAN >>>
2026-09-05,02:10:14 GMT,V6.2 DIAG | 2 0 12 0.25 0.028571428571428567 -0.24999999999999997 -0.06666666666666667 -0.35000000000000003 -0.2 -0.1 8 0 0 0 0 0 1 0
2026-09-05,02:10:13 GMT,V6.2 BLOCK - final pressure/veto/active/timing gate failed or signal already used
2026-09-05,02:10:13 GMT,SENTINEL V6 MULTI-WINDOW SCAN >>>
2026-09-05,02:10:13 GMT,V6.2 DIAG | 6 0 12 0.15000000000000002 0.057142857142857134 -0.14999999999999997 -0.13333333333333333 -0.35000000000000003 -0.5 -0.1 8 0 0 0 1 0 1 0
2026-09-05,02:10:12 GMT,V6.2 BLOCK - final pressure/veto/active/timing gate failed or signal already used
2026-09-05,02:10:12 GMT,SENTINEL V6 MULTI-WINDOW SCAN >>>
2026-09-05,02:10:12 GMT,V6.2 DIAG | 4 0 12 0.15000000000000002 0.057142857142857134 -0.14999999999999997 -0.13333333333333333 -0.35000000000000003 -0.5 -0.1 7 1 0 0 0 0 1 0
2026-09-05,02:10:11 GMT,V6.2 BLOCK - final pressure/veto/active/timing gate failed or signal already used
2026-09-05,02:10:11 GMT,SENTINEL V6 MULTI-WINDOW SCAN >>>
2026-09-05,02:10:11 GMT,V6.2 DIAG | 3 0 10 0 0.08571428571428572 0 -0.2 -0.35000000000000003 -0.75 -0.1 6 2 1 1 0 0 1 0
2026-09-05,02:10:10 GMT,V6.2 BLOCK - final pressure/veto/active/timing gate failed or signal already used
2026-09-05,02:10:10 GMT,SENTINEL V6 MULTI-WINDOW SCAN >>>
2026-09-05,02:10:10 GMT,V6.2 DIAG | 5 0 10 -0.09999999999999998 0.11428571428571428 0.10000000000000003 -0.26666666666666666 -0.35000000000000003 -1.05 -0.1 6 2 1 0 0 0 1 0
2026-09-05,02:10:09 GMT,V6.2 BLOCK - final pressure/veto/active/timing gate failed or signal already used
2026-09-05,02:10:09 GMT,SENTINEL V6 MULTI-WINDOW SCAN >>>
2026-09-05,02:10:09 GMT,V6.2 DIAG | 6 0 8 -0.050000000000000044 0.05714285714285714 0.050000000000000044 -0.13333333333333336 0.4 -1.05 -0.1 5 3 2 0 0 0 1 0
2026-09-05,02:10:08 GMT,V6.2 BLOCK - final pressure/veto/active/timing gate failed or signal already used
2026-09-05,02:10:08 GMT,SENTINEL V6 MULTI-WINDOW SCAN >>>
2026-09-05,02:10:08 GMT,V6.2 DIAG | 6 0 6 -0.19999999999999996 0.028571428571428574 0.2 -0.06666666666666668 0.4 -0.4999999999999999 -0.1 4 4 3 0 0 0 1 0
2026-09-05,02:10:07 GMT,V6.2 BLOCK - final pressure/veto/active/timing gate failed or signal already used
2026-09-05,02:10:07 GMT,SENTINEL V6 MULTI-WINDOW SCAN >>>
2026-09-05,02:10:07 GMT,V6.2 DIAG | 0 0 6 -0.19999999999999996 0.028571428571428574 0.2 -0.06666666666666668 0.4 -0.4999999999999999 -0.1 4 4 3 0 0 0 1 0
2026-09-05,02:10:06 GMT,V6.2 BLOCK - final pressure/veto/active/timing gate failed or signal already used
2026-09-05,02:10:06 GMT,SENTINEL V6 MULTI-WINDOW SCAN >>>
2026-09-05,02:10:06 GMT,V6.2 DIAG | 0 0 2 -0.19999999999999996 -0.028571428571428574 0.2 0.06666666666666668 0.4 0.30000000000000004 -0.1 3 5 4 1 0 0 1 0
2026-09-05,02:10:05 GMT,V6.2 BLOCK - final pressure/veto/active/timing gate failed or signal already used
2026-09-05,02:10:05 GMT,SENTINEL V6 MULTI-WINDOW SCAN >>>
2026-09-05,02:10:05 GMT,V6.2 DIAG | 7 0 2 -0.19999999999999996 -0.08571428571428572 0.2 0.2 0.4 1.1 -0.1 3 5 4 1 0 0 1 0
2026-09-05,02:10:04 GMT,V6.2 BLOCK - final pressure/veto/active/timing gate failed or signal already used
2026-09-05,02:10:04 GMT,SENTINEL V6 MULTI-WINDOW SCAN >>>
2026-09-05,02:10:04 GMT,V6.2 DIAG | 8 0 3 -0.050000000000000044 -0.05714285714285714 0.050000000000000044 0.13333333333333336 -0.1 1.0499999999999998 -0.1 4 4 4 1 0 0 1 0
2026-09-05,02:10:03 GMT,V6.2 BLOCK - final pressure/veto/active/timing gate failed or signal already used
2026-09-05,02:10:03 GMT,SENTINEL V6 MULTI-WINDOW SCAN >>>
2026-09-05,02:10:03 GMT,V6.2 DIAG | 6 0 6 0.04999999999999993 -0.08571428571428572 -0.04999999999999999 0.2 -0.1 1.3499999999999999 -0.1 5 3 3 1 0 0 1 0
2026-09-05,02:10:02 GMT,V6.2 BLOCK - final pressure/veto/active/timing gate failed or signal already used
2026-09-05,02:10:02 GMT,SENTINEL V6 MULTI-WINDOW SCAN >>>
2026-09-05,02:10:02 GMT,V6.2 DIAG | 8 0 6 0.04999999999999993 -0.08571428571428572 -0.04999999999999999 0.2 -0.1 1.3499999999999999 -0.1 5 3 3 1 0 0 1 0
2026-09-05,02:10:02 GMT,V6.2 BLOCK - final pressure/veto/active/timing gate failed or signal already used
2026-09-05,02:10:02 GMT,SENTINEL V6 MULTI-WINDOW SCAN >>>
2026-09-05,02:10:02 GMT,V6.2 DIAG | 8 0 7 0.15000000000000002 -0.057142857142857134 -0.14999999999999997 0.13333333333333333 -0.1 0.8500000000000001 -0.1 6 2 2 1 0 0 1 0
2026-09-05,02:10:00 GMT,V6.2 BLOCK - final pressure/veto/active/timing gate failed or signal already used
2026-09-05,02:10:00 GMT,SENTINEL V6 MULTI-WINDOW SCAN >>>
2026-09-05,02:10:00 GMT,V6.2 DIAG | 0 0 8 0.25 -0.028571428571428567 -0.24999999999999997 0.06666666666666667 -0.1 0.35000000000000003 -0.1 7 1 1 1 0 0 1 0
2026-09-05,02:09:59 GMT,V6.2 BLOCK - final pressure/veto/active/timing gate failed or signal already used
2026-09-05,02:09:59 GMT,SENTINEL V6 MULTI-WINDOW SCAN >>>
2026-09-05,02:09:59 GMT,V6.2 DIAG | 8 0 8 0.15000000000000002 0 -0.14999999999999997 0 -0.15 0.35000000000000003 -0.35000000000000003 7 1 1 1 0 0 1 0
2026-09-05,02:09:58 GMT,V6.2 BLOCK - final pressure/veto/active/timing gate failed or signal already used
2026-09-05,02:09:58 GMT,SENTINEL V6 MULTI-WINDOW SCAN >>>
2026-09-05,02:09:58 GMT,V6.2 DIAG | 3 0 12 0.30000000000000004 0.028571428571428567 -0.30000000000000004 -0.06666666666666667 -0.2 -0.15 -0.35000000000000003 8 0 0 0 1 0 1 0
2026-09-05,02:09:57 GMT,V6.2 BLOCK - final pressure/veto/active/timing gate failed or signal already used
2026-09-05,02:09:57 GMT,SENTINEL V6 MULTI-WINDOW SCAN >>>
2026-09-05,02:09:57 GMT,V6.2 DIAG | 4 0 12 0.30000000000000004 0.028571428571428567 -0.30000000000000004 -0.06666666666666667 -0.2 -0.15 -0.35000000000000003 7 1 0 0 0 0 1 0
2026-09-05,02:09:56 GMT,V6.2 BLOCK - final pressure/veto/active/timing gate failed or signal already used
2026-09-05,02:09:56 GMT,SENTINEL V6 MULTI-WINDOW SCAN >>>
2026-09-05,02:09:56 GMT,V6.2 DIAG | 1 0 12 0.20000000000000007 0.057142857142857134 -0.2 -0.13333333333333333 -0.2 -0.2 -0.6000000000000001 7 1 0 0 0 0 1 0
2026-09-05,02:09:55 GMT,V6.2 BLOCK - final pressure/veto/active/timing gate failed or signal already used
2026-09-05,02:09:55 GMT,SENTINEL V6 MULTI-WINDOW SCAN >>>
2026-09-05,02:09:55 GMT,V6.2 DIAG | 4 0 11 0.04999999999999993 0.08571428571428572 -0.04999999999999999 -0.2 -0.45 -0.2 -0.6000000000000001 7 1 0 0 0 0 1 0
2026-09-05,02:09:54 GMT,V6.2 BLOCK - final pressure/veto/active/timing gate failed or signal already used
2026-09-05,02:09:54 GMT,SENTINEL V6 MULTI-WINDOW SCAN >>>
2026-09-05,02:09:54 GMT,V6.2 DIAG | 1 0 10 0.04999999999999993 0.028571428571428567 -0.04999999999999999 -0.06666666666666667 -0.45 -0.2 0.2 6 2 0 1 0 0 1 0
2026-09-05,02:09:53 GMT,V6.2 BLOCK - final pressure/veto/active/timing gate failed or signal already used
2026-09-05,02:09:53 GMT,SENTINEL V6 MULTI-WINDOW SCAN >>>
2026-09-05,02:09:53 GMT,V6.2 DIAG | 0 0 9 -0.09999999999999998 0.05714285714285714 0.10000000000000003 -0.13333333333333336 -0.45 -0.45 0.2 5 3 0 0 0 0 1 0
2026-09-05,02:09:52 GMT,V6.2 BLOCK - final pressure/veto/active/timing gate failed or signal already used
2026-09-05,02:09:52 GMT,SENTINEL V6 MULTI-WINDOW SCAN >>>
2026-09-05,02:09:52 GMT,V6.2 DIAG | 0 0 9 -0.09999999999999998 0.05714285714285714 0.10000000000000003 -0.13333333333333336 -0.45 -0.45 0.2 5 3 0 0 0 0 1 0
2026-09-05,02:09:51 GMT,V6.2 BLOCK - final pressure/veto/active/timing gate failed or signal already used
2026-09-05,02:09:51 GMT,SENTINEL V6 MULTI-WINDOW SCAN >>>
2026-09-05,02:09:51 GMT,V6.2 DIAG | 2 0 4 -0.09999999999999998 0 0.10000000000000003 0 -0.45 -0.45 1 4 4 1 0 0 0 1 0
2026-09-05,02:09:50 GMT,V6.2 BLOCK - final pressure/veto/active/timing gate failed or signal already used
2026-09-05,02:09:50 GMT,SENTINEL V6 MULTI-WINDOW SCAN >>>
2026-09-05,02:09:50 GMT,V6.2 DIAG | 9 0 3 -0.19999999999999996 -0.028571428571428574 0.2 0.06666666666666668 0.35000000000000003 -0.75 1 4 4 1 1 0 0 1 0
2026-09-05,02:09:49 GMT,V6.2 BLOCK - final pressure/veto/active/timing gate failed or signal already used
2026-09-05,02:09:49 GMT,SENTINEL V6 MULTI-WINDOW SCAN >>>
2026-09-05,02:09:49 GMT,V6.2 DIAG | 1 0 8 -0.25 0.028571428571428574 0.25 -0.06666666666666668 0.1 -0.75 0.5 5 3 1 0 0 0 1 0
2026-09-05,02:09:48 GMT,V6.2 BLOCK - final pressure/veto/active/timing gate failed or signal already used
2026-09-05,02:09:48 GMT,SENTINEL V6 MULTI-WINDOW SCAN >>>
2026-09-05,02:09:48 GMT,V6.2 DIAG | 3 0 1 -0.25 -0.028571428571428574 0.25 0.06666666666666668 0.1 0.05000000000000002 0.5 4 4 2 0 0 0 1 0
2026-09-05,02:09:47 GMT,V6.2 BLOCK - final pressure/veto/active/timing gate failed or signal already used
2026-09-05,02:09:47 GMT,SENTINEL V6 MULTI-WINDOW SCAN >>>
2026-09-05,02:09:47 GMT,V6.2 DIAG | 9 0 1 -0.25 -0.028571428571428574 0.25 0.06666666666666668 0.1 0.05000000000000002 0.5 3 5 2 1 0 0 1 0
2026-09-05,02:09:42 GMT,V6.2 BLOCK - final pressure/veto/active/timing gate failed or signal already used
2026-09-05,02:09:42 GMT,SENTINEL V6 MULTI-WINDOW SCAN >>>
2026-09-05,02:09:42 GMT,V6.2 DIAG | 7 0 2 -0.15000000000000002 0 0.15000000000000002 0 0.1 0.05000000000000002 0 4 4 2 1 0 0 1 0
2026-09-05,02:09:41 GMT,V6.2 BLOCK - final pressure/veto/active/timing gate failed or signal already used
2026-09-05,02:09:41 GMT,SENTINEL V6 MULTI-WINDOW SCAN >>>
2026-09-05,02:09:41 GMT,V6.2 DIAG | 6 0 5 -0.050000000000000044 -0.028571428571428567 0.04999999999999999 0.06666666666666667 -0.4 0.8500000000000001 0 5 3 2 1 0 0 1 0
2026-09-05,02:09:41 GMT,V6.2 BLOCK - final pressure/veto/active/timing gate failed or signal already used
2026-09-05,02:09:41 GMT,SENTINEL V6 MULTI-WINDOW SCAN >>>
2026-09-05,02:09:41 GMT,V6.2 DIAG | 8 0 4 -0.20000000000000007 -0.05714285714285714 0.2 0.13333333333333336 0.4 0.6 0 5 3 2 1 0 0 1 0
2026-09-05,02:09:39 GMT,V6.2 BLOCK - final pressure/veto/active/timing gate failed or signal already used
2026-09-05,02:09:39 GMT,SENTINEL V6 MULTI-WINDOW SCAN >>>
2026-09-05,02:09:39 GMT,V6.2 DIAG | 4 0 5 -0.050000000000000044 -0.028571428571428567 0.04999999999999999 0.06666666666666667 0.4 0.05000000000000002 0 6 2 1 0 0 0 1 0
2026-09-05,02:09:38 GMT,V6.2 BLOCK - final pressure/veto/active/timing gate failed or signal already used
2026-09-05,02:09:38 GMT,SENTINEL V6 MULTI-WINDOW SCAN >>>
2026-09-05,02:09:38 GMT,V6.2 DIAG | 4 0 4 -0.050000000000000044 -0.028571428571428567 0.04999999999999999 0.06666666666666667 0.4 0.05000000000000002 0 5 3 2 0 0 0 1 0
2026-09-05,02:09:38 GMT,V6.2 BLOCK - final pressure/veto/active/timing gate failed or signal already used
2026-09-05,02:09:38 GMT,SENTINEL V6 MULTI-WINDOW SCAN >>>
2026-09-05,02:09:38 GMT,V6.2 DIAG | 8 0 4 -0.050000000000000044 -0.028571428571428567 0.04999999999999999 0.06666666666666667 0.4 0.05000000000000002 0 5 3 2 1 0 0 1 0
2026-09-05,02:09:37 GMT,V6.2 BLOCK - final pressure/veto/active/timing gate failed or signal already used
2026-09-05,02:09:37 GMT,SENTINEL V6 MULTI-WINDOW SCAN >>>
2026-09-05,02:09:37 GMT,V6.2 DIAG | 7 0 8 0.10000000000000009 0 -0.09999999999999998 0 0.4 -0.5 0 6 2 1 0 0 0 1 0
2026-09-05,02:09:37 GMT,V6.2 BLOCK - final pressure/veto/active/timing gate failed or signal already used
2026-09-05,02:09:37 GMT,SENTINEL V6 MULTI-WINDOW SCAN >>>
2026-09-05,02:09:37 GMT,V6.2 DIAG | 6 0 8 0.050000000000000044 0 -0.04999999999999999 0 -0.35000000000000003 0.30000000000000004 0 7 1 1 1 0 0 1 0
2026-09-05,02:09:37 GMT,V6.2 BLOCK - final pressure/veto/active/timing gate failed or signal already used
2026-09-05,02:09:37 GMT,SENTINEL V6 MULTI-WINDOW SCAN >>>
2026-09-05,02:09:37 GMT,V6.2 DIAG | 6 0 9 -0.10000000000000009 0.028571428571428567 0.09999999999999998 -0.06666666666666667 -0.6000000000000001 0.30000000000000004 0 7 1 1 1 0 0 1 0
2026-09-05,02:09:37 GMT,V6.2 BLOCK - final pressure/veto/active/timing gate failed or signal already used
2026-09-05,02:09:37 GMT,SENTINEL V6 MULTI-WINDOW SCAN >>>
2026-09-05,02:09:37 GMT,V6.2 DIAG | 5 0 9 -0.10000000000000009 0.028571428571428567 0.09999999999999998 -0.06666666666666667 -0.6000000000000001 0.30000000000000004 0 6 2 1 1 0 0 1 0
2026-09-05,02:09:33 GMT,V6.2 BLOCK - final pressure/veto/active/timing gate failed or signal already used
2026-09-05,02:09:33 GMT,SENTINEL V6 MULTI-WINDOW SCAN >>>
2026-09-05,02:09:33 GMT,V6.2 DIAG | 5 0 9 -0.25 0.05714285714285714 0.25 -0.13333333333333336 -0.6000000000000001 0.05000000000000002 0 5 3 1 0 0 0 1 0
2026-09-05,02:09:32 GMT,V6.2 BLOCK - final pressure/veto/active/timing gate failed or signal already used
2026-09-05,02:09:32 GMT,SENTINEL V6 MULTI-WINDOW SCAN >>>
2026-09-05,02:09:32 GMT,V6.2 DIAG | 8 0 9 -0.20000000000000007 0.05714285714285714 0.2 -0.13333333333333336 -0.6000000000000001 0.05000000000000002 -0.05 5 3 1 1 0 0 1 0
2026-09-05,02:09:32 GMT,V6.2 BLOCK - final pressure/veto/active/timing gate failed or signal already used
2026-09-05,02:09:32 GMT,SENTINEL V6 MULTI-WINDOW SCAN >>>
2026-09-05,02:09:32 GMT,V6.2 DIAG | 5 0 9 -0.10000000000000009 0.028571428571428567 0.09999999999999998 -0.06666666666666667 0.2 -0.45 -0.05 5 3 1 0 0 0 1 0
2026-09-05,02:09:31 GMT,V6.2 BLOCK - final pressure/veto/active/timing gate failed or signal already used
2026-09-05,02:09:31 GMT,SENTINEL V6 MULTI-WINDOW SCAN >>>
2026-09-05,02:09:31 GMT,V6.2 DIAG | 4 0 6 -0.050000000000000044 -0.028571428571428567 0.04999999999999999 0.06666666666666667 1 -0.45 -0.1 5 3 1 0 0 0 1 0
2026-09-05,02:09:30 GMT,V6.2 BLOCK - final pressure/veto/active/timing gate failed or signal already used
2026-09-05,02:09:30 GMT,SENTINEL V6 MULTI-WINDOW SCAN >>>
2026-09-05,02:09:30 GMT,V6.2 DIAG | 4 0 6 0 -0.028571428571428567 0 0.06666666666666667 0.9500000000000001 -0.45 -0.1 5 3 1 0 0 0 1 0
2026-09-05,02:09:30 GMT,V6.2 BLOCK - final pressure/veto/active/timing gate failed or signal already used
2026-09-05,02:09:30 GMT,SENTINEL V6 MULTI-WINDOW SCAN >>>
2026-09-05,02:09:30 GMT,V6.2 DIAG | 4 0 6 0.04999999999999993 -0.08571428571428572 -0.04999999999999999 0.2 0.9500000000000001 0.35000000000000003 -0.15 5 3 1 1 0 0 1 0
2026-09-05,02:09:29 GMT,V6.2 BLOCK - final pressure/veto/active/timing gate failed or signal already used
2026-09-05,02:09:29 GMT,SENTINEL V6 MULTI-WINDOW SCAN >>>
2026-09-05,02:09:29 GMT,V6.2 DIAG | 7 0 5 -0.050000000000000044 -0.05714285714285714 0.050000000000000044 0.13333333333333336 0.9500000000000001 0.05000000000000002 -0.15 5 3 1 1 0 0 1 0
2026-09-05,02:09:29 GMT,V6.2 BLOCK - final pressure/veto/active/timing gate failed or signal already used
2026-09-05,02:09:29 GMT,SENTINEL V6 MULTI-WINDOW SCAN >>>
2026-09-05,02:09:29 GMT,V6.2 DIAG | 7 0 7 0.09999999999999998 -0.028571428571428567 -0.10000000000000003 0.06666666666666667 0.45 0.05000000000000002 -0.2 6 2 1 1 0 0 1 0
2026-09-05,02:09:28 GMT,V6.2 BLOCK - final pressure/veto/active/timing gate failed or signal already used
2026-09-05,02:09:28 GMT,SENTINEL V6 MULTI-WINDOW SCAN >>>
2026-09-05,02:09:28 GMT,V6.2 DIAG | 1 0 7 0.20000000000000007 0 -0.2 0 -0.05 0.05000000000000002 -0.2 6 2 2 0 0 0 1 0
2026-09-05,02:09:23 GMT,V6.2 BLOCK - final pressure/veto/active/timing gate failed or signal already used
2026-09-05,02:09:23 GMT,SENTINEL V6 MULTI-WINDOW SCAN >>>
2026-09-05,02:09:23 GMT,V6.2 DIAG | 8 0 7 0.20000000000000007 0 -0.2 0 -0.05 0.05000000000000002 -0.2 6 2 2 1 0 0 1 0
2026-09-05,02:09:22 GMT,V6.2 BLOCK - final pressure/veto/active/timing gate failed or signal already used
2026-09-05,02:09:22 GMT,SENTINEL V6 MULTI-WINDOW SCAN >>>
2026-09-05,02:09:22 GMT,V6.2 DIAG | 1 0 12 0.35 0.028571428571428567 -0.35 -0.06666666666666667 -0.1 -0.45 -0.2 7 1 1 1 1 0 1 0
2026-09-05,02:09:22 GMT,V6.2 BLOCK - final pressure/veto/active/timing gate failed or signal already used
2026-09-05,02:09:22 GMT,SENTINEL V6 MULTI-WINDOW SCAN >>>
2026-09-05,02:09:22 GMT,V6.2 DIAG | 0 0 8 0.4 -0.028571428571428567 -0.4 0.06666666666666667 -0.15 0.35000000000000003 -0.2 7 1 1 1 0 0 1 0
2026-09-05,02:09:21 GMT,V6.2 BLOCK - final pressure/veto/active/timing gate failed or signal already used
2026-09-05,02:09:21 GMT,SENTINEL V6 MULTI-WINDOW SCAN >>>
2026-09-05,02:09:21 GMT,V6.2 DIAG | 4 0 8 0.4 -0.028571428571428567 -0.4 0.06666666666666667 -0.15 0.35000000000000003 -0.2 7 1 1 1 0 0 1 0
2026-09-05,02:09:21 GMT,V6.2 BLOCK - final pressure/veto/active/timing gate failed or signal already used
2026-09-05,02:09:21 GMT,SENTINEL V6 MULTI-WINDOW SCAN >>>
2026-09-05,02:09:21 GMT,V6.2 DIAG | 3 0 8 0.25 0 -0.25 0 -0.15 0.1 -0.2 7 1 1 0 0 0 1 0
2026-09-05,02:09:20 GMT,V6.2 BLOCK - final pressure/veto/active/timing gate failed or signal already used
2026-09-05,02:09:20 GMT,SENTINEL V6 MULTI-WINDOW SCAN >>>
2026-09-05,02:09:20 GMT,V6.2 DIAG | 2 0 8 0.25 0 -0.25 0 -0.15 0.1 -0.2 7 1 1 0 0 0 1 0
2026-09-05,02:09:20 GMT,V6.2 BLOCK - final pressure/veto/active/timing gate failed or signal already used
2026-09-05,02:09:20 GMT,SENTINEL V6 MULTI-WINDOW SCAN >>>
2026-09-05,02:09:20 GMT,V6.2 DIAG | 8 0 7 0.25 0 -0.25 0 -0.15 0.1 -0.2 6 2 2 0 0 0 1 0
2026-09-05,02:09:19 GMT,V6.2 BLOCK - final pressure/veto/active/timing gate failed or signal already used
2026-09-05,02:09:19 GMT,SENTINEL V6 MULTI-WINDOW SCAN >>>
2026-09-05,02:09:19 GMT,V6.2 DIAG | 2 0 12 0.20000000000000007 0.057142857142857134 -0.2 -0.13333333333333333 -0.15 -0.65 -0.2 7 1 1 0 1 0 1 0
2026-09-05,02:09:19 GMT,V6.2 BLOCK - final pressure/veto/active/timing gate failed or signal already used
2026-09-05,02:09:19 GMT,SENTINEL V6 MULTI-WINDOW SCAN >>>
2026-09-05,02:09:19 GMT,V6.2 DIAG | 2 0 12 0.20000000000000007 0.057142857142857134 -0.2 -0.13333333333333333 -0.15 -0.65 -0.2 7 1 1 0 1 0 1 0
2026-09-05,02:09:18 GMT,V6.2 BLOCK - final pressure/veto/active/timing gate failed or signal already used
2026-09-05,02:09:18 GMT,SENTINEL V6 MULTI-WINDOW SCAN >>>
2026-09-05,02:09:18 GMT,V6.2 DIAG | 5 0 7 0.25 0 -0.25 0 -0.15 0.1 -0.2 6 2 2 0 0 0 1 0
2026-09-05,02:09:11 GMT,V6.2 BLOCK - final pressure/veto/active/timing gate failed or signal already used
2026-09-05,02:09:11 GMT,SENTINEL V6 MULTI-WINDOW SCAN >>>
2026-09-05,02:09:11 GMT,V6.2 DIAG | 2 0 7 0.25 0 -0.25 0 -0.15 0.1 -0.2 6 2 2 0 0 0 1 0
2026-09-05,02:09:11 GMT,V6.2 BLOCK - final pressure/veto/active/timing gate failed or signal already used
2026-09-05,02:09:11 GMT,SENTINEL V6 MULTI-WINDOW SCAN >>>
2026-09-05,02:09:11 GMT,V6.2 DIAG | 6 0 7 0.30000000000000004 0 -0.3 0 -0.2 0.1 -0.2 6 2 2 0 0 0 1 0
2026-09-05,02:09:11 GMT,V6.2 BLOCK - final pressure/veto/active/timing gate failed or signal already used
2026-09-05,02:09:11 GMT,SENTINEL V6 MULTI-WINDOW SCAN >>>
2026-09-05,02:09:11 GMT,V6.2 DIAG | 3 0 7 0.1499999999999999 -0.028571428571428567 -0.15000000000000002 0.06666666666666667 -0.2 0.9 -0.45 6 2 2 1 0 0 1 0
2026-09-05,02:09:10 GMT,V6.2 BLOCK - final pressure/veto/active/timing gate failed or signal already used
2026-09-05,02:09:10 GMT,SENTINEL V6 MULTI-WINDOW SCAN >>>
2026-09-05,02:09:10 GMT,V6.2 DIAG | 8 0 7 0.1499999999999999 -0.028571428571428567 -0.15000000000000002 0.06666666666666667 -0.2 0.9 -0.45 6 2 2 1 0 0 1 0
2026-09-05,02:09:09 GMT,V6.2 BLOCK - final pressure/veto/active/timing gate failed or signal already used
2026-09-05,02:09:09 GMT,SENTINEL V6 MULTI-WINDOW SCAN >>>
2026-09-05,02:09:09 GMT,V6.2 DIAG | 2 0 11 0.09999999999999998 0.028571428571428567 -0.10000000000000003 -0.06666666666666667 -0.2 0.4 -0.7000000000000001 6 2 1 1 0 0 1 0
2026-09-05,02:09:09 GMT,V6.2 BLOCK - final pressure/veto/active/timing gate failed or signal already used
2026-09-05,02:09:09 GMT,SENTINEL V6 MULTI-WINDOW SCAN >>>
2026-09-05,02:09:09 GMT,V6.2 DIAG | 1 0 9 0 0.05714285714285714 0 -0.13333333333333336 -0.45 0.4 -0.75 6 2 1 1 0 0 1 0
2026-09-05,02:09:09 GMT,V6.2 BLOCK - final pressure/veto/active/timing gate failed or signal already used
2026-09-05,02:09:09 GMT,SENTINEL V6 MULTI-WINDOW SCAN >>>
2026-09-05,02:09:09 GMT,V6.2 DIAG | 8 0 9 -0.15000000000000002 0.08571428571428572 0.15000000000000002 -0.2 -0.45 0.4 -1 5 3 1 1 0 0 1 0
2026-09-05,02:09:08 GMT,V6.2 BLOCK - final pressure/veto/active/timing gate failed or signal already used
2026-09-05,02:09:08 GMT,SENTINEL V6 MULTI-WINDOW SCAN >>>
2026-09-05,02:09:08 GMT,V6.2 DIAG | 0 0 10 -0.15000000000000002 0.08571428571428572 0.15000000000000002 -0.2 -0.5 -0.35000000000000003 -0.20000000000000004 5 3 0 1 0 0 1 0
2026-09-05,02:09:07 GMT,V6.2 BLOCK - final pressure/veto/active/timing gate failed or signal already used
2026-09-05,02:09:07 GMT,SENTINEL V6 MULTI-WINDOW SCAN >>>
2026-09-05,02:09:07 GMT,V6.2 DIAG | 2 0 7 -0.25 0.11428571428571428 0.25 -0.26666666666666666 -0.5 -0.4 -0.4499999999999999 4 4 0 0 0 0 1 0
2026-09-05,02:09:07 GMT,V6.2 BLOCK - final pressure/veto/active/timing gate failed or signal already used
2026-09-05,02:09:07 GMT,SENTINEL V6 MULTI-WINDOW SCAN >>>
2026-09-05,02:09:07 GMT,V6.2 DIAG | 5 0 6 -0.25 0.05714285714285715 0.25 -0.13333333333333333 -0.5 -0.4 0.35000000000000003 3 5 1 1 0 0 1 0
2026-09-05,02:09:07 GMT,V6.2 BLOCK - final pressure/veto/active/timing gate failed or signal already used
2026-09-05,02:09:07 GMT,SENTINEL V6 MULTI-WINDOW SCAN >>>
2026-09-05,02:09:07 GMT,V6.2 DIAG | 6 0 2 -0.19999999999999996 0 0.19999999999999996 0 0.25 -0.4 0.35000000000000003 2 6 1 0 0 0 1 0
2026-09-05,02:09:03 GMT,V6.2 BLOCK - final pressure/veto/active/timing gate failed or signal already used
2026-09-05,02:09:03 GMT,SENTINEL V6 MULTI-WINDOW SCAN >>>
2026-09-05,02:09:03 GMT,V6.2 DIAG | 9 0 3 -0.3 -0.02857142857142857 0.29999999999999993 0.06666666666666665 0 -0.45 1.15 2 6 1 0 0 0 1 0
2026-09-05,02:09:02 GMT,V6.2 BLOCK - final pressure/veto/active/timing gate failed or signal already used
2026-09-05,02:09:02 GMT,SENTINEL V6 MULTI-WINDOW SCAN >>>
2026-09-05,02:09:02 GMT,V6.2 DIAG | 2 0 2 -0.35000000000000003 -0.02857142857142857 0.35 0.06666666666666665 -0.25 0.35000000000000003 0.65 3 5 1 1 0 0 1 0
2026-09-05,02:09:02 GMT,V6.2 BLOCK - final pressure/veto/active/timing gate failed or signal already used
2026-09-05,02:09:02 GMT,SENTINEL V6 MULTI-WINDOW SCAN >>>
2026-09-05,02:09:02 GMT,V6.2 DIAG | 9 0 2 -0.35000000000000003 -0.08571428571428572 0.35 0.19999999999999998 -0.25 0.35000000000000003 1.45 2 6 1 1 0 0 1 0
2026-09-05,02:09:01 GMT,V6.2 BLOCK - final pressure/veto/active/timing gate failed or signal already used
2026-09-05,02:09:01 GMT,SENTINEL V6 MULTI-WINDOW SCAN >>>
2026-09-05,02:09:01 GMT,V6.2 DIAG | 7 0 2 -0.25 -0.05714285714285715 0.25 0.13333333333333333 -0.25 0.35000000000000003 0.9500000000000001 2 6 1 1 0 0 1 0
2026-09-05,02:09:00 GMT,V6.2 BLOCK - final pressure/veto/active/timing gate failed or signal already used
2026-09-05,02:09:00 GMT,SENTINEL V6 MULTI-WINDOW SCAN >>>
2026-09-05,02:09:00 GMT,V6.2 DIAG | 9 0 3 -0.15000000000000002 -0.028571428571428574 0.15000000000000002 0.06666666666666668 -0.75 0.35000000000000003 0.9500000000000001 3 5 1 1 0 0 1 0
2026-09-05,02:09:00 GMT,V6.2 BLOCK - final pressure/veto/active/timing gate failed or signal already used
2026-09-05,02:09:00 GMT,SENTINEL V6 MULTI-WINDOW SCAN >>>
2026-09-05,02:09:00 GMT,V6.2 DIAG | 8 0 3 0 -0.05714285714285714 0 0.13333333333333336 0 0.35000000000000003 0.45 4 4 1 1 0 0 1 0
2026-09-05,02:08:59 GMT,V6.2 BLOCK - final pressure/veto/active/timing gate failed or signal already used
2026-09-05,02:08:59 GMT,SENTINEL V6 MULTI-WINDOW SCAN >>>
2026-09-05,02:08:59 GMT,V6.2 DIAG | 9 0 7 0.09999999999999998 -0.08571428571428572 -0.10000000000000003 0.2 0.8 -0.15 0.45 5 3 0 1 0 0 1 0
2026-09-05,02:08:59 GMT,V6.2 BLOCK - final pressure/veto/active/timing gate failed or signal already used
2026-09-05,02:08:59 GMT,SENTINEL V6 MULTI-WINDOW SCAN >>>
2026-09-05,02:08:59 GMT,V6.2 DIAG | 0 0 8 0.20000000000000007 -0.057142857142857134 -0.2 0.13333333333333333 0.8 -0.15 -0.05 6 2 0 0 0 0 1 0
2026-09-05,02:08:58 GMT,V6.2 BLOCK - final pressure/veto/active/timing gate failed or signal already used
2026-09-05,02:08:58 GMT,SENTINEL V6 MULTI-WINDOW SCAN >>>
2026-09-05,02:08:58 GMT,V6.2 DIAG | 1 0 7 0.04999999999999993 -0.028571428571428567 -0.04999999999999999 0.06666666666666667 0.8 -0.4 -0.05 6 2 0 1 0 0 1 0
2026-09-05,02:08:55 GMT,V6.2 BLOCK - final pressure/veto/active/timing gate failed or signal already used
2026-09-05,02:08:55 GMT,SENTINEL V6 MULTI-WINDOW SCAN >>>
2026-09-05,02:08:55 GMT,V6.2 DIAG | 7 0 8 0.09999999999999998 -0.028571428571428567 -0.10000000000000003 0.06666666666666667 0.75 -0.4 -0.05 6 2 0 0 0 0 1 0
2026-09-05,02:08:54 GMT,V6.2 BLOCK - final pressure/veto/active/timing gate failed or signal already used
2026-09-05,02:08:54 GMT,SENTINEL V6 MULTI-WINDOW SCAN >>>
2026-09-05,02:08:54 GMT,V6.2 DIAG | 7 1 11 0.04999999999999993 0.028571428571428567 -0.04999999999999999 -0.06666666666666667 0 -0.4 -0.05 6 2 1 1 0 0 1 0
2026-09-05,02:08:54 GMT,V6.2 BLOCK - final pressure/veto/active/timing gate failed or signal already used
2026-09-05,02:08:54 GMT,SENTINEL V6 MULTI-WINDOW SCAN >>>
2026-09-05,02:08:54 GMT,V6.2 DIAG | 6 0 12 0.15000000000000002 0.057142857142857134 -0.14999999999999997 -0.13333333333333333 -0.5 -0.4 -0.05 7 1 1 0 1 0 1 1
2026-09-05,02:08:53 GMT,V6.2 BLOCK - final pressure/veto/active/timing gate failed or signal already used
2026-09-05,02:08:53 GMT,SENTINEL V6 MULTI-WINDOW SCAN >>>
2026-09-05,02:08:53 GMT,V6.2 DIAG | 5 0 12 0.15000000000000002 0.057142857142857134 -0.14999999999999997 -0.13333333333333333 -0.5 -0.4 -0.05 6 2 1 0 1 0 1 0
2026-09-05,02:08:52 GMT,V6.2 BLOCK - final pressure/veto/active/timing gate failed or signal already used
2026-09-05,02:08:52 GMT,SENTINEL V6 MULTI-WINDOW SCAN >>>
2026-09-05,02:08:52 GMT,V6.2 DIAG | 5 0 8 0.15000000000000002 0 -0.14999999999999997 0 -0.5 0.4 -0.05 6 2 1 1 0 0 1 0
2026-09-05,02:08:51 GMT,V6.2 BLOCK - final pressure/veto/active/timing gate failed or signal already used
2026-09-05,02:08:51 GMT,SENTINEL V6 MULTI-WINDOW SCAN >>>
2026-09-05,02:08:51 GMT,V6.2 DIAG | 2 0 9 0 0.028571428571428567 0 -0.06666666666666667 -0.5 0.4 -0.30000000000000004 6 2 1 1 0 0 1 0
2026-09-05,02:08:50 GMT,V6.2 BLOCK - final pressure/veto/active/timing gate failed or signal already used
2026-09-05,02:08:50 GMT,SENTINEL V6 MULTI-WINDOW SCAN >>>
2026-09-05,02:08:50 GMT,V6.2 DIAG | 2 0 5 0 -0.028571428571428567 0 0.06666666666666667 0.30000000000000004 0.4 -0.30000000000000004 6 2 1 1 0 0 1 0
2026-09-05,02:08:49 GMT,V6.2 BLOCK - final pressure/veto/active/timing gate failed or signal already used
2026-09-05,02:08:49 GMT,SENTINEL V6 MULTI-WINDOW SCAN >>>
2026-09-05,02:08:49 GMT,V6.2 DIAG | 2 0 5 -0.09999999999999998 0 0.10000000000000003 0 0.05000000000000002 0.35000000000000003 -0.30000000000000004 5 3 1 1 0 0 1 0
2026-09-05,02:08:48 GMT,V6.2 BLOCK - final pressure/veto/active/timing gate failed or signal already used
2026-09-05,02:08:48 GMT,SENTINEL V6 MULTI-WINDOW SCAN >>>
2026-09-05,02:08:48 GMT,V6.2 DIAG | 8 0 8 -0.19999999999999996 0.028571428571428574 0.2 -0.06666666666666668 0.05000000000000002 0.1 -0.35000000000000003 5 3 1 1 0 0 1 0
2026-09-05,02:08:48 GMT,V6.2 BLOCK - final pressure/veto/active/timing gate failed or signal already used
2026-09-05,02:08:48 GMT,SENTINEL V6 MULTI-WINDOW SCAN >>>
2026-09-05,02:08:48 GMT,V6.2 DIAG | 1 0 9 -0.09999999999999998 0.05714285714285714 0.10000000000000003 -0.13333333333333336 0.05000000000000002 -0.4 -0.35000000000000003 5 3 0 0 0 0 1 0
2026-09-05,02:08:44 GMT,V6.2 BLOCK - final pressure/veto/active/timing gate failed or signal already used
2026-09-05,02:08:44 GMT,SENTINEL V6 MULTI-WINDOW SCAN >>>
2026-09-05,02:08:44 GMT,V6.2 DIAG | 7 0 7 -0.25 0.028571428571428574 0.25 -0.06666666666666668 -0.20000000000000004 -0.4 0.45 4 4 1 1 0 0 1 0
2026-09-05,02:08:43 GMT,V6.2 BLOCK - final pressure/veto/active/timing gate failed or signal already used
2026-09-05,02:08:43 GMT,SENTINEL V6 MULTI-WINDOW SCAN >>>
2026-09-05,02:08:43 GMT,V6.2 DIAG | 5 0 9 -0.30000000000000004 0.08571428571428572 0.3 -0.2 -0.7000000000000001 -0.65 0.45 5 3 1 0 0 0 1 0
2026-09-05,02:08:43 GMT,V6.2 BLOCK - final pressure/veto/active/timing gate failed or signal already used
2026-09-05,02:08:43 GMT,SENTINEL V6 MULTI-WINDOW SCAN >>>
2026-09-05,02:08:43 GMT,V6.2 DIAG | 6 0 6 -0.30000000000000004 0.028571428571428574 0.3 -0.06666666666666668 0.1 -0.65 0.45 4 4 1 0 0 0 1 0
2026-09-05,02:08:42 GMT,V6.2 BLOCK - final pressure/veto/active/timing gate failed or signal already used
2026-09-05,02:08:42 GMT,SENTINEL V6 MULTI-WINDOW SCAN >>>
2026-09-05,02:08:42 GMT,V6.2 DIAG | 4 0 1 -0.30000000000000004 -0.028571428571428574 0.3 0.06666666666666668 0.1 0.15000000000000002 0.45 3 5 2 1 0 0 1 0
2026-09-05,02:08:42 GMT,V6.2 BLOCK - final pressure/veto/active/timing gate failed or signal already used
2026-09-05,02:08:42 GMT,SENTINEL V6 MULTI-WINDOW SCAN >>>
2026-09-05,02:08:42 GMT,V6.2 DIAG | 9 0 1 -0.30000000000000004 -0.028571428571428574 0.3 0.06666666666666668 0.1 0.15000000000000002 0.45 3 5 2 1 0 0 1 0
2026-09-05,02:08:40 GMT,V6.2 BLOCK - final pressure/veto/active/timing gate failed or signal already used
2026-09-05,02:08:40 GMT,SENTINEL V6 MULTI-WINDOW SCAN >>>
2026-09-05,02:08:40 GMT,V6.2 DIAG | 6 0 2 -0.15000000000000002 -0.05714285714285714 0.15000000000000002 0.13333333333333336 0.9 0.15000000000000002 -0.1 4 4 2 1 0 0 1 0
2026-09-05,02:08:40 GMT,V6.2 BLOCK - final pressure/veto/active/timing gate failed or signal already used
2026-09-05,02:08:40 GMT,SENTINEL V6 MULTI-WINDOW SCAN >>>
2026-09-05,02:08:40 GMT,V6.2 DIAG | 7 0 2 -0.25 -0.08571428571428572 0.25 0.2 0.6 0.9500000000000001 -0.1 4 4 2 1 0 0 1 0
2026-09-05,02:08:38 GMT,V6.2 BLOCK - final pressure/veto/active/timing gate failed or signal already used
2026-09-05,02:08:38 GMT,SENTINEL V6 MULTI-WINDOW SCAN >>>
2026-09-05,02:08:38 GMT,V6.2 DIAG | 8 0 4 -0.15000000000000002 -0.05714285714285714 0.15000000000000002 0.13333333333333336 0.1 0.9500000000000001 -0.1 5 3 2 1 0 0 1 0
2026-09-05,02:08:38 GMT,V6.2 BLOCK - final pressure/veto/active/timing gate failed or signal already used
2026-09-05,02:08:38 GMT,SENTINEL V6 MULTI-WINDOW SCAN >>>
2026-09-05,02:08:38 GMT,V6.2 DIAG | 0 0 5 -0.050000000000000044 -0.028571428571428567 0.04999999999999999 0.06666666666666667 0.1 0.45 -0.1 5 3 1 1 0 0 1 0
2026-09-05,02:08:37 GMT,V6.2 BLOCK - final pressure/veto/active/timing gate failed or signal already used
2026-09-05,02:08:37 GMT,SENTINEL V6 MULTI-WINDOW SCAN >>>
2026-09-05,02:08:37 GMT,V6.2 DIAG | 7 0 5 -0.050000000000000044 -0.028571428571428567 0.04999999999999999 0.06666666666666667 0.1 0.45 -0.1 5 3 1 1 0 0 1 0
2026-09-05,02:08:37 GMT,V6.2 BLOCK - final pressure/veto/active/timing gate failed or signal already used
2026-09-05,02:08:37 GMT,SENTINEL V6 MULTI-WINDOW SCAN >>>
2026-09-05,02:08:37 GMT,V6.2 DIAG | 8 0 9 -0.10000000000000009 0.028571428571428567 0.09999999999999998 -0.06666666666666667 -0.65 0.45 -0.1 6 2 1 1 0 0 1 0
2026-09-05,02:08:33 GMT,V6.2 BLOCK - final pressure/veto/active/timing gate failed or signal already used
2026-09-05,02:08:33 GMT,SENTINEL V6 MULTI-WINDOW SCAN >>>
2026-09-05,02:08:33 GMT,V6.2 DIAG | 6 0 8 0.050000000000000044 0 -0.04999999999999999 0 0.15000000000000002 -0.1 -0.1 7 1 0 0 0 0 1 0
2026-09-05,02:08:32 GMT,V6.2 BLOCK - final pressure/veto/active/timing gate failed or signal already used
2026-09-05,02:08:32 GMT,SENTINEL V6 MULTI-WINDOW SCAN >>>
2026-09-05,02:08:32 GMT,V6.2 DIAG | 4 0 8 0.050000000000000044 0 -0.04999999999999999 0 0.15000000000000002 -0.1 -0.1 6 2 0 0 0 0 1 0
2026-09-05,02:08:32 GMT,V6.2 BLOCK - final pressure/veto/active/timing gate failed or signal already used
2026-09-05,02:08:32 GMT,SENTINEL V6 MULTI-WINDOW SCAN >>>
2026-09-05,02:08:32 GMT,V6.2 DIAG | 2 0 8 0.050000000000000044 0 -0.04999999999999999 0 0.15000000000000002 -0.1 -0.1 6 2 0 0 0 0 1 0
2026-09-05,02:08:30 GMT,V6.2 BLOCK - final pressure/veto/active/timing gate failed or signal already used
2026-09-05,02:08:30 GMT,SENTINEL V6 MULTI-WINDOW SCAN >>>
2026-09-05,02:08:30 GMT,V6.2 DIAG | 0 0 8 0.10000000000000009 0 -0.09999999999999998 0 0.1 -0.1 -0.1 6 2 0 0 0 0 1 0
2026-09-05,02:08:30 GMT,V6.2 BLOCK - final pressure/veto/active/timing gate failed or signal already used
2026-09-05,02:08:30 GMT,SENTINEL V6 MULTI-WINDOW SCAN >>>
2026-09-05,02:08:30 GMT,V6.2 DIAG | 7 0 8 0.10000000000000009 -0.057142857142857134 -0.09999999999999998 0.13333333333333333 0.9 -0.1 -0.1 6 2 0 1 0 0 1 0
2026-09-05,02:08:29 GMT,V6.2 BLOCK - final pressure/veto/active/timing gate failed or signal already used
2026-09-05,02:08:29 GMT,SENTINEL V6 MULTI-WINDOW SCAN >>>
2026-09-05,02:08:29 GMT,V6.2 DIAG | 4 0 8 0.25 -0.028571428571428567 -0.24999999999999997 0.06666666666666667 0.4 -0.1 -0.15 7 1 0 0 0 0 1 0
2026-09-05,02:08:29 GMT,V6.2 BLOCK - final pressure/veto/active/timing gate failed or signal already used
2026-09-05,02:08:29 GMT,SENTINEL V6 MULTI-WINDOW SCAN >>>
2026-09-05,02:08:29 GMT,V6.2 DIAG | 1 0 8 0.10000000000000009 0 -0.09999999999999998 0 0.4 -0.35000000000000003 -0.15 7 1 0 0 0 0 1 0
2026-09-05,02:08:28 GMT,V6.2 BLOCK - final pressure/veto/active/timing gate failed or signal already used
2026-09-05,02:08:28 GMT,SENTINEL V6 MULTI-WINDOW SCAN >>>
2026-09-05,02:08:28 GMT,V6.2 DIAG | 0 0 9 0 0.028571428571428567 0 -0.06666666666666667 0.4 -0.4 -0.4 7 1 0 0 0 0 1 0
2026-09-05,02:08:28 GMT,V6.2 BLOCK - final pressure/veto/active/timing gate failed or signal already used
2026-09-05,02:08:28 GMT,SENTINEL V6 MULTI-WINDOW SCAN >>>
2026-09-05,02:08:28 GMT,V6.2 DIAG | 7 1 9 0 0.028571428571428567 0 -0.06666666666666667 0.4 -0.4 -0.4 6 2 1 1 0 0 1 0
2026-09-05,02:08:22 GMT,V6.2 BLOCK - final pressure/veto/active/timing gate failed or signal already used
2026-09-05,02:08:22 GMT,SENTINEL V6 MULTI-WINDOW SCAN >>>
2026-09-05,02:08:22 GMT,V6.2 DIAG | 2 0 12 0.10000000000000009 0.057142857142857134 -0.09999999999999998 -0.13333333333333333 -0.1 -0.4 -0.4 6 2 1 0 1 0 1 1
2026-09-05,02:08:21 GMT,V6.2 BLOCK - final pressure/veto/active/timing gate failed or signal already used
2026-09-05,02:08:21 GMT,SENTINEL V6 MULTI-WINDOW SCAN >>>
2026-09-05,02:08:21 GMT,V6.2 DIAG | 0 0 12 0.10000000000000009 0.057142857142857134 -0.09999999999999998 -0.13333333333333333 -0.1 -0.4 -0.4 6 2 1 0 1 0 1 0
2026-09-05,02:08:21 GMT,V6.2 BLOCK - final pressure/veto/active/timing gate failed or signal already used
2026-09-05,02:08:21 GMT,SENTINEL V6 MULTI-WINDOW SCAN >>>
2026-09-05,02:08:21 GMT,V6.2 DIAG | 6 0 8 0.10000000000000009 0 -0.09999999999999998 0 -0.1 0.4 -0.4 6 2 1 1 0 0 1 0
2026-09-05,02:08:20 GMT,V6.2 BLOCK - final pressure/veto/active/timing gate failed or signal already used
2026-09-05,02:08:20 GMT,SENTINEL V6 MULTI-WINDOW SCAN >>>
2026-09-05,02:08:20 GMT,V6.2 DIAG | 4 0 7 0.10000000000000009 -0.057142857142857134 -0.09999999999999998 0.13333333333333333 -0.1 0.4 0.4 6 2 1 1 0 0 1 0
2026-09-05,02:08:20 GMT,V6.2 BLOCK - final pressure/veto/active/timing gate failed or signal already used
2026-09-05,02:08:20 GMT,SENTINEL V6 MULTI-WINDOW SCAN >>>
2026-09-05,02:08:20 GMT,V6.2 DIAG | 0 0 7 0.10000000000000009 -0.057142857142857134 -0.09999999999999998 0.13333333333333333 -0.1 0.4 0.4 6 2 1 1 0 0 1 0
2026-09-05,02:08:19 GMT,V6.2 BLOCK - final pressure/veto/active/timing gate failed or signal already used
2026-09-05,02:08:19 GMT,SENTINEL V6 MULTI-WINDOW SCAN >>>
2026-09-05,02:08:19 GMT,V6.2 DIAG | 5 0 5 -0.050000000000000044 -0.028571428571428567 0.04999999999999999 0.06666666666666667 -0.1 0.4 0.15000000000000002 6 2 1 1 0 0 1 0
2026-09-05,02:08:19 GMT,V6.2 BLOCK - final pressure/veto/active/timing gate failed or signal already used
2026-09-05,02:08:19 GMT,SENTINEL V6 MULTI-WINDOW SCAN >>>
2026-09-05,02:08:19 GMT,V6.2 DIAG | 8 0 5 -0.20000000000000007 0 0.2 0 -0.35000000000000003 0.4 0.15000000000000002 6 2 1 1 0 0 1 0
2026-09-05,02:08:18 GMT,V6.2 BLOCK - final pressure/veto/active/timing gate failed or signal already used
2026-09-05,02:08:18 GMT,SENTINEL V6 MULTI-WINDOW SCAN >>>
2026-09-05,02:08:18 GMT,V6.2 DIAG | 9 0 9 -0.10000000000000009 0.028571428571428567 0.09999999999999998 -0.06666666666666667 -0.35000000000000003 -0.1 0.15000000000000002 6 2 0 1 0 0 1 0
2026-09-05,02:08:17 GMT,V6.2 BLOCK - final pressure/veto/active/timing gate failed or signal already used
2026-09-05,02:08:17 GMT,SENTINEL V6 MULTI-WINDOW SCAN >>>
2026-09-05,02:08:17 GMT,V6.2 DIAG | 4 0 10 0 0.057142857142857134 0 -0.13333333333333333 -0.35000000000000003 -0.1 -0.35000000000000003 6 2 0 0 0 0 1 0
2026-09-05,02:08:17 GMT,V6.2 BLOCK - final pressure/veto/active/timing gate failed or signal already used
2026-09-05,02:08:17 GMT,SENTINEL V6 MULTI-WINDOW SCAN >>>
2026-09-05,02:08:17 GMT,V6.2 DIAG | 1 0 12 0.050000000000000044 0.057142857142857134 -0.04999999999999999 -0.13333333333333333 -0.35000000000000003 -0.1 -0.4 6 2 0 0 1 0 1 0
2026-09-05,02:08:17 GMT,V6.2 BLOCK - final pressure/veto/active/timing gate failed or signal already used
2026-09-05,02:08:17 GMT,SENTINEL V6 MULTI-WINDOW SCAN >>>
2026-09-05,02:08:17 GMT,V6.2 DIAG | 2 0 8 0.050000000000000044 0 -0.04999999999999999 0 -0.35000000000000003 -0.1 0.4 6 2 0 0 0 0 1 0
2026-09-05,02:08:13 GMT,V6.2 BLOCK - final pressure/veto/active/timing gate failed or signal already used
2026-09-05,02:08:13 GMT,SENTINEL V6 MULTI-WINDOW SCAN >>>
2026-09-05,02:08:13 GMT,V6.2 DIAG | 1 0 5 -0.10000000000000009 -0.028571428571428567 0.09999999999999998 0.06666666666666667 0.45 -0.35000000000000003 0.4 6 2 0 0 0 0 1 0
2026-09-05,02:08:12 GMT,V6.2 BLOCK - final pressure/veto/active/timing gate failed or signal already used
2026-09-05,02:08:12 GMT,SENTINEL V6 MULTI-WINDOW SCAN >>>
2026-09-05,02:08:12 GMT,V6.2 DIAG | 3 0 5 -0.10000000000000009 -0.028571428571428567 0.09999999999999998 0.06666666666666667 0.45 -0.35000000000000003 0.4 6 2 0 0 0 0 1 0
2026-09-05,02:08:12 GMT,V6.2 BLOCK - final pressure/veto/active/timing gate failed or signal already used
2026-09-05,02:08:12 GMT,SENTINEL V6 MULTI-WINDOW SCAN >>>
2026-09-05,02:08:12 GMT,V6.2 DIAG | 0 0 5 -0.050000000000000044 -0.028571428571428567 0.04999999999999999 0.06666666666666667 0.4 -0.35000000000000003 0.4 5 3 1 1 0 0 1 0
2026-09-05,02:08:11 GMT,V6.2 BLOCK - final pressure/veto/active/timing gate failed or signal already used
2026-09-05,02:08:11 GMT,SENTINEL V6 MULTI-WINDOW SCAN >>>
2026-09-05,02:08:11 GMT,V6.2 DIAG | 9 0 5 -0.15000000000000002 0 0.15000000000000002 0 0.15000000000000002 -0.35000000000000003 0.35000000000000003 5 3 1 1 0 0 1 0
2026-09-05,02:08:09 GMT,V6.2 BLOCK - final pressure/veto/active/timing gate failed or signal already used
2026-09-05,02:08:09 GMT,SENTINEL V6 MULTI-WINDOW SCAN >>>
2026-09-05,02:08:09 GMT,V6.2 DIAG | 7 0 9 -0.050000000000000044 0.028571428571428567 0.04999999999999999 -0.06666666666666667 0.15000000000000002 -0.35000000000000003 -0.15 6 2 1 0 0 0 1 0
2026-09-05,02:08:09 GMT,V6.2 BLOCK - final pressure/veto/active/timing gate failed or signal already used
2026-09-05,02:08:09 GMT,SENTINEL V6 MULTI-WINDOW SCAN >>>
2026-09-05,02:08:09 GMT,V6.2 DIAG | 4 0 9 -0.10000000000000009 0.028571428571428567 0.09999999999999998 -0.06666666666666667 -0.35000000000000003 0.45 -0.4 6 2 1 1 0 0 1 0
2026-09-05,02:08:09 GMT,V6.2 BLOCK - final pressure/veto/active/timing gate failed or signal already used
2026-09-05,02:08:09 GMT,SENTINEL V6 MULTI-WINDOW SCAN >>>
2026-09-05,02:08:09 GMT,V6.2 DIAG | 5 0 9 -0.050000000000000044 0.028571428571428567 0.04999999999999999 -0.06666666666666667 -0.35000000000000003 0.45 -0.45 6 2 1 1 0 0 1 0
2026-09-05,02:08:08 GMT,V6.2 BLOCK - final pressure/veto/active/timing gate failed or signal already used
2026-09-05,02:08:08 GMT,SENTINEL V6 MULTI-WINDOW SCAN >>>
2026-09-05,02:08:08 GMT,V6.2 DIAG | 3 0 9 -0.20000000000000007 0.05714285714285714 0.2 -0.13333333333333336 -0.35000000000000003 0.2 -0.45 5 3 1 1 0 0 1 0
2026-09-05,02:08:08 GMT,V6.2 BLOCK - final pressure/veto/active/timing gate failed or signal already used
2026-09-05,02:08:08 GMT,SENTINEL V6 MULTI-WINDOW SCAN >>>
2026-09-05,02:08:08 GMT,V6.2 DIAG | 5 0 5 -0.20000000000000007 0 0.2 0 0.45 0.2 -0.45 5 3 1 1 0 0 1 0
2026-09-05,02:08:06 GMT,V6.2 BLOCK - final pressure/veto/active/timing gate failed or signal already used
2026-09-05,02:08:06 GMT,SENTINEL V6 MULTI-WINDOW SCAN >>>
2026-09-05,02:08:06 GMT,V6.2 DIAG | 8 0 2 -0.20000000000000007 0 0.2 0 0.45 0.2 -0.45 4 4 2 1 0 0 1 0
2026-09-05,02:08:04 GMT,V6.2 BLOCK - final pressure/veto/active/timing gate failed or signal already used
2026-09-05,02:08:04 GMT,SENTINEL V6 MULTI-WINDOW SCAN >>>
2026-09-05,02:08:04 GMT,V6.2 DIAG | 0 0 5 -0.10000000000000009 -0.028571428571428567 0.09999999999999998 0.06666666666666667 0.45 -0.30000000000000004 0.35000000000000003 5 3 1 0 0 0 1 0
2026-09-05,02:08:03 GMT,V6.2 BLOCK - final pressure/veto/active/timing gate failed or signal already used
2026-09-05,02:08:03 GMT,SENTINEL V6 MULTI-WINDOW SCAN >>>
2026-09-05,02:08:03 GMT,V6.2 DIAG | 2 0 5 -0.10000000000000009 -0.028571428571428567 0.09999999999999998 0.06666666666666667 0.45 -0.30000000000000004 0.35000000000000003 5 3 1 0 0 0 1 0
2026-09-05,02:08:03 GMT,V6.2 BLOCK - final pressure/veto/active/timing gate failed or signal already used
2026-09-05,02:08:03 GMT,SENTINEL V6 MULTI-WINDOW SCAN >>>
2026-09-05,02:08:03 GMT,V6.2 DIAG | 7 0 4 -0.10000000000000009 -0.08571428571428572 0.09999999999999998 0.2 0.45 0.5 0.35000000000000003 5 3 1 1 0 0 1 0
2026-09-05,02:08:01 GMT,V6.2 BLOCK - final pressure/veto/active/timing gate failed or signal already used
2026-09-05,02:08:01 GMT,SENTINEL V6 MULTI-WINDOW SCAN >>>
2026-09-05,02:08:01 GMT,V6.2 DIAG | 0 0 7 0.050000000000000044 -0.057142857142857134 -0.04999999999999999 0.13333333333333333 -0.05 0.45 0.35000000000000003 6 2 1 1 0 0 1 0
2026-09-05,02:08:00 GMT,V6.2 BLOCK - final pressure/veto/active/timing gate failed or signal already used
2026-09-05,02:08:00 GMT,SENTINEL V6 MULTI-WINDOW SCAN >>>
2026-09-05,02:08:00 GMT,V6.2 DIAG | 9 0 7 0.050000000000000044 -0.057142857142857134 -0.04999999999999999 0.13333333333333333 -0.05 0.45 0.35000000000000003 6 2 1 1 0 0 1 0
2026-09-05,02:08:00 GMT,V6.2 BLOCK - final pressure/veto/active/timing gate failed or signal already used
2026-09-05,02:08:00 GMT,SENTINEL V6 MULTI-WINDOW SCAN >>>
2026-09-05,02:08:00 GMT,V6.2 DIAG | 5 0 8 0.15000000000000002 -0.028571428571428567 -0.15 0.06666666666666667 -0.05 0.45 -0.15 7 1 1 1 0 0 1 0
2026-09-05,02:07:59 GMT,V6.2 BLOCK - final pressure/veto/active/timing gate failed or signal already used
2026-09-05,02:07:59 GMT,SENTINEL V6 MULTI-WINDOW SCAN >>>
2026-09-05,02:07:59 GMT,V6.2 DIAG | 8 0 8 0.20000000000000007 -0.028571428571428567 -0.19999999999999998 0.06666666666666667 -0.05 0.45 -0.2 7 1 1 1 0 0 1 0
2026-09-05,02:07:59 GMT,V6.2 BLOCK - final pressure/veto/active/timing gate failed or signal already used
2026-09-05,02:07:59 GMT,SENTINEL V6 MULTI-WINDOW SCAN >>>
2026-09-05,02:07:59 GMT,V6.2 DIAG | 5 0 9 0.30000000000000004 0 -0.3 0 -0.05 -0.05 -0.2 8 0 0 0 0 0 1 1
2026-09-05,02:07:57 GMT,V6.2 BLOCK - final pressure/veto/active/timing gate failed or signal already used
2026-09-05,02:07:57 GMT,SENTINEL V6 MULTI-WINDOW SCAN >>>
2026-09-05,02:07:57 GMT,V6.2 DIAG | 2 0 12 0.15000000000000002 0.028571428571428567 -0.15 -0.06666666666666667 -0.05 -0.05 -0.45 8 0 0 0 1 0 1 0
2026-09-05,02:07:57 GMT,V6.2 BLOCK - final pressure/veto/active/timing gate failed or signal already used
2026-09-05,02:07:57 GMT,SENTINEL V6 MULTI-WINDOW SCAN >>>
2026-09-05,02:07:57 GMT,V6.2 DIAG | 6 0 12 0.15000000000000002 0.028571428571428567 -0.15 -0.06666666666666667 -0.05 -0.05 -0.45 8 0 0 0 1 0 1 0
2026-09-05,02:07:55 GMT,V6.2 BLOCK - final pressure/veto/active/timing gate failed or signal already used
2026-09-05,02:07:55 GMT,SENTINEL V6 MULTI-WINDOW SCAN >>>
2026-09-05,02:07:55 GMT,V6.2 DIAG | 2 1 12 0.20000000000000007 0.028571428571428567 -0.19999999999999998 -0.06666666666666667 -0.1 -0.05 -0.45 7 1 0 0 1 0 1 0
2026-09-05,02:07:54 GMT,V6.2 BLOCK - final pressure/veto/active/timing gate failed or signal already used
2026-09-05,02:07:54 GMT,SENTINEL V6 MULTI-WINDOW SCAN >>>
2026-09-05,02:07:54 GMT,V6.2 DIAG | 2 0 12 0.25 0.028571428571428567 -0.24999999999999997 -0.06666666666666667 -0.1 -0.1 -0.45 7 1 0 0 0 0 1 1
2026-09-05,02:07:53 GMT,V6.2 BLOCK - final pressure/veto/active/timing gate failed or signal already used
2026-09-05,02:07:53 GMT,SENTINEL V6 MULTI-WINDOW SCAN >>>
2026-09-05,02:07:53 GMT,V6.2 DIAG | 3 0 12 0.15000000000000002 0.057142857142857134 -0.14999999999999997 -0.13333333333333333 -0.35000000000000003 -0.1 -0.5 7 1 0 0 1 0 1 0
2026-09-05,02:07:52 GMT,V6.2 BLOCK - final pressure/veto/active/timing gate failed or signal already used
2026-09-05,02:07:52 GMT,SENTINEL V6 MULTI-WINDOW SCAN >>>
2026-09-05,02:07:52 GMT,V6.2 DIAG | 4 0 9 0 0.028571428571428567 0 -0.06666666666666667 -0.35000000000000003 -0.1 0.05000000000000002 7 1 0 0 0 0 1 0
2026-09-05,02:07:52 GMT,V6.2 BLOCK - final pressure/veto/active/timing gate failed or signal already used
2026-09-05,02:07:52 GMT,SENTINEL V6 MULTI-WINDOW SCAN >>>
2026-09-05,02:07:52 GMT,V6.2 DIAG | 0 0 9 0 0.028571428571428567 0 -0.06666666666666667 -0.35000000000000003 -0.1 0.05000000000000002 6 2 0 0 0 0 1 0
2026-09-05,02:07:51 GMT,V6.2 BLOCK - final pressure/veto/active/timing gate failed or signal already used
2026-09-05,02:07:51 GMT,SENTINEL V6 MULTI-WINDOW SCAN >>>
2026-09-05,02:07:51 GMT,V6.2 DIAG | 0 0 9 0 0.028571428571428567 0 -0.06666666666666667 -0.35000000000000003 -0.1 0.05000000000000002 5 3 0 1 0 0 1 0
2026-09-05,02:07:50 GMT,V6.2 BLOCK - final pressure/veto/active/timing gate failed or signal already used
2026-09-05,02:07:50 GMT,SENTINEL V6 MULTI-WINDOW SCAN >>>
2026-09-05,02:07:50 GMT,V6.2 DIAG | 4 0 10 -0.09999999999999998 0.05714285714285714 0.10000000000000003 -0.13333333333333336 -0.4 -0.1 -0.20000000000000004 5 3 0 0 0 0 1 0
2026-09-05,02:07:49 GMT,V6.2 BLOCK - final pressure/veto/active/timing gate failed or signal already used
2026-09-05,02:07:49 GMT,SENTINEL V6 MULTI-WINDOW SCAN >>>
2026-09-05,02:07:49 GMT,V6.2 DIAG | 9 0 6 -0.050000000000000044 0 0.050000000000000044 0 0.4 -0.15 -0.20000000000000004 5 3 0 1 0 0 1 0
2026-09-05,02:07:48 GMT,V6.2 BLOCK - final pressure/veto/active/timing gate failed or signal already used
2026-09-05,02:07:48 GMT,SENTINEL V6 MULTI-WINDOW SCAN >>>
2026-09-05,02:07:48 GMT,V6.2 DIAG | 1 0 6 0.04999999999999993 -0.028571428571428567 -0.04999999999999999 0.06666666666666667 0.4 -0.15 0.1 5 3 0 0 0 0 1 0
2026-09-05,02:07:45 GMT,V6.2 BLOCK - final pressure/veto/active/timing gate failed or signal already used
2026-09-05,02:07:45 GMT,SENTINEL V6 MULTI-WINDOW SCAN >>>
2026-09-05,02:07:45 GMT,V6.2 DIAG | 0 0 6 0.04999999999999993 -0.028571428571428567 -0.04999999999999999 0.06666666666666667 0.4 -0.15 0.1 5 3 0 0 0 0 1 0
2026-09-05,02:07:43 GMT,V6.2 BLOCK - final pressure/veto/active/timing gate failed or signal already used
2026-09-05,02:07:43 GMT,SENTINEL V6 MULTI-WINDOW SCAN >>>
2026-09-05,02:07:43 GMT,V6.2 DIAG | 1 0 6 0.04999999999999993 -0.028571428571428567 -0.04999999999999999 0.06666666666666667 0.4 -0.15 0.1 5 3 0 0 0 0 1 0
2026-09-05,02:07:43 GMT,V6.2 BLOCK - final pressure/veto/active/timing gate failed or signal already used
2026-09-05,02:07:43 GMT,SENTINEL V6 MULTI-WINDOW SCAN >>>
2026-09-05,02:07:43 GMT,V6.2 DIAG | 7 0 6 0.04999999999999993 -0.08571428571428572 -0.04999999999999999 0.2 0.4 -0.15 0.9 5 3 0 1 0 0 1 0
2026-09-05,02:07:42 GMT,V6.2 BLOCK - final pressure/veto/active/timing gate failed or signal already used
2026-09-05,02:07:42 GMT,SENTINEL V6 MULTI-WINDOW SCAN >>>
2026-09-05,02:07:42 GMT,V6.2 DIAG | 9 0 8 0.15000000000000002 -0.057142857142857134 -0.14999999999999997 0.13333333333333333 -0.1 -0.15 0.9 6 2 0 0 0 0 1 0
2026-09-05,02:07:41 GMT,V6.2 BLOCK - final pressure/veto/active/timing gate failed or signal already used
2026-09-05,02:07:41 GMT,SENTINEL V6 MULTI-WINDOW SCAN >>>
2026-09-05,02:07:41 GMT,V6.2 DIAG | 0 0 8 0.10000000000000009 0 -0.09999999999999998 0 -0.1 -0.4 0.4 7 1 0 0 0 0 1 0
2026-09-05,02:07:40 GMT,V6.2 BLOCK - final pressure/veto/active/timing gate failed or signal already used
2026-09-05,02:07:40 GMT,SENTINEL V6 MULTI-WINDOW SCAN >>>
2026-09-05,02:07:40 GMT,V6.2 DIAG | 3 0 8 0.10000000000000009 0 -0.09999999999999998 0 -0.1 -0.4 0.4 7 1 0 0 0 0 1 0
2026-09-05,02:07:40 GMT,V6.2 BLOCK - final pressure/veto/active/timing gate failed or signal already used
2026-09-05,02:07:40 GMT,SENTINEL V6 MULTI-WINDOW SCAN >>>
2026-09-05,02:07:40 GMT,V6.2 DIAG | 9 0 8 0.15000000000000002 0 -0.14999999999999997 0 -0.15 -0.4 0.4 6 2 1 0 0 0 1 1
2026-09-05,02:07:39 GMT,V6.2 BLOCK - final pressure/veto/active/timing gate failed or signal already used
2026-09-05,02:07:39 GMT,SENTINEL V6 MULTI-WINDOW SCAN >>>
2026-09-05,02:07:39 GMT,V6.2 DIAG | 0 0 12 0.10000000000000009 0.057142857142857134 -0.09999999999999998 -0.13333333333333333 -0.15 -0.4 -0.35000000000000003 7 1 1 0 1 0 1 1
2026-09-05,02:07:38 GMT,V6.2 BLOCK - final pressure/veto/active/timing gate failed or signal already used
2026-09-05,02:07:38 GMT,SENTINEL V6 MULTI-WINDOW SCAN >>>
2026-09-05,02:07:38 GMT,V6.2 DIAG | 0 0 12 0.10000000000000009 0.057142857142857134 -0.09999999999999998 -0.13333333333333333 -0.15 -0.4 -0.35000000000000003 7 1 1 0 1 0 1 0
2026-09-05,02:07:38 GMT,V6.2 BLOCK - final pressure/veto/active/timing gate failed or signal already used
2026-09-05,02:07:38 GMT,SENTINEL V6 MULTI-WINDOW SCAN >>>
2026-09-05,02:07:38 GMT,V6.2 DIAG | 3 0 8 0.10000000000000009 0 -0.09999999999999998 0 -0.15 0.4 -0.35000000000000003 6 2 1 1 0 0 1 0
2026-09-05,02:07:38 GMT,V6.2 BLOCK - final pressure/veto/active/timing gate failed or signal already used
2026-09-05,02:07:38 GMT,SENTINEL V6 MULTI-WINDOW SCAN >>>
2026-09-05,02:07:38 GMT,V6.2 DIAG | 3 0 8 0.10000000000000009 0 -0.09999999999999998 0 -0.15 0.4 -0.35000000000000003 6 2 1 1 0 0 1 0
2026-09-05,02:07:36 GMT,V6.2 BLOCK - final pressure/veto/active/timing gate failed or signal already used
2026-09-05,02:07:36 GMT,SENTINEL V6 MULTI-WINDOW SCAN >>>
2026-09-05,02:07:36 GMT,V6.2 DIAG | 6 0 9 0 0.028571428571428567 0 -0.06666666666666667 -0.4 0.4 -0.4 6 2 1 1 0 0 1 0
2026-09-05,02:07:35 GMT,V6.2 BLOCK - final pressure/veto/active/timing gate failed or signal already used
2026-09-05,02:07:35 GMT,SENTINEL V6 MULTI-WINDOW SCAN >>>
2026-09-05,02:07:35 GMT,V6.2 DIAG | 5 0 5 -0.15000000000000002 0 0.15000000000000002 0 -0.4 0.15000000000000002 0.4 6 2 1 1 0 0 1 0
2026-09-05,02:07:34 GMT,V6.2 BLOCK - final pressure/veto/active/timing gate failed or signal already used
2026-09-05,02:07:34 GMT,SENTINEL V6 MULTI-WINDOW SCAN >>>
2026-09-05,02:07:34 GMT,V6.2 DIAG | 8 0 8 -0.25 0.028571428571428574 0.25 -0.06666666666666668 -0.4 0.1 0.15000000000000002 5 3 1 1 0 0 1 0
2026-09-05,02:07:34 GMT,V6.2 BLOCK - final pressure/veto/active/timing gate failed or signal already used
2026-09-05,02:07:34 GMT,SENTINEL V6 MULTI-WINDOW SCAN >>>
2026-09-05,02:07:34 GMT,V6.2 DIAG | 5 0 9 -0.15000000000000002 0.05714285714285714 0.15000000000000002 -0.13333333333333336 -0.4 -0.4 0.15000000000000002 5 3 1 0 0 0 1 0
2026-09-05,02:07:33 GMT,V6.2 BLOCK - final pressure/veto/active/timing gate failed or signal already used
2026-09-05,02:07:33 GMT,SENTINEL V6 MULTI-WINDOW SCAN >>>
2026-09-05,02:07:33 GMT,V6.2 DIAG | 3 0 7 -0.09999999999999998 0.05714285714285714 0.10000000000000003 -0.13333333333333336 -0.4 -0.4 0.1 4 4 1 0 0 0 1 0
2026-09-05,02:07:31 GMT,V6.2 BLOCK - final pressure/veto/active/timing gate failed or signal already used
2026-09-05,02:07:31 GMT,SENTINEL V6 MULTI-WINDOW SCAN >>>
2026-09-05,02:07:31 GMT,V6.2 DIAG | 9 0 3 -0.09999999999999998 0 0.10000000000000003 0 0.4 -0.4 0.1 4 4 1 0 0 0 1 0
2026-09-05,02:07:30 GMT,V6.2 BLOCK - final pressure/veto/active/timing gate failed or signal already used
2026-09-05,02:07:30 GMT,SENTINEL V6 MULTI-WINDOW SCAN >>>
2026-09-05,02:07:30 GMT,V6.2 DIAG | 1 0 5 -0.15000000000000002 0 0.15000000000000002 0 0.15000000000000002 0.4 -0.4 5 3 1 1 0 0 1 0
2026-09-05,02:07:30 GMT,V6.2 BLOCK - final pressure/veto/active/timing gate failed or signal already used
2026-09-05,02:07:30 GMT,SENTINEL V6 MULTI-WINDOW SCAN >>>
2026-09-05,02:07:30 GMT,V6.2 DIAG | 2 0 4 -0.30000000000000004 -0.028571428571428574 0.3 0.06666666666666668 0.15000000000000002 0.15000000000000002 0.4 5 3 1 1 0 0 1 0
2026-09-05,02:07:28 GMT,V6.2 BLOCK - final pressure/veto/active/timing gate failed or signal already used
2026-09-05,02:07:28 GMT,SENTINEL V6 MULTI-WINDOW SCAN >>>
2026-09-05,02:07:28 GMT,V6.2 DIAG | 3 0 2 -0.30000000000000004 -0.028571428571428574 0.3 0.06666666666666668 0.15000000000000002 0.15000000000000002 0.4 4 4 1 1 0 0 1 0
2026-09-05,02:07:28 GMT,V6.2 BLOCK - final pressure/veto/active/timing gate failed or signal already used
2026-09-05,02:07:28 GMT,SENTINEL V6 MULTI-WINDOW SCAN >>>
2026-09-05,02:07:28 GMT,V6.2 DIAG | 7 0 1 -0.30000000000000004 -0.028571428571428574 0.3 0.06666666666666668 0.15000000000000002 0.15000000000000002 0.4 3 5 2 1 0 0 1 0
2026-09-05,02:07:24 GMT,V6.2 BLOCK - final pressure/veto/active/timing gate failed or signal already used
2026-09-05,02:07:24 GMT,SENTINEL V6 MULTI-WINDOW SCAN >>>
2026-09-05,02:07:24 GMT,V6.2 DIAG | 8 0 2 -0.15000000000000002 0 0.15000000000000002 0 -0.4 0.15000000000000002 0.4 4 4 2 1 0 0 1 0
2026-09-05,02:07:24 GMT,V6.2 BLOCK - final pressure/veto/active/timing gate failed or signal already used
2026-09-05,02:07:24 GMT,SENTINEL V6 MULTI-WINDOW SCAN >>>
2026-09-05,02:07:24 GMT,V6.2 DIAG | 9 0 5 -0.050000000000000044 -0.028571428571428567 0.04999999999999999 0.06666666666666667 0.4 -0.35000000000000003 0.4 5 3 1 1 0 0 1 0
2026-09-05,02:07:22 GMT,V6.2 BLOCK - final pressure/veto/active/timing gate failed or signal already used
2026-09-05,02:07:22 GMT,SENTINEL V6 MULTI-WINDOW SCAN >>>
2026-09-05,02:07:22 GMT,V6.2 DIAG | 4 0 7 0.050000000000000044 -0.057142857142857134 -0.04999999999999999 0.13333333333333333 0.4 0.45 -0.1 6 2 1 1 0 0 1 0
2026-09-05,02:07:22 GMT,V6.2 BLOCK - final pressure/veto/active/timing gate failed or signal already used
2026-09-05,02:07:22 GMT,SENTINEL V6 MULTI-WINDOW SCAN >>>
2026-09-05,02:07:22 GMT,V6.2 DIAG | 2 0 7 0.050000000000000044 -0.057142857142857134 -0.04999999999999999 0.13333333333333333 0.4 0.45 -0.1 6 2 1 1 0 0 1 0
2026-09-05,02:07:20 GMT,V6.2 BLOCK - final pressure/veto/active/timing gate failed or signal already used
2026-09-05,02:07:20 GMT,SENTINEL V6 MULTI-WINDOW SCAN >>>
2026-09-05,02:07:20 GMT,V6.2 DIAG | 4 0 7 0.050000000000000044 -0.057142857142857134 -0.04999999999999999 0.13333333333333333 0.4 0.45 -0.1 6 2 1 1 0 0 1 0
2026-09-05,02:07:20 GMT,V6.2 BLOCK - final pressure/veto/active/timing gate failed or signal already used
2026-09-05,02:07:20 GMT,SENTINEL V6 MULTI-WINDOW SCAN >>>
2026-09-05,02:07:20 GMT,V6.2 DIAG | 7 0 5 -0.10000000000000009 -0.028571428571428567 0.09999999999999998 0.06666666666666667 0.15000000000000002 0.45 -0.1 6 2 1 1 0 0 1 0
2026-09-05,02:07:19 GMT,V6.2 BLOCK - final pressure/veto/active/timing gate failed or signal already used
2026-09-05,02:07:19 GMT,SENTINEL V6 MULTI-WINDOW SCAN >>>
2026-09-05,02:07:19 GMT,V6.2 DIAG | 8 0 6 0 0 0 0 -0.35000000000000003 0.45 -0.1 7 1 1 1 0 0 1 0
2026-09-05,02:07:19 GMT,V6.2 BLOCK - final pressure/veto/active/timing gate failed or signal already used
2026-09-05,02:07:19 GMT,SENTINEL V6 MULTI-WINDOW SCAN >>>
2026-09-05,02:07:19 GMT,V6.2 DIAG | 2 1 12 0.09999999999999998 0.028571428571428567 -0.1 -0.06666666666666667 -0.35000000000000003 -0.05 -0.1 7 1 0 0 1 0 1 0
2026-09-05,02:07:18 GMT,V6.2 BLOCK - final pressure/veto/active/timing gate failed or signal already used
2026-09-05,02:07:18 GMT,SENTINEL V6 MULTI-WINDOW SCAN >>>
2026-09-05,02:07:18 GMT,V6.2 DIAG | 2 0 12 0.15000000000000002 0.028571428571428567 -0.15 -0.06666666666666667 -0.4 -0.05 -0.1 7 1 0 0 1 0 1 1
2026-09-05,02:07:13 GMT,V6.2 BLOCK - final pressure/veto/active/timing gate failed or signal already used
2026-09-05,02:07:13 GMT,SENTINEL V6 MULTI-WINDOW SCAN >>>
2026-09-05,02:07:13 GMT,V6.2 DIAG | 1 0 12 0.15000000000000002 0.028571428571428567 -0.15 -0.06666666666666667 -0.4 -0.05 -0.1 7 1 0 0 1 0 1 0
2026-09-05,02:07:11 GMT,V6.2 BLOCK - final pressure/veto/active/timing gate failed or signal already used
2026-09-05,02:07:11 GMT,SENTINEL V6 MULTI-WINDOW SCAN >>>
2026-09-05,02:07:11 GMT,V6.2 DIAG | 4 0 6 0 0 0 0 0.4 -0.05 -0.35000000000000003 7 1 0 0 0 0 1 0
2026-09-05,02:07:11 GMT,V6.2 BLOCK - final pressure/veto/active/timing gate failed or signal already used
2026-09-05,02:07:11 GMT,SENTINEL V6 MULTI-WINDOW SCAN >>>
2026-09-05,02:07:11 GMT,V6.2 DIAG | 2 0 8 0.050000000000000044 0 -0.04999999999999999 0 0.35000000000000003 -0.05 -0.35000000000000003 7 1 0 1 0 0 1 0
2026-09-05,02:07:10 GMT,V6.2 BLOCK - final pressure/veto/active/timing gate failed or signal already used
2026-09-05,02:07:10 GMT,SENTINEL V6 MULTI-WINDOW SCAN >>>
2026-09-05,02:07:10 GMT,V6.2 DIAG | 1 0 9 -0.10000000000000009 0.028571428571428567 0.09999999999999998 -0.06666666666666667 0.35000000000000003 -0.30000000000000004 -0.35000000000000003 6 2 0 0 0 0 1 0
2026-09-05,02:07:10 GMT,V6.2 BLOCK - final pressure/veto/active/timing gate failed or signal already used
2026-09-05,02:07:10 GMT,SENTINEL V6 MULTI-WINDOW SCAN >>>
2026-09-05,02:07:10 GMT,V6.2 DIAG | 4 0 9 -0.050000000000000044 0.028571428571428567 0.04999999999999999 -0.06666666666666667 0.35000000000000003 -0.30000000000000004 -0.4 6 2 0 1 0 0 1 0
2026-09-05,02:07:09 GMT,V6.2 BLOCK - final pressure/veto/active/timing gate failed or signal already used
2026-09-05,02:07:09 GMT,SENTINEL V6 MULTI-WINDOW SCAN >>>
2026-09-05,02:07:09 GMT,V6.2 DIAG | 7 0 9 -0.20000000000000007 0.05714285714285714 0.2 -0.13333333333333336 0.35000000000000003 -0.30000000000000004 -0.65 5 3 1 1 0 0 1 0
2026-09-05,02:07:09 GMT,V6.2 BLOCK - final pressure/veto/active/timing gate failed or signal already used
2026-09-05,02:07:09 GMT,SENTINEL V6 MULTI-WINDOW SCAN >>>
2026-09-05,02:07:09 GMT,V6.2 DIAG | 4 0 9 -0.10000000000000009 0.028571428571428567 0.09999999999999998 -0.06666666666666667 -0.15 -0.30000000000000004 0.15000000000000002 6 2 1 0 0 0 1 0
2026-09-05,02:07:08 GMT,V6.2 BLOCK - final pressure/veto/active/timing gate failed or signal already used
2026-09-05,02:07:08 GMT,SENTINEL V6 MULTI-WINDOW SCAN >>>
2026-09-05,02:07:08 GMT,V6.2 DIAG | 3 0 9 -0.050000000000000044 0.028571428571428567 0.04999999999999999 -0.06666666666666667 -0.2 -0.30000000000000004 0.15000000000000002 5 3 1 0 0 0 1 0
2026-09-05,02:07:08 GMT,V6.2 BLOCK - final pressure/veto/active/timing gate failed or signal already used
2026-09-05,02:07:08 GMT,SENTINEL V6 MULTI-WINDOW SCAN >>>
2026-09-05,02:07:08 GMT,V6.2 DIAG | 1 0 5 -0.050000000000000044 -0.028571428571428567 0.04999999999999999 0.06666666666666667 -0.2 0.5 0.15000000000000002 5 3 1 1 0 0 1 0
2026-09-05,02:07:07 GMT,V6.2 BLOCK - final pressure/veto/active/timing gate failed or signal already used
2026-09-05,02:07:07 GMT,SENTINEL V6 MULTI-WINDOW SCAN >>>
2026-09-05,02:07:07 GMT,V6.2 DIAG | 4 0 5 -0.050000000000000044 -0.028571428571428567 0.04999999999999999 0.06666666666666667 -0.2 0.5 0.15000000000000002 5 3 1 1 0 0 1 0
2026-09-05,02:07:07 GMT,Loss amount: -3
2026-09-05,02:07:07 GMT,V6.2 DIAG | 9 0 5 -0.050000000000000044 -0.08571428571428572 0.04999999999999999 0.2 -0.2 0.5 0.9500000000000001 5 3 1 1 0 0 0 1
2026-09-05,02:07:02 GMT,V6.2 DIAG | 0 0 5 -0.10000000000000009 -0.028571428571428567 0.09999999999999998 0.06666666666666667 -0.45 0.5 0.45 6 2 1 1 0 0 0 1
2026-09-05,02:07:01 GMT,V6.2 DIAG | 8 0 5 -0.050000000000000044 -0.028571428571428567 0.04999999999999999 0.06666666666666667 -0.45 0.45 0.45 6 2 1 1 0 0 0 1
2026-09-05,02:07:00 GMT,Bought: (ID: 22519009779)
2026-09-05,02:06:59 GMT,SENTINEL V6 MULTI-WINDOW SCAN >>>
2026-09-05,02:06:59 GMT,V6.2 DIAG | 2 1 12 0.15000000000000002 0.028571428571428567 -0.15 -0.06666666666666667 -0.45 -0.05 -0.05 7 1 0 0 1 1 0 1
2026-09-05,02:06:59 GMT,V6.2 BLOCK - final pressure/veto/active/timing gate failed or signal already used
2026-09-05,02:06:59 GMT,SENTINEL V6 MULTI-WINDOW SCAN >>>
2026-09-05,02:06:59 GMT,V6.2 DIAG | 6 0 8 0.20000000000000007 -0.028571428571428567 -0.19999999999999998 0.06666666666666667 0.35000000000000003 -0.05 -0.1 7 1 0 0 0 0 0 1
2026-09-05,02:06:59 GMT,V6.2 BLOCK - final pressure/veto/active/timing gate failed or signal already used
2026-09-05,02:06:59 GMT,SENTINEL V6 MULTI-WINDOW SCAN >>>
2026-09-05,02:06:59 GMT,V6.2 DIAG | 6 0 8 0.20000000000000007 -0.028571428571428567 -0.19999999999999998 0.06666666666666667 0.35000000000000003 -0.05 -0.1 7 1 0 0 0 0 0 1
2026-09-05,02:06:59 GMT,V6.2 BLOCK - final pressure/veto/active/timing gate failed or signal already used
2026-09-05,02:06:59 GMT,SENTINEL V6 MULTI-WINDOW SCAN >>>
2026-09-05,02:06:59 GMT,V6.2 DIAG | 1 0 8 0.20000000000000007 -0.028571428571428567 -0.19999999999999998 0.06666666666666667 0.35000000000000003 -0.05 -0.1 7 1 0 0 0 0 0 1
2026-09-05,02:06:58 GMT,V6.2 BLOCK - final pressure/veto/active/timing gate failed or signal already used
2026-09-05,02:06:58 GMT,SENTINEL V6 MULTI-WINDOW SCAN >>>
2026-09-05,02:06:58 GMT,V6.2 DIAG | 3 0 8 0.050000000000000044 0 -0.04999999999999999 0 0.1 -0.05 -0.1 7 1 0 0 0 0 0 1
2026-09-05,02:06:54 GMT,V6.2 BLOCK - final pressure/veto/active/timing gate failed or signal already used
2026-09-05,02:06:54 GMT,SENTINEL V6 MULTI-WINDOW SCAN >>>
2026-09-05,02:06:54 GMT,V6.2 DIAG | 7 0 8 0.050000000000000044 0 -0.04999999999999999 0 0.1 -0.05 -0.1 7 1 0 1 0 0 0 1
2026-09-05,02:06:53 GMT,V6.2 BLOCK - final pressure/veto/active/timing gate failed or signal already used
2026-09-05,02:06:53 GMT,SENTINEL V6 MULTI-WINDOW SCAN >>>
2026-09-05,02:06:53 GMT,V6.2 DIAG | 5 1 12 0.15000000000000002 0.028571428571428567 -0.15 -0.06666666666666667 -0.4 -0.05 -0.1 7 1 0 0 0 0 0 1
2026-09-05,02:06:53 GMT,V6.2 BLOCK - final pressure/veto/active/timing gate failed or signal already used
2026-09-05,02:06:53 GMT,SENTINEL V6 MULTI-WINDOW SCAN >>>
2026-09-05,02:06:53 GMT,V6.2 DIAG | 3 1 10 0 0.057142857142857134 0 -0.13333333333333333 -0.65 -0.05 -0.1 7 1 0 0 0 0 0 1
2026-09-05,02:06:53 GMT,V6.2 BLOCK - final pressure/veto/active/timing gate failed or signal already used
2026-09-05,02:06:53 GMT,SENTINEL V6 MULTI-WINDOW SCAN >>>
2026-09-05,02:06:53 GMT,V6.2 DIAG | 4 1 10 0 0.057142857142857134 0 -0.13333333333333333 -0.65 -0.05 -0.1 7 1 0 0 0 0 0 1
2026-09-05,02:06:53 GMT,V6.2 BLOCK - final pressure/veto/active/timing gate failed or signal already used
2026-09-05,02:06:53 GMT,SENTINEL V6 MULTI-WINDOW SCAN >>>
2026-09-05,02:06:53 GMT,V6.2 DIAG | 2 1 9 -0.15000000000000002 0.028571428571428567 0.15 -0.06666666666666667 0.15000000000000002 -0.05 -0.35000000000000003 6 2 0 0 0 0 0 1
2026-09-05,02:06:52 GMT,V6.2 BLOCK - final pressure/veto/active/timing gate failed or signal already used
2026-09-05,02:06:52 GMT,SENTINEL V6 MULTI-WINDOW SCAN >>>
2026-09-05,02:06:52 GMT,V6.2 DIAG | 2 1 9 -0.15000000000000002 0.028571428571428567 0.15 -0.06666666666666667 0.15000000000000002 -0.05 -0.35000000000000003 6 2 0 0 0 0 0 1
2026-09-05,02:06:52 GMT,V6.2 DIAG | 3 1 9 -0.15000000000000002 0.028571428571428567 0.15 -0.06666666666666667 0.15000000000000002 -0.05 -0.35000000000000003 5 3 0 0 0 0 0 1